,"Время, с","Время, ч","Температура, °C","Объёмная доля, %","Средний радиус, нм","Плотность частиц, 1/м³","Скорость зарождения, 1/(м³·с)","Движущая сила, Дж/м³","Движущая сила, Дж/моль","Критический радиус, нм","Радиус зародыша, нм"
0,0,0,700,0,0,0,0,1271864425.5026383,9017.5187768137057,0.47174839390832168,0
1,0.01001,2.7805555555555557e-06,700,0,0,0,2.3982310064658514e+24,1271864425.4946964,9017.5187767573971,0.47174839391126749,0.53144628215105794
2,0.34160827436287167,9.4891187323019912e-05,700,0.086558635000435841,0.65833333333333344,7.2424291292891734e+23,3.0554836704540751e+24,1269194014.372673,8998.5855619022514,0.47274096253641967,0.53243885077621012
3,0.34528426720298167,9.591229644527268e-05,700,0.15129885506437243,0.76028595686721456,7.3433977430288874e+23,2.8551041814789724e+24,1267137513.6129537,8984.0049715158402,0.47350819745619938,0.53320608569598982
4,0.34727635800435519,9.646565500120977e-05,700,0.2383188007230671,0.85675826878321504,7.3950973078646757e+23,2.5975308039120338e+24,1264290318.2436812,8963.8183563476996,0.47457454300014273,0.53427243123993307
5,0.34868189840463309,9.6856082890175866e-05,700,0.31964655050346358,0.92942374793169569,7.4284697470706605e+23,2.3693288352591408e+24,1261539976.1719129,8944.3184310588622,0.475609185069722,0.53530707330951233
6,0.34983542535557,9.7176507043213886e-05,700,0.39704786211346804,0.98935892045827123,7.4535034071214044e+23,2.1634478795555559e+24,1258838835.0890057,8925.1673407810486,0.47662971881351057,0.53632760705330096
7,0.35084185711876331,9.7456071421878702e-05,700,0.47082375634916568,1.0410533493773835,7.4734640715423171e+23,1.9774840539734008e+24,1256185267.936254,8906.3535496680415,0.47763655195998322,0.53733444019977361
8,0.35174951062920784,9.770819739700218e-05,700,0.54174391235641173,1.0870161544269517,7.4899181498812637e+23,1.8081505472305903e+24,1253558928.2515812,8887.7328013037113,0.47863725149072833,0.53833513973051872
9,0.35258501526530739,9.7940282018140937e-05,700,0.61049080637664466,1.1287401321379511,7.5037582839195096e+23,1.6527869694780593e+24,1250939730.1334479,8869.1626866461447,0.47963941471104532,0.53933730295083571
10,0.35336485163619646,9.81569032322768e-05,700,0.67756636483035637,1.1671747517035815,7.5155530373262861e+23,1.5094689923197698e+24,1248311995.198348,8850.5320459562863,0.48064907035092952,0.54034695859071991
11,0.35410006619699691,9.8361129499165815e-05,700,0.74332242175805263,1.202961907270105,7.5256936572331581e+23,1.376818355597771e+24,1245664129.3901689,8831.758677376296,0.48167076970719042,0.54136865794698086
12,0.35479850064325852,9.855513906757181e-05,700,0.80800813593853893,1.2365584068305833,7.5344649606279394e+23,1.2538144219663956e+24,1242987396.6803844,8812.7806424639239,0.48270803195785017,0.54240592019764056
13,0.35546596631366367,9.874054619823991e-05,700,0.87180517823787895,1.2683029298021942,7.5420832437337869e+23,1.1396668726915087e+24,1240274921.904465,8793.5491963026561,0.48376371190242956,0.54346160014222
14,0.35610691608999873,9.891858780277743e-05,700,0.93485018819323484,1.2984548383793912,7.5487182181222782e+23,1.0337369505879985e+24,1237521035.2296371,8774.0241397781265,0.48484024345385179,0.54453813169364218
15,0.35672485429246498,9.9090237303462499e-05,700,0.99724878912986625,1.3272179703568536,7.5545065209087572e+23,9.3548872066213378e+23,1234720857.9934003,8754.1708831732085,0.48593979450147673,0.54563768274126712
16,0.35732259979544473,9.9256277720956868e-05,700,1.0590845298618279,1.3547559512204246,7.5595604624147127e+23,8.4445803959152621e+23,1231870036.9469151,8733.9585619536283,0.48706436718523394,0.54676225542502432
17,0.35790246203391041,9.9417350564975107e-05,700,1.1204247854180962,1.3812024573124622,7.5639739259425975e+23,7.6023210053912357e+23,1228964566.8681288,8713.3587790950332,0.48821586575846465,0.54791375399825504
18,0.35846636282298738,9.957398967305205e-05,700,1.1813247823930533,1.4066683322912237,7.5678264835975474e+23,6.8243555117592863e+23,1226000667.452899,8692.3447322410539,0.48939614465833975,0.54909403289813008
19,0.35901592312725816,9.9726645313127262e-05,700,1.2418304267479738,1.4312466648235997,7.5711863507610817e+23,6.1072085331129567e+23,1222974694.5417848,8670.8905843012544,0.49060704418320245,0.55030493242299283
20,0.35955252639814655,9.9875701777262931e-05,700,1.3019803412658804,1.4550165010695006,7.5741125593599245e+23,5.4476147464645694e+23,1219883073.6508374,8648.9709921844369,0.49185041825716469,0.55154830649695508
21,0.3600773657984091,0.00010002149049955808,700,1.3618073661053915,1.4780456168015059,7.5766565909788598e+23,4.8424702499257146e+23,1216722248.00913,8626.5607383847309,0.4931281572123416,0.55282604545213199
22,0.36059148007309932,0.00010016430002030536,700,1.4213396852525364,1.5003926257228615,7.5788636273681714e+23,4.2887977915818452e+23,1213488636.8060141,8603.6344349546398,0.4944422072045449,0.55414009544433529
23,0.3610957812479062,0.00010030438367997395,700,1.4806016864689904,1.5221086090419365,7.58077352432684e+23,3.7837219253451985e+23,1210178599.7149889,8580.1662719792712,0.49579458779167546,0.5554924760314659
24,0.36159107633346993,0.0001004419656481861,700,1.539614627629698,1.5432383931579177,7.5824215818709782e+23,3.3244516204792556e+23,1206788406.0346799,8556.1297987858798,0.49718740833076719,0.55688529657055752
25,0.36207808455960716,0.00010057724571100198,700,1.598397159933727,1.5638215642832469,7.5838391620223681e+23,2.9082684831775887e+23,1203314206.872226,8531.4977267240811,0.49862288384309839,0.55832077208288877
26,0.36255745122616484,0.00010071040311837912,700,1.6569654641624614,1.5838961367851458,7.5850308072564705e+23,2.5325209152878159e+23,1199752025.8918045,8506.2418635728936,0.50010334390059108,0.55980123214038147
27,0.36302975908780644,0.00010084159974661289,700,1.7153298557727892,1.6035332612021511,7.5856984125300708e+23,2.1946395580046797e+23,1196097973.3559783,8480.334631093885,0.50163114842217882,0.56132903666196921
28,0.3634955394355841,0.00010097098317655114,700,1.7735032486607845,1.6227566408644079,7.5859101151682693e+23,1.8920840745384109e+23,1192347722.7447829,8453.7453542605108,0.50320891175839266,0.56290679999818305
29,0.36395527781480069,0.00010109868828188908,700,1.8314975322224345,1.6415880810197374,7.5857258101096358e+23,1.6223732332288636e+23,1188496706.1699991,8426.4416467452938,0.50483943025263855,0.56453731849242894
30,0.36440942019132683,0.00010122483894203523,700,1.8893234084572668,1.6600472972398825,7.5851982696164637e+23,1.3830891426513089e+23,1184540107.86112,8398.3893647353398,0.5065256938267777,0.56622358206656809
31,0.36485837837869806,0.00010134954954963835,700,1.9469905417297735,1.6781521946219295,7.5843740570887238e+23,1.1718804356790551e+23,1180472836.0849528,8369.552407842315,0.50827090777446826,0.56796879601425865
32,0.3653025346657891,0.00010147292629605252,700,2.0045076840993645,1.6959191023912357,7.5832942972038121e+23,9.8646632882271399e+22,1176289492.3351972,8339.8925006565478,0.51007851715895713,0.56977640539874752
33,0.36574224579826153,0.00010159506827729487,700,2.0618827808148636,1.7133629720583754,7.5819953300825067e+23,8.2464137173044086e+22,1171984338.4714711,8309.368959762729,0.51195223374958565,0.57165012198937604
34,0.36617784643505635,0.00010171606845418232,700,2.1191230594712325,1.7304975455227596,7.5805092711455426e+23,6.8428060712703715e+22,1167551260.5441782,8277.9384372582226,0.51389606630234708,0.57359395454213746
35,0.36660965217780755,0.00010183601449383543,700,2.1762351056483062,1.7473354982189389,7.5788644937826603e+23,5.6334493724951343e+22,1162983728.6137738,8245.5546358716565,0.5159143548080195,0.57561224304780989
36,0.36703796225302465,0.00010195498951472907,700,2.2332249272483686,1.7638885613873747,7.5770860483887536e+23,4.5988652399650111e+22,1158274752.6262281,8212.167996119957,0.51801180906307664,0.57770969730286703
37,0.36746306191251188,0.00010207307275347552,700,2.2900980092811607,1.7801676267586495,7.5751960286217352e+23,3.7205401489252796e+22,1153416832.9915361,8177.7253459099911,0.5201935526151652,0.57989144085495559
38,0.36788522460725909,0.00010219034016868308,700,2.3468593604799883,1.7961828363318184,7.5732138935382563e+23,2.9809742597453406e+22,1148401904.884135,8142.1695056285171,0.52246517307939799,0.58216306131918838
39,0.3683047139819296,0.00010230686499498045,700,2.4035135528964235,1.8119436594558516,7.5711567525974337e+23,2.3637253054483243e+22,1143221275.9249866,8105.438846308155,0.52483277965111053,0.58453066789090091
40,0.36872178573069087,0.00010242271825852524,700,2.4600647553127639,1.827458959021699,7.5690396191499447e+23,1.8534458458693163e+22,1137865555.1064146,8067.4667857044788,0.52730306960024576,0.58700095784003614
41,0.36913668935122379,0.00010253796926422883,700,2.5165167611627526,1.8427370482810215,7.5668756369319178e+23,1.4359126299282711e+22,1132324572.5171328,8028.1812191464705,0.52988340495535935,0.58958129319514974
42,0.369549669830262,0.00010265268606396167,700,2.5728730114739542,1.8577857395524005,7.5646762832475263e+23,1.0980466954054226e+22,1126587287.4529254,7987.5038680412417,0.53258190171533515,0.59227978995512554
43,0.36996096929270433,0.0001027669359146401,700,2.6291366131684257,1.872612385871512,7.5624515517653699e+23,8.2792314385753147e+21,1120641682.7115304,7945.3495304247499,0.53540753414438957,0.59510542238417996
44,0.37037082864588283,0.00010288078573496745,700,2.6853103529720439,1.8872239164829203,7.5602101173120315e+23,6.1476976696733204e+21,1114474643.6774333,7901.6252236730006,0.53837025669797145,0.59806814493776184
45,0.37077948925071541,0.00010299430256964317,700,2.7413967069742746,1.901626866908255,7.5579594845792316e+23,4.4895380323113595e+21,1108071817.6382113,7856.229187054917,0.54148114810722658,0.60117903634701697
46,0.37118719465419114,0.00010310755407060865,700,2.7973978458132365,1.9158274042208587,7.5557061222684271e+23,3.2195655389998445e+21,1101417450.9054904,7809.0497269199259,0.5447525817815323,0.60445047002132268
47,0.37159419242034591,0.00010322060900565164,700,2.8533156352680633,1.9298313480288196,7.5534555839201535e+23,2.2633580641321398e+21,1094494198.2513475,7759.9638656020534,0.54819842897167348,0.60789631721146387
48,0.37200073610238321,0.00010333353780621756,700,2.9091516318506114,1.9436441875601287,7.5512126164049816e+23,1.5567643867816552e+21,1087282899.5571673,7708.8357578603163,0.55183430204261485,0.61153219028240524
49,0.37240708740543549,0.00010344641316817652,700,2.9649070728286557,1.9572710951433436,7.5489812569025686e+23,1.0452994165967825e+21,1079762316.0900228,7655.5148210782609,0.55567784785515362,0.615375736094944
50,0.37281351859942541,0.00010355931072206261,700,3.0205828598346414,1.9707169362601336,7.5467649190324048e+23,6.8344025528755644e+20,1071908818.0713639,7599.8335201259697,0.55974910354740082,0.6194469917871912
51,0.37322031525435245,0.00010367230979287568,700,3.0761795348062098,1.9839862762016527,7.5445664686926953e+23,4.3383868615934548e+20,1063696011.1272715,7541.6047188923549,0.56407093166038946,0.62376881990017985
52,0.37362777938867647,0.00010378549427463236,700,3.1316972467028372,1.9970833832432093,7.5423882901013047e+23,2.6646970492525226e+20,1055094288.3519046,7480.6185044150034,0.56866955553064524,0.62836744377043563
53,0.37403623314476031,0.00010389895365132231,700,3.1871357067115738,2.0100122280367718,7.5402323424702164e+23,1.577388957839784e+20,1046070288.2249695,7416.6383435150337,0.5735752241067027,0.63327311234649308
54,0.37444602313845765,0.00010401278420512713,700,3.2424941289017015,2.0227764787051035,7.5381002076956247e+23,8.9574076874885431e+19,1036586234.0027559,7349.3963990795392,0.5788230446425211,0.63852093288231149
55,0.37485752567457359,0.00010412709046515933,700,3.297771152206721,2.0353794908279799,7.5359931294129319e+23,4.8527993392893813e+19,1026599123.7456024,7278.5877873563204,0.58445403480461544,0.64415192304440583
56,0.3752711530809591,0.00010424198696693309,700,3.3529647377838518,2.047824291054158,7.5339120436859536e+23,2.4918734210734924e+19,1016059726.5443161,7203.8634611992002,0.59051646701974714,0.65021435525953752
57,0.37566991416890066,0.00010435275393580575,700,3.4057803711322499,2.0596081228133194,7.531941866896091e+23,1.2419612468692845e+19,1005388264.3079804,7128.2027939435802,0.59678436808986068,0.65648225632965107
58,0.37604559812785621,0.00010445711059107116,700,3.4551434706669375,2.0705145650249648,7.5301193910198504e+23,6.103922719161004e+18,994841438.52129424,7053.4257991159757,0.60311118613215786,0.66280907437194825
59,0.37639996633087375,0.00010455554620302048,700,3.5013124792103265,2.0806229650543449,7.5284316927795439e+23,2.9586890211056492e+18,984423684.51281571,6979.563923195863,0.60949366562318719,0.66919155386297757
60,0.37673482589062607,0.00010464856274739613,700,3.5445519961289715,2.0900100110896886,7.5268659853740047e+23,1.413968869345557e+18,974132156.39066339,6906.5969888098025,0.61593285476080473,0.67563074300059511
61,0.37705178315990412,0.0001047366064333067,700,3.585099573448205,2.0987431147961724,7.5254108485389605e+23,6.6601701367659942e+17,963964027.15554476,6834.5049525328122,0.62242986573936154,0.68212775397915193
62,0.3773522665611912,0.00010482007404477533,700,3.6231684076004744,2.1068816387730802,7.5240561072388976e+23,3.0909351422960934e+17,953916667.14251077,6763.2691700404011,0.62898576014749807,0.68868364838728846
63,0.37763755157567813,0.00010489931988213281,700,3.6589504330552658,2.1144780802307204,7.5227926877559265e+23,1.4128854738448138e+17,943987622.95305085,6692.8722467371299,0.63560155388800155,0.69529944212779193
64,0.37790878163322539,0.00010497466156478483,700,3.6926189592255665,2.1215790515246415,7.521612487890991e+23,63590009159411248,934174594.69950378,6623.2978764194813,0.64227822443940696,0.70197611267919735
65,0.37816698554595535,0.00010504638487387649,700,3.7243309108541514,2.1282260938115516,7.5205082619280511e+23,28169988947195972,924475415.65937781,6554.5306970249876,0.64901671784538773,0.70871460608517811
66,0.37841309211699437,0.00010511474781027621,700,3.7542287378207555,2.1344563557469702,7.5194735194788005e+23,12278626551631212,914888037.80336845,6486.5561880258811,0.65581795280719857,0.71551584104698895
67,0.37864794252265277,0.00010517998403407022,700,3.7824420597749082,2.1403031647398145,7.5185024365746927e+23,5264121397061343,905410516.82953978,6419.3605643214369,0.66268282601908524,0.72238071425887562
68,0.37887230079920209,0.00010524230577755614,700,3.8090890808843128,2.1457965087890489,7.5175897779895245e+23,2219017498188743.5,896041001.99397528,6352.930704137284,0.66961221491517664,0.72931010315496703
69,0.37908686283197868,0.0001053019063422163,700,3.8342778197200666,2.1509634465668506,7.5167308291790946e+23,919385928108864.38,886777724.60436356,6287.2540674449374,0.67660698205707681,0.7363048702968672
70,0.37929226403417682,0.00010535896223171578,700,3.8581071751663227,2.1558284565933628,7.5159213369257378e+23,374264498863363.62,877618992.27306879,6222.3186552160578,0.68366797583308403,0.74336586407287442
71,0.37948908602827403,0.00010541363500785389,700,3.8806678646295785,2.1604137381150124,7.5151574571842315e+23,149638018733820.5,868563178.35120642,6158.1129345100535,0.69079603528551603,0.75049392352530642
72,0.37967786236382767,0.00010546607287884102,700,3.9020432387180488,2.1647394686547878,7.5144357097031359e+23,58738687472852.117,859608719.66439426,6094.6258224205549,0.69799198899965798,0.75768987723944836
73,0.37985908357415854,0.00010551641210393293,700,3.9223100077279667,2.1688240287195346,7.5137529379339505e+23,22628679622442.586,850754107.23921573,6031.8466203260386,0.70525665982038155,0.76495454806017193
74,0.38003320151586478,0.00010556477819885133,700,3.9415388743376134,2.1726841951799059,7.5131062741432669e+23,8552200201509.3525,841997883.92330182,5969.7649970162092,0.71259086448565756,0.77228875272544795
75,0.38020063321921488,0.00010561128700533747,700,3.9597950993227471,2.1763353108961012,7.5124931085737775e+23,3169628313337.7993,833338640.52744138,5908.3709613395595,0.71999541461349326,0.77969330285328364
76,0.38036176428075502,0.00010565604563354307,700,3.9771390045420421,2.1797914331766228,7.5119110622824548e+23,1151531252005.3359,824775008.82644594,5847.6548125795007,0.7274711207044533,0.78716900894424369
77,0.38051695179622064,0.00010569915327672796,700,3.9936264144105484,2.183065462762539,7.5113579634150778e+23,409922931305.41095,816305663.96386695,5787.6071575038168,0.73501878828879286,0.79471667652858324
78,0.38066652705842396,0.00010574070196067332,700,4.0093090609496116,2.186169259509831,7.5108318258865664e+23,142924505302.08554,807929316.01900744,5728.2188505747617,0.74263922363461343,0.80233711187440382
79,0.38081079785529248,0.00010578077718202569,700,4.0242349359818776,2.1891137424725136,7.5103308308734568e+23,48787087525.960587,799644710.79424345,5669.4809995311862,0.75033323162239474,0.81003111986218512
80,0.38095005057344633,0.00010581945849262398,700,4.0384486132085025,2.1919089797091331,7.5098533102063213e+23,16297055846.216578,791450626.1785419,5611.3849396058613,0.75810161765498063,0.81779950589477102
81,0.38108455205365893,0.00010585682001490526,700,4.0519915354738503,2.1945642675458568,7.5093977317100493e+23,5325108301.5148363,783345871.01172471,5553.9222254731285,0.76594518743690354,0.82564307567669393
82,0.3812145512664678,0.00010589293090735216,700,4.0649022750965464,2.1970882014098709,7.5089626861177906e+23,1701250299.4534369,775329282.60837305,5497.0846136933651,0.77386474812543127,0.83356263636522165
83,0.38134028080543803,0.00010592785577928834,700,4.0772167678093263,2.1994887388081357,7.5085468754492101e+23,531166070.68986762,767399725.33937597,5440.8640526561758,0.78186110860888713,0.84155899684867752
84,0.38146195823382362,0.00010596165506495101,700,4.0889685247930077,2.201773255725743,7.5081491026322696e+23,161999206.69582301,759556087.90377235,5385.2526632377458,0.78993508123393985,0.84963296947373024
85,0.38157978727965791,0.00010599438535546053,700,4.1001888229936911,2.203948596816423,7.5077682622871331e+23,48240343.06008707,751797285.27393067,5330.2427525921685,0.79808747883597286,0.85778536707576325
86,0.38169177025425727,0.00010602549173729368,700,4.110704367098891,2.2059820671221582,7.5074102498277254e+23,14361022.816300388,744269767.03464496,5276.8726482756329,0.80615930751903109,0.86585719575882147
87,0.38179817243138403,0.00010605504789760667,700,4.12055886684933,2.2078830221303587,7.5070736338820425e+23,4283403.8860438485,736975262.23470449,5225.1546092440549,0.81413858883219614,0.87383647707198653
88,0.38189943139327831,0.00010608317538702175,700,4.1298093593830973,2.2096623563437947,7.50675634630291e+23,1280104.8829278625,729902450.27530456,5175.0083724519091,0.82202765557738855,0.88172554381717894
89,0.381995952432304,0.00010610998678675112,700,4.1385081467671423,2.2113308053960354,7.5064553845054232e+23,383257.29060271842,723039625.98967147,5126.3509482667705,0.82983003757054241,0.8895279258103328
90,0.38208809571994035,0.00010613558214442788,700,4.1467017759401124,2.2128981699370929,7.506168688613029e+23,114937.8094891729,716375954.77240503,5079.1055193363509,0.83754904949402154,0.89724693773381192
91,0.38217618218388011,0.00010616005060663336,700,4.1544315406566312,2.2143731021707924,7.5058945198642669e+23,34524.217496142846,709901610.38195395,5033.2024176080531,0.84518754602793089,0.90488543426772128
92,0.38226050142079854,0.00010618347261688848,700,4.1617344348834377,2.2157633129088525,7.5056313975566619e+23,10385.744964690741,703607462.6485827,4988.5769101784517,0.85274820386558414,0.91244609210537453
93,0.38234131555629225,0.00010620592098785895,700,4.1686436994813434,2.2170756959930111,7.5053780562335844e+23,3128.754496779165,697485006.49117362,4945.1686960224206,0.86023354540395092,0.9199314336437413
94,0.38241886245975959,0.00010622746179437766,700,4.1751892806034991,2.2183164322458966,7.5051334108572586e+23,943.83247921058853,691526306.34259391,4902.9215119689898,0.86764595142205592,0.9273438396618463
95,0.38249335851601773,0.00010624815514333826,700,4.1813982230693423,2.2194910781028296,7.5048965281244862e+23,285.0885193645849,685723946.68793535,4861.7827820174616,0.8749876723687654,0.93468556060855579
96,0.38256500102398949,0.00010626805583999707,700,4.1872950092125887,2.2206046414842198,7.5046666027529109e+23,86.218356468612768,680070988.29732251,4821.7033070280158,0.88226083794899945,0.94195872618878995
97,0.38263397028498447,0.00010628721396805124,700,4.1929018521379158,2.2216616470536681,7.5044429377884639e+23,26.105405630785725,674560926.58891952,4782.636969515439,0.8894674689120301,0.94916535715182049
98,0.38270043139742077,0.00010630567538817244,700,4.1982389480529037,2.2226661921120154,7.5042249282922576e+23,7.913145291879446,669187659.25759709,4744.5405041363629,0.89660948121136219,0.95630736945115269
99,0.38276453586229464,0.00010632348218397073,700,4.2033246987191619,2.2236219955037924,7.504012047597845e+23,2.4012341892158724,663945451.56345809,4707.3732515849179,0.90368869699629784,0.96338658523608822
100,0.38282642295932873,0.00010634067304425798,700,4.2081759030292814,2.2245324395887955,7.5038038358970548e+23,0.72940156737778628,658828908.99062431,4671.0969647435259,0.91070684939925495,0.97040473763904544
101,0.38288622097373193,0.00010635728360381442,700,4.2128079259858824,2.2254006070313457,7.5035998905943388e+23,0.22178232496120817,653832949.79014027,4635.6756140120942,0.91766559056496166,0.97736347880475216
102,0.38294404826187645,0.00010637334673941013,700,4.217234845724902,2.2262293126868924,7.5033998582307998e+23,0.06749906555075437,648952783.31234789,4601.0752336845462,0.92456649455683682,0.98426438279662731
103,0.38300001421516638,0.00010638889283754622,700,4.2214695845763126,2.2270211318413149,7.5032034275868183e+23,0.020561878476890762,644183887.80091739,4567.2637645085033,0.93141106345930169,0.99110895169909219
104,0.38305422010616136,0.00010640395002948927,700,4.2255240239917535,2.2277784248774823,7.5030103238610195e+23,0.0062691157918968949,639521987.8780061,4534.2108940550634,0.93820073644513191,0.99789862468492241
105,0.38310675980600556,0.0001064185443905571,700,4.2294091036231167,2.2285033585139646,7.502820303848494e+23,0.0019129956409246502,634963044.45352995,4501.8879851755273,0.94493688292738309,1.0046347711671735
106,0.38315772050776808,0.00010643270014104669,700,4.2331349154240234,2.2291979257197672,7.5026331515354963e+23,0.00058421386667967322,630503228.86704314,4470.2678926673352,0.95162082052798569,1.0113187087677762
107,0.38320718326750236,0.00010644643979652844,700,4.2367107794929426,2.2298639618875029,7.5024486747073539e+23,0.00017855294712521203,626138915.69899046,4439.3249123058422,0.95825380751201139,1.017951695751802
108,0.38325522356944891,0.00010645978432484692,700,4.2401453175565127,2.230503160282983,7.5022667017584256e+23,5.4611901499129235e-05,621866666.5859369,4409.0346660942923,0.96483704986796381,1.0245349381077542
109,0.38330191180578294,0.00010647275327938415,700,4.2434465165415611,2.2311170854055344,7.5020870790468959e+23,1.6715550421938491e-05,617683213.50785923,4379.3739837707217,0.97137171106296505,1.0310695993027554
110,0.38334731366079777,0.00010648536490577717,700,4.2466217821312213,2.2317071842777172,7.5019096688039995e+23,5.1198421662481497e-06,613585457.93977118,4350.3208967929768,0.97785889844034624,1.0375567866801367
111,0.3834152970178763,0.00010650424917163231,700,4.2512969402237113,2.2325751702011156,7.5016375917489969e+23,8.2358701392773491e-07,607414587.14497042,4306.5694228578404,0.98779320203714371,0
112,0.38348221477413102,0.00010652283743725861,700,4.2558213714018711,2.233414466009191,7.5013631072162097e+23,1.2658602270847841e-07,601279243.64705491,4263.0698374576186,0.9978724633178826,0
113,0.38354779587465304,0.00010654105440962585,700,4.2601802120138181,2.234222450218124,7.5010873450114578e+23,1.8736971626278531e-08,595208178.44175851,4220.0259851520677,1.0080506648460146,0
114,0.38361209168776317,0.00010655891435771199,700,4.2643805506773873,2.2350005629370804,7.5008101576150013e+23,2.6692108504469182e-09,589201079.91229427,4177.4356565781663,1.0183280724626527,0
115,0.38367515568169053,0.00010657643213380292,700,4.2684293944366711,2.2357502167769892,7.5005313967794569e+23,3.6568685883235182e-10,583257238.15266204,4135.2938185023731,1.0287056220688611,0
116,0.38373703911064511,0.00010659362197517919,700,4.2723333902436496,2.236472746406053,7.5002509294894308e+23,4.8144356816303041e-11,577375949.90729964,4093.5954848427541,1.0391842613055371,0
117,0.38379779111273299,0.00010661049753131471,700,4.2760988439500762,2.2371694131705553,7.4999686360602545e+23,6.0862727466268815e-12,571556522.23456037,4052.335742643033,1.0497649430265215,0
118,0.38385745884121908,0.00010662707190033864,700,4.2797317406016946,2.2378414098508292,7.4996844082679219e+23,7.3821236251500132e-13,565798270.52304518,4011.5097380083903,1.0604486285285699,0
119,0.38391608756965057,0.00010664335765823627,700,4.2832377622684072,2.2384898648654357,7.4993981477536754e+23,8.5838609471063766e-14,560100520.36217213,3971.1126893678002,1.0712362838228182,0
120,0.38397372081150127,0.00010665936689208369,700,4.2866223060112505,2.2391158464150087,7.4991097644950476e+23,9.5608471551892939e-15,554462605.7043246,3931.139874443661,1.0821288826824127,0
121,0.38403040041626835,0.00010667511122674121,700,4.2898904996387852,2.2397203661389269,7.4988191755066024e+23,1.0191952579260176e-15,548883873.82489955,3891.5866654185375,1.0931273965454615,0
122,0.38408616671173446,0.00010669060186437068,700,4.2930472194313136,2.2403043830672615,7.4985263034009639e+23,1.0389447302288811e-16,543363672.20967615,3852.4484359666035,1.1042328199086315,0
123,0.38414105850953839,0.00010670584958598288,700,4.2960970994019796,2.2408688059435926,7.4982310757534987e+23,1.011865864375382e-17,537901366.00355291,3813.7206849651898,1.1154461355207581,0
124,0.38419511328403644,0.00010672086480112124,700,4.2990445497701533,2.2414144971960575,7.4979334236341141e+23,9.4072594084752112e-19,532496327.31537485,3775.3989606660075,1.1267683347694633,0
125,0.38424836723938188,0.00010673565756649496,700,4.3018932733273783,2.2419418691174551,7.4976332807774751e+23,8.3446228385275983e-20,527148870.59851938,3737.485492543502,1.1381983979568546,0
126,0.38430086464871438,0.00010675024018019844,700,4.3046471559661095,2.2424512851305045,7.4973305281369934e+23,7.0571297686764044e-21,521858662.06013852,3699.977914006382,1.1497365927229863,0
127,0.38435265131760865,0.0001067646253660024,700,4.3073106386710611,2.2429436255725097,7.4970250244668325e+23,5.6818846112407167e-22,516623914.719607,3662.8635553620134,1.1613864223177601,0
128,0.38440376024393119,0.00010677882228998088,700,4.3098873501719401,2.2434196163664684,7.4967166935721209e+23,4.3509486956137004e-23,511444020.02659416,3626.1381019885525,1.1731489205188108,0
129,0.38445422334460561,0.000106792839817946,700,4.3123807420083562,2.2438799467246482,7.49640545824987e+23,3.1657967249958922e-24,506318393.49926692,3589.7974099098024,1.1850250903453869,0
130,0.38450407168202982,0.00010680668657834162,700,4.3147941058058308,2.2443252727075906,7.4960912387928164e+23,2.1865601204913861e-25,501246453.91091895,3553.8373582284153,1.1970159495764361,0
131,0.38455333548324827,0.00010682037096756897,700,4.3171305795529653,2.2447562187206214,7.4957739527398629e+23,1.4321365893377433e-26,496227632.17498785,3518.2539121206637,1.209122509704212,0
132,0.38460204424541761,0.00010683390117928267,700,4.3193931576368181,2.245173379676173,7.4954535140913305e+23,8.8860522978717195e-28,491261363.02573091,3483.0430638524322,1.2213457950459126,0
133,0.38465022675863919,0.00010684728521073311,700,4.3215846965924527,2.2455773223419504,7.4951298330598286e+23,5.2177658261424248e-29,486347092.10686117,3448.2008830376458,1.2336868251865003,0
134,0.38469791119765889,0.00010686053088823858,700,4.323707923659784,2.2459685871839361,7.4948028153683045e+23,2.8963667615867252e-30,481484271.7779898,3413.7234869059475,1.2461466244460364,0
135,0.38474512517194503,0.00010687364588109584,700,4.3257654430629007,2.2463476897707393,7.4944723618151121e+23,1.5182727066382679e-31,476672361.35506088,3379.6070420073811,1.2587262208665704,0
136,0.38479189577786632,0.00010688663771607398,700,4.3277597420588139,2.2467151221175348,7.4941383678211343e+23,7.5075712514778023e-33,471910827.8291052,3345.8477693083555,1.2714266438007651,0
137,0.38483824965784652,0.00010689951379384626,700,4.3296931969743913,2.2470713540123364,7.4938007229180581e+23,3.4980083145663824e-34,467199145.56446326,3312.4419420520444,1.2842489240323602,0
138,0.38488421305670062,0.00010691228140463906,700,4.3315680787809496,2.2474168342429568,7.4934593102396783e+23,1.5339981489027364e-35,462536798.50756234,3279.3859014186164,1.2971940869050447,0
139,0.38492981190014802,0.00010692494775004112,700,4.3333865592524337,2.2477519919199942,7.4931140058253898e+23,6.3243065704365552e-37,457923272.91484672,3246.676004966263,1.3102631717771924,0
140,0.38497507180217511,0.00010693751994504864,700,4.3351507139681971,2.2480772372072382,7.4927646784407234e+23,2.4483931272169855e-38,453358071.1724081,3214.3087246123732,1.3234571923432796,0
141,0.38502001820989618,0.00010695000505830449,700,4.3368625304054165,2.2483929629813759,7.4924111883151542e+23,8.8902454494467994e-40,448840690.47868967,3182.2804954939097,1.3367771967378861,0
142,0.38506467633823172,0.00010696241009395326,700,4.3385239076444728,2.2486995449375744,7.4920533874892252e+23,3.0240612214863438e-41,444370647.25352234,3150.5878890274735,1.3502241961937866,0
143,0.38510907134828859,0.00010697474204119128,700,4.3401366650717161,2.2489973433478831,7.4916911182146838e+23,9.624554863084259e-43,439947456.45848042,3119.2274662906261,1.3637992246390549,0
144,0.38515322832152127,0.00010698700786708925,700,4.3417025431223877,2.2492867033463875,7.491324212941001e+23,2.8625144832469883e-44,435570648.46260083,3088.1958975998396,1.3775032870506136,0
145,0.38519717240470519,0.00010699921455686255,700,4.3432232099460046,2.2495679563039452,7.4909524928699701e+23,7.9459243207164513e-46,431239752.15455651,3057.4898427758053,1.391337410343747,0
146,0.38524092878720201,0.00010701136910755611,700,4.3447002618263255,2.2498414200458337,7.4905757678609528e+23,2.0559738006710641e-47,426954309.36823469,3027.1060534207841,1.4053025975726101,0
147,0.38528452282637343,0.00010702347856288151,700,4.3461352285819617,2.2501073999900472,7.490193835051795e+23,4.9522853898915887e-49,422713868.19284499,2997.0413254872706,1.419399847383942,0
148,0.38532798010868463,0.00010703555003019017,700,4.3475295762965303,2.2503661897906331,7.4898064779540875e+23,1.1090219893849394e-50,418517985.82501334,2967.2925194993441,1.4336301433192555,0
149,0.38537132654375572,0.00010704759070659881,700,4.3488847108903874,2.2506180721402202,7.4894134652009191e+23,2.3059091538567103e-52,414366220.06948596,2937.8565002926553,1.4479944815467454,0
150,0.38541458837380954,0.00010705960788161376,700,4.3502007610015472,2.2508627018057337,7.4890145508329131e+23,4.4622332090072967e-54,410261976.10990554,2908.7574106192301,1.4624801588711338,0
151,0.38545783308358511,0.00010707162030099586,700,4.3514800869625239,2.2511004893898248,7.4886090858265178e+23,8.0024073036611003e-56,406201611.82852465,2879.9694278642396,1.4770990132192927,0
152,0.38550109538616828,0.00010708363760726896,700,4.352724088345215,2.2513317229582257,7.4881966990397004e+23,1.327560715066069e-57,402184217.04340583,2851.4860988377468,1.4918536694721782,0
153,0.38554440558151271,0.00010709566821708686,700,4.3539339528987657,2.2515566512432494,7.487777044349106e+23,2.0345038905502111e-59,398209386.03992587,2823.3045470230741,1.5067449965627928,0
154,0.38558779491374412,0.00010710772080937336,700,4.3551108179074065,2.2517755138002986,7.4873497502861743e+23,2.8763217084309032e-61,394276732.09396619,2795.42203054622,1.5217737978436037,0
155,0.38563129582777067,0.00010711980439660296,700,4.3562557754753835,2.2519885421694159,7.4869144164621795e+23,3.7461703364097885e-63,390385870.04421717,2767.8358186134997,1.5369408732238203,0
156,0.38567494204794717,0.00010713192834665199,700,4.357369872305199,2.2521959600225419,7.486470611568171e+23,4.4885503439340284e-65,386536434.49574071,2740.5433205748013,1.5522469460938009,0
157,0.38571876887427997,0.00010714410246507777,700,4.3584541146976203,2.2523979843015374,7.4860178690097786e+23,4.9406134328756832e-67,382728056.6400004,2713.5419215776028,1.567692751003015,0
158,0.38576281323307637,0.00010715633700918788,700,4.3595094665630478,2.2525948250683685,7.4855556848398239e+23,4.9888773211169757e-69,378960389.19181454,2686.8291593699651,1.5832789312877342,0
159,0.38580711403079998,0.00010716864278633333,700,4.3605368543657956,2.2527866866709321,7.4850835123390509e+23,4.6148728432197645e-71,375233091.76886165,2660.4026206412291,1.5990060929103544,0
160,0.3858517123641535,0.00010718103121226486,700,4.3615371676536139,2.252973768113411,7.4846007577952755e+23,3.9051430164476932e-73,371545831.24903625,2634.2599435556667,1.6148748001907673,0
161,0.38589665175682475,0.00010719351437689576,700,4.3625112594979605,2.2531562634388944,7.4841067757321247e+23,3.0187142617870486e-75,367898288.76362449,2608.3988673340973,1.6308855418066417,0
162,0.38594197850963968,0.00010720610514156657,700,4.3634599486423085,2.253334362471175,7.4836008625723105e+23,2.1286661484592217e-77,364290162.25432581,2582.8172503831702,1.6470387130056934,0
163,0.38598774212157194,0.00010721881725599221,700,4.3643840219083687,2.2535082516523404,7.4830822490711311e+23,1.3673765052367856e-79,360721158.84285825,2557.513016195865,1.6633346430930582,0
164,0.38603399565855651,0.00010723166546071014,700,4.365284234250046,2.253678114493598,7.4825500928536751e+23,7.9902766243089164e-82,357190995.88280904,2532.4841608091156,1.6797735858852787,0
165,0.38608079618058788,0.00010724466560571886,700,4.3661613089249807,2.2538441321142066,7.4820034697982153e+23,4.2417131799993982e-84,353699415.64162642,2507.7288568991312,1.6963556439910237,0
166,0.38612820542268111,0.00010725783483963364,700,4.3670159409201448,2.2540064844784209,7.4814413618172588e+23,2.0428865070396025e-86,350246167.35769379,2483.2453265660488,1.71308084404316,0
167,0.38617629030964901,0.00010727119175268029,700,4.3678487954094045,2.2541653507891026,7.4808626458145556e+23,8.9147232360164791e-89,346831026.31330216,2459.0319765613121,1.7299490370795236,0
168,0.3862251238145627,0.00010728475661515631,700,4.3686605105174348,2.2543209108216562,7.4802660776846954e+23,3.5203465008189596e-91,343453784.49465615,2435.0873320671117,1.7469599319827425,0
169,0.38627478579606533,0.00010729855161001815,700,4.3694516971790005,2.2544733458543686,7.4796502754563329e+23,1.256470739098938e-93,340114255.68747133,2411.4100728241715,1.7641130589696183,0
170,0.38632536403284651,0.00010731260112023514,700,4.3702216513529732,2.2546223987527259,7.4790137004944449e+23,4.0885095252241707e-96,336817832.51754475,2388.0384325493919,1.7813783656147308,0
171,0.38637704323544592,0.00010732695645429053,700,4.3709720208584706,2.2547684394345149,7.4783534993614351e+23,1.2027416547624688e-98,333559858.43981338,2364.9393963382768,1.7987775951411802,0
172,0.38642995374698486,0.00010734165381860691,700,4.3717034845812996,2.2549116893210739,7.4776673921359914e+23,3.1925481671518613e-101,330339617.96476322,2342.1078913701708,1.8163125685518018,0
173,0.38648423055737685,0.00010735673071038245,700,4.3724165409164364,2.2550523480503082,7.4769529358699418e+23,7.6414555100284053e-104,327157098.15794575,2319.5438259398356,1.8339812994377716,0
174,0.38654002610575672,0.00010737222947382131,700,4.3731116612657281,2.2551906258962164,7.4762073437497688e+23,1.6484450441668434e-106,324012330.27400178,2297.2474216426726,1.8517813797166565,0
175,0.38659751348262095,0.00010738819818961694,700,4.3737892882862317,2.2553267468141618,7.4754274203558686e+23,3.2042297119799395e-109,320905419.60537207,2275.219425002088,1.8697097753532479,0
176,0.38665689082803645,0.0001074046918966768,700,4.3744498383839581,2.2554609532448393,7.4746094750983478e+23,5.6119052963511524e-112,317836522.00762916,2253.4609410340904,1.8877629172697716,0
177,0.38671838616423398,0.00010742177393450944,700,4.3750936966207989,2.2555935105882861,7.4737492224211167e+23,8.8586239659820571e-115,314805885.771469,2231.9737301197151,1.9059364107174461,0
178,0.38678226414982492,0.00010743951781939581,700,4.3757212172053874,2.2557247144114561,7.4728416460405147e+23,1.2612062444850557e-117,311813853.29342014,2210.7602198503487,1.9242249619852319,0
179,0.38684883441927842,0.00010745800956091067,700,4.376332720299529,2.2558548991071072,7.4718808283372842e+23,1.6213191714434042e-120,308860884.62925756,2189.8236720214363,1.9426221637622145,0
180,0.38691846249411355,0.00010747735069280932,700,4.37692848846247,2.2559844495095422,7.4708597264501586e+23,1.8852262935532997e-123,305947582.2219547,2169.1683579536584,1.9611202534842067,0
181,0.38699158412095591,0.00010749766225582108,700,4.377508761605597,2.2561138164656489,7.4697698761886417e+23,1.9876336015243068e-126,303074725.98226953,2148.7998072142909,1.9797097829764305,0
182,0.38706872448291518,0.00010751909013414311,700,4.3780737304703683,2.2562435382073667,7.4686009931605465e+23,1.906560497973591e-129,300243318.63218772,2128.7251291022108,1.9983791903626948,0
183,0.3871505243633685,0.00010754181232315791,700,4.3786235278428762,2.2563742701825076,7.4673404262400077e+23,1.671380613421875e-132,297454643.75368112,2108.9534242135992,2.0171142478342121,0
184,0.38723777639295026,0.00010756604899804174,700,4.3791582159754414,2.2565068274271756,7.4659723950423802e+23,1.3471745702258249e-135,294710339.70491278,2089.4963085078316,2.0358973512797931,0
185,0.38733147619742175,0.00010759207672150604,700,4.3796777680049495,2.2566422460485245,7.4644769050701651e+23,1.0063981527727092e-138,292012525.36767697,2070.3688048568297,2.0547063837228619,0
186,0.38743289724835372,0.00010762024923565381,700,4.3801820446716437,2.2567818760784628,7.4628281508223429e+23,7.0422160499589609e-142,289363940.91356313,2051.5903410771625,2.0735133690317964,0
187,0.38754370207824573,0.00010765102835506826,700,4.3806702316320631,2.2569273949780762,7.4609921195419742e+23,4.7189815777713809e-145,286770985.34089094,2033.2062860669166,2.0922618767961021,0
188,0.38766624798911115,0.00010768506888586421,700,4.3811418943120044,2.2570813526133211,7.4589205664898225e+23,3.086149343622083e-148,284238210.04014003,2015.2489091845925,2.1109054968903305,0
189,0.38780377392890453,0.00010772327053580681,700,4.3815965002349397,2.2572474763940877,7.4565462587709202e+23,2.0148651862879914e-151,281770811.08876687,1997.755050619357,2.1293901865902662,0
190,0.38796082512477925,0.00010776689586799423,700,4.3820327675198172,2.2574312123817588,7.4537732562844146e+23,1.3637289671631163e-154,279378234.35599452,1980.791681584001,2.1476261434004802,0
191,0.38814421186931275,0.00010781783663036465,700,4.3824487141450135,2.2576411363531048,7.4504557916018414e+23,1.0102832292767294e-157,277074101.02321982,1964.4553762546284,2.1654856869849333,0
192,0.38836473607534905,0.00010787909335426363,700,4.3828412278281776,2.2578916477767934,7.4463589659860011e+23,8.8810363315073368e-161,274878776.01756084,1948.8905219645062,2.1827803830211634,0
193,0.38864085657541736,0.00010795579349317148,700,4.3832051941767602,2.2582090179110765,7.4410738404118884e+23,1.0516211556136111e-163,272824559.02157605,1934.326123462974,2.1992155037353127,0
194,0.38900757758792576,0.00010805766044109049,700,4.3835313864956893,2.2586469778716114,7.4338073321774747e+23,2.0871746393797272e-166,270968097.25640404,1921.1638095479047,2.214282810689145,0
195,0.38954284147995716,0.00010820634485554366,700,4.3837984300031199,2.2593359808442255,7.4227431376943192e+23,1.119711587768081e-168,269437233.48740131,1910.309985425675,2.2268637197392231,0
196,0.39048492414710778,0.00010846803448530772,700,4.3838858851744202,2.2607096418418142,7.4021153760941502e+23,1.9678372904851069e-169,268933702.49321419,1906.7399506768884,2.231033129866419,0
197,0.39307506982456469,0.00010918751939571242,700,4.3746065585725491,2.2592730132317014,7.359105831855267e+23,1.1990843337245385e-112,317102452.3516143,2248.2563871729453,1.8921329543509773,0
198,0.39324558318617031,0.00010923488421838065,700,4.376170570846905,2.2602520042213801,7.3536844566275127e+23,9.7531402235624248e-120,309647551.93679798,2195.4011432318975,1.937686883836452,0
199,0.39331640780092808,0.00010925455772248002,700,4.3767848456343099,2.2606481417588276,7.3514450718396119e+23,9.885393055126341e-123,306653322.42347264,2174.1720559824207,1.9566068786022492,0
200,0.39338894266616864,0.00010927470629615795,700,4.3773700923983787,2.2610409791845369,7.3491650974143968e+23,1.0517159126141518e-125,303764474.42207962,2153.6901236525446,1.9752145182267171,0
201,0.39346521360602582,0.00010929589266834051,700,4.3779399612280736,2.2614405668987199,7.3467822828340552e+23,1.0162507217794291e-128,300916823.38885677,2133.5002778269945,1.9939064663880752,0
202,0.39354581059164989,0.00010931828071990275,700,4.3784947721214227,2.261848632251434,7.3442802254133548e+23,8.9363319625070282e-132,298110704.12791562,2113.6048922669215,2.0126751293792773,0
203,0.39363143355311631,0.00010934206487586564,700,4.3790346416408044,2.2622671317111487,7.3416396224708522e+23,7.1860428778379635e-135,295347455.64049107,2094.0134604910818,2.0315055658727066,0
204,0.39372295092453113,0.00010936748636792532,700,4.3795596136003532,2.2626984500190801,7.3388366206331736e+23,5.3185875047212827e-138,292628790.57004845,2074.7381251416436,2.0503792495303848,0
205,0.39382145742319635,0.00010939484928422121,700,4.3800696407775295,2.2631455449197073,7.33584127369902e+23,3.6541775399991313e-141,289956916.82245618,2055.7945402712144,2.0692729339765559,0
206,0.39392835858447195,0.00010942454405124221,700,4.3805642127563447,2.2636120714970458,7.3326152924886464e+23,2.3694953035719882e-144,287336541.7900542,2037.2160812914842,2.0881437364774751,0
207,0.39404558077448082,0.00010945710577068912,700,4.3810425926798446,2.2641030166631944,7.3291062351509828e+23,1.4826849834329732e-147,284773732.49763978,2019.0457634082659,2.1069358986786915,0
208,0.3941758354940933,0.00010949328763724814,700,4.3815048321360575,2.2646256442315904,7.3252404170195969e+23,9.0620573949807139e-151,282270441.90972304,2001.2974331399364,2.125621074387571,0
209,0.39432271040123879,0.00010953408622256633,700,4.3819500188323257,2.2651891306482548,7.3209213707046874e+23,5.5712000508160018e-154,279833928.95798981,1984.0225563121476,2.1441288489719743,0
210,0.39449139648313558,0.00010958094346753766,700,4.3823767893027696,2.2658066047546854,7.3160102236882109e+23,3.5877995861994579e-157,277474153.60732228,1967.2917490759148,2.1623635650371673,0
211,0.39468974599037326,0.00010963604055288147,700,4.3827830602735744,2.2664976949788196,7.3102980788539571e+23,2.5650533269883617e-160,275205410.55907828,1951.2063608638648,2.1801896946033992,0
212,0.39493034995659054,0.00010970287498794182,700,4.383165583643704,2.2672935183742537,7.3034519765482322e+23,2.2189528138296309e-163,273048996.16163093,1935.9173827859631,2.1974078221654803,0
213,0.39523500694425445,0.00010978750192895957,700,4.3835190456969109,2.2682473467293138,7.2948991771954838e+23,2.6577843955407334e-166,271038599.70310354,1921.663671895004,2.2137068323745832,0
214,0.39564574087176385,0.00010990159468660107,700,4.3838337665982365,2.2694607583770003,7.2835429777832965e+23,5.5709194391303153e-169,269233910.17601913,1908.8684231479756,2.2285454295401843,0
215,0.39625849724722734,0.00011007180479089648,700,4.3840852693176746,2.2711628170482414,7.266896011118288e+23,3.5568561263212434e-171,267781664.73077622,1898.5720029412032,2.240631376323809,0
216,0.39738836770289648,0.00011038565769524902,700,4.3840743631221111,2.274074875304728,7.23683853279513e+23,4.441377433444276e-171,267844828.80241397,1899.0198362091151,2.240102983069399,0
217,0.39997247215249637,0.00011110346448680455,700,4.3743781098897188,2.2750618831939233,7.1837006085633498e+23,1.1379541732258274e-111,318171726.8915785,2255.8375436612914,1.8857740939516552,0
218,0.40013584184274448,0.00011114884495631791,700,4.3759499710625498,2.2760892812663616,7.1783499380451449e+23,1.0848565043730378e-118,310713556.45008862,2202.9591152311282,1.9310390150176175,0
219,0.40020390300851078,0.00011116775083569744,700,4.3765706863426752,2.2765071381749937,7.1761325606382068e+23,1.1331389511306204e-121,307701582.00476342,2181.6042164137725,1.9499412258163549,0
220,0.40027343390513537,0.00011118706497364871,700,4.3771633307416717,2.2769217633634251,7.1738799032340604e+23,1.2225686264282121e-124,304789157.80146295,2160.9551288123721,1.9685739621710392,0
221,0.40034619893503509,0.0001112072774819542,700,4.3777406860542269,2.2773428922505246,7.1715360315801976e+23,1.1921178521756235e-127,301916554.12305665,2140.5883687324717,1.9873040805687288,0
222,0.40042267647787588,0.00011122852124385441,700,4.378303105549997,2.2777721290047048,7.1690872714307023e+23,1.0517372546702039e-130,299083925.1055783,2120.5050289985502,2.0061258718207493,0
223,0.4005034255048544,0.00011125095152912622,700,4.3788507697867409,2.2782112659581122,7.1665177808537566e+23,8.4243786436491691e-134,296292248.57705688,2100.7120424113332,2.0250276640090963,0
224,0.40058912780785921,0.00011127475772440533,700,4.3793838011275792,2.2786624493521836,7.1638083212283316e+23,6.1551910034592327e-137,293542790.1134907,2081.218381904649,2.0439950160861575,0
225,0.40068062689204814,0.00011130017413668005,700,4.3799022545081581,2.2791282910965145,7.1609351939254261e+23,4.1277608509980247e-140,290837169.1686064,2062.0355294054193,2.0630100399999538,0
226,0.40077898263059808,0.00011132749517516613,700,4.3804061014251054,2.2796120236539799,7.1578687533772904e+23,2.5615624509124494e-143,288177453.19417852,2043.1781431467255,2.0820504635236348,0
227,0.4008855500480023,0.00011135709723555619,700,4.3808940435326269,2.2801174201152263,7.1545712840307051e+23,1.5140576194335331e-146,285572556.88350427,2024.7094283040451,2.1010422239023563,0
228,0.40100237899717733,0.00011138954972143814,700,4.3813668193949429,2.28065095354909,7.1509852593793697e+23,8.5240702662593697e-150,283020668.19679052,2006.6165375152445,2.119986514846353,0
229,0.40113194972427213,0.00011142554159007559,700,4.3818238660950062,2.281219870652313,7.1470422721513664e+23,4.668388477893764e-153,280526945.09857684,1988.9360407489096,2.1388319749076534,0
230,0.40127770800943274,0.0001114660300026202,700,4.3822643614574632,2.2818341302172929,7.1426477870224077e+23,2.5577470234107212e-156,278098121.16601521,1971.7156790670479,2.1575118792040318,0
231,0.40144459991421066,0.00011151238886505852,700,4.3826870575083614,2.2825078472147831,7.1376669411464484e+23,1.4573833973523778e-159,275743506.68590719,1955.0214624030818,2.1759351914075915,0
232,0.40164004319993635,0.00011156667866664898,700,4.383090059347003,2.2832619190348025,7.1318988445295682e+23,9.125377386941718e-163,273476329.6781261,1938.9471774179137,2.1939741574935683,0
233,0.40187579502812204,0.00011163216528558946,700,4.3834704364053367,2.2841290260846763,7.1250274921928889e+23,6.8082688531884014e-166,271316102.43563217,1923.6311662686319,2.2114426479436315,0
234,0.40217189011435739,0.00011171441392065483,700,4.3838234695780551,2.2851640681481751,7.1165189936147037e+23,6.8565540507038077e-169,269293178.33868045,1909.2886344212443,2.228054953718142,0
235,0.40256605412171154,0.00011182390392269766,700,4.3841408424793435,2.2864688158869204,7.1053778120492467e+23,1.1499592204910724e-171,267459553.16717139,1896.288231955245,2.2433298526636638,0
236,0.40314099675949588,0.00011198361021097108,700,4.3844034221722765,2.2882621852584708,7.0894456464800184e+23,5.0576163275063607e-174,265931567.02100179,1885.4548101789026,2.256219548214129,0
237,0.40414163015526627,0.00011226156393201841,700,4.3844980619818692,2.2911675152506241,7.0624140397661961e+23,6.9318708761818257e-175,265378391.49194896,1881.5327956779181,2.2609225891634162,0
238,0.40671215412048267,0.00011297559836680074,700,4.3769584155430339,2.2932712571590752,7.0086945642228297e+23,1.342670340835072e-123,305800277.16624862,2168.1239651087026,1.9620649319222474,0
239,0.40690661979864512,0.00011302961661073475,700,4.3783951088625841,2.2944268927713143,7.0024239406607318e+23,3.2465251235054935e-131,298617266.28422916,2117.1964179551846,2.0092609093437663,0
240,0.40698746446135381,0.00011305207346148717,700,4.3789570650642684,2.2948957416927338,6.9998337716218991e+23,2.0468102850053858e-134,295746532.9356721,2096.8429185139148,2.0287642733938864,0
241,0.40707075164201262,0.00011307520878944795,700,4.3794900893840376,2.2953640341879842,6.9971837592275372e+23,1.4120754639734608e-137,292990654.94016546,2077.3037435257729,2.047846884817988,0
242,0.40715929825274477,0.00011309980507020688,700,4.380008652311564,2.2958462401383648,6.9943867227909816e+23,8.9106747744734401e-141,290278027.68761039,2058.0712163051576,2.0669838663975773,0
243,0.40725405191083597,0.00011312612553078776,700,4.3805127062721612,2.2963454381308543,6.9914162590139832e+23,5.1861077838872273e-144,287610811.15518433,2039.1606510902568,2.0861524557790765,0
244,0.40735622650420783,0.00011315450736227995,700,4.3810014424425541,2.2968653403122405,6.9882387119228136e+23,2.8435655314605747e-147,284995289.98874706,2020.6166060202165,2.1052979507966283,0
245,0.4074675591068308,0.00011318543308523077,700,4.3814755196837689,2.2974117666780551,6.9848057115110563e+23,1.4692278557428739e-150,282429985.28446788,2002.4285956668771,2.1244203210068884,0
246,0.40759013193518928,0.00011321948109310813,700,4.3819345261448284,2.297991182521264,6.9810603502864866e+23,7.2811809831871921e-154,279919147.77670735,1984.6267577368549,2.1434760885976347,0
247,0.40772678148558289,0.0001132574393015508,700,4.3823778416484309,2.2986122876616992,6.9769255589527563e+23,3.5430369251151849e-157,277468307.3330335,1967.2502989912075,2.1624091261703819,0
248,0.40788148727046336,0.00011330041313068426,700,4.3828045198438064,2.2992871216062007,6.9722939323542187e+23,1.7477990504712184e-160,275084959.31149983,1950.3523615185336,2.1811443326516953,0
249,0.40806004799325579,0.00011335001333145994,700,4.3832131263151588,2.3000329791937633,6.9670101219216259e+23,9.1407036889778691e-164,272779586.61874527,1934.007269126904,2.1995780822067141,0
250,0.4082713271512971,0.00011340870198647142,700,4.3836014785711352,2.3008759066299258,6.9608386219152821e+23,5.4039288145177157e-167,270567251.44349658,1918.3218127343907,2.2175632741913698,0
251,0.40852972028140727,0.00011348047785594647,700,4.3839661688817841,2.3018575352794364,6.9534005004268171e+23,3.9734388430504796e-170,268470505.70642161,1903.4558854585291,2.2348823697457223,0
252,0.40886057076597065,0.00011357238076832518,700,4.3843015859918566,2.303049872392537,6.944035797793177e+23,4.2249115645220011e-173,266525351.41995701,1889.664741567495,2.2511929795923828,0
253,0.40931390262904865,0.00011369830628584685,700,4.3845972097878629,2.3045921720014673,6.931458144931255e+23,8.501038972826388e-176,264797463.96198547,1877.4140194904767,2.2658827279634992,0
254,0.41000863032744367,0.00011389128620206769,700,4.3848227763332952,2.3068064669566994,6.9126547977185556e+23,6.6466389604337239e-178,263470426.24417582,1868.0053220712066,2.2772954390104472,0
255,0.41138794457272287,0.00011427442904797858,700,4.3845845990152723,2.3107921866969754,6.8766158107795374e+23,1.1127631470195901e-175,264871431.23801422,1877.9384474775206,2.2652499637110286,0
256,0.41395569482311506,0.00011498769300642085,700,4.3728488119122675,2.3120815597203506,6.8244213546706794e+23,1.7475648181214125e-105,325206460.53504193,2305.7138051934471,1.8449817971415985,0
257,0.41409409683935627,0.00011502613801093229,700,4.3744490275205754,2.3130482471549239,6.820120072483193e+23,5.7097937958720252e-112,317840314.06608903,2253.4878267285712,1.8877403949306477,0
258,0.41415381563600917,0.0001150427265655581,700,4.3751080204145927,2.3134562447004221,6.8182724519904446e+23,7.7237205699998455e-115,314738015.02460068,2231.4925265244187,1.9063474107285785,0
259,0.41421440223732264,0.00011505955617703407,700,4.3757406577134548,2.3138597499213693,6.8164067107762821e+23,1.0349210463624632e-117,311720547.04684556,2210.0986785621349,1.924800933670348,0
260,0.41427699143013058,0.00011507694206392517,700,4.3763575214636914,2.3142658862867198,6.8144884972806586e+23,1.2427119798532914e-120,308740327.56396621,2188.9689224285203,1.943380719759356,0
261,0.41434183164743837,0.00011509495323539954,700,4.3769590515269572,2.314675605283266,6.8125110302389944e+23,1.336356972787393e-123,305797145.51616234,2168.1017617095908,1.9620850253106372,0
262,0.4144092007501487,0.00011511366687504131,700,4.3775455687901594,2.315089915538278,6.810466793890685e+23,1.287756546649835e-126,302891302.99530226,2147.4993382366929,1.9809086430233547,0
263,0.41447942312164704,0.0001151331730893464,700,4.3781173616435574,2.3155099657963332,6.8083470526860451e+23,1.113256134152355e-129,300023224.07121944,2127.1646586649458,1.999845184843331,0
264,0.41455288115002259,0.00011515357809722849,700,4.3786746854441425,2.3159370809124833,6.8061415519894653e+23,8.6487132901952083e-133,297193463.45636785,2107.1016559056479,2.0188869331848154,0
265,0.41463002988747066,0.00011517500830207518,700,4.3792177581312295,2.3163728062842219,6.8038381389454086e+23,6.0528761335285106e-136,294402734.62352955,2087.3153884808244,2.0380245474528489,0
266,0.41471141650952509,0.0001151976156970903,700,4.3797467537136923,2.316818966321605,6.8014222608618252e+23,3.8290652926339421e-139,291651961.30625087,2067.8124056613183,2.0572465801797453,0
267,0.41479770703661856,0.0001152215852879496,700,4.3802617963384982,2.3172777453043092,6.7988762771710854e+23,2.1993734751390565e-142,288942306.95721197,2048.6009563266325,2.0765391067804098,0
268,0.41488972240372907,0.00011524714511214697,700,4.380762069559756,2.3177515563237203,6.7961785399696761e+23,1.1696564392271633e-145,286279973.48125309,2029.7250119820842,2.0958504107144282,0
269,0.41498866627043146,0.00011527462951956429,700,4.3812480044116153,2.3182444152816593,6.7932970049579544e+23,5.7731056972864911e-149,283664614.79359442,2011.1821188865842,2.1151739367865243,0
270,0.41509598185191082,0.00011530443940330856,700,4.3817197294428203,2.3187609528303388,6.7901937383017336e+23,2.6641099046015189e-152,281097472.407157,1992.981079366743,2.1344909111488808,0
271,0.41521349048276485,0.0001153370806896569,700,4.382176956460734,2.3193068117855042,6.7868213035537806e+23,1.166993873688984e-155,278582066.3383671,1975.1468503390226,2.1537639083746227,0
272,0.41534363168581784,0.00011537323102383829,700,4.3826191994593779,2.3198894554800531,6.7831165006885158e+23,4.9526655540921715e-159,276123107.67857653,1957.7128334411075,2.1729438185899137,0
273,0.41548977075684673,0.0001154138252102352,700,4.3830457044920186,2.320519056769589,6.7789926388574317e+23,2.0936372692018078e-162,273726933.80250865,1940.7239606597861,2.1919655171123722,0
274,0.41565671273138793,0.0001154601979809411,700,4.3834553267986616,2.3212099652749365,6.7743267092842903e+23,9.1605337315901894e-166,271402293.58924103,1924.2422615477187,2.2107403443984204,0
275,0.4158516178807018,0.00011551433830019494,700,4.3838463359785651,2.3219833001869752,6.7689366750112981e+23,4.3796859673151474e-169,269161544.95439363,1908.3553537266507,2.2291445834198313,0
276,0.41608574039802937,0.00011557937233278594,700,4.3842160700243831,2.3228718201008727,6.7625386586677461e+23,2.4766180976015441e-172,267022810.95447141,1893.1917296672023,2.2469990404763682,0
277,0.41637804440912574,0.00011566056789142381,700,4.3845602862938167,2.3239299394285347,6.7546586147771102e+23,1.8691614080575825e-175,265013973.35041836,1878.949071054466,2.2640315618627467,0
278,0.41676366367098455,0.00011576768435305127,700,4.3848716582620684,2.3252568370589382,6.7444276014457287e+23,2.2991102366209953e-178,263181853.79690307,1865.9593434200426,2.2797924376010315,0
279,0.41731760127839163,0.00011592155591066433,700,4.3851343198018355,2.3270599758128432,6.730014144195439e+23,6.9302177588643049e-181,261625124.71276492,1854.9221342135031,2.2933577218882659,0
280,0.41824855321535759,0.00011618015367093266,700,4.3852717517832103,2.3298958372212319,6.7064021791017986e+23,3.140946152003582e-182,260806458.32623193,1849.1177895329843,2.3005565270530419,0
281,0.42079427748491577,0.00011688729930136549,700,4.3792822371686944,2.3326523124588228,6.6562821003832074e+23,2.5107984896100454e-136,294069169.74740005,2084.950413509066,2.0403362940609817,0
282,0.42101934002202401,0.00011694981667278445,700,4.3805769537393893,2.3339116145074996,6.6495959195264675e+23,1.9752457351543809e-144,287268648.26956868,2036.7347162312419,2.0886372516257632,0
283,0.42111441127651822,0.0001169762253545884,700,4.3810873233844676,2.3344302371257069,6.6467928557489637e+23,7.4139219345106945e-148,284532657.58432025,2017.3365422728305,2.1087210343234224,0
284,0.42121328177650552,0.00011700368938236264,700,4.3815674439749275,2.3349518318100562,6.6439020017488724e+23,3.2923349253667931e-151,281929296.48709476,1998.8787120935017,2.1281931586257294,0
285,0.421320352941295,0.00011703343137258194,700,4.3820334192439026,2.3354973614093821,6.6407989069320448e+23,1.3682260747788713e-154,279374641.93964696,1980.7662113520967,2.1476537592471168,0
286,0.42143744496986302,0.00011706595693607306,700,4.3824852158687113,2.3360727247176007,6.6374371436562055e+23,5.38086354262233e-158,276870813.75956506,1963.0140695553162,2.1670756547168626,0
287,0.4215669241629334,0.00011710192337859261,700,4.3829223876434167,2.3366853520875286,6.6337569790109735e+23,2.0426304717943233e-161,274422271.44915015,1945.6539045744744,2.1864114630039375,0
288,0.42171203896906373,0.00011714223304696215,700,4.3833442319416491,2.3373452955799823,6.6296769804945357e+23,7.6892145366014542e-165,272035051.91674691,1928.7285180897354,2.2055981233757436,0
289,0.42187740421211622,0.00011718816783669896,700,4.3837496848780582,2.3380666279493671,6.6250823302945762e+23,2.9787485299526647e-168,269717419.87151378,1912.2965068890326,2.2245504212735834,0
290,0.42206985014754539,0.00011724162504098483,700,4.3841371380144327,2.3388698595177728,6.619804507155109e+23,1.2513208070601964e-171,267481037.67795408,1896.4405571366945,2.2431496647713667,0
291,0.42230002385691284,0.00011730556218247579,700,4.3845041319320472,2.3397864421098888,6.6135832776369816e+23,6.149496684051703e-175,265342868.4560228,1881.2809373532016,2.261225272385424,0
292,0.4225856651974591,0.00011738490699929419,700,4.3848467751855829,2.3408678418516322,6.6059897023043761e+23,3.9659026710763909e-178,263328792.97241649,1867.001142174433,2.2785202986247293,0
293,0.42295912483212178,0.00011748864578670049,700,4.3851584628077855,2.3422060108047984,6.5962513414177363e+23,4.0460881214157995e-181,261481514.76953954,1853.9039397160352,2.2946172716217377,0
294,0.423487755499797,0.00011763548763883251,700,4.3854255999756457,2.343987707215029,6.5827838573116858e+23,9.3958151689540349e-184,259886592.67733327,1842.5959420822928,2.3086993208031337,0
295,0.42434913941113783,0.00011787476094753829,700,4.385593345948589,2.3466869033434059,6.5614852005983931e+23,1.9259084945284178e-185,258879499.7007381,1835.4556528782332,2.3176806224270114,0
296,0.426563380213135,0.00011848982783698194,700,4.3827256152277423,2.3514289193617239,6.5126855582372695e+23,7.3527119757331315e-160,275527537.9933998,1953.4902443732044,2.1776407700284857,0
297,0.42692984039659559,0.00011859162233238767,700,4.3836732076525724,2.3528726188399283,6.503450598640474e+23,1.3422791763712012e-167,270156334.91291255,1915.4084145325498,2.2209362597157516,0
298,0.42711415951201853,0.00011864282208667181,700,4.384104729002428,2.3535813900402589,6.4988380748129512e+23,2.4280200593973553e-171,267668924.79225573,1897.772676777093,2.241575111738034,0
299,0.42731250436490065,0.00011869791787913907,700,4.3844854106793232,2.3543153138509139,6.4939134520126678e+23,9.1461936156808908e-175,265452416.5215762,1882.057633137975,2.2602921000390723,0
300,0.42755004519070605,0.00011876390144186279,700,4.3848441038913393,2.3551593235156583,6.4880677798231029e+23,4.212657966590847e-178,263344563.43337032,1867.1129547425953,2.2783838488156523,0
301,0.42784681675139663,0.00011884633798649907,700,4.3851778587754184,2.35616999347587,6.4808387967219218e+23,2.6238519849220504e-181,261366077.49567208,1853.0854894443148,2.2956307327600127,0
302,0.42823886411070317,0.00011895524003075088,700,4.3854794737666873,2.3574468846982191,6.4714040774815417e+23,2.7197087090449631e-184,259563624.21247378,1840.306095666439,2.3115719770843217,0
303,0.42880343482325983,0.00011911206522868329,700,4.3857330945626183,2.3591999979615728,6.4580199198431327e+23,7.2125415105619173e-187,258037177.77871156,1829.4835904510646,2.3252463275449018,0
304,0.42975780983506801,0.00011937716939863,700,4.3858602850960304,2.3620012664915415,6.4358488269179985e+23,3.4863946809235276e-188,257267904.37811887,1824.0294420408627,2.3321991969824243,0
305,0.43228466587546843,0.00012007907385429678,700,4.3805400993465771,2.3647159354050782,6.3901890193819432e+23,3.4632190744268894e-144,287464985.08572394,2038.1267442577825,2.0872107252334611,0
306,0.43252521317903098,0.00012014589254973083,700,4.3817485563598861,2.3660005340570578,6.3836033366724737e+23,1.6613353409328763e-152,280939677.73962116,1991.8623151739139,2.1356897851790388,0
307,0.4326287780815859,0.00012017466057821831,700,4.3822324769850489,2.3665394185987978,6.3807911841318662e+23,4.5031911808718433e-156,278274775.6789974,1972.9681595640914,2.1561422465833817,0
308,0.4327369227689743,0.00012020470076915953,700,4.3826857256536504,2.3670828831646689,6.3778813684527632e+23,1.5123132452872514e-159,275750963.3544969,1955.0743301833829,2.175876351259229,0
309,0.43285508132394895,0.00012023752258998582,700,4.3831250176893519,2.3676554793984184,6.3747328326649126e+23,4.8180008572638865e-163,273278623.32277274,1937.5454393584587,2.1955614116634821,0
310,0.4329856871743698,0.0001202738019928805,700,4.3835501896753355,2.36826482792112,6.3712885667330273e+23,1.4788699529345978e-166,270860632.71675849,1920.4018859618177,2.2151613321653336,0
311,0.43313199040314793,0.00012031444177865221,700,4.3839605711781431,2.3689207963645607,6.3674732625155565e+23,4.4941370040084847e-170,268502832.25772417,1903.6850807072642,2.2346132998108792,0
312,0.43329859835822254,0.00012036072176617293,700,4.3843551383977521,2.3696371626218271,6.3631809813550757e+23,1.4039730115020361e-173,266213284.04725397,1887.4521838950304,2.2538319308419541,0
313,0.4334923188951651,0.00012041453302643475,700,4.384732348639564,2.3704339713581533,6.3582565025506777e+23,4.7541129034078678e-177,264003328.16230765,1871.783596670761,2.272698621553451,0
314,0.43372373920013407,0.00012047881644448169,700,4.3850898439632529,2.3713418801598714,6.352460717022342e+23,1.8841497244147784e-180,261889448.89474496,1856.7961926637417,2.2910430432848168,0
315,0.43401044685208651,0.00012055845745891292,700,4.3854239008233211,2.3724108944362841,6.3454007073283501e+23,9.815924301660137e-184,259896774.69835871,1842.668132611363,2.3086088724893634,0
316,0.43438438853386724,0.00012066233014829646,700,4.3857282227671881,2.3737299842590933,6.3363717334692666e+23,8.114181405407414e-187,258066591.57976136,1829.6921343005079,2.3249813016364667,0
317,0.43491166831415895,0.00012080879675393304,700,4.3859900045967697,2.3754787037875533,6.3239372911509457e+23,1.5295884368985603e-189,256480724.4310458,1818.4483362161147,2.3393570855314252,0
318,0.43576443268434339,0.00012104567574565094,700,4.3861599539758407,2.3781073439603961,6.3044242645103313e+23,2.3902580211454641e-191,255445400.80206779,1811.1078916866604,2.3488385311149558,0
319,0.43786845822992576,0.00012163012728609049,700,4.3841433186315362,2.3832645193159787,6.2594269296404891e+23,1.1102140947925353e-171,267445188.91953394,1896.1863894394955,2.2434503399517931,0
320,0.4383373927677871,0.00012176038687994086,700,4.3849354004560439,2.3848582312687978,6.2489491320781446e+23,5.7480127859446583e-179,262805018.58545616,1863.2875817708839,2.2830614241291527,0
321,0.43860298291009919,0.000121834161919472,700,4.3853383472748133,2.3857429417776106,6.2430513729093017e+23,6.9742031853149843e-183,260408723.28512779,1846.297848091556,2.3040702800998165,0
322,0.43889160338966665,0.00012191433427490741,700,4.3856721167108228,2.3866698935703514,6.2366855479459757e+23,3.0562890023603639e-186,258405088.03116259,1832.0920741409427,2.3219357040200479,0
323,0.43926383181938022,0.00012201773106093895,700,4.3859731696271647,2.3878200631158202,6.2285418550007707e+23,2.3052240339962266e-189,256583034.86401021,1819.1737171858324,2.3384242856040807,0
324,0.43978800697453135,0.00012216333527070316,700,4.3862316607957439,2.3893761971103928,6.2171895202855417e+23,4.0555577966081927e-192,255007190.13832504,1808.0009780807245,2.3528748333509282,0
325,0.44063624050462924,0.00012239895569573033,700,4.3863991288635038,2.3917856200694034,6.1990709408073846e+23,6.1079038733258478e-194,253980559.4205749,1800.722166291876,2.3623855359986035,0
326,0.44273470514988827,0.00012298186254163564,700,4.3844480402875332,2.3964230825797297,6.1573119343505256e+23,2.0201180599071372e-174,265670933.37876892,1883.6069176554715,2.2584329883938628,0
327,0.44321159413818068,0.00012311433170505019,700,4.3852180364501736,2.3980179441391338,6.1470226678784561e+23,1.0692955803262456e-181,261126774.43301961,1851.3888307301088,2.2977345057885024,0
328,0.44348563491175863,0.00012319045414215519,700,4.3856144459108615,2.3989160509615854,6.1411470402002099e+23,1.18568375697467e-185,258752516.99007294,1834.555345459617,2.3188180234127693,0
329,0.44378429140384146,0.00012327341427884484,700,4.3859415843092995,2.3998596311495879,6.1347877800856086e+23,4.9594649065990543e-189,256774863.68511045,1820.5337835274331,2.3366773187573191,0
330,0.44417206149403277,0.00012338112819278689,700,4.38623521005377,2.4010381388110464,6.1265990831307981e+23,3.7201593059039349e-192,254985477.03903005,1807.8470322067228,2.3530751906633465,0
331,0.44472462927833739,0.0001235346192439826,700,4.3864842462070639,2.4026511800873225,6.1150513026788609e+23,7.0608443290892145e-195,253457038.50509503,1797.0104030011237,2.367265093677557,0
332,0.44564093825036133,0.00012378914951398926,700,4.3866271608601695,2.4052071705220306,6.0961760700552579e+23,1.8050323803183283e-196,252575387.13377315,1790.7594947784517,2.3755283791061479,0
333,0.44814320009705882,0.00012448422224918302,700,4.3822330553795217,2.407870960182497,6.0559573233061804e+23,4.4837437280928215e-156,278271572.14540559,1972.9454465109254,2.1561670686450185,0
334,0.44841417741827783,0.00012455949372729939,700,4.3833238579788398,2.409208759534573,6.0493537880176884e+23,1.1447555063543647e-164,272150908.99480689,1929.5499447731806,2.2046591805116811,0
335,0.44853466554590743,0.00012459296265164094,700,4.383771894958544,2.4097875113115683,6.0464450730975321e+23,1.9419251636322384e-168,269589799.99878985,1911.39168199142,2.2256034909432527,0
336,0.44866149486195922,0.00012462819301721088,700,4.3841877757129035,2.4103742174840113,6.0434156682913799e+23,4.487960533748713e-172,267187171.11739811,1894.3570432223523,2.2456167992301124,0
337,0.44880253689484695,0.00012466737135967971,700,4.3845894722692549,2.4110013445043057,6.0400849905487493e+23,1.0192970634522843e-175,264842850.69834974,1877.7358114512995,2.2654944183612753,0
338,0.4489618750712957,0.00012471163196424881,700,4.3849765199075836,2.4116809200214622,6.0363683234920439e+23,2.336046839648713e-179,262561602.86087364,1861.5617642835941,2.2851780057037834,0
339,0.44914526631146712,0.00012476257397540754,700,4.3853476890847034,2.4124293793129317,6.0321476972353125e+23,5.6601159575837096e-183,260352877.0710609,1845.9018984338215,2.3045645077939181,0
340,0.44936143817502971,0.00012482262171528604,700,4.3857011075616708,2.4132712242861607,6.0272459025743865e+23,1.5499565173471829e-186,258230242.59004438,1830.8524199634146,2.3235078663986508,0
341,0.44962442322152807,0.00012489567311709112,700,4.3860338700970436,2.4142451490089325,6.0213809427952444e+23,5.2960116863926868e-190,256213934.89953193,1816.5567984376814,2.3417930029265404,0
342,0.44995860055914438,0.00012498850015531788,700,4.3863412470715044,2.4154170516448601,6.0140686757538988e+23,2.6355853177991078e-193,254335901.70786089,1803.2415431087336,2.3590849580063651,0
343,0.45041116601363113,0.00012511421278156421,700,4.3866146138708464,2.4169115892938136,6.0043847896706143e+23,2.5009143639954384e-196,252652923.25897142,1791.3092259061073,2.3747993581890787,0
344,0.45109056856401764,0.00012530293571222712,700,4.3868315756748464,2.4190067472485173,5.990240352120399e+23,8.7050794572699779e-199,251308541.91950977,1781.7775622093241,2.3875034068367267,0
345,0.45236059262119771,0.00012565572017255491,700,4.3867925333675375,2.4225720478571726,5.9647801576922366e+23,2.4342501286081517e-198,251551034.09628567,1783.4968317426651,2.385201882216629,0
346,0.4548575492055752,0.00012634931922377089,700,4.3812954006637321,2.4252249811263438,5.9252939567067844e+23,2.7431348958661544e-149,283407951.4598009,2009.3623758499882,2.1170895061675963,0
347,0.4550796853722317,0.00012641102371450881,700,4.3824567935871288,2.4263789416463801,5.9201143567073846e+23,9.0023944802844967e-158,277029120.52235979,1964.136464503531,2.165837291287839,0
348,0.45517615788810267,0.00012643782163558408,700,4.3829273293782762,2.426867216368608,5.9178819741400452e+23,1.889514268251149e-161,274394445.97378606,1945.456621954143,2.1866331800947614,0
349,0.45527663148382036,0.00012646573096772786,700,4.3833716349894472,2.4273589353781757,5.9155764610278439e+23,4.6209552465155901e-165,271879130.96774882,1927.6230385613389,2.2068630198438215,0
350,0.45538523288691846,0.00012649589802414402,700,4.3838032181397102,2.4278721961699299,5.9131064070963411e+23,1.0474349576297571e-168,269409693.15462911,1910.1147244663202,2.2270913602786626,0
351,0.45550371439120813,0.00012652880955311337,700,4.384222042548525,2.428412202286081,5.9104367684297757e+23,2.2257894058681372e-172,266988102.2845825,1892.9456451976896,2.24729115217449,0
352,0.45563434402141278,0.00012656509556150354,700,4.3846277326606131,2.428985489127482,5.9075226231088051e+23,4.5225537099510694e-176,264618333.17741066,1876.1439822278414,2.2674165950464822,0
353,0.45578021053179862,0.00012660561403661074,700,4.3850196970647897,2.4296008327568601,5.9043031881087182e+23,9.0252942498818409e-180,262305738.67319897,1859.7476871929805,2.2874070656438326,0
354,0.4559456594364153,0.00012665157206567091,700,4.3853970414047598,2.4302704091637191,5.9006935415135966e+23,1.8351408594785066e-183,260057619.98470226,1843.808525691539,2.3071810010231375,0
355,0.45613704723361587,0.00012670473534267108,700,4.3857584199171722,2.4310117734925347,5.8965704104639817e+23,4.0029532108562822e-187,257884206.72437075,1828.3990256757886,2.3266256108552086,0
356,0.45636413653668872,0.00012676781570463577,700,4.3861017869818655,2.4318514800622175,5.8917460788984275e+23,1.0088409255079638e-190,255800267.17770383,1813.6238942899199,2.3455800364085682,0
357,0.45664288504689454,0.0001268452458463596,700,4.3864239401590286,2.4328322217313154,5.8859166803589886e+23,3.2831633598385712e-194,253828077.19677261,1799.6410673251178,2.3638046926340146,0
358,0.45700164459364773,0.00012694490127601325,700,4.3867195641750278,2.434028462439735,5.8785483751769446e+23,1.6472459903647712e-197,252003573.27960274,1786.7053345523834,2.3809186202859456,0
359,0.45749716936001938,0.00012708254704444982,700,4.3869785505140602,2.4355860697360505,5.8685866148412811e+23,1.7571035148962681e-200,250393425.98183313,1775.2893902111969,2.3962290449411876,0
360,0.4582677581383412,0.00012729659948287255,700,4.387170171208707,2.4378498348501312,5.8535028062350222e+23,9.8909397852221752e-203,249194936.97143936,1766.792103127505,2.4077535735357536,0
361,0.45986999912995208,0.00012774166642498668,700,4.3867812066084539,2.4420572607581708,5.8233646064260415e+23,3.2877447264120159e-198,251621339.34996223,1783.9952959912321,2.3845354354683828,0
362,0.46153154557352244,0.00012820320710375623,700,4.3856045827951347,2.4461454525001276,5.7926542564272823e+23,1.5043198389809425e-185,258811883.63504416,1834.976254972463,2.318286129573834,0
363,0.46212959204644344,0.00012836933112401206,700,4.3863024151941561,2.447909370852285,5.7816222286445339e+23,7.0120231939467417e-193,254573990.98401663,1804.9295960766776,2.3568786335194423,0
364,0.46248884389622424,0.00012846912330450675,700,4.3866941011710781,2.4489573841214964,5.775026460529441e+23,3.204661070863569e-197,252161283.25063157,1787.8234982469778,2.3794295153694942,0
365,0.46286431170029096,0.0001285734199167475,700,4.3869923322929907,2.4500190193192384,5.7681656922633243e+23,1.2173632140213831e-200,250307432.55622175,1774.6796968236122,2.3970522723700323,0
366,0.46337126936590484,0.00012871424149052911,700,4.3872462228965912,2.4514051747576828,5.7589580049845591e+23,1.2331771725467559e-203,248717570.47100869,1763.4075746394515,2.4123748027280518,0
367,0.46416435248988058,0.00012893454235830015,700,4.3874274470548391,2.4534988321644002,5.7446759106824118e+23,8.045938890424713e-206,247576112.10891932,1755.3146348522378,2.4234971415014157,0
368,0.4658845066622474,0.0001294123629617354,700,4.3868407746344733,2.4577207633920048,5.7141757213993842e+23,6.87095716189095e-199,251251372.28042531,1781.3722294682154,2.388046658429118,0
369,0.46706045360524701,0.00012973901489034639,700,4.3868475178493602,2.4607033314984958,5.6934941788032683e+23,5.752833812804602e-199,251209455.15919796,1781.0750370787134,2.3884451308560992,0
370,0.46955564610430262,0.00013043212391786183,700,4.375990024232582,2.4613015280998654,5.6593230115087863e+23,7.176660724827697e-119,310520367.25452137,2201.5894038345564,1.9322404044054329,0
371,0.46968628110278859,0.00013046841141744128,700,4.3773547018529175,2.4621377849892472,5.6565588540818547e+23,1.2952119722258009e-125,303840902.57645679,2154.2319992670782,1.9747176726774613,0
372,0.46974570540961724,0.00013048491816933813,700,4.3779487500288798,2.4625099229085277,5.6553071489136433e+23,9.3419222686537854e-129,300872632.56679499,2133.1869648985762,1.9941993224219137,0
373,0.46980593964563955,0.00013050164990156655,700,4.3785212923155505,2.4628779527466484,5.6540443368962953e+23,6.5026625260181178e-132,297975725.10197079,2112.6478909729726,2.0135868443467095,0
374,0.46986789654406536,0.00013051886015112926,700,4.379080107590295,2.4632471306494828,5.6527516031341793e+23,3.99484600363855e-135,295113248.54136735,2092.3529321582942,2.0331178046582861,0
375,0.46993177235641481,0.00013053660343233744,700,4.3796255742711603,2.4636181454232498,5.6514252988805148e+23,2.1634083246258536e-138,292284955.65440488,2072.3003355897304,2.0527912517996123,0
376,0.46999778369161282,0.00013055493991433688,700,4.3801579888031936,2.463991716235066,5.6500614334968781e+23,1.0326354273879112e-141,289490973.63385594,2052.4910030640385,2.0726034821343737,0
377,0.47006617957088764,0.00013057393876969101,700,4.3806770373169286,2.4643684566445629,5.6486554395788014e+23,4.3844155354509135e-145,286734635.75800192,2032.9485675242336,2.0925271145352231,0
378,0.4701373300191074,0.00013059370278308539,700,4.3811829650943075,2.4647495089827127,5.6472004041252287e+23,1.6589575337617384e-148,284016365.27553648,2013.6760298035535,2.112554322064907,0
379,0.47021167100842931,0.00013061435305789703,700,4.3816765076056745,2.4651363663865618,5.6456882331153947e+23,5.5600611039464702e-152,281333862.76403445,1994.6570869970042,2.1326974083572834,0
380,0.47028963789792133,0.00013063601052720037,700,4.3821578503094125,2.4655303243711644,5.6441110362533419e+23,1.6544336445473763e-155,278687721.71070474,1975.8959469288966,2.152947378940639,0
381,0.47037175149036969,0.00013065881985843602,700,4.382627142875112,2.4659329037806303,5.6424594118378137e+23,4.3847812125185866e-159,276078704.87169951,1957.3980175403494,2.1732933015562885,0
382,0.47045864174694674,0.00013068295604081853,700,4.3830844929596742,2.4663459128950067,5.6407220322530966e+23,1.0396551946150958e-162,273507792.95387018,1939.1702520429394,2.1937217712154768,0
383,0.47055108039543087,0.00013070863344317524,700,4.3835299585448695,2.4667715327486803,5.6388850751748756e+23,2.2184868587785098e-166,270976255.1776616,1921.2216492096206,2.214216148225308,0
384,0.47065002688967372,0.00013073611858046492,700,4.38396353939142,2.4672124375598257,5.6369314234077261e+23,4.2937793889344469e-170,268485691.92596149,1903.5635557550668,2.2347559592317414,0
385,0.47075669239175366,0.00013076574788659825,700,4.3843851576366442,2.4676719584189661,5.634839558347077e+23,7.6161367555435324e-174,266038174.5087215,1886.2106572668354,2.2553154302309735,0
386,0.47087263475545871,0.00013079795409873853,700,4.3847946373656059,2.4681543278997093,5.6325819195298384e+23,1.2551149251672306e-177,263636382.50086585,1869.1819519311387,2.2758619061161993,0
387,0.47099990066876768,0.00013083330574132436,700,4.3851916710429064,2.4686650422784764,5.6301224612045556e+23,1.9570731230276953e-181,261283837.09052822,1852.502404971845,2.2963532941079521,0
388,0.47114124767960147,0.0001308725687998893,700,4.385575772111511,2.4692114248551786,5.6274128502080991e+23,2.958926633540814e-185,258985210.53767574,1836.205142712121,2.3167346071783328,0
389,0.47130050271524104,0.00013091680630978919,700,4.3859461990639952,2.4698035277281525,5.6243863573054762e+23,4.4851813683064156e-189,256746846.77909574,1820.3351436637888,2.3369323032669538,0
390,0.47148317288257835,0.00013096754802293843,700,4.386301838747956,2.4704556589389384,5.6209474994937697e+23,7.1399305923076555e-193,254577525.31002244,1804.954654448059,2.3568459127306109,0
391,0.47169754276648757,0.00013102709521291321,700,4.3866410081364355,2.4711891013612401,5.6169535430253106e+23,1.2753218547942282e-196,252489785.62989676,1790.152580115968,2.3763337534750368,0
392,0.47195680021390307,0.00013109911117052862,700,4.3869611079542237,2.4720373356437797,5.6121788944234261e+23,2.8181517429363902e-200,250502217.00780106,1776.0607185853094,2.3951883826294242,0
393,0.47228355404082195,0.00013118987612245053,700,4.3872578111829688,2.4730569934438149,5.6062399803633428e+23,8.9961428486061804e-204,248644744.8151052,1762.8912407390958,2.4130813641211928,0
394,0.47272095290057925,0.00013131137580571647,700,4.38752366680737,2.4743546814965685,5.5984117012208279e+23,5.3695032277330095e-207,246967791.91716588,1751.0016446927061,2.4294665929606025,0
395,0.47336511786617896,0.00013149031051838304,700,4.3877407139367621,2.4761631452825652,5.5870980258553802e+23,1.073938441335592e-209,245589756.59251419,1741.2313742409256,2.4430986386599503,0
396,0.47451313137698681,0.00013180920316027412,700,4.3877893763619928,2.4791693050449548,5.5674426441537832e+23,2.6156702862187318e-210,245279682.80181941,1739.0329510648996,2.4461871164632369,0
397,0.48040535337640428,0.00013344593149344563,700,4.1373188537757279,2.4054674379755863,5.5341197547871032e+23,456452.19099853293,723990505.40963376,5133.0926833543035,0.8287401499285133,0.88843803816830369
398,0.48049446589657052,0.0001334706849712696,700,4.1439061730102917,2.4075732004595118,5.5318246367233465e+23,175713.15021282379,718672011.00809383,5095.3845580473853,0.83487319780043945,0.89457108604022983
399,0.48060193628723569,0.00013350053785756547,700,4.1517506961423276,2.4100760962699952,5.529093105645489e+23,53106.891105989976,712168379.76774144,5049.273812553286,0.8424973883222352,0.90219527656202558
400,0.48070534212799371,0.00013352926170222048,700,4.1592044645536959,2.4124505576112845,5.5264975646448179e+23,15958.56639451409,705808085.57030928,5004.1793266934928,0.8500894397025589,0.90978732794234929
401,0.48080436008623217,0.00013355676669062004,700,4.1662540210649697,2.414693100415477,5.5240414875776844e+23,4801.5104818628288,699621544.83648205,4960.316752890657,0.85760652230947809,0.91730441054926848
402,0.48089927469723753,0.00013358313186034377,700,4.1729291654368721,2.4168139042141421,5.5217135581974665e+23,1446.6448054100695,693601725.4918195,4917.6362337370001,0.8650497511011116,0.92474763934090198
403,0.48099036078344826,0.00013360843355095784,700,4.1792579530106684,2.4188224818429358,5.5195032829582457e+23,436.43475295334747,687741045.0987469,4876.084009750115,0.87242139214455505,0.93211928038434555
404,0.48107786907796896,0.00013363274141054693,700,4.1852657893652259,2.4207274089411932,5.5174012658974201e+23,131.83271200934334,682032385.06517947,4835.609610112122,0.87972362183748809,0.93942151007727848
405,0.48116202847815404,0.00013365611902170946,700,4.1909757069379303,2.4225364268381182,5.5153990795878922e+23,39.870162854662816,676469073.26201308,4796.165729427672,0.88695850810552168,0.94665639634531218
406,0.48124304833043025,0.00013367862453623062,700,4.1964086279107127,2.4242565386155195,5.5134891468853307e+23,12.071756581436803,671044856.54586196,4757.7080329101609,0.89412800671544002,0.95382589495523051
407,0.48132112055945597,0.00013370031126651554,700,4.2015836017517829,2.4258940950676746,5.5116646363332567e+23,3.6590513798878148,665753859.41209447,4720.194863231749,0.90123397937165606,0.96093186761144644
408,0.481396421421318,0.00013372122817258833,700,4.2065180047852193,2.4274548669150495,5.5099193747705178e+23,1.110252059854232,660590558.15786111,4683.5870573392349,0.90827819530629461,0.96797608354608511
409,0.48146911309967327,0.0001337414203054648,700,4.2112277184410658,2.4289441088391284,5.5082477705671363e+23,0.33721781801249451,655549753.07057452,4647.8477492703732,0.91526233850233152,0.97496022674212202
410,0.48153934510247992,0.00013376092919513332,700,4.2157272848949772,2.4303666151676024,5.5066447473668664e+23,0.10252201656311613,650626542.09597909,4612.9421834604918,0.92218801598089306,0.98188590422068345
411,0.48160725547064909,0.00013377979318629141,700,4.2200300423022608,2.4317267681076067,5.5051056871014564e+23,0.031197851389928106,645816302.55824327,4578.8375851379451,0.92905675750712202,0.98875464574691252
412,0.4816729719016844,0.00013379804775046788,700,4.2241482473597607,2.4330285811356069,5.5036263791459381e+23,0.0095020423436663493,641114664.48465133,4545.502971196177,0.93587002955594434,0.99556791779573484
413,0.4817366126609014,0.00013381572573913927,700,4.228093178168332,2.43427573545892,5.5022029778383945e+23,0.0028965376309415774,636517500.3570627,4512.9090775315744,0.94262922804702509,1.0023271162868155
414,0.48179828749932535,0.00013383285763870147,700,4.2318752320641719,2.4354716142876582,5.5008319628968459e+23,0.00088368420958346455,632020901.32452726,4481.0281903908972,0.94933569244716276,1.0090335806869533
415,0.48185809838179378,0.00013384947177272048,700,4.2355040067544065,2.4366193313432047,5.4995101066586822e+23,0.00026980955317633095,627621164.97966743,4449.8340597058423,0.95599070502894479,1.0156885932687352
416,0.48191614017681678,0.00013386559449356022,700,4.2389883749995727,2.4377217568969485,5.4982344443883641e+23,8.2441779677504585e-05,623314782.29331219,4419.3018064595835,0.96259549275001621,1.0222933809898067
417,0.48197250128753544,0.00013388125035764873,700,4.2423365519062806,2.4387815411240896,5.4970022477870267e+23,2.5208969844692172e-05,619098421.00030458,4389.4078048921592,0.96915123613229959,1.0288491243720901
418,0.48202726416986286,0.00013389646226940634,700,4.2455561522067624,2.4398011339860766,5.495811002618518e+23,7.7138180105937325e-06,614968918.78504133,4360.1296341859425,0.97565906450261819,1.0353569527424087
419,0.48210881751159484,0.00013391911597544301,700,4.2502752363038834,2.4412967479082459,5.4940499828375646e+23,1.2488132073577242e-06,608777506.79325974,4316.2325231642108,0.98558174916892805,0
420,0.48218900574671175,0.00013394139048519772,700,4.2548416539443705,2.4427455755605374,5.4923303186740564e+23,1.9320010126083194e-07,602621859.51062834,4272.5889839303545,0.99564924592553361,0
421,0.48226750794337492,0.00013396319665093747,700,4.2592405722707865,2.4441430555405059,5.4906577345509962e+23,2.8785689104256882e-08,596530645.70028841,4229.4022780150444,1.0058158861153541,0
422,0.48234438747432307,0.00013398455207620086,700,4.2634791810436869,2.4454915829056914,5.4890297643541886e+23,4.1279643526556551e-09,590503547.88398659,4186.6701544974649,1.0160819560696004,0
423,0.48241971002120748,0.00013400547500589096,700,4.267564583554428,2.4467935078425276,5.4874439911483624e+23,5.6932070797857708e-10,584539851.53399885,4144.3875473760518,1.0264484079664189,0
424,0.48249353844537446,0.00013402598290149291,700,4.2715035175949394,2.4480510491143961,5.4858981484442079e+23,7.5457905027880138e-11,578638848.65202463,4102.5494369428543,1.0369162067112112,0
425,0.48256593290986161,0.00013404609247496155,700,4.2753023747080645,2.4492663019159377,5.4843901096501253e+23,9.6036796772927927e-12,572799839.89564407,4061.1508648601161,1.0474863263043359,0
426,0.48263695102166398,0.00013406581972823998,700,4.2789672197745512,2.4504412456642664,5.4829178778013787e+23,1.1727567459455868e-12,567022137.10129666,4020.1869520481932,1.0581597449921287,0
427,0.48270664799805829,0.00013408517999946064,700,4.2825038110079152,2.4515777517718704,5.4814795754474891e+23,1.3729691836053565e-13,561305059.20921993,3979.6528697933691,1.068937452381588,0
428,0.48277507677618625,0.00013410418799338506,700,4.2859176162858805,2.4526775901060978,5.4800734363165809e+23,1.5396963800162348e-14,555647936.6938498,3939.5438711593952,1.0798204409253249,0
429,0.48284228817080249,0.00013412285782522291,700,4.2892138311845072,2.4537424358755753,5.4786977965283452e+23,1.6525804949636249e-15,550050107.52798891,3899.8552623734408,1.0908097131304886,0
430,0.48290833097729119,0.00013414120304924756,700,4.2923973935571604,2.4547738752986432,5.4773510874248617e+23,1.6961671218120892e-16,544510920.93026459,3860.5824293955757,1.1019062739365,0
431,0.48297325211462344,0.00013415923669850651,700,4.2954729994272318,2.4557734115969838,5.4760318280399188e+23,1.663300406935608e-17,539029731.26310718,3821.7207946554295,1.1131111424856313,0
432,0.48303709669095546,0.00013417697130304319,700,4.2984451145534859,2.4567424695033799,5.4747386195446831e+23,1.5569683290603931e-18,533605904.95965046,3783.2658661639216,1.1244253379193208,0
433,0.48309990814734133,0.00013419441892981705,700,4.3013178957804872,2.4576822957206059,5.4734701384797206e+23,1.3900621701009608e-19,528238991.1980229,3745.2144475939822,1.1358495112964424,0
434,0.48316173038229909,0.00013421159177286085,700,4.304095178514614,2.4585938576076867,5.4722250914702761e+23,1.182820350698984e-20,522928789.63473231,3707.565118510252,1.1473837583490138,0
435,0.4832226106071148,0.00013422850294642077,700,4.3067811286074713,2.4594784848939462,5.4710021536858152e+23,9.5810110161934615e-22,517674111.98979557,3670.3094540076504,1.1590303360810656,0
436,0.483282587866328,0.00013424516329620223,700,4.3093794178974321,2.4603373454505544,5.4698001958021816e+23,7.3806120112092242e-23,512474351.20762062,3633.4431500620303,1.1707903011850826,0
437,0.48334169982991654,0.00013426158328608793,700,4.3118935427699192,2.4611715489789501,5.468618144755112e+23,5.4017603266674996e-24,507328911.67572242,3596.9619837808718,1.1826647096026563,0
438,0.48339998291335085,0.00013427777303148635,700,4.314326835341368,2.4619821510390354,5.467454978921457e+23,3.7523789499821912e-25,502237210.0646835,3560.8618193586058,1.1946546133503839,0
439,0.48345747240400472,0.00013429374233444577,700,4.3166824743273295,2.4627701569471414,5.4663097233985266e+23,2.4715202056584373e-26,497198666.53777486,3525.1385457528236,1.2067610803908193,0
440,0.48351420248471233,0.00013430950069019787,700,4.3189634911952588,2.4635365240785583,5.4651814475170777e+23,1.541905254101953e-27,492212710.62163502,3489.7881183073919,1.2189851807001004,0
441,0.48357020632282988,0.0001343250573118972,700,4.3211727787275453,2.4642821649417535,5.4640692612215773e+23,9.1018243551075408e-29,487278777.0836913,3454.806529523371,1.2313279958362491,0
442,0.48362551611073046,0.00013434042114186958,700,4.3233130972863023,2.4650079494594088,5.4629723125693603e+23,5.0782117058780042e-30,482396313.99232608,3420.1898662055914,1.2437905983036694,0
443,0.48368016319625196,0.00013435560088784776,700,4.3253870841993667,2.4657147082928685,5.4618897835871787e+23,2.6750312115957776e-31,477564769.52183729,3385.934215909826,1.2563740842959401,0
444,0.48373417806243296,0.00013437060501734249,700,4.3273972570956065,2.4664032340887267,5.460820889254448e+23,1.3289199935296555e-32,472783601.83853757,3352.0357370352308,1.269079548585758,0
445,0.48378759041832059,0.00013438544178286682,700,4.3293460211967876,2.4670742840622286,5.4597648743885329e+23,6.2191216159618272e-34,468052278.84131408,3318.4906569849163,1.281908084039947,0
446,0.48384042928581317,0.00013440011924605922,700,4.3312356760767727,2.4677285823961621,5.4587210107248882e+23,2.738532661091444e-35,463370271.45390713,3285.2952246082014,1.2948607991561318,0
447,0.48389272301016567,0.00013441464528060157,700,4.3330684194147411,2.4683668215925341,5.4576885956057845e+23,1.1333274292547112e-36,458737059.0393244,3252.4457485888097,1.3079388032362262,0
448,0.48394449933114803,0.00013442902759198556,700,4.3348463527043419,2.4689896644932103,5.4566669495561628e+23,4.4027363410534943e-38,454152128.67095977,3219.9385922771048,1.3211432075763963,0
449,0.4839957854456573,0.00013444327373490479,700,4.3365714863652594,2.4695977460945455,5.455655414111949e+23,1.603583255009247e-39,449614973.02667463,3187.7701587591228,1.3344751309347596,0
450,0.48404660804642213,0.00013445739112400614,700,4.3382457438090531,2.4701916749936341,5.454653350194891e+23,5.4692147457910561e-41,445125093.12044579,3155.9369102239602,1.3479356910522382,0
451,0.48409699339162188,0.0001344713870532283,700,4.3398709662907597,2.4707720351162776,5.4536601359428628e+23,1.7445205598740724e-42,440681994.26803249,3124.4353393603501,1.3615260160483589,0
452,0.48414696732905171,0.00013448526870251436,700,4.3414489160890204,2.4713393868484053,5.4526751655030852e+23,5.1974326890487566e-44,436285189.57283872,3093.2619940714262,1.3752472335525583,0
453,0.48419655536008049,0.00013449904315557791,700,4.3429812807726638,2.4718942685586116,5.4516978470956236e+23,1.444432316553149e-45,431934196.83649784,3062.4134555707697,1.3891004796434789,0
454,0.48424578266900292,0.00013451271740805637,700,4.3444696761490702,2.4724371976566006,5.4507276018052788e+23,3.7396276667165646e-47,427628548.51678085,3031.8864089839763,1.4030868661156635,0
455,0.48429467426696621,0.0001345262984074906,700,4.3459156524632743,2.4729686728441274,5.4497638601716214e+23,9.0073063848892132e-49,423367769.47802776,3001.6774855992167,1.4172075515803741,0
456,0.48434325488235996,0.00013453979302287776,700,4.3473206928375339,2.4734891735339422,5.4488060638136461e+23,2.0156020444878917e-50,419151404.46637565,2971.7834576666028,1.4314636515744563,0
457,0.48439154916692939,0.00013455320810192484,700,4.3486862208545789,2.4739991626399083,5.4478536608688515e+23,4.1845808774635331e-52,414978993.90000367,2942.2010667510262,1.445856317596115,0
458,0.48443958162515216,0.00013456655045143115,700,4.350013153811604,2.4744987759895118,5.4469061074320851e+23,8.0596315278231437e-54,410851494.24468583,2912.9370941948223,1.4603816912070553,0
459,0.48448739315484579,0.00013457983143190161,700,4.3513030934111701,2.4749885031522822,5.4459625430733152e+23,1.4369789541352543e-55,406767602.14745551,2883.9822992254594,1.4750437272595192,0
460,0.484535014837362,0.00013459305967704501,700,4.3525574571534387,2.4754688285633542,5.4450223031407424e+23,2.3671261998732795e-57,402726377.72046572,2855.3300180381016,1.4898452974353291,0
461,0.4845824720079478,0.00013460624222442994,700,4.3537774489778895,2.475940162047058,5.4440848395205168e+23,3.5974170138005679e-59,398727395.98240918,2826.9772375152811,1.5047874965342749,0
462,0.4846297902386571,0.00013461938617740474,700,4.3549642249143465,2.4764029012614097,5.4431496022780478e+23,5.0362588119378067e-61,394770230.51066715,2798.9209343206298,1.5198714432540963,0
463,0.484676995312536,0.00013463249869792666,700,4.3561188929180865,2.4768574316935368,5.4422160398496282e+23,6.4850989804072926e-63,390854468.70819527,2771.158183141104,1.5350982220647165,0
464,0.48472411338304688,0.00013464558705084635,700,4.3572425171836109,2.4773041284168724,5.4412835955967242e+23,7.6692383172642357e-65,386979707.44984716,2743.6861258194162,1.5504688965577358,0
465,0.4847711710878348,0.00013465865863550967,700,4.3583361209131359,2.4777433572974914,5.4403517052778769e+23,8.3164061110284044e-67,383145538.44019955,2716.5018675410147,1.56598456670701,0
466,0.48481819548762872,0.00013467172096878576,700,4.3594006848280742,2.4781754745180002,5.4394197979906009e+23,8.2563150163714423e-69,379351574.80295241,2689.6026653529325,1.5816462612858786,0
467,0.48486521433604585,0.00013468478176001272,700,4.3604371530908761,2.4786008291153796,5.4384872905758192e+23,7.4921835574774424e-71,375597424.58584726,2662.9857403136566,1.5974550428869163,0
468,0.48491225602950822,0.0001346978488970856,700,4.3614464317276926,2.4790197625112764,5.4375535883784103e+23,6.2044105483469491e-73,371882707.39425975,2636.6483954253013,1.6134119389528285,0
469,0.48495934976887772,0.00013471093049135494,700,4.3624293915185532,2.479432609907839,5.4366180818086099e+23,4.6811733189267555e-75,368207053.06347585,2610.5880062200436,1.6295179437982275,0
470,0.48500652571479236,0.00013472403492077566,700,4.363386870328072,2.479839701520957,5.435680143035659e+23,3.212570055867484e-77,364570093.72826421,2584.8019645333934,1.64577405092151,0
471,0.4850538150503021,0.00013473717084730615,700,4.3643196733174596,2.4802413629510025,5.4347391245415843e+23,2.0020145554832142e-79,360971467.07448184,2559.2877015580762,1.6621812379320211,0
472,0.48510125009277305,0.00013475034724799251,700,4.3652285738491008,2.480637915906363,5.4337943566848489e+23,1.1310170250366616e-81,357410825.50599819,2534.0427528375271,1.6787404218956166,0
473,0.48514886453910633,0.00013476357348308509,700,4.3661143166723138,2.481029679969716,5.4328451426284047e+23,5.7825170323857075e-84,353887820.09744066,2509.0646444908543,1.6954525302249566,0
474,0.48519669351086181,0.00013477685930857273,700,4.3669776168538093,2.4814169725922373,5.4318907572429127e+23,2.6709730988311968e-86,350402119.29207134,2484.3510257807852,1.7123184106654357,0
475,0.48524477386543746,0.00013479021496262152,700,4.3678191633013661,2.4818001111880577,5.4309304407159545e+23,1.1126985236305283e-88,346953394.27909809,2459.8995654388054,1.7293388965013117,0
476,0.48529314432743548,0.00013480365120206541,700,4.368639618485175,2.4821794136405555,5.4299633957415642e+23,4.173362845464094e-91,343541322.99528903,2435.7079800365991,1.7465147853791894,0
477,0.48534184569128896,0.00013481717935869139,700,4.369439619100759,2.4825551993018817,5.4289887832940855e+23,1.4068255873679177e-93,340165596.05964875,2411.7740760629094,1.7638468056445917,0
478,0.48539092113127563,0.00013483081142535435,700,4.3702190837323585,2.4829274629915532,5.4280057176259416e+23,4.2773350151542554e-96,336828904.86721194,2388.1169355085326,1.781319807563837,0
479,0.48544046130671664,0.00013484457258519907,700,4.3709791833661766,2.4832968101744468,5.4270123642397081e+23,1.1663434395492976e-98,333528539.97870266,2364.7173484490017,1.7989465010649845,0
480,0.48549052565700307,0.00013485847934916753,700,4.3717205879574914,2.4836636354315371,5.4260075099468277e+23,2.8453678913652916e-101,330263788.00833541,2341.5702569790978,1.816729601565815,0
481,0.48554117098050648,0.00013487254749458514,700,4.3724438420439169,2.4840282928497106,5.4249899934305364e+23,6.1997775276481467e-104,327034382.62477499,2318.6737728096546,1.8346694778218895,0
482,0.48559245832333769,0.00013488679397870491,700,4.3731494670594495,2.4843911465929991,5.4239585670776609e+23,1.2045315062181466e-106,323840075.50234026,2296.0261353115925,1.852766366451962,0
483,0.48564445362728992,0.00013490123711869164,700,4.3738379632237177,2.4847525738242857,5.4229118838260295e+23,2.0833778312764607e-109,320680648.07987785,2273.625794886334,1.8710202925951021,0
484,0.4856972286575057,0.00013491589684930713,700,4.3745098133820344,2.4851129691472056,5.4218484783577011e+23,3.2027596282949201e-112,317555874.44689107,2251.4711498284578,1.8894312726699238,0
485,0.4857508614093064,0.00013493079483591845,700,4.3751654786350711,2.4854727451067098,5.4207667587898076e+23,4.3693678253818999e-115,314465561.83861363,2229.5608334357703,1.9079990714783739,0
486,0.485805437290668,0.00013494595480296334,700,4.3758054022327828,2.48583233759221,5.4196649827481768e+23,5.2819984167445556e-118,311409527.70782518,2207.8935514484806,1.9267233228745011,0
487,0.48586105005123187,0.00013496140279200885,700,4.3764300082374419,2.486192209018248,5.4185412385734152e+23,5.6500283039238232e-121,308387621.35837299,2186.4682354308643,1.9456033849774672,0
488,0.48591780325587891,0.00013497716757107748,700,4.3770397039950666,2.486552854465772,5.4173934155398853e+23,5.3404766137958342e-124,305399696.18684679,2165.2838459647437,1.9646384966699952,0
489,0.48597581144036095,0.00013499328095565582,700,4.3776348765245237,2.4869148051476948,5.4162191805542478e+23,4.4550643354900664e-127,302445651.50544941,2144.3396691736361,1.9838274976460994,0
490,0.48603520229270247,0.00013500977841463958,700,4.3782158966248126,2.4872786375789619,5.415015934171808e+23,3.2763000485614535e-130,299525406.71891475,2123.6351336371054,2.0031689684443403,0
491,0.48609611865589575,0.00013502669962663772,700,4.3787831169723459,2.4876449806039282,5.4137807703129525e+23,2.1219781794851539e-133,296638912.02628672,2103.1698862663729,2.0226611401097334,0
492,0.48615872110497838,0.00013504408919582734,700,4.3793368714162497,2.4880145248469225,5.4125104244772491e+23,1.2094321600472917e-136,293786162.4103328,2082.9438914892594,2.042301771728706,0
493,0.48622319130303088,0.00013506199758417525,700,4.3798774759295505,2.4883880354517203,5.411201206372959e+23,6.0624729308074404e-140,290967193.07237679,2062.9573988831512,2.0620881469985957,0
494,0.48628973588126229,0.00013508048218923953,700,4.3804052271819041,2.488766366167813,5.4098489221729968e+23,2.6718142502900311e-143,288182093.86319107,2043.2110454900244,2.0820169357393818,0
495,0.48635859143881915,0.00013509960873300532,700,4.3809194750463805,2.4891501608872151,5.4084487780418942e+23,1.0502997249257013e-146,285435995.20644808,2023.7412060137169,2.1020474294632541,0
496,0.48643016153535767,0.00013511948931537712,700,4.3814213332732974,2.4895411981642992,5.4069925996354994e+23,3.6396390202727466e-150,282724622.01673561,2004.5175700986554,2.12220639193032,0
497,0.48650479024588827,0.00013514021951274675,700,4.381911034066686,2.4899408197147959,5.4054734298445158e+23,1.1130442383983081e-153,280048309.34835607,1985.5425132798443,2.1424874922335326,0
498,0.4865828814362782,0.00013516191151007729,700,4.3823887743012069,2.4903505789850056,5.4038831137642184e+23,3.0092989427325265e-157,277407541.18337876,1966.8194669901554,2.162882802105849,0
499,0.48666491470751139,0.00013518469852986427,700,4.3828547178267199,2.4907722999748536,5.4022119818604972e+23,7.2123727649935662e-161,274802962.2073189,1948.3530020498908,2.1833825777589091,0
500,0.48675146607009873,0.00013520874057502743,700,4.3833089933561915,2.4912081520214651,5.4004484402465343e+23,1.5380041089049216e-164,272235400.86380696,1930.1489921243913,2.2039749352809781,0
501,0.48684323542528402,0.0001352342320625789,700,4.3837516883619001,2.4916607480570248,5.398578427621585e+23,2.9326717135626757e-168,269705909.86485815,1912.2149009418442,2.224645356494571,0
502,0.48694108411281933,0.00013526141225356092,700,4.3841828395986475,2.4921332781036147,5.396584675440576e+23,5.033525527364499e-172,267215833.88461721,1894.5602622419358,2.2453759243139677,0
503,0.48704608781086606,0.00013529057994746279,700,4.3846024212943053,2.4926296970540118,5.3944456685795617e+23,7.8446865693343185e-176,264766887.61845446,1877.1972332148421,2.2661444012010947,0
504,0.48715961215684456,0.00013532211448801239,700,4.3850103272680938,2.4931549916899991,5.3921341648172421e+23,1.1230297352747389e-179,262361287.94941723,1860.1415315613681,2.2869227571244388,0
505,0.48728342491757898,0.00013535650692154971,700,4.3854063485761552,2.4937155759948371,5.3896150065459982e+23,1.4994318183424376e-183,260001894.23099416,1843.4134300977485,2.307675495113664,0
506,0.48741986485157368,0.00013539440690321492,700,4.3857901355994304,2.4943198816983285,5.386841842025623e+23,1.9056095629697775e-187,257692494.37883759,1827.0397851459584,2.3283565221652553,0
507,0.48757211023641317,0.00013543669728789256,700,4.3861611504743916,2.4949792950148182,5.3837519349362258e+23,2.368919795207008e-191,255438093.45607185,1811.0560826035494,2.3489057246004816,0
508,0.48774461402865421,0.0001354846150079595,700,4.3865185811880156,2.4957096598993243,5.3802578078328946e+23,2.9902351877736176e-195,253245526.15502337,1795.5107804391155,2.3692422492498921,0
509,0.48794385905802651,0.00013553996084945182,700,4.38686121946672,2.4965338708436655,5.3762328356787934e+23,4.036850793892398e-199,251124258.99556586,1780.4709962785616,2.3892554323499042,0
510,0.48817973345101179,0.00013560548151416994,700,4.3871869564832613,2.4974864674472981,5.3714852411826565e+23,6.3273817295036389e-203,249089662.87882209,1766.0457098108484,2.408771175269083,0
511,0.48846850758434929,0.00013568569655120812,700,4.3874930307236726,2.4986238361835125,5.3657021254218915e+23,1.2843422396140606e-206,247161649.38187483,1752.3760941174924,2.4275610779444809,0
512,0.48883870152338305,0.00013578852820093974,700,4.3877749024630281,2.5000433598687306,5.3583415295612787e+23,4.0074285284007539e-210,245371951.04614928,1739.6871329171984,2.4452672664576589,0
513,0.48934624632729185,0.00013592951286869217,700,4.3880240211026038,2.5019319507755768,5.3483579633843292e+23,2.611133347630559e-213,243778757.77131769,1728.3913925986424,2.4612480820123133,0
514,0.49012285418626772,0.00013614523727396326,700,4.3882160144332358,2.5047146003086826,5.3333472084824427e+23,8.0028382949851376e-216,242543463.56723493,1719.6331566916956,2.4737834249393211,0
515,0.4916476825172596,0.00013656880069923879,700,4.3880379734594097,2.5098043684216425,5.3048688992146704e+23,1.7229395605241152e-213,243689206.89138842,1727.7564768599439,2.462152541156319,0
516,0.49410465854264657,0.00013725129403962405,700,4.3831381257788387,2.5135469941259481,5.2688991414174097e+23,3.8517405669501501e-163,273204447.6634587,1937.0195339339223,2.1961575118246159,0
517,0.49433208571599135,0.00013731446825444204,700,4.3841824519255921,2.5148056676588344,5.2641216687833339e+23,5.0857109748722984e-172,267218084.9369103,1894.5762222026938,2.245357009207138,0
518,0.49443360421144483,0.00013734266783651245,700,4.3846167966205352,2.5153540400977019,5.262006131315081e+23,5.7887558351375653e-176,264682528.37846205,1876.5991262032958,2.2668666635301178,0
519,0.49453957767894363,0.00013737210491081766,700,4.3850281082383713,2.5159091973103518,5.2598171702206271e+23,7.5955221008421972e-180,262255861.00958499,1859.3940545579576,2.2878421008027385,0
520,0.49465410578988095,0.00013740391827496694,700,4.3854278645012004,2.5164903866991821,5.2574734171532601e+23,9.1695299128501049e-184,259873028.22805575,1842.4997701369152,2.3088198267096049,0
521,0.49477901076532543,0.00013743861410147928,700,4.3858160152872774,2.5171036432473026,5.2549423730547886e+23,1.0309391938148733e-187,257535941.93653953,1825.9298283300652,2.3297718970342727,0
522,0.49491665018677267,0.00013747684727410351,700,4.3861922183284126,2.5177565683113619,5.2521824222447793e+23,1.1020219221589197e-191,255248328.84894615,1809.710651539028,2.3506520207428077,0
523,0.49507022612362439,0.00013751950725656234,700,4.3865559420122029,2.518459344015108,5.2491374519145218e+23,1.1515824408325179e-195,253015156.46254492,1793.8774593194435,2.3713994386293651,0
524,0.4952442254079073,0.00013756784039108537,700,4.3869063852322432,2.5192260344556279,5.2457294602088105e+23,1.2220601634031571e-199,250843199.46978134,1778.4782842407494,2.3919324951533358,0
525,0.49544518029476925,0.00013762366119299146,700,4.3872419655459778,2.520076705580133,5.2418458892627024e+23,1.4037035726682067e-203,248744317.3657892,1763.5972101234454,2.4121154057066327,0
526,0.49568333748358284,0.0001376898159676619,700,4.387561041404898,2.5210426696085597,5.2373114958359219e+23,1.8765469015114952e-207,246731077.39428318,1749.3233387254677,2.4317974303706507,0
527,0.49597520919593124,0.00013777089144331424,700,4.3878608228713176,2.5221732447441929,5.2318476198049133e+23,3.2705412557593851e-211,244823686.98925376,1735.7999407538091,2.4507432568252119,0
528,0.49634984203751725,0.00013787495612153258,700,4.3881366066684855,2.523553218340735,5.2249710936860785e+23,8.9166692394863574e-215,243055167.40698105,1723.2611369154956,2.4685753707730749,0
529,0.49686471588421127,0.00013801797663450313,700,4.3883795624866728,2.5253459289592763,5.2157421031723728e+23,5.2707630546914577e-218,241486027.26768598,1712.1359333278933,2.4846158048511153,0
530,0.49765709150872389,0.00013823808097464553,700,4.3885637850630435,2.5279269315223445,5.2019652769952115e+23,1.6479002630453923e-220,240289181.17287645,1703.6502945156938,2.4969913213376387,0
531,0.49924793339575685,0.00013867998149882135,700,4.3883256576776954,2.5325790171905043,5.1755797887148094e+23,2.7917003167861812e-217,241835084.41962579,1714.6107485351467,2.4810295885724174,0
532,0.50173658449897351,0.00013937127347193708,700,4.3829030092591452,2.5354726964663579,5.1431547642568873e+23,2.9960610706714265e-161,274531352.68755454,1946.4272905547616,2.1855427226298008,0
533,0.50194554190907759,0.00013942931719696601,700,4.3839639626388367,2.5365987080938508,5.1391320540074331e+23,4.3006892594275821e-170,268483248.07407874,1903.5462288452181,2.2347763009573343,0
534,0.5020383008273821,0.00013945508356316171,700,4.384404907361982,2.5370862059957489,5.1373601242917046e+23,5.0929863131970301e-174,265922896.42921948,1885.393335683166,2.256293113743598,0
535,0.50213464196971969,0.0001394818449915888,700,4.3848245902379226,2.5375771226826358,5.1355353642461689e+23,6.6204961255555612e-178,263459724.73008725,1867.9294483363185,2.2773879408501467,0
536,0.50223768801742064,0.00013951046889372796,700,4.385233132422905,2.5380856901384368,5.1336008629561243e+23,7.7709451350710943e-182,261036796.61289531,1850.7508879854274,2.2985265211087094,0
537,0.50234870579795077,0.00013954130716609743,700,4.3856305855963198,2.5386157821219411,5.1315359904942108e+23,8.3022820415593654e-186,258655337.66088492,1833.866344015674,2.3196892259252024,0
538,0.50246928457796769,0.0001395748012716577,700,4.3860167926590901,2.5391721202930393,5.1293151074179252e+23,8.1862984908543295e-190,256317836.80522707,1817.2934629490599,2.3408437254249028,0
539,0.50260150481644905,0.0001396115291156803,700,4.3863914763543868,2.5397608014694764,5.1269048524108712e+23,7.5890263279527419e-194,254027570.47422412,1801.055474662249,2.3619483463149575,0
540,0.50274815844137588,0.00013965226623371553,700,4.3867541996736286,2.5403898994929373,5.1242607391880831e+23,6.780623522345877e-198,251788879.36888677,1785.1831547254071,2.3829487684440651,0
541,0.50291310192905792,0.00013969808386918276,700,4.387104141397681,2.5410703750681982,5.1213217392823944e+23,6.0653061065329312e-202,249608614.83108243,1769.7250791523745,2.4037631890471323,0
542,0.50310193825956662,0.00013975053840543518,700,4.3874400184306532,2.5418179623110855,5.1179997170909562e+23,5.7404802147572705e-206,247496722.95626071,1754.7517657598883,2.4242745230450429,0
543,0.50332323923398292,0.00013981201089832858,700,4.3877606430037241,2.5426566652370788,5.1141607318545775e+23,6.0961260631701786e-210,245462818.88284603,1740.3313858793783,2.4443620534088573,0
544,0.50359031751811534,0.0001398861993105876,700,4.3880636380736844,2.5436228354376649,5.1095992912644332e+23,8.0292827395419666e-214,243524394.17160875,1726.587954676706,2.4638188795870164,0
545,0.50392584810108143,0.00013997940225030041,700,4.3883452210669045,2.5447773179577928,5.1039691950229257e+23,1.5293457017770579e-217,241708464.07191497,1713.713010269877,2.482329289972582,0
546,0.50437245439871126,0.00014010345955519756,700,4.388598756272474,2.5462321524317213,5.0966281131062355e+23,5.4550587683602327e-221,240061290.26656303,1702.0345479899318,2.4993617227240703,0
547,0.50502334432727758,0.00014028426231313266,700,4.3888091037563042,2.5482259895702315,5.0861936050889203e+23,6.354384692020663e-224,238685860.16845855,1692.282748594371,2.513764324273482,0
548,0.50615286899515377,0.00014059801916532048,700,4.3888887199682136,2.5514274452640051,5.0686812412128257e+23,4.73089624549508e-225,238163145.94574499,1688.576704755332,2.5192814682448121,0
549,0.51129929770582117,0.00014202758269606143,700,4.3074573084252377,2.5251921584750683,5.0386682444839258e+23,4.9925733693879111e-22,516332170.43117636,3660.7950883570402,1.1620426430120647,0
550,0.51139482475852105,0.00014205411798847806,700,4.3113852147517466,2.52705167946936,5.0356537430829829e+23,9.2904372522710125e-24,508378558.04919142,3604.4039765687671,1.1802228683727121,0
551,0.51145588368743777,0.00014207107880206604,700,4.3138513297932262,2.5282228898108472,5.0337460619801755e+23,6.4049811533031088e-25,503241081.607014,3567.9792685937286,1.1922715015316376,0
552,0.51151569391095053,0.0001420876927530418,700,4.3162235318302269,2.5293530155589341,5.0318958293677215e+23,4.2567519104919007e-26,498188971.58378959,3532.159808529068,1.204362268583633,0
553,0.51157467281997082,0.00014210407578332522,700,4.3185203000454111,2.5304507725569199,5.0300890701012782e+23,2.6804444859866017e-27,493189916.7360608,3496.7165096586709,1.2165698844185828,0
554,0.5116328594254691,0.00014212023872929697,700,4.3207447288108041,2.5315175741947997,5.0283236986380562e+23,1.59720663633015e-28,488242988.50157809,3461.6427884761883,1.2288962957592182,0
555,0.51169028739048628,0.00014213619094180174,700,4.3228996091772265,2.5325546904703127,5.0265978558173304e+23,8.9964907588250466e-30,483347625.59894228,3426.9346654965002,1.2413426035899264,0
556,0.51174698935740093,0.00014215194148816692,700,4.3249876048598983,2.5335633319932347,5.024909771123517e+23,4.7848189037331325e-31,478503271.37348968,3392.5881940380414,1.2539099226589772,0
557,0.51180299698070686,0.00014216749916130746,700,4.3270112577850943,2.5345446527858049,5.0232577580261281e+23,2.4002439024624514e-32,473709388.79474801,3358.599566554763,1.2665993416904218,0
558,0.51185834113352724,0.00014218287253709089,700,4.3289729994723354,2.5354997559193566,5.0216402045179202e+23,1.134351815300233e-33,468965435.29132998,3324.9649362155292,1.2794119882785582,0
559,0.51191305181882285,0.00014219806994967302,700,4.3308751515128519,2.5364296938409554,5.0200555726300892e+23,5.044756550533906e-35,464270880.77890438,3291.6805447224319,1.2923489816836751,0
560,0.51196715829044437,0.00014221309952512344,700,4.3327199333801536,2.5373354722453385,5.0185023919877762e+23,2.1087282291623359e-36,459625200.19290119,3258.7426693676694,1.305411452087885,0
561,0.51202068908618115,0.00014222796919060587,700,4.334509466848389,2.5382180522887223,5.0169792561754919e+23,8.2750294698360162e-38,455027881.42678374,3226.1476793158963,1.3186005176619995,0
562,0.51207367215264743,0.00014224268670906873,700,4.3362457831929095,2.5390783541771325,5.0154848167110109e+23,3.0447752948016762e-39,450478408.99900061,3193.8919198029139,1.3319173305847187,0
563,0.51212613477961022,0.00014225725966100284,700,4.3379308238873042,2.5399172575333151,5.0140177826020875e+23,1.0491525655529199e-40,445976281.18392569,3161.9718335940329,1.3453630278435214,0
564,0.51217810373348061,0.00014227169548152238,700,4.3395664476748044,2.5407356049109726,5.0125769144441761e+23,3.3811981751852368e-42,441521001.08038586,3130.3838976599354,1.3589387560995327,0
565,0.51222960528670447,0.00014228600146852901,700,4.3411544339953325,2.5415342034988098,5.0111610216530249e+23,1.017871957066029e-43,437112080.39354557,3099.1246499902381,1.3726456598037771,0
566,0.51228066529134542,0.0001423001848031515,700,4.3426964875420744,2.5423138274094081,5.0097689586216684e+23,2.8584861538907718e-45,432749030.55100226,3068.1906266066057,1.3864849084376771,0
567,0.51233130914898106,0.00014231425254138363,700,4.3441942395719506,2.5430752183107717,5.0083996238517275e+23,7.4786282916643587e-47,428431376.54877901,3037.578459730843,1.4004576528294657,0
568,0.5123815619428117,0.00014232821165078102,700,4.3456492538861085,2.5438190884331617,5.0070519548023764e+23,1.820379198166434e-48,424158645.79690373,3007.2847987000473,1.4145650594313075,0
569,0.51243144843980049,0.00014234206901105569,700,4.3470630287244534,2.5445461215099927,5.0057249264157407e+23,4.1167834089293591e-50,419930374.86242199,2977.3063577745716,1.4288082880324449,0
570,0.51248099317263729,0.00014235583143684368,700,4.3484370008346014,2.5452569748267626,5.0044175476250124e+23,8.6377347190140142e-52,415746099.99053431,2947.6398489328881,1.443188523028023,0
571,0.51253022041052831,0.00014236950566959121,700,4.3497722551980909,2.5459520600502277,5.0031288609881697e+23,1.6805585964205738e-53,411606286.70873427,2918.2885727649259,1.4577036828025398,0
572,0.51257916522811786,0.00014238310145225496,700,4.351070174655856,2.546631956646864,5.0018576602032329e+23,3.0273296506054673e-55,407510336.6303488,2889.2482867091726,1.4723552903254522,0
573,0.5126278609365873,0.00014239662803794092,700,4.3523322635269821,2.5472973764869185,5.0006028158178241e+23,5.0383118478570486e-57,403457080.49231762,2860.5107006905314,1.4871470325117391,0
574,0.51267633215997543,0.00014241009226665985,700,4.3535597392124048,2.5479488875112395,4.999363449460406e+23,7.7353537029698563e-59,399446077.47479481,2832.0726892962948,1.502080089991271,0
575,0.5127246034775691,0.0001424235009659914,700,4.3547537676374315,2.5485870362355771,4.9981387068258175e+23,1.0939281665113347e-60,395476900.87694794,2803.9312272175607,1.5171556130573833,0
576,0.51277269957662786,0.00014243686099350773,700,4.3559154679577858,2.5492123502343653,4.9969277530840809e+23,1.4228002660790188e-62,391549129.1011641,2776.0833253272531,1.5323747530159331,0
577,0.51282064529948201,0.00014245017924985611,700,4.3570459144112466,2.5498253391098791,4.9957297711335367e+23,1.6993028287470056e-64,387662351.51131195,2748.5260722152016,1.5477386381754228,0
578,0.51286846576575995,0.00014246346271271109,700,4.3581461396456032,2.5504264963148207,4.9945439580696605e+23,1.8607233605255386e-66,383816158.15927225,2721.2565613492402,1.5632484126710942,0
579,0.51291618637148162,0.00014247671843652267,700,4.3592171350313915,2.5510162993372827,4.9933695248329852e+23,1.8650015169804587e-68,380010144.99144346,2694.271927989334,1.5789052158423558,0
580,0.51296383285482183,0.00014248995357078384,700,4.3602598524048579,2.5515952106811479,4.9922056942526194e+23,1.708278364131234e-70,376243920.83155698,2667.5693986957385,1.5947101515259241,0
581,0.51301143145475836,0.00014250317540409954,700,4.3612752076124348,2.5521636798689262,4.991051696954535e+23,1.4275848286440462e-72,372517092.9659431,2641.1461891285367,1.6106643462259977,0
582,0.513059008892507,0.00014251639135902971,700,4.3622640799514718,2.5527221432067324,4.9899067716785013e+23,1.0866413969005896e-74,368829284.18072426,2614.9996248413345,1.6267688758303784,0
583,0.51310659257520308,0.00014252960904866753,700,4.3632273161600139,2.5532710261111227,4.9887701603282735e+23,7.520929479678574e-77,365180109.98468477,2589.1269797914147,1.6430248625128112,0
584,0.51315421051160992,0.00014254283625322498,700,4.3641657282732735,2.5538107419954921,4.987641110018812e+23,4.7251442501551644e-79,361569204.06169921,2563.525656797447,1.6594333622993354,0
585,0.51320189156376939,0.00014255608098993593,700,4.3650800981044018,2.554341694950514,4.9865188671986481e+23,2.6900900234038555e-81,357996208.65969652,2538.1931193972482,1.6759954029858093,0
586,0.51324966558522045,0.00014256935155145014,700,4.3659711789297626,2.5548642809233706,4.9854026746645443e+23,1.3853529711317612e-83,354460760.5164817,2513.1267920618552,1.6927120483681894,0
587,0.51329756337721322,0.00014258265649367034,700,4.3668396936827882,2.555378886850086,4.9842917729181546e+23,6.4420859322549e-86,350962511.4681924,2488.324206309484,1.7095843014400636,0
588,0.51334561692954617,0.00014259600470265172,700,4.3676863382402358,2.5558858928098576,4.9831853949719938e+23,2.700152153098026e-88,347501120.72038728,2463.7829459075456,1.7266131365451998,0
589,0.51339385957103612,0.00014260940543639892,700,4.3685117825756414,2.5563856730121666,4.9820827634462256e+23,1.0182628401577328e-90,344076252.02700573,2439.5006268714706,1.7437995109087254,0
590,0.51344232609269813,0.00014262286835908282,700,4.3693166711622053,2.5568785963782554,4.9809830884294306e+23,3.4486629921643439e-93,340687578.68598306,2415.4749328836197,1.7611443373256328,0
591,0.51349105295495567,0.00014263640359859879,700,4.3701011400554988,2.5573647791833114,4.9798855642920867e+23,1.0508737148793579e-95,337336862.79589748,2391.7183572229133,1.7786375168936825,0
592,0.51354010923840987,0.00014265003034400275,700,4.370866072521653,2.5578447765881567,4.978788687930048e+23,2.87071731852334e-98,334022633.17277479,2368.2204691949728,1.7962854621580302,0
593,0.51358955031774467,0.0001426637639771513,700,4.3716122363467624,2.558319074580953,4.9776912984620056e+23,7.0076487644710036e-101,330743767.64830083,2344.9733126264528,1.8140931400346596,0
594,0.51363942222842152,0.00014267761728567265,700,4.372340184366271,2.5587880393201368,4.9765924719845362e+23,1.5258197097548679e-103,327499973.13244766,2321.9748095090536,1.8320612190015286,0
595,0.51368977390552961,0.00014269160386264711,700,4.3730504470171621,2.5592520373204728,4.9754912478454902e+23,2.958003748580882e-106,324290976.21528471,2299.2230213663684,1.8501902427333727,0
596,0.51374065770175925,0.00014270573825048868,700,4.3737435352163994,2.5597114382901061,4.9743866193881398e+23,5.0964524221920259e-109,321116503.27037519,2276.7160081869602,1.8684807348403676,0
597,0.51379212963742216,0.00014272003601039504,700,4.3744199387149809,2.5601666151695812,4.9732775309200234e+23,7.7900452447995847e-112,317976309.25178295,2254.4520325951407,1.8869330278467458,0
598,0.51384425016257196,0.00014273451393404776,700,4.3750801304638953,2.5606179483583151,4.9721628640600086e+23,1.0544850726333508e-114,314870148.712578,2232.4293543721778,1.905547421542638,0
599,0.51389708451320437,0.00014274919014255677,700,4.375724564367129,2.561065825830168,4.9710414333379566e+23,1.2618538493699862e-117,311797793.43581367,2210.6463554599191,1.9243240735875038,0
600,0.51395070342267546,0.00014276408428407652,700,4.3763536767030953,2.5615106459103849,4.9699119747296061e+23,1.3325743244860109e-120,308759021.39494801,2189.1014616901812,1.9432630576727734,0
601,0.51400518372522508,0.0001427792177014514,700,4.3769678849785301,2.5619528185788401,4.9687731371080866e+23,1.2398615746015432e-123,305753648.6978398,2167.7933692676838,1.9623641534788301,0
602,0.51406060963397426,0.00014279461378721508,700,4.3775675927816975,2.562392771530595,4.9676234603953494e+23,1.0146924634075225e-126,302781480.32968295,2146.7206955374518,1.9816271435977237,0
603,0.51411707325453992,0.00014281029812626109,700,4.3781531844807198,2.5628309493050065,4.9664613705760023e+23,7.2930047372470013e-130,299842363.19961846,2125.8823550852944,2.0010514645008755,0
604,0.51417467621718482,0.00014282629894921801,700,4.3787250300020242,2.5632678203742882,4.9652851525575746e+23,4.5966372196116342e-133,296936150.89875543,2105.2773098721759,2.0206364168995323,0
605,0.51423353083700407,0.00014284264745472336,700,4.379283482193423,2.5637038793947129,4.9640929341401995e+23,2.537071110641229e-136,294062724.79883689,2084.9047188237537,2.0403810119437931,0
606,0.51429376189661458,0.00014285937830461515,700,4.3798288776928231,2.5641396529354354,4.9628826587423677e+23,1.2247365870026241e-139,291222002.22427231,2064.7639957700903,2.0602838913865282,0
607,0.51435550889694792,0.00014287653024915221,700,4.3803615386725205,2.5645757069790696,4.9616520507074421e+23,5.1650552352468499e-143,288413916.50014341,2044.8546679860167,2.0803434427884193,0
608,0.51441892823648327,0.00014289414673235645,700,4.3808810267152252,2.5650123753209253,4.9603985865618726e+23,1.9231738094214721e-146,285642426.95337015,2025.2048070993942,2.1005282947618538,0
609,0.51448429111718308,0.0001429123030881064,700,4.3813882525667607,2.5654509036588062,4.9591176115922936e+23,6.2634967175907244e-150,282904317.5661341,2005.7916115438907,2.1208584059864655,0
610,0.51455182472721606,0.00014293106242422668,700,4.3818835637138021,2.5658921382718338,4.9578054851749227e+23,1.7816645827654305e-153,280199251.92922753,1986.6126961782231,2.1413333400031611,0
611,0.51462177817586119,0.00014295049393773921,700,4.3823672063596639,2.566336944126169,4.9564582893180456e+23,4.4269411114007835e-157,277527405.31044811,1967.6693036510769,2.1619486527063052,0
612,0.51469443952909366,0.00014297067764697046,700,4.3828394079085555,2.5667862944208784,4.9550715259909512e+23,9.6130348208532173e-161,274889002.15768999,1948.9630252980219,2.1826991814529202,0
613,0.51477014367940377,0.00014299170657761215,700,4.3833003709883318,2.5672412901953154,4.9536400045498633e+23,1.8263856858380945e-164,272284397.73913246,1930.4963799704492,2.2035783356740182,0
614,0.51484928452254553,0.00014301369014515153,700,4.3837502783120135,2.5677031977091613,4.9521576586481137e+23,3.0410072491275536e-168,269714012.60373664,1912.2723493604926,2.2245785237770308,0
615,0.51493232808699296,0.00014303675780194248,700,4.3841892821650106,2.5681734803790142,4.9506173602117558e+23,4.4487590945610117e-172,267178425.65376818,1894.2950378852163,2.2456903042670424,0
616,0.51501983227930637,0.00014306106452202956,700,4.3846175049642149,2.5686538548704725,4.9490106296454175e+23,5.7383505916980686e-176,264678372.93187433,1876.569664086989,2.2669022533036132,0
617,0.51511247219463052,0.0001430867978318418,700,4.3850350324899114,2.5691463586199972,4.9473272709388211e+23,6.5575028392878262e-180,262214793.30075824,1859.1028845023757,2.2882004193859684,0
618,0.5152110748780645,0.00014311418746612903,700,4.3854419061743553,2.5696534425295683,4.9455548718985654e+23,6.681450630505485e-184,259788886.46666393,1841.9032050486471,2.3095676191559944,0
619,0.51531666789166219,0.00014314351885879505,700,4.3858381129383863,2.5701780997114985,4.9436781086038736e+23,6.1216348000021309e-188,257402188.72061282,1824.9815180291448,2.3309825102196258,0
620,0.51543054855735859,0.00014317515237704406,700,4.386223571126652,2.5707240475193949,4.9416777585174584e+23,5.100148338719662e-192,255056668.59066495,1808.3517803078146,2.3524183990771372,0
621,0.51555438472844295,0.00014320955131345638,700,4.3865981093454378,2.5712959892459506,4.9395292730232408e+23,3.9213605287801935e-196,252754876.44405383,1792.0320739883414,2.3738414405342141,0
622,0.51569036658139966,0.00014324732405038878,700,4.3869614366980647,2.5719000052009204,4.9372006381725241e+23,2.8378848181107265e-200,250500167.6804845,1776.0461888546349,2.3952079775264106,0
623,0.51584144364074114,0.00014328928990020587,700,4.3873125676076796,2.5725440081628608,4.9346490549684582e+23,2.0143310351431388e-204,248300333.18216905,1760.4493622615785,2.4164284933109674,0
624,0.51601196776062108,0.00014333665771128364,700,4.3876511804705256,2.5732399960814338,4.9318113585878756e+23,1.4410287823347843e-208,246159188.87373728,1745.2686491147972,2.4374470956993552,0
625,0.51620801283272455,0.00014339111467575683,700,4.3879762510529785,2.5740041019500071,4.9286006944772187e+23,1.092894436179113e-212,244085100.68650672,1730.5633638673326,2.4581590531845543,0
626,0.51643872472558461,0.00014345520131266238,700,4.3882861655354644,2.5748601544742167,4.9248875799128165e+23,9.4633632980101205e-217,242090479.85629889,1716.421502181159,2.4784122050406547,0
627,0.51671874362444081,0.00014353298434012244,700,4.3885784340281573,2.5758456016855065,4.920466895001673e+23,1.0438595703457748e-220,240193748.5739001,1702.9736773889517,2.4979834136499131,0
628,0.51707334730294785,0.00014363148536192995,700,4.3888490178931931,2.5770238081058765,4.9149886356070827e+23,1.7401850849315802e-224,238423952.76749638,1690.4258251215492,2.5165256805598775,0
629,0.51755106349138957,0.00014376418430316377,700,4.3890906338075331,2.5785136840504248,4.90778990319368e+23,5.8908157427403727e-228,236832255.95944083,1679.1406947524354,2.5334386887855094,0
630,0.51826186847663802,0.00014396163013239945,700,4.3892851593569242,2.5805771823787484,4.8973920602624082e+23,8.0765124725859289e-231,235542875.20102507,1669.9989851752675,2.5473069371677131,0
631,0.51956036039874764,0.00014432232233298545,700,4.3892916928466574,2.5840081090757105,4.8791280650056288e+23,6.4592637858602538e-231,235499448.28840238,1669.6910883647727,2.5477766693755268,0
632,0.52525651265304207,0.00014590458684806724,700,4.2456239371791593,2.53822119022314,4.851823635868791e+23,7.5388943824172468e-06,614881166.70834267,4359.5074719621498,0.97579830459272898,1.0354961928325195
633,0.5253488327774396,0.00014593023132706656,700,4.2506217842154994,2.5401619179834758,4.849495705528448e+23,1.0906990047972975e-06,608316136.0172317,4312.9614043621732,0.98632925295771523,1.0460271411975057
634,0.52543437665985615,0.00014595399351662671,700,4.2551812511853599,2.5419332268611146,4.8473634900174187e+23,1.6786641235981527e-07,602157365.9728173,4269.2957247472741,0.9964172721372726,0
635,0.52551801491642292,0.00014597722636567302,700,4.2595698062286491,2.5436391400598293,4.8453021680046227e+23,2.4917639020902433e-08,596068147.30307221,4226.1231643787814,1.0065963140535483,0
636,0.52559988765468257,0.00014599996879296738,700,4.2637984456105436,2.5452841219739022,4.8433063915192197e+23,3.5596019315856768e-09,590043063.26219368,4183.4053185289531,1.0168749322850388,0
637,0.52568006652181976,0.0001460222407005055,700,4.2678743010087237,2.5468711122479211,4.8413726699768115e+23,4.8899959730535994e-10,584081331.81569493,4141.1366425732767,1.0272541978611434,0
638,0.52575861917036026,0.00014604406088065562,700,4.271804091262851,2.548402868392559,4.839497750349171e+23,6.4549185778033806e-11,578182240.68072116,4099.3120864263128,1.0377350907450769,0
639,0.52583561026153924,0.000146065447294872,700,4.2755941874815298,2.549881993271859,4.8376785810141187e+23,8.1809784100587526e-12,572345092.79699552,4057.9267079306983,1.0483185888217501,0
640,0.52591110170719579,0.00014608641714088772,700,4.2792506369470518,2.551310946405223,4.8359122954517004e+23,9.9472198058711789e-13,566569196.30606329,4016.9756018099883,1.0590056852929879,0
641,0.52598515277054292,0.00014610698688070637,700,4.2827791792568748,2.5526920520531422,4.8341962002058166e+23,1.1593753400247946e-13,560853873.78310204,3976.453965122193,1.069797371555709,0
642,0.52605782028067749,0.00014612717230018819,700,4.2861852671732716,2.5540275089830389,4.8325277610167865e+23,1.2942213083715778e-14,555198451.92479634,3936.3570241468055,1.0806946559737025,0
643,0.52612915870624988,0.00014614698852951385,700,4.2894740800580022,2.5553193971825716,4.8309045929784818e+23,1.3825637174623505e-15,549602270.33753836,3896.6800966931464,1.0916985470811644,0
644,0.52619922033674837,0.00014616645009354122,700,4.2926505416910885,2.556569686160381,4.8293244489020033e+23,1.4121361465824408e-16,544064675.92548776,3857.4185523117076,1.1028100638575051,0
645,0.5262680553857888,0.00014618557094049688,700,4.2957193338010855,2.5577802414424609,4.8277852101066885e+23,1.3778375699489322e-17,538585022.79606795,3818.5678116241215,1.1140302359042509,0
646,0.52633571208883367,0.00014620436446912048,700,4.2986849088572816,2.5589528306589653,4.8262848778973932e+23,1.2830934122074085e-18,533162678.02593958,3780.1233872039115,1.1253600912605675,0
647,0.52640223686826215,0.00014622284357451726,700,4.3015513884763381,2.5600889815870786,4.8248215640726778e+23,1.1394670425067122e-19,527797233.33205581,3742.0823843242752,1.1368001992206709,0
648,0.52646767710021614,0.00014624102141672671,700,4.3043226757812656,2.5611900097983598,4.8233934267765558e+23,9.6423097400560361e-21,522488338.9251042,3704.4423229789886,1.1483509875729623,0
649,0.5265320817680651,0.0001462589116022403,700,4.3070028698025453,2.5622575363122695,4.8219986514465633e+23,7.7658732539269413e-22,517234906.45930076,3667.1954867964423,1.1600145166289384,0
650,0.5265954923906766,0.00014627652566407684,700,4.3095956312604846,2.5632930052573615,4.8206356421239599e+23,5.947122928594282e-23,512036328.40328443,3630.3375683792865,1.1717918567829324,0
651,0.52665794897406137,0.00014629387471501706,700,4.312104446243314,2.5642977881733171,4.8193028868662912e+23,4.3261537584316487e-24,506892011.97150987,3593.8643648780048,1.1836840704321914,0
652,0.52671949017906428,0.00014631096949418453,700,4.3145326389358196,2.5652731896136354,4.8179989503768556e+23,2.9863274942697366e-25,501801367.66092664,3557.7716967159699,1.1956922373424606,0
653,0.52678015334654149,0.00014632782037403931,700,4.3168833781216813,2.5662204502193471,4.8167224699864164e+23,1.9541950507057542e-26,496763816.6496349,3522.0554600459113,1.207817437362144,0
654,0.5268399746099659,0.0001463444373916572,700,4.31915968685073,2.5671407510051174,4.8154721500674471e+23,1.2109880495695842e-27,491778788.37185639,3486.7116095564616,1.220060755337647,0
655,0.52689898897619702,0.00014636083027116584,700,4.3213644504269562,2.5680352169362695,4.8142467573959445e+23,7.0988950722476643e-29,486845717.13959402,3451.7361345197214,1.2324232890970694,0
656,0.52695723036395847,0.00014637700843443292,700,4.3235004224233631,2.5689049196880345,4.813045117608843e+23,3.9323259073140422e-30,481964044.48556393,3417.1250754026482,1.2449061436531528,0
657,0.52701473166892365,0.00014639298101914547,700,4.3255702315885944,2.5697508806973741,4.8118661113449933e+23,2.0560670946694293e-31,477133222.78338385,3382.8745495341914,1.2575104213030184,0
658,0.52707152487025399,0.0001464087569084039,700,4.3275763897314992,2.5705740746292829,4.8107086697168388e+23,1.013596508789747e-32,472352706.24160981,3348.9806872530135,1.2702372444820889,0
659,0.52712764102864418,0.00014642434473017893,700,4.329521295571741,2.5713754311424371,4.8095717722066961e+23,4.7058299537456887e-34,467621960.43689567,3315.43969949759,1.2830877306091966,0
660,0.52718311039665056,0.00014643975288795849,700,4.331407242255227,2.5721558381490794,4.8084544424308828e+23,2.0551557013921424e-35,462940457.21589279,3282.2478416606796,1.2960630047509314,0
661,0.52723796246739385,0.00014645498957427608,700,4.3332364224067863,2.572916144048119,4.8073557453280839e+23,8.4328563294865556e-37,458307672.46437109,3249.4013977723907,1.3091642057261088,0
662,0.52729222599617953,0.00014647006277671655,700,4.3350109320892818,2.5736571594867064,4.8062747850221669e+23,3.2471425987088642e-38,453723090.36052507,3216.8967106561227,1.3223924740599917,0
663,0.52734592907187283,0.00014648498029774245,700,4.3367327762371799,2.5743796597156599,4.8052107018220096e+23,1.1719009993467808e-39,449186203.07055879,3184.7301797702617,1.3357489519902979,0
664,0.52739909918415939,0.0001464997497733776,700,4.3384038736460493,2.575084386762017,4.8041626694346102e+23,3.9591282348222552e-41,444696507.73351616,3152.8982398306293,1.3492347917414933,0
665,0.52745176325482479,0.00014651437868189578,700,4.3400260606061991,2.5757720510243676,4.8031298930055066e+23,1.2504738346053784e-42,440253510.39978582,3121.3973887344814,1.3628511433222905,0
666,0.52750394771554088,0.00014652887436542803,700,4.3416010958151325,2.5764433333952734,4.8021116063586951e+23,3.6876685462936756e-44,435856718.52548069,3090.2241343456576,1.3765991769722445,0
667,0.52755567849665574,0.00014654324402684881,700,4.3431306623448371,2.5770988861416786,4.8011070710594501e+23,1.0140484850278659e-45,431505650.15913808,3059.3750596282885,1.3904800546150942,0
668,0.52760698112501914,0.00014655749475694975,700,4.3446163727712168,2.5777393351188591,4.8001155734471768e+23,2.596642561546624e-47,427199828.75029159,3028.846785839567,1.404494945035931,0
669,0.52765788076058284,0.00014657163354460633,700,4.3460597722555736,2.578365281111521,4.7991364229567349e+23,6.1832943084683028e-49,422938785.95421654,2998.6359924153953,1.4186450141864038,0
670,0.5277084022669396,0.00014658566729637212,700,4.3474623423498917,2.5789773015060145,4.7981689498563437e+23,1.3673420839258624e-50,418722053.72076362,2968.739360880214,1.4329314509909397,0
671,0.52775857018780248,0.00014659960282994514,700,4.3488255020873963,2.5795759507685054,4.7972125048638827e+23,2.8039611186360353e-52,414549178.18185723,2939.1536733093676,1.4473554202459133,0
672,0.52780840889056491,0.00014661344691404581,700,4.350150204034926,2.5801614388500034,4.7962664562429725e+23,5.3311678039705964e-54,410420988.04100949,2909.8848052107573,1.4619135411760367,0
673,0.52785795808508484,0.00014662721057919024,700,4.3514380892232944,2.5807343992374636,4.795329898606634e+23,9.3757785139696963e-56,406336037.41289693,2880.9225052574388,1.4766103538838031,0
674,0.5279072453964655,0.0001466409014990182,700,4.352690492975662,2.5812953679665158,4.7944021691144318e+23,1.5225730830826003e-57,402293627.13136542,2852.2618163613806,1.4914479363703053,0
675,0.5279562952698974,0.00014665452646386038,700,4.3539086164096608,2.5818448263140494,4.7934826768507486e+23,2.2797285106014485e-59,398293325.81720471,2823.8996800439813,1.506427452101891,0
676,0.52800513218413425,0.00014666809227337064,700,4.3550936126274395,2.5823832389359787,4.7925708413354688e+23,3.142392848530941e-61,394334708.54205161,2795.8330835631459,1.5215500614144299,0
677,0.5280537807121507,0.00014668160575337518,700,4.3562465889902242,2.5829110549244727,4.7916660909359793e+23,3.9813911194076099e-63,390417349.92414743,2768.0590109622053,1.5368169475986955,0
678,0.52810226549804462,0.00014669507374945684,700,4.3573686073252373,2.5834287079201439,4.7907678628767999e+23,4.629412650428424e-65,386540841.9468717,2740.5745694033203,1.5522292469225472,0
679,0.52815061145804498,0.00014670850318279028,700,4.3584606891616762,2.5839366185589205,4.7898755991415099e+23,4.9321703391056444e-67,382704772.68081594,2713.3768383069846,1.5677881302525929,0
680,0.52819884371963555,0.0001467219010332321,700,4.3595238147080808,2.5844351940531101,4.7889887472760851e+23,4.8069415280701337e-69,378908743.01325488,2686.462987963977,1.583494736037302,0
681,0.52824698777332446,0.00014673527438147901,700,4.3605589265303069,2.5849248299647303,4.7881067573065258e+23,4.2786221751768168e-71,375152356.94898057,2659.8302107682721,1.5993502076853483,0
682,0.52829506950641958,0.00014674863041844988,700,4.361566930374928,2.5854059106726575,4.7872290808809611e+23,3.4723081444617537e-73,371435223.50681442,2633.4757346633141,1.615355685266592,0
683,0.52834311526414302,0.00014676197646226196,700,4.3625486965013813,2.5858788100833343,4.7863551699482979e+23,2.5649416711409149e-75,367756959.47815067,2607.3968427000877,1.6315122923884393,0
684,0.52839115195111952,0.0001467753199864221,700,4.3635050615933055,2.5863438926622311,4.785484474735978e+23,1.721623371812829e-77,364117189.04024708,2581.590870295352,1.6478211357763723,0
685,0.52843920713407977,0.00014678866864835548,700,4.3644368304997236,2.5868015144039465,4.7846164417663749e+23,1.0482039912836088e-79,360515540.53912681,2556.055182422409,1.6642833180027141,0
686,0.52848730910809316,0.00014680203030780365,700,4.3653447769992466,2.5872520233714047,4.7837505125681465e+23,5.7788088061143144e-82,356951651.47693199,2530.7872089714479,1.680899913244343,0
687,0.52853548703609188,0.00014681541306558107,700,4.3662296458766754,2.5876957608800772,4.7828861211302579e+23,2.8796758404933588e-84,353425164.41193664,2505.7844156806304,1.6976719838224839,0
688,0.52858377104170473,0.00014682882528936243,700,4.3670921536611154,2.5881330621175489,4.782022692219331e+23,1.2947257937068466e-86,349935724.1376642,2481.0442841360391,1.714600592661871,0
689,0.52863219227015501,0.00014684227563059861,700,4.3679329887867082,2.5885642564510976,4.7811596403260054e+23,5.242700696031261e-89,346482991.70139134,2456.5644111628644,1.7316867331747603,0
690,0.52868078315405631,0.00014685577309834897,700,4.3687528149945765,2.5889896694599912,4.7802963650062685e+23,1.9084276529961097e-91,343066626.20847613,2432.3423798180957,1.7489314149589983,0
691,0.52872957743745219,0.00014686932706595894,700,4.3695522702399385,2.58940962271727,4.779432250589289e+23,6.2335931816078653e-94,339686301.95400286,2408.3758808538805,1.7663355765262692,0
692,0.52877861045451058,0.00014688294734847517,700,4.3703313470749388,2.5898241013832419,4.7785666627411161e+23,1.8323038947290944e-96,336344381.88129419,2384.6816675383757,1.7838858988634976,0
693,0.52882795927032744,0.00014689665535286874,700,4.3710912605515091,2.5902337535774831,4.7776982460429099e+23,4.8166622031273723e-99,333037929.13256288,2361.2389175498711,1.8015965976090824,0
694,0.52887766518985435,0.00014691046255273731,700,4.3718325751909353,2.5906389002369568,4.7768262861183045e+23,1.1303075972535092e-101,329766665.39835936,2338.0456576743677,1.8194683179247295,0
695,0.52892777229421761,0.00014692438119283822,700,4.3725558392164503,2.5910398660508642,4.7759500292160162e+23,2.3633650416585591e-104,326530285.28453952,2315.0997226673849,1.8375018399201717,0
696,0.52897832719354065,0.00014693842422042796,700,4.3732615772081669,2.5914369762758676,4.7750686871010552e+23,4.394932173531862e-107,323328519.99552029,2292.3992067682389,1.8556977281444673,0
697,0.52902937978266296,0.00014695260549518416,700,4.3739502968233586,2.5918305614309269,4.774181424504341e+23,7.2551198576295394e-110,320161085.88693655,2269.9420989383802,1.8740566122763815,0
698,0.52908098323141806,0.00014696693978650502,700,4.3746224840696764,2.5922209557321163,4.7732873600424828e+23,1.0612287761578181e-112,317027726.55607986,2247.7265812826058,1.8925789441759264,0
699,0.52913319468345354,0.00014698144296762598,700,4.375278607605539,2.5926085007991864,4.7723855549577422e+23,1.3729534706622502e-115,313928200.67906797,2225.7509428145918,1.9112650558379944,0
700,0.52918607582670807,0.00014699613217408557,700,4.3759191199449132,2.5929935479361879,4.7714750042894613e+23,1.5681118949790623e-118,310862251.12909341,2204.0133605052724,1.9301153415080778,0
701,0.52923969298826412,0.00014701102583007336,700,4.3765444523141639,2.593376456736546,4.7705546363951919e+23,1.5783669248365097e-121,307829668.24107772,2182.5123478292408,1.949129865968956,0
702,0.52929411838622786,0.00014702614399617441,700,4.3771550222053115,2.593757601674421,4.7696232927873837e+23,1.3975974810063359e-124,304830239.17926544,2161.2463957809919,1.9683086612911467,0
703,0.52934943060310924,0.00014704150850086367,700,4.3777512301763872,2.5941373725810162,4.7686797216409723e+23,1.0867955857876822e-127,301863763.40421116,2140.214082535857,1.9876516254671117,0
704,0.52940571541787307,0.0001470571431716314,700,4.378333459634276,2.594516177268031,4.7677225654101117e+23,7.4094417549997447e-131,298930065.78556716,2119.4141664196709,2.0071584249086563,0
705,0.52946306701155177,0.00014707307416987549,700,4.3789020787879958,2.5948944460866636,4.7667503424494788e+23,4.4218319160585237e-134,296028987.9473089,2098.8455245464202,2.0268285351392543,0
706,0.52952158917186742,0.00014708933032551872,700,4.3794574404676521,2.5952726357514564,4.7657614291102859e+23,2.3064506281220441e-137,293160395.12195569,2078.5072014146658,2.0466611792851417,0
707,0.5295813968221198,0.00014710594356169993,700,4.3799998827222142,2.5956512344699894,4.7647540368584111e+23,1.0499927614881582e-140,290324163.45326966,2058.3983188836819,2.0666553994792634,0
708,0.5296426175123029,0.00014712294930897303,700,4.3805295765591197,2.5960307083294643,4.7637261906320657e+23,4.1760146085639316e-144,287521013.51234591,2038.5239858025323,2.0868039962381273,0
709,0.52970541199444032,0.00014714039222067787,700,4.3810463736662566,2.5964114980913897,4.7626753936576591e+23,1.4601569723418486e-147,284753364.02097642,2018.9013509087229,2.1070866083106252,0
710,0.52977001894733067,0.00014715833859648073,700,4.3815511450876672,2.5967946706267688,4.7615978923080711e+23,4.4471475982639959e-151,282018150.59375918,1999.5086877097524,2.1275226390101625,0
711,0.5298366328838825,0.00014717684246774514,700,4.3820441543532027,2.5971809427270278,4.7604907181465674e+23,1.17927086358053e-154,279315458.03383529,1980.3465974598921,2.148108823706127,0
712,0.52990547646037844,0.00014719596568343846,700,4.3825256536040333,2.5975711173732003,4.7593504847487215e+23,2.7220665156466159e-158,276645396.87207401,1961.4158638230047,2.1688414366693807,0
713,0.52997680538278125,0.00014721577927299479,700,4.3829958775875939,2.5979660969883165,4.7581733168759451e+23,5.4701246489193347e-162,274008138.62395293,1942.7177028438261,2.189715980748427,0
714,0.53005091532355619,0.0001472363653676545,700,4.3834550421052167,2.5983669045133926,4.7569547491455177e+23,9.5751735117723432e-166,271403917.9369396,1924.2537781729015,2.2107271131561532,0
715,0.53012815043801753,0.00014725781956611598,700,4.3839033405263006,2.5987747086671553,4.7556896020470732e+23,1.4616356526107673e-169,268833071.2953707,1906.0264754841783,2.2318682634874616,0
716,0.53020891508845125,0.00014728025419123646,700,4.3843409437573024,2.5991908603687577,4.7543718102497616e+23,1.9492023985806192e-173,266296041.76477402,1888.0389361122477,2.253131499904137,0
717,0.53029368866505189,0.00014730380240695885,700,4.3847679969909255,2.5996169374172333,4.752994207020729e+23,2.2767928622849761e-177,263793391.40803874,1870.2951450829946,2.2745073210416895,0
718,0.53038304477192111,0.00014732862354775587,700,4.3851846135981472,2.6000548013415803,4.7515482465788182e+23,2.3379736065392336e-181,261325862.44943014,1852.8003647664596,2.2959840039410855,0
719,0.53047767815651126,0.0001473549105990309,700,4.3855908726367323,2.6005066791636779,4.7500236135233171e+23,2.1210168834076697e-185,258894382.49212351,1835.5611718691555,2.3175473883379998,0
720,0.53057844004678711,0.00014738290001299641,700,4.3859868084377505,2.6009752673899871,4.7484077144122444e+23,1.7112767018911358e-189,256500150.88463929,1818.5860697720925,2.3391799105406741,0
721,0.53068638883494268,0.00014741288578748408,700,4.3863724025996529,2.6014638831026624,4.7466849485237189e+23,1.2387643860676212e-193,254144702.30491689,1801.8859393418606,2.3608597565025531,0
722,0.53080286181960534,0.00014744523939433482,700,4.3867475702001091,2.6019766756051883,4.7448356804489519e+23,8.1387750407287755e-198,251829989.45172897,1785.4746252127582,2.3825597630619311,0
723,0.53092957900812665,0.00014748043861336852,700,4.3871119726101915,2.6025188816239146,4.7428347611651225e+23,4.9502413088817485e-202,249559590.23383686,1769.3774947579032,2.4042353949924391,0
724,0.53106886503938389,0.00014751912917760664,700,4.3874650000405202,2.6030975007574733,4.7406482956003139e+23,2.8717551883195178e-206,247338882.60730731,1753.6326776858089,2.4258215840353836,0
725,0.5312239996051521,0.00014756222211254226,700,4.3878065785281679,2.6037225970847202,4.7382285798497979e+23,1.6175892663521622e-210,245169972.59784627,1738.25510571873,2.4472817516857313,0
726,0.53139936113270492,0.00014761093364797358,700,4.3881359745181241,2.6044072395508273,4.7355125213624453e+23,9.2017102919161336e-215,243059235.89180019,1723.2899824728634,2.4685340501403323,0
727,0.53160129649854049,0.00014766702680515015,700,4.38845211569003,2.6051701891255394,4.7324092309282667e+23,5.5805669158491682e-219,241015397.5320082,1708.7991685019381,2.4894675035038647,0
728,0.53183942458846234,0.0001477331734967951,700,4.3887533883428542,2.606039562025225,4.7287819744488632e+23,3.8990468664470087e-223,239050960.54142153,1694.8713102386787,2.509925074724956,0
729,0.53212920099208583,0.00014781366694224606,700,4.3890373061353438,2.607059965409567,4.7244129613026113e+23,3.5193337518150498e-227,237184494.58498034,1681.6380666075104,2.5296763224335783,0
730,0.53249743953187223,0.00014791595542552007,700,4.3892998431590655,2.6083076180628786,4.7189283834805444e+23,4.9064822982303325e-231,235445257.1714417,1669.3068733455216,2.5483630768705789,0
731,0.53299593396986877,0.00014805442610274134,700,4.3895337170728226,2.6099268875731712,4.711616012181785e+23,1.4400066783958881e-234,233884967.99343625,1658.2444230734629,2.5653636706435892,0
732,0.5337431695292717,0.00014826199153590881,700,4.3897202725331095,2.6122386336575705,4.7008761693894531e+23,1.8714920528451147e-237,232632870.67247853,1649.3670530678726,2.5791711990896329,0
733,0.53513149254812054,0.00014864763681892237,700,4.389695745972765,2.6162362750177146,4.6815517026161381e+23,4.5228571878080092e-237,232797867.34439608,1650.5368794717681,2.5773431983909592,0
734,0.54077576383351533,0.00015021548995375426,700,4.2594505235023892,2.5740327598488593,4.6548520467031247e+23,2.6303938484192959e-08,596235820.48137939,4227.3119672129797,1.0063132394755847,0
735,0.54086836056679044,0.0001502412112685529,700,4.2641213138956422,2.5759917606416689,4.6524651193798417e+23,3.056582617828492e-09,589576435.26484478,4180.0969260277498,1.0176797512785138,0
736,0.54095033938337245,0.0001502639831620479,700,4.2681918303837323,2.5777002293804232,4.6503768087693747e+23,4.1729391141057549e-10,583610289.92126584,4137.7969555417749,1.0280833123777604,0
737,0.54103053133002743,0.00015028625870278539,700,4.2721108956623333,2.5793464821181589,4.6483575758076272e+23,5.4890980041115033e-11,577715225.77469432,4096.000950742583,1.038573977681517,0
738,0.54110911929347483,0.00015030808869263189,700,4.2758906557999312,2.5809357745020476,4.6464010114767288e+23,6.932243949400619e-12,571882163.18522179,4054.6445369832222,1.0491671862227172,0
739,0.54118616810590781,0.00015032949114052996,700,4.2795372093921902,2.582470804815904,4.6445038522887595e+23,8.3983408357340726e-13,566110301.81474471,4013.7220398665399,1.0598641255540082,0
740,0.54126173840058611,0.00015035048288905171,700,4.28305627612104,2.5839540938301035,4.6426630678086322e+23,9.7521872358327572e-14,560398959.04821289,3973.2286196518289,1.0706658003416814,0
741,0.54133588823925605,0.00015037108006646,700,4.2864532866188965,2.5853880243982874,4.6408758095548126e+23,1.0845144059737624e-14,554747465.56635416,3933.1595308654505,1.0815732152781381,0
742,0.54140867330962084,0.00015039129814156134,700,4.289733401485103,2.5867748511595936,4.6391393968307967e+23,1.1540431068224061e-15,549155159.358657,3893.5100798528779,1.0925873858687283,0
743,0.54148014703697167,0.00015041115195471436,700,4.2929015256693797,2.5881167081267265,4.6374513054516137e+23,1.174042638043017e-16,543621388.11842048,3854.2756417596011,1.1037093335799699,0
744,0.54155036072161755,0.00015043065575600487,700,4.2959623233934732,2.589415616369561,4.6358091565631853e+23,1.1408682446881362e-17,538145508.88486505,3815.4516579936926,1.1149400860806375,0
745,0.54161936366606322,0.00015044982324057311,700,4.2989202319811621,2.5906734911156444,4.6342107063771418e+23,1.0579953751164849e-18,532726884.75365794,3777.0336129034345,1.1262806837268036,0
746,0.54168720325549269,0.00015046866757097019,700,4.3017793323886009,2.5918919606215063,4.632653837588239e+23,9.3558129647643832e-20,527365155.13833642,3739.0189499308049,1.1377315967009809,0
747,0.54175392843220016,0.00015048720234227782,700,4.3045435769161084,2.5930725251673872,4.6311364761450781e+23,7.8823685989914302e-21,522059851.76372206,3701.4043490047893,1.1492935110274534,0
748,0.54181958826991561,0.00015050544118608766,700,4.3072170109861165,2.5942169210044232,4.6296566178295111e+23,6.3199810099385248e-22,516809957.76817483,3664.1826005763592,1.160968342388522,0
749,0.54188422511398437,0.00015052339586499566,700,4.3098032814816696,2.5953267095944588,4.6282124769355421e+23,4.8176545928622013e-23,511614869.80129421,3627.3494268911754,1.1727571566343129,0
750,0.54194787980236203,0.00015054107772287834,700,4.312305863319625,2.5964033743894079,4.6268023620086875e+23,3.4880682371008392e-24,506473990.14635122,3590.9005901376299,1.1846610323002438,0
751,0.54201059172362465,0.00015055849770100684,700,4.314728067649285,2.5974483249812801,4.6254246701558616e+23,2.3962110268878441e-25,501386732.79086751,3554.8319354872501,1.1966810463057564,0
752,0.54207239894726555,0.00015057566637424044,700,4.3170730525016934,2.598462902238071,4.6240778801314166e+23,1.5603043248735489e-26,496352520.17802423,3519.1393680621918,1.2088182805736558,0
753,0.5421333383107344,0.00015059259397520399,700,4.3193438312292152,2.5994483824557362,4.6227605467181116e+23,9.6201508643853761e-28,491370778.39967203,3483.8188188536742,1.2210738333974978,0
754,0.54219344544553816,0.00015060929040153838,700,4.3215432783674697,2.6004059803419732,4.621471296714452e+23,5.610207872756914e-29,486440943.04428655,3448.8662861839912,1.2334488052034196,0
755,0.54225275487319624,0.00015062576524255451,700,4.3236741378844812,2.6013368529724361,4.6202088236908687e+23,3.0912066618314595e-30,481562456.69423205,3414.277817962105,1.2459443041278648,0
756,0.5423113000686498,0.00015064202779684717,700,4.3257390297875808,2.6022421030240426,4.6189718836867346e+23,1.6074910847661042e-31,476734771.47938746,3380.0495297888569,1.2585614389697231,0
757,0.5423691135530293,0.0001506580870980637,700,4.3277404574744942,2.6031227822961829,4.6177592905339372e+23,7.8804330159691786e-33,471957342.60539603,3346.1775590722577,1.2713013355990108,0
758,0.54242622690662212,0.00015067395191850614,700,4.3296808121001815,2.6039798938741581,4.6165699130848356e+23,3.6377563440802292e-34,467229634.18943858,3312.6581064031193,1.2841651215914305,0
759,0.54248267085146529,0.00015068963079207368,700,4.3315623790285311,2.6048143952094605,4.615402671143678e+23,1.579394782363745e-35,462551115.97187924,3279.4874122406236,1.2971539345209944,0
760,0.54253847529309185,0.00015070513202585883,700,4.3333873426994982,2.6056272004612455,4.6142565324500182e+23,6.4417555287437903e-37,457921266.52706027,3246.6617796768573,1.3102689127117528,0
761,0.54259366940014009,0.00015072046372226113,700,4.3351577924905094,2.6064191832647849,4.6131305090496776e+23,2.4651759064208161e-38,453339571.63807338,3214.1775629139402,1.3235111989716484,0
762,0.54264828166362,0.00015073563379545,700,4.33687572761625,2.6071911790649618,4.6120236542495946e+23,8.840660437744307e-40,448805519.86232704,3182.0311358238987,1.33688195319891,0
763,0.54270233990228656,0.00015075064997285739,700,4.3385430601531034,2.607943986591668,4.6109350607989233e+23,2.9673533807335253e-41,444318610.48137748,3150.2189483129664,1.3503823289102304,0
764,0.54275587136336612,0.00015076551982315725,700,4.3401616208482681,2.6086783705760141,4.6098638572738692e+23,9.3099014542659918e-43,439878345.01260746,3118.7374661393865,1.3640134978292764,0
765,0.54280890272077342,0.00015078025075577039,700,4.3417331616137194,2.6093950629496083,4.6088092066592219e+23,2.7267679321123338e-44,435484238.50208396,3087.5832509797751,1.3777766149787503,0
766,0.54286146020940496,0.00015079485005816805,700,4.3432593617957274,2.6100947657801261,4.6077703023197888e+23,7.4456116120023334e-46,431135800.31986046,3056.7528242678109,1.3916728779072831,0
767,0.54291356952768066,0.0001508093248688002,700,4.3447418275884777,2.6107781510398596,4.6067463686831371e+23,1.8928604779640859e-47,426832560.83707404,3026.2428563348549,1.4057034421725514,0
768,0.5429652560625623,0.00015082368223960063,700,4.3461821004708412,2.611445864542782,4.6057366556419721e+23,4.4740976799402091e-49,422574045.28997934,2996.0499811059531,1.4198695037890157,0
769,0.54301654479895511,0.00015083792911082085,700,4.3475816565568248,2.6120985256649765,4.6047404392896807e+23,9.8187086772247731e-51,418359788.44214696,2966.1709000548217,1.4341722521522193,0
770,0.54306746040681086,0.00015085207233522525,700,4.3489419107647791,2.6127367293148605,4.6037570192155727e+23,1.9977883405586061e-52,414189334.06469643,2936.6023785186976,1.4486128701379837,0
771,0.54311802732303294,0.00015086611870084249,700,4.3502638003246821,2.6133607008203787,4.6027857167478653e+23,3.7681138257084352e-54,410063550.8243224,2907.3505753444456,1.4631878370897913,0
772,0.54316828602062361,0.00015088007945017324,700,4.3515490186956267,2.6139711626396469,4.6018255661995062e+23,6.5716455501087918e-56,405980809.35004693,2878.4039382918327,1.4779023692291444,0
773,0.54321826240745419,0.0001508939617798484,700,4.3527988521866305,2.6145686663170062,4.6008758976483041e+23,1.0580459198315293e-57,401940549.92554396,2849.7584989721063,1.4927580710907242,0
774,0.5432679808396027,0.00015090777245544519,700,4.3540144981339157,2.6151537257388888,4.5999360851122856e+23,1.570219120747365e-59,397942342.31849343,2821.4112070381184,1.5077561148790484,0
775,0.54331746568703954,0.00015092151824639988,700,4.3551971066859165,2.6157268369014561,4.599005515911238e+23,2.1447303429853115e-61,393985755.40651053,2793.3590058321593,1.5228976981183648,0
776,0.54336674130117946,0.0001509352059169943,700,4.35634778090692,2.6162884779893778,4.5980835907237418e+23,2.6919460905948838e-63,390070372.35607487,2765.598940004571,1.5381839855611779,0
777,0.54341583217404688,0.00015094884227056856,700,4.3574675813134753,2.6168391116061858,4.5971697201129526e+23,3.0999283988607368e-65,386195775.02343214,2738.1280449161336,1.553616167767748,0
778,0.54346476290430334,0.00015096243414008427,700,4.3585575256656197,2.6173791847213219,4.5962633247171343e+23,3.269864057036993e-67,382361554.15822256,2710.9434189817975,1.5691954211267742,0
779,0.5435135582938353,0.00015097598841495424,700,4.3596185917655825,2.6179091300668174,4.5953638330668403e+23,3.1542185004680793e-69,378567308.134826,2684.0422146759161,1.584922910951178,0
780,0.54356224343220161,0.00015098951206450045,700,4.360651719593502,2.6184293672768995,4.5944706796751144e+23,2.7779008354926645e-71,374812637.80661696,2657.4216020489143,1.6007998116370012,0
781,0.54361084371808011,0.00015100301214391115,700,4.3616578120675573,2.6189403033160299,4.5935833043553762e+23,2.2298485857536954e-73,371097154.62291664,2631.0788262764786,1.6168272715798067,0
782,0.54365938498959621,0.0001510164958304434,700,4.3626377378556329,2.6194423339834461,4.5927011495877849e+23,1.6286387242862354e-75,367420470.26603997,2605.0111341862234,1.6330064559700634,0
783,0.54370789352358118,0.000151029970423217,700,4.3635923313368039,2.6199358439841092,4.5918236603289291e+23,1.0804756752699923e-77,363782208.41909963,2579.2158576914162,1.6493384946103875,0
784,0.54375639619425908,0.0001510434433872942,700,4.3645223956008561,2.6204212085790388,4.5909502809784612e+23,6.4995350703531935e-80,360181992.65301466,2553.6903279098738,1.6658245338156499,0
785,0.5438049204764378,0.00015105692235456607,700,4.3654287022161657,2.6208987935876711,4.5900804552116819e+23,3.5388150333409934e-82,356619460.89759761,2528.4319777639671,1.682465669399597,0
786,0.54385349464935484,0.00015107041518037635,700,4.3663119945233095,2.6213689572932806,4.5892136222477071e+23,1.7408408044752227e-84,353094250.63744766,2503.4382370195035,1.6992630124019543,0
787,0.54390214780738166,0.00015108392994649491,700,4.3671729872450937,2.621832050394564,4.5883492166640216e+23,7.7231537308884705e-87,349606007.31062877,2478.7065918323578,1.7162176491632575,0
788,0.54395090999145879,0.00015109747499762743,700,4.3680123679543152,2.62228841703286,4.5874866660655329e+23,3.0843478821058911e-89,346154381.39707917,2454.2345641052912,1.7333306531565478,0
789,0.5439998122887747,0.00015111105896910409,700,4.3688307979762966,2.6227383954788479,4.5866253894133402e+23,1.1067785471243281e-91,342739038.10803872,2430.0197801859945,1.7506030340520098,0
790,0.54404888708133536,0.00015112469085592649,700,4.369628861193779,2.623182290064765,4.5857647927708621e+23,3.5631977070287683e-94,339359870.06438184,2406.0614787564673,1.7680346232044781,0
791,0.54409817144663375,0.00015113838095739827,700,4.3704067090205827,2.6236201713203617,4.5849042120601639e+23,1.030955944251822e-96,336018557.69060004,2382.3715740263542,1.785615663979099,0
792,0.54414773419172224,0.00015115214838658952,700,4.3711654502604187,2.6240526573882779,4.5840424466378563e+23,2.6659711697344424e-99,332712602.16650522,2358.9323493605216,1.8033582019226655,0
793,0.54419761432401292,0.00015116600397889249,700,4.3719056492648489,2.6244800767231684,4.5831788284684251e+23,6.1499803801206378e-102,329441710.70686418,2335.7417289116665,1.8212630049565199,0
794,0.5442478532155044,0.000151179959226529,700,4.3726278524415543,2.6249027591557814,4.5823126597980675e+23,1.2631799708600097e-104,326205580.93004942,2312.7975687940502,1.8393308854168937,0
795,0.54429849459244073,0.00015119402627567798,700,4.3733325849283275,2.625321034703854,4.5814432139495353e+23,2.3057247765503862e-107,323003930.82245451,2290.0978695312024,1.8575625332863266,0
796,0.54434958500914143,0.00015120821805809483,700,4.3740203538613214,2.6257352363144268,4.5805697278769281e+23,3.7330494413019704e-110,319836471.93130779,2267.6405859929723,1.8759586621780386,0
797,0.54440117393006704,0.0001512225483139075,700,4.374691645767026,2.626145699204717,4.5796914015772479e+23,5.3506969480806922e-113,316702939.82525969,2245.4238433610913,1.8945198308896312,0
798,0.54445331433382427,0.00015123703175939563,700,4.3753469302350076,2.6265527641782298,4.5788073887139156e+23,6.7766409425326874e-116,313603067.32874614,2223.4457473608104,1.9132465926139284,0
799,0.5445060629245112,0.00015125168414569756,700,4.3759866578564788,2.626956777571587,4.5779167941202004e+23,7.5693421530105277e-119,310536609.32337713,2201.7045601027435,1.9321393419839599,0
800,0.54455948080425987,0.00015126652244562775,700,4.3766112630759997,2.6273580944904897,4.5770186636654754e+23,7.4426744924878644e-122,307503330.27564287,2180.1986116543076,1.9511983803953148,0
801,0.54461363400170881,0.00015128156500047467,700,4.377221164220467,2.6277570805447339,4.5761119768242641e+23,6.4300326593699168e-125,304502995.49892533,2158.9262380873802,1.9704239658362164,0
802,0.54466859390474032,0.00015129683164020563,700,4.3778167616589814,2.6281541125776138,4.5751956410699527e+23,4.8722075365427267e-128,301535399.51077729,2137.8859825314107,1.9898161243206043,0
803,0.54472443828646833,0.00015131234396846343,700,4.3783984413192965,2.6285495832801029,4.5742684766584387e+23,3.232185087957401e-131,298600347.8358686,2117.0764661563085,2.0093747524025036,0
804,0.54478125211346573,0.00015132812558707381,700,4.378966574251324,2.6289439036368987,4.5733292054609713e+23,1.8739837021082643e-134,295697652.75637662,2096.4963580427102,2.029099637440599,0
805,0.54483912837958104,0.00015134420232766141,700,4.3795215150561786,2.6293375050326504,4.5723764397374543e+23,9.4801790482449405e-138,292827156.33442932,2076.1445384111039,2.0489902900766404,0
806,0.5448981695346099,0.00015136060264850276,700,4.3800636044340147,2.629730844782975,4.5714086616085139e+23,4.177953711687435e-141,289988719.11177766,2056.0200185025037,2.0690460023333763,0
807,0.54495848888493781,0.00015137735802359383,700,4.3805929497615574,2.6301243227812474,4.5704242036361704e+23,1.6069167597590802e-144,287183380.55091465,2036.1301681059847,2.0892573896476789,0
808,0.54502023799137889,0.00015139451055316079,700,4.3811096147507333,2.6305184347031387,4.5694208140477789e+23,5.4099318379025083e-148,284412424.85643506,2016.4840922321246,2.1096124766801814,0
809,0.54508361761571067,0.00015141211600436407,700,4.3816143384027271,2.630914101922698,4.5683954905047145e+23,1.5822326642315258e-151,281673459.77648962,1997.0648298153114,2.1301261413698875,0
810,0.54514879682590056,0.00015143022134052794,700,4.3821073951930991,2.6313119698244192,4.5673457942379538e+23,4.0167603273827841e-155,278966502.24144244,1977.8725008918268,2.1507958668123766,0
811,0.54521596750017276,0.0001514488798611591,700,4.3825890476953404,2.6317127523861714,4.566268970299054e+23,8.8453721814975267e-159,276291578.02137542,1958.9072881715517,2.1716188538818972,0
812,0.54528534775196535,0.00015146815215332372,700,4.3830595399067249,2.6321172402634123,4.5651619024025849e+23,1.6891546281842338e-162,273648795.21677667,1940.1699580869465,2.1925914182253106,0
813,0.54535718801928446,0.00015148810778313457,700,4.3835191020974298,2.6325263216975032,4.564021027619813e+23,2.7971083160355731e-166,271038278.44079638,1921.6613941452463,2.2137094562864839,0
814,0.54543177655499531,0.00015150882682083203,700,4.3839679424966107,2.6329409962083443,4.5628422638227707e+23,4.0184219409592119e-170,268460263.46673769,1903.3832679791699,2.2349676345093066,0
815,0.54550944894305364,0.00015153040248418157,700,4.3844062529180032,2.6333624063390428,4.5616208774272685e+23,5.0132168424135736e-174,265915041.20860836,1885.3376421690332,2.2563597654083223,0
816,0.54559059806944266,0.00015155294390817851,700,4.384834202001084,2.633791865619822,4.5603513495863268e+23,5.4398239055962967e-178,263403005.85827658,1867.5273115351806,2.2778783334113837,0
817,0.54567568812922551,0.00015157658003589597,700,4.3852519333279236,2.6342309007548645,4.559027186143978e+23,5.146682267269973e-182,260924690.56610894,1849.9560561137123,2.2995140808569112,0
818,0.54576527357297133,0.00015160146488138094,700,4.3856595643191731,2.6346813091627737,4.557640660410874e+23,4.2599089282891062e-186,258480752.21411243,1832.6285331980571,2.3212560117551431,0
819,0.54586002274235168,0.00015162778409509768,700,4.386057177241212,2.6351452270370288,4.5561824966357482e+23,3.099142860983848e-190,256072058.71684036,1815.5508963023981,2.3430904683883087,0
820,0.54596075209995742,0.00015165576447221039,700,4.3864448165564163,2.6356252319045232,4.554641408712272e+23,1.9941360350056753e-194,253699700.42139909,1798.7308759877194,2.3650008218511522,0
821,0.54606847194943098,0.00015168568665261973,700,4.3868224774406039,2.636124475387255,4.5530034896059954e+23,1.1442849221084135e-198,251365074.31189218,1782.1783768713153,2.3869664536431334,0
822,0.54618445201089572,0.00015171790333635992,700,4.3871898025702594,2.6366467860516507,4.551251337258014e+23,5.9676535057049879e-203,249071808.56438211,1765.9191227214692,2.40894384418021,0
823,0.54631041806475489,0.00015175289390687637,700,4.3875465927219643,2.6371974509273586,4.549361290136426e+23,2.8767161804916595e-207,246822616.33973274,1749.9723498487049,2.4308955512170134,0
824,0.5464486511185721,0.00015179129197738115,700,4.3878928428541135,2.6377834839130365,4.5473022315153813e+23,1.2987562881622977e-211,244619033.20396048,1734.3489454160797,2.4527936037574269,0
825,0.54660210317324009,0.00015183391754812226,700,4.388228130414447,2.6384137094671245,4.5450342698404473e+23,5.642230312883899e-216,242465292.65738705,1719.078924940874,2.4745809737306339,0
826,0.54677485748853194,0.00015188190485792554,700,4.38855182112842,2.6391002054455774,4.5425025519225681e+23,2.4468874092388088e-220,240367093.66627997,1704.2026940939249,2.4961819475715168,0
827,0.54697276270563,0.00015193687852934167,700,4.3888629699828785,2.639860079873825,4.5396290295111322e+23,1.1147257416194774e-224,238332335.46256208,1689.7762584295651,2.5174930578996055,0
828,0.54720457016316981,0.00015200126948976939,700,4.3891601661780033,2.6407186294006113,4.5362977966182074e+23,5.7338829490797522e-229,236372187.29070362,1675.8788078910886,2.5383697078628238,0
829,0.5474841043155142,0.00015207891786542062,700,4.3894412518316814,2.641715284762697,4.5323273683953963e+23,3.7015547042311832e-233,234503091.31475273,1662.6269174215968,2.5586016654879535,0
830,0.54783481730027395,0.00015217633813896498,700,4.3897027921940364,2.6429159092117049,4.5274131124400843e+23,3.5269930873170607e-237,232750478.99647212,1650.2008960849873,2.5778679493462802,0
831,0.54830057127416587,0.00015230571424282386,700,4.3899388205861012,2.6444413535454485,4.5209927274207611e+23,6.5021075568859095e-241,231157495.59251758,1638.9066437509496,2.5956328972246472,0
832,0.54897642591207263,0.0001524934516422424,700,4.3901360118533539,2.6465467593715886,4.5118682379605339e+23,4.1056333966080489e-244,229818283.19713488,1629.4116278676861,2.6107583419954823,0
833,0.55013624009173578,0.00015281562224770439,700,4.3902219747393998,2.6499320989608441,4.4966697807602657e+23,1.5675988290101644e-245,229232068.27630445,1625.2553640789986,2.6174348314861038,0
834,0.55467154947696506,0.00015407543041026807,700,4.3581956982425512,2.639183337121775,4.4716233191079172e+23,1.5190969483171112e-66,383641405.74202901,2720.0175667109856,1.563960487631662,0
835,0.55478423258904763,0.00015410673127473545,700,4.3605684260519819,2.6407815770054603,4.4687821169082973e+23,4.1075434334668585e-71,375117602.86913359,2659.5838043421568,1.5994983850686437,0
836,0.55483382244878343,0.00015412050623577319,700,4.3615885625464372,2.6414739036796653,4.4675433575608915e+23,3.1351454572404833e-73,371354798.43365496,2632.9055208946138,1.6157055261726854,0
837,0.55488276315958118,0.00015413410087766145,700,4.3625708048494705,2.6421457385100258,4.4663324171226154e+23,2.2990295746124724e-75,367673456.61929864,2606.8048074308272,1.631882827541886,0
838,0.55493164262042949,0.00015414767850567486,700,4.3635275552360362,2.6428054354947017,4.4651344371149613e+23,1.5319889944897292e-77,364030894.28888839,2580.9790405082185,1.6482117573346695,0
839,0.55498049184312204,0.00015416124773420058,700,4.3644597156073175,2.643453553068186,4.4639484975244537e+23,9.2559095316854166e-80,360426376.27137876,2555.423007764075,1.6646950376024563,0
840,0.55502933762009754,0.00015417481600558266,700,4.3653680612403889,2.6440905703449018,4.4627738076841393e+23,5.0612785342074034e-82,356859536.46101922,2530.1341135086259,1.6813337985869958,0
841,0.55507820743835778,0.00015418839095509938,700,4.3662533388141291,2.6447169543163751,4.4616095847920077e+23,2.5002653052466474e-84,353330002.38649136,2505.1097169202235,1.6981292161645749,0
842,0.55512712939983466,0.00015420198038884297,700,4.367116264527211,2.6453331586608675,4.4604550558498671e+23,1.1137922735786163e-86,349837424.21388352,2480.3473376764341,1.715082373900547,0
843,0.55517613254921239,0.00015421559237478123,700,4.3679575294423296,2.6459396276499865,4.4593094500946768e+23,4.4658709658506015e-89,346381448.78276479,2455.8444718698024,1.732194383124408,0
844,0.55522524685055707,0.00015422923523626585,700,4.3687777981491394,2.6465367954310808,4.458171999891568e+23,1.6086931655222201e-91,342961728.198852,2431.5986529298607,1.7494663417724414,0
845,0.55527450328907346,0.00015424291758029819,700,4.3695776941359323,2.6471250780160327,4.4570419387614788e+23,5.1967815580930407e-94,339577997.64917988,2407.6080033326853,1.7668989279448657,0
846,0.55532393512921907,0.0001542566486470053,700,4.370357320385283,2.6477045997911666,4.4559184751893129e+23,1.5085648246633528e-96,336232138.76961321,2383.8858638765573,1.7844814067911601,0
847,0.55537361018705544,0.00015427044727418207,700,4.3711178016861778,2.6482761620642181,4.4548000758294932e+23,3.9130095342241173e-99,332921597.06323427,2360.414123178331,1.8022261255884746,0
848,0.55542356545436777,0.00015428432373732439,700,4.3718597053494745,2.6488401714703635,4.4536859408938148e+23,9.0520843561433486e-102,329646072.04860383,2337.1906508246011,1.8201339280982984,0
849,0.55547384001363409,0.00015429828889267614,700,4.372583580287694,2.6493970327315464,4.4525752522332819e+23,1.8639490623854587e-104,326405256.40283674,2314.2132678961125,1.8382056913308502,0
850,0.55552447504568014,0.00015431235417935559,700,4.3732899544238615,2.6499471473106744,4.4514671747172466e+23,3.4097637726596586e-107,323198856.00701547,2291.4798890897396,1.8564422145942749,0
851,0.55557551416248063,0.00015432653171180017,700,4.3739793366380253,2.6504909155353147,4.4503608506423432e+23,5.5305819313742491e-110,320026581.95102239,2268.9884660327484,1.874844259317888,0
852,0.55562700364228956,0.00015434083434508043,700,4.3746522167318531,2.6510287373556203,4.4492553965934895e+23,7.9382558614503129e-113,316888155.88670266,2246.7370252367218,1.8934125143336649,0
853,0.55567899277942334,0.00015435527577206204,700,4.3753090664607788,2.6515610140434869,4.4481498981636349e+23,1.0063228329462447e-115,313783307.34865999,2224.7236491019994,1.9121476061609313,0
854,0.55573153422611921,0.00015436987061836645,700,4.37595033985491,2.6520881494698569,4.4470434052439121e+23,1.1245068013640769e-118,310711778.23394454,2202.9465076786664,1.9310500664324395,0
855,0.55578468445105322,0.00015438463456973701,700,4.3765764742968445,2.6526105521806538,4.4459349252938919e+23,1.1054833676056231e-121,307673314.94226325,2181.4038029406461,1.9501203739836639,0
856,0.55583850411028735,0.00015439958447507982,700,4.3771878898400631,2.6531286361992805,4.4448234189319408e+23,9.5426827062534809e-125,304667678.81662726,2160.0938428098875,1.9693588841799221,0
857,0.5558930586537123,0.00015441473851492008,700,4.3777849904944555,2.6536428236769796,4.4437077911802073e+23,7.2193996255333309e-128,301694654.53776526,2139.0151006727556,1.9887657635806528,0
858,0.5559484191640488,0.00015443011643445799,700,4.3783681667479097,2.6541535490358417,4.4425868787392624e+23,4.7777005973241701e-131,298754018.47036737,2118.1659909549044,2.0083411867462879,0
859,0.55600466269282467,0.00015444573963689575,700,4.3789377918340948,2.6546612578627218,4.4414594482508447e+23,2.7607743321361497e-134,295845575.83956409,2097.5451327025094,2.0280850855967425,0
860,0.55606187337658275,0.00015446163149349522,700,4.3794942248887523,2.655166412278724,4.4403241795828523e+23,1.3904821750371603e-137,292969147.1470927,2077.1512532728871,2.047997223744364,0
861,0.55612014342955562,0.00015447781761932099,700,4.3800378111450646,2.6556694941786811,4.4391796528518448e+23,6.0934652157317485e-141,290124558.53953499,2056.9831200453032,2.0680772528198044,0
862,0.55617957407393748,0.0001544943261316493,700,4.3805687006157088,2.6561709330587009,4.4380243378005273e+23,2.3259579633181655e-144,287312628.36119127,2037.0465350808461,2.0883175355791113,0
863,0.55624029810888709,0.00015451119391913531,700,4.3810869087822795,2.6566712282272889,4.4368561770515431e+23,7.761037581368477e-148,284534893.93194246,2017.352397977472,2.1087044604923335,0
864,0.55630250026421757,0.000154528472295616,700,4.3815932003558,2.6571714060129707,4.4356722304831687e+23,2.2454502612087077e-151,281788816.18036467,1997.8827067187854,2.1292541277293195,0
865,0.55636632901671512,0.00015454620250464308,700,4.3820878546396616,2.6576720964507263,4.4344703676992721e+23,5.6272999833154704e-155,279074380.31123024,1978.6373564066223,2.1499644622729828,0
866,0.5564319521163501,0.00015456443114343057,700,4.382571142254486,2.6581739874349419,4.4332482089246606e+23,1.2203781592054151e-158,276391569.17004067,1959.6162254155884,2.1708332197024074,0
867,0.55649955907982007,0.00015458321085550558,700,4.3830433177514978,2.658677827890124,4.432003098622838e+23,2.2886632654840268e-162,273740412.70329964,1940.8195260663942,2.1918575853479294,0
868,0.55656936543909785,0.00015460260151086051,700,4.3835046203755654,2.6591844411184078,4.4307320508305183e+23,3.7100303504792573e-166,271120985.23493111,1922.2477853156613,2.2130341532953985,0
869,0.55664161775045828,0.00015462267159734952,700,4.383955272666511,2.6596947391260284,4.4294316864884568e+23,5.1982689319812068e-170,268533425.17460442,1903.9019844879451,2.234358719440126,0
870,0.55671660020572133,0.00015464350005714482,700,4.3843954809260604,2.6602097427910087,4.4280981493262265e+23,6.2975078070255529e-174,265977924.86329895,1885.7834872807896,2.2558263070454956,0
871,0.5567946423713348,0.00015466517843648188,700,4.3848254318017963,2.6607306027658555,4.4267270110982912e+23,6.6020587131581664e-178,263454759.49443996,1867.894244815579,2.2774308619490422,0
872,0.5568761296183693,0.00015468781378288036,700,4.3852452911674291,2.6612586296942098,4.4253131414153836e+23,5.9984736531830565e-182,260964301.55805025,1850.2368980465762,2.2991650444822733,0
873,0.55696151657551285,0.0001547115323820869,700,4.3856552020542932,2.6617953324742665,4.4238505411133979e+23,4.7341939498118189e-186,258507041.51122358,1832.8149243145751,2.3210199478220006,0
874,0.55705134479578333,0.00015473648466549536,700,4.3860552818417586,2.6623424679675161,4.4223321246524772e+23,3.2560240657804936e-190,256083598.62012318,1815.6327142166733,2.3429848816286185,0
875,0.55714626567875103,0.00015476285157743085,700,4.3864456157393601,2.6629021029027662,4.4207494419705231e+23,1.9602416969476161e-194,253694782.78567061,1798.6960099504045,2.3650466651767883,0
876,0.55724707266620899,0.00015479085351839138,700,4.3868262530638269,2.6634767037973481,4.4190922845265975e+23,1.039223389147789e-198,251341616.72519988,1782.0120625816671,2.3871892280218754,0
877,0.55735474458801038,0.00015482076238555845,700,4.3871968985678933,2.6640691599236694,4.4173481629132872e+23,4.9305672493569208e-203,249027285.4500533,1765.6034538408778,2.4093745346645572,0
878,0.55747060201383936,0.00015485294500384428,700,4.3875574595709042,2.6646835160187687,4.4155000891996702e+23,2.1200000867330388e-207,246753771.81897503,1749.4842421965329,2.4315737732275702,0
879,0.5575963468364159,0.00015488787412122664,700,4.3879080585394856,2.6653249730264932,4.4135263879018919e+23,8.3250138420659808e-212,244521722.9333545,1733.6590155974834,2.4537697215700245,0
880,0.55773410072193541,0.0001549261390894265,700,4.3882484497687546,2.6659996531254042,4.4114006208034601e+23,3.0445551824572883e-216,242334130.77626401,1718.1489872037116,2.4759203257008497,0
881,0.55788669986158868,0.00015496852773933019,700,4.3885782471495345,2.6667155848541855,4.409087777672441e+23,1.0644703347947308e-220,240194968.19794083,1702.9823245234002,2.4979707297846039,0
882,0.55805804516216317,0.00015501612365615645,700,4.3888968698518447,2.6674835980543143,4.4065401810183068e+23,3.6866576699590998e-225,238109574.51054376,1688.1968832797552,2.5198482725163633,0
883,0.55825368667033859,0.0001550704685195385,700,4.3892034540851856,2.6683187912087325,4.4036907184440793e+23,1.3284258866238848e-229,236085307.49650514,1673.8448301502212,2.541454215692275,0
884,0.55848185857303889,0.00015513384960362192,700,4.3894967117897625,2.669243091293132,4.4004409668358266e+23,5.3372067334989954e-234,234132539.09019694,1659.9997021494962,2.5626510622210299,0
885,0.5587554315515636,0.00015520984209765656,700,4.3897746822659371,2.6702899901112693,4.3966390414399332e+23,2.6445720821697746e-238,232266429.91429964,1646.7689880923842,2.5832402909942025,0
886,0.55909593584715178,0.00015530442662420882,700,4.3900342657399252,2.6715141179745925,4.3920344800735788e+23,1.8841536341693968e-242,230510240.15200683,1634.3176026777282,2.6029212394396803,0
887,0.55954286777121875,0.0001554285743808941,700,4.3902701705292122,2.6730129102487235,4.3861752247521836e+23,2.4836887582199018e-246,228902759.27101961,1622.9205632315288,2.6212003818162946,0
888,0.56017929182972703,0.00015560535884159084,700,4.3904712985056777,2.6749846421431034,4.3781282303975257e+23,1.0004653543861628e-249,227523493.93116668,1613.1415719719716,2.6370903049753607,0
889,0.56122913641894212,0.00015589698233859503,700,4.3905902006805144,2.6779382429306273,4.3654358189463726e+23,9.005152714909461e-252,226704272.79511708,1607.3332941173801,2.6466197244647751,0
890,0.56413438682902772,0.0001567039963413966,700,4.3869068141889977,2.6795985824491431,4.342202731839231e+23,1.2345528462181387e-199,250840529.04141924,1778.4593509036624,2.3919579594768234,0
891,0.56443632037763902,0.00015678786677156639,700,4.3877950470047633,2.6812472435679076,4.3374114435723107e+23,2.286742037940128e-210,245243522.27868909,1738.7765729559055,2.446547800427421,0
892,0.56456861831847516,0.00015682461619957643,700,4.3881555186715113,2.6819466744963094,4.335346549517823e+23,5.1495471173036937e-215,242933399.53366968,1722.3978026937179,2.4698127188428951,0
893,0.56470774334370566,0.00015686326203991823,700,4.3884915682003447,2.6826511554176533,4.3332173097317035e+23,1.6396900400790618e-219,240759084.48207128,1706.9819089778853,2.4921178002098627,0
894,0.56486179467899134,0.00015690605407749758,700,4.388816914894349,2.6833962253595418,4.3309082596855537e+23,5.0305670629333506e-224,238634627.8385489,1691.9195113753115,2.5143040028789834,0
895,0.56503483649265229,0.00015695412124795897,700,4.3891312281346044,2.684193153669225,4.328371586748981e+23,1.5303528302640127e-228,236563768.15370581,1677.2371162097738,2.5363140124237193,0
896,0.5652325100665182,0.00015700903057403284,700,4.3894336505697167,2.6850568967603787,4.3255422301864054e+23,4.8523517543148275e-233,234553833.03453773,1662.9866762148724,2.5580481556728634,0
897,0.56546318962426967,0.0001570731082289638,700,4.3897228955971519,2.6860091106203057,4.3223248682610559e+23,1.7210910062328007e-237,232615217.58695388,1649.2418926915029,2.5793669314679035,0
898,0.56573998291809235,0.00015714999525502565,700,4.3899970027924322,2.6870828089076033,4.3185724051620448e+23,7.570972568425402e-242,230763149.17865443,1636.1107276766597,2.6000685210596002,0
899,0.56608486052557072,0.00015724579459043631,700,4.390252869155959,2.6883317649179057,4.3140421277003862e+23,4.833943257615153e-246,229021029.17846549,1623.7590968753202,2.6198467544761916,0
900,0.56653824045690004,0.00015737173346025001,700,4.3904851746620492,2.6898518205206292,4.3082953007680619e+23,5.8060652679952561e-250,227428038.61875191,1612.4647938069509,2.6381971354280007,0
901,0.56718552181021753,0.00015755153383617153,700,4.3906826444731815,2.6918382651887751,4.3004231277700621e+23,2.2097132006422625e-253,226065362.62372464,1602.8034210022076,2.6540996508106032,0
902,0.568259349296658,0.00015784981924907166,700,4.3907955174285602,2.6947955076682479,4.2880087710740035e+23,2.2530654731883947e-255,225282892.04205173,1597.2557045781466,2.6633180822625575,0
903,0.57135103053510594,0.00015870861959308498,700,4.3861122869485314,2.6955993652748487,4.265754395139998e+23,8.0908024310518862e-191,255736245.84270534,1813.1699830247808,2.3461672318793618,0
904,0.57161065873843575,0.00015878073853845437,700,4.3870883567837886,2.6971662815772643,4.2615795549584352e+23,9.5001957389477964e-202,249707396.04349464,1770.4254379483768,2.4028122895306256,0
905,0.57171819348345698,0.00015881060930096028,700,4.3874667934493079,2.6977961811703097,4.2598769219481397e+23,2.7635089808898077e-206,247327547.23164225,1753.5523098723434,2.4259327629123799,0
906,0.57182994976224166,0.00015884165271173379,700,4.3878242876636486,2.6984260966111191,4.258139009490405e+23,9.7658529983242492e-211,245056976.03702956,1737.4539601025394,2.4484102011825053,0
907,0.57195056547249601,0.00015887515707569333,700,4.3881720782882336,2.6990789799578114,4.2562983544650031e+23,3.125227141338191e-215,242826725.5930095,1721.6414844544372,2.4708977091987472,0
908,0.57208189026633105,0.00015891163618509196,700,4.3885101387009051,2.6997601501480792,4.2543335809076988e+23,9.1705502034586689e-220,240638339.85360402,1706.1258295620523,2.4933682652773412,0
909,0.57222629707634187,0.00015895174918787274,700,4.3888381845573896,2.7004761165311302,4.2522177974358257e+23,2.522718490500037e-224,238495068.93808791,1690.9300387710432,2.5157752848791892,0
910,0.57238698750450623,0.0001589963854179184,700,4.3891557774138787,2.7012354628773481,4.2499151269092981e+23,6.7028578126577342e-229,236401251.71798122,1676.0848746804868,2.5380576271896387,0
911,0.57256841412566672,0.00015904678170157408,700,4.3894622627211417,2.7020498510152695,4.2473762583092779e+23,1.7916650905174755e-233,234362775.22444195,1661.6320763412932,2.5601335341135067,0
912,0.57277699954016392,0.00015910472209448997,700,4.3897566688341616,2.7029356965678812,4.244530952321934e+23,5.0988033867277179e-238,232387810.15382895,1647.6295739906473,2.5818910191667559,0
913,0.57302243531230135,0.00015917289869786148,700,4.3900375386916908,2.7039171368161914,4.2412746511776659e+23,1.6748423038249088e-242,230488013.03036103,1634.1600123852595,2.6031722522635699,0
914,0.57332020396742633,0.00015925561221317397,700,4.3903026274945169,2.7050316694350172,4.2374427921803184e+23,7.1563595857315566e-247,228680729.89033332,1621.3463749224632,2.6237453426344119,0
915,0.57369697920471097,0.00015936027200130859,700,4.3905483093151965,2.7063419726240303,4.2327564732784089e+23,4.7910123467587266e-251,226993225.78879154,1609.3819708425319,2.6432506869534373,0
916,0.57420379531514554,0.0001595010542542071,700,4.3907680675641183,2.7079640220983774,4.2266917345001959e+23,6.9266159397697682e-255,225473422.46038395,1598.6065652441223,2.6610675149769412,0
917,0.57495569235893917,0.00015970991454414976,700,4.3909458712012022,2.7101491591251659,4.2180915642257604e+23,4.5460027124414324e-258,224236517.66361424,1589.8369102350248,2.6757461552274142,0
918,0.57631879463796798,0.00016008855406610221,700,4.3909625637379728,2.7136378857636747,4.2033758996518663e+23,2.2668455918051658e-258,224120060.46147665,1589.0112286718695,2.6771365256843316,0
919,0.58180262954228668,0.00016161184153952408,700,4.3158345702960998,2.68731905898338,4.1824283262714202e+23,6.7398807788239273e-26,499024960.16524136,3538.0869675715612,1.20234466789261,0
920,0.58190217562159008,0.00016163949322821946,700,4.3193865548156154,2.6891105039348369,4.1802162365899597e+23,9.1422898987720011e-28,491276012.41232681,3483.1469280033966,1.2213093756680742,0
921,0.58196528690127713,0.00016165702413924364,700,4.3215993757553477,2.6902292084526973,4.1788288873031312e+23,5.2231193442700148e-29,486313820.63772321,3447.9649883214574,1.2337712286547715,0
922,0.58202713837527098,0.00016167420510424194,700,4.3237298134706386,2.6913087750683284,4.177483791807098e+23,2.8685222039907765e-30,481433602.18919998,3413.3642395214274,1.2462777780189183,0
923,0.58208815486098708,0.00016169115412805198,700,4.3257941592591456,2.69235744166942,4.1761708509516734e+23,1.4869039731028169e-31,476604489.94205087,3379.1258336891406,1.2589054712282557,0
924,0.58214837448224344,0.00016170788180062316,700,4.327795060368123,2.6933765476411851,4.1748885202800631e+23,7.2648808747489879e-33,471825614.03546274,3345.2436035114306,1.2716562690784812,0
925,0.58220783022106493,0.00016172439728362914,700,4.3297349102203819,2.6943673008295912,4.1736354163112811e+23,3.3418798909241615e-34,467096429.4231717,3311.7136846102871,1.2845313348700911,0
926,0.5822665540087556,0.00016174070944687655,700,4.3316159931560074,2.6953308513067524,4.172410224312694e+23,1.4456384897671624e-35,462416409.45509112,3278.5323430365956,1.2975318084127607,0
927,0.58232457693010797,0.00016175682692502998,700,4.3334404945824812,2.696268296947991,4.1712116910253852e+23,5.8737238518652292e-37,457785027.55010885,3245.6958453302714,1.3106588549017679,0
928,0.58238192919600784,0.00016177275811000218,700,4.3352105032927639,2.6971806849974604,4.1700386224736245e+23,2.2388324176632926e-38,453201765.47008353,3213.2005171828923,1.3239136422552327,0
929,0.58243864021908642,0.00016178851117196845,700,4.3369280170227897,2.6980690152180342,4.1688898798437832e+23,7.995486622091546e-40,448666116.14651835,3181.0427634788148,1.3372973318182588,0
930,0.58249473872373747,0.00016180409408992708,700,4.3385949485944897,2.698934243372455,4.1677643748770075e+23,2.6719771372159053e-41,444177572.95335382,3149.2189922392781,1.3508111091935076,0
931,0.5825502527214198,0.00016181951464483885,700,4.3402131279300615,2.699777282500798,4.1666610681860922e+23,8.3449943596952569e-43,439735640.84861791,3117.7256936167009,1.3644561510686239,0
932,0.58260520962479279,0.00016183478045133132,700,4.3417843079232243,2.7005990062097864,4.1655789649300897e+23,2.4325017581322657e-44,435339823.82525706,3086.5593509210726,1.3782336629070642,0
933,0.58265963620466454,0.00016184989894574015,700,4.3433101656657955,2.7014002494933962,4.164517113770851e+23,6.6089927995968455e-46,430989641.27126706,3055.716556613283,1.392144827959698,0
934,0.58271355875123221,0.00016186487743089783,700,4.3447923092204359,2.702181812469338,4.1634746019510786e+23,1.6714019804251406e-47,426684612.23673934,3025.193900758482,1.4061908557112419,0
935,0.58276700303857265,0.00016187972306627019,700,4.3462322787545977,2.7029444611131899,4.1624505543835159e+23,3.9290659721815193e-49,422424265.44743341,2994.9880420223026,1.4203729498457616,0
936,0.58281999441448318,0.00016189444289291201,700,4.3476315509090977,2.7036889297184272,4.1614441304033739e+23,8.5732725646671172e-51,418208129.38444966,2965.0956373357481,1.4346923405891829,0
937,0.58287255776600222,0.00016190904382388952,700,4.3489915398076802,2.7044159215296553,4.1604545230224438e+23,1.7339355869070911e-52,414035750.73251909,2935.5134726935598,1.4491502217827079,0
938,0.58292471771724996,0.00016192353269923611,700,4.3503132450500663,2.7051257846144132,4.1594809545629529e+23,3.2493168489562714e-54,409907798.52992332,2906.2462915771557,1.4637438032450605,0
939,0.58297651281985297,0.00016193792022773694,700,4.3515983172363164,2.705819347951794,4.1585224160035554e+23,5.6280795506613319e-56,405822766.67613178,2877.2834157337738,1.4784779200887761,0
940,0.58302796806571378,0.00016195221335158717,700,4.3528480226573656,2.7064972463358488,4.1575781745137104e+23,8.9962298964676991e-58,401780156.496876,2848.6213095628509,1.4933539904792814,0
941,0.58307910754198733,0.00016196641876166314,700,4.3540635591692824,2.7071600805735039,4.1566475344787455e+23,1.3250368214077672e-59,397779530.95306575,2820.2568744572363,1.5083732402278749,0
942,0.5831299551823439,0.00016198054310620665,700,4.355246076376762,2.7078084284016204,4.1557298225995823e+23,1.7955085276206086e-61,393820461.6439203,2792.1870730553951,1.5235368865686327,0
943,0.58318053485053123,0.00016199459301403644,700,4.3563966786519481,2.7084428462011272,4.1548243855699728e+23,2.2348626080071242e-63,389902521.55906993,2764.4088778538053,1.5388461649358696,0
944,0.58323087033228638,0.00016200857509230177,700,4.3575164259197727,2.7090638694841869,4.1539305894787299e+23,2.5510546475948589e-65,386025292.43539304,2736.9193233669366,1.5543023002836498,0
945,0.58328098542335938,0.00016202249595093316,700,4.3586063365121221,2.7096720145250588,4.1530478175589415e+23,2.6661508816668421e-67,382188361.89514053,2709.7154858365461,1.5699065168410846,0
946,0.58333090398290188,0.00016203636221747274,700,4.3596673890682798,2.7102677794720056,4.152175468645255e+23,2.5469643444735765e-69,378391319.76134628,2682.7944571079447,1.585660052610149,0
947,0.58338064994030847,0.00016205018053897457,700,4.3607005233121363,2.7108516448444857,4.1513129564969711e+23,2.2202545435201579e-71,374633767.10949981,2656.1534088063536,1.6015641212198286,0
948,0.58343024742342697,0.00016206395761761861,700,4.3617066432986666,2.7114240754070069,4.1504597070915906e+23,1.7631098276182559e-73,370915306.64729226,2629.7895241293018,1.6176199505580044,0
949,0.58347972076285548,0.0001620777002119043,700,4.3626866178640151,2.7119855204986369,4.1496151581325406e+23,1.2731975823360457e-75,367235546.41572708,2603.700024087505,1.6338287670027811,0
950,0.58352909454727275,0.00016209141515202021,700,4.3636412820790547,2.7125364149219902,4.1487787577259585e+23,8.3461134373974705e-78,363594101.21067125,2577.8821775836591,1.6501917880465062,0
951,0.58357839370120113,0.00016210510936144477,700,4.3645714390045436,2.7130771800153393,4.1479499627459781e+23,4.9575857448673897e-80,359990599.04659408,2552.3333472403519,1.6667101907356785,0
952,0.58362764365623676,0.0001621187899045102,700,4.365477862904541,2.7136082256238221,4.147128235721414e+23,2.6635234991937138e-82,356424655.51601195,2527.0508076085248,1.6833852280262518,0
953,0.58367687017400749,0.0001621324639372243,700,4.3663612959646585,2.7141299482672654,4.1463130475897062e+23,1.2919534746524039e-84,352895911.40221637,2502.0320118417139,1.7002180547117318,0
954,0.58372609969106415,0.00016214613880307337,700,4.3672224544379752,2.714642734851294,4.1455038718180617e+23,5.6471093317892188e-87,349404001.20877481,2477.274368570213,1.7172098714504698,0
955,0.58377535923464996,0.00016215982200962499,700,4.3680620267881896,2.7151469617010795,4.1447001857341326e+23,2.2201003744552095e-89,345948571.56071228,2452.7753723654496,1.7343618367700151,0
956,0.58382467660028869,0.00016217352127785798,700,4.368880676289141,2.7156429962739339,4.1439014675847092e+23,7.8352061552635879e-92,342529270.50039339,2428.532527847789,1.7516751170592613,0
957,0.58387408038479682,0.00016218724455133244,700,4.3696789663472542,2.7161311514621396,4.1431071960504742e+23,2.4788739162124611e-94,339146073.57174128,2404.5456616236456,1.7691491860160928,0
958,0.58392360484313865,0.0001622010013453163,700,4.3704571899311135,2.7166115773572721,4.1423167748437012e+23,7.0346098210455068e-97,335800051.94768226,2380.8223683090673,1.7867775675433193,0
959,0.58397330660108393,0.00016221480738918997,700,4.3712163388063638,2.7170848636969152,4.1415292721770148e+23,1.7820599271581766e-99,332489188.29975867,2357.3483450452891,1.8045699562990436,0
960,0.58402321894696585,0.00016222867192971274,700,4.3719569799732332,2.7175513499945225,4.1407441450105272e+23,4.0220751036792811e-102,329213176.3341192,2334.121420208905,1.8225272957819241,0
961,0.58407337688930072,0.00016224260469147243,700,4.3726796628077516,2.7180113730148445,4.1399608375229611e+23,8.0713327125719922e-105,325971691.75428182,2311.1392945378579,1.8406506306451951,0
962,0.58412381695438542,0.00016225661582066261,700,4.3733849143069126,2.7184652641416287,4.1391787848073981e+23,1.4372711980284066e-107,322764437.44510764,2288.3998614858128,1.8589408571445907,0
963,0.58417457769133474,0.00016227071602537075,700,4.3740732442290664,2.7189133531077916,4.1383974056062486e+23,2.2664076158572682e-110,319591102.69001704,2265.9009180722205,1.8773989480613344,0
964,0.58422569955885584,0.00016228491654412663,700,4.3747451413173692,2.7193559660263693,4.1376161047600624e+23,3.158406269534675e-113,316451409.95256054,2243.6404965636543,1.8960256808144618,0
965,0.58427722557878592,0.00016229922932744053,700,4.3754010794104303,2.7197934299667437,4.1368342640199092e+23,3.8817324046749003e-116,313345062.67880696,2221.6164943927411,1.9148219374211985,0
966,0.58432920117108689,0.00016231366699196858,700,4.3760415123459842,2.7202260702535335,4.1360512455089989e+23,4.1987594244809221e-119,310271790.07627273,2199.8269916407735,1.9337884370748133,0
967,0.58438167474616187,0.00016232824298504498,700,4.3766668782866693,2.720654214068162,4.1352663838293213e+23,3.9889615991816788e-122,307231325.99140519,2178.2701012790626,1.9529258550177431,0
968,0.5844346979873507,0.00016234297166315299,700,4.3772775993338406,2.7210781911000042,4.1344789830912436e+23,3.3215955530782367e-125,304223411.50099933,2156.9439875420849,1.9722348028367602,0
969,0.5844883262117393,0.00016235786839214979,700,4.3778740817333714,2.7214983346427664,4.1336883129784511e+23,2.41933327802294e-128,301247803.68406707,2135.8469281200355,1.9917157657662081,0
970,0.58454261893378623,0.0001623729497038295,700,4.3784567174232949,2.7219149839150996,4.1328936020505853e+23,1.5381865095816831e-131,298304253.97896975,2114.9771607108955,2.0113692379401988,0
971,0.58459764008705117,0.00016238823335751421,700,4.3790258814444218,2.7223284834881536,4.1320940363428498e+23,8.519828720182145e-135,295392556.04028201,2094.3332223255993,2.0311953965359213,0
972,0.58465345919824152,0.0001624037386661782,700,4.3795819382294408,2.722739189451123,4.131288744431813e+23,4.1027139579305459e-138,292512474.2565642,2073.91344247904,2.0511945739234929,0
973,0.58471015129086679,0.00016241948646968522,700,4.3801252340714889,2.7231474656871497,4.1304768012873502e+23,1.7143719289973302e-141,289663829.92451715,2053.7165541648264,2.0713666602984313,0
974,0.58476779853201766,0.00016243549959222712,700,4.3806558486590674,2.7235535785134406,4.1296572074332e+23,6.2284819635160476e-145,286847791.65932322,2033.7508428646015,2.0917016530934083,0
975,0.58482651926754092,0.00016245181090765025,700,4.381174030454094,2.7239579686754976,4.128828489346525e+23,1.9671039666042949e-148,284064642.96994394,2014.0183186569025,2.112195286702697,0
976,0.58488645312890808,0.00016246845920247447,700,4.3816804007947079,2.7243613065978631,4.1279889203700888e+23,5.3667030980202852e-152,281312580.36118841,1994.5061947608258,2.132858755302149,0
977,0.58494771681214908,0.00016248547689226363,700,4.382175251878448,2.724764047478474,4.1271371421025219e+23,1.262841116134555e-155,278591494.11224926,1975.2136932558471,2.1536910231661621,0
978,0.58501044007590297,0.00016250290002108416,700,4.3826588632129164,2.7251666773927457,4.1262716593084827e+23,2.5593852058127071e-159,275901301.50068069,1956.140227639826,2.1746907199657399,0
979,0.58507476792376656,0.00016252076886771294,700,4.3831315018666066,2.7255697193121531,4.1253908166733175e+23,4.461724131125225e-163,273241934.79093528,1937.2853176677309,2.1958562124041321,0
980,0.58514086285361122,0.00016253912857044757,700,4.3835934199653321,2.7259737379457398,4.1244927760578295e+23,6.6832133653772988e-167,270613372.56397027,1918.6488114785491,2.2171853309213905,0
981,0.58520890831090022,0.00016255803008636118,700,4.384044856979247,2.7263793500775741,4.1235754791457356e+23,8.5942965185296574e-171,268015625.04075101,1900.2307815389247,2.2386754500181536,0
982,0.58527911238425023,0.00016257753121784728,700,4.3844860380941197,2.726787233685525,4.1226366091246277e+23,9.4825269646452899e-175,265448745.50895166,1882.0316056584672,2.2603233586566951,0
983,0.58535171253150886,0.00016259769792541912,700,4.3849171736856434,2.7271981402159526,4.1216735413320602e+23,8.9745518382700249e-179,262912834.55189481,1864.0519969729341,2.2821251804714371,0
984,0.58542698138293103,0.00016261860593970307,700,4.3853384579024306,2.7276129092472381,4.1206832830617898e+23,7.2870860011570949e-183,260408061.8242279,1846.2931583337756,2.3040761326544192,0
985,0.58550523445355129,0.00016264034290376425,700,4.385750068999374,2.7280324890189065,4.1196623927134953e+23,5.0795666438968497e-187,257934659.43080863,1828.7567353644331,2.3261705166883586,0
986,0.58558683936819667,0.00016266301093561018,700,4.3861521663845648,2.7284579591333165,4.11860688500179e+23,3.0434705645725528e-191,255492942.2704165,1811.444960697253,2.3484014652935246,0
987,0.58567222796309482,0.00016268672998974855,700,4.3865448881233293,2.7288905608977698,4.1175121062745654e+23,1.5705798034549746e-195,253083337.95730254,1794.360866117275,2.3707605757168628,0
988,0.58576191252459187,0.00016271164236794219,700,4.3869283498188656,2.7293317389309752,4.1163725666966048e+23,7.0012381800711838e-200,250706396.818744,1777.508353444895,2.3932376980144974,0
989,0.58585650676127043,0.00016273791854479734,700,4.3873021873748348,2.7297830402594823,4.1151817266444391e+23,2.7410253484955392e-204,248365664.26346993,1760.9125596280016,2.4157928664548058,0
990,0.58595687687991227,0.00016276579913330897,700,4.3876667273674324,2.730246985117708,4.1139301975029082e+23,9.4176666806627248e-209,246060410.040409,1744.5683071864999,2.4384255878524534,0
991,0.58606401088839499,0.00016279555858010971,700,4.3880220953157041,2.7307262845700699,4.1126074867964944e+23,2.8532595600343739e-213,243791113.17162403,1728.4789923868143,2.4611233452862251,0
992,0.5861791052136277,0.00016282752922600771,700,4.3883682422454466,2.7312240965427437,4.1112010341333722e+23,7.7045503688990743e-218,241559375.18873203,1712.6559700881098,2.4838613675466572,0
993,0.5863036812772342,0.00016286213368812061,700,4.3887050519243669,2.7317443810340913,4.1096949563390534e+23,1.8804692547279645e-222,239367248.0194222,1697.1137884577033,2.5066085897905137,0
994,0.58643971092885316,0.00016289991970245922,700,4.3890323181780184,2.7322922005587191,4.1080687879218045e+23,4.2268528539916733e-227,237217414.57718208,1681.8714693522209,2.5293252650503923,0
995,0.58658980907891856,0.00016294161363303292,700,4.3893497149494252,2.7328741802628631,4.1062955533411015e+23,8.9709962765486564e-232,235113408.80129218,1666.9540684011613,2.5519599373725823,0
996,0.58675753717225854,0.00016298820477007181,700,4.389656749449637,2.7334992249608367,4.1043387485988906e+23,1.8594874499502001e-236,233059966.69741011,1652.3951638846374,2.5744447169642002,0
997,0.58694790389247986,0.00016304108441457773,700,4.3899526895538443,2.734179691454572,4.1021473901297418e+23,3.9426513778033509e-241,231063553.71017563,1638.2405958051452,2.5966881854183868,0
998,0.58716823310874799,0.00016310228697465222,700,4.3902364454718334,2.7349333988981681,4.0996474903909086e+23,9.1259328934426224e-246,229133242.57891628,1624.5546898845164,2.6185637371816646,0
999,0.58742976995087071,0.00016317493609746409,700,4.3905063714684518,2.7357873095025194,4.0967263967835748e+23,2.5327880249065915e-250,227282143.00105715,1611.4303938774949,2.6398906314307728,0
1000,0.58775089073044606,0.0001632641363140128,700,4.3907598969441937,2.7367847880504925,4.0932017569712288e+23,9.7054671778133198e-255,225530104.29421309,1599.0084394459707,2.6603987165158043,0
1001,0.58816425147770446,0.0001633789587438068,700,4.3909927576986867,2.7380015429675244,4.0887530438520928e+23,6.4343165276296595e-259,223909259.42664838,1587.5166493349368,2.6796569357443527,0
1002,0.58873528267659847,0.00016353757852127735,700,4.3911967785983395,2.7395861045880512,4.0827463354401091e+23,1.1158542211959119e-262,222479891.25338206,1577.3824289864788,2.6968729471224919,0
1003,0.58962408768435171,0.00016378446880120881,700,4.3913470120320586,2.7418911116401303,4.0736555076734509e+23,1.6463508288803192e-265,221421760.69793022,1569.8802833483253,2.7097607665514718,0
1004,0.59148397887376947,0.00016430110524271374,700,4.3910316262074973,2.7461986584008975,4.0554288547956338e+23,1.2582284987412346e-259,223637618.5740872,1585.5907156902783,2.6829117740816515,0
1005,0.59336109220709254,0.00016482252561308126,700,4.390222483916661,2.750318436903886,4.0373572165788321e+23,1.5588817080367224e-245,229228591.12428516,1625.2307110711818,2.6174745351668927,0
1006,0.59413070436475379,0.00016503630676798718,700,4.3907322832231674,2.7522714735708695,4.0299421337647135e+23,2.9891219287406143e-254,225721571.36030886,1600.3659409445897,2.6581420481175364,0
1007,0.594626048210117,0.00016517390228058807,700,4.3910467261039132,2.753515991586255,4.0251986494016141e+23,6.6642271092125422e-260,223532003.59025162,1584.841905454884,2.6841794032313961,0
1008,0.59513174254730228,0.00016531437292980619,700,4.391274954226728,2.7547494461991939,4.0203869991373829e+23,3.8184790424859958e-264,221929877.09208649,1573.482828582893,2.7035566723223972,0
1009,0.59583224080525021,0.00016550895577923617,700,4.3914577065082225,2.7564017730180614,4.013775569968253e+23,1.2497811363379328e-267,220639043.12625787,1564.3308157651682,2.7193736498243317,0
1010,0.59702958507598314,0.00016584155140999531,700,4.3915329751736989,2.7591159275090957,4.002608672934578e+23,4.3456891394607211e-269,220105327.1996882,1560.5467698457892,2.7259676430078246,0
1011,0.60196745256991746,0.00016721318126942152,700,4.3552242877632228,2.7449035151012939,3.9850089378010893e+23,1.9509103377031713e-61,393894022.14059812,2792.7086169768404,1.5232523630070058,0
1012,0.60207936988931754,0.00016724426941369932,700,4.3576716669636966,2.7465154051127549,3.98271447914413e+23,1.3521187895606795e-65,385482624.85802478,2733.0718102433957,1.556490387137379,0
1013,0.60213066003838567,0.00016725851667732936,700,4.3587694321216466,2.7472423884411343,3.9816737524102253e+23,1.3253111930734096e-67,381608723.65192145,2705.6058506921227,1.5722911003137361,0
1014,0.60218118473501703,0.00016727255131528251,700,4.3598267761572291,2.7479465240002021,3.9806592887731027e+23,1.2454118367853624e-69,377815559.96206188,2678.7123201310187,1.5880764679470813,0
1015,0.60223150952485072,0.00016728653042356965,700,4.3608562329286054,2.7486360638358036,3.9796593601144622e+23,1.0679506633600719e-71,374062154.80415601,2652.100677561466,1.6040115052915098,0
1016,0.60228166291499463,0.00016730046192083185,700,4.3618588005692045,2.7493116266079887,3.9786731602907312e+23,8.3386516867448418e-74,370347758.50164735,2625.7656077766792,1.6200989103524739,0
1017,0.60233166887587852,0.00016731435246552181,700,4.3628353442853225,2.7499737464383784,3.9776999967162383e+23,5.9180753629502055e-76,366671973.57785922,2599.7042926670215,1.6363399529705147,0
1018,0.6023815515125075,0.00016732820875347431,700,4.3637866945436237,2.7506229383661025,3.9767391959785924e+23,3.8109657261331703e-78,363034422.21098244,2573.9140534758653,1.6527358379567152,0
1019,0.60243133531578752,0.00016734203758771876,700,4.3647136522370769,2.7512597019148037,3.9757900985293876e+23,2.2226193347694653e-80,359434711.51427686,2548.3921046362229,1.6692878589055464,0
1020,0.60248104494102606,0.00016735584581695169,700,4.365616984674574,2.7518845184624903,3.9748520624908726e+23,1.1718759897862524e-82,355872482.23027897,2523.1358990126778,1.6859971758416272,0
1021,0.60253070566276523,0.00016736964046187923,700,4.3664974340545175,2.7524978571389567,3.9739244547537362e+23,5.5752551133178703e-85,352347350.11444712,2498.1427123114299,1.7028650841424293,0
1022,0.602580343018571,0.00016738342861626973,700,4.3673557109647749,2.7531001704481528,3.9730066574209735e+23,2.3888979567684374e-87,348858959.95013458,2473.4100260464538,1.7198927614923898,0
1023,0.60262998321220018,0.0001673972175589445,700,4.3681925014039367,2.7536918992582411,3.9720980601203866e+23,9.2012516592623026e-90,345406954.20127159,2448.9353052870151,1.7370814128147947,0
1024,0.60267965308338467,0.00016741101474538464,700,4.3690084658680695,2.7542734723061448,3.9711980605446605e+23,3.1795410358129745e-92,341990976.1661483,2424.7160210179914,1.7544322564479129,0
1025,0.60272938012365773,0.00016742482781212714,700,4.3698041000964922,2.7548452171472682,3.9703060641369525e+23,9.8479235522102736e-95,338611277.85235751,2400.7539599732145,1.7719433440182526,0
1026,0.60277920154287135,0.00016743866709524203,700,4.3705798616752976,2.7554074476115105,3.9694213268761259e+23,2.7321299036858701e-97,335268214.60839814,2377.0516415735424,1.7896119401023904,0
1027,0.60282916631185735,0.00016745254619773814,700,4.3713366356832699,2.7559607734196629,3.9685429255777906e+23,6.7616655475841178e-100,331960207.64069235,2353.5978721725087,1.8074455497673052,0
1028,0.6028793062155795,0.00016746647394877209,700,4.372074989703191,2.7565055845991693,3.9676702655875216e+23,1.4897612427919824e-102,328686923.15999889,2330.3902852043921,1.8254453028784803,0
1029,0.60292965420940403,0.00016748045950261222,700,4.3727954685672143,2.7570422622677913,3.966802752406453e+23,2.9161834628589269e-105,325448056.58982599,2307.426721221866,1.8436121766620404,0
1030,0.60298024492189062,0.00016749451247830295,700,4.3734986002002989,2.7575711832699681,3.9659397836447434e+23,5.0610964252979812e-108,322243285.67252648,2284.7048954182128,1.8619472512756663,0
1031,0.60303111444684854,0.00016750864290190236,700,4.3741848909966308,2.7580927170906722,3.9650807533482055e+23,7.7714556386913474e-111,319072304.51887381,2262.2226390388155,1.8804515199297367,0
1032,0.60308230067524793,0.00016752286129867997,700,4.3748548287154572,2.7586072283896526,3.9642250471696484e+23,1.0536269841283868e-113,315934824.19696659,2239.9779035564934,1.8991258767534143,0
1033,0.60313384366647482,0.00016753717879624299,700,4.3755088852121027,2.7591150795690993,3.96337203721476e+23,1.2585731979050239e-116,312830548.78067344,2217.9685908549745,1.9179712542097733,0
1034,0.60318578564992986,0.00016755160712498052,700,4.3761475140195962,2.7596166294576365,3.9625210832253866e+23,1.3217774611049902e-119,309759196.11872262,2196.192700481743,1.9369884978976886,0
1035,0.60323817138615343,0.00016756615871837594,700,4.3767711522726458,2.760112235391925,3.9616715279722123e+23,1.2178705295248011e-122,306720488.75081235,2174.6482652432592,1.9561784165238973,0
1036,0.60329104840480863,0.00016758084677911351,700,4.3773802206560388,2.7606022538388757,3.9608226949375578e+23,9.824006326302723e-126,303714166.46590608,2153.3334402432743,1.975541697582796,0
1037,0.60334446749339632,0.00016759568541483232,700,4.3779751256489936,2.7610870430327084,3.9599738822464776e+23,6.9229045869459358e-129,300739963.86753535,2132.2463438208256,1.995079045311974,0
1038,0.60339848282772657,0.00016761068967436848,700,4.3785562572532122,2.7615669620415599,3.9591243626223132e+23,4.2529364397831981e-132,297797643.13269389,2111.3852898107993,2.0147909623739015,0
1039,0.60345315273188116,0.00016762587575885586,700,4.3791239930182391,2.7620423751402812,3.9582733737345999e+23,2.2728177681548018e-135,294886958.92221177,2090.7485387584811,2.0346779735290834,0
1040,0.60350853985262298,0.00016764126107017305,700,4.3796786950437996,2.7625136505682963,3.9574201181608289e+23,1.0544013983925832e-138,292007685.1157639,2070.3344874707659,2.0547404420610889,0
1041,0.60356471188071159,0.00016765686441130878,700,4.3802207120239922,2.762981163664421,3.9565637552168935e+23,4.2375743075347142e-142,289159610.03561294,2050.1416351524954,2.0749785902882629,0
1042,0.60362174226537457,0.00016767270618482628,700,4.3807500421551495,2.7634451424400597,3.9557033938015426e+23,1.4799934623405086e-145,286344334.01092494,2030.1813281374577,2.0953793343684883,0
1043,0.60367974839824223,0.00016768881899951172,700,4.3812671353431396,2.7639061758053458,3.9548375359548597e+23,4.4768755844993146e-149,283561050.98848647,2010.4478515083688,2.1159464528305829,0
1044,0.60373884508322584,0.00016770523474534052,700,4.381772497790112,2.7643648602312205,3.9539647851083358e+23,1.1673047067680508e-152,280808545.24112743,1990.9325857595934,2.1366871135804861,0
1045,0.603799135072283,0.00016772198196452306,700,4.3822664248211654,2.7648216373052064,3.9530839813355117e+23,2.6189972931753672e-156,278086685.32739824,1971.6345989712534,2.1576006031845982,0
1046,0.60386073208222013,0.00016773909224506115,700,4.3827492009066349,2.7652769729505451,3.9521938619649316e+23,5.0475529219496573e-160,275395332.54989433,1952.5529077787508,2.1786861616156687,0
1047,0.60392376183133922,0.00016775660050870534,700,4.3832210948210708,2.7657313571806421,3.95129305462669e+23,8.3439721838244895e-164,272734404.60722822,1933.6869286652482,2.1999424710060884,0
1048,0.60398836478740914,0.00016777454577428033,700,4.3836823654685597,2.7661853148028044,3.9503800473193321e+23,1.1813846957043782e-167,270103820.3493585,1915.0360862769517,2.2213680621915906,0
1049,0.60405469798007594,0.00016779297166113219,700,4.3841332574085774,2.7666394073345857,3.9494531739610054e+23,1.4309162482697399e-171,267503542.71612164,1896.6001178573024,2.242960948882565,0
1050,0.60412293824723517,0.00016781192729089866,700,4.3845740030063229,2.7670942427322558,3.9485105820290686e+23,1.4811894257864477e-175,264933566.97390583,1878.3789898449922,2.2647186872288474,0
1051,0.6041932857493254,0.00016783146826370151,700,4.3850048217318092,2.767550483943094,3.9475501996666358e+23,1.3093348295848416e-179,262393920.29053774,1860.3728948599125,2.2866383464054549,0
1052,0.60426596813060696,0.00016785165781405749,700,4.3854259183673623,2.768008858354833,3.9465696975099527e+23,9.880084944335064e-184,259884687.95511779,1842.5824376017852,2.3087162415033093,0
1053,0.60434124628525432,0.00016787256841257065,700,4.3858374841876664,2.7684701731930663,3.9455664333976241e+23,6.3637233125068095e-188,257405996.24053946,1825.0085133454245,2.3309480305941088,0
1054,0.60441942078464117,0.00016789428355128922,700,4.3862396937493973,2.7689353296336363,3.9445373941158217e+23,3.5002116347283964e-192,254958046.9963792,1807.6525532043283,2.3533283497756043,0
1055,0.60450084084568267,0.00016791690023491187,700,4.3866327054553773,2.7694053456118577,3.9434791109165747e+23,1.6456729658607993e-196,252541115.52811113,1790.5165090943078,2.375850755015819,0
1056,0.60458591530191674,0.00016794053202831021,700,4.3870166590595883,2.7698813815239753,3.9423875586620708e+23,6.625035441573341e-201,250155565.21123478,1773.6029573476544,2.39850750269478,0
1057,0.60467512678713975,0.00016796531299642772,700,4.3873910942390859,2.7703645684841587,3.9412580280661224e+23,2.3268079877190306e-205,247805528.07426408,1756.9411940465322,2.4212534912465222,0
1058,0.60476919806311313,0.00016799144390642031,700,4.3877566324292072,2.7708571993454001,3.9400831399295859e+23,7.0601074250989201e-210,245488371.33236194,1740.5125527464461,2.4441076240946322,0
1059,0.60486886073983348,0.00016801912798328707,700,4.3881133273838993,2.7713612082260424,3.9388558517369549e+23,1.8610050761220781e-214,243204965.7471104,1724.3232071470127,2.4670548899231464,0
1060,0.60497501121101827,0.00016804861422528285,700,4.3884611948952923,2.7718789165071729,3.937567601572615e+23,4.2935937440669963e-219,240956438.48181072,1708.3811488360377,2.4900766453073744,0
1061,0.60508876406549583,0.00016808021224041551,700,4.3888002060115481,2.7724131560856513,3.9362078234574299e+23,8.7556239107115272e-224,238744204.87663865,1692.696412575368,2.5131500063426695,0
1062,0.60521152612250106,0.00016811431281180586,700,4.3891302708524469,2.7729674333100585,3.9347632852923963e+23,1.5988596138763535e-228,236570104.1676921,1677.2820385489367,2.5362460827877538,0
1063,0.60534510702100341,0.0001681514186169454,700,4.389451223063924,2.7735461773999273,3.9332170982027101e+23,2.6599243744281599e-233,234436511.87686116,1662.1548692069455,2.5593283025604507,0
1064,0.60549188407879861,0.0001681921900218885,700,4.3897627928952279,2.7741551029441069,3.9315472533417309e+23,4.1251869566394955e-238,232346552.60526681,1647.3370579713414,2.582349483012726,0
1065,0.60565506019349025,0.00016823751672041397,700,4.3900645695440739,2.7748017729657941,3.9297243441863158e+23,6.1504718039184475e-243,230304364.16117886,1632.8579419027581,2.6052480689427537,0
1066,0.60583907931008618,0.0001682886331416906,700,4.3903559392567821,2.7754964909000095,3.9277079278166234e+23,9.1953356195223374e-248,228315579.56241015,1618.7574590974878,2.627941558565388,0
1067,0.60605033613137382,0.0001683473155920483,700,4.3906359934067112,2.7762538116014372,3.925440345594762e+23,1.4616911357676898e-252,226388001.96857235,1605.0909339571779,2.6503171315734888,0
1068,0.60629845070702792,0.00016841623630750775,700,4.3909033696318041,2.7770952124148756,3.9228357211181175e+23,2.6857306173549117e-257,224532775.28435886,1591.9373767661041,2.6722156675796294,0
1069,0.60659873667603736,0.00016849964907667705,700,4.3911559707260173,2.7780541936515739,3.9197588330209658e+23,6.4553675500187991e-262,222766488.18322331,1579.4144012190532,2.6934033251289833,0
1070,0.60697746135066089,0.00016860485037518359,700,4.3913904028970885,2.7791869885547595,3.9159804885676995e+23,2.4613926251358701e-266,221115254.21707395,1567.7071523990542,2.7135169942231401,0
1071,0.60748460815374505,0.00016874572448715141,700,4.3916004458071072,2.7805980707515698,3.9110703092885633e+23,2.088263618149369e-270,219625869.69212452,1557.1474161171627,2.7319186070433816,0
1072,0.6082324510097914,0.00016895345861383095,700,4.3917716715116999,2.7825158971026953,3.9040757509192328e+23,8.3039114525361571e-274,218404694.09355471,1548.4892811233028,2.7471937015373262,0
1073,0.60956995227002087,0.00016932498674167247,700,4.3918069845361698,2.7856094722006093,3.8920982743258892e+23,1.6172989078273116e-274,218152050.84104741,1546.698040463026,2.7503752437201667,0
1074,0.61494864160615181,0.00017081906711281995,700,4.3378320726164574,2.765263603560153,3.8749477697949876e+23,1.2956892254810316e-40,446242550.58049077,3163.8596836156789,1.3445602603774454,0
1075,0.61505387176921766,0.00017084829771367156,700,4.3407926496614477,2.766977221096488,3.872861623199883e+23,2.3172987576504346e-43,438123937.78494513,3106.2987188952607,1.3694755028302341,0
1076,0.61511065961534017,0.00017086407211537228,700,4.3423607301873703,2.7678878747729438,3.8717480945752835e+23,6.376974104713503e-45,433706021.8093226,3074.9756946280968,1.3834255689993347,0
1077,0.61516640814239409,0.00017087955781733169,700,4.3438708930963221,2.7687677625158233,3.8706669266875331e+23,1.6835249496982654e-46,429370324.26039064,3044.2355990061697,1.3973951297950704,0
1078,0.61522161670541775,0.0001708948935292827,700,4.3453377782679183,2.7696253643072857,3.8696078407771763e+23,4.1356073444858062e-48,425079945.53391004,3013.8168138354217,1.4114991928080409,0
1079,0.61527631596266108,0.00017091008776740587,700,4.3467630274687616,2.7704616139023157,3.8685697834907162e+23,9.437100718784569e-50,420834059.88890821,2983.713484612359,1.4257401127617571,0
1080,0.61533053153138628,0.0001709251476476073,700,4.3481480962531789,2.7712773365650607,3.8675518306412347e+23,1.9975488436060088e-51,416632199.67667657,2953.9222957076367,1.4401191277717476,0
1081,0.6153842885592592,0.00017094008015534976,700,4.3494942710444269,2.7720732166197983,3.8665530968770785e+23,3.9176540045494949e-53,412474242.61818945,2924.4423801629632,1.4546362851447077,0
1082,0.61543761616472836,0.00017095489337909121,700,4.3508027858279643,2.7728498637890242,3.8655726547356465e+23,7.1112043179708012e-55,408360077.513381,2895.2729495698713,1.4692915224562797,0
1083,0.6154905475968615,0.00017096959655468375,700,4.3520751414026195,2.7736081343325321,3.8646095328297157e+23,1.1921371368039195e-56,404288586.11625111,2866.4060755642204,1.4840883977552437,0
1084,0.61554310714266647,0.00017098419642851847,700,4.3533125684620071,2.7743487266196012,3.8636629515250672e+23,1.842955910962739e-58,400259331.39087951,2837.8386595613356,1.4990281373704204,0
1085,0.61559531890413599,0.00017099869969559333,700,4.3545162495802847,2.7750723119454337,3.8627321590198485e+23,2.6231948400545044e-60,396271866.55962503,2809.5675339077416,1.5141120292215371,0
1086,0.61564720663995176,0.00017101311295554216,700,4.3556873169013448,2.7757795332451436,3.8618164330413144e+23,3.4323372856771042e-62,392325766.85759628,2781.5896870203574,1.5293413043089363,0
1087,0.6156987940231442,0.00017102744278420673,700,4.3568268591788648,2.7764710094623313,3.860915075217048e+23,4.121879741328444e-64,388420606.33091211,2753.9020988861671,1.5447172220539565,0
1088,0.61575010459673452,0.00017104169572131514,700,4.3579359217770355,2.7771473356540204,3.8600274109488189e+23,4.5356384563454362e-66,384555967.59134251,2726.5018102226181,1.5602410326852714,0
1089,0.61580116185875655,0.00017105587829409905,700,4.3590155094104297,2.7778090847740917,3.8591527870757384e+23,4.565577250875086e-68,380731431.97776705,2699.3858527223683,1.5759140160380485,0
1090,0.61585198921780504,0.00017106999700494584,700,4.3600665861158729,2.7784568077249814,3.858290571848963e+23,4.1969789269808291e-70,376946596.5477128,2672.5513695232835,1.5917374118645311,0
1091,0.61590261017704862,0.00017108405838251351,700,4.3610900797992933,2.7790910362532073,3.8574401510852656e+23,3.5173453622325041e-72,373201055.59277976,2645.9954841528079,1.6077124944005867,0
1092,0.61595304827304631,0.00017109806896473508,700,4.3620868816134939,2.7797122826440601,3.8566009285796187e+23,2.682716351264054e-74,369494414.74018371,2619.7154005079024,1.6238405130478095,0
1093,0.61600332720618933,0.0001711120353350526,700,4.3630578490810334,2.7803210417559101,3.8557723233505102e+23,1.8588553111043592e-76,365826280.29784733,2593.7083273117373,1.6401227367030433,0
1094,0.61605347082927131,0.00017112596411924204,700,4.3640038063096336,2.7809177912354799,3.8549537693323216e+23,1.168011351124617e-78,362196267.78557986,2567.9715385997611,1.6565604158991496,0
1095,0.61610350325497831,0.00017113986201527175,700,4.3649255463763312,2.7815029931062312,3.8541447131704919e+23,6.6432775919770771e-81,358603991.42173374,2542.502299180092,1.6731548291507279,0
1096,0.61615344882080281,0.00017115373578355632,700,4.3658238309849136,2.7820770936221519,3.8533446144008992e+23,3.413916063449076e-83,355049087.08404082,2517.2980274258493,1.6899071757308273,0
1097,0.61620333237846103,0.00017116759232735029,700,4.3666993957761377,2.7826405267595744,3.8525529405101342e+23,1.5820962455579826e-85,351531173.17284119,2492.3560177954437,1.706818756881602,0
1098,0.61625317903755583,0.00017118143862154329,700,4.3675529458032774,2.7831937114209033,3.8517691707623771e+23,6.5993209569995122e-88,348049895.43619514,2467.6737586426234,1.7238907635586191,0
1099,0.61630301454566017,0.00017119528181823893,700,4.3683851620757368,2.7837370557612791,3.8509927899955657e+23,2.47289929775333e-90,344604889.79626602,2443.2486686555262,1.7411244522813538,0
1100,0.61635286514555232,0.00017120912920709787,700,4.3691966988783681,2.7842709555825578,3.8502232907468592e+23,8.3081237331429922e-93,341195806.25313067,2419.0782663346963,1.7585210281127088,0
1101,0.61640275777918008,0.00017122298827199447,700,4.3699879587815023,2.7847956456086433,3.8494601700758376e+23,2.501872651853203e-95,337823274.68189293,2395.1670174946207,1.7760765612285965,0
1102,0.61645273475498774,0.00017123687076527438,700,4.3707595993412296,2.7853115299313629,3.8487027115335335e+23,6.738248390322633e-98,334486778.39944589,2371.511258852071,1.7937928753748131,0
1103,0.61650283712650844,0.0001712507880906968,700,4.3715123839073673,2.7858190949699684,3.8479502392819885e+23,1.6177442867229009e-100,331185224.57010198,2348.103242202023,1.8116750249919376,0
1104,0.61655309578052797,0.00017126474882792444,700,4.3722468761086981,2.7863187009238342,3.8472022488237823e+23,3.4551430189970373e-103,327918287.76253414,2324.940660236367,1.8297241184501944,0
1105,0.61660354282845731,0.0001712787618967937,700,4.3729636191546115,2.7868107009330272,3.8464582331558384e+23,6.5510357851531018e-106,324685639.05898255,2302.0211809281864,1.8479412940435092,0
1106,0.61665421159422074,0.00017129283655395022,700,4.3736631345317996,2.7872954404386094,3.8457176832907624e+23,1.100376174651424e-108,321486972.82649034,2279.3426373398165,1.8663275675678026,0
1107,0.61670513703294472,0.0001713069825091513,700,4.3743459264781697,2.7877732605605687,3.8449800825844471e+23,1.6339415116043319e-111,318321973.35384762,2256.9027910787795,1.8848840175197026,0
1108,0.61675635563910447,0.00017132120989975125,700,4.3750124791318354,2.788244496452271,3.8442449086407465e+23,2.140323907368259e-114,315190347.98365259,2234.6995672040966,1.9036115916567315,0
1109,0.61680790589940182,0.00017133552941650052,700,4.3756632606374026,2.788709480601351,3.8435116274476881e+23,2.4679661741515898e-117,312091802.101919,2212.7308769026054,1.9225112481617175,0
1110,0.6168598283631932,0.00017134995232310921,700,4.3762987219099676,2.7891685424029906,3.8427796932005401e+23,2.4996384249691131e-120,309026046.74803925,2190.9946714435982,1.9415839095569922,0
1111,0.61691216585223174,0.00017136449051450881,700,4.3769192968838606,2.7896220088718811,3.8420485462168991e+23,2.2189832792782878e-123,305992804.31287575,2169.4889825782889,1.96083042327526,0
1112,0.61696496379167742,0.00017137915660879929,700,4.3775254038943094,2.7900702062212268,3.8413176093377774e+23,1.722786514106138e-126,302991809.17824739,2148.2119270737739,1.980251550783755,0
1113,0.61701827058651004,0.00017139396405180834,700,4.3781174470141382,2.7905134615377998,3.8405862839381388e+23,1.1672356874999036e-129,300022793.26922178,2127.1616042787823,1.999848056416158,0
1114,0.61707213777340286,0.00017140892715927856,700,4.3786958143617554,2.7909521023371675,3.8398539492046581e+23,6.886453023306646e-133,297085507.84131038,2106.3362505948903,2.0196205609615019,0
1115,0.61712662059765266,0.00017142406127712575,700,4.3792608806695004,2.7913864593855302,3.8391199558347121e+23,3.5301700305062804e-136,294179704.67034358,2085.7341061127358,2.0395696592066308,0
1116,0.61718177829486887,0.0001714393828596858,700,4.3798130060288241,2.7918168667793859,3.8383836240319308e+23,1.5690385756210053e-139,291305160.4556073,2065.3535876302558,2.0596957467611889,0
1117,0.61723767488451098,0.00017145490969014193,700,4.3803525390471849,2.7922436656596132,3.8376442349578278e+23,6.0334458108688075e-143,288461639.42787331,2045.1930235436216,2.0799992719656695,0
1118,0.61729437930740538,0.00017147066091872373,700,4.380879368407899,2.7926669887716478,3.8369010320232905e+23,2.0168838876520495e-146,285651327.38944846,2025.2679111911893,2.1004628456775136,0
1119,0.61735201594507116,0.00017148667109585311,700,4.3813941852491469,2.7930875111365188,3.836152575226385e+23,5.8190851537974639e-150,282872098.95625544,2005.5631815998509,2.1210999678437235,0
1120,0.61741067897715074,0.00017150296638254186,700,4.3818973608407505,2.7935056629314636,3.8353978613610949e+23,1.444921439428185e-153,280123453.58507949,1986.0752859182135,2.1419127613952793,0
1121,0.61747046439478315,0.00017151957344299531,700,4.3823891924297333,2.7939218405675477,3.8346359022276142e+23,3.081836213811544e-157,277405215.65991938,1966.8029790288283,2.1629009338294516,0
1122,0.61753147740073866,0.00017153652150020518,700,4.3828699613969615,2.7943364562247761,3.8338656324820491e+23,5.6362208060180004e-161,274717258.81696618,1947.7453650122902,2.184063726406638,0
1123,0.61759383452448569,0.00017155384292346824,700,4.3833399388886276,2.7947499461551484,3.8330858882210416e+23,8.8237545248918595e-165,272059470.09229982,1928.9016429544056,2.2054001641495589,0
1124,0.61765766520404897,0.00017157157366779139,700,4.3837993843705663,2.7951627738433658,3.832295393565743e+23,1.1806314692957439e-168,269431745.64616227,1910.2710766312903,2.2269090769577109,0
1125,0.6177231135102661,0.00017158975375285171,700,4.3842485433466489,2.795575432928842,3.8314927466301231e+23,1.3482858359942934e-172,266834032.31771803,1891.8532891326208,2.2485887380571561,0
1126,0.61779034123422261,0.0001716084281206174,700,4.3846876511309603,2.7959884569589506,3.830676390258955e+23,1.3125628296164117e-176,264266287.5419918,1873.6479786727218,2.2704371623817519,0
1127,0.61785953043557096,0.00017162764734321415,700,4.3851169293833498,2.7964024236262723,3.8298445913996193e+23,1.0881946384756602e-180,261728513.70484143,1855.6551621673257,2.2924517910059916,0
1128,0.61793088741217872,0.00017164746872560521,700,4.3855365873664711,2.7968179651695073,3.8289954055165591e+23,7.6776513334461406e-185,259220747.02519733,1837.8750964086489,2.3146295459972479,0
1129,0.61800464710015879,0.00017166795752782189,700,4.3859468203680168,2.7972357781191799,3.8281266388573792e+23,4.6081137544095269e-189,256743074.64010316,1820.3083991983312,2.3369666381111425,0
1130,0.61808107887213326,0.00017168918857559258,700,4.3863478096198438,2.7976566372281084,3.8272357977959906e+23,2.352914109372854e-193,254295639.97537997,1802.9560874254439,2.3594584636138074,0
1131,0.61816049372495385,0.00017171124825693162,700,4.3867397213188015,2.798081412190959,3.8263200265908751e+23,1.0226017430636118e-197,251878652.22581509,1785.819644281029,2.3820994542327707,0
1132,0.61824325337526143,0.00017173423704868373,700,4.3871225625282531,2.7985110370849977,3.8253760290114805e+23,3.8016703434652594e-202,249493279.54136908,1768.9073519483068,2.4048743962280259,0
1133,0.61832981417434985,0.00017175828171509718,700,4.3874961732676034,2.7989466405763639,3.8243996121189851e+23,1.2217609817963005e-206,247141772.09757647,1752.2351641718169,2.4277563234559478,0
1134,0.61842078896304276,0.00017178355248973409,700,4.3878610554705082,2.7993900322455607,3.8233850606329941e+23,3.3695537578075591e-211,244822198.73733887,1735.7893890477326,2.4507581546709285,0
1135,0.61851680941309306,0.0001718102248369703,700,4.3882172775289341,2.7998428113884661,3.8223267338303265e+23,8.0120759455935288e-216,242535315.11611885,1719.5753841732826,2.4738665365608199,0
1136,0.61861864384793031,0.00017183851217998064,700,4.3885648835507629,2.8003068911555884,3.821217810283458e+23,1.6523613625139886e-220,240282024.32378805,1703.5995524556572,2.4970656947332852,0
1137,0.61872723606439806,0.000171868676684555,700,4.3889038787767181,2.800784579219914,3.8200499643354869e+23,2.9795500477839593e-225,238063492.32206321,1687.870160563428,2.5203360420685268,0
1138,0.61884376285901366,0.0001719010452386149,700,4.3892342217026572,2.801278705054675,3.8188128798753334e+23,4.7476266185838687e-230,235881193.74071023,1672.3976636216353,2.5436533980726894,0
1139,0.61896971482384366,0.00017193603189551214,700,4.3895558085059285,2.8017927939236724,3.8174935740900805e+23,6.7793181514675832e-235,233737041.75099406,1657.1956260145478,2.566987224212391,0
1140,0.6191070168425592,0.00017197417134515533,700,4.3898684557969769,2.8023313278705739,3.8160753897261448e+23,8.8385486610083099e-240,231633527.87958837,1642.2817126662815,2.5902985871367554,0
1141,0.61925821028802397,0.0001720161695244511,700,4.3901718738206679,2.8029001356968468,3.8145364802451073e+23,1.0784895611553021e-244,229573905.4524034,1627.6789896575401,2.6135374524279089,0
1142,0.61942673666109127,0.00017206298240585868,700,4.3904656220859408,2.8035069910045207,3.8128474682338077e+23,1.273566015856099e-249,227562531.34411579,1613.4183472297809,2.6366379230185801,0
1143,0.61961740376720253,0.0001721159454908896,700,4.3907490467480983,2.8041625901652369,3.8109676139806892e+23,1.5238586582213972e-254,225605357.34869719,1599.5419836022629,2.659511312369395,0
1144,0.61983718760200501,0.00017217699655611249,700,4.391021179892765,2.8048822174402392,3.8088382655046254e+23,1.9696735790266902e-259,223710656.6236591,1586.108555461743,2.6820358451200641,0
1145,0.62009669025247205,0.00017224908062568668,700,4.3912805623872586,2.8056887317499895,3.8063710404070673e+23,3.0158513017805096e-264,221890370.0079926,1573.2027233566675,2.704038034541056,0
1146,0.62041302032178425,0.00017233695008938451,700,4.3915247663283257,2.8066183608973292,3.8034246369529843e+23,6.3235252482700316e-269,220163592.57835624,1560.9598713805456,2.7252462270139417,0
1147,0.62081634018979415,0.00017244898338605394,700,4.3917500860185745,2.8077340276577356,3.7997523208975501e+23,2.2582433566723617e-273,218558991.77610105,1549.5832516925564,2.7452542452001221,0
1148,0.62136569292345611,0.00017260158136762671,700,4.391949605284327,2.8091563365233307,3.7948769539119285e+23,2.0272454291228543e-277,217128907.58319485,1539.4439547648515,2.7633354152537462,0
1149,0.62219977220025358,0.000172833270055626,700,4.3921044442493127,2.8111610592045921,3.7876934860381909e+23,1.2395358964233815e-280,216013030.7889809,1531.5323882938744,2.777610210867921,0
1150,0.62381439483093759,0.00017328177634192712,700,4.3920175313156813,2.8146578540659628,3.7743400324995543e+23,8.0424069060970164e-279,216640039.6900543,1535.9778814024849,2.7695711321804439,0
1151,0.62916708233375984,0.00017476863398159994,700,4.3276502053003867,2.7908426216086877,3.7584925998712227e+23,9.1155546266813195e-33,472174912.25607383,3347.7201278955636,1.2707155429609165,0
1152,0.62926598878541551,0.00017479610799594876,700,4.330711913241335,2.792481628922058,3.7567193477402129e+23,6.6925941820599352e-35,464677509.08054531,3294.5635393810662,1.2912180776453255,0
1153,0.62932728948181849,0.0001748131359671718,700,4.3325760959907855,2.7934818417455385,3.7556326226346805e+23,2.7425703772591481e-36,459990789.99514508,3261.3347010655784,1.3043739419355171,0
1154,0.62938745471735291,0.00017482984853259804,700,4.3343730083242544,2.7944481121406173,3.7545779431793251e+23,1.0757267578104295e-37,455381672.77200222,3228.6560599534955,1.3175760815047213,0
1155,0.62944689808638421,0.00017484636057955117,700,4.3361163295433611,2.7953877941039242,3.7535473988596348e+23,3.9560049366710708e-39,450820697.86398953,3196.3187478556856,1.33090606274918,0
1156,0.62950565372887413,0.00017486268159135393,700,4.3378081320980044,2.7963020127104463,3.7525398464502756e+23,1.3620222195502728e-40,446307057.60444582,3164.3170384155205,1.3443659242596373,0
1157,0.62956375108801099,0.00017487881974666972,700,4.3394502877358843,2.7971917820109771,3.7515542618162202e+23,4.3845457754575189e-42,441840246.57422018,3132.647348211221,1.3579568738974352,0
1158,0.62962121882352218,0.00017489478300653394,700,4.341044587048521,2.7980580697333126,3.7505896690332534e+23,1.3179866261879428e-43,437419773.67807376,3101.3061953775427,1.3716801025131062,0
1159,0.62967808496533928,0.0001749105791570387,700,4.3425927462504808,2.798901801352176,3.7496451356850583e+23,3.6945461644759009e-45,433045140.21129376,3070.2900440980725,1.3855368512096562,0
1160,0.62973437678165589,0.00017492621577268219,700,4.3440964060144367,2.7997238597898542,3.7487197730810538e+23,9.6446767034888621e-47,428715869.87816131,3039.5955174361634,1.3995283173690694,0
1161,0.62979012103678933,0.00017494170028799704,700,4.3455571406683546,2.8005250907510986,3.747812730161161e+23,2.3414742971203493e-48,424431482.7738027,3009.2192128662609,1.4136557356179091,0
1162,0.62984534391064761,0.0001749570399751799,700,4.3469764580800572,2.801306302950398,3.7469231931469287e+23,5.279045976535391e-50,420191508.85624021,2979.1577977907427,1.4279203347854359,0
1163,0.62990007109326962,0.00017497224197035268,700,4.3483558040959069,2.8020682708026379,3.746050382435795e+23,1.1037294067961323e-51,415995480.5112226,2949.4079568245679,1.4423233619332876,0
1164,0.62995432778259564,0.00017498731327294324,700,4.3496964142383279,2.8028115845224946,3.7451935511826748e+23,2.1378334028242328e-53,411843407.47920692,2919.9697590275769,1.4568644030809033,0
1165,0.63000814489910173,0.00017500226247197271,700,4.3509996157051098,2.8035368796628881,3.7443518891584208e+23,3.8306829919194108e-55,407734868.30575985,2890.8402162878369,1.4715444928542651,0
1166,0.63006155345621861,0.00017501709818228294,700,4.3522668417185697,2.8042449277064061,3.7435246103157739e+23,6.3375059323131143e-57,403668930.93206877,2862.0127203083671,1.486366559384702,0
1167,0.63011457782224423,0.00017503182717284563,700,4.3534993171971976,2.8049363855271325,3.7427110546016672e+23,9.6656270973984957e-59,399645143.88519621,2833.4840701460407,1.5013318920055703,0
1168,0.63016724196709806,0.00017504645610197169,700,4.3546982148608864,2.8056118819776938,3.7419105882402011e+23,1.3568647908074394e-60,395663078.01476014,2805.2512231246492,1.516441723626325,0
1169,0.63021956972442772,0.00017506099159011882,700,4.3558646625689699,2.8062720221458402,3.7411225987562246e+23,1.7504363521660308e-62,391722298.09506518,2777.3110934940119,1.5316973348665204,0
1170,0.63027158468028177,0.00017507544018896716,700,4.3569997419297231,2.8069173867031441,3.7403464957813601e+23,2.0718554356084612e-64,387822382.39657325,2749.6606911917042,1.5470999798729035,0
1171,0.63032331032170363,0.00017508980842269545,700,4.3581044926469099,2.8075485344883093,3.7395817080018819e+23,2.2462731497438367e-66,383962911.33779424,2722.2970413849612,1.5626509287303156,0
1172,0.63037477003617925,0.00017510410278782758,700,4.3591799134220306,2.8081660031351046,3.7388276824313003e+23,2.2270433076887523e-68,380143467.95501769,2695.2171878010754,1.578351466165395,0
1173,0.63042598711772824,0.0001751183297549245,700,4.3602269630384267,2.808770309772096,3.7380838836266181e+23,2.0156885788226244e-70,376363650.01785988,2668.4182786266265,1.5942028407141011,0
1174,0.63047698493845805,0.00017513249581623834,700,4.3612465645717009,2.8093619535684731,3.737349790566762e+23,1.6626229896768898e-72,372623048.45986038,2641.8974135804101,1.6102063532568438,0
1175,0.63052778682989319,0.00017514660745274812,700,4.3622396036944258,2.8099414148330997,3.7366248978056597e+23,1.2476137542428088e-74,368921270.44126981,2615.6518074286032,1.6263632597880164,0
1176,0.63057841627940348,0.0001751606711887232,700,4.3632069331830436,2.8105091577132164,3.7359087121432076e+23,8.5017449260170339e-77,365257923.747177,2589.6786793674851,1.6426748360298571,0
1177,0.63062889691679003,0.00017517469358799723,700,4.3641493730344241,2.8110656303759254,3.7352007523712796e+23,5.251578011137815e-79,361632620.26918548,2563.975277708525,1.6591423626369295,0
1178,0.63067925254986124,0.00017518868126385035,700,4.3650677115910277,2.811611265739633,3.7345005483654073e+23,2.9351210076618098e-81,358044978.65691805,2538.5388986775488,1.6757671124189273,0
1179,0.63072950723947852,0.00017520264089985514,700,4.365962707225612,2.8121464825646134,3.7338076396724383e+23,1.4815164143216412e-83,354494625.51861662,2513.3668949269918,1.6925503429627888,0
1180,0.63077968539551665,0.00017521657927653241,700,4.366835090227247,2.8126716866779504,3.7331215738846559e+23,6.74075153470015e-86,350981192.18909413,2488.4566526206772,1.7094933100482057,0
1181,0.63082981183133124,0.00017523050328648089,700,4.3676855638308965,2.8131872716861106,3.7324419056558958e+23,2.7592607265579175e-88,347504310.09857136,2463.8055585988704,1.7265972897711885,0
1182,0.63087991175431379,0.00017524441993175383,700,4.3685148040496689,2.8136936189860733,3.7317681966085415e+23,1.0141762103766987e-90,344063623.26344562,2439.4110889378294,1.7438635166048542,0
1183,0.6309300109404723,0.00017525833637235341,700,4.3693234625131572,2.8141910995975672,3.7311000128168984e+23,3.3404821569542216e-93,340658777.15176296,2415.2707300059997,1.7612932360545077,0
1184,0.63098013575355705,0.00017527225993154363,700,4.3701118922373112,2.8146798864198299,3.7304369247003328e+23,9.8606510866436603e-96,337290601.87549484,2391.3903672972583,1.7788814650147884,0
1185,0.63103033096902983,0.00017528620304695273,700,4.3708808648671349,2.8151604240626593,3.7297782763715051e+23,2.6005590205921214e-98,333958076.27601302,2367.7627607969321,1.7966326992017583,0
1186,0.63108063245088541,0.00017530017568080151,700,4.3716310704254715,2.8156331239549459,3.7291235452151266e+23,6.110340237594571e-101,330660407.4366414,2344.3822887257875,1.8145504768815339,0
1187,0.63113107022767623,0.00017531418617435451,700,4.3723630702121614,2.8160983232630952,3.7284722979688592e+23,1.276425178702728e-103,327397257.53216106,2321.2465559030215,1.8326359986111382,0
1188,0.63118167528806479,0.00017532824313557356,700,4.3730774029509947,2.8165563508468616,3.7278241009607215e+23,2.3656791816548131e-106,324168314.18376052,2298.3533475628619,1.8508903361229792,0
1189,0.63123248001067922,0.00017534235555852201,700,4.3737745898341727,2.8170075307373432,3.7271785147968363e+23,3.8816902510379401e-109,320973252.59124655,2275.7003608719378,1.8693146396347511,0
1190,0.63128351801602711,0.00017535653278222976,700,4.3744551312689079,2.81745218029458,3.7265350965426812e+23,5.6268687208636617e-112,317811767.88392448,2253.2854342970245,1.8879099537281456,0
1191,0.6313348245387862,0.00017537078459410729,700,4.3751195105046259,2.8178906128833745,3.7258933953407985e+23,7.1904942938405086e-115,314683558.33312994,2231.1064285818911,1.9066773083988986,0
1192,0.63138643655161775,0.00017538512126433827,700,4.3757681935903801,2.8183231381985996,3.7252529513107238e+23,8.0825113408912671e-118,311588320.58342129,2209.1611929364567,1.9256177474064289,0
1193,0.63143839282024894,0.00017539955356118026,700,4.376401628297077,2.8187500619432604,3.7246132953415242e+23,7.9742177473664003e-121,308525774.92587507,2187.4477442244543,1.9447321707372849,0
1194,0.63149073440086245,0.00017541409288912845,700,4.3770202481668345,2.8191716890016352,3.7239739435507078e+23,6.8900868347548684e-124,305495635.89842254,2165.9640585198158,1.9640215096215003,0
1195,0.63154350466753528,0.00017542875129653758,700,4.3776244703954772,2.8195883225507163,3.723334397662732e+23,5.2022098589338875e-127,302497621.78873616,2144.7081384821395,1.9834866682655738,0
1196,0.63159674951424272,0.00017544354153173409,700,4.3782146956828774,2.82000026452438,3.722694143301782e+23,3.4247508054105124e-130,299531480.50301975,2123.6781967664097,2.0031283489547973,0
1197,0.63165051805129868,0.00017545847723647186,700,4.3787913130490468,2.8204078196420688,3.7220526425389068e+23,1.9614093995292953e-133,296596940.13258278,2102.8723055400119,2.0229473700294816,0
1198,0.63170486245128332,0.00017547357290313427,700,4.379354694701119,2.8208112926455375,3.721409336778325e+23,9.7511587135373177e-137,293693764.96272796,2082.2887935857411,2.0429442895260124,0
1199,0.63175983884954501,0.00017548884412487361,700,4.3799052019038704,2.821210993321329,3.7207636372738399e+23,4.1986612972834984e-140,290821697.43374938,2061.9258348052831,2.063119792279883,0
1200,0.63181550721144786,0.00017550430755873552,700,4.3804431667609594,2.8216072273484416,3.7201149280327687e+23,1.5627180533222792e-143,287980594.31931961,2041.7824137239759,2.0834737195337056,0
1201,0.63187193391368246,0.00017551998164268956,700,4.3809684635652966,2.8220000890208179,3.7194625385275754e+23,5.0528750739236617e-147,285172704.20266265,2021.8744727968781,2.1039881838536698,0
1202,0.63192924155250363,0.00017553590043125101,700,4.3814818827512729,2.8223902556009426,3.7188051801389114e+23,1.4068353701290146e-150,282395362.41505766,2002.1831195227587,2.1246807839504633,0
1203,0.63198751097942929,0.0001755520863831748,700,4.38198372722748,2.8227780694166826,3.7181420742355843e+23,3.3661471826207777e-154,279648404.46687567,1982.7071876701482,2.1455513080571498,0
1204,0.63204683097113046,0.00017556856415864734,700,4.3824742915045078,2.8231638887439297,3.717472377482899e+23,6.9081654833772739e-158,276931672.58689421,1963.4455586410797,2.1665994156437089,0
1205,0.63210729915586628,0.00017558536087662952,700,4.38295386016111,2.8235480893230895,3.7167951746044269e+23,1.2136506390707935e-161,274245007.21587771,1944.3971011605729,2.1878246976715143,0
1206,0.63216902287456267,0.00017560250635404519,700,4.3834227046597203,2.8239310648777045,3.7161094723234739e+23,1.8219631940345016e-165,271588277.43166924,1925.5608869905348,2.209226427863618,0
1207,0.63223212089279945,0.00017562003358133319,700,4.3838810852533916,2.8243132321802822,3.7154141844398794e+23,2.333200629930086e-169,268961366.59807163,1906.9360891803278,2.2308036562612474,0
1208,0.63229672502400003,0.00017563797917333334,700,4.3843292499334909,2.8246950344138053,3.7147081187564216e+23,2.5448513076256049e-173,266364196.14801472,1888.5221506894243,2.2525549930388866,0
1209,0.63236298262166635,0.00017565638406157399,700,4.3847674367144238,2.8250769483279075,3.7139899554913387e+23,2.360697977888843e-177,263796693.16787276,1870.3185545602178,2.2744788526146422,0
1210,0.63243105862896531,0.00017567529406360149,700,4.3851958700940852,2.8254594872948018,3.7132582317401976e+23,1.8602038142332301e-181,261258828.30536196,1852.325092685016,2.29657311062696,0
1211,0.63250113902672545,0.00017569476084075707,700,4.3856147629708566,2.8258432105073572,3.7125113122198803e+23,1.2439557903871878e-185,258750609.94461295,1834.5418245073058,2.318835113580731,0
1212,0.63257343474845906,0.00017571484298568307,700,4.3860243167236002,2.8262287322892745,3.7117473569807899e+23,7.0541192561013347e-190,256272064.902742,1816.9689401604405,2.3412618157492369,0
1213,0.63264818575592241,0.0001757356071544229,700,4.3864247171147275,2.8266167295771507,3.7109642895600598e+23,3.3911858911881476e-194,253823301.54387227,1799.6072079460541,2.363849167316471,0
1214,0.63272566791621099,0.00017575712997672528,700,4.386816139065095,2.8270079606035594,3.710159738546926e+23,1.3820799014266821e-198,251404450.22953406,1782.4575521273962,2.3865925979122316,0
1215,0.63280619936431814,0.0001757794998234217,700,4.3871984936495378,2.8274031846842651,3.7093309882049903e+23,4.8103973690611286e-203,249017276.35169739,1765.5324893335344,2.4094713780123236,0
1216,0.63289020548575947,0.00017580283485715541,700,4.3875718666235057,2.8278035120011999,3.7084743447118966e+23,1.434979244889571e-207,246662467.26918739,1748.8368929385385,2.4324738442886353,0
1217,0.63297820054801035,0.00017582727793000289,700,4.3879366417904393,2.8282103826063736,3.7075853646992846e+23,3.6518425969719782e-212,244338810.29443496,1732.3621649875438,2.4556066196646511,0
1218,0.6330707297339262,0.00017585298048164617,700,4.3882929150006067,2.8286251563317033,3.706659472197783e+23,7.9544770972239773e-217,242046849.76903337,1716.1121648624464,2.4788589505400864,0
1219,0.63316844694028473,0.00017588012415007908,700,4.3886407530604128,2.8290494330203355,3.7056912099102663e+23,1.4900812639161846e-221,239787323.41718516,1700.0921230278427,2.5022173459775106,0
1220,0.63327214720182567,0.00017590892977828492,700,4.3889801938153266,2.8294851265684247,3.7046739768101568e+23,2.4156669911897924e-226,237561143.8863349,1684.3085101541144,2.5256655620713797,0
1221,0.63338280832511595,0.00017593966897919887,700,4.3893112352866224,2.8299345531246645,3.703599697847922e+23,3.4180203826456366e-231,235369496.0538595,1668.7697270218639,2.5491833481374417,0
1222,0.63350165156459837,0.00017597268099016621,700,4.3896338285298135,2.8304005637005947,3.7024583400109749e+23,4.2683965980360273e-236,233213883.01715425,1653.4864305916235,2.5727456369133326,0
1223,0.63363022702261473,0.00017600839639517077,700,4.3899478620720647,2.8308867261599424,3.701237236894376e+23,4.7746741733574891e-241,231096257.6123392,1638.4724664714847,2.5963207115473574,0
1224,0.6337705412968051,0.00017604737258244586,700,4.3902531445927799,2.8313975984731523,3.6999200804457937e+23,4.8787876531614422e-246,229019145.62238917,1623.7457424627391,2.6198683012698449,0
1225,0.6339252496387201,0.00017609034712186668,700,4.3905493747401962,2.8319391338381923,3.6984854129244427e+23,4.6745317793549048e-251,226985881.0831531,1609.3298968795555,2.6433362160538891,0
1226,0.63409796011796582,0.00017613832225499051,700,4.3908360992808371,2.8325193193950522,3.6969042488539253e+23,4.3508970404996597e-256,225000925.58548522,1595.2565624010902,2.6666556968097463,0
1227,0.63429373285813184,0.00017619270357170329,700,4.3911126469624442,2.833149214995097,3.6951361930211377e+23,4.1296756273965785e-261,223070372.43203342,1581.5689405431167,2.689734156349302,0
1228,0.63451994314393922,0.00017625553976220534,700,4.3913780215671112,2.8338447332761652,3.6931227668368812e+23,4.2787893889815259e-266,221202756.54656145,1568.3275439151205,2.7124435941362455,0
1229,0.63478786942990106,0.00017632996373052808,700,4.3916303976958755,2.8346297884486669,3.6907752083010026e+23,5.4176391365723893e-271,219412712.34503672,1555.6361305263101,2.7345726397861214,0
1230,0.63511627714777386,0.00017642118809660384,700,4.3918676449045781,2.8355439839923542,3.6879467814053368e+23,9.6324856398082678e-276,217717423.57775298,1543.6165331662685,2.7558657921823295,0
1231,0.63553803468901493,0.00017653834296917081,700,4.3920858017032227,2.8366552491718395,3.6843832999586021e+23,3.0575724998062022e-280,216147664.82847863,1532.4869436339134,2.7758800932507075,0
1232,0.63611877302033626,0.00017669965917231563,700,4.3922773120259739,2.8380967741505456,3.6795828071797705e+23,2.6864245305674575e-284,214760925.79102808,1522.654963858389,2.7938043095596754,0
1233,0.63701814844937299,0.00017694948568038139,700,4.3924197621900394,2.8401841589839685,3.6723408923386765e+23,2.211229017109548e-287,213724092.28546071,1515.3038143039164,2.8073578115779743,0
1234,0.6388720449155133,0.00017746445692097592,700,4.3921827802719982,2.8440496510348017,3.6579787337431799e+23,2.7831572413690551e-282,215446461.89820975,1527.5154148583072,2.7849146127239588,0
1235,0.64119103284585666,0.00017810862023496019,700,4.3904233043059637,2.8466477799455117,3.6431475322436117e+23,6.7319683974134284e-249,227853358.44473729,1615.4803113731873,2.6332725753766835,0
1236,0.64161691629393736,0.00017822692119276039,700,4.3910541785811361,2.8480454012840704,3.6393797087163942e+23,4.9320401701211507e-260,223479862.7951279,1584.4722272174567,2.6848056576356583,0
1237,0.64183453712214666,0.00017828737142281851,700,4.3913445721256483,2.8487358912466414,3.6374802522539082e+23,1.8606025239926302e-265,221438982.93386057,1570.0023890010714,2.7095500171223605,0
1238,0.6420706594720138,0.00017835296096444829,700,4.3916049341805259,2.849449502806551,3.6354531956597958e+23,1.7218277827364013e-270,219593940.71770993,1556.9210396885633,2.7323158282008593,0
1239,0.64235168847419577,0.00017843102457616548,700,4.3918515602302799,2.8502556420936473,3.6330835244757515e+23,2.0478030742638811e-275,217832749.35354286,1544.4341929166187,2.7544067720790646,0
1240,0.64269927886919143,0.00017852757746366428,700,4.3920824675751033,2.8511986020765323,3.6302093850038986e+23,3.5974515168575252e-280,216171736.21186337,1532.6576097421112,2.7755709905200474,0
1241,0.64315164867465124,0.00017865323574295868,700,4.3922932083955848,2.8523542846856644,3.6265490246722602e+23,1.2267166165355055e-284,214645450.09470141,1521.8362411714329,2.7953073299959557,0
1242,0.6437878276938428,0.00017882995213717857,700,4.3924747104932793,2.8538767022457403,3.6215262323800305e+23,1.3762292393984994e-288,213322922.22982746,1512.4595186094768,2.8126372624577995,0
1243,0.6448139804959101,0.00017911499458219725,700,4.3925938626758168,2.8561559504072007,3.6136582198887539e+23,0,212450638.38012594,1506.2750261150929,2.8241854417328409,0
1244,0.64731324513263755,0.00017980923475906599,700,4.3913958605747885,2.8584624340772402,3.5992002263323275e+23,1.9578381218174596e-266,221076675.17693743,1567.4336270044862,2.7139905171804917,0
1245,0.64795378160296568,0.00017998716155637935,700,4.391885012923467,2.8605387981181991,3.5934817823434603e+23,4.2839336662583803e-276,217592837.23825699,1542.733216019242,2.7574437082366816,0
1246,0.64835384656117112,0.00018009829071143643,700,4.3921552557654442,2.8617709807787506,3.5900054492705708e+23,1.0659023020275501e-281,215645692.8193444,1528.9279620891518,2.7823416835069623,0
1247,0.64879691736910394,0.0001802213659358622,700,4.3923722547715069,2.8630359979984621,3.5862838504163012e+23,2.4070013911493623e-286,214070389.50223905,1517.7590615708748,2.8028164072347073,0
1248,0.64939901310140735,0.00018038861475039094,700,4.39255931209693,2.864611552837264,3.5814177460125183e+23,1.5133225312275271e-290,212703905.40717512,1508.0706893368715,2.8208226776627874,0
1249,0.65033622206090091,0.00018064895057247248,700,4.3926954316552971,2.8668275476566811,3.5741748846139462e+23,0,211704504.28483856,1500.9849353795053,2.8341390374610449,0
1250,0.6523215245960533,0.00018120042349890368,700,4.3923549272559752,2.8709490077943944,3.5595482215720325e+23,5.7257156407495048e-286,214196566.80784687,1518.6536586676341,2.801165345186194,0
1251,0.65402792234160911,0.0001816744228726692,700,4.3920385757304423,2.8743289819481443,3.5473070939732282e+23,2.9670913050051784e-279,216488375.54840603,1534.9025826381987,2.7715113963051659,0
1252,0.65563981634234803,0.0001821221712062078,700,4.3917444328791824,2.8774880030362486,3.535869238845742e+23,2.959451354239428e-273,218599387.11803213,1549.8696546668477,2.7447469451322464,0
1253,0.65730896418469342,0.00018258582338463706,700,4.3912163924880776,2.8806466516125067,3.5241681004620857e+23,4.8928416763357113e-263,222342018.2020649,1576.4049090526401,2.6985452630672744,0
1254,0.65830057060170855,0.0001828612696115857,700,4.3917890054131625,2.8827933132274066,3.5172414792499861e+23,3.776694267831059e-274,218280713.24937555,1547.6102569380726,2.7487540748253276,0
1255,0.65883352382361671,0.00018300931217322687,700,4.3921957110772638,2.8839742739766101,3.5135320071385159e+23,1.4887935819684886e-282,215352807.01700443,1526.8514017505613,2.7861257455196462,0
1256,0.65922552057227535,0.00018311820015896537,700,4.3924401795835895,2.8848238022286909,3.5108121080229494e+23,7.9478731532915539e-288,213575106.86145708,1514.2475076477306,2.8093161643094051,0
1257,0.6596964703397199,0.00018324901953881107,700,4.3926461888121331,2.8858138490833021,3.5075563481420027e+23,0,212066542.85523826,1503.5517888436391,2.8293006144282478,0
1258,0.66035850846756028,0.00018343291901876674,700,4.3928203095672647,2.8871637175085341,3.5030009723124528e+23,0,210783880.54595459,1494.4577130708178,2.8465174777403788,0
1259,0.66144645628239473,0.00018373512674510964,700,4.3929247209359286,2.8893117889280644,3.4955658897388898e+23,0,210011355.32933739,1488.980509285002,2.8569883712196744,0
1260,0.66440404770085315,0.00018455667991690365,700,4.3904492231123466,2.889618889912176,3.4828110585604141e+23,2.4532514788601042e-249,227675275.99557877,1614.2177068086532,2.6353322616007344,0
1261,0.66478526003485472,0.0001846625722319041,700,4.3911283135345061,2.8913160354106782,3.4790674583708496e+23,2.1364179748238438e-261,222960529.09252346,1580.7901512659912,2.6910592760165808,0
1262,0.66496553546730797,0.00018471264874091888,700,4.3914216987642289,2.8920858713764255,3.4773371363744561e+23,6.2867953446106144e-267,220893940.67790675,1566.1380394063588,2.7162356656712516,0
1263,0.66515822865381946,0.00018476617462606095,700,4.3916904546392725,2.8928627142680505,3.4755395482566952e+23,3.5366420191183157e-272,218984721.89180645,1552.6016782129077,2.7399171723789997,0
1264,0.66537924504107626,0.00018482756806696563,700,4.3919485162351357,2.8936997245325755,3.4735398203217613e+23,2.1610820771955957e-277,217136734.88252038,1539.4994503170694,2.763235803120204,0
1265,0.66563893721663447,0.00018489970478239846,700,4.3921949492542876,2.8946183914975885,3.4712663505860351e+23,1.5480828525961957e-282,215358324.27161092,1526.8905190857213,2.7860543678974636,0
1266,0.66595341392640883,0.00018498705942400246,700,4.3924278008448994,2.8956504563456842,3.4686102686627189e+23,1.4876924077453823e-287,213665448.58656526,1514.8880304787476,2.8081283331914735,0
1267,0.66635032911550118,0.00018509731364319478,700,4.392643894370976,2.8968487267150054,3.4653876205811018e+23,0,212083397.82598773,1503.6712905862528,2.8290757605283834,0
1268,0.66688241774406531,0.00018524511604001815,700,4.3928375225405443,2.8983106356253989,3.4612534901331986e+23,0,210656699.41616207,1493.5559988605889,2.8482360241231737,0
1269,0.66766806405528456,0.00018546335112646793,700,4.392994934467743,2.9002468194498499,3.4554477481823324e+23,0,209490423.17152911,1485.2871002861414,2.8640927394982856,0
1270,0.66907926812428509,0.00018585535225674587,700,4.3930230504537233,2.9032695588026476,3.4456452405676072e+23,0,209281499.1797663,1483.805829184543,2.8669519396199408,0
1271,0.67430891831365947,0.00018730803286490542,700,4.3572265670731438,2.8886634716741346,3.432289391099563e+23,8.3560063899214083e-65,387035164.20003355,2744.0793141782378,1.5502467359526502,0
1272,0.67442278704989744,0.00018733966306941596,700,4.3595258810724511,2.8902470127093309,3.4305013567630577e+23,4.8384151825641778e-69,378901305.64471161,2686.4102570210052,1.5835258180994718,0
1273,0.67447583077144635,0.00018735439743651288,700,4.3605750761458859,2.8909726489366006,3.4296779273692139e+23,4.0320683343330201e-71,375093268.5461114,2659.4112739919301,1.5996021531541831,0
1274,0.67452807906203927,0.00018736891085056645,700,4.3615865235271434,2.8916751515664738,3.4288762892246495e+23,3.2072462227632125e-73,371362380.80356914,2632.9592798973049,1.6156725371635527,0
1275,0.67458008558414995,0.00018738335710670833,700,4.3625715967334386,2.8923623668556933,3.4280875934788635e+23,2.3197302876886724e-75,367670464.21367025,2606.7835912749219,1.631896109150917,0
1276,0.67463187782176137,0.00018739774383937815,700,4.3635312252745786,2.8930349212164184,3.4273111811126288e+23,1.5222363268237838e-77,364016811.19303632,2580.8791913586274,1.6482755234120847,0
1277,0.6746834789044952,0.00018741207747347089,700,4.3644662211204244,2.8936933610385873,3.4265464796381447e+23,9.0460741800880797e-80,360401024.538037,2555.2432639746821,1.6648121374490585,0
1278,0.67473491192546409,0.00018742636442374002,700,4.3653773629607926,2.8943382113360179,3.4257929361226571e+23,4.8591549954638232e-82,356822725.95413285,2529.8731270148019,1.6815072481597653,0
1279,0.67478620018527768,0.00018744061116257712,700,4.3662654011133455,2.8949699793212722,3.4250500129917261e+23,2.3548255004188178e-84,353281540.26527655,2504.7661204808105,1.6983621605291472,0
1280,0.67483736721524024,0.00018745482422645563,700,4.3671310581687477,2.8955891550213155,3.4243171872163437e+23,1.0275723348487447e-86,349777092.43717152,2479.9195853795459,1.7153782022125266,0
1281,0.67488843675842314,0.0001874690102106731,700,4.3679750289545263,2.8961962113749982,3.4235939501359328e+23,4.0296534060278215e-89,346309014.15088063,2455.3309103297438,1.7325566920952011,0
1282,0.67493943284816749,0.00018748317579115763,700,4.3687979820486698,2.89679160545893,3.4228798059250841e+23,1.4172944895387495e-91,342876946.33478624,2430.9975495136341,1.749898925587601,0
1283,0.67499037992865507,0.00018749732775795975,700,4.3696005439825614,2.8973757668026465,3.4221742695897547e+23,4.4624022697873798e-94,339480610.81756151,2406.9175306965112,1.767405798390185,0
1284,0.67504130406708485,0.00018751147335196802,700,4.3703830497005738,2.8979489093295947,3.4214768509545418e+23,1.257942817546193e-96,336120895.54855758,2383.0971494392734,1.785072002205591,0
1285,0.67509225084573588,0.00018752562523492662,700,4.3711464053468987,2.898511671566911,3.420786815945996e+23,3.1615221168812077e-99,332796160.48771626,2359.5247778579082,1.8029054154972632,0
1286,0.6751432470665294,0.00018753979085181372,700,4.3718911854720099,2.8990644566477783,3.4201037061022113e+23,7.0690433457227963e-102,329506064.95494783,2336.19800053058,1.8209073028201643,0
1287,0.67519432024624071,0.00018755397784617797,700,4.3726179432811252,2.8996076562455868,3.4194270691930627e+23,1.4032689604278784e-104,326250289.51596808,2313.1145526682139,1.8390788277618781,0
1288,0.67524549895920671,0.00018756819415533519,700,4.3733272148513862,2.9001416539399343,3.4187564547708487e+23,2.4676848934314815e-107,323028493.24430966,2290.2720171021556,1.8574212880540357,0
1289,0.67529681251581186,0.00018758244792105885,700,4.3740195139983182,2.9006668215434672,3.4180914185320137e+23,3.8359360279553172e-110,319840368.54273653,2267.6682129680016,1.8759358073958354,0
1290,0.67534829151488529,0.00018759674764302369,700,4.3746953390054708,2.9011835244171977,3.4174315153152503e+23,5.2591107168132071e-113,316685583.00583923,2245.3007835113999,1.8946236652299289,0
1291,0.6753999674739749,0.00018761110207610415,700,4.3753551668869228,2.9016921172925123,3.4167763041307145e+23,6.3453529304412036e-116,313563841.06269306,2223.1676331344938,1.9134859362819123,0
1292,0.67545187346914637,0.00018762552040809622,700,4.3759994605628485,2.9021929500675077,3.4161253403370468e+23,6.7222412473876568e-119,310474830.42727727,2201.2665477293958,1.9325238028933824,0
1293,0.67550404391124275,0.00018764001219756743,700,4.3766286647425146,2.9026863649210966,3.4154781789353756e+23,6.2387729189500301e-122,307418255.09620118,2179.5954286320662,1.9517383566315554,0
1294,0.67555651487805912,0.00018765458746612755,700,4.377243208716191,2.9031726987727886,3.4148343709230805e+23,5.0607199645411785e-125,304393823.52139169,2158.1522087666667,1.971130665724018,0
1295,0.67560932426659392,0.00018766925674072054,700,4.3778435065362133,2.90365228380153,3.4141934620514535e+23,3.5797193222408942e-128,301401252.84676427,2136.9348826835585,1.9907017450423359,0
1296,0.67566251203589678,0.00018768403112108244,700,4.3784299579513473,2.9041254486280605,3.4135549906053472e+23,2.2028869239287301e-131,298440261.83484727,2115.9414564090671,2.0104525988253945,0
1297,0.67571612034383577,0.00018769892231773215,700,4.3790029479555299,2.9045925183960439,3.4129184866034956e+23,1.1765856830308152e-134,295510580.58486861,2095.1700163467181,2.030384153462431,0
1298,0.67577019387898007,0.00018771394274416113,700,4.3795628481321547,2.9050538163862565,3.412283468808745e+23,5.4414638680993363e-138,292611942.75998533,2074.6186741682959,2.0504973048627391,0
1299,0.67582478007817559,0.000187729105577271,700,4.3801100164315727,2.9055096644143776,3.4116494432810243e+23,2.1739119839918536e-141,289744092.95711917,2054.285619065975,2.0707928637178368,0
1300,0.67587992951019282,0.00018774442486394245,700,4.3806446270981079,2.9059602926110286,3.4110159001629378e+23,7.5042467148865732e-145,286907698.5182147,2034.1755824941422,2.091264901913771,0
1301,0.67593571440526112,0.0001877599206681281,700,4.3811669402614211,2.9064060327939587,3.4103821088979605e+23,2.2363059299797465e-148,284102948.29466957,2014.289903409207,2.1119105014626043,0
1302,0.6759922208742728,0.00018777561690952021,700,4.3816775155147347,2.9068474160483535,3.4097472151766251e+23,5.7199513771073475e-152,281328353.38107264,1994.6180254718049,2.1327391739547537,0
1303,0.67604951526274204,0.00018779153201742835,700,4.3821766608545909,2.9072847767639565,3.4091106184997261e+23,1.2528563193248774e-155,278583702.35802436,1975.1584497183926,2.1537512601110618,0
1304,0.67610766940594669,0.0001878076859460963,700,4.3826646730846681,2.907718455708991,3.4084716849994381e+23,2.3446546904573959e-159,275868793.30343163,1955.9097445213301,2.1749469840905573,0
1305,0.67616676130548681,0.00018782410036263523,700,4.3831418377706362,2.9081488015312402,3.4078297428091013e+23,3.7408163419169433e-163,273183439.19579113,1936.8705838981589,2.196326401652696,0
1306,0.67622687601549492,0.00018784079889319304,700,4.3836084298389189,2.908576173162873,3.4071840756307158e+23,5.0771452376172338e-167,270527461.52174401,1918.0397021891649,2.2178894394858841,0
1307,0.67628810649968729,0.00018785780736102424,700,4.3840647129963264,2.909000941352851,3.4065339172018009e+23,5.849668457072224e-171,267900703.14975995,1899.4159853317981,2.2396357790244106,0
1308,0.6763505549149823,0.00018787515414305065,700,4.3845109409697391,2.9094234923359008,3.4058784418718935e+23,5.7097000591807511e-175,265303013.29050615,1880.9983642296886,2.2615649651253733,0
1309,0.67641433370941373,0.00018789287047483715,700,4.3849473559249823,2.9098442292759676,3.4052167579324572e+23,4.7123790295420988e-179,262734272.72660896,1862.7859936316574,2.2836761788757443,0
1310,0.67647956752635041,0.00018791099097954179,700,4.3853741907627759,2.9102635779544586,3.4045478934782599e+23,3.282641663637762e-183,260194373.00554338,1844.7781046093025,2.3059683922804015,0
1311,0.67654639485798018,0.00018792955412721672,700,4.3857916674755879,2.9106819893740075,3.4038707860484338e+23,1.9268295716598651e-187,257683232.39433786,1826.9741176758553,2.3284402109711504,0
1312,0.67661497039990648,0.00018794860288886292,700,4.3861999977229278,2.9110999452934414,3.4031842664123189e+23,9.5157394946472243e-192,255200787.3867802,1809.3735825722715,2.3510899246977828,0
1313,0.67668546755993131,0.00018796818543331427,700,4.3865993813818349,2.9115179627843202,3.4024870424086674e+23,3.9489700389974496e-196,252747020.2397345,1791.9763734997173,2.3739152272928505,0
1314,0.6767580822216489,0.00018798835617268026,700,4.38699000882335,2.9119366039329666,3.4017776723482406e+23,1.3756766992781868e-200,250321933.07988411,1774.7825055363783,2.3969134171256368,0
1315,0.67683303640388215,0.00018800917677885614,700,4.3873716084276166,2.9123562978463378,3.4010545428727129e+23,4.0707850700778287e-205,247928409.5200533,1757.8124234971779,2.4200534386579444,0
1316,0.67691067621282253,0.00018803074339245071,700,4.3877447292425753,2.9127781868533518,3.4003149636340386e+23,1.0130930622169352e-209,245564187.87723768,1741.0500920496152,2.4433530197813358,0
1317,0.67699131821475722,0.00018805314394854366,700,4.388109558744886,2.9132031030321159,3.3995566625210672e+23,2.1191173844328136e-214,243229207.20105773,1724.4950790554992,2.4668090107452803,0
1318,0.67707532100928902,0.00018807647805813585,700,4.3884662306437301,2.9136319358324916,3.3987771113216737e+23,3.7295874012589123e-219,240923731.29761079,1708.1492549000604,2.490414691688573,0
1319,0.67716310447589467,0.00018810086235441519,700,4.3888148633202393,2.9140656991371929,3.3979733750093677e+23,5.532336512773908e-224,238648085.79278854,1692.0149282708705,2.5141622150741374,0
1320,0.67725516343773784,0.00018812643428826051,700,4.3891555538689238,2.9145055558322124,3.3971420247887188e+23,6.9359671811626523e-229,236402731.53785762,1676.0953666034104,2.5380417396061929,0
1321,0.67735208796532398,0.00018815335776814555,700,4.3894883796488866,2.9149528613611397,3.3962790028939796e+23,7.3781382143596064e-234,234188248.22308403,1660.3946799016655,2.5620414540547292,0
1322,0.6774545885584593,0.00018818183015512758,700,4.3898133923484517,2.9154092118814363,3.3953794603175772e+23,6.6948304441869787e-239,232005372.11705345,1644.9180883099089,2.5861470125669439,0
1323,0.67756353055561103,0.00018821209182100305,700,4.3901306120994477,2.9158765107945581,3.3944375350446049e+23,5.2195059002773857e-244,229855056.39807099,1629.6723498623232,2.6103406616424358,0
1324,0.67767998261275952,0.00018824443961465542,700,4.3904400218148298,2.916357063849274,3.3934460387934825e+23,3.5300539290688124e-249,227738511.17362979,1614.6660442210352,2.634600520166547,0
1325,0.67780528406066554,0.0001882792455724071,700,4.3907415563959109,2.9168537076979635,3.3923960260620049e+23,2.097553891873109e-254,225657291.21965685,1599.9101947473671,2.6588992394487025,0
1326,0.67794114276827788,0.00018831698410229941,700,4.3910350890542702,2.9173699963592572,3.3912761696145584e+23,1.1135827164238527e-259,223613404.43394566,1585.4190374366744,2.6832022951344898,0
1327,0.67808978029724265,0.00018835827230478963,700,4.3913204110637354,2.9179104748872349,3.39007183902226e+23,5.4010963821365047e-265,221609463.17755476,1571.2110939288632,2.7074656081779169,0
1328,0.67825415379320653,0.00018840393160922403,700,4.3915968995939938,2.9184809966748673,3.3887637007093151e+23,2.5000253204932285e-270,219651095.81576061,1557.3262693337426,2.7316048562000761,0
1329,0.67843851562038926,0.0001884551432278859,700,4.3918642139642774,2.9190901745668101,3.3873239241845871e+23,1.1443050827871171e-275,217742027.95930436,1543.790978231468,2.7555543852661235,0
1330,0.67864879268305778,0.00018851355352307161,700,4.3921217050420749,2.919749645285409,3.3857142279497975e+23,5.4677514311374239e-281,215888307.44457236,1530.6480997820179,2.7792148963604495,0
1331,0.67889368590613619,0.00018858157941837117,700,4.3923682820169025,2.9204760983013509,3.3838789892642539e+23,2.9599879817509641e-286,214099324.42493144,1517.9642101727638,2.8024376144651262,0
1332,0.679186765678508,0.00018866299046625223,700,4.3926022792373383,2.9212951149622004,3.3817322285775621e+23,0,212388898.22009057,1505.837288380442,2.825006415251718,0
1333,0.67955069187285932,0.00018876408107579426,700,4.3928210520106692,2.9222486555423663,3.3791317481525299e+23,0,210778398.57374242,1494.4188458878339,2.8465915106100654,0
1334,0.68002698990011035,0.00018889638608336398,700,4.3930200569722153,2.9234121861905225,3.3758196682782408e+23,0,209303752.49771279,1483.9636052087835,2.8666471233312296,0
1335,0.68070302305838049,0.00018908417307177236,700,4.3931898038112038,2.9249411639177669,3.3712596994336997e+23,0,208038547.24286807,1474.9932999519344,2.8840808972750076,0
1336,0.68181462890728117,0.00018939295247424477,700,4.3932920489290899,2.9272408427395145,3.3640250423255825e+23,0,207273155.9262487,1469.566675517103,2.894730855613016,0
1337,0.68482493288440749,0.00019022914802344651,700,4.3908899681675742,2.927761273619399,3.3517671361445693e+23,4.7763571886408463e-257,224626115.24504811,1592.5991570873912,2.6711052690621067,0
1338,0.68521460295489289,0.00019033738970969247,700,4.391552720408912,2.9294730926650363,3.3482070371224694e+23,1.8351212521934557e-269,219965113.9367795,1559.5526578117665,2.7277052677200753,0
1339,0.68539849867983083,0.00019038847185550857,700,4.3918383908066172,2.9302469666150843,3.3465667372383274e+23,3.82962145620617e-275,217927131.14752457,1545.103359835949,2.7532138694279111,0
1340,0.68559514346003858,0.00019044309540556628,700,4.3920999842702404,2.931026594762848,3.3448647623878391e+23,1.5644230711803465e-280,216045247.81105292,1531.7608069803653,2.777196009072799,0
1341,0.68582089693501425,0.00019050580470417061,700,4.3923510922333904,2.931865375193508,3.3429730071371075e+23,6.9955278833528994e-286,214224485.27799386,1518.8516006209763,2.8008002877047162,0
1342,0.68608651049580693,0.00019057958624883525,700,4.3925908064519987,2.9327847106651168,3.3408234493373976e+23,0,212473050.4972277,1506.4339280253444,2.8238875405416586,0
1343,0.68640873615978726,0.00019066909337771867,700,4.3928171708993027,2.9338161208611644,3.3383126784059156e+23,0,210807063.0534977,1494.6220770492987,2.8462044454731319,0
1344,0.68681646699905496,0.00019078235194418193,700,4.3930269890925295,2.9350122415869624,3.3352651838605194e+23,0,209252216.21295929,1483.5982129498811,2.8673531437744511,0
1345,0.68736519359713966,0.00019093477599920546,700,4.3932144632330363,2.9364708115975273,3.3313495567709547e+23,0,207854177.24380574,1473.6861166585827,2.886639123428445,0
1346,0.68818101574582946,0.0001911613932627304,700,4.3933652269880321,2.93840549256285,3.3258264955740743e+23,0,206723821.0963313,1465.6718915729889,2.9024231306193098,0
1347,0.68967302224563032,0.0001915758395126751,700,4.3933720942450343,2.9414507422151011,3.3163661448205429e+23,0,206672204.27212185,1465.3059282893437,2.9031480169921156,0
1348,0.69486039159535451,0.00019301677544315403,700,4.3604114762952699,2.9277318715229481,3.3041442713665282e+23,8.6477145142441125e-71,375691161.83429891,2663.650337405179,1.59705646805882,0
1349,0.69497569515928426,0.0001930488042109123,700,4.3625708082413572,2.9292646824516937,3.3024831588089847e+23,2.3332457708214549e-75,367673443.90309983,2606.8047172729775,1.6318828839814978,0
1350,0.69502857062685264,0.0001930634918407924,700,4.3635404521440524,2.9299559622050486,3.3017302274013665e+23,1.4514038034900792e-77,363981401.24916643,2580.6281348565899,1.6484358759563791,0
1351,0.69508069810364859,0.00019307797169545795,700,4.3644756260234736,2.9306255824751655,3.3009967461088097e+23,8.5970652791970486e-80,360364368.69098938,2554.9833740191143,1.6649814802153675,0
1352,0.69513263262446057,0.00019309239795123903,700,4.3653868684129282,2.9312810410819172,3.3002745939115412e+23,4.6041505324922221e-82,356785105.7830416,2529.6064000017645,1.6816845498165374,0
1353,0.69518440156118921,0.00019310677821144146,700,4.3662750079948882,2.9319229167038507,3.2995631830419066e+23,2.224205832621028e-84,353242936.27061474,2504.4924181586584,1.69854776527038,0
1354,0.69523602814527419,0.00019312111892924282,700,4.3671407681861947,2.9325517143323561,3.2988620018799772e+23,9.6734292765329111e-87,349737483.66179186,2479.6387591621042,1.7155724737249511,0
1355,0.69528753576389801,0.00019313542660108279,700,4.3679848445652425,2.9331679208416772,3.2981705540024068e+23,3.780105971613317e-89,346268373.6762262,2455.0427693644438,1.7327600370486687,0
1356,0.69533894796877771,0.00019314970776910492,700,4.368807905372619,2.9337720054912828,3.2974883575670292e+23,1.3245892693144367e-91,342835253.41394973,2430.7019467049035,1.7501117344998991,0
1357,0.69539028877522191,0.00019316396910422831,700,4.3696105760907571,2.934364407982863,3.2968149409682125e+23,4.15418990859209e-94,339437843.42196929,2406.6143098617617,1.7676284822906887,0
1358,0.69544158376952669,0.00019317821771375741,700,4.3703932191133541,2.9349453655942019,3.2961498290345028e+23,1.1659829821451741e-96,336076914.2033968,2382.7853217020829,1.785305609051369,0
1359,0.69549287632071988,0.00019319246564464441,700,4.3711567150452826,2.9355155108546698,3.2954923383560351e+23,2.9169527835978102e-99,332750931.57056451,2359.2041048353021,1.8031504740438618,0
1360,0.69554419241607068,0.00019320672011557518,700,4.3719016388760901,2.936075255824103,3.2948420286941034e+23,6.4905084918479205e-102,329459555.61726975,2335.8682493264428,1.8211643577186594,0
1361,0.69559555870849732,0.00019322098853013814,700,4.3726285448747584,2.9366250006974939,3.2941984667266455e+23,1.281778228006909e-104,326202457.32516319,2312.7754224354071,1.8393484982300778,0
1362,0.69564700269117929,0.00019323527852532757,700,4.3733379686101053,2.9371651355119632,3.2935612238602614e+23,2.241731748985937e-107,322979302.75467044,2289.9232565306133,1.8577041775823935,0
1363,0.69569855262865254,0.00019324959795240349,700,4.3740304254793108,2.9376960392058948,3.2929298771376929e+23,3.4644430347997542e-110,319789767.34978426,2267.3094505099702,1.8762326417521775,0
1364,0.69575023771885791,0.00019326395492190497,700,4.3747064123035084,2.9382180810500791,3.2923040073117769e+23,4.7206029123849821e-113,316633537.40574241,2244.9317802067135,1.8949350877861826,0
1365,0.69580208829132251,0.0001932783578587007,700,4.3753664092055198,2.9387316222849464,3.2916831966352788e+23,5.6582934697678396e-116,313510289.69151276,2222.7879539128253,1.9138127829564597,0
1366,0.69585413567750964,0.0001932928154659749,700,4.3760108771384436,2.9392370144219928,3.2910670306320447e+23,5.9526866895622749e-119,310419725.45401311,2200.8758534689532,1.9328668599344101,0
1367,0.69590641265378073,0.00019330733684827243,700,4.3766402624338143,2.9397346030580245,3.290455093127849e+23,5.4836780879990749e-122,307361537.88734043,2179.1933036212436,1.9520985095406522,0
1368,0.69595895335467783,0.00019332193148741052,700,4.3772549945288164,2.9402247263818415,3.2898469676819743e+23,4.413222034308262e-125,304335438.22985673,2157.7382570496839,1.9715088176712281,0
1369,0.69601179364099452,0.00019333660934472071,700,4.3778554890434132,2.9407077179028329,3.2892422337977915e+23,3.0955019285832273e-128,301341126.73821503,2136.5085885739445,1.9910989465478433,0
1370,0.69606497097895781,0.00019335138082748828,700,4.3784421448747484,2.9411839044992218,3.2886404688550263e+23,1.8878959425195761e-131,298378331.41551882,2115.5023697360284,2.0108698817155246,0
1371,0.69611852501709559,0.00019336625694919322,700,4.3790153490061252,2.9416536106641966,3.2880412422271225e+23,9.9872571104691243e-135,295446765.30262858,2094.7175659956365,2.0308227080618568,0
1372,0.69617249742204024,0.00019338124928390007,700,4.3795754727391261,2.9421171559186106,3.2874441179015402e+23,4.5719177160486786e-138,292546166.42428029,2074.1523199481471,2.0509583404686245,0
1373,0.69622693245708456,0.00019339637012696792,700,4.3801228757661965,2.9425748586056364,3.2868486489354214e+23,1.8066765041665465e-141,289676269.31561428,2053.804749447705,2.0712777108651421,0
1374,0.69628187706755196,0.00019341163251876444,700,4.3806577356208738,2.9430269410865351,3.2862543775677057e+23,6.1638333738967452e-145,286837717.1049422,2033.67941427404,2.0917751195896055,0
1375,0.69633739898669944,0.00019342705527408317,700,4.3811803366657802,2.9434737353956004,3.2856606466964517e+23,1.813180596073712e-148,284030566.33924502,2013.7767153452471,2.1124486978044548,0
1376,0.69639357666811363,0.00019344266018558713,700,4.3816912144762732,2.9439157419518005,3.2850667147599631e+23,4.5735742571490028e-152,281253453.17321295,1994.0869829980797,2.1333071406966284,0
1377,0.69645047088143652,0.00019345846413373237,700,4.3821906789984002,2.9443532834398769,3.2844720550647812e+23,9.868845377009931e-156,278506154.64946461,1974.608636464704,2.1543509541294563,0
1378,0.69650814713480835,0.00019347448531522454,700,4.3826790290054092,2.944786686486875,3.2838761156197199e+23,1.8173642539972686e-159,275788450.5176363,1955.3401141700413,2.1755805903903536,0
1379,0.69656667611286305,0.00019349074336468417,700,4.3831565510165946,2.9452162819841656,3.2832783168085107e+23,2.8495803040334368e-163,273100144.56631237,1936.2800249751544,2.19699627384969,0
1380,0.6966261346442113,0.00019350725962339203,700,4.3836235219594446,2.9456424088510231,3.2826780440486735e+23,3.7956869368913399e-167,270441047.29055405,1917.427025290028,2.218598123366152,0
1381,0.69668660639766977,0.00019352405733268606,700,4.3840802084296326,2.9460654150989987,3.282074643729225e+23,4.2854145452584568e-171,267810978.48708311,1898.7798374734191,2.2403861237859553,0
1382,0.69674818273150241,0.00019354116186986179,700,4.3845268662609538,2.9464856594020481,3.2814674180711739e+23,4.09198885421073e-175,265209770.94185671,1880.337275977764,2.2623600852607386,0
1383,0.69681096374803897,0.00019355860104112193,700,4.3849637405780335,2.946903513376832,3.2808556185263583e+23,3.2976675408929371e-179,262637281.4406606,1862.0983254142834,2.2845195347316372,0
1384,0.69687505977448172,0.00019357640549291159,700,4.3853910672714189,2.9473193657294683,3.2802384357551406e+23,2.2383956400457982e-183,260093380.35886523,1844.0620667443543,2.3068637855071388,0
1385,0.69694059279502396,0.00019359460910972889,700,4.3858090724040784,2.9477336249313115,3.2796149909875211e+23,1.2773038151201266e-187,257577953.53472418,1826.2276905611943,2.3293919055037207,0
1386,0.69700769815129282,0.00019361324948647022,700,4.3862179716261469,2.948146722432174,3.2789843257685957e+23,6.1165489298221844e-192,255090907.34912622,1808.5945331053049,2.352102653266348,0
1387,0.69707652665282105,0.0001936323685146725,700,4.3866179699439183,2.9485591169719818,3.2783453889815639e+23,2.4541283335484679e-196,252632185.88279793,1791.1621979090373,2.3749942941884461,0
1388,0.6971472475336945,0.00019365201320380404,700,4.3870092635988698,2.9489713020829349,3.2776970175151195e+23,8.238495728185062e-201,250201743.58556578,1773.9303620216613,2.3980648232165804,0
1389,0.69722005110414997,0.00019367223641781944,700,4.3873915874754648,2.9493836184852928,3.2770379224218945e+23,2.3405966278875435e-205,247802418.30248064,1756.9191457645875,2.421283876526211,0
1390,0.69729524266298992,0.00019369312296194164,700,4.3877655257808605,2.9497971129008094,3.2763658721599186e+23,5.5645898443315859e-210,245431709.15929511,1740.1108179394023,2.4446718887923962,0
1391,0.697373086007263,0.00019371474611312861,700,4.3881312527860041,2.9502124694579024,3.2756791158512414e+23,1.1063303852258167e-214,243089623.67049158,1723.5054318237853,2.4682254673827666,0
1392,0.69745388113346596,0.00019373718920374054,700,4.3884889144777484,2.9506304308127747,3.2749756909874008e+23,1.8399897914229759e-219,240776334.45704147,1707.1042113004239,2.4919392570412686,0
1393,0.69753797591165467,0.00019376054886434852,700,4.3888386444378211,2.9510518330558297,3.2742533429676838e+23,2.5618042025429965e-224,238492047.49002644,1690.9086167042874,2.5158071571551734,0
1394,0.69762577545752191,0.00019378493762708943,700,4.3891805574301301,2.9514776201710569,3.2735094717476767e+23,2.9909157339465605e-229,236237093.02406305,1674.9209895406068,2.5398212969835527,0
1395,0.69771775740127107,0.00019381048816701974,700,4.3895147537145043,2.9519088781090033,3.272741036177208e+23,2.9352440905068546e-234,234011869.46532828,1659.1441545091773,2.5639725086205396,0
1396,0.69781448865566253,0.00019383735795990627,700,4.389841312121761,2.9523468633837853,3.2719444566355182e+23,2.4300684509198216e-239,231816902.82257462,1643.5818410120539,2.5882495741012517,0
1397,0.69791664938723086,0.00019386573594089746,700,4.390160287529894,2.9527930491285654,3.2711154716059193e+23,1.7057902260072133e-244,229652885.47511989,1628.2389580186,2.6126386296374347,0
1398,0.6980250658322954,0.00019389585162008204,700,4.390471708520411,2.953249188446446,3.2702489414245351e+23,1.0220488647244446e-249,227520672.46725032,1613.1215677928046,2.6371230073010836,0
1399,0.6981407530661532,0.00019392798696282032,700,4.3907755673253046,2.9537173909495169,3.2693385982498709e+23,5.2747093172639246e-255,225421381.42836177,1598.2375943270849,2.6616818519971588,0
1400,0.69826497774766116,0.00019396249381879477,700,4.3910718141748877,2.9542002410090458,3.2683766746912876e+23,2.37287619846459e-260,223356422.56269976,1583.5970359695411,2.686289443195081,0
1401,0.69839934546276194,0.00019399981818410053,700,4.3913603425429111,2.9547009552792072,3.2673533942915047e+23,9.4535638584693202e-266,221327635.74278745,1569.2129374163628,2.7109131581619605,0
1402,0.69854593202578341,0.00019404053667382873,700,4.3916406075356766,2.9552235011017749,3.2662562049130098e+23,3.4633438625667011e-271,219340007.27037323,1555.120651546946,2.7354790740952226,0
1403,0.6987076941369883,0.00019408547059360787,700,4.3919125809149824,2.9557738585599127,3.2650670989416855e+23,1.1879807396526021e-276,217394942.9568333,1541.330145563948,2.7599538049932377,0
1404,0.69888849157742849,0.00019413569210484125,700,4.3921758685739345,2.9563594351800386,3.2637630034059005e+23,3.9609778379257777e-282,215496507.06067592,1527.8702350601923,2.7842678667226006,0
1405,0.69909371955999688,0.00019419269987777692,700,4.3924298239882384,2.956990363810529,3.2623119610995037e+23,1.3545773630348248e-287,213650683.36962801,1514.7833450906624,2.8083224005512086,0
1406,0.6993312671596672,0.00019425868532212977,700,4.3926734860094712,2.9576812160866566,3.2606676180868138e+23,0,211865918.8337931,1502.129364531593,2.8319797884561817,0
1407,0.69961325528448937,0.0001943370153568026,700,4.3929054038015316,2.9584540094699596,3.2587593556645403e+23,0,210154473.52031967,1489.9952172590663,2.8550427214293226,0
1408,0.69995951855942107,0.00019443319959983919,700,4.393123302609272,2.9593441567571932,3.2564726602620244e+23,0,208535023.56297004,1478.5133170614577,2.8772145309146193,0
1409,0.70040539846987571,0.00019455705513052104,700,4.3933233764152995,2.960413638204781,3.2536054830934826e+23,0,207038145.42364898,1467.9004510536713,2.8980166856318106,0
1410,0.70102210965909828,0.00019472836379419396,700,4.3934982416720354,2.961784948579167,3.2497550373918034e+23,0,205721999.96514997,1458.5689797529133,2.9165572962621504,0
1411,0.70198606891169069,0.00019499613025324741,700,4.3936250934929619,2.9637533793770978,3.2439361240678888e+23,0,204762590.59081545,1451.7667672888815,2.9302227436602513,0
1412,0.70404340542585309,0.00019556761261829253,700,4.3932935382792406,2.967026443393106,3.2326231791072228e+23,0,207261989.95072576,1469.4875087506455,2.8948868055481052,0
1413,0.70574944595208133,0.00019604151276446702,700,4.3930785973335187,2.970202227289152,3.2226797865540112e+23,0,208868191.40993184,1480.8754770964167,2.8726250557818043,0
1414,0.70796795719264194,0.00019665776588684498,700,4.3913887114118815,2.9727613624094809,3.2113992990565643e+23,2.722856729938192e-266,221127211.90606746,1567.791932414018,2.7133702579078043,0
1415,0.70836813044087332,0.00019676892512246482,700,4.3920325066467445,2.973905417352344,3.2088340849549014e+23,4.0216942465007073e-279,216532123.69629285,1535.2127570067162,2.7709514401731807,0
1416,0.70855670214903266,0.00019682130615250907,700,4.39230962579345,2.9744286009016641,3.2076371669122113e+23,5.5327215161833559e-285,214526131.19901279,1520.9902702010006,2.7968620729163698,0
1417,0.70875836570988771,0.00019687732380830214,700,4.3925626585532074,2.9749640270026361,3.2063727099499573e+23,1.5370377313803764e-290,212679388.75826871,1507.8968662961252,2.8211478484262509,0
1418,0.70899061078051151,0.00019694183632791985,700,4.3928053070330346,2.9755527557178119,3.2049352181056234e+23,0,210894672.58519086,1495.2432286290032,2.8450220797191075,0
1419,0.7092650479647965,0.00019701806887911013,700,4.3930366001614223,2.9762155130850103,3.2032597490812001e+23,0,209180746.98484972,1483.0914961225844,2.8683328109706769,0
1420,0.70959999234743321,0.0001971111089853981,700,4.3932544496079053,2.976984266668381,3.2012447623812524e+23,0,207554909.37742981,1471.5643074859775,2.8908012910883518,0
1421,0.710027583336025,0.00019722988426000695,700,4.3934553831969358,2.9779145484912952,3.1987131925451174e+23,0,206045262.95766199,1460.8609143698234,2.9119815296277278,0
1422,0.7106111842145425,0.0001973919956151507,700,4.3936328819137129,2.9791146632397112,3.1953183996597055e+23,0,204703554.8489919,1451.3482038793525,2.93106780897193,0
1423,0.71150158037204903,0.00019763932788112473,700,4.3937690267703973,2.9808382200991832,3.1902425070788368e+23,0,203669217.74390444,1444.0147538042825,2.9459532797658481,0
1424,0.71325484135427208,0.00019812634482063113,700,4.3936668626342552,2.9839549134408885,3.1805177370039013e+23,0,204445822.48708946,1449.5208814334642,2.934762827144044,0
1425,0.71787040527775592,0.00019940844591048775,700,4.3708652854291747,2.9741384473882846,3.1700658347366818e+23,2.9686612374352387e-98,334026067.77652276,2368.2448205355463,1.7962669919565224,0
1426,0.71798938318711925,0.00019944149532975534,700,4.3725411281355644,2.9754415462963837,3.1686298765397384e+23,2.7565336713994809e-104,326596562.21274096,2315.5696260883328,1.8371289518019096,0
1427,0.71804168515505473,0.00019945602365418187,700,4.3732602778121814,2.976004117226565,3.1680058582511074e+23,4.5653029443896063e-107,323334455.2317583,2292.4412875931662,1.8556636643315185,0
1428,0.71809352596962195,0.00019947042388045053,700,4.3739550494169253,2.9765510817121483,3.1673946649816238e+23,7.1224721866875647e-110,320139078.7452209,2269.786068303616,1.8741854395023836,0
1429,0.71814546435837479,0.00019948485121065967,700,4.3746332400918506,2.9770885308459767,3.1667895568161908e+23,9.801392030738385e-113,316977247.77070552,2247.3686866943021,1.8928803383201402,0
1430,0.71819753319966706,0.00019949931477768529,700,4.3752953855931551,2.9776168802892142,3.1661900836546852e+23,1.1864158765718571e-115,313848398.97410828,2225.1851487264275,1.911751029991708,0
1431,0.71824976238534644,0.00019951382288481846,700,4.3759419509430213,2.9781364942385511,3.1655958458855269e+23,1.2603026656913602e-118,310752220.10027707,2203.2332405109642,1.9307987560197803,0
1432,0.71830218292067494,0.00019952838414463193,700,4.3765733844595296,2.9786477282003645,3.1650064462925935e+23,1.1721597123385244e-121,307688405.23318976,2181.5107931033153,1.9500247321483375,0
1433,0.71835482706405962,0.00019954300751779433,700,4.3771901185684197,2.979150929880737,3.1644214887457434e+23,9.5223759471709116e-125,304656652.85173702,2160.015668718815,1.9694301581262157,0
1434,0.71840772844417877,0.0001995577023456052,700,4.3777925701490057,2.9796464397352702,3.1638405772325887e+23,6.7408793059500417e-128,301656671.50776237,2138.7458009900351,1.9890161785616618,0
1435,0.71846092228912373,0.00019957247841364547,700,4.3783811419435814,2.9801345924287639,3.1632633137663482e+23,4.1481066360983222e-131,298688169.47909743,2117.6991216068009,2.0087839469717892,0
1436,0.71851444548708931,0.00019958734596863591,700,4.3789562218794913,2.9806157165991527,3.1626892982382643e+23,2.213563202229089e-134,295750867.29138225,2096.8736490959,2.0287345409839923,0
1437,0.71856833688540966,0.00019960231580150268,700,4.3795181847737679,2.9810901366496991,3.1621181257983457e+23,1.0218249645882492e-137,292844487.95992821,2076.2674196358907,2.0488690232137876,0
1438,0.71862263743309029,0.00019961739928696953,700,4.380067392064543,2.9815581729446885,3.1615493860573966e+23,4.0703697240891616e-141,289968764.28885025,2055.8785388079482,2.0691883881751982,0
1439,0.71867739047793089,0.00019963260846609193,700,4.3806040735173513,2.9820200740821976,3.1609826607881916e+23,1.3981952181446572e-144,287124066.67993867,2035.7096327607651,2.089688986847726,0
1440,0.71873265440773659,0.0001996479595577046,700,4.3811284440322513,2.9824761144753644,3.1604173984305595e+23,4.1402749805697784e-148,284310818.18141019,2015.7637009061982,2.1103664075742556,0
1441,0.71878850490621615,0.00019966347358506005,700,4.3816410656785729,2.9829268142834824,3.1598528986483041e+23,1.050629889632408e-151,281527524.54739666,1996.0301490410423,2.1312303333913865,0
1442,0.71884499715837935,0.0001996791658773276,700,4.3821422508445593,2.9833724905652574,3.1592886945202767e+23,2.2790798231679854e-155,278773948.3009972,1976.5072934540699,2.1522814583526624,0
1443,0.7189021903020395,0.00019969505286167763,700,4.3826323001193757,2.983813461491633,3.1587243014622631e+23,4.2160207596522261e-159,276049869.03968239,1957.1935714913479,2.1735203211190419,0
1444,0.71896014808631381,0.00019971115224619827,700,4.3831115040546313,2.9842500489062243,3.158159212540914e+23,6.6346948392552109e-163,273355069.16346139,1938.0874403689413,2.1949474060830783,0
1445,0.71901893929477667,0.00019972748313743796,700,4.3835801422618896,2.9846825786364888,3.1575928964368909e+23,8.8607092489519451e-167,270689343.66170341,1919.1874465614771,2.2165630603835504,0
1446,0.71907863844092434,0.00019974406623359011,700,4.3840384840572098,2.9851113824042583,3.1570247930777208e+23,1.0018722924060065e-170,268052498.04839459,1900.4922111631176,2.2383675002785277,0
1447,0.71913932650387147,0.00019976092402885319,700,4.3844867886052494,2.9855367994665274,3.1564543093164049e+23,9.5685515053447423e-175,265444355.37734842,1882.0004796254002,2.2603607416969047,0
1448,0.71920109192769943,0.00019977808109102762,700,4.3849253059801123,2.9859591794336842,3.155880812620061e+23,7.7012993346377649e-179,262864737.04227245,1863.7109856297116,2.2825427508883069,0
1449,0.71926403128454952,0.00019979556424570819,700,4.3853542749155423,2.9863788821205426,3.1553036284117766e+23,5.2122087430596213e-183,260313499.59167209,1845.6227121049551,2.3049131179948805,0
1450,0.71932825096053399,0.00019981340304459278,700,4.3857739262672419,2.9867962834091979,3.1547220286127879e+23,2.9599217111291645e-187,257790495.50787172,1827.7346131508104,2.3274713787176022,0
1451,0.71939386806436545,0.00019983163001787929,700,4.3861844798315683,2.9872117749464273,3.1541352280995151e+23,1.4075732113539828e-191,255295610.76182738,1810.045880301356,2.3502166692546753,0
1452,0.71946101248306304,0.00019985028124529529,700,4.3865861469052616,2.9876257701190316,3.1535423716510259e+23,5.5945875291258956e-196,252828743.26629576,1792.5557897580368,2.3731478954829148,0
1453,0.71952982865996518,0.00019986939684999032,700,4.3869791289354101,2.9880387067617713,3.1529425245420495e+23,1.8553263721819956e-200,250389817.60027894,1775.2638067859775,2.3962635771309078,0
1454,0.71960047808656546,0.00019988902169071262,700,4.3873632276555465,2.988450880293374,3.1523346587459255e+23,5.1816649950041648e-205,247981239.35785192,1758.1869870471701,2.4195378713071261,0
1455,0.71967321698314624,0.00019990922693976284,700,4.3877389455670626,2.9888631785428599,3.1517170116099265e+23,1.2074476866274201e-209,245601016.63674116,1741.3112079544946,2.4429866301711463,0
1456,0.71974827192145441,0.00019993007553373732,700,4.3881065001942483,2.9892762230070566,3.1510881621575195e+23,2.3425503801316699e-214,243248879.71973914,1724.6345572129503,2.4666095099442762,0
1457,0.71982589082845305,0.00019995163634123697,700,4.3884660492773095,2.9896906384214024,3.1504465976773602e+23,3.7821021745064767e-219,240924907.45008302,1708.1575938210885,2.4904025339277691,0
1458,0.71990635791590152,0.00019997398830997264,700,4.3888177385522731,2.9901071162523554,3.1497906035002403e+23,5.0814611760342007e-224,238629224.56702468,1691.8812021802048,2.5143609341590754,0
1459,0.71999000099580035,0.00019999722249883342,700,4.3891617000330241,2.990526427898363,3.1491182229314436e+23,5.6846182573189755e-229,236362025.90689582,1675.8067636798912,2.5384788343130169,0
1460,0.7200772013288177,0.00020002144481356046,700,4.3894980521644671,2.990949444148546,3.1484272020474724e+23,5.3015997003838527e-234,234123576.9218742,1659.9361603760879,2.5627491596039333,0
1461,0.72016840579231634,0.00020004677938675455,700,4.3898268977723172,2.9913771574563404,3.1477149229808737e+23,4.1303634836304452e-239,231914225.05682606,1644.2718556528966,2.5871634215321708,0
1462,0.72026414252311344,0.00020007337292308707,700,4.390148321005209,2.9918107100042195,3.1469783187730438e+23,2.6964412065615436e-244,229734432.36843139,1628.8171254921783,2.6117112433445047,0
1463,0.72036504213445529,0.00020010140059290425,700,4.3904623854500944,2.9922514331973029,3.146213756903684e+23,1.4815176082736794e-249,227584788.79128653,1613.5761525302214,2.6363800638286419,0
1464,0.72047186550266618,0.00020013107375074061,700,4.3907691295919058,2.992700897353906,3.1454168887030936e+23,6.8918617728639375e-255,225466053.1135883,1598.5543165753409,2.661154491837066,0
1465,0.72058554199126423,0.00020016265055312896,700,4.3910685618818714,2.9931609805822119,3.1445824420860323e+23,2.7363377649526942e-260,223379192.56539083,1583.758475288621,2.6860156181483164,0
1466,0.72070722219772865,0.00020019645061048017,700,4.3913606533600591,2.9936339624245303,3.1437039372967509e+23,9.3721586826067645e-266,221325442.25717446,1569.1973856033667,2.7109400251545206,0
1467,0.72083835267353158,0.00020023287574264767,700,4.3916449589985183,2.9941225281242763,3.1427732868091107e+23,2.8560125725899574e-271,219309014.83642033,1554.9009151902201,2.735865648056155,0
1468,0.72098097171931219,0.00020027249214425339,700,4.3919215959952371,2.9946308212341983,3.14177893657588e+23,7.8091996504774141e-277,217330194.25027534,1540.8710772344523,2.760776071957336,0
1469,0.72113760757169976,0.00020031600210324995,700,4.3921903755291574,2.9951636394013827,3.1407068915518549e+23,1.9622969654711575e-282,215391455.24879089,1527.1254177139272,2.7856258239537017,0
1470,0.72131162802604698,0.00020036434111834637,700,4.3924509383405308,2.9957272101308754,3.1395386941747869e+23,4.6925747430701978e-288,213496561.1895059,1513.6906188335968,2.8103497155039521,0
1471,0.72150769581357166,0.0002004188043926588,700,4.3927027530250973,2.9963300114951545,3.1382489831961201e+23,0,211650630.16342393,1500.6029678586756,2.8348604468444814,0
1472,0.72173250307992132,0.00020048125085553369,700,4.3929450363475384,2.9969840109393564,3.1368016434642974e+23,0,209860752.80908233,1487.9127374163936,2.8590386338022955,0
1473,0.7219960866267976,0.00020055446850744378,700,4.3931766159001153,2.9977068562916687,3.1351429567009024e+23,0,208137086.65581456,1475.6919443897252,2.8827154720013386,0
1474,0.72231437048607761,0.00020064288069057711,700,4.3933956892590533,2.9985260722613507,3.1331884383058142e+23,0,206494766.52882516,1464.0478946893704,2.9056426469590182,0
1475,0.72271456013322266,0.00020075404448145073,700,4.3935993450415936,2.9994878675956422,3.1307950931063096e+23,0,204957649.20575675,1453.1497328688154,2.9274340446677383,0
1476,0.72324816890910715,0.00020090226914141866,700,4.393782391058501,3.0006781455192715,3.1276948825857084e+23,0,203567438.18901205,1443.2931367600952,2.947426196142926,0
1477,0.7240295277833616,0.00020111931327315599,700,4.3939327462358193,3.0022834764996258,3.1232995868420491e+23,0,202419320.94866413,1435.1529855260285,2.9641439225663984,0
1478,0.725407106023506,0.00020150197389541834,700,4.3939790433120498,3.0048446000130586,3.1158460153874046e+23,0,202064659.89793062,1432.6384386763282,2.9693465463138349,0
1479,0.73052146102816873,0.00020292262806338021,700,4.3701849131803172,2.9937710287069055,3.1056478437964474e+23,5.7333234030952072e-96,336976183.8661983,2389.1611436113458,1.780541262934592,0
1480,0.73064920518090792,0.0002029581125502522,700,4.372008597714979,2.9952713218385951,3.1040361970119481e+23,2.6498994683642292e-102,328983137.61108923,2332.4904456626223,1.8238016828366934,0
1481,0.73070178297270127,0.00020297271749241701,700,4.3727418446983153,2.9958778945265219,3.1033808943772909e+23,4.7536303050831259e-105,325690671.38302934,2309.1468601056781,1.8422388257303459,0
1482,0.73075379291030695,0.00020298716469730748,700,4.3734492240175316,2.9964664889627706,3.1027408522909361e+23,8.1042499548237462e-108,322469774.21030486,2286.3106991510613,1.8606395017000832,0
1483,0.73080586421819727,0.00020300162894949924,700,4.3741396491530766,2.9970444700889995,3.102108131109431e+23,1.2205891987351402e-110,319282672.9778375,2263.714151412868,1.8792125310277894,0
1484,0.73085802907006736,0.00020301611918612983,700,4.3748136770538064,2.9976122947607826,3.1014822499453885e+23,1.6194787249133723e-113,316128768.71717054,2241.352970204739,1.8979607659080189,0
1485,0.73091031604211554,0.0002030306433450321,700,4.3754717862264672,2.9981703582371861,3.100862788818271e+23,1.8885267299253075e-116,313007736.11568367,2219.2248490601974,1.9168855295584375,0
1486,0.73096275454192916,0.00020304520959498032,700,4.3761144364136095,2.9987190440455205,3.100249334213339e+23,1.9311182650400816e-119,309919271.68121654,2197.3276362198253,1.9359880292218838,0
1487,0.73101537519538051,0.00020305982644316126,700,4.3767420726828927,2.9992587276800289,3.0996414747202386e+23,1.7274330745738183e-122,306863062.03279686,2175.6591098125296,1.9552695460487624,0
1488,0.73106820970839437,0.00020307450269677621,700,4.3773551229277139,2.9997897746878062,3.0990388029155749e+23,1.3485593930680442e-125,303838812.59827453,2154.2171813217665,1.9747312559218686,0
1489,0.73112129122844061,0.00020308924756345573,700,4.377954001118602,3.0003125437598333,3.0984409115494176e+23,9.165663097457584e-129,300846224.44438064,2132.9997313106587,1.9943743721833738,0
1490,0.73117465431775475,0.00020310407064382078,700,4.3785391058505141,3.0008273857637699,3.0978473942925282e+23,5.4103969878551158e-132,297885012.78769231,2112.0047406647382,2.0142000243148526,0
1491,0.73122833526456188,0.00020311898201793386,700,4.3791108225232893,3.001334645976105,3.0972578427778551e+23,2.7669193482970808e-135,294954893.25782424,2091.2301931979737,2.034209344259061,0
1492,0.7312823721656988,0.00020313399226824967,700,4.3796695227710218,3.0018346639290274,3.0966718463291116e+23,1.2228762533351145e-138,292055583.4989298,2070.6740870074123,2.0544034557113635,0
1493,0.73133680504802057,0.00020314911251333905,700,4.3802155641476563,3.0023277735395379,3.0960889913133705e+23,4.6592194149650823e-142,289186822.73464882,2050.3345731886602,2.0747833332314252,0
1494,0.73139167637952684,0.00020316435454986856,700,4.3807490829941074,3.0028141817692866,3.0955088566124695e+23,1.5314151406439787e-145,286349467.71851665,2030.217726124283,2.0953417681565374,0
1495,0.73144705322338488,0.00020317973700649579,700,4.3812704885089708,3.0032943234311462,3.0949307879102132e+23,4.3279028999397598e-149,283542893.18451214,2010.3191126781908,2.1160819559302344,0
1496,0.7315029993966744,0.00020319527761018734,700,4.3817802333124023,3.0037686462267952,3.0943541940902237e+23,1.0470044788973853e-152,280766162.89146352,1990.6320949004762,2.1370096518074488,0
1497,0.73155956878132899,0.00020321099132814693,700,4.3822786286017257,3.0042374789884496,3.0937786120355969e+23,2.1627787052937002e-156,278019031.50001574,1971.1549333351115,2.1581256389635541,0
1498,0.73161681892081332,0.00020322689414467037,700,4.3827659729023738,3.0047011498126723,3.0932035646026554e+23,3.805333607759911e-160,275301274.96648908,1951.8860395124075,2.1794305168874888,0
1499,0.73167481174024951,0.00020324300326118042,700,4.3832425546759861,3.0051599894346097,3.0926285551995467e+23,5.6886921866947094e-164,272612672.78344238,1932.8238500346063,2.2009248281595002,0
1500,0.73173361395951586,0.00020325933721097663,700,4.3837086516091635,3.0056143316162216,3.092053065826948e+23,7.2078857294400192e-168,269953019.022219,1913.9669048675325,2.2226089642309792,0
1501,0.7317932978057653,0.00020327591605715702,700,4.3841645316785787,3.0060645154212993,3.0914765525120275e+23,7.7217359073709375e-172,267322109.80791885,1895.3137585381446,2.2444832581604377,0
1502,0.73185394152396788,0.00020329276153443552,700,4.3846104519886451,3.0065108854409606,3.0908984431149916e+23,6.9775553135067714e-176,264719764.74739105,1876.8631320590023,2.2665477984711502,0
1503,0.73191563046391472,0.00020330989735108741,700,4.3850466609564531,3.006953795657755,3.0903181300789028e+23,5.3058057510238523e-180,262145807.72636464,1858.6137767799253,2.2888025759553523,0
1504,0.73197845784159832,0.00020332734940044399,700,4.3854733970483073,3.0073936101372403,3.0897349668864445e+23,3.3873896337774483e-184,259600077.07427719,1840.5645464566251,2.3112473877591606,0
1505,0.7320425258610318,0.00020334514607250884,700,4.3858908891226474,3.0078307055620508,3.0891482617324965e+23,1.8117055996049584e-188,257082428.31027478,1822.714416719848,2.3338817979261317,0
1506,0.73210794706770876,0.0002033633186299191,700,4.3862993568431445,3.0082654743279815,3.0885572698414219e+23,8.1003639178203988e-193,254592734.36641008,1805.0624866578473,2.3567051176585405,0
1507,0.73217484590856619,0.00020338190164126838,700,4.3866990107729453,3.0086983278276369,3.0879611848375977e+23,3.0216541482494173e-197,252130882.41987064,1787.6079563568828,2.3797164164952505,0
1508,0.73224336044211458,0.00020340093345614293,700,4.3870899860919659,3.0091296700978929,3.0873591298196354e+23,9.4035483336677578e-202,249697202.73762095,1770.3531674097326,2.4029103787376958,0
1509,0.73231365682293525,0.00020342046022859314,700,4.3874721704108079,3.0095598666379546,3.0867500417813511e+23,2.4587489539333982e-206,247293557.32368943,1753.3113214249579,2.4262662015680547,0
1510,0.73238597964550867,0.00020344054990153017,700,4.3878461016075292,3.0099898186186014,3.0861322628723261e+23,5.3445125864470997e-211,244917714.2331661,1736.4665939131476,2.4498023831334188,0
1511,0.73246053482325679,0.00020346125967312688,700,4.3882119448137278,3.01042007551621,3.0855045562598279e+23,9.6489858238214874e-216,242569713.23635435,1719.8192668457521,2.473515724592434,0
1512,0.73253755705668522,0.00020348265473796811,700,4.3885698582269406,3.0108512415195188,3.0848655296362503e+23,1.4460128707027813e-220,240249621.8359471,1703.3698188168648,2.4974024742053751,0
1513,0.73261731495954585,0.00020350480971098497,700,4.3889199903517726,3.0112839836032599,3.0842136091118055e+23,1.7982053608858901e-225,237957525.97873849,1687.1188591892558,2.5214583885596875,0
1514,0.73270011687719816,0.00020352781024366616,700,4.3892624748821687,3.0117190389640158,3.0835470110628574e+23,1.8562560791856365e-230,235693602.24741939,1671.0676399342033,2.5456779237060068,0
1515,0.73278632067450145,0.00020355175574291706,700,4.3895974348947311,3.0121572374151189,3.0828636869291003e+23,1.5919617500826024e-235,233458065.36301425,1655.2176834237707,2.5700547079709306,0
1516,0.73287634366578269,0.00020357676212938409,700,4.3899249772085565,3.0125995161581263,3.082161273699244e+23,1.1362074525208065e-240,231251227.04181993,1639.5711997265032,2.5945808274197604,0
1517,0.73297067738745059,0.00020360296594095851,700,4.3902451931208128,3.0130469487951053,3.0814370146746557e+23,6.7657720333727284e-246,229073479.26078588,1624.1309679589717,2.6192468981402137,0
1518,0.73306990537896677,0.00020363052927193523,700,4.3905581534657845,3.0135007753195486,3.0806876682636458e+23,3.3742174128450011e-251,226925353.40861297,1608.9007556670658,2.6440412716670334,0
1519,0.73317472859972943,0.00020365964683325818,700,4.3908639082158434,3.0139624500651223,3.0799093736287492e+23,1.4167112527723869e-256,224807511.29471627,1593.8852550795382,2.6689499676610762,0
1520,0.73328599774123404,0.00020369055492812057,700,4.3911624795999478,3.0144336967454204,3.0790974851640707e+23,5.0431619034895367e-262,222720800.56214461,1579.0904759856053,2.6939558338763478,0
1521,0.73340475858281573,0.00020372354405078216,700,4.3914537928561241,3.0149165659292194,3.0782463385965108e+23,1.5408780482599425e-267,220666761.4818545,1564.5273389063484,2.7190320643253658,0
1522,0.73353234413147528,0.00020375898448096535,700,4.3917374757656313,3.0154135618878044,3.0773487296222933e+23,4.1538157102088795e-273,218649087.06988585,1550.2220273254907,2.7441230514181134,0
1523,0.73367060461380207,0.00020379739017050056,700,4.3920137561634398,3.0159285110537071,3.0763945280685398e+23,9.9047004184002068e-279,216667235.43866664,1536.1706992601464,2.7692234997378997,0
1524,0.73382175879711364,0.00020383937744364268,700,4.3922824285618685,3.01646555664786,3.07537198325591e+23,2.139166136592168e-284,214723764.49675775,1522.3914902820125,2.794287820941495,0
1525,0.73398876101237809,0.00020388576694788281,700,4.3925431969206414,3.0170301274955786,3.0742655611894742e+23,4.6392749882125343e-290,212821944.23682129,1508.9075846390629,2.8192581462950064,0
1526,0.73417564374200905,0.00020393767881722474,700,4.3927956219454556,3.0176294989689998,3.0730542307233215e+23,0,210966170.84431592,1495.7501512861998,2.8440578771407599,0
1527,0.73438809389366233,0.00020399669274823954,700,4.3930390574129774,3.0182737461202107,3.0717085798153588e+23,0,209162470.91577303,1482.9619187928306,2.8685834383817927,0
1528,0.73463445748199008,0.00020406512707833057,700,4.3932725442490534,3.0189773853152926,3.0701858202971429e+23,0,207419358.80170602,1470.6032539040955,2.8926904579509527,0
1529,0.73492761462954614,0.00020414655961931838,700,4.3934946311280294,3.0197624078773457,3.0684205211119841e+23,0,205749249.36110041,1458.7621779702017,2.9161710279047943,0
1530,0.73528876978254398,0.0002042468804951511,700,4.3937030340073155,3.020664336659594,3.0663060072942039e+23,0,204171155.68234482,1447.5734937878249,2.93871089672185,0
1531,0.7357560263590126,0.0002043766739886146,700,4.3938938985551523,3.021745769113847,3.0636525663553914e+23,0,202716501.20893654,1437.2599935713602,2.9597985187283293,0
1532,0.73640718180575349,0.00020455755050159818,700,4.3940595854314539,3.0231318496833115,3.0600771697364254e+23,0,201446378.85037586,1428.2548260491646,2.9784600915842199,0
1533,0.73743993983832046,0.00020484442773286679,700,4.3941747788692149,3.0251309179589434,3.0546194809384271e+23,0,200559261.66135275,1421.9651651789911,2.9916344676872053,0
1534,0.73977479695809456,0.00020549299915502626,700,4.3936141532329929,3.0275341727058191,3.0447297141674324e+23,0,204845488.65729949,1452.3545145802534,2.9290369240387935,0
1535,0.74089066167570605,0.000205802961576585,700,4.3938539800244039,3.0300581870295127,3.0384701889214408e+23,0,203021481.98193491,1439.4223072519185,2.9553522816535676,0
1536,0.74213267746282241,0.00020614796596189511,700,4.3939976260516938,3.0325836692197408,3.0318415374701296e+23,0,201922152.17868209,1431.6280589468558,2.971442179702287,0
1537,0.7444139810355298,0.00020678166139875828,700,4.393031729246486,3.03532315092695,3.0216508938013519e+23,0,209216970.07432887,1483.3483178269914,2.8678361979280984,0
1538,0.74506826388142022,0.00020696340663372783,700,4.3935044930871472,3.0369582830168333,3.0179628822493817e+23,0,205674810.19956875,1458.2344043149424,2.9172264674405812,0
1539,0.74544817191748669,0.00020706893664374629,700,4.3937510495990235,3.0378712953468971,3.0158595780897897e+23,0,203806059.73299503,1444.9849635069345,2.9439752713243954,0
1540,0.74586249989372833,0.00020718402774825786,700,4.3939520430708274,3.0388054088431145,3.0136193104270892e+23,0,202271559.08321229,1434.1053538999749,2.9663092662135786,0
1541,0.74640864997674106,0.0002073357361046503,700,4.3941303408956838,3.0399525991239691,3.0107424124207838e+23,0,200901882.31966582,1424.3943456464306,2.9865324957249908,0
1542,0.74720973372603527,0.00020755825936834312,700,4.3942758988514781,3.0415100178639767,3.0066434420267539e+23,0,199777752.85196427,1416.4242677204265,3.003337415876338,0
1543,0.74863340169203429,0.00020795372269223175,700,4.3943139712627444,3.0440297662499693,2.99960976614841e+23,0,199482833.91855648,1414.3332924825654,3.0077776027834253,0
1544,0.75370773482109676,0.00020936325967252687,700,4.3731419742007658,3.0337775456534635,2.9903322604685011e+23,1.3394558111470636e-106,323874229.08183831,2296.2682841902338,1.8525709862774808,0
1545,0.7538398537452492,0.00020939995937368033,700,4.3748352549675538,3.0352473401095086,2.9887998804648351e+23,1.3067254830840374e-113,316027094.9573372,2240.6321032475207,1.8985713869913541,0
1546,0.75389306190905314,0.00020941473941918143,700,4.375500895620708,3.0358285212066343,2.9881904377737827e+23,1.3945784624801628e-116,312868719.21765196,2218.2392192531524,1.917737258938311,0
1547,0.75394576991922457,0.00020942938053311795,700,4.3761432921190915,3.036392918811138,2.9875946207466942e+23,1.4110072333139209e-119,309779632.88374108,2196.337597145724,1.936860710998316,0
1548,0.75399862654502259,0.00020944406292917295,700,4.376770636616425,3.0369476847134154,2.9870049349486456e+23,1.2490688856562121e-122,306723017.76411504,2174.6661959475755,1.9561622873097491,0
1549,0.75405166673208934,0.00020945879631446927,700,4.377383412776128,3.0374932453880552,2.9864209337471967e+23,9.645297428594199e-126,303698307.80078101,2153.2210023075377,1.9756448573746612,0
1550,0.75410492213592273,0.00020947358948220077,700,4.3779820345511435,3.038029970314112,2.9858422243343168e+23,6.4811662611084348e-129,300705201.73758966,2131.9998803195108,1.9953096804876354,0
1551,0.75415842567577474,0.0002094884515766041,700,4.3785669006910739,3.0385582201290795,2.9852684165897788e+23,3.7803035220882724e-132,297743407.21206433,2111.0007571335359,2.0151579698040361,0
1552,0.75421221173728625,0.00020950339214924617,700,4.3791383959906351,3.0390783480161523,2.9846991212793819e+23,1.9092273422422625e-135,294812641.98409849,2090.221631667258,2.0351908790680779,0
1553,0.75426631641528918,0.00020951842122646921,700,4.3796968926011894,3.0395907012475667,2.9841339479842804e+23,8.3281928430371468e-139,291912623.79014897,2069.6605026721559,2.0554095681429994,0
1554,0.75432077758573324,0.00020953354932937035,700,4.380242749379371,3.0400956209445837,2.9835725049502752e+23,3.1296639523409264e-142,289043073.76863384,2049.315393019614,2.0758151792984094,0
1555,0.75437563505114824,0.00020954878751420784,700,4.3807761003245478,3.0405933121176485,2.9830143983789787e+23,1.0139386850593132e-145,286204866.00416541,2029.1924999695327,2.0964004154676656,0
1556,0.75443095331831311,0.00020956415369953143,700,4.3812973829581701,3.0410842328385028,2.9824590087636565e+23,2.8211420318032972e-149,283397212.36688995,2009.2862356812495,2.1171697314482816,0
1557,0.75448679012987474,0.00020957966392496521,700,4.3818070246144938,3.0415688110631338,2.9819058119990914e+23,6.7136400591529215e-153,280619307.47629583,1989.5908900069373,2.1381280047905564,0
1558,0.75454319554333993,0.0002095953320953722,700,4.3823053371263399,3.0420473756682047,2.9813543835291693e+23,1.3629877150758107e-156,277870901.67562807,1970.1046928802029,2.1592761112511467,0
1559,0.75460022286839923,0.0002096111730189998,700,4.3827926201968328,3.0425202535652729,2.9808042885340776e+23,2.3545641712547608e-160,275151756.6210357,1950.825954443143,2.1806148264078691,0
1560,0.754657929126618,0.00020962720253517168,700,4.3832691624439795,3.0429877714142313,2.980255078992977e+23,3.4523867423206547e-164,272461656.65191334,1931.7531456620654,2.2021447251439756,0
1561,0.75471637581222051,0.00020964343772561682,700,4.3837352441539137,3.0434502592410095,2.9797062882523362e+23,4.2852949450326716e-168,269800361.65809941,1912.8845641559246,2.2238665519668253,0
1562,0.75477562868328485,0.000209659896856468,700,4.3841911318484428,3.0439080460289363,2.9791574349696882e+23,4.4918469765262772e-172,267167683.49972856,1894.2188760130753,2.245780597939008,0
1563,0.75483575928547275,0.00020967659980152022,700,4.3846370858139618,3.0443614684126481,2.9786080112180536e+23,3.9659793773177399e-176,264563414.65834826,1875.754609927689,2.26788726920095,0
1564,0.75489684498134069,0.00020969356805037242,700,4.3850733552848089,3.0448108671612926,2.9780574849440326e+23,2.942293156326338e-180,261987369.1574738,1857.4904473264892,2.290186744229473,0
1565,0.75495896997388512,0.00020971082499274585,700,4.3855001804227749,3.0452565907419222,2.9775052936382425e+23,1.8296932912095327e-184,259439371.85476008,1839.4251464502488,2.3126790498702459,0
1566,0.75502222619878401,0.00020972839616632889,700,4.3859177922642489,3.0456989970905588,2.9769508398035077e+23,9.5147302424230594e-189,256919258.72383615,1821.5575443519983,2.3353640477568991,0
1567,0.75508671434501551,0.0002097463095402821,700,4.3863264125589296,3.0461384555227418,2.9763934858796586e+23,4.1280854733646554e-193,254426884.36278066,1803.8866101321148,2.3582413529243067,0
1568,0.75515254521850061,0.00020976459589402795,700,4.386726254492272,3.0465753500237747,2.9758325469052663e+23,1.4910187760786817e-197,251962119.1295746,1786.4114246286838,2.3813103417003831,0
1569,0.7552198412277269,0.00020978328922992414,700,4.3871174319273782,3.0470100400997753,2.9752672830311628e+23,4.484794041732971e-202,249525406.13275889,1769.1351294812605,2.4045647667667662,0
1570,0.75528875399691742,0.00020980243166581039,700,4.3874999092614555,3.0474428950248384,2.9746967628053482e+23,1.1288977139827212e-206,247118137.5652183,1752.0675953373977,2.4279885155805316,0
1571,0.75535949639519595,0.00020982208233199888,700,4.3878741817437898,3.0478747183315908,2.974119620833858e+23,2.3549332498805084e-211,244738327.6040965,1735.194742713044,2.4515980225647214,0
1572,0.75543224748258631,0.00020984229096738507,700,4.3882404203079188,3.0483060007740077,2.9735348441046016e+23,4.0657204032372401e-216,242385965.87268162,1718.5164980373127,2.4753908413788395,0
1573,0.75550720977409913,0.00020986311382613864,700,4.3885987887420406,3.0487372750753128,2.9729413037579942e+23,5.803432207500908e-221,240061077.77816302,1702.0330414471757,2.4993639350167851,0
1574,0.75558461362220575,0.00020988461489505715,700,4.3889494435451359,3.0491691242758985,2.97233773325801e+23,6.8429884543855659e-226,237763690.33923069,1685.7445645051455,2.5235139946892082,0
1575,0.75566472124471817,0.0002099068670124217,700,4.3892925278631472,3.0496021845654893,2.9717227120763548e+23,6.6628828014801318e-231,235493894.82178211,1669.651714286435,2.5478367515814795,0
1576,0.75574783382417898,0.00020992995384004973,700,4.3896281738646934,3.0500371606250294,2.971094629083514e+23,5.3580111533870777e-236,233251840.08232999,1653.7555461837196,2.5723269740904091,0
1577,0.75583429987584172,0.0002099539721877338,700,4.3899565023884364,3.050474841184414,2.9704516413358339e+23,3.5610038264067258e-241,231037723.9641009,1638.0574629054754,2.5969784921064631,0
1578,0.75592452513373065,0.00020997903475936962,700,4.3902776198245306,3.0509161148924093,2.9697916274860139e+23,1.9588032387152477e-246,228851819.0615305,1622.5593971462511,2.6217838357609047,0
1579,0.75601898585052074,0.00021000527384736688,700,4.3905916164650103,3.0513619936808212,2.9691121235865523e+23,8.9393167361821526e-252,226694500.12530747,1607.2640058884299,2.6467338187223088,0
1580,0.75611824667197214,0.00021003284629777003,700,4.3908985658661965,3.0518136452980644,2.9684102360247865e+23,3.3964256079919593e-257,224566241.46744508,1592.1746520041854,2.6718174382723539,0
1581,0.75622298314052105,0.00021006193976125584,700,4.3911985203558501,3.0522724306702074,2.9676825350033042e+23,1.0795762187121005e-262,222467650.00014004,1577.2956385009927,2.6970213422024383,0
1582,0.75633401225881491,0.00021009278118300416,700,4.3914913890605085,3.0527399129108477,2.9669249093858727e+23,2.9053813092065557e-268,220400355.35103303,1562.638519438824,2.7223186598060436,0
1583,0.75645238366337908,0.00021012566212871641,700,4.3917769624538598,3.0532180864895149,2.9661320468355231e+23,6.7477205688078785e-274,218366858.10277152,1548.2210239486501,2.7476697023209344,0
1584,0.75657949665419322,0.00021016097129283144,700,4.3920554769672009,3.0537098370502971,2.9652968103394684e+23,1.3527201008089264e-279,216366496.56397349,1534.0384606385719,2.7730725853047997,0
1585,0.7567169867626401,0.00021019916298962226,700,4.3923268224820182,3.0542181787689087,2.9644111578881313e+23,2.3810166401972545e-285,214401082.71229473,1520.1036764301696,2.7984933303958228,0
1586,0.75686697058456165,0.00021024082516237822,700,4.3925908276030432,3.0547469446096476,2.9634647584800196e+23,0,212472894.44772556,1506.432821634374,2.8238896145297123,0
1587,0.75703224229246269,0.00021028673397012853,700,4.3928472269592351,3.0553010974120243,2.9624440845141927e+23,0,210584964.39128432,1493.0473975342056,2.8492062656721791,0
1588,0.75721659094777694,0.00021033794192993805,700,4.3930956286710492,3.0558872451649264,2.9613309385328813e+23,0,208741321.92426243,1479.9759724430205,2.8743709892653544,0
1589,0.7574253146167832,0.00021039592072688421,700,4.3933354550145181,3.0565144570864065,2.960100088571158e+23,0,206947469.33740875,1467.257557602228,2.8992864803857805,0
1590,0.75766610828850522,0.00021046280785791811,700,4.3935658515838156,3.0571956633670858,2.9587152036435525e+23,0,205211137.17408744,1454.9469625642798,2.9238179187662707,0
1591,0.757950694062139,0.00021054185946170527,700,4.3937855349932571,3.0579502005926189,2.9571214339139817e+23,0,203543490.08130118,1443.1233446764254,2.9477729784447666,0
1592,0.75829804322158334,0.00021063834533932872,700,4.393992507000859,3.0588087784360316,2.9552308476875501e+23,0,201961420.58536991,1431.9064719502726,2.9708644267848054,0
1593,0.75874145692661288,0.00021076151581294803,700,4.3941834651647111,3.0598242784470724,2.952890632959491e+23,0,200492231.10120592,1421.4899185075499,2.9926346607272163,0
1594,0.75934655929074268,0.00021092959980298408,700,4.3943522040204748,3.0610988299146258,2.9498028612850884e+23,0,199186298.38571638,1412.230855554729,3.0122553853484626,0
1595,0.76026948662555782,0.00021118596850709941,700,4.3944816902708386,3.0628691672836657,2.9452673236445034e+23,0,198179202.62747857,1405.0905466288229,3.0275628928017841,0
1596,0.76208564960510217,0.00021169045822363948,700,4.3943857985100996,3.0659218434816742,2.9367714515207088e+23,0,198925425.4812859,1410.3812666623169,3.0162056888823674,0
1597,0.76692711206642872,0.00021303530890734131,700,4.3714012008210066,3.0556292388788431,2.927827194539551e+23,4.0740535199358972e-100,331675799.64866734,2351.5814195090511,1.8089954124948493,0
1598,0.76704807563759758,0.00021306890989933265,700,4.3730512512488477,3.0569486582352723,2.9265437486065263e+23,3.0372056705872839e-106,324287316.63477641,2299.1970749405646,1.8502111221196502,0
1599,0.76710116766180769,0.00021308365768383546,700,4.3737587377588785,3.0575173049909838,2.9259872600906283e+23,4.573063030008242e-109,321046388.34899372,2276.2188933943653,1.8688888016636698,0
1600,0.76715376062629126,0.00021309826684063647,700,4.3744424025363804,3.0580697783487807,2.9254429282255393e+23,6.4734796261216495e-112,317871295.03929645,2253.7074818286119,1.8875564084068228,0
1601,0.76720641354732289,0.00021311289265203413,700,4.3751098289015227,3.0586121724010886,2.9249048046035516e+23,8.0648370935435621e-115,314729444.32455873,2231.4317602611213,1.9063993243074564,0
1602,0.76725915769745268,0.00021312754380484796,700,4.3757615395478817,3.0591449099427144,2.9243724868315699e+23,8.8176266800711579e-118,311620280.17648929,2209.3877864513092,1.9254202571802577,0
1603,0.76731202125195919,0.00021314222812554421,700,4.3763979892799272,3.0596683618417257,2.923845618430527e+23,8.4404870974887754e-121,308543483.2659266,2187.5732963554196,1.9446205560688301,0
1604,0.76736503321771243,0.00021315695367158679,700,4.3770196155907968,3.0601828880975654,2.9233238482066474e+23,7.0567590754295202e-124,305498754.12845832,2165.9861667707696,1.9640014628266131,0
1605,0.76741822379316371,0.00021317172883143437,700,4.3776268422655304,3.0606888410321549,2.9228068268175703e+23,5.1403626485837778e-127,302485778.22216183,2144.6241675951273,1.9835643299544738,0
1606,0.76747162412927605,0.00021318656225813223,700,4.3782200758888674,3.0611865626206507,2.9222942092674528e+23,3.2544053523044467e-130,299504268.58426499,2123.4852642624387,2.0033103462470052,0
1607,0.76752526684907874,0.00021320146301363299,700,4.3787997108364776,3.061676388907713,2.9217856501222656e+23,1.786285213310427e-133,296553929.45749342,2102.5673598536282,2.0232407680371032,0
1608,0.76757918593654884,0.00021321644053793023,700,4.3793661269284057,3.0621586483426535,2.9212808049068635e+23,8.4788613008203736e-137,293634476.36423916,2081.8684374224554,2.0433567864004138,0
1609,0.76763341699459153,0.00021323150472071987,700,4.3799196911066245,3.0626336634607001,2.9207793280468259e+23,3.4715432183859702e-140,290745626.47906095,2061.3864917365418,2.0636595888509817,0
1610,0.76768799734169146,0.00021324666592824763,700,4.380460739816936,3.0631017401207798,2.9202808724152244e+23,1.2232302281188355e-143,287887202.3670997,2041.1202647827367,2.0841496081333593,0
1611,0.76774296813264253,0.00021326193559240072,700,4.3809893401899886,3.0635630205832673,2.9197850714472001e+23,3.7157308405730587e-147,285060412.42608786,2021.0783241009628,2.1048169926280855,0
1612,0.76779840202290994,0.00021327733389525275,700,4.3815061144548695,3.0640180645759849,2.9192912976412767e+23,9.6645496019392556e-151,282263461.33456475,2001.2479408620641,2.1256736425010554,0
1613,0.76785434494514959,0.00021329287359587488,700,4.3820113784086692,3.0644671766641309,2.9187991837420641e+23,2.1468971159247587e-154,279496109.59074062,1981.6274169983508,2.1467203993592805,0
1614,0.767910845999488,0.00021330856833319111,700,4.3825054389350662,3.0649106615195234,2.9183083514546646e+23,4.0625773038170567e-158,276758110.03230774,1962.2150001290618,2.1679581491937423,0
1615,0.7679679574952345,0.00021332443263756513,700,4.3829885916091893,3.0653488224387098,2.9178184122255745e+23,6.5317473746741792e-162,274049230.30028069,1943.00904282899,2.1893876488635606,0
1616,0.76802573548096631,0.0002133404820780462,700,4.3834611222940492,3.0657819634896781,2.9173289639245283e+23,8.8993554148294162e-166,271369236.78370512,1924.0078887964692,2.2110096454235526,0
1617,0.76808423998030173,0.00021335673332786159,700,4.3839233058119493,3.0662103891043255,2.9168395902482543e+23,1.0248968442979716e-169,268717920.85034585,1905.210058828952,2.2328246590377252,0
1618,0.76814353584626771,0.00021337320440174102,700,4.3843754089929465,3.0666344078551946,2.9163498551772406e+23,9.9506624533919448e-174,266095056.46796101,1886.6139503578436,2.2548333214609819,0
1619,0.76820369273775058,0.00021338991464937517,700,4.3848176864748307,3.0670543295365755,2.9158593049847027e+23,8.1242081808797505e-178,263500453.99952576,1868.2182188566373,2.2770359249592786,0
1620,0.76826478636735196,0.00021340688510204222,700,4.3852503853747269,3.0674704708263567,2.9153674600532043e+23,5.5637800498230323e-182,260933922.33987573,1850.0215093897186,2.2994327246515636,0
1621,0.76832689898669926,0.00021342413860741646,700,4.3856737434884279,3.0678831549665158,2.9148738133865014e+23,3.1881547638712849e-186,258395281.91519687,1832.0225487787457,2.3220238216149585,0
1622,0.76839012025912012,0.00021344170007197782,700,4.3860879894024336,3.0682927135578013,2.9143778263251749e+23,1.5248671041343637e-190,255884364.88184088,1814.2201470122518,2.3448091495432344,0
1623,0.76845454825465132,0.00021345959673740313,700,4.386493342537257,3.0686994884869772,2.9138789237774896e+23,6.0733239662711844e-195,253401020.80759412,1796.6132375258421,2.3677884094065131,0
1624,0.76852029073474293,0.0002134778585374286,700,4.3868900138150018,3.0691038348527275,2.9133764877640075e+23,2.0097374496761674e-199,250945114.56359881,1779.2008622559156,2.3909610714813807,0
1625,0.76858746656541077,0.00021349651849039187,700,4.3872779524666825,3.0695060032877017,2.912869850824957e+23,5.552241689257593e-204,248518120.17605305,1761.9934720482161,2.4143108742934043,0
1626,0.76865625292620543,0.00021351562581283485,700,4.3876574613170867,3.0699065735953139,2.9123579555006362e+23,1.2750379991516179e-208,246119286.35824421,1744.9857402799512,2.4378422710305485,0
1627,0.76872682742746634,0.00021353522984096288,700,4.3880288522739788,3.0703061059829109,2.9118397985362174e+23,2.4214843075313336e-213,243747752.09049994,1728.1715623216444,2.4615611625301423,0
1628,0.76879936433435914,0.00021355537898176642,700,4.388392300674818,3.0707050583005904,2.9113144572180806e+23,3.7972923215655592e-218,241403471.68308759,1711.5506142330908,2.4854654981419442,0
1629,0.76887405958452504,0.00021357612766236808,700,4.3887479708652339,3.0711039222971861,2.9107809098649097e+23,4.9107280398092141e-223,239086431.88053194,1695.1228020329713,2.5095526972430262,0
1630,0.76895113474232291,0.00021359753742842302,700,4.3890960162680628,3.0715032308822505,2.9102380172471763e+23,5.2326459331935785e-228,236796674.22039142,1678.8884202225752,2.5338193704594345,0
1631,0.76903084248323039,0.00021361967846756399,700,4.3894365816233085,3.0719035698660901,2.9096844956113765e+23,4.5916090872919299e-233,234534268.58791417,1662.8479642883115,2.5582615436647482,0
1632,0.76911347221348825,0.0002136426311704134,700,4.3897698003630774,3.0723055862150956,2.9091188917532685e+23,3.3177080826656869e-238,232299331.2863864,1647.0022588204795,2.5828744175776377,0
1633,0.76919935753595414,0.00021366648820443171,700,4.3900957934104863,3.0727100006516284,2.9085395487964519e+23,1.9750165912069981e-243,230092045.52230635,1631.3526027531518,2.6076520752293137,0
1634,0.76928888617718449,0.00021369135727144015,700,4.3904146692719737,3.0731176256176163,2.9079445598705817e+23,9.6980802292761998e-249,227912659.52238855,1615.9007560137347,2.6325874186074345,0
1635,0.76938251213755593,0.00021371736448265441,700,4.3907265217668936,3.073529385334318,2.9073317128594565e+23,3.9361043711470695e-254,225761500.38631234,1600.6490377389546,2.6576719191416984,0
1636,0.76948077142918192,0.00021374465873032832,700,4.3910314274451245,3.0739463417469568,2.9066984190338561e+23,1.3246116008468124e-259,223639009.73407769,1585.6005790146107,2.6828950848666415,0
1637,0.76958430361978669,0.00021377341767216297,700,4.3913294446154669,3.0743697318877241,2.9060416141046687e+23,3.7123850016811189e-265,221545736.27499336,1570.7592701897029,2.708244401757526,0
1638,0.769693878961203,0.00021380385526700084,700,4.3916203009231314,3.0748008964523446,2.9053576373915423e+23,8.8405329730694194e-271,219484589.92287821,1556.1457425532064,2.7336771124151635,0
1639,0.76981056208199028,0.00021383626724499731,700,4.391904170055791,3.0752419799678408,2.9046413042137281e+23,1.7921973329896548e-276,217455339.44887108,1541.7583566924957,2.7591872497620331,0
1640,0.76993560020795726,0.00021387100005776591,700,4.392181108751803,3.0756953215350773,2.9038867057010093e+23,3.1164435444315935e-282,215458565.02851993,1527.6012260522061,2.7847581734361726,0
1641,0.77007052048197577,0.00021390847791165994,700,4.3924510323820813,3.0761636413476006,2.9030867245416564e+23,4.7269716943048507e-288,213495876.51312354,1513.6857644780459,2.8103587282310722,0
1642,0.77021728305757053,0.0002139492452937696,700,4.3927137942870642,3.0766503690101201,2.9022322884963791e+23,0,211569358.86375284,1500.0267543440077,2.8359494173558,0
1643,0.77037845710149333,0.00021399401586152592,700,4.3929691645248852,3.0771599232775979,2.9013115887221028e+23,0,209681752.03558868,1486.6436219323236,2.8614793332047497,0
1644,0.77055749468182066,0.00021404374852272796,700,4.3932167990186235,3.0776981446742604,2.9003088680345843e+23,0,207836707.06659976,1473.562253102192,2.8868817663076927,0
1645,0.77075917313281683,0.00021409977031467135,700,4.3934561919681698,3.0782729878932575,2.8992024734120486e+23,0,206039166.60170078,1460.8176912060585,2.9120676903138243,0
1646,0.77099034267128452,0.00021416398407535681,700,4.3936865976863277,3.0788956796551727,2.8979615826420995e+23,0,204296004.30758715,1448.4586705407928,2.9369150024913981,0
1647,0.77126126990041322,0.00021423924163900367,700,4.3939069032075917,3.0795827841445087,2.8965403501429121e+23,0,202617056.91665778,1436.5549335391033,2.9612511855149353,0
1648,0.77158822760082246,0.00021433006322245067,700,4.3941153979423397,3.0803601466573629,2.8948666851391266e+23,0,201016980.68658736,1425.2103930679043,2.9848224659959501,0
1649,0.77199898334178862,0.00021444416203938573,700,4.3943093189878812,3.0812711771197199,2.8928186023908492e+23,0,199518893.24882269,1414.5889531341529,3.00723400290584,0
1650,0.77254603773105346,0.0002145961215919593,700,4.394483739648555,3.0823966221795547,2.8901675238051082e+23,0,198163227.87139839,1404.9772856082145,3.0278069571483806,0
1651,0.77334568980894236,0.00021481824716915065,700,4.3946271848844818,3.0839119062209615,2.8864121400642723e+23,0,197042420.42058876,1397.0307607819743,3.0450295866204584,0
1652,0.774751510057619,0.00021520875279378306,700,4.3946740177413686,3.0863254180994373,2.880051661101284e+23,0,196675331.25796315,1394.4280986189588,3.0507130516181942,0
1653,0.77978302790609666,0.0002166063966405824,700,4.376707497060587,3.0771799866780962,2.8715677472057112e+23,2.5759177827251953e-122,307032469.2803396,2176.8602071976075,1.9541907128140343,0
1654,0.77992301335487957,0.00021664528148746654,700,4.3782521246436454,3.0786350826906097,2.8700831019060667e+23,2.16928228678441e-130,299342106.83887643,2122.3355374876337,2.0043955938445883,0
1655,0.77997750173495839,0.00021666041714859955,700,4.3788382264517507,3.0791907887902377,2.8695127320920244e+23,1.0737840773158662e-133,296356561.40481389,2101.1680203601304,2.0245882094050165,0
1656,0.78003158896730274,0.00021667544137980632,700,4.3794040067293727,3.0797310102685724,2.8689543751747423e+23,5.0302241940702646e-137,293437929.16714042,2080.4749177950257,2.0447254439907243,0
1657,0.78008596801941021,0.00021669054667205838,700,4.3799569096634547,3.0802628168245056,2.8684007624449008e+23,2.0331545627619379e-140,290550112.80310553,2060.000299774018,2.0650482431806751,0
1658,0.78014068008462578,0.00021670574446795159,700,4.3804973006985284,3.080786584199934,2.8678514659771245e+23,7.071265360783796e-144,287692779.06133717,2039.7418035448804,2.0855580802466984,0
1659,0.78019576733558271,0.00021672104648210632,700,4.3810252971120036,3.0813025254304613,2.8673060687400216e+23,2.1183606964156733e-147,284866879.29792035,2019.7061742222552,2.1062469651745865,0
1660,0.78025129843924168,0.00021673647178867825,700,4.3815414911188091,3.0818112343472444,2.8667639188668603e+23,5.4311412728391814e-151,282070764.030994,1999.8817169797471,2.1271258014321255,0
1661,0.78030731794967401,0.00021675203276379833,700,4.3820461976761838,3.0823130456681844,2.8662246260484951e+23,1.1886400218060554e-154,279304192.16025865,1980.2667224162337,2.1481954687444613,0
1662,0.78036387344447977,0.00021676774262346661,700,4.3825397230143199,3.0828082933171372,2.8656877909252063e+23,2.2148317452244593e-158,276566919.60713828,1960.8594600146102,2.1694568564175949,0
1663,0.78042101564965571,0.00021678361545823769,700,4.3830223631838052,3.0832973095623672,2.865153005258041e+23,3.5044336688774548e-162,273858706.12391645,1941.6582264185677,2.1909108112433353,0
1664,0.78047879872499859,0.00021679966631249961,700,4.3834944036460595,3.0837804253704615,2.8646198506678822e+23,4.6961062172559654e-166,271179320.36337239,1922.6613813763099,2.2125580932794486,0
1665,0.78053728069251049,0.00021681591130347515,700,4.3839561198882073,3.0842579717211995,2.8640878962822839e+23,5.3156037270956441e-170,268528535.11812347,1903.8673139874954,2.2343994083759662,0
1666,0.78059652380582922,0.00021683236772384145,700,4.3844077769873113,3.0847302800528071,2.8635566971622551e+23,5.0691322877552897e-174,265906142.51902363,1885.2745504598774,2.2564352756803068,0
1667,0.78065659531357678,0.00021684905425377134,700,4.3848496316388115,3.0851976854085796,2.8630257895184718e+23,4.06202156468332e-178,263311932.07998717,1866.8815984471089,2.2786662011873275,0
1668,0.78071756779495283,0.00021686599105415357,700,4.3852819303902262,3.085660525714621,2.8624946901110681e+23,2.7280926507848431e-182,260745709.01114118,1848.6870768889908,2.3010925175929282,0
1669,0.78077951998094774,0.00021688319999470772,700,4.3857049108413273,3.0861191443485114,2.861962891710801e+23,1.5317746223205993e-186,258207297.83256507,1830.6897416328864,2.3237143374199705,0
1670,0.78084253777205892,0.00021690070493668304,700,4.3861188030976201,3.0865738933443372,2.8614298574407476e+23,7.1719436027160399e-191,255696508.9282442,1812.8882483012512,2.346531841654425,0
1671,0.78090671453004823,0.0002169185318139023,700,4.3865238257917643,3.0870251307478997,2.8608950217391964e+23,2.7935427913467221e-195,253213198.94110262,1795.2815804924176,2.3695447255873892,0
1672,0.78097215300640555,0.00021693670916844598,700,4.3869201915420426,3.0874732287790754,2.8603577781793518e+23,9.0306252845413969e-200,250757217.62866068,1777.868672987204,2.3927526620131956,0
1673,0.78103896609726287,0.0002169552683603508,700,4.3873078291052181,3.0879184393926993,2.8598174781975481e+23,2.4357505455348786e-204,248330158.44319677,1760.6608233622651,2.4161382723767901,0
1674,0.78110732745218181,0.00021697425762560606,700,4.3876870950922884,3.0883614195927889,2.8592730405853411e+23,5.4494409918823381e-209,245930939.19640017,1743.6503589024769,2.4397093019713174,0
1675,0.78117740096564836,0.00021699372249045788,700,4.3880582734225761,3.0888027195030627,2.8587235285011892e+23,1.0066947863883801e-213,243558852.03828463,1726.8322609514378,2.4634703069863662,0
1676,0.7812493503644713,0.00021701370843457536,700,4.3884215386137502,3.0892428005959207,2.8581680695763077e+23,1.5331099449813522e-218,241213856.41421926,1710.2062419768145,2.4874192922385978,0
1677,0.78132335984994183,0.00021703426662498385,700,4.3887770579156786,3.0896821587241421,2.8576056995314041e+23,1.9219849885245302e-223,238895922.47082901,1693.7720903181776,2.5115539595417937,0
1678,0.78139963710690807,0.00021705545475191892,700,4.3891249883171408,3.0901213272300194,2.8570353502280872e+23,1.9812390073494133e-228,236605059.02682677,1677.5298685002017,2.5358713903575949,0
1679,0.78147841781701177,0.00021707733828250328,700,4.3894654771163522,3.0905608857783431,2.8564558287135276e+23,1.6779380178552106e-233,234341304.44631052,1661.4798485243416,2.5603680982217316,0
1680,0.78155997071382222,0.00021709999186495061,700,4.3897986601845487,3.0910014681804987,2.8558657953122041e+23,1.1671590358575555e-238,232104758.04210559,1645.6227345185284,2.5850396392613173,0
1681,0.78164460484144971,0.00021712350134484715,700,4.3901246637180842,3.0914437771923247,2.8552637295476452e+23,6.6690289420446454e-244,229895560.72830668,1629.9595255636941,2.6098807567192965,0
1682,0.78173267760030263,0.00021714796600008407,700,4.3904436016297321,3.0918885969253824,2.8546478953938788e+23,3.1325703030014823e-249,227713912.08021981,1614.4916366487582,2.6348851263361985,0
1683,0.78182460529215936,0.00021717350147004426,700,4.3907555739989466,3.0923368104209086,2.8540162948952374e+23,1.2114569184822542e-254,225560087.45336056,1599.2210200443262,2.6600450761221794,0
1684,0.78192087691035894,0.00021720024358621082,700,4.3910606655534474,3.0927894230816135,2.8533666071797903e+23,3.8671603571735921e-260,223434465.50597298,1584.1503604373484,2.6853511549405988,0
1685,0.78202207269252644,0.0002172283535257018,700,4.3913589451736845,3.0932475953564866,2.8526961056304254e+23,1.0225866330482961e-265,221337507.58701223,1569.2829287919164,2.710792249091031,0
1686,0.78212888657753932,0.00021725802404931648,700,4.3916501166000339,3.0937125457741441,2.8520015631885906e+23,2.2868528792973975e-271,219272272.16820228,1554.6404096725541,2.736324087250503,0
1687,0.7822422941002487,0.00021728952613895796,700,4.391934444654721,3.09418637752482,2.8512782648355773e+23,4.3137993434497204e-277,217237879.13271263,1540.2165630509326,2.7619492622345776,0
1688,0.78236339365810847,0.00021732316490503012,700,4.392211973105935,3.0946711830698836,2.8505211393725625e+23,6.9145946823828231e-283,215234972.20784494,1526.0159529536206,2.787651067320978,0
1689,0.78249352881140344,0.00021735931355872318,700,4.3924826449558907,3.0951693990245324,2.8497240889571178e+23,9.5368476308051975e-289,213264933.86780548,1512.0483811227407,2.8134020399805451,0
1690,0.78263440558672936,0.00021739844599631371,700,4.3927463516838419,3.0956840547295927,2.8488794354230928e+23,0,211329550.04469025,1498.3265098168538,2.8391675460110375,0
1691,0.78278823257022379,0.00021744117571395106,700,4.3930029170587774,3.0962189934542477,2.8479773208124019e+23,0,209431124.07525986,1484.8666696935923,2.8649036892166406,0
1692,0.78295793188210161,0.0002174883144116949,700,4.3932520700378497,3.0967791983418471,2.847004812438614e+23,0,207572729.74810866,1471.6906539140903,2.8905531122903536,0
1693,0.78314747695812892,0.00021754096582170249,700,4.393493412208044,3.0973713182060747,2.8459444700423671e+23,0,205758448.32376948,1458.8273986155255,2.9160406529498855,0
1694,0.78336244085627382,0.00021760067801563163,700,4.3937263557963835,3.0980044989523243,2.8447720439673104e+23,0,203993894.97498053,1446.316715372612,2.9412644926142955,0
1695,0.78361095316615481,0.00021766970921282077,700,4.3939500335616035,3.0986918315486154,2.8434524709087965e+23,0,202286949.58374488,1434.214472548751,2.9660835819347091,0
1696,0.7839054605203909,0.00021775151681121968,700,4.3941631381545703,3.0994529791266938,2.8419325586051821e+23,0,200649062.56810713,1422.6018536078793,2.9902955554369437,0
1697,0.78426624623993502,0.00021785173506664861,700,4.3943636261684142,3.1003193742447133,2.8401264506229289e+23,0,199097634.41531447,1411.6022280045795,3.0135968303290315,0
1698,0.78472924920377041,0.00021798034700104733,700,4.3945480403799415,3.1013456186511852,2.8378835466822995e+23,0,197661477.67112795,1401.4198766882969,3.0354928389146658,0
1699,0.7853664905798825,0.0002181573584944118,700,4.394709752732803,3.1026389792117075,2.834905186509487e+23,0,196394839.40616155,1392.4394113896853,3.0550700915269364,0
1700,0.78635454629544088,0.00021843181841540025,700,4.3948293536727103,3.1044552136835168,2.8304682426753046e+23,0,195453628.96770948,1385.7662293810602,3.0697818360749127,0
1701,0.78840636241794138,0.00021900176733831705,700,4.3946103818620195,3.1073740170602866,2.8221050652312587e+23,0,197173985.19315407,1397.9635550194623,3.0429977839735427,0
1702,0.79075799608411679,0.00021965499891225465,700,4.393635164834504,3.1096471403100994,2.8135340332077415e+23,0,204686250.88535181,1451.2255187771441,2.9313155984085615,0
1703,0.7913987442928565,0.00021983298452579348,700,4.3940993183893271,3.1112367218349406,2.8103666852298109e+23,0,201140768.82566744,1426.088050973982,2.9829855155820324,0
1704,0.79176225082077012,0.00021993395856132502,700,4.3943353539045358,3.1121008275766178,2.8086052260540534e+23,0,199317032.77124202,1413.1577623481057,3.010279611620676,0
1705,0.79215952893763852,0.00022004431359378849,700,4.3945312589525711,3.1129824388090399,2.8067309735130947e+23,0,197792529.41721448,1402.3490335680506,3.0334816070549735,0
1706,0.79267496659417047,0.0002201874907206029,700,4.394707465932215,3.1140423522114928,2.8043694366070679e+23,0,196412799.0148555,1392.5667450153255,3.0547907417918294,0
1707,0.7934087226429174,0.00022039131184525484,700,4.3948568575083042,3.1154306826959739,2.801113667321644e+23,0,195236653.180673,1384.2278710509715,3.0731934307681299,0
1708,0.79462673550360996,0.00022072964875100275,700,4.3949423224612181,3.117525322234616,2.7959037435843568e+23,0,194561132.73281831,1379.4384310756816,3.0838636246220457,0
1709,0.79813481527546704,0.0002217041153542964,700,4.3919026345461223,3.1163569931134139,2.7879259674764051e+23,1.9367344622486448e-276,217466361.6881153,1541.8365043687375,2.7590474009056383,0
1710,0.79846787867596236,0.00022179663296554509,700,4.3925849336302534,3.1179780566613933,2.7855702633733286e+23,0,212516118.03885409,1506.7392768954753,2.8233152644464483,0
1711,0.79861086424586381,0.00022183635117940662,700,4.3928573514018368,3.1186463242208826,2.7845836647043014e+23,0,210510106.06313992,1492.516651987662,2.8502194560675265,0
1712,0.79876091273934169,0.00022187803131648381,700,4.3931133729629108,3.1193106095054874,2.7835797506600042e+23,0,208609064.89815617,1479.0382701279273,2.8761933250260365,0
1713,0.79892556712184726,0.00022192376864495756,700,4.3933621050961644,3.119998567295156,2.7825132196287527e+23,0,206747282.25504825,1465.838231188292,2.9020937709828085,0
1714,0.79910841255882903,0.00022197455904411918,700,4.3936033578145839,3.1207166286078061,2.7813685657147149e+23,0,204927260.69072068,1452.9342782972094,2.9278681517415537,0
1715,0.79931428932020854,0.00022203174703339126,700,4.3938366480845525,3.1214729369341581,2.7801253940447136e+23,0,203153775.91643512,1440.3602712475249,2.9534277534019489,0
1716,0.79955012242153611,0.00022209725622820446,700,4.3940612626026576,3.1222787975065507,2.778754922886096e+23,0,201433487.14572495,1428.1634238631898,2.9786507124604178,0
1717,0.7998262660829587,0.00022217396280082186,700,4.3942761398078574,3.1231506147833983,2.7772147094654636e+23,0,199775885.08419475,1416.4110252469409,3.0033654950252497,0
1718,0.80015907723016588,0.00022226641034171275,700,4.3944796519938834,3.1241135174578503,2.7754386613672526e+23,0,198195090.00356174,1405.2031881252526,3.0273202024793724,0
1719,0.80057634532571498,0.00022238231814603193,700,4.3946689843839222,3.125208825442666,2.7733161353446011e+23,0,196714809.01931155,1394.7079959469186,3.0501008184955603,0
1720,0.80113085365622205,0.00022253634823783946,700,4.3948395954566584,3.1265130383143318,2.7706397760636583e+23,0,195372855.89408061,1385.1935482890315,3.0710509771392394,0
1721,0.80193815365881771,0.00022276059823856048,700,4.3949807841266093,3.1281871067012674,2.7669636372209484e+23,0,194256495.32113302,1377.2785518268329,3.0886998090237165,0
1722,0.80334292621149672,0.00022315081283652688,700,4.3950340004801154,3.1306765031895676,2.7609908340264807e+23,0,193834338.1526072,1374.2854575019851,3.0954267738031822,0
1723,0.80833184731066643,0.00022453662425296289,700,4.3796826542690974,3.1227940179862914,2.7528910579416718e+23,1.024420323990284e-138,291987006.06246638,2070.1878729828863,2.0548859625336844,0
1724,0.80848025898059339,0.00022457784971683148,700,4.381094527128127,3.1242379005841219,2.7514573424055386e+23,7.1498690063983096e-148,284493810.80285752,2017.0611185922596,2.1090089738921431,0
1725,0.80853660637323743,0.00022459350177034374,700,4.3816161274465468,3.1247751554610113,2.7509204417075663e+23,1.601394172038681e-151,281663695.91729331,1996.9956040536094,2.1301999820956046,0
1726,0.80859268542129437,0.00022460907928369288,700,4.3821197060600499,3.1252980129754087,2.7503939303090023e+23,3.3930112424535772e-155,278898511.56567889,1977.3904470006632,2.1513201939720772,0
1727,0.80864924715839503,0.00022462479087733195,700,4.3826121073534452,3.1258135514984278,2.7498706986884143e+23,6.118096879518466e-159,276162746.40700465,1957.9938720256628,2.1726319273915702,0
1728,0.80870634359669769,0.0002246406509990827,700,4.3830936699765726,3.1263221561749894,2.7493503189941263e+23,9.3563248811189683e-163,273455916.28328222,1938.8024464484708,2.1941379369479055,0
1729,0.80876402493663746,0.0002246566735935104,700,4.3835646789229177,3.1268241642255408,2.7488324021884477e+23,1.2102789486061362e-166,270777790.12338293,1919.8145319747848,2.2158390454645605,0
1730,0.80882234491421778,0.00022467287358728271,700,4.38402541045149,3.1273199123483595,2.7483165494604704e+23,1.3205612530874098e-170,268128123.75239938,1901.0283974045117,2.2377361673334382,0
1731,0.80888136074480366,0.00022468926687355657,700,4.3844761289122109,3.1278097339919189,2.7478023542516646e+23,1.2121837198603226e-174,265506709.1178138,1882.4425676452995,2.2598299003199984,0
1732,0.8089411341921553,0.00022470587060893202,700,4.3849170917929348,3.128293965683933,2.747289394659704e+23,9.3351319158461185e-179,262913318.84304023,1864.055430597155,2.2821209767550847,0
1733,0.8090017314558019,0.00022472270318216721,700,4.3853485453186698,3.1287729431479541,2.7467772364445378e+23,6.0153750962226633e-183,260347757.97928289,1845.8656040731155,2.3046098213288428,0
1734,0.80906322429330557,0.00022473978452591822,700,4.3857707285850518,3.1292470069654041,2.7462654257437755e+23,3.2346097638642201e-187,257809821.60838047,1827.8716352034176,2.3272969053576822,0
1735,0.8091256902307844,0.0002247571361752179,700,4.3861838705390355,3.1297165004445908,2.7457534899183377e+23,1.4476630292696693e-191,255299332.52025178,1810.0722675685852,2.3501824077522984,0
1736,0.8091892137578095,0.00022477478159939153,700,4.386588192937988,3.1301817744452305,2.7452409306352948e+23,5.3785670632845407e-196,252816112.02075678,1792.4662342271654,2.3732664631387834,0
1737,0.8092538869156205,0.00022479274636545013,700,4.3869839085010334,3.1306431868834741,2.7447272224929662e+23,1.654693515546501e-200,250359997.73775783,1775.0523839607029,2.3965489911390563,0
1738,0.80931981044269463,0.00022481105845630406,700,4.3873709089387525,3.1311009469885649,2.7442118080959247e+23,4.2417639613964776e-205,247932818.75780183,1757.843684992815,2.4200104004227132,0
1739,0.80938715037116682,0.00022482976399199078,700,4.387749655531648,3.1315557757569108,2.7436936746216833e+23,8.9792963482974863e-210,245532813.28471467,1740.8276461886269,2.4436652355066397,0
1740,0.80945604255607884,0.00022484890071002191,700,4.3881203723962852,3.1320081236345105,2.7431721012083953e+23,1.5647507972389068e-214,243159644.07812738,1724.001876513923,2.4675147155883295,0
1741,0.80952663086101917,0.00022486850857250532,700,4.3884832381427721,3.1324584175818901,2.742646359639303e+23,2.240233825930927e-219,240813225.50636244,1707.3657688401095,2.4915575078501973,0
1742,0.80959907572486511,0.00022488863214579585,700,4.3888384226744046,3.132907108745338,2.7421156556962835e+23,2.6304302806561376e-224,238493504.46638882,1690.9189466666967,2.5157917878830895,0
1743,0.80967355722139633,0.00022490932145038787,700,4.3891860882936431,3.1333546790655666,2.7415791155244638e+23,2.5290224230888452e-229,236200438.93701491,1674.6611120634354,2.5402154318603771,0
1744,0.80975027793411913,0.00022493063275947755,700,4.3895263871928893,3.133801644187256,2.7410357752325697e+23,1.988475829289101e-234,233934027.72806984,1658.592256592015,2.5648256725500977,0
1745,0.80982946738247064,0.00022495262982846407,700,4.3898594627063057,3.1342485624943124,2.7404845616369779e+23,1.2773580224505087e-239,231694299.47337046,1642.7125832661964,2.589619172175448,0
1746,0.8099113868908886,0.00022497538524746905,700,4.3901854480084834,3.134696042613589,2.739924272839856e+23,6.7006965148775609e-245,229481336.97388825,1627.0226791448677,2.6145917045457669,0
1747,0.80999633635713753,0.0002249989823214271,700,4.3905044673417279,3.1351447565207984,2.7393535493409161e+23,2.8701197884195854e-250,227295251.40622577,1611.5233324701405,2.6397383855928878,0
1748,0.81008466140064683,0.00022502351705573523,700,4.3908166322800302,3.1355954486395823,2.738770847019794e+23,1.0043994043346746e-255,225136225.85964242,1596.2158413448644,2.6650531148819221,0
1749,0.81017676390946636,0.00022504910108596288,700,4.3911220426704585,3.1360489551584139,2.7381743930191091e+23,2.8753529987251403e-261,223004503.47042179,1581.1019296052903,2.6905286245915701,0
1750,0.81027311451474004,0.00022507586514298336,700,4.3914207772536864,3.1365062204614715,2.7375621364289706e+23,6.750420279182678e-267,220900459.17438307,1566.1842555463759,2.7161555129514166,0
1751,0.81037427157206421,0.0002251039643255734,700,4.391712508941235,3.1369681792392523,2.7369316681857911e+23,1.3279867762152738e-272,218827359.89122909,1551.4859816288142,2.7418874874615202,0
1752,0.81048104857000391,0.00022513362460277887,700,4.3919976669569625,3.1374367178840123,2.7362792649531266e+23,2.1647446807024329e-278,216783110.97377157,1536.9922568040404,2.7677432863881797,0
1753,0.81059428062113104,0.00022516507795031419,700,4.3922762615784752,3.1379133680460747,2.7356014014932407e+23,2.9460520099748711e-284,214768555.11589947,1522.7090557717272,2.7937050639289867,0
1754,0.81071499548698278,0.00022519860985749523,700,4.3925482839045413,3.1383999796794964,2.7348937716002936e+23,3.1412685171548406e-290,212784689.29118562,1508.643447074506,2.8197517499904743,0
1755,0.81084447135628357,0.00022523457537674543,700,4.3928136900831891,3.1388988015666923,2.7341510671103291e+23,0,210832772.18530595,1494.8043547938191,2.8458573768249162,0
1756,0.81098432235904161,0.00022527342287751155,700,4.3930723892242245,3.1394126100859094,2.7333666442541022e+23,0,208914420.10048252,1481.203238512421,2.8719893998289598,0
1757,0.81113662438624923,0.00022531572899618034,700,4.3933242282629505,3.1399448991033663,2.7325320333652398e+23,0,207031751.1202338,1467.8551154424576,2.8981061926658276,0
1758,0.81130410659221719,0.00022536225183117145,700,4.3935689729916785,3.1405001696536217,2.7316361936131283e+23,0,205187525.75889748,1454.779557630583,2.9241543694279981,0
1759,0.81149044639738233,0.00022541401288816176,700,4.3938062742028619,3.1410843645927522,2.7306643767081693e+23,0,203385444.63007906,1442.0028024272603,2.9500636148830131,0
1760,0.81170075215731585,0.00022547243115480996,700,4.3940356206212066,3.1417055791393089,2.7295962723017864e+23,0,201630516.47588766,1429.5603618140435,2.975740034231138,0
1761,0.81194238061881141,0.00022553955017189206,700,4.3942562583853721,3.1423752438168888,2.7284028914492924e+23,0,199929749.32846341,1417.5019227388054,3.0010541303398699,0
1762,0.81222642136954315,0.00022561845038042866,700,4.3944670617262416,3.1431102592646867,2.7270409321846893e+23,0,198293194.42937684,1405.8987485042817,3.0258224530932809,0
1763,0.81257057938002086,0.00022571404982778357,700,4.3946660911261501,3.1439370224388803,2.7254419146107382e+23,0,196737500.53934312,1394.8688788239426,3.0497490227086286,0
1764,0.81300581144724016,0.00022583494762423338,700,4.3948506153091742,3.1449011474871607,2.7234870535267536e+23,0,195285915.28072619,1384.5771393403486,3.0724181984015169,0
1765,0.81359134159162472,0.00022599759488656243,700,4.3950154193188178,3.1460877736706956,2.7209517892733615e+23,0,193981829.65868902,1375.331172280105,3.0930732071952298,0
1766,0.81446231361070576,0.00022623953155852938,700,4.3951475850300605,3.1476864678346002,2.717329631814624e+23,0,192930742.73421347,1367.8789659855734,3.1099242738446096,0
1767,0.81606101372417039,0.00022668361492338067,700,4.395152631452957,3.1502732441274564,2.7109986524638825e+23,0,192890515.14056161,1367.5937523465816,3.1105728530133936,0
1768,0.82103594266520519,0.00022806553962922366,700,4.378759450882745,3.1417936700160167,2.7035097528116051e+23,3.0564822312660835e-133,296760059.97583139,2104.0288252286446,2.0218354183135863,0
1769,0.82117807866986936,0.0002281050218527415,700,4.3801804713366019,3.1431848360797683,2.7021929556592194e+23,7.8825098411081453e-142,289372254.30769891,2051.649283041585,2.0734537989326389,0
1770,0.82123375178572477,0.00022812048660714578,700,4.380722626452779,3.1437190563874764,2.7016841340334966e+23,2.3207649449257282e-145,286490981.41954941,2031.2210582646053,2.0943067632601489,0
1771,0.82128910872767114,0.00022813586353546421,700,4.3812462801813616,3.144238747331805,2.7011854643909054e+23,6.4384622419776137e-149,283673948.05138916,2011.2482916843489,2.1151043446940236,0
1772,0.82134485291036863,0.00022815134803065795,700,4.3817582243786148,3.1447506225209239,2.7006905299805804e+23,1.5266415549574261e-152,280886733.51434988,1991.4869406167406,2.1360923404712784,0
1773,0.82140103014818888,0.00022816695281894137,700,4.3822588156103066,3.1452550606697609,2.7001989419523508e+23,3.0835353496127638e-156,278128857.80489534,1971.9336018367078,2.1572734477660496,0
1774,0.82145768430028143,0.00022818269008341151,700,4.3827483585075342,3.1457523950405042,2.6997103473251149e+23,5.2907989482611547e-160,275400056.22587663,1952.5863986414652,2.1786487926781475,0
1775,0.82151486162233989,0.00022819857267287219,700,4.3832271451219329,3.1462429529015381,2.6992243906463415e+23,7.6908881596343052e-164,272700089.40337592,1933.4436338699352,2.2002193006709452,0
1776,0.82157261144617932,0.00022821461429060536,700,4.3836954585888623,3.1467270597971759,2.6987407091908281e+23,9.445413698362385e-168,270028716.30689454,1914.5035986158821,2.2219858991518691,0
1777,0.82163098633517873,0.00022823082953754966,700,4.3841535719241174,3.1472050389294313,2.6982589328775858e+23,9.773883842055902e-172,267385709.04990518,1895.7646771638276,2.2439493947973688,0
1778,0.82169004259030076,0.00022824723405286132,700,4.3846017492985201,3.1476772131913933,2.6977786814368817e+23,8.4977245239545819e-176,264770831.3938154,1877.2251945821511,2.2661106468618923,0
1779,0.82174984031632914,0.00022826384453231366,700,4.3850402436687697,3.1481439034002814,2.6972995653587087e+23,6.190910699616386e-180,262183879.60744274,1858.883706416769,2.288470217537232,0
1780,0.82181044446011109,0.00022828067901669753,700,4.3854693010903638,3.1486054337803933,2.6968211792634235e+23,3.7690621746125812e-184,259624644.15356284,1840.7387270487604,2.3110286851086133,0
1781,0.82187192504502471,0.0002282977569569513,700,4.3858891585231978,3.1490621306281108,2.6963431020962728e+23,1.9122742852104961e-188,257092920.4551546,1822.7888060270459,2.3337865505505415,0
1782,0.82193435769964918,0.00022831509936101365,700,4.3863000433224375,3.1495143229281419,2.695864895175251e+23,8.0640651298305392e-193,254588528.75122562,1805.0326688461894,2.3567440486931663,0
1783,0.8219978247589832,0.00022833272909971757,700,4.386702175836283,3.1499623465227971,2.6953860962712015e+23,2.8189228898332423e-197,252111283.96759492,1787.4690033302477,2.379901409240853,0
1784,0.82206241571876271,0.00022835067103298964,700,4.3870957113048492,3.150406514462341,2.6949062190727491e+23,8.1597459790613353e-202,249661374.32185766,1770.0991439419709,2.4032552157086737,0
1785,0.82212823801476198,0.00022836895500410055,700,4.3874806192558502,3.1508470897849676,2.6944246793747689e+23,1.9642207044928421e-206,247240142.23762771,1752.9326084647805,2.4267903851281858,0
1786,0.82219545137250349,0.00022838762538125097,700,4.3878573787343242,3.151284760462183,2.6939405601200743e+23,3.8937819757593319e-211,244845687.29266471,1735.9559229049928,2.4505230483509326,0
1787,0.82226418058708362,0.00022840671682974545,700,4.3882261715000892,3.1517199076458802,2.6934532467011202e+23,6.3434659177803225e-216,242477933.4526397,1719.1685481792153,2.4744519695322742,0
1788,0.82233456509090108,0.00022842626808080584,700,4.3885871764753475,3.1521529373568686,2.6929620659562389e+23,8.4747237614783693e-221,240136773.3450498,1702.5697230164028,2.4985760891267859,0
1789,0.8224067596733452,0.00022844632213148478,700,4.3889405618784449,3.1525842750657698,2.6924662877846102e+23,9.2681423575088995e-226,237822158.6283184,1686.1591046747774,2.5228935918360453,0
1790,0.82248093820212587,0.0002284669272783683,700,4.3892864905995861,3.1530143768924357,2.6919651070636978e+23,8.2826301916134581e-231,235534028.89899734,1669.9362648938911,2.5474026101650664,0
1791,0.82255729561979163,0.00022848813767216433,700,4.3896251144229783,3.1534437281297176,2.691457639039904e+23,6.0402171664953952e-236,233272374.43128982,1653.9011347178446,2.5721005389634315,0
1792,0.8226360524607621,0.00022851001457243391,700,4.3899565770643614,3.1538728537248306,2.6909428995439863e+23,3.590693239221826e-241,231037215.92160642,1638.0538608841896,2.5969842027683838,0
1793,0.82271745948936326,0.00022853262763593423,700,4.3902810132473267,3.1543023255517135,2.690419787052689e+23,1.7387613546163393e-246,228828610.32460356,1622.394847201439,2.6220497478391067,0
1794,0.82280180346300313,0.00022855605651750087,700,4.3905985478414369,3.1547327715437996,2.6898870603992224e+23,6.8566495696124284e-252,226646650.92824495,1606.9247550812565,2.6472925919825596,0
1795,0.82288941407199689,0.00022858039279777693,700,4.3909092938659811,3.155164885789544,2.6893433125807964e+23,2.2027640172246142e-257,224491506.1042186,1591.6447782789098,2.6727069117771172,0
1796,0.82298067400657049,0.0002286057427796029,700,4.3912133544545604,3.1555994474919644,2.68878692978637e+23,5.7703777131303745e-263,222363377.24532035,1576.5563446693213,2.6982860551630115,0
1797,0.82307602945073977,0.00022863223040298328,700,4.3915106881351962,3.1560372818493954,2.6882160537780404e+23,1.2421244997453142e-268,220263486.74898344,1561.6681210502925,2.7240102699535109,0
1798,0.82317605048826459,0.00022866001402451795,700,4.3918012241979838,3.1564794703941557,2.6876282643379439e+23,2.2197484312902093e-274,218193278.81602207,1546.9903468055963,2.7498555558437374,0
1799,0.82328146945502945,0.00022868929707084152,700,4.3920852609936709,3.1569275835717168,2.6870204216843093e+23,3.2736847656547861e-280,216151566.69996008,1532.5146079027168,2.775829984303837,0
1800,0.82339307419424246,0.00022872029838728956,700,4.3923628247151436,3.157383040194266,2.6863893386221411e+23,4.0104516559244805e-286,214139065.14283839,1518.245971862724,2.8019175277513173,0
1801,0.82351182657202826,0.00022875328515889674,700,4.3926339164350869,3.1578475323300501,2.6857311574893919e+23,0,212156685.58791161,1504.1909008182934,2.828098479844404,0
1802,0.82363891681977675,0.00022878858800549353,700,4.3928985057295691,3.1583231078614191,2.6850411444631406e+23,0,210205558.3545433,1490.357408733712,2.8543488797190113,0
1803,0.82377583806218735,0.00022882662168394093,700,4.3931565177459904,3.1588122781172849,2.6843134121474348e+23,0,208287182.39456341,1476.7561231774544,2.8806381319394183,0
1804,0.82392449995321715,0.00022886791665367143,700,4.3934078257843394,3.1593181928463774,2.6835404892100982e+23,0,206403443.92993698,1463.400417463253,2.9069282400329919,0
1805,0.82408739053949487,0.00022891316403874856,700,4.393652227145342,3.1598448722251149,2.6827127215639131e+23,0,204556860.90247193,1450.3081437985261,2.9331697668457397,0
1806,0.82426783402080028,0.00022896328722800009,700,4.3938894215760449,3.1603975896522716,2.6818173105423403e+23,0,202750723.46018907,1437.5026293327405,2.9592989349693362,0
1807,0.82447039361301,0.00022901955378139166,700,4.3941189647719217,3.1609834480434871,2.680836829804146e+23,0,200989513.74947155,1425.0156524837532,2.9852303675299456,0
1808,0.82470155492046693,0.00022908376525568525,700,4.3943402070809174,3.1616123634568281,2.6797467104720072e+23,0,199279385.37142891,1412.8908422834309,3.0108483066709781,0
1809,0.82497092465821964,0.0002291585901828388,700,4.3945521239705698,3.162298741594773,2.6785108642911218e+23,0,197629573.54628056,1401.1936764431291,3.0359828705469174,0
1810,0.82529360040576172,0.00022924822233493381,700,4.3947530880650785,3.1630648540004862,2.677073007538805e+23,0,196054244.15429506,1390.024591053952,3.0603775122960299,0
1811,0.82569517959366445,0.00022935977210935122,700,4.3949408778264925,3.1639480327264331,2.6753384484204836e+23,0,194572567.45204663,1379.5195032350105,3.0836823908790376,0
1812,0.82622253008454394,0.00022950625835681777,700,4.3951113469797232,3.1650150185190942,2.6731357498634912e+23,0,193219406.68389776,1369.9255933888351,3.105278141038831,0
1813,0.8269755400103459,0.00022971542778065163,700,4.3952556596172432,3.1664052751350846,2.6701031965735088e+23,0,192067736.75394678,1361.7602535854826,3.1238979025855085,0
1814,0.82823135913387025,0.00023006426642607506,700,4.395336065001473,3.168490858766853,2.6652513600730769e+23,0,191423617.50685683,1357.1934481236146,3.134409472637345,0
1815,0.83196348545435184,0.00023110096818176439,700,4.391730494228006,3.166676128979617,2.6580441186084653e+23,5.8344620365405373e-273,218698949.11514953,1550.57554922641,2.7434974078640293,0
1816,0.83226273464991662,0.00023118409295831019,700,4.3924507170771259,3.1682445035245461,2.6560098033615112e+23,4.845839033259132e-288,213498177.62416399,1513.7020793553224,2.8103284378203108,0
1817,0.83238558018931263,0.00023121821671925351,700,4.3927281475569551,3.1688646941665946,2.6551940560577847e+23,0,211463666.47727019,1499.2773953238457,2.8373668630421331,0
1818,0.83251326377664869,0.00023125368438240242,700,4.3929913310286279,3.1694786536551964,2.6543702006074666e+23,0,209517186.58648893,1485.4768528982065,2.8637268845356476,0
1819,0.83265070113790074,0.00023129186142719464,700,4.3932479165124505,3.1701063547483277,2.6535095513100236e+23,0,207603829.00248408,1471.9111476276121,2.8901201046384393,0
1820,0.83279982392959662,0.00023133328442488795,700,4.3934978725162965,3.1707513042267341,2.6526044118737058e+23,0,205724783.21861911,1458.5887130200094,2.9165178381177022,0
1821,0.83296308899880367,0.00023137863583300102,700,4.3937410082288588,3.1714176695820822,2.6516452555963493e+23,0,203882461.57858369,1445.5266525921581,2.942872061453595,0
1822,0.83314376800444734,0.00023142882444567982,700,4.3939770356592325,3.1721108406789869,2.6506195580792397e+23,0,202080049.72112608,1432.7475525227837,2.9691204096001074,0
1823,0.83334633892237031,0.00023148509414510287,700,4.3942055295623241,3.1728379829285411,2.6495103968907543e+23,0,200321877.34675205,1420.2821103884721,2.9951795976902478,0
1824,0.83357714329153021,0.0002315492064698695,700,4.3944258697432454,3.173608961670316,2.6482941096630547e+23,0,198613881.94635236,1408.1724229996382,3.0209368757117701,0
1825,0.83384553366142411,0.00023162375935039558,700,4.3946369606296072,3.1744378542951961,2.6469362538693442e+23,0,196965840.65275252,1396.4878102280154,3.0462134856053034,0
1826,0.83416630071401288,0.00023171286130944802,700,4.3948374509790309,3.1753466404074127,2.6453828228728721e+23,0,195389769.15601987,1385.3134633161808,3.0707851418816943,0
1827,0.8345639641479885,0.00023182332337444124,700,4.3950251426586142,3.1763704364830221,2.6435457736437626e+23,0,193904659.91626623,1374.7840388063275,3.094304181545187,0
1828,0.83508317708439828,0.00023196754919011062,700,4.3951961692080559,3.1775710985557204,2.6412672180217085e+23,0,192543178.15637454,1365.1311331286954,3.1161841501998482,0
1829,0.83581745727720969,0.00023217151591033603,700,4.3953425053224677,3.1790741162424183,2.638221350219042e+23,0,191371947.16701886,1356.8271054141635,3.1352557617880801,0
1830,0.83701722599526418,0.00023250478499868449,700,4.3954332272363343,3.1811985401632104,2.633552607701017e+23,0,190642887.56261832,1351.6580728189638,3.1472456574228334,0
1831,0.84015451918002759,0.00023337625532778545,700,4.3938638873882541,3.1815140912170476,2.6262290051785933e+23,0,202945826.56721371,1438.885910361545,2.9564539963638312,0
1832,0.84067203825276926,0.00023352001062576923,700,4.3943652106701352,3.1833775368290662,2.6234074333136973e+23,0,199085330.80431679,1411.514995402606,3.0137830726953294,0
1833,0.84093892225451983,0.00023359414507069995,700,4.3945977646483296,3.1842850613372993,2.6220006439188034e+23,0,197272732.78283763,1398.6636754303188,3.0414745694251306,0
1834,0.84122938343641163,0.00023367482873233657,700,4.3948040760297609,3.1851926747020172,2.6205377902533753e+23,0,195652868.45710561,1387.1788373608786,3.0666557803702341,0
1835,0.84158021259234661,0.00023377228127565184,700,4.3949984663312058,3.1861898768435677,2.6188562959654164e+23,0,194116308.12967744,1376.2846246394131,3.0909304106442002,0
1836,0.84202342109720452,0.00023389539474922349,700,4.3951787986832436,3.1873227064961043,2.6168433371008737e+23,0,192681818.34787381,1366.1140920864252,3.1139419647615179,0
1837,0.84261874231668288,0.00023406076175463413,700,4.3953400909224847,3.1886714892243977,2.6142941662390584e+23,0,191391317.83593777,1356.9644434567988,3.1349384433118592,0
1838,0.84350165024021972,0.0002343060139556166,700,4.395470067055955,3.1904112976266839,2.6107523812594502e+23,0,190346188.53163072,1349.5544766892619,3.152151375493895,0
1839,0.84510966330977044,0.00023475268425271402,700,4.3954822516567846,3.1930490285192832,2.6047930786214186e+23,0,190247973.01273888,1348.8581286603185,3.1537786736882834,0
1840,0.85004583086283403,0.00023612384190634279,700,4.3814526685975226,3.1857036911425656,2.5976434016614246e+23,2.3263155853777352e-150,282554283.80543828,2003.3098721805572,2.1234857667673834,0
1841,0.85019692944707193,0.00023616581373529774,700,4.3827545787879183,3.1870890734940347,2.5963620174948877e+23,4.7420308545252937e-160,275365178.6643607,1952.3391167303173,2.1789247388150437,0
1842,0.85025480492368288,0.00023618189025657857,700,4.3832395131352531,3.1876087759167753,2.5958781772310775e+23,6.1102437970785008e-164,272629930.75805533,1932.9462090746119,2.2007855055814409,0
1843,0.85031249105569551,0.00023619791418213765,700,4.383708047007187,3.1881149185070412,2.595403292269353e+23,7.3997904581399039e-168,269956489.70165116,1913.9915119847064,2.2225803893920251,0
1844,0.85037074087446485,0.00023621409468735136,700,4.3841663533141517,3.1886141559105186,2.5949311260781481e+23,7.5491802147939133e-172,267311538.49965596,1895.2388079625605,2.2445720202264003,0
1845,0.85042961095365877,0.00023623044748712744,700,4.3846147343307749,3.1891068590312068,2.5944612851082037e+23,6.4649546186701289e-176,264694632.70830896,1876.6849459019104,2.2667630010510811,0
1846,0.85048915682665605,0.00023624698800740445,700,4.3850534458518142,3.1895933566660442,2.5939934059857875e+23,4.6343616520468626e-180,262105549.17175326,1858.3283436277304,2.2891541285409045,0
1847,0.8505494380169788,0.00023626373278249412,700,4.3854827348773409,3.1900739769891828,2.5935271157538927e+23,2.7728381913379706e-184,259544058.59792155,1840.1673754592637,2.3117462339197807,0
1848,0.85061051817457656,0.00023628069949293795,700,4.3859028376775644,3.1905490461256822,2.5930620324225097e+23,1.3809531734350195e-188,257009972.98943645,1822.2007084951042,2.334539757430584,0
1849,0.85067246639606453,0.00023629790733224013,700,4.3863139853289459,3.1910188954249104,2.5925977568034334e+23,5.708349079498302e-193,254503077.35510603,1804.4268184477016,2.3575353439158024,0
1850,0.85073535697989844,0.00023631537693886068,700,4.3867163980695816,3.191483856136256,2.5921338765646478e+23,1.9531128231264508e-197,252023189.70987061,1786.8444150429825,2.3807332995456516,0
1851,0.85079927070426009,0.00023633313075118335,700,4.3871102258001633,3.1919442314031143,2.5916699591480035e+23,5.5256988256921381e-202,249570527.62768263,1769.4550408802697,2.4041300297088739,0
1852,0.85086430608776209,0.00023635119613548946,700,4.3874954798467174,3.1924002978814774,2.5912054761958952e+23,1.2965212026607997e-206,247146156.89382032,1752.266252377186,2.4277132508994419,0
1853,0.85093060471474247,0.00023636961242076181,700,4.3878726084227724,3.1928527027624338,2.5907396371098174e+23,2.5001604451943576e-211,244748378.60278505,1735.2660042937459,2.451497343619879,0
1854,0.85099827769984582,0.00023638841047217939,700,4.3882417989969325,3.1933018123937731,2.5902719111927595e+23,3.9528563425387321e-216,242377070.1556735,1718.4534274037251,2.475481693109967,0
1855,0.85106744786570099,0.00023640762440713917,700,4.3886032326673092,3.1937480086540653,2.5898017272328961e+23,5.1118306154913767e-221,240032104.87119904,1701.827623536801,2.4996656189885904,0
1856,0.85113825087764505,0.00023642729191045695,700,4.3889570811350804,3.1941916881443349,2.5893284711214257e+23,5.3956496456663705e-226,237713399.40336651,1685.3880017698684,2.5240478723788033,0
1857,0.85121083803841524,0.00023644745501067091,700,4.3893035102832965,3.1946332703261069,2.5888514732996959e+23,4.6390373876467642e-231,235420872.41514805,1669.1339854233995,2.5486270348278315,0
1858,0.85128537819782224,0.00023646816061050619,700,4.3896426773379282,3.1950731981423961,2.5883700034803474e+23,3.2430200109077985e-236,233154473.60880029,1653.0652178863938,2.5734011906917718,0
1859,0.85136206095806977,0.00023648946137724161,700,4.3899747317760962,3.1955119443314834,2.5878832582829422e+23,1.8404819900245569e-241,230914176.38449514,1637.1815105660705,2.5983679711415384,0
1860,0.85144110018658525,0.0002365114167184959,700,4.390299814569202,3.1959500166845198,2.5873903488043579e+23,8.4687226357146301e-247,228699981.12380555,1621.4828661677814,2.6235244841371155,0
1861,0.8515227382895586,0.00023653409396932182,700,4.3906180572974245,3.19638796438212,2.5868902855738678e+23,3.1566204293482842e-252,226511928.72336319,1605.9695746486448,2.6488671187501747,0
1862,0.8516072518238692,0.00023655756995107479,700,4.3909295823967796,3.1968263875621945,2.5863819579942059e+23,9.5271375092832824e-258,224350106.21441001,1590.6422530601667,2.6743914238515392,0
1863,0.85169495847101817,0.00023658193290861617,700,4.3912345029462108,3.1972659487868773,2.585864109056567e+23,2.3283842475488984e-263,222214636.29125658,1575.501771305009,2.7000921722076865,0
1864,0.85178622503715062,0.00023660728473254183,700,4.3915327684086076,3.1977073204465061,2.5853353081941202e+23,4.6430568017073274e-269,220106795.96955991,1560.5571834241798,2.7259494526601444,0
1865,0.85188152823086882,0.000236633757841908,700,4.3918243860005592,3.1981514541217861,2.5847936363747557e+23,7.6008044802862623e-275,218027454.23507696,1545.8146505266957,2.7519470064218639,0
1866,0.8519814575131136,0.00023666151597586489,700,4.3921096361657943,3.198599638997019,2.5842367228546251e+23,1.0152694858381888e-280,215975522.91828454,1531.2664574906373,2.7780925907377618,0
1867,0.85208663783182625,0.00023669073273106285,700,4.3923885718853324,3.1990530065970311,2.5836622134829729e+23,1.1113750376104094e-286,213951507.15214399,1516.9161857087008,2.8043737947278462,0
1868,0.85219782020544099,0.00023672161672373362,700,4.392661227207677,3.1995128803314463,2.5830673071892017e+23,0,211956037.93489429,1502.7683089584004,2.8307756921947167,0
1869,0.8523159166170311,0.00023675442128250865,700,4.3929276113366695,3.1999808249430908,2.5824486358812682e+23,0,209989935.97857291,1488.8286460880818,2.8572797891667685,0
1870,0.85244204973962612,0.00023678945826100727,700,4.393187704522231,3.2004587209841211,2.5818020906652106e+23,0,208054235.5378077,1475.1045299630564,2.8838634236358422,0
1871,0.85257762097701828,0.00023682711693806064,700,4.3934414486791251,3.2009488615390489,2.581122588175161e+23,0,206150267.06407756,1461.6053934843098,2.9104982911009394,0
1872,0.85272440936758365,0.00023686789149099545,700,4.3936887369935089,3.2014540945977044,2.5804037302691793e+23,0,204279757.61957416,1448.3434815227806,2.9371485799261969,0
1873,0.85288471808419652,0.00023691242169005458,700,4.3939293993416841,3.2019780326279088,2.5796373017340528e+23,0,202444940.37989849,1435.33462729348,2.963768809801167,0
1874,0.85306159503888879,0.0002369615541774691,700,4.3941631776460532,3.2025253608961046,2.5788125207494058e+23,0,200648758.56930283,1422.599698256357,2.9903000859721924,0
1875,0.85325918161486436,0.00023701643933746232,700,4.3943896908094731,3.2031023227401727,2.5779148580075336e+23,0,198895183.33490956,1410.1668498445085,3.0166643049856581,0
1876,0.85348328958287389,0.00023707869155079831,700,4.394608246672167,3.2037174732112446,2.5769240897702746e+23,0,197190698.88592038,1398.0820551011755,3.0427398624268509,0
1877,0.85374255863554205,0.00023715071073209502,700,4.3948179838094195,3.2043834649905292,2.575810288510524e+23,0,195543268.58342347,1386.4017742564722,3.0683746075566165,0
1878,0.85405030044364416,0.00023723619456767893,700,4.3950177484951567,3.2051194622148933,2.5745277691590022e+23,0,193963342.49007896,1375.2000982546597,3.0933680163337534,0
1879,0.85442810691177506,0.00023734114080882639,700,4.3952055502787957,3.2059557441199016,2.5730032746548467e+23,0,192468268.75587001,1364.6000254791184,3.1173969812190188,0
1880,0.85491447594617187,0.00023747624331838107,700,4.3953780517241237,3.2069453313844405,2.5711073898581224e+23,0,191086558.23669219,1354.8036978981474,3.1399382852288391,0
1881,0.85558711021743072,0.00023766308617150853,700,4.3955287511123657,3.2081932353950502,2.5685814362640377e+23,0,189872786.31897104,1346.1980550015046,3.160010508257082,0
1882,0.85663932555865674,0.00023795536821073798,700,4.3956376502768251,3.209953472785652,2.5647894389683853e+23,0,188991758.17821532,1339.9515654835466,3.1747416172202199,0
1883,0.85889646149020393,0.00023858235041394554,700,4.3953430207452158,3.2121354531179263,2.558107954291032e+23,0,191367809.60219374,1356.7977700795536,3.1353235491760674,0
1884,0.86071436473436591,0.00023908732353732385,700,4.395213208809114,3.2150465111891835,2.5516376597327165e+23,0,192407098.85806316,1364.1663309036676,3.1183880613605326,0
1885,0.86407990986281291,0.00024002219718411469,700,4.3890176639007015,3.2137207129211744,2.5444178922613906e+23,7.2617327723693546e-227,237314101.74117357,1682.5569813449206,2.5282947603947679,0
1886,0.86425776437719803,0.00024007160121588834,700,4.3898127341593804,3.2146733515058306,2.54339437503291e+23,7.0845761733497898e-239,232009814.78968611,1644.9495868588745,2.5860974913664414,0
1887,0.86433555804356521,0.00024009321056765701,700,4.3901455377484684,3.2150787102221385,2.5429532284740395e+23,3.0691116658305455e-244,229753394.07370737,1628.9515639825852,2.6114956970233636,0
1888,0.86441476915326088,0.00024011521365368359,700,4.3904674873070517,3.2154787282333266,2.542511229283655e+23,1.2425321397722235e-249,227549708.58368263,1613.3274338583096,2.6367865014397363,0
1889,0.86449656151886578,0.0002401379337552405,700,4.3907826568843413,3.2158787267448985,2.5420622211281682e+23,4.0687951911616773e-255,225372176.12373284,1597.8887287172658,2.6622629746033541,0
1890,0.8645812157032039,0.00024016144880644553,700,4.3910911939690598,3.2162793011150792,2.5416051322537057e+23,1.0761153233437144e-260,223220703.74528018,1582.6347895540364,2.6879227147526028,0
1891,0.86466904656169963,0.0002401858462671388,700,4.391393211454961,3.216681074475467,2.5411387879440516e+23,2.2985901083904733e-266,221095402.37292042,1567.5664028240058,2.7137606370845435,0
1892,0.86476041712802221,0.00024021122698000616,700,4.3916884639395395,3.2170845905671301,2.5406618516156056e+23,4.0312280440677931e-272,218998921.20392013,1552.7023513357938,2.7397395233801722,0
1893,0.86485586303877171,0.00024023773973299214,700,4.3919773406221942,3.2174910787337012,2.540172216080702e+23,5.7414120816945835e-278,216929416.40895423,1538.0295623394854,2.7658766152253089,0
1894,0.86495591125208282,0.00024026553090335633,700,4.3922599314290851,3.2179014920720923,2.5396679708065624e+23,6.6538821414334422e-284,214887119.06137159,1523.5496741451245,2.7921636374520915,0
1895,0.86506118031268808,0.00024029477230908002,700,4.3925362901335552,3.2183169002459553,2.53914690566327e+23,6.3438012818168569e-290,212872517.77302814,1509.2661510107694,2.8185883564347196,0
1896,0.86517241269452116,0.00024032567019292253,700,4.3928064519286503,3.2187385553333576,2.5386063904811911e+23,0,210886218.94990101,1495.1832923547979,2.8451361259530117,0
1897,0.86529050860313494,0.00024035847461198194,700,4.3930704269328134,3.2191679380763376,2.5380432635978936e+23,0,208929029.6057972,1481.306819905102,2.8717885740055706,0
1898,0.86541657542268624,0.00024039349317296841,700,4.3933281984628669,3.2196068321185152,2.5374536648254907e+23,0,207001948.37164259,1467.6438139549459,2.8985234425078223,0
1899,0.86555199305225794,0.00024043110918118277,700,4.393579711899176,3.2200574129841781,2.5368328210163881e+23,0,205106272.86835375,1454.203474636628,2.9253127737595155,0
1900,0.8656985107723737,0.00024047180854788158,700,4.3938248661833965,3.2205223862467167,2.5361747246088717e+23,0,203243666.48705053,1440.9975953931882,2.9521215119302542,0
1901,0.86585838780780411,0.00024051621883550115,700,4.3940634977852824,3.2210051825470072,2.5354716715921051e+23,0,201416304.97144982,1428.041602247579,2.9789048115297727,0
1902,0.86603460822971445,0.00024056516895269847,700,4.3942953597899175,3.2215102564002516,2.5347135559034976e+23,0,199627049.59369341,1415.3557816192863,3.0056047074842662,0
1903,0.8662312171841513,0.00024061978255115313,700,4.3945200771339499,3.2220435437624095,2.5338867718090676e+23,0,197879812.12569875,1402.967867971204,3.0321435701528934,0
1904,0.86645388264135925,0.00024068163406704423,700,4.394736832067526,3.2226131447627582,2.5329723805581371e+23,0,196182066.55580333,1390.9308518806454,3.0583835237016022,0
1905,0.8667111825001852,0.00024075310625005144,700,4.3949450759312185,3.2232315564638894,2.5319417255774158e+23,0,194539337.66384465,1379.2839040366584,3.0842091229732334,0
1906,0.86701588855583456,0.00024083774682106515,700,4.3951435791108482,3.2239166842681102,2.5307527338394383e+23,0,192962669.61683321,1368.1053275833472,3.1094097173894957,0
1907,0.86738880721844058,0.00024094133533845573,700,4.3953304410836873,3.2246972900010524,2.52933736013015e+23,0,191468726.28684041,1357.5132693736984,3.1336710262601137,0
1908,0.86786675213043474,0.00024107409781400966,700,4.3955024953246591,3.2256235217325178,2.5275761428171264e+23,0,190084709.29862446,1347.7005889272473,3.1564874534826242,0
1909,0.86852317485089769,0.0002412564374585827,700,4.3956536800036305,3.2267939175546352,2.5252326869549022e+23,0,188861796.4868736,1339.0301370919337,3.1769262559233447,0
1910,0.86953692802324312,0.00024153803556201198,700,4.3957664541714587,3.2284430543720979,2.5217370881864555e+23,0,187945409.82897371,1332.5329556874235,3.1924163540146422,0
1911,0.87161607500557181,0.00024211557639043662,700,4.3955966702899172,3.2308988223127297,2.515370279857682e+23,0,189323686.42310864,1342.3049367398403,3.169175560310475,0
1912,0.87447204580987192,0.00024290890161385331,700,4.3938641400143847,3.2317663850250882,2.508619746819205e+23,0,202943898.40199119,1438.8722396701176,2.9564820855639633,0
1913,0.87489759120494037,0.00024302710866803899,700,4.3943890242462702,3.2331598182421053,2.5066439037716098e+23,0,198900365.18983522,1410.2035891959315,3.016585713290902,0
1914,0.87510691589709211,0.00024308525441585891,700,4.3946232667806573,3.2338133692574722,2.5056960207972637e+23,0,197073105.2831386,1397.2483164574528,3.0445554665512007,0
1915,0.87533267615672239,0.00024314796559908955,700,4.3948385589070131,3.2344730415157885,2.504706044370965e+23,0,195381032.79857257,1385.2515225418792,3.0709224503822128,0
1916,0.87559335809023153,0.00024322037724728654,700,4.3950450747113265,3.2351819544147173,2.5036012178083132e+23,0,193746392.00237647,1373.661919296849,3.0968318625135502,0
1917,0.87590233229542158,0.00024330620341539487,700,4.3952418748871018,3.2359591808572667,2.5023381924518725e+23,0,192177989.61704907,1362.5419463848777,3.1221057166620034,0
1918,0.8762809216303552,0.00024341136711954312,700,4.3954270596141196,3.2368337807018279,2.5008490941930769e+23,0,190692521.89218858,1352.0099802156169,3.1464264777997992,0
1919,0.87676692448206139,0.00024354636791168373,700,4.3955974393821799,3.2378561322453416,2.4990148981355697e+23,0,189317462.18717065,1342.2608069070398,3.1692797540609532,0
1920,0.8774360505292067,0.00024373223625811298,700,4.3957468718078863,3.2391249255008043,2.4965997970737871e+23,0,188104791.13773838,1333.6629691665651,3.1897114176143142,0
1921,0.87847397268791594,0.00024402054796886553,700,4.3958571840732183,3.2408747278687744,2.4930330408383822e+23,0,187205550.04397064,1327.2873498117517,3.2050331833595349,0
1922,0.88063473680301962,0.00024462076022306102,700,4.3956494648478905,3.2433125024310789,2.486654365415119e+23,0,188895976.90048295,1339.2724762244241,3.1763513963884003,0
1923,0.88304927279315493,0.00024529146466476524,700,4.3948586859111671,3.2455884287128316,2.4798115443365359e+23,0,195222221.20014757,1384.1255483090463,3.073420619391797,0
1924,0.88379437692893248,0.00024549843803581457,700,4.3952664597926727,3.2472754018652026,2.4769754871229622e+23,0,191981322.34213939,1361.1475754057681,3.1253040279132485,0
1925,0.88423575471804705,0.00024562104297723528,700,4.3954842815217363,3.2482281137985458,2.4753346910551051e+23,0,190231607.11545408,1348.7420944485693,3.1540499977790342,0
1926,0.88471562712749852,0.00024575434086874961,700,4.3956585167114799,3.249183551201333,2.4736093480197251e+23,0,188822564.39200464,1338.7519815393127,3.1775863331374499,0
1927,0.88535869307167214,0.00024593297029768668,700,4.3958103838846609,3.2503526439881085,2.471380288294255e+23,0,187587477.20152873,1329.9952133588386,3.1985077519615488,0
1928,0.88633539430436215,0.00024620427619565617,700,4.3959270101763339,3.2519577961466148,2.4681272679518337e+23,0,186634559.85619336,1323.2390293804108,3.2148386690134725,0
1929,0.88824832206841653,0.00024673564501900461,700,4.3958466737099622,3.2547904223071851,2.4619767766921354e+23,0,187291376.72266108,1327.8958609636668,3.2035644699674193,0
1930,0.89370303696371922,0.00024825084360103309,700,4.3710190971805511,3.242435882219568,2.4560501073469425e+23,8.8977450359117793e-99,333353939.44634038,2363.4794306745534,1.7998887338680494,0
1931,0.89382752818617883,0.00024828542449616077,700,4.3726693880283722,3.2437646758344605,2.4550884487824632e+23,9.1090559726907625e-105,326018095.53595877,2311.4682973499475,1.8403886416599899,0
1932,0.89388285432418424,0.00024830079286782897,700,4.3733871997822398,3.2443445897402863,2.4546666045628003e+23,1.4522597634640814e-107,322753970.73396361,2288.3256525038018,1.8590011414439327,0
1933,0.89393756035354843,0.00024831598898709679,700,4.3740810843458027,3.244907081728273,2.4542550859217244e+23,2.1707105793184684e-110,319554710.85940135,2265.6428999931554,1.8776127517769243,0
1934,0.89399220289614001,0.00024833116747114998,700,4.3747584591604047,3.2454581650491057,2.4538495318550185e+23,2.8560532301588385e-113,316388748.78250736,2243.196228867977,1.8964011909679295,0
1935,0.89404680963261052,0.00024834633600905845,700,4.3754198557034139,3.2459982908300522,2.4534496256004442e+23,3.2983774071222622e-116,313255532.54414648,2220.9817257379982,1.915369203943567,0
1936,0.89410140485047052,0.0002483615013473529,700,4.3760657399328826,3.2465278572136871,2.4530550866439622e+23,3.3353349112683848e-119,310154732.46605897,2198.9970531843578,1.9345182813409418,0
1937,0.89415601322496374,0.00024837667034026769,700,4.3766965602637864,3.2470472484422399,2.4526656420509284e+23,2.945828726089659e-122,307086028.90070403,2177.2399449059913,1.9538498776641169,0
1938,0.8942106599789128,0.00024839184999414244,700,4.3773127493952853,3.2475568365530458,2.452281025127111e+23,2.2668100409220601e-125,304049109.77242047,2155.7081882864609,1.9733654226091883,0
1939,0.89426537100738712,0.00024840704750205196,700,4.3779147254641311,3.2480569825723613,2.4519009744097697e+23,1.5158364122644459e-128,301043663.16394454,2134.3995718323667,1.9930663668321351,0
1940,0.8943201728740412,0.00024842227024278923,700,4.3785028917472957,3.2485480364712473,2.4515252336023833e+23,8.7861426500404338e-132,298069386.76474303,2113.3119521620279,2.0129541195505647,0
1941,0.89437509298432927,0.00024843752582898035,700,4.3790776382163141,3.2490303386605039,2.4511535503274026e+23,4.4025772845799048e-135,295125974.6004197,2092.4431599169757,2.0330301350545601,0
1942,0.89443015951993166,0.00024845282208886988,700,4.3796393404102414,3.2495042192871466,2.4507856765372229e+23,1.902067055040535e-138,292213133.60017961,2071.7911172252734,2.0532958002529398,0
1943,0.89448540168702406,0.00024846816713528446,700,4.3801883615665371,3.2499700002256069,2.4504213668529487e+23,7.0661816067324551e-142,289330573.67378134,2051.3537673471096,2.0737524983325706,0
1944,0.89454084978976589,0.0002484835693860461,700,4.3807249333547098,3.2504279061598722,2.450060378159456e+23,2.2552302009399374e-145,286478646.06037694,2031.1336005680726,2.0943969411023629,0
1945,0.89459654789839049,0.00024849904108288623,700,4.3812494207071779,3.250878271810608,2.4497023899689241e+23,6.1654147582042271e-149,283656950.34073395,2011.1277779158036,2.1152310890999462,0
1946,0.89465253960409508,0.00024851459433447088,700,4.381762243467219,3.2513214752968098,2.4493470978837666e+23,1.4378104687483038e-152,280864722.05629176,1991.3308793791084,2.1362597467108961,0
1947,0.89470886055373877,0.00024853023904270523,700,4.3822637181909787,3.2517578100481277,2.4489942592983102e+23,2.8522319238226585e-156,278101687.85955632,1971.7409669242541,2.15748420880856,0
1948,0.89476554805755715,0.00024854598557154367,700,4.3827541499657308,3.2521875634340467,2.4486436311429734e+23,4.7992910148499341e-160,275367581.2294383,1952.3561509167175,2.1789057278317578,0
1949,0.89482264129832711,0.00024856184480509085,700,4.3832338330221852,3.2526110176445133,2.4482949688747252e+23,6.8304679882422129e-164,272662154.02591115,1933.17467204371,2.2005254163105517,0
1950,0.8948801818079678,0.00024857782827999108,700,4.3837030533706915,3.2530284523441289,2.4479480239656784e+23,8.1985458714064253e-168,269985142.45033997,1914.1946599729104,2.2223445133109929,0
1951,0.89493821324434175,0.00024859394812342826,700,4.3841620853206411,3.2534401420327184,2.4476025456898535e+23,8.2753904586487034e-172,267336309.09794852,1895.414431504455,2.2443640447664288,0
1952,0.89499678208559352,0.00024861021724599818,700,4.3846111954316296,3.2538463599439118,2.4472582774750104e+23,7.0035881000986656e-176,264715402.90381685,1876.8322065880614,2.2665851454741652,0
1953,0.89505593748170909,0.00024862664930047477,700,4.3850506393564697,3.2542473757328483,2.4469149583549614e+23,4.9553857426081498e-180,262122202.06704116,1858.4464126553219,2.2890086962055287,0
1954,0.89511573208949291,0.00024864325891374802,700,4.3854806659661527,3.2546434597628351,2.4465723187713719e+23,2.9226182021353415e-184,259556473.8194046,1840.2553993795784,2.311635657438738,0
1955,0.89517622204030545,0.00024866006167786263,700,4.3859015146693814,3.2550348812441703,2.446230081552502e+23,1.4325896799590116e-188,257017996.74284661,1822.2575969067823,2.3344668762643734,0
1956,0.89523746744655508,0.00024867707429070975,700,4.3863134162676616,3.255421909773204,2.4458879598579971e+23,5.8191682413329761e-193,254506566.22924969,1804.4515545653803,2.3575030259122793,0
1957,0.89529953310179622,0.00024869431475049893,700,4.3867165947827198,3.2558048177564411,2.4455456542625589e+23,1.9529847253070648e-197,252021969.23522606,1786.8357618777527,2.3807448287969954,0
1958,0.89536248861809675,0.00024871180239391578,700,4.3871112079827288,3.2561838468492694,2.4452028530962324e+23,5.408219207641362e-202,249564375.35195252,1769.4114212453433,2.4041892964644473,0
1959,0.89542641884760876,0.00024872956079100244,700,4.3874972923803472,3.2565591991450669,2.4448591788061134e+23,1.2383738267616665e-206,247134692.43603739,1752.1849693715048,2.4278258713324519,0
1960,0.89549144534758673,0.000248747623707663,700,4.3878752725140506,3.2569313763699665,2.4445140797884074e+23,2.3245059283975036e-211,244731354.60392225,1735.1453041418088,2.4516678746417724,0
1961,0.89555766168726281,0.00024876601713535079,700,4.3882453382361835,3.257300671844666,2.4441671760472208e+23,3.5672773070886151e-216,242354218.36565179,1718.2914082124712,2.4757151084317019,0
1962,0.89562517068816427,0.00024878476963560118,700,4.3886076741589459,3.2576673905183879,2.4438180590902442e+23,4.4639803004762982e-221,240003139.00702122,1701.6222555597803,2.4999673024378533,0
1963,0.89569408529994932,0.00024880391258331927,700,4.3889624575320978,3.2580318489014886,2.4434662898183193e+23,4.5435050912479605e-226,237677991.37718287,1685.1369588642265,2.5244238918521931,0
1964,0.89576453023125346,0.00024882348061979262,700,4.3893098590496979,3.2583943783031581,2.443111392911176e+23,3.7520002718046333e-231,235378650.04978904,1668.8346288530042,2.5490842090949348,0
1965,0.89583664319958778,0.00024884351199988547,700,4.3896500404023024,3.2587553251443788,2.4427528536135382e+23,2.5082285063125299e-236,233105029.24572971,1652.7146573522236,2.5739470398448789,0
1966,0.89591057767257709,0.00024886404935349363,700,4.3899831575211286,3.25911505768677,2.4423901076781495e+23,1.3545061700561817e-241,230857050.4186703,1636.7764874683724,2.5990109416709228,0
1967,0.89598650496403165,0.00024888514026778655,700,4.3903093585180191,3.2594739679424718,2.4420225353123398e+23,5.8975008924444545e-247,228634655.72971186,1621.0197091236569,2.624274076408216,0
1968,0.89606461714738261,0.00024890683809649516,700,4.3906287832051278,3.2598324760115953,2.4416494519218188e+23,2.0669821517924823e-252,226437827.23892307,1605.4441951239644,2.6497339570694494,0
1969,0.89614513118456418,0.00024892920310682341,700,4.3909415648755692,3.260191037940094,2.4412700941490756e+23,5.823369551379512e-258,224266554.2636613,1590.0498697293583,2.6753877856196238,0
1970,0.89622829256452097,0.00024895230349014473,700,4.3912478267054338,3.2605501488779209,2.4408836095161809e+23,1.3175888593484831e-263,222120880.54017118,1574.8370430298135,2.7012318632128252,0
1971,0.89631438151057419,0.0002489762170862706,700,4.3915475284129855,3.2609102859136563,2.4404890355954479e+23,2.4097891747035465e-269,220001992.20656705,1559.8141247445601,2.7272480307207418,0
1972,0.89640376677613209,0.00024900104632670338,700,4.3918407325752007,3.2612721515144916,2.4400850706321124e+23,3.5727457938586023e-275,217910348.55876231,1544.9843712816248,2.753425911014971,0
1973,0.89649688959078644,0.00024902691377521848,700,4.3921277099130442,3.2616366653610962,2.4396701680180599e+23,4.2653841927561108e-281,215844905.83171859,1530.3403823468846,2.7797737347008975,0
1974,0.8965942057007743,0.00024905394602799287,700,4.3924085402425135,3.2620046294355127,2.4392428073407206e+23,4.1086276637987426e-287,213805939.74653044,1515.8841128029007,2.806283121560174,0
1975,0.89669625135273279,0.00024908229204242575,700,4.3926832884869187,3.2623769625057473,2.438801214352269e+23,0,211793836.37420633,1501.6182998931229,2.8329436317490115,0
1976,0.89680366452250759,0.00024911212903402989,700,4.3929520049379978,3.2627547331679905,2.438343293277374e+23,0,209809066.38104862,1487.5462806416347,2.859742957486398,0
1977,0.89691721045954398,0.00024914366957209553,700,4.393214718987636,3.2631391940410115,2.4378665485850185e+23,0,207852264.54862627,1473.6725556497602,2.8866656868183034,0
1978,0.89703781940293448,0.00024917717205637067,700,4.3934714386552391,3.2635318388992052,2.4373679659745085e+23,0,205924213.42041895,1460.0026731507703,2.9136932953825498,0
1979,0.89716663497963678,0.0002492129541610102,700,4.39372214192902,3.2639344690441607,2.4368438637511183e+23,0,204025931.97590047,1446.5438577091343,2.9408026430232015,0
1980,0.89730508504016704,0.00024925141251115753,700,4.3939667713665784,3.2643492955826261,2.4362896727759352e+23,0,202158721.82190403,1433.3053377172994,2.9679649465165423,0
1981,0.89745498186465178,0.00024929305051795883,700,4.3942052231726443,3.2647790803033714,2.4356996278666116e+23,0,200324245.68530127,1420.2989019087861,2.9951441871023841,0
1982,0.8976186687488602,0.00024933851909690559,700,4.3944373302504021,3.2652273391616311,2.4350663187054271e+23,0,198524702.961357,1407.540143996021,3.0222939062489895,0
1983,0.89779924734604366,0.00024938867981834546,700,4.3946626316740183,3.2656985863035644,2.4343799924796326e+23,0,196764629.66042468,1395.0612242924108,3.0493285354968354,0
1984,0.89800112235193452,0.00024944475620887067,700,4.3948808437798563,3.2661993840519647,2.433626780148706e+23,0,195047257.70976925,1382.8850571622638,3.0761775738103498,0
1985,0.89823039805592009,0.00024950844390442224,700,4.3950914800274221,3.266738597777362,2.4327876612124491e+23,0,193377508.648,1371.0465363143201,3.1027393216248549,0
1986,0.89849592756239138,0.00024958220210066426,700,4.3952937199616153,3.2673288219847314,2.4318352798208227e+23,0,191763058.53494254,1359.6000850127425,3.1288612341916187,0
1987,0.89881132132947272,0.00024966981148040907,700,4.3954863207902779,3.2679891589993182,2.4307278627096715e+23,0,190215164.21262163,1348.6255142674872,3.1543226455348363,0
1988,0.89919889738251402,0.00024977747149514281,700,4.3956673329130762,3.2687505147558218,2.4293973976566405e+23,0,188751043.32869554,1338.2448972004513,3.1787903760359395,0
1989,0.89969855137409283,0.00024991626427058131,700,4.3958334751439718,3.2696673636546962,2.4277232503671699e+23,0,187399111.45716351,1328.6597002312894,3.2017227580993657,0
1990,0.90039115072787379,0.00025010865297996494,700,4.3959783191692905,3.2708483609896546,2.4254630491448853e+23,0,186214100.82082355,1320.257974819639,3.2220975605779931,0
1991,0.90147951029139428,0.00025041097508094286,700,4.3960817242053976,3.272558889796831,2.422015886893056e+23,0,185364439.80139425,1314.2338781918852,3.2368667940995604,0
1992,0.9038539061525811,0.00025107052948682807,700,4.3957485805500278,3.2742958197241747,2.4161943770698352e+23,0,188090888.8797541,1333.5644021574562,3.189947176992598,0
1993,0.90549194235002117,0.00025152553954167257,700,4.3957687389761748,3.2770920286132426,2.4108049179999764e+23,0,187926809.2886042,1332.4010778562038,3.1927323316523935,0
1994,0.91497521612166333,0.00025415978225601762,700,3.380795314190673,2.967638972669338,2.4041823774015025e+23,1.7547814096223195e+19,1010512816.5677998,7164.5358694656998,0.59375793177754643,0.65345582001733682
1995,0.91509171420945556,0.00025419214283595989,700,3.3885157461003725,2.9705291483154155,2.4039900807964431e+23,1.5834629770160869e+19,1008943320.9053099,7153.4081452186465,0.59468157186632531,0.6543794601061157
1996,0.91584061699641672,0.00025440017138789352,700,3.4378488719360001,2.9886968322212843,2.4028643154218594e+23,7.9528379679084411e+18,998603155.48109853,7080.0963723609884,0.60083927905368684,0.66053716729347722
1997,0.91656387107942872,0.00025460107529984131,700,3.4851732113932181,3.0058769990519574,2.4018624768008451e+23,3.8721878847788145e+18,988129618.06105661,7005.8389920528907,0.60720778836418399,0.66690567660397437
1998,0.91724622771992748,0.00025479061881109098,700,3.5295008869658355,3.0217580570384697,2.4009888182929803e+23,1.8580515778831432e+18,977776418.47309935,6932.4348069742746,0.61363721671357452,0.6733351049533649
1999,0.91789065867714026,0.00025496962741031675,700,3.5710462405201531,3.0364610631683329,2.4002242276401492e+23,8.7880956482876736e+17,967547945.62372196,6859.9149344721891,0.62012430775532768,0.67982219599511806
2000,0.91850024904114602,0.00025513895806698498,700,3.6100312218665351,3.0501017955464578,2.3995523676919622e+23,4.0956790025611891e+17,957441638.60023725,6788.261217675682,0.62667005048703472,0.68636793872682511
2001,0.91907775692373095,0.00025529937692325862,700,3.6466561268417683,3.0627816885534007,2.3989596873254998e+23,1.8801958744173549e+17,947454932.66159081,6717.4554725706785,0.6332755040015251,0.69297339224131549
2002,0.91962564798547597,0.00025545156888485444,700,3.6811015775485769,3.074589790036355,2.3984349059624035e+23,84991833432289600,937585426.76687396,6647.4806757771357,0.63994168730737655,0.69963957554716694
2003,0.92014613470530549,0.00025559614852925153,700,3.7135309045403275,3.0856046090802574,2.3979685909470583e+23,37817942559731136,927830866.98306024,6578.3208469098963,0.64666958316547829,0.70636747140526868
2004,0.92064120947568506,0.0002557336692988014,700,3.7440921943521941,3.0958956455387243,2.3975528200815155e+23,16558213282925398,918189129.76530111,6509.9609300359843,0.65346014295918142,0.71315803119897181
2005,0.92111267251426099,0.00025586463125396139,700,3.7729200476318239,3.105524659972168,2.3971809112577804e+23,7131329100516002,908658204.24518096,6442.3866680983328,0.66031429331386249,0.72001218155365287
2006,0.92156215536573849,0.00025598948760159401,700,3.8001370851933927,3.1145467304119547,2.3968472050703889e+23,3020046302996037,899236180.69728589,6375.5845211437563,0.6672329393316313,0.72693082757142169
2007,0.92199114096590906,0.00025610865026830807,700,3.8258552544628643,3.1230111398922871,2.396546889137201e+23,1257145250770456.2,889921239.30162859,6309.5415866485455,0.67421696831379574,0.73391485655358613
2008,0.9224009807928395,0.00025622249466467761,700,3.8501769634688348,3.1309621243674859,2.396275855567722e+23,514193331625145.5,880711640.73897612,6244.2455328393398,0.68126725280542422,0.7409651410452146
2009,0.92279290960923743,0.00025633136378034373,700,3.8731960697100796,3.1384395062878729,2.3960305848188931e+23,206573454700934.06,871605717.21426344,6179.6845350491276,0.68838465392087866,0.74808254216066905
2010,0.92316805815533098,0.00025643557170981415,700,3.8949987436244671,3.1454792331700117,2.3958080506735586e+23,81482656794761.25,862601867.75573063,6115.8472423881303,0.69557002184686489,0.75526791008665528
2011,0.92352746424939836,0.00025653540673594398,700,3.9156642326211362,3.1521138398145032,2.3956056421074754e+23,31545052608047.625,853698549.83639872,6052.7227183400664,0.70282419961353204,0.76252208785332243
2012,0.92387208236153096,0.00025663113398931417,700,3.93526552911456,3.1583728434580589,2.3954210988820243e+23,11981268714626.055,844894275.82906246,5990.3004156280522,0.71014802344499606,0.76984591168478644
2013,0.92420279204871836,0.00025672299779131065,700,3.9538699651270761,3.1642830856952946,2.3952524581610107e+23,4462795738919.6855,836187607.42113698,5928.570136615861,0.71754232504167736,0.77724021328146775
2014,0.92452040531836865,0.00025681122369954686,700,3.9715397374996741,3.1698690277457704,2.395098010145844e+23,1629551238088.7607,827577151.63494718,5867.5220050917751,0.72500793287326781,0.7847058211130582
2015,0.92482567311318187,0.0002568960203092172,700,3.9883323752578033,3.1751530070433347,2.3949562610508095e+23,583051560564.0625,819061558.74765944,5807.1464515209054,0.73254567204618493,0.79224356028597531
2016,0.92511929109042035,0.00025697758085845007,700,4.0043011592486799,3.1801554618270833,2.3948259020717471e+23,204334518630.38171,810639517.63655555,5747.4341800431785,0.74015636660462647,0.79985425484441686
2017,0.92540190469001937,0.0002570560846361165,700,4.0194954943514887,3.1848951266846677,2.3947057833306174e+23,70111120310.590012,802309752.45814371,5688.3761449282383,0.74784084097407488,0.80753872921386527
2018,0.92567411362061836,0.00025713169822794954,700,4.0339612422710127,3.1893892039217957,2.3945948919102929e+23,23542565575.884411,794071023.98907185,5629.9635600825195,0.75559991722888664,0.81529780546867703
2019,0.92593647598038198,0.00025720457666121723,700,4.0477410269525773,3.1936535164210946,2.3944923332224619e+23,7733035564.9562464,785922120.78832006,5572.1878363891883,0.7634344219732222,0.82313231021301259
2020,0.92618951172902286,0.00025727486436917302,700,4.0608744984173448,3.1977026391866468,2.3943973152770071e+23,2483589476.8562932,777861864.54343855,5515.0406196129788,0.77134518010105357,0.83104306834084396
2021,0.92643370602415953,0.00025734269611782211,700,4.0733985827023229,3.2015500194749649,2.3943091352041999e+23,779549453.94345713,769889102.96913242,5458.5137400511485,0.77933302041301411,0.8390309086528045
2022,0.9266695120558347,0.00025740819779328743,700,4.085347699268346,3.2052080808442431,2.3942271678079359e+23,239022261.90376982,762002710.85873485,5402.5992199884295,0.78739877358681998,0.84709666182661036
2023,0.92689735367575166,0.00025747148713215325,700,4.0967539619068658,3.2086883169934866,2.3941508557353691e+23,71557758.427874997,754201587.27466547,5347.2892537773778,0.79554327400466163,0.85524116224445201
2024,0.92711485044290798,0.00025753190290080775,700,4.1075117144602213,3.2119602569247032,2.3940805648013694e+23,21240346.817314304,746582422.67248929,5293.2693767479486,0.80366210317706332,0.86335999141685371
2025,0.92732101042172166,0.00025758916956158934,700,4.1175880875826625,3.2150157354024742,2.394016173694485e+23,6315337.8936395049,739199683.12994373,5240.9257533913005,0.81168865963180636,0.87138654787159675
2026,0.92751669538006765,0.00025764352649446326,700,4.127040824863764,3.217873625729188,2.3939570190016807e+23,1881351.0097531443,732042958.30291069,5190.1845743676367,0.81962403052271027,0.87932191876250065
2027,0.92770273360140509,0.00025769520377816806,700,4.1359239961423961,3.2205516605724505,2.3939021725449097e+23,561489.27671939158,725100561.53640473,5140.9629812931098,0.82747143200202322,0.88716932024181361
2028,0.92787986954947987,0.00025774440820818884,700,4.1442859305589881,3.2230659598609885,2.3938509196677611e+23,167865.67461963007,718361496.91845024,5093.1830131518118,0.83523407445111597,0.89493196269090636
2029,0.9280487700553558,0.00025779132501537659,700,4.1521696651815825,3.2254307423730864,2.3938027072259303e+23,50267.885969552306,711815636.85608292,5046.7728653096274,0.84291489106653306,0.90261277930632344
2030,0.92821003582710748,0.00025783612106308539,700,4.1596137163432845,3.2276586497726076,2.3937570788342207e+23,15076.154102361232,705453574.11233747,5001.6658404564723,0.85051663499610408,0.91021452323589447
2031,0.9283642095893756,0.00025787894710815987,700,4.1666526546471854,3.2297609584431122,2.393713656765266e+23,4528.2199053050608,699266551.91391945,4957.7998530696887,0.85804189884068804,0.91773978708047843
2032,0.92851178296746417,0.0002579199397131845,700,4.1733175914158416,3.2317477572270494,2.3936721274810139e+23,1361.9769587835704,693246405.45963192,4915.1170147087896,0.86549312809230028,0.92519101633209067
2033,0.92865320240816529,0.00025795922289115702,700,4.1796365954396704,3.233628098280604,2.3936322300008732e+23,410.1927209882312,687385510.11159265,4873.5632666911915,0.87287263285866146,0.93257052109845184
2034,0.92878887429626233,0.00025799690952673954,700,4.185635051563712,3.235410125711156,2.3935937465126749e+23,123.69576658543325,681676735.40548825,4833.0880540249118,0.880182598050814,0.9398804862906045
2035,0.92891916939727848,0.00025803310261035512,700,4.1913359705359801,3.2371011857682874,2.3935564947640223e+23,37.346087434441586,676113403.40436316,4793.6440301369339,0.8874250931557971,0.94712298139558748
2036,0.92904442671733034,0.00025806789631036952,700,4.1967602571081866,3.2387079214313639,2.3935203218771205e+23,11.288468011519248,670689249.3339051,4755.1867777773869,0.89460208374577332,0.95429997198556371
2037,0.92916495682185485,0.00025810137689495969,700,4.201926940932835,3.2402363533573388,2.3934850993178816e+23,3.4158795257445442,665398392.22933424,4717.6746009059789,0.90171543395194409,0.96141332219173459
2038,0.92928104482778484,0.00025813362356327357,700,4.206853381479581,3.2416919509969579,2.3934507187541224e+23,1.0347298233643381,660235300.42182612,4681.0682799907472,0.90876691933414999,0.96846480757394038
2039,0.92939295293637192,0.0002581647091489922,700,4.2115554431961444,3.2430796931570165,2.3934170886828068e+23,0.3137538763229108,655194769.25515783,4645.3309140190686,0.91575822664472029,0.97545611488451067
2040,0.92950092276625496,0.00025819470076840414,700,4.2160476533672568,3.2444041220039583,2.3933841316236326e+23,0.095229300461707925,650271889.97064745,4610.4276998918904,0.92269096858405386,0.98238885682384425
2041,0.92960517727689229,0.00025822366035469228,700,4.2203433351777866,3.245669388554401,2.3933517818426609e+23,0.028930406495856653,645462034.39008021,4576.3258238256685,0.92956667942051951,0.98926456766031001
2042,0.92970592261421237,0.00025825164517061456,700,4.224454730945201,3.2468792942748324,2.3933199834264398e+23,0.008796802613232858,640760829.64828897,4542.9942822063686,0.9363868267811214,0.99608471502091189
2043,0.92980334964743772,0.00025827870823539939,700,4.2283931067897607,3.2480373263851652,2.3932886887137819e+23,0.0026771108492644959,636164141.23477507,4510.4037613545552,0.94315281404484441,1.0028507022846349
2044,0.92989763536472347,0.00025830489871242316,700,4.2321688465442628,3.2491466893057992,2.3932578569839564e+23,0.00081538937797951013,631668059.06912839,4478.5265388001199,0.94986598005953204,1.0095638682993224
2045,0.92998894417652722,0.00025833026227125758,700,4.2357915374326698,3.2502103331032193,2.393227453343695e+23,0.00024854624946492863,627268874.97819519,4447.3363235954039,0.95652761349087645,1.0162255017306669
2046,0.93007742893779133,0.0002583548413716087,700,4.2392700406507622,3.2512309770137175,2.3931974478438233e+23,7.5819400040159744e-05,622963077.24742639,4416.8082176842527,0.96313894340433592,1.0228368316441263
2047,0.93016323203138396,0.00025837867556427333,700,4.2426125609302163,3.2522111322575777,2.3931678146858925e+23,2.3145806046207298e-05,618747330.94455588,4386.9185763969008,0.96970115262406553,1.029399040863856
2048,0.93024648620940753,0.0002584018017248354,700,4.2458267035371771,3.2531531208187037,2.3931385315992723e+23,7.0708502359365892e-06,614618468.95596588,4357.6449448977974,0.97621537637683131,1.0359132646166218
2049,0.93037041758704242,0.0002584362271075118,700,4.2505458445823452,3.2545351061126224,2.3930937062485919e+23,1.138157655060851e-06,608417317.12048602,4313.6787783842456,0.98616522428992737,0
2050,0.93049201112045066,0.00025847000308901408,700,4.255112294186449,3.2558714726324851,2.3930484476948787e+23,1.750124329200121e-07,602251760.55548978,4269.9649823384225,0.99626109759577475,0
2051,0.93061078372239714,0.00025850299547844363,700,4.2595111519704281,3.2571580277621508,2.393002950852128e+23,2.5909991500552812e-08,596150611.13786268,4226.7078329674459,1.0064570744208245,0
2052,0.93072683785316845,0.00025853523273699125,700,4.263749616359223,3.2583970299809462,2.3929572030203361e+23,3.6908189652921049e-09,590113550.74535084,4183.9050747845367,1.0167534692978359,0
2053,0.93084027901614419,0.00025856674417115114,700,4.2678347998011557,3.2595906946172963,2.3929111931532844e+23,5.0547656558541112e-10,584139862.17966914,4141.5516228538536,1.0271512677822567,0
2054,0.9309512079749902,0.00025859755777083061,700,4.2717734487981724,3.2607411139059432,2.392864914122263e+23,6.6505938899506499e-11,578228832.11442494,4099.6424196912722,1.0376514740815741,0
2055,0.93105972091032163,0.00025862770025286713,700,4.2755719615398302,3.2618502639158122,2.3928183621250769e+23,8.3994924714368549e-12,572379760.09788489,4058.1724990940033,1.0482550953538112,0
2056,0.93116590973432123,0.00025865719714842256,700,4.2792364104262175,3.2629200127115756,2.3927715361083889e+23,1.0174755018671212e-12,566591953.78931916,4017.1369523662729,1.0589631497363325,0
2057,0.93126986230296793,0.00025868607286193556,700,4.2827725601485724,3.2639521270441016,2.3927244372992551e+23,1.1811667981465512e-13,560864729.58009446,3976.5309327228692,1.069776665131368,0
2058,0.93137166262922244,0.00025871435073033958,700,4.2861858851681083,3.2649482787120543,2.392677068795479e+23,1.3129429425293527e-14,555197413.15295184,3936.3496592544284,1.0806966779485074,0
2059,0.93147139109598664,0.00025874205308221854,700,4.2894815864621929,3.2659100505721752,2.3926294352057103e+23,1.3962134563456175e-15,549589340.29876471,3896.5884227182414,1.091724231175647,0
2060,0.9315691246734259,0.00025876920129817388,700,4.292664607820063,3.2668389422973454,2.3925815423301779e+23,1.4192064797799538e-16,544039854.42991424,3857.242567908092,1.1028603789123594,0
2061,0.93166493708289866,0.00025879581585636075,700,4.2957396496748412,3.2677363753064794,2.3925333969030241e+23,1.3776414900483048e-17,538548308.0784986,3818.3075042765549,1.1141061832331376,0
2062,0.93175889897944386,0.00025882191638317887,700,4.298711183098872,3.2686036976470274,2.3924850063586233e+23,1.2759248572422829e-18,533114061.96755463,3779.7786993499622,1.1254627157752894,0
2063,0.93185107811030166,0.000258847521697306,700,4.3015834237053063,3.2694420887850035,2.3924363786363308e+23,1.1264720475653133e-19,527736558.24926674,3741.6521979873014,1.1369308997475231,0
2064,0.9319415407111844,0.00025887265019755123,700,4.3043603814581139,3.2702525703406491,2.3923875209963886e+23,9.4716617526638523e-21,522415256.67341048,3703.9241698144801,1.1485116338688628,0
2065,0.93203035177025673,0.00025889731993618243,700,4.3070459950233078,3.2710363306010324,2.3923384394039847e+23,7.576888870074551e-22,517149390.58165932,3666.5891792239645,1.1602063367514659,0
2066,0.93211757120249428,0.0002589215475562484,700,4.3096439387332115,3.2717944770704079,2.3922891408556717e+23,5.7608121396424572e-23,511938350.42337114,3629.6429045017012,1.1720161216752021,0
2067,0.9322032565376831,0.00025894534903824531,700,4.3121577125595953,3.2725280626742368,2.3922396320220259e+23,4.1587771720832807e-24,506781536.2801798,3593.0810922264745,1.1839421072915397,0
2068,0.93228746307411803,0.00025896873974281056,700,4.314590652432412,3.2732380891573509,2.3921899191799774e+23,2.8476747664401527e-25,501678360.59302568,3556.8995766045523,1.1959854104345857,0
2069,0.93237024407116709,0.00025899173446421305,700,4.3169459411885187,3.2739255106255065,2.3921400081250606e+23,1.8475692749540076e-26,496628233.69885653,3521.094176924893,1.2081471798959895,0
2070,0.93245165069957436,0.00025901434741654845,700,4.3192266123199863,3.274591234949884,2.3920899042351592e+23,1.1345754171835933e-27,491630584.90928042,3485.6608470067981,1.2204285461831401,0
2071,0.93253173233400777,0.00025903659231500215,700,4.3214355630331553,3.2752361278560982,2.3920396123298992e+23,6.5873892583672824e-29,486684839.54071069,3450.5955123436388,1.232830676554926,0
2072,0.93261053646665082,0.00025905848235184743,700,4.3235755564588221,3.2758610138190782,2.3919891367665279e+23,3.612089842223191e-30,481790438.5313099,3415.8942091869867,1.2453547268996044,0
2073,0.93268810893680854,0.00025908003026022458,700,4.325649232270564,3.2764666793858477,2.3919384813401212e+23,1.8684293080316075e-31,476946825.85219467,3381.5529952920597,1.2580018724895328,0
2074,0.93276449395325456,0.00025910124832034847,700,4.3276591113586118,3.2770538747409761,2.3918876493152671e+23,9.1067943990689182e-33,472153451.22019702,3347.5679691511968,1.2707733014540215,0
2075,0.93283973415854904,0.00025912214837737471,700,4.3296076014803448,3.2776233155365535,2.3918366434340111e+23,4.1774841431140702e-34,467409776.66618866,3313.9353165632774,1.2836701968014324,0
2076,0.93291387079493215,0.00025914274188748116,700,4.3314970052237962,3.2781756853800674,2.3917854658531354e+23,1.801365656806265e-35,462715262.08302373,3280.6512081686383,1.2966937751284799,0
2077,0.93298694363883594,0.00025916303989967663,700,4.3333295218336447,3.2787116365124045,2.3917341182399034e+23,7.2928432453335106e-37,458069383.67886156,3247.7119302831279,1.3098452360672104,0
2078,0.93305899122523139,0.00025918305311811984,700,4.3351072562060242,3.2792317925676402,2.3916826016664469e+23,2.7685822860307085e-38,453471616.19593579,3215.1137588291845,1.3231258111218858,0
2079,0.93313005078961153,0.00025920279188600321,700,4.3368322205538936,3.2797367491766294,2.3916309167002297e+23,9.8431147803443748e-40,448921446.55313778,3182.8530560617464,1.3365367250926814,0
2080,0.93320015842281479,0.00025922226622855968,700,4.338506341151942,3.2802270760449259,2.3915790633419345e+23,3.2731007184366162e-41,444418363.79608583,3150.9261993142486,1.3500792246184055,0
2081,0.93326934906691084,0.00025924148585191968,700,4.3401314610642752,3.2807033178455121,2.3915270410769237e+23,1.0166354636680655e-42,439961866.14253366,3119.3296309505631,1.363754557322518,0
2082,0.93333765661975299,0.00025926046017215362,700,4.3417093452692646,3.2811659958038937,2.3914748488447545e+23,2.9455451294820118e-44,435551455.08167195,3088.0598165290539,1.3775639892822573,0
2083,0.93340511394657111,0.00025927919831849195,700,4.3432416834527405,3.2816156085921446,2.3914224850767719e+23,7.949964654230046e-46,431186638.85988826,3057.1132695166075,1.3915087943969588,0
2084,0.93347175294473106,0.00025929770915131419,700,4.3447300939368212,3.2820526335486155,2.3913699476925734e+23,1.9959906486949042e-47,426866935.65734184,3026.4865738105536,1.4055902434233907,0
2085,0.93353760465630942,0.00025931600129341931,700,4.3461761284050997,3.2824775281255127,2.3913172340539095e+23,4.6550833748217609e-49,422591865.75249755,2996.1763281852072,1.4198096286865265,0
2086,0.93360269925892014,0.00025933408312747784,700,4.3475812738562114,3.2828907305179178,2.3912643410133977e+23,1.0070260264520002e-50,418360951.39441252,2966.1791453863843,1.434168265465928,0
2087,0.9336670660543076,0.00025935196279286323,700,4.3489469544229218,3.2832926602459263,2.3912112649661654e+23,2.0177109234366625e-52,414173730.88054603,2936.4917519430714,1.4486674437907532,0
2088,0.93373073367272452,0.00025936964824242346,700,4.3502744176151111,3.2836835295373783,2.3911580017325114e+23,3.7401342103731306e-54,410030115.86856329,2907.1135215081135,1.4633071493517618,0
2089,0.93379373576360669,0.00025938714882322406,700,4.3515650867257953,3.2840637479346815,2.3911045417143519e+23,6.4021472474751366e-56,405929310.49978107,2878.0388114434477,1.4780898656006847,0
2090,0.93385610008722597,0.00025940447224645166,700,4.3528202303086774,3.2844336934860836,2.391050879061499e+23,1.0103727865505157e-57,401870828.01218098,2849.2641706063632,1.4930170546786081,0
2091,0.93391785322389187,0.00025942162589552553,700,4.3540410547160997,3.2847937256544331,2.3909970078669524e+23,1.4677983219143589e-59,397854227.02861989,2820.7864696329148,1.5080900471539758,0
2092,0.93397902122777221,0.00025943861700771453,700,4.3552287191176395,3.2851441897809988,2.3909429216461324e+23,1.9596322408825557e-61,393879063.36085862,2792.6025592284873,1.5233102132425362,0
2093,0.93403962954000708,0.00025945545265000197,700,4.3563843352609632,3.2854854170516568,2.3908886134428154e+23,2.4004354942956007e-63,389944903.15487045,2764.7093633680315,1.5386789137277275,0
2094,0.9340997031038869,0.0002594721397510797,700,4.3575089710813124,3.2858177255952965,2.3908340757555662e+23,2.6932968061932202e-65,386051319.47872382,2737.1038551041515,1.5541975113831137,0
2095,0.93415926642788494,0.00025948868511885693,700,4.3586036531512393,3.2861414212391193,2.3907793005054986e+23,2.7632032503305712e-67,382197886.0677774,2709.7830122205414,1.5698673955867943,0
2096,0.93421834355233857,0.00025950509543120514,700,4.359669367273038,3.2864567977125518,2.3907242790907841e+23,2.5877266177653556e-69,378384182.91298205,2682.7438568530424,1.5856899603490653,0
2097,0.9342769581024436,0.0002595213772506788,700,4.3607070606313769,3.2867641373102434,2.3906690023615386e+23,2.2081619985678423e-71,374609797.7528671,2655.9834660678275,1.601666597080903,0
2098,0.93433513336497975,0.00025953753704582774,700,4.3617176442117236,3.2870637116328032,2.3906134605681523e+23,1.7138128662660949e-73,370874317.96852309,2629.4989143968287,1.6177987283846473,0
2099,0.9343928922395055,0.0002595535811776404,700,4.3627019929981667,3.2873557816685404,2.3905576434277822e+23,1.2075942184213292e-75,367177347.48866796,2603.2873936946557,1.6340877347247504,0
2100,0.93445025745369337,0.00025956951595935924,700,4.3636609505240349,3.28764059916525,2.3905015399323592e+23,7.7105494737114072e-78,363518479.13063335,2577.3460170361905,1.6505350744064515,0
2101,0.93450725134736756,0.00025958534759649098,700,4.3645953261721182,3.2879184058500357,2.390445138574983e+23,4.4527564926372432e-80,359897320.81078875,2551.6720045484917,1.6671421689061199,0
2102,0.93456389606660972,0.0002596010822407249,700,4.3655058992299853,3.2881894346523355,2.3903884271748142e+23,2.3211823517323458e-82,356313484.50223207,2526.2626051208254,1.6839104499179889,0
2103,0.93462021358659142,0.00025961672599627542,700,4.3663934200029466,3.2884539100548524,2.3903313928650916e+23,1.0901023622653158e-84,352766584.90227228,2501.1150869571102,1.7008413655908463,0
2104,0.9346762257138993,0.00025963228492052758,700,4.3672586105473501,3.2887120483303436,2.3902740221007358e+23,4.6028782738247664e-87,349256242.64873725,2476.2267603795472,1.7179363651445081,0
2105,0.93473195414068333,0.00025964776503907869,700,4.3681021661625605,3.2889640580042787,2.3902163006116028e+23,1.7438403182546022e-89,345782082.78168136,2451.5949669221204,1.7351969054418177,0
2106,0.93478742047562735,0.00025966317235434091,700,4.3689247564256055,3.2892101401812992,2.3901582133764676e+23,5.9154891773377406e-92,342343730.2450788,2427.2170474376085,1.7526244735677468,0
2107,0.93484264620308144,0.00025967851283418929,700,4.3697269892424622,3.289450450297954,2.3900997446727296e+23,1.7934102154103625e-94,338940978.12190717,2403.0915348843214,1.7702197100056678,0
2108,0.93489765538800951,0.00025969379316333598,700,4.3705093922537541,3.2896850466224148,2.3900408752046554e+23,4.8525185776925651e-97,335573878.28814036,2379.2187970629147,1.7879818389344662,0
2109,0.93495247896449707,0.00025970902193458252,700,4.3712726967674858,3.2899141518910375,2.389981577244985e+23,1.1681376884055483e-99,332241513.98288542,2355.5923341386574,1.8059151994801814,0
2110,0.93500713885875131,0.000259724205238542,700,4.3720174792435795,3.2901379426722053,2.3899218317470068e+23,2.4962748759802671e-102,328943532.46552688,2332.2096451805851,1.8240212704679934,0
2111,0.93506165711061395,0.00025973934919739278,700,4.3727442950998165,3.2903565894384155,2.3898616186958484e+23,4.724784803993037e-105,325679590.08247471,2309.0682936847456,1.8423015082033747,0
2112,0.93511605599342151,0.00025975445999817264,700,4.3734536805495097,3.2905702571419382,2.3898009169679979e+23,7.90243508884258e-108,322449341.25252652,2286.1658294804129,1.8607574066343322,0
2113,0.93517035795234038,0.00025976954387565011,700,4.3741461519706757,3.2907791050483399,2.3897397043892589e+23,1.1652349229322586e-110,319252448.4426114,2263.4998594581143,1.8793904414106803,0
2114,0.93522458571151423,0.0002597846071420873,700,4.3748222074681449,3.2909832872312177,2.3896779576030431e+23,1.5111504626842402e-113,316088578.82117736,2241.0680238421473,1.8982020870151133,0
2115,0.93527876232869778,0.00025979965620241604,700,4.3754823276572745,3.2911829528346797,2.3896156519926324e+23,1.7194680246110662e-116,312957403.10441738,2218.8679880103191,1.9171938226999272,0
2116,0.93533291123299589,0.00025981469756472108,700,4.3761269761565886,3.2913782462492058,2.3895527616192938e+23,1.7124098739384095e-119,309858597.78568095,2196.8974583004779,1.9363671180588002,0
2117,0.93538705630450458,0.00025982973786236241,700,4.3767566004966261,3.2915693074153607,2.3894892591079536e+23,1.4889125192347575e-122,306791846.00334942,2175.1541881637472,1.9557234255614779,0
2118,0.9354412219743049,0.00025984478388175135,700,4.3773716332051942,3.2917562721847689,2.389425115503983e+23,1.1273728395761783e-125,303756820.83635926,2153.6358597297872,1.9752642865696626,0
2119,0.93549543302940907,0.00025985984250816917,700,4.3779724894793866,3.2919392716431837,2.3893603004780645e+23,7.4148794841240816e-129,300753227.99102902,2132.3403864563957,1.9949910563151028,0
2120,0.93554971518632901,0.00025987492088509138,700,4.3785595733764202,3.2921184340312473,2.3892947816088408e+23,4.2250321403348103e-132,297780745.67449719,2111.2654868321852,2.0149052909413334,0
2121,0.9356040945886035,0.00025989002627461208,700,4.3791332720242018,3.2922938830182051,2.3892285249492456e+23,2.0802208062215259e-135,294839084.13221878,2090.4091064974309,2.0350083563919013,0
2122,0.93565859838835008,0.00025990516621898611,700,4.3796939615280568,3.2924657395471537,2.3891614942815297e+23,8.8260375894400719e-139,291927936.10701269,2069.7690669987201,2.0553017570064163,0
2123,0.93571325442655995,0.00025992034845182221,700,4.380242003203608,3.2926341207280361,2.3890936514614288e+23,3.2183649595756811e-142,289047024.04413503,2049.3434004729174,2.0757868100672265,0
2124,0.93576809180043952,0.00025993558105567762,700,4.3807776046353286,3.2927990307051509,2.3890249556750223e+23,1.0079963980114569e-145,286196811.08215588,2029.1353905724852,2.0964594180183354,0
2125,0.93582315534039884,0.00025995087648344409,700,4.3813011713992536,3.2929605659874759,2.3889553450155666e+23,2.7019922437823737e-149,283376682.77415699,2009.140680868773,2.1173231125659786,0
2126,0.93587848517504224,0.00025996624588195616,700,4.3818131053766463,3.2931188591452281,2.3888847617181203e+23,6.1745864378023531e-153,280585962.57376802,1989.3544746480152,2.1383821004311852,0
2127,0.93593411516944403,0.00025998169865817889,700,4.3823137221764865,3.2932740170006487,2.3888131545010304e+23,1.1994874576349054e-156,277824377.14369011,1969.7748339487628,2.1596377041085972,0
2128,0.935990080733199,0.00025999724464811084,700,4.3828033262594976,3.2934261438304935,2.3887404686934433e+23,1.9751520802075909e-160,275091659.03312236,1950.3998625448373,2.1810912119576735,0
2129,0.93604641899846885,0.00026001289416624132,700,4.3832822115200925,3.2935753416283369,2.3886666459107639e+23,2.7490026426593517e-164,272387554.70696694,1931.2277628723955,2.2027438098098009,0
2130,0.93610316918434322,0.000260028658106762,700,4.3837506630485423,3.2937217107468704,2.3885916234664881e+23,3.2243371428257678e-168,269711801.53665507,1912.2566728948843,2.224596760622124,0
2131,0.9361603724983093,0.00026004454791619702,700,4.3842089549886829,3.2938653493332728,2.3885153343822163e+23,3.1777475756618441e-172,267064151.50054088,1893.4848341388347,2.2466512133088923,0
2132,0.93621807255042722,0.00026006057570845199,700,4.3846573523849939,3.2940063540210498,2.388437706705816e+23,2.6238664665565519e-176,264444372.28913239,1874.9105995299483,2.2689081821109247,0
2133,0.93627631583290283,0.00026007675439802857,700,4.3850961130756003,3.2941448206616508,2.3883586627102419e+23,1.8096160268295329e-180,261852209.9409028,1856.5321684810008,2.2913688608372387,0
2134,0.93633515139249213,0.0002600930976090256,700,4.3855254833511177,3.2942808431036932,2.3882781191712823e+23,1.0393831563808998e-184,259287448.02827188,1838.3480065204476,2.3140341137322538,0
2135,0.9363946318535209,0.00026010961995931139,700,4.3859457033783054,3.2944145150765642,2.3881959857844983e+23,4.9567116126185556e-189,256749855.508432,1820.3564755547827,2.3369049178697403,0
2136,0.93645481330367619,0.00026012633702879892,700,4.3863570039255997,3.2945459293485779,2.3881121651051656e+23,1.9567990975211936e-193,254239222.30487353,1802.5560861415531,2.3599820458878837,0
2137,0.93651575603741755,0.00026014326556594934,700,4.3867596088259475,3.2946751787341895,2.3880265512770438e+23,6.3756024824259469e-198,251755334.65621182,1784.9453227125418,2.3832662804120464,0
2138,0.93657752476651523,0.00026016042354625422,700,4.3871536457829627,3.2948023052483522,2.3879390294645361e+23,1.7133684553187727e-202,249298538.29427725,1767.5266365064256,2.4067529802029859,0
2139,0.93664020335931575,0.00026017783426647659,700,4.3875392142968384,3.2949273153767611,2.3878494545154334e+23,3.7993897561552157e-207,246869350.06754771,1750.3036919789133,2.4304353692989014,0
2140,0.93670390127822356,0.00026019552813283988,700,4.3879167061613513,3.2950503644601246,2.3877576402581109e+23,6.8971718479955779e-212,244466398.20113522,1733.2667632460486,2.454325029595064,0
2141,0.9367687049100647,0.00026021352914168465,700,4.3882863122406928,3.2951715465376288,2.3876634291811712e+23,1.0221695607161451e-216,242089530.58210057,1716.4147718270931,2.4784219233161764,0
2142,0.93683470892596699,0.00026023186359054639,700,4.3886482182163293,3.2952909579832879,2.3875666474795998e+23,1.2332911867499425e-221,239738590.50458059,1699.7466066774764,2.5027259847368462,0
2143,0.93690201693560693,0.00026025056025989079,700,4.3890026021448518,3.2954086972722547,2.3874671035181834e+23,1.2081831137473798e-226,237413436.00449297,1683.2612612718551,2.5272369167372868,0
2144,0.9369707428023768,0.00026026965077843801,700,4.3893496347363072,3.2955248657350831,2.3873645852344318e+23,9.5852911250800795e-232,235113941.52174863,1666.9578453891977,2.5519541551494873,0
2145,0.93704101220089908,0.00026028917005580529,700,4.3896894796877151,3.2956395684597388,2.3872588570556298e+23,6.1437299318718552e-237,232840003.76698747,1650.8356267079409,2.5768767835979101,0
2146,0.93711296459705584,0.00026030915683251553,700,4.3900222945542842,3.2957529155397363,2.3871496560256402e+23,3.1739056105246982e-242,230591522.67798072,1634.8938957868834,2.6020037208301683,0
2147,0.93718675491119829,0.00026032965414199953,700,4.3903482285014679,3.2958650224531292,2.3870366882357759e+23,1.3187845555708206e-247,228368428.51779723,1619.1321581911823,2.6273334010933156,0
2148,0.93726255637018441,0.00026035071010282898,700,4.3906674236401662,3.2959760118970163,2.3869196232356801e+23,4.3990618771601547e-253,226170677.91107574,1603.5501063895269,2.6528637820854208,0
2149,0.93734056370783725,0.00026037237880773256,700,4.3909800152975107,3.2960860155796081,2.3867980876224191e+23,1.1760769709399022e-258,223998244.65343249,1588.1475545928363,2.6785924190089663,0
2150,0.93742099658945899,0.00026039472127484974,700,4.3912861303960176,3.296195175734963,2.3866716579526406e+23,2.5167706388587473e-264,221851140.07481992,1572.9245831304731,2.7045161895388423,0
2151,0.93750410444859655,0.00026041780679127684,700,4.3915857047472588,3.2963035650921126,2.3865398510489346e+23,4.3427921717656496e-270,219730705.51452705,1557.8907020979966,2.7306151800451586,0
2152,0.93759022523187396,0.00026044172923107611,700,4.3918788890603899,3.2964113566894415,2.3864020272234274e+23,6.0342059272022658e-276,217636772.10383457,1543.044714216187,2.756887056355255,0
2153,0.93767973643212432,0.00026046659345336788,700,4.3921659047133685,3.2965187891168748,2.3862574626351221e+23,6.718458995066248e-282,215568630.27756494,1528.3815886679354,2.7833363287944231,0
2154,0.93777303664290956,0.00026049251017858598,700,4.3924468396067065,3.2966260825237113,2.3861053762343085e+23,6.0007568608804906e-288,213526488.39560801,1513.9028027248605,2.809955825660182,0
2155,0.93787059140417062,0.00026051960872338075,700,4.3927217673713841,3.2967334888587185,2.3859448513046834e+23,0,211510653.90897921,1499.6105362146625,2.8367365374332492,0
2156,0.93797295036014205,0.00026054804176670613,700,4.3929907486834967,3.2968413017926994,2.3857748006005147e+23,0,209521512.96964219,1485.5075269547631,2.8636677518023399,0
2157,0.93808076777467009,0.00026057799104851946,700,4.3932538268243686,3.2969498675563651,2.3855939236984121e+23,0,207559573.75288358,1471.5973779079445,2.8907363276547695,0
2158,0.93819483112796576,0.00026060967531332384,700,4.3935110256680066,3.2970596011217461,2.3854006478699083e+23,0,205625488.26855242,1457.8847118240365,2.9179262019131782,0
2159,0.93831609946333661,0.00026064336096203795,700,4.393762345316615,3.2971710078782759,2.385193048274084e+23,0,203720086.41498128,1444.3754126822171,2.94521767862296,0
2160,0.93844575607994396,0.00026067937668887333,700,4.3940077559176505,3.2972847139530637,2.3849687377173654e+23,0,201844434.9307816,1431.0770436592413,2.9725862900592612,0
2161,0.93858528342142822,0.00026071813428373008,700,4.3942471900567979,3.2974015102533083,2.3847247094432145e+23,0,199999895.68133086,1417.9992603806356,3.0000015647808533,0
2162,0.93873657027395718,0.00026076015840943256,700,4.3944805303794734,3.2975224165781833,2.3844571105828645e+23,0,198188243.31776214,1405.1546451229335,3.0274247854248295,0
2163,0.93890207264153458,0.00026080613128931518,700,4.3947073560207235,3.2976486934679614,2.3841609010763133e+23,0,196413662.77483791,1392.5728690736007,3.0547773078689544,0
2164,0.93908525354218964,0.00026085701487283048,700,4.3949275601495907,3.2977822893249105,2.3838289736800515e+23,0,194677952.40940589,1380.2666825826875,3.0820131020188954,0
2165,0.93929070995571495,0.00026091408609880973,700,4.3951407489401921,3.2979258259453825,2.3834517791152383e+23,0,192985223.98365611,1368.2652380441216,3.1090463177160852,0
2166,0.93952494748241977,0.00026097915207844993,700,4.3953463098388061,3.2980831146193643,2.3830156880333294e+23,0,191341418.46274406,1356.6106569008552,3.1357559948100078,0
2167,0.9397976034629888,0.00026105488985083021,700,4.3955433282666387,3.2982599887067376,2.3825003271785437e+23,0,189755043.67923814,1345.3632596857983,3.1619712887012361,0
2168,0.94012374233029949,0.00026114548398063872,700,4.3957304027245758,3.2984659193360071,2.3818735199458328e+23,0,188238749.62700409,1334.6127348554589,3.1874414868824972,0
2169,0.94052862403841464,0.00026125795112178185,700,4.3959052797741034,3.2987175062006213,2.3810806532948269e+23,0,186812406.77086967,1324.4999640054659,3.2117781167281665,0
2170,0.9410589097689821,0.00026140525271360615,700,4.3960640088240837,3.2990470471391342,2.3800193444446482e+23,0,185510226.94864878,1315.2675090659197,3.2343230336626476,0
2171,0.94181436170078536,0.00026161510047244035,700,4.3961981384004174,3.2995279050016162,2.3784665740075454e+23,0,184404191.94125652,1307.4257208635086,3.2537221290020075,0
2172,0.9430738923856512,0.00026196497010712533,700,4.3962731109379742,3.3003782858516897,2.3757828619318361e+23,0,183783688.80029437,1303.0263535940871,3.2647075696254007,0
2173,0.94680443265435754,0.00026300123129287712,700,4.3935009760326142,3.2972558782870447,2.3719300134766406e+23,0,205701360.34396821,1458.4226448387346,2.916849937193883,0
2174,0.94715455068882204,0.00026309848630245059,700,4.3941140217223369,3.2985588545443014,2.3704063201506286e+23,0,201027577.3160457,1425.285523170764,2.9846651290867885,0
2175,0.9473051425751432,0.00026314031738198422,700,4.3943592727620606,3.2990933636365196,2.3697689302174359e+23,0,199131431.33443564,1411.8418481611486,3.0130853576415908,0
2176,0.94746329272898855,0.00026318424798027457,700,4.3945901188652972,3.2996196862499239,2.369122930003673e+23,0,197332544.79244664,1399.0877425784465,3.0405526905411211,0
2177,0.9476367787804385,0.0002632324385501218,700,4.394814333932521,3.3001584429078266,2.3684401643431881e+23,0,195572036.2379497,1386.6057369270632,3.0679232652156294,0
2178,0.94782950161756574,0.00026328597267154605,700,4.3950318928018559,3.3007139915779584,2.3677106867242937e+23,0,193851072.61279482,1374.404104824715,3.0951595568339298,0
2179,0.94804658655851404,0.00026334627404403168,700,4.3952423371051808,3.3012913016573853,2.3669219766879347e+23,0,192174293.87091261,1362.5157435447704,3.1221657585641096,0
2180,0.94829538590332152,0.00026341538497314486,700,4.3954449981070161,3.3018972940329876,2.3660562551546954e+23,0,190548127.90195802,1350.9862268248821,3.1488107839543593,0
2181,0.94858691979519594,0.00026349636660977666,700,4.3956388769878343,3.3025420485194354,2.3650871357385235e+23,0,188981814.08276168,1339.8810618467803,3.1749086699804843,0
2182,0.94893866669979332,0.00026359407408327594,700,4.3958224339091005,3.3032411393878642,2.3639731482716357e+23,0,187489197.06270799,1329.2984071745996,3.2001843807530035,0
2183,0.94938049969396543,0.00026371680547054594,700,4.3959931649228849,3.3040205942551117,2.3626439779030474e+23,0,186092307.87744981,1319.394462851119,3.2242063459986054,0
2184,0.94996910559377201,0.00026388030710938114,700,4.3961465597647642,3.3049289487132461,2.3609670304587052e+23,0,184830125.09375483,1310.4455869147216,3.2462240649117713,0
2185,0.95083104178477029,0.00026411973382910284,700,4.3962720701495233,3.3060729335581898,2.3586476105957126e+23,0,183792314.45228001,1303.0875094666651,3.2645543519491644,0
2186,0.952357497971697,0.00026454374943658251,700,4.3963087987403764,3.3077593617100214,2.3547869977879663e+23,0,183487745.06157991,1300.9281124866015,3.2699731516054946,0
2187,0.96155362904155472,0.00026709823028932077,700,4.1993566058810181,3.2286084544354328,2.3499676855535832e+23,6.2376779126565269,668046038.6646378,4736.4464141322824,0.89814169274821898,0.95783958098800936
2188,0.96168041335240773,0.00026713344815344661,700,4.2046345879343558,3.2306604749015437,2.3494949404506442e+23,1.7848440386914455,662575305.6379478,4697.6589169730496,0.90555744365133195,0.96525533189112234
2189,0.9617970668499487,0.00026716585190276354,700,4.2094424891031155,3.2325236397248442,2.349067416108041e+23,0.54022778483896106,657473742.04771578,4661.4888311183049,0.9125839735154857,0.97228186175527609
2190,0.96190944473830864,0.00026719706798286353,700,4.2140286249552688,3.2342954268883379,2.3486622587171111e+23,0.16389122026468791,652497749.44653606,4626.2090435759401,0.91954340150434855,0.97924128974413893
2191,0.9620179131583857,0.00026722719809955161,700,4.2184121818316411,3.2359841121595707,2.3482772269337881e+23,0.049768957652653795,647636991.59745061,4591.7462704259242,0.92644491865736389,0.98614280689715428
2192,0.96212269389509597,0.00026725630385974889,700,4.2226060016749178,3.2375953983929384,2.3479107246704994e+23,0.0151270947306695,642886850.13341701,4558.0677674459266,0.93329020476228941,0.9929880930020798
2193,0.96222398945309007,0.00026728444151474725,700,4.2266217846299483,3.2391344477013537,2.3475613262931015e+23,0.0046018349146023695,638243083.66322505,4525.1434631722659,0.94008069238490266,0.99977858062469316
2194,0.96232198747718145,0.00026731166318810594,700,4.2304703070195089,3.240605979506161,2.347227747012182e+23,0.0014011035814107198,633701679.04361379,4492.9449044192215,0.94681775327709949,1.0065156415168899
2195,0.96241686207916599,0.00026733801724421278,700,4.2341615086896383,3.2420143160768649,2.3469088264297896e+23,0.00042693260840424185,629258838.00171852,4461.4451614321842,0.95350269835758961,1.0132005865973801
2196,0.9625087750759318,0.00026736354863220326,700,4.2377045726977149,3.243363423377307,2.3466035141086492e+23,0.0001301923201933126,624910962.04190624,4430.6187208771153,0.96013678178966588,1.0198346700294565
2197,0.96259787708949962,0.0002673882991915277,700,4.2411079959470097,3.2446569469533295,2.3463108570695437e+23,3.9731598578854021e-05,620654636.82435894,4400.4413750847043,0.96672120757843616,1.0264190958182267
2198,0.96268430848902964,0.00026741230791361932,700,4.244379650548872,3.245898243016045,2.3460299890504079e+23,1.2133866256499245e-05,616486617.08611345,4370.8901151405435,0.97325713709076267,1.0329550253305531
2199,0.96276820017916509,0.00026743561116087918,700,4.2475268365669407,3.2470904051771425,2.345760121309918e+23,3.7082111258299385e-06,612403828.2295835,4341.9431421477466,0.97974567163395732,1.0394435598737479
2200,0.96289403473490864,0.00026747056520414131,700,4.2521828179702288,3.2488499682511538,2.34536129894729e+23,5.8926389053307097e-07,606226221.84867477,4298.1439129071041,0.98972954051758411,0
2201,0.96301751979142203,0.00026750486660872836,700,4.25668887771028,3.2505494913048447,2.3449752454094973e+23,8.9415875395933502e-08,600083770.46077514,4254.5939325668951,0.99986040205568161,0
2202,0.9631381579106818,0.0002675383771974116,700,4.2610300481274281,3.2521839397504322,2.3446028944375236e+23,1.3059795277933147e-08,594005470.16051865,4211.4987834380772,1.0100917081417808,0
2203,0.96325605222193711,0.00026757112561720477,700,4.2652133890713992,3.2537565312555379,2.3442433431670326e+23,1.8348409800417694e-09,587991004.89086533,4168.8562246762349,1.0204237735088542,0
2204,0.96337130900942858,0.00026760314139150792,700,4.269245879214763,3.2552703903529046,2.3438957384780451e+23,2.4777887383087181e-10,582039660.89849401,4126.6611957703217,1.0308575863606624,0
2205,0.96348402980257009,0.00026763445272293612,700,4.2731341394226785,3.2567284506917917,2.3435592956421176e+23,3.2135885810220723e-11,576150730.62028992,4084.9086800978553,1.0413941493296965,0
2206,0.96359431157575548,0.00026766508654882095,700,4.2768844513621849,3.2581334679263732,2.3432332922617099e+23,3.9996844502025465e-12,570323513.78545713,4043.5937127388911,1.0520344777958892,0
2207,0.96370224695927098,0.00026769506859979748,700,4.2805027758907768,3.2594880319102413,2.3429170627370568e+23,4.7732439885092127e-13,564557323.16263247,4002.7114212230636,1.0627795892165897,0
2208,0.96380792454639552,0.00026772442348510988,700,4.2839947739083586,3.2607945792652617,2.342609992958865e+23,5.4574396306316676e-14,558851474.19341886,3962.2569520313396,1.0736305220738123,0
2209,0.96391142899537829,0.00026775317472093842,700,4.2873658197287199,3.2620554026572863,2.3423115160537889e+23,5.9728427725045274e-15,553205301.19579971,3922.2255854782197,1.0845883051067109,0
2210,0.96401284142092525,0.00026778134483914588,700,4.2906210232331192,3.2632726629191766,2.3420211076974571e+23,6.2518815030819144e-16,547618138.31200135,3882.6126006320897,1.0956539932177236,0
2211,0.96411223942458968,0.00026780895539571937,700,4.293765239661222,3.2644483961531949,2.341738282833926e+23,6.2530523178799544e-17,542089333.58845222,3843.4133751421259,1.1068286402689356,0
2212,0.9642096973748352,0.00026783602704856535,700,4.296803086898338,3.2655845232868215,2.341462591999162e+23,5.97078676381788e-18,536618242.83422309,3804.6233416946416,1.1181133105557826,0
2213,0.96430528656602266,0.00026786257960167298,700,4.2997389583025516,3.2666828576423721,2.3411936182850131e+23,5.4378531856532732e-19,531204227.16442865,3766.2379705957987,1.129509083922023,0
2214,0.96439907532750202,0.0002678886320354172,700,4.3025769501874596,3.26774489149114,2.3409309746710345e+23,4.7195786882453668e-20,525846820.23852241,3728.2539554911236,1.1410166932793127,0
2215,0.96449113203082903,0.00026791420334189693,700,4.3053210896557346,3.2687721764492355,2.3406742931273606e+23,3.8996722959186835e-21,520545321.84834391,3690.6663319047584,1.1526373877869647,0
2216,0.9645815209788865,0.00026793931138302404,700,4.3079752078238025,3.2697662686328925,2.3404232339967622e+23,3.0645172605545385e-22,515299042.73293704,3653.4702129765233,1.1643724327874614,0
2217,0.96467030264181952,0.00026796397295606096,700,4.3105429156372486,3.2707286268195666,2.3401774838615115e+23,2.2880834224850405e-23,510107378.59820265,3616.6613142612564,1.1762229388816647,0
2218,0.96475753513639362,0.0002679882042045538,700,4.3130276543980548,3.2716606329326607,2.3399367499137873e+23,1.621496158381982e-24,504969733.38601637,3580.2354097068555,1.1881900247303321,0
2219,0.9648432743568115,0.00026801202065466985,700,4.3154327050850112,3.2725635969535429,2.3397007582452469e+23,1.0895418858503811e-25,499885517.47557008,3544.1883189017917,1.2002748209830316,0
2220,0.96492757407051655,0.00026803543724181016,700,4.3177611964063827,3.2734387612083977,2.3394692523680822e+23,6.9342025775208852e-27,494854147.59831721,3508.5159064720688,1.2124784704988099,0
2221,0.96501048600898665,0.00026805846833582965,700,4.3200161123556624,3.2742873043457128,2.3392419918644774e+23,4.1754873011049704e-28,489875054.79886341,3473.2141385239415,1.2248021084608043,0
2222,0.96509206008691095,0.00026808112780191969,700,4.3222003028924272,3.2751103463754179,2.3390187507924139e+23,2.3762785641637201e-29,484947665.29972273,3438.2789469750342,1.2372469091673406,0
2223,0.96517234429956611,0.00026810342897210171,700,4.3243164857099403,3.2759089502461385,2.3387993170688196e+23,1.2766799877726664e-30,480071423.37191015,3403.7063917068426,1.2498140293078464,0
2224,0.9652513849969192,0.00026812538472136644,700,4.3263672577883643,3.276684127020518,2.3385834909059933e+23,6.4679372095902132e-32,475245775.82953495,3369.4925506314025,1.2625046460491065,0
2225,0.9653292268973187,0.00026814700747147742,700,4.3283550997264566,3.277436838244951,2.3383710840396044e+23,3.0863359663933941e-33,470470175.07006007,3335.6335412467261,1.275319949687886,0
2226,0.96540591314969459,0.00026816830920824852,700,4.3302823811724496,3.2781679986592134,2.3381619188919674e+23,1.3854779493940872e-34,465744081.99065012,3302.1255413137092,1.2882611356767495,0
2227,0.96548148544083234,0.00026818930151134232,700,4.3321513671558112,3.2788784791822874,2.3379558276749109e+23,5.8440090434097585e-36,461066965.35092491,3268.9647843380571,1.3013294056826021,0
2228,0.96555598408951593,0.0002682099955804211,700,4.3339642238515044,3.2795691096228672,2.3377526515868567e+23,2.3133486005036542e-37,456438294.89130455,3236.147510779349,1.3145259867883849,0
2229,0.96562944802796968,0.00026823040222999155,700,4.3357230213854612,3.2802406802129558,2.3375522403661739e+23,8.5831580582417441e-39,451857556.8642928,3203.6700781678355,1.3278520872014521,0
2230,0.96570191503121583,0.0002682505319531155,700,4.3374297424314836,3.2808939453010337,2.3373544512160991e+23,2.9810694221419049e-40,447324233.00974339,3171.5288120390805,1.3413089560630422,0
2231,0.96577342160715363,0.000268270394890876,700,4.339086282448843,3.2815296238174301,2.337159148693816e+23,9.6794518297426292e-42,442837818.53147453,3139.7201333881544,1.3548978314221263,0
2232,0.96584400317346308,0.00026829000088151754,700,4.3406944566429262,3.2821484022640055,2.3369662038576533e+23,2.9343078940061443e-43,438397810.55666506,3108.240476846755,1.36861997380447,0
2233,0.96591369404859506,0.00026830935945794306,700,4.3422560023508954,3.2827509359228717,2.3367754939537421e+23,8.2937247583349803e-45,434003715.91736501,3077.0863458541176,1.3824766424678283,0
2234,0.96598252756552094,0.00026832847987931139,700,4.3437725841000328,3.283337851060848,2.3365869017986716e+23,2.182647210373537e-46,429655045.59250534,3046.2542732508623,1.3964691120351782,0
2235,0.96605053609604585,0.00026834737113779053,700,4.345245796453499,3.2839097462588871,2.3364003154330495e+23,5.3406811378008131e-48,425351315.43504077,3015.740826434439,1.4105986703869295,0
2236,0.96611775108597597,0.00026836604196832668,700,4.3466771670156215,3.2844671937752135,2.3362156277712908e+23,1.2132981230258894e-49,421092049.7797451,2985.5426329383927,1.4248666065147366,0
2237,0.96618420314643949,0.00026838450087401098,700,4.348068160506827,3.2850107413034215,2.3360327361202955e+23,2.5554215521902928e-51,416876777.46474749,2955.6563522250594,1.4392742230664024,0
2238,0.96624992208166316,0.00026840275613379533,700,4.3494201565845643,3.2855408732008238,2.3358515418923424e+23,4.9827194724930418e-53,412705105.79573464,2926.0792000917586,1.4538225759120256,0
2239,0.96631493808068281,0.00026842081613352302,700,4.350734461416315,3.2860579958294549,2.3356719471829036e+23,8.9821801123508174e-55,408576709.0817318,2896.8088673894781,1.4685124889974475,0
2240,0.96637928272766649,0.00026843868964657403,700,4.3520124336544059,3.2865626192626318,2.335493851704937e+23,1.4943647725187399e-56,404490929.31824595,2867.8406888663635,1.4833459949553802,0
2241,0.9664429837286056,0.00026845638436905712,700,4.3532553133097869,3.2870552076145385,2.3353171671911598e+23,2.2908978607490047e-58,400447310.86950332,2839.1714340647782,1.4983244579597799,0
2242,0.96650606805480777,0.00026847390779300215,700,4.35446428847946,3.2875362051794164,2.3351418085998295e+23,3.2310000290803403e-60,396445416.94185674,2810.7980061177645,1.5134492022340538,0
2243,0.96656856219497211,0.00026849126727638114,700,4.3556405017108366,3.288006039039145,2.3349676932812219e+23,4.1854479256016447e-62,392484808.4709273,2782.7172920588746,1.5287215888368428,0
2244,0.96663049207471907,0.00026850847002075532,700,4.3567850498354161,3.2884651190695005,2.3347947410791201e+23,4.971621640999247e-64,388565049.66178238,2754.9262021020368,1.5441429961913877,0
2245,0.96669188306322396,0.00026852552307311779,700,4.3578989854738017,3.2889138385968009,2.3346228742012768e+23,5.4059399154265224e-66,384685713.86401582,2727.4217112958722,1.5597147967186962,0
2246,0.96675276007276623,0.00026854243335354617,700,4.3589833201723929,3.2893525757021793,2.3344520168403924e+23,5.3717166784113307e-68,380846378.39432657,2700.2008228157752,1.5754383763071071,0
2247,0.96681314757678793,0.00026855920766021886,700,4.3600390258666319,3.2897816938587789,2.3342820950278624e+23,4.869251841787556e-70,377046626.75420284,2673.2605836872981,1.5913151250419242,0
2248,0.96687306966340292,0.00026857585268427861,700,4.3610670369845801,3.2902015428141169,2.3341130363988926e+23,4.0192422326616843e-72,373286049.21325868,2646.5980889220041,1.6073464338261927,0
2249,0.96693255009886681,0.00026859237502746297,700,4.3620682524980854,3.2906124594648425,2.3339447699311253e+23,3.0155363650660521e-74,369564230.86158329,2620.2103968086258,1.6235337456798522,0
2250,0.96699161220052376,0.00026860878116681216,700,4.3630435348729426,3.2910147674363488,2.3337772262341051e+23,2.0526911248843711e-76,365880777.61575198,2594.0947132956812,1.6398784432182443,0
2251,0.96705027912593222,0.00026862507753498119,700,4.3639937157664832,3.2914087794509328,2.3336103366610632e+23,1.2653206207770274e-78,362235289.09289563,2568.2481996686301,1.6563819651655456,0
2252,0.96710857372911718,0.00026864127048031031,700,4.3649195944714156,3.2917947967070678,2.3334440336529058e+23,7.0494885635848473e-81,358627366.2916106,2542.668027007519,1.6730457750737351,0
2253,0.96716651853880597,0.00026865736626077946,700,4.3658219384932817,3.2921731091176039,2.3332782507453392e+23,3.5428545836700032e-83,355056633.43690556,2517.3515310676603,1.6898712585428191,0
2254,0.96722413609209379,0.0002686733711366927,700,4.3667014894842708,3.2925439978074649,2.3331129215601045e+23,1.602943601564339e-85,351522698.88860035,2492.2959351201762,1.7068599037757832,0
2255,0.96728144863582721,0.00026868929128772979,700,4.3675589592534498,3.2929077334543835,2.3329479806075847e+23,6.5158607545750709e-88,348025182.92823488,2467.4985469611847,1.7240131732758086,0
2256,0.96733847827841624,0.00026870513285511563,700,4.3683950328504206,3.2932645775813221,2.3327833628077435e+23,2.3747976985177397e-90,344563722.9528538,2442.9567957357335,1.7413324735932727,0
2257,0.96739524723171599,0.00026872090200881,700,4.3692103725906275,3.2936147842944576,2.3326190027442777e+23,7.7439477513078841e-93,341137936.39523143,2418.6679690421906,1.7588193395907141,0
2258,0.9674517774423822,0.00026873660484510618,700,4.3700055280489272,3.2939585051964015,2.3324548356955177e+23,2.2559925279736974e-95,337747835.02883416,2394.6321503544341,1.7764732672491501,0
2259,0.96750809716324804,0.00026875224921201336,700,4.3707811368197023,3.2942959462941399,2.3322907785785338e+23,5.8581648455702566e-98,334392965.00033474,2370.846121852373,1.7942961210305346,0
2260,0.96756423322303076,0.00026876784256195298,700,4.3715378522914339,3.2946273674173909,2.3321267520420963e+23,1.3523259617754032e-100,331072705.31548768,2347.3054806868076,1.8122907457086943,0
2261,0.9676202081133769,0.00026878339114260472,700,4.3722762440252803,3.294952994518817,2.3319626891204033e+23,2.7690207518308364e-103,327786708.24934596,2324.0077614878624,1.8304586028045484,0
2262,0.96767604451457223,0.00026879890125404784,700,4.3729968615496713,3.2952730472917549,2.331798522049272e+23,5.0176414792981002e-106,324534619.53612125,2300.9504525110997,1.8488012183649916,0
2263,0.96773176515080361,0.00026881437920855657,700,4.3737002328345289,3.2955877385021997,2.3316341826595148e+23,8.027875204992565e-109,321316103.9205327,2278.1311767965767,1.8673200399205352,0
2264,0.96778739308579054,0.00026882983141271959,700,4.3743868682634348,3.2958972757864418,2.3314696014716123e+23,1.1313742400777286e-111,318130824.17952597,2255.5475434328387,1.8860165516731289,0
2265,0.96784295166225387,0.00026884526435062606,700,4.3750572599392719,3.296201861384028,2.3313047078373079e+23,1.4011242932231759e-114,314978447.18534023,2233.1971905440619,1.9048922406012967,0
2266,0.96789846454721185,0.00026886068459644772,700,4.3757118823601049,3.2965016924763217,2.3311394297722151e+23,1.5210886975018177e-117,311858643.90685058,2211.0777852995707,1.9239485956952174,0
2267,0.96795395578007803,0.00026887609882779944,700,4.3763511930410388,3.2967969615121513,2.3309736937788255e+23,1.444014664485025e-120,308771095.6668905,2189.1870682782533,1.9431870677665182,0
2268,0.96800944993738458,0.0002688915138714957,700,4.3769756343590727,3.2970878571165709,2.3308074243185047e+23,1.1957393361225574e-123,305715481.66627049,2167.5227650138577,1.9626091447177039,0
2269,0.96806497207803188,0.0002689069366883422,700,4.377585632804502,3.2973745638111112,2.330640543938137e+23,8.6147087939467445e-127,302691485.31190473,2146.0826308614041,1.982216313028222,0
2270,0.96812054780382917,0.00026892237438995252,700,4.3781815995900066,3.2976572623549267,2.3304729730547141e+23,5.3859958623849996e-130,299698801.7698428,2124.8645045481853,2.0020100062354502,0
2271,0.96817620346602951,0.00026893783429611929,700,4.378763932594258,3.2979361307590964,2.3303046292924581e+23,2.9145363487447943e-133,296737122.33794183,2103.8661973760077,2.0219917052261644,0
2272,0.96823196608795692,0.00026895332391332135,700,4.3793330152772825,3.2982113438611393,2.3301354276775503e+23,1.3614409499945875e-136,293806149.91047537,2083.0856028652702,2.0421628348583711,0
2273,0.96828786358158014,0.00026896885099488336,700,4.3798892185706633,3.2984830743419948,2.3299652799408067e+23,5.4749245227797866e-140,290905585.40629882,2062.5206005306586,2.0625248537665533,0
2274,0.96834392471410036,0.00026898442353169452,700,4.3804328998847337,3.2987514923047891,2.3297940945752777e+23,1.8902633459207739e-143,288035140.3682667,2042.1691452110108,2.0830791660797754,0
2275,0.9684001793225695,0.00026900004981182484,700,4.3809642066036369,3.2990166092977398,2.3296217762370669e+23,5.6049423241476186e-147,285195593.98905838,2022.0367613824237,2.1038193178503986,0
2276,0.96845667977839744,0.00026901574438288817,700,4.3814836727488959,3.2992786930831763,2.3294481596460439e+23,1.4192903270913317e-150,282385621.14960885,2002.1140539507267,2.1247540776239382,0
2277,0.96851345938882716,0.00026903151649689645,700,4.3819916204976161,3.2995379120536792,2.3292731368286939e+23,3.0604788453008111e-154,279604941.38454336,1982.3990344164122,2.1458848224531706,0
2278,0.96857055283714688,0.00026904737578809635,700,4.3824883601473408,3.2997944336285761,2.329096594745105e+23,5.6039635082778799e-158,276853292.08784658,1962.8898409028322,2.1672128060143048,0
2279,0.96862799660057608,0.0002690633323890489,700,4.3829741927980015,3.300048425889397,2.3289184139348708e+23,8.6884929791225215e-162,274130414.20262289,1943.5846366965961,2.1887392602723437,0
2280,0.96868582909739009,0.00026907939697149726,700,4.3834494103153325,3.3003000578929638,2.3287384679856852e+23,1.1372447609331696e-165,271436035.51958984,1924.4814918338918,2.2104655295729785,0
2281,0.96874409048343146,0.00026909558068984209,700,4.3839142925167458,3.3005494984912129,2.3285566240966644e+23,1.2530297701708797e-169,268769911.95158011,1905.5786757367027,2.2323927393632226,0
2282,0.96880282334857093,0.00026911189537460301,700,4.3843691114211651,3.3007969189698945,2.3283727408281913e+23,1.1587161680208509e-173,266131792.974913,1886.8744121921331,2.254522067029245,0
2283,0.968862072695717,0.00026912835352658804,700,4.3848141294066254,3.3010424925102866,2.3281866680754762e+23,8.9661448481229411e-178,263521436.39009181,1868.3669840057507,2.276854620327045,0
2284,0.96892188625971776,0.00026914496840547714,700,4.3852495999872048,3.3012863950816866,2.3279982459768176e+23,5.7882067098670496e-182,260938605.70628759,1850.0547144575787,2.2993914540777447,0
2285,0.96898231479686714,0.00026916175411024085,700,4.3856757679976495,3.3015288061053831,2.3278073038983942e+23,3.1080713367248898e-186,258383075.754655,1831.9360071005037,2.3221335153147717,0
2286,0.96904341254014359,0.00026917872570559546,700,4.3860928706214999,3.3017699096914601,2.3276136588812118e+23,1.383961958857869e-190,255854617.43381,1814.0092376057128,2.3450817734615281,0
2287,0.96910523732722109,0.00026919589925756144,700,4.3865011359244486,3.3020098945126035,2.3274171151131021e+23,5.0948650752925387e-195,253353016.69614482,1796.2728883756665,2.3682370465696923,0
2288,0.96916785122110449,0.00026921329200586233,700,4.3869007843617052,3.3022489555116681,2.3272174618224482e+23,1.5460121377738399e-199,250878070.06572941,1778.7255167660214,2.3916000304163751,0
2289,0.96923132108612586,0.00026923092252392387,700,4.3872918604337103,3.3024871946879006,2.3270144713413716e+23,3.8733570974229196e-204,248430641.45710135,1761.3732479308485,2.4151610142809505,0
2290,0.96929574731381996,0.0002692488186982833,700,4.3876746545068794,3.3027248755297522,2.3268078069625957e+23,7.9731445229994781e-209,246010025.63884002,1744.2110817793757,2.4389249927596124,0
2291,0.96936122444491724,0.00026926700679025478,700,4.3880494424895149,3.3029622721045167,2.3265971478704804e+23,1.3418243632092834e-213,243615566.7383697,1727.234368175041,2.4628968010257259,0
2292,0.9694278417854677,0.00026928551160707438,700,4.3884164164104149,3.3031996240255905,2.3263821877003688e+23,1.8408861822515154e-218,241247087.43133223,1710.4418498881453,2.4870766581618606,0
2293,0.96949569646054323,0.00026930436012792867,700,4.3887757592642647,3.3034371838792378,2.3261625925273006e+23,2.0531208063492288e-223,238904434.034504,1693.8324373046332,2.511464479195662,0
2294,0.96956489484374175,0.00026932358190103937,700,4.3891276470038498,3.3036752206753728,2.3259379959756901e+23,1.856435839661574e-228,236587464.00467736,1677.4051197931622,2.5360599832463562,0
2295,0.96963555380688504,0.00026934320939080142,700,4.3894722483737958,3.3039140223267651,2.3257079948580323e+23,1.3574384352004737e-233,234296063.48507151,1661.159090109157,2.5608624877226323,0
2296,0.96970780270782031,0.00026936327852995008,700,4.3898097269640441,3.3041539002306775,2.3254721423512779e+23,8.0059679311212397e-239,232030102.63019052,1645.0934276480507,2.585871372717012,0
2297,0.96978178421488304,0.00026938382894857861,700,4.3901402366175004,3.304395189650386,2.3252299449180919e+23,3.8000830083591815e-244,229789508.12441695,1629.2076126021161,2.6110852705909302,0
2298,0.96985765771218224,0.00026940490492005062,700,4.3904639269137764,3.3046382581016283,2.3249808507193652e+23,1.448381033438018e-249,227574189.72417346,1613.5010051443899,2.6365028509042148,0
2299,0.96993560068267126,0.00026942655574518649,700,4.3907809377870874,3.3048835066326032,2.3247242445687637e+23,4.4245673672102617e-255,225384107.93543708,1597.9733252622489,2.6621220346728012,0
2300,0.97001581278691251,0.00026944883688525347,700,4.3910914033616884,3.3051313790944192,2.3244594339440277e+23,1.0815126148298503e-260,223219236.81726071,1582.6243890343785,2.6879403789521614,0
2301,0.97009851925632729,0.00026947181090453538,700,4.391395449861716,3.3053823683690937,2.3241856371260871e+23,2.1124184741356508e-266,221079580.30266976,1567.4542243459287,2.7139548536258662,0
2302,0.97018397554999802,0.00026949554876388836,700,4.3916929215635108,3.3056368977056931,2.3239019672991148e+23,3.3352692382904536e-272,218967125.969262,1552.4769231220675,2.7401373486731808,0
2303,0.97027255554306646,0.00026952015431751849,700,4.3919841691564496,3.305895813691635,2.3236071380082886e+23,4.212479714001868e-278,216880274.7298066,1537.6811478343288,2.7665033196195039,0
2304,0.97036461410895281,0.00026954572614137576,700,4.3922693056716557,3.3061598615245749,2.3232999176160123e+23,4.2546181950001018e-284,214819064.90836406,1523.067170200301,2.7930481880458031,0
2305,0.97046055744686432,0.0002695723770685734,700,4.3925484176252825,3.3064298811220487,2.3229788955037101e+23,3.2198250659886625e-290,212783711.4473525,1508.6365141617291,2.8197647081104398,0
2306,0.97056086031769495,0.0002696002389771375,700,4.3928215800003372,3.3067068456353415,2.3226424231409673e+23,0,210774493.63801473,1494.3911598935244,2.8466442482857688,0
2307,0.97066608179598124,0.00026962946716555035,700,4.3930888532027712,3.3069918918401311,2.3222885596542149e+23,0,208791799.86678645,1480.3338610555159,2.8736760753191102,0
2308,0.97077688751976388,0.00026966024653326772,700,4.3933502834657716,3.3072863643588204,2.3219149951855832e+23,0,206836105.67288181,1466.4679892207319,2.9008474997538389,0
2309,0.97089407672278394,0.0002696927990896622,700,4.393605896855501,3.30759186744777,2.321518957694215e+23,0,204908031.89549449,1452.797946139056,2.9281429061112014,0
2310,0.97101862075855616,0.00026972739465515446,700,4.3938556964371074,3.3079103403178318,2.3210970804985522e+23,0,203008378.98161751,1439.329406979668,2.9555430323116378,0
2311,0.97115171603416806,0.00026976436556504669,700,4.3940996578567777,3.3082441602916361,2.3206452205353981e+23,0,201138158.59731153,1426.0695444549385,2.983024226652236,0
2312,0.97129485712534225,0.00026980412697926175,700,4.3943377206528229,3.3085962842263954,2.3201582077219063e+23,0,199298675.53923956,1413.0276095732083,3.0105568859230432,0
2313,0.97144994325000689,0.00026984720645833527,700,4.3945697119579004,3.3089704299844498,2.319629480767345e+23,0,197492126.67319173,1400.2191781129293,3.0380957970687854,0
2314,0.9716194835771641,0.00026989430099365672,700,4.3947953031406355,3.3093714577978526,2.319050387311461e+23,0,195721979.63623509,1387.6688356209067,3.0655729168238941,0
2315,0.97180694127286171,0.00026994637257579494,700,4.3950144278181824,3.309806196892497,2.3184090092029485e+23,0,193989691.01781628,1375.3869093163173,3.0929478615690726,0
2316,0.97201686507008944,0.00027000468474169153,700,4.395226695839118,3.310283504218249,2.3176897225276188e+23,0,192299332.45162353,1363.4022670820107,3.1201356362011352,0
2317,0.97225567952567282,0.00027007102209046469,700,4.3954315495783591,3.3108158443568514,2.3168705226599541e+23,0,190656390.80832455,1351.7538108310209,3.1470227536364463,0
2318,0.97253281354537513,0.00027014800376260422,700,4.3956281662377137,3.3114214297155828,2.315919228394704e+23,0,189068618.98240444,1340.4965085852475,3.1734510106927827,0
2319,0.97286281906331407,0.00027023967196203167,700,4.3958153068587968,3.3121282173702213,2.3147863959072053e+23,0,187547331.02133885,1329.7105769412924,3.1991924210946667,0
2320,0.97326965626768136,0.00027035268229657814,700,4.3959910326516916,3.312981916546752,2.3133910927342265e+23,0,186109799.57314557,1319.518478973602,3.2239033160861892,0
2321,0.97379636746178333,0.00027049899096160649,700,4.3961520876076063,3.3140638211844857,2.3115890961263999e+23,0,184784511.98772961,1310.1221899930028,3.2470253786196226,0
2322,0.97453075954416335,0.00027070298876226759,700,4.3962920627358955,3.3155371816403303,2.3090895690476325e+23,0,183626577.10202906,1301.9124316533857,3.2675008676256052,0
2323,0.97569536651821342,0.00027102649069950371,700,4.3963898677185105,3.3178036665779032,2.3051682977976272e+23,0,182814087.64610955,1296.1518814109168,3.2820227791278125,0
2324,0.97831578897263549,0.00027175438582573207,700,4.3959306336709902,3.31960244807496,2.2990683133996154e+23,0,186604891.14051321,1323.0286781862385,3.215349803174242,0
2325,0.97960570982337725,0.00027211269717316032,700,4.3961276513509766,3.3229174693567991,2.2941225734576565e+23,0,184986077.44038656,1311.5512890523407,3.2434873386260938,0
2326,0.98107973613269628,0.00027252214892574899,700,4.3962343174553009,3.3261625265720651,2.2889323165309475e+23,0,184104962.65600342,1305.3041852310639,3.2590104652479601,0
2327,0.98415964766568831,0.00027337767990713563,700,4.3942952620809512,3.3276824893796242,2.2820281747715867e+23,0,199627807.0971218,1415.3611523185934,3.0055933024806074,0
2328,0.98455573228002335,0.00027348770341111759,700,4.3948250667181581,3.3292867162328998,2.2801744733076602e+23,0,195487431.93658799,1386.0058924304087,3.0692510206724051,0
2329,0.98474274326594557,0.00027353965090720709,700,4.395054318958973,3.3300108835924895,2.2793223093795747e+23,0,193672953.71508557,1373.1412418399564,3.0980061412326405,0
2330,0.98494235420418397,0.00027359509839005111,700,4.3952681300036485,3.3307381691389302,2.2784431135084895e+23,0,191967953.29209468,1361.0527888409511,3.1255216806268269,0
2331,0.98516709844912154,0.00027365752734697822,700,4.3954747991517404,3.331505189241021,2.2774880008430087e+23,0,190308050.6513921,1349.2840791183701,3.152783069062512,0
2332,0.98542476801419365,0.00027372910222616488,700,4.3956738508003754,3.3323248382092703,2.2764334884554488e+23,0,188698153.26593009,1337.8699066554443,3.1796813567879862,0
2333,0.9857267858416715,0.00027381299606713097,700,4.3958643251520328,3.3332151127342744,2.2752458856215299e+23,0,187147219.93539047,1326.8737893419184,3.2060321291822569,0
2334,0.98609122314964881,0.00027391422865268023,700,4.3960447486775589,3.3342038005629622,2.2738725509703046e+23,0,185668616.65532199,1316.3904920862328,3.2315639056752872,0
2335,0.98654884807001697,0.00027404134668611584,700,4.3962127505113591,3.3353370657894299,2.2722250086248509e+23,0,184283383.90003806,1306.5691918512698,3.2558551254163075,0
2336,0.98715764589522537,0.00027421045719311815,700,4.3963641284596298,3.3366996666055053,2.270138837990451e+23,0,183028185.0076187,1297.6698317040164,3.2781836304338836,0
2337,0.9880453710331093,0.00027445704750919702,700,4.3964892720029205,3.3384723928684745,2.2672577673042131e+23,0,181985423.43733034,1290.2766521706719,3.2969673541277871,0
2338,0.98959465170969863,0.00027488740325269407,700,4.3965349432293852,3.3411550636625575,2.2625474207064755e+23,0,181603711.26624909,1287.5703128777061,3.3038972376524858,0
2339,0.99696552279994288,0.00027693486744442857,700,4.3440274330066666,3.3163477631944911,2.256823717578425e+23,1.1647206198427632e-46,428916230.28244275,3041.0160727025186,1.3988745532079727,0
2340,0.99709335645165209,0.00027697037679212558,700,4.3466968979015004,3.3179724196549669,2.2560069821035062e+23,1.151278308996471e-49,421032789.29691374,2985.1224761151184,1.425067156888054,0
2341,0.99716162887107396,0.00027698934135307612,700,4.3480988627200237,3.3188268518548649,2.2555757486146766e+23,2.3440964238044828e-51,416782869.48191494,2954.9905446267767,1.4395985150393404,0
2342,0.99722858254575908,0.00027700793959604421,700,4.3494503664582318,3.3196515570177345,2.255157703779587e+23,4.5578199252858443e-53,412611031.73927534,2925.412215031462,1.4541540430240698,0
2343,0.99729480234263235,0.00027702633398406457,700,4.3507640821008167,3.3204542583820582,2.2547488960769722e+23,8.195223101841605e-55,408482817.75345904,2896.1431778720244,1.468850032174748,0
2344,0.99736032619704196,0.00027704453505473386,700,4.3520414839915835,3.3212359339392843,2.2543488473548591e+23,1.3598443160789451e-56,404397213.00354767,2867.1762401951528,1.4836897503414206,0
2345,0.99742518235844391,0.00027706255065512329,700,4.3532838124165423,3.3219974114305697,2.2539571561426789e+23,2.0790073606702294e-58,400353762.09976894,2838.5081732873614,1.4986745643481147,0
2346,0.99748939831859906,0.00027708038842183308,700,4.354492255871075,3.3227394800285759,2.2535734408766518e+23,2.9239185976790981e-60,396352022.51929295,2810.135839661787,1.513805823889278,0
2347,0.99755300097232924,0.00027709805582564698,700,4.3556679557049698,3.3234628938404982,2.25319733794032e+23,3.7766527242177291e-62,392391555.18382365,2782.0561262533097,1.5290848951092182,0
2348,0.99761601662704125,0.00027711556017417813,700,4.3568120076945069,3.3241683734921539,2.2528285006967568e+23,4.4725761599232195e-64,388471925.41160363,2754.2659511682696,1.5445131571973258,0
2349,0.99767847102743012,0.00027713290861873058,700,4.3579254639006582,3.3248566078160309,2.2524665984962453e+23,4.8482282313694197e-66,384592709.27236819,2726.7623087410902,1.5600919766138377,0
2350,0.99774038948257526,0.00027715010818960424,700,4.3590093361420763,3.3255282565276554,2.2521113151545896e+23,4.8021056241815888e-68,380753481.25866812,2699.542182123957,1.575822755491459,0
2351,0.9978017967948436,0.00027716716577634543,700,4.3600645959731317,3.3261839506616262,2.2517623486435112e+23,4.3384872718822668e-70,376953820.85729933,2672.6025898782518,1.5917069062609068,0
2352,0.99786271729442244,0.00027718408813733958,700,4.3610921764418666,3.3268242940999495,2.2514194102037287e+23,3.5688494859235451e-72,373193321.41078442,2645.9406488024615,1.6077458131667983,0
2353,0.99792317501793282,0.00027720088194942578,700,4.3620929761816143,3.3274498665027292,2.2510822227188913e+23,2.6681255379444627e-74,369471569.88290948,2619.5534304698281,1.6239409169970727,0
2354,0.99798319355987364,0.00027721755376663158,700,4.363067857894328,3.3280612227321718,2.2507505209667063e+23,1.8095391296104136e-76,365788167.54749221,2593.4381079117197,1.6402936268355341,0
2355,0.99804279625997594,0.00027723411007221557,700,4.3640176523798937,3.3286588957015031,2.2504240500380261e+23,1.1111943493594209e-78,362142713.24341679,2567.5918368958246,1.6568053920684735,0
2356,0.99810200611897093,0.0002772505572552697,700,4.3649431580403641,3.3292433963708672,2.2501025653014279e+23,6.1664492968581641e-81,358534812.68654549,2542.0118219476076,1.673477661776066,0
2357,0.99816084586626808,0.0002772669016295189,700,4.3658451428545479,3.3298152152514211,2.2497858315644499e+23,3.086429221285824e-83,354964084.60895848,2516.6953598775158,1.6903118541161202,0
2358,0.9982193381305462,0.00027728314948070729,700,4.3667243476584705,3.330374824765201,2.2494736217290412e+23,1.3905358767580171e-85,351430138.48700863,2491.6396818728908,1.7073094600911136,0
2359,0.99827750524409664,0.00027729930701224907,700,4.3675814839027112,3.330922678049697,2.2491657174431406e+23,5.6277212313468286e-88,347932598.82610601,2466.8421256770916,1.7244719294034168,0
2360,0.99833536944849743,0.00027731538040236042,700,4.368417237411311,3.331459211567152,2.2488619076320003e+23,2.0417767560052954e-90,344471089.86670607,2442.3000271549458,1.7418007422108237,0
2361,0.99839295284865037,0.00027733137579129177,700,4.3692322682975329,3.3319848452532996,2.2485619884025727e+23,6.6266582819704623e-93,341045241.2879625,2418.010760731654,1.7592973815851847,0
2362,0.99845027746224013,0.0002773472992950667,700,4.3700271282711398,3.3324998883479657,2.2482657624809088e+23,1.9210501578298594e-95,337655053.22945678,2393.9743273968484,1.7769614115393206,0
2363,0.9985073714792061,0.00027736315874422391,700,4.3708024606849447,3.3330047223064505,2.2479730073475779e+23,4.9627779426637484e-98,334300044.51999992,2370.1873156467996,1.7947948552070989,0
2364,0.99856426114497576,0.00027737896142915992,700,4.3715589111696378,3.3334997603687375,2.2476835167175852e+23,1.1395167293901523e-100,330979626.90950477,2346.6455547883888,1.8128003998386577,0
2365,0.9986209688322617,0.00027739471356451713,700,4.3722970494132474,3.3339853673565685,2.2473971096529282e+23,2.320319224852051e-103,327693447.71641427,2323.3465443093769,1.8309795456125191,0
2366,0.99867751698884988,0.00027741042138579162,700,4.3730174241705662,3.3344618954828387,2.2471136099406606e+23,4.1803033863871125e-106,324441155.50310272,2300.2877925169983,1.8493338154636858,0
2367,0.99873392812309525,0.00027742609114530425,700,4.3737205634726468,3.3349296846031984,2.2468328459559821e+23,6.6480281814847314e-109,321222411.67276394,2277.4668987598961,1.8678646887541355,0
2368,0.99879022499399472,0.00027744172916499852,700,4.3744069772548961,3.3353890640979404,2.2465546495262139e+23,9.310607338130569e-112,318036881.77679998,2254.8814917975114,1.8865736472070032,0
2369,0.99884643065477774,0.00027745734184854936,700,4.3750771579910772,3.3358403534432397,2.2462788555584829e+23,1.145550347686039e-114,314884227.74389452,2232.529174704212,1.9054622211437002,0
2370,0.99890256835940938,0.00027747293565539151,700,4.3757315797286669,3.3362838616846311,2.2460053023486201e+23,1.2352039738953334e-117,311764120.14409709,2210.4076118216481,1.9245319176648055,0
2371,0.99895866168802572,0.00027748851713556272,700,4.3763706997106491,3.3367198886485245,2.2457338308260974e+23,1.1643490653161168e-120,308676245.67579859,2188.5145818414121,1.9437841700011393,0
2372,0.99901473481620018,0.00027750409300450008,700,4.376994961369383,3.3371487271352303,2.2454642831435934e+23,9.570503783801093e-124,305620267.43454403,2166.8476961109168,1.9632205842778554,0
2373,0.99907081206242276,0.00027751967001733968,700,4.3776047892990233,3.3375706595828785,2.2451965047492974e+23,6.8421523555433493e-127,302595882.79107988,2145.404808988756,1.9828425769238101,0
2374,0.99912691849670809,0.00027753525513797447,700,4.3782005958838024,3.3379859627724278,2.2449303413759179e+23,4.2435072925320065e-130,299602779.13745677,2124.1837040845685,2.0026516500526919,0
2375,0.9991830797446456,0.00027755085548462378,700,4.3787827789373539,3.3383949063468807,2.244665639917524e+23,2.2770613650975655e-133,296640641.85445666,2103.1821507480977,2.0226493451776681,0
2376,0.99923932193413201,0.00027756647831503664,700,4.3793517210206492,3.3387977524678143,2.2444022486068592e+23,1.0543627462755299e-136,293709180.61004138,2082.3980905251933,2.0428370633624215,0
2377,0.99929567214998849,0.00027758213115277458,700,4.3799077938476874,3.3391947590579321,2.2441400148448207e+23,4.2012841048071404e-140,290808091.56911665,2061.8293692250372,2.0632163182343821,0
2378,0.99935215817472456,0.00027759782171520129,700,4.3804513487157033,3.339586172528362,2.2438787863841251e+23,1.436791532379568e-143,287937115.91383058,2041.4741518290587,2.0837883233489038,0
2379,0.99940880937976695,0.00027761355816104637,700,4.3809825617928499,3.3399720995739983,2.2436184073806451e+23,4.2166293158041105e-147,285096877.77688307,2021.3368634381006,2.1045477757548796,0
2380,0.99946567461747282,0.00027762935406040913,700,4.3815019444429462,3.3403529109264603,2.2433586373453163e+23,1.0562480193803479e-150,282286164.77275658,2001.4089082388441,2.125502680880611,0
2381,0.9995227856417479,0.00027764521823381885,700,4.3820098185488892,3.3407288463472398,2.243099318343371e+23,2.2519530032304745e-154,279504702.70444363,1981.6883421745051,2.146654400425088,0
2382,0.9995801756023841,0.00027766115988955115,700,4.3825064957367443,3.3411001429373153,2.2428402896759683e+23,4.0746316532559436e-158,276752217.18587416,1962.1732198478476,2.1680043112248097,0
2383,0.99963787908072443,0.00027767718863353456,700,4.382992276864063,3.3414670350168865,2.2425813877855272e+23,6.2386740720882354e-162,274028446.74609393,1942.8616874298059,2.189553701904317,0
2384,0.99969593241117594,0.00027769331455865996,700,4.3834674537454035,3.3418297557446479,2.2423224448961272e+23,8.058869232355375e-166,271333118.84447944,1923.7518126073592,2.2113039593368002,0
2385,0.99975437350549057,0.00027770954819596958,700,4.3839323067154785,3.3421885355698358,2.2420632898979896e+23,8.756940774038869e-170,268665986.26630163,1904.8418426280784,2.2332562760858017,0
2386,0.99981324247350134,0.00027772590068708371,700,4.3843871084210582,3.3425436055260538,2.2418037457099499e+23,7.9801386211919063e-174,266026790.9672668,1886.1299479579213,2.2554119373406527,0
2387,0.99987258147980063,0.00027774238374438906,700,4.3848321214011801,3.3428951957441657,2.2415436300703161e+23,6.0803614081210502e-178,263415286.71854123,1867.6143828344573,2.2777721349220665,0
2388,0.99993243511153629,0.00027775900975320452,700,4.3852675993934129,3.3432435369647067,2.2412827540804603e+23,3.8617472258227363e-182,260831234.86536902,1849.2934551954661,2.3003379955997096,0
2389,0.99999285068198096,0.00027777579185610582,700,4.3856937879943017,3.3435888615491263,2.241020921087715e+23,2.0381609874005499e-186,258274401.55534285,1831.1655070273807,2.3231106001476203,0
2390,1,0.00027777777777777778,700,4.3857440586070124,3.3436296530431338,2.2409899556496238e+23,6.2105932632047452e-187,257970964.76802519,1829.0141402052986,2.3258431449428314,0
