"Время, ч","AL, матрица, ат.%","CR, матрица, ат.%","NI, матрица, ат.%"
0.0,7.5,8.5,84.0
2.7805555555555557e-06,7.5,8.5,84.0
5.563891666666667e-06,7.5,8.5,84.0
8.350011113888889e-06,7.5,8.5,84.0
1.1138916680558332e-05,7.5,8.5,84.0
1.3930611152794444e-05,7.5,8.5,84.0
1.672509731950279e-05,7.5,8.5,84.0
1.952237797237785e-05,7.5,8.5,84.0
2.232245590590578e-05,7.5,8.5,84.0
2.5125333917367238e-05,7.5,8.5,84.0
2.793101480684016e-05,7.5,8.5,84.0
3.073950137720255e-05,7.5,8.5,84.0
3.3550796434135305e-05,7.5,8.5,84.0
3.636490278612499e-05,7.5,8.5,84.0
3.9181823244466666e-05,7.5,8.5,84.0
4.200156062326668e-05,7.5,8.5,84.0
4.4824117739445495e-05,7.5,8.5,84.0
4.76494974127405e-05,7.5,8.5,84.0
5.047770246570879e-05,7.5,8.5,84.0
5.3308735723730045e-05,7.5,8.5,84.0
5.614260001500933e-05,7.5,8.5,84.0
5.897929817057989e-05,7.5,8.5,84.0
6.181883302430601e-05,7.5,8.5,84.0
6.466120741288587e-05,7.5,8.5,84.0
6.75064241758543e-05,7.5,8.5,84.0
7.03544861555857e-05,7.5,8.5,84.0
7.320539619729684e-05,7.5,8.5,84.0
7.605915714904968e-05,7.5,8.5,84.0
7.891577186175428e-05,7.5,8.5,84.0
8.17752431891716e-05,7.5,8.5,84.0
8.463757398791632e-05,7.5,8.5,84.0
8.750276711745978e-05,7.5,8.5,84.0
9.03708254401328e-05,7.5,8.5,84.0
9.324175182112848e-05,7.5,8.5,84.0
9.611554912850514e-05,7.5,8.5,84.0
9.89922202331892e-05,7.5,8.5,84.0
0.00010187176800897793,7.5,8.5,84.0
0.00010475419533254248,7.5,8.5,84.0
0.00010763950508343058,7.5,8.5,84.0
0.00011052770014406957,7.5,8.5,84.0
0.00011341878339976921,7.5,8.5,84.0
0.00011631275773872454,7.5,8.5,84.0
0.00011920962605201884,7.5,8.5,84.0
0.0001221093912336264,7.5,8.5,84.0
0.0001250120561804156,7.5,8.5,84.0
0.00012791762379215157,7.5,8.5,84.0
0.00013082609697149928,7.5,8.5,84.0
0.00013373747862402635,7.5,8.5,84.0
0.00013665177165820595,7.5,8.5,84.0
0.0001395689789854197,7.5,8.5,84.0
0.00014248910351996068,7.5,8.5,84.0
0.00014541214817903622,7.5,8.5,84.0
0.0001483381158827708,7.5,8.5,84.0
0.00015126700955420914,7.5,8.5,84.0
0.00015419883211931893,7.5,8.5,84.0
0.00015713358650699385,7.5,8.5,84.0
0.00016007127564905644,7.5,8.5,84.0
0.0001630119024802611,7.5,8.5,84.0
0.00016595546993829698,7.5,8.5,84.0
0.00016890198096379088,7.5,8.5,84.0
0.00017185143850031025,7.5,8.5,84.0
0.00017480384549436613,7.5,8.5,84.0
0.00017775920489541608,7.5,8.5,84.0
0.00018071751965586708,7.5,8.5,84.0
0.00018367879273107856,7.5,8.5,84.0
0.0001866430270793652,7.5,8.5,84.0
0.00018961022566200015,7.5,8.5,84.0
0.00019258039144321774,7.5,8.5,84.0
0.00019555352739021657,7.5,8.5,84.0
0.0001985296364731624,7.5,8.5,84.0
0.00020150872166519116,7.5,8.5,84.0
0.00020449078594241194,7.5,8.5,84.0
0.00020747583228390994,7.5,8.5,84.0
0.00021046386367174941,7.5,8.5,84.0
0.00021345488309097675,7.5,8.5,84.0
0.00021644889352962334,7.5,8.5,84.0
0.00021944589797870856,7.5,8.5,84.0
0.00022244589943224287,7.5,8.5,84.0
0.00022544890088723067,7.5,8.5,84.0
0.0002284549053436735,7.5,8.5,84.0
0.00023146391580457272,7.5,8.5,84.0
0.00023447593527593284,7.5,8.5,84.0
0.00023749096676676433,7.5,8.5,84.0
0.00024050901328908668,7.5,8.5,84.0
0.0002435300778579313,7.5,8.5,84.0
0.0002465541634913448,7.5,8.5,84.0
0.0002495812732103917,7.5,8.5,84.0
0.0002526114100391577,7.5,8.5,84.0
0.0002556445770047524,7.5,8.5,84.0
0.0002586807771373127,7.5,8.5,84.0
0.00026172001347000556,7.5,8.5,84.0
0.0002647622890390311,7.5,8.5,84.0
0.00026780760688362566,7.5,8.5,84.0
0.0002708559700460648,7.5,8.5,84.0
0.00027390738157166645,7.5,8.5,84.0
0.00027696184450879367,7.5,8.5,84.0
0.000280019361908858,7.5,8.5,84.0
0.0002830799368263224,7.5,8.5,84.0
0.0002861435723187043,7.5,8.5,84.0
0.0002892102714465785,7.5,8.5,84.0
0.00029228003727358067,7.5,8.5,84.0
0.00029535287286640977,7.5,8.5,84.0
0.0002984287812948318,7.5,8.5,84.0
0.00030150776563168214,7.5,8.5,84.0
0.00030458982895286937,7.5,8.5,84.0
0.0003076749743373778,7.5,8.5,84.0
0.0003107632048672707,7.5,8.5,84.0
0.0003138545236276935,7.5,8.5,84.0
0.00031694893370687674,7.5,8.5,84.0
0.00032004643819613914,7.5,8.5,84.0
0.0003231470401898908,7.5,8.5,84.0
0.00032625074278563616,7.5,8.5,84.0
0.0003293575490839773,7.5,8.5,84.0
0.0003324674621886168,7.5,8.5,84.0
0.00033558048520636086,7.5,8.5,84.0
0.0003386966212471227,7.5,8.5,84.0
0.0003418158734239253,7.5,8.5,84.0
0.0003449382448529047,7.5,8.5,84.0
0.00034806373865331307,7.5,8.5,84.0
0.0003511923579475219,7.5,8.5,84.0
0.00035432410586102496,7.5,8.5,84.0
0.0003574589855224415,7.5,8.5,84.0
0.0003605970000635195,7.5,8.5,84.0
0.00036373815261913847,7.5,8.5,84.0
0.0003668824463273131,7.5,8.5,84.0
0.00037002988432919594,7.5,8.5,84.0
0.0003731804697690806,7.5,8.5,84.0
0.0003763342057944052,7.5,8.5,84.0
0.0003794910955557551,7.5,8.5,84.0
0.00038265114220686637,7.5,8.5,84.0
0.00038581434890462877,7.5,8.5,84.0
0.00038898071880908894,7.5,8.5,84.0
0.00039215025508345356,7.5,8.5,84.0
0.0003953229608940926,7.5,8.5,84.0
0.0003984988394105422,7.5,8.5,84.0
0.00040489083837149206,7.5,8.5,84.0
0.0004114375408758645,7.5,8.5,84.0
0.0004181968056789221,7.5,8.5,84.0
0.0004251782008636721,7.5,8.5,84.0
0.0004323927516746259,7.5,8.5,84.0
0.0004398522048194081,7.5,8.5,84.0
0.0004475691030651518,7.5,8.5,84.0
0.00045555685312151546,7.5,8.5,84.0
0.00046382980080500474,7.5,8.5,84.0
0.00047240331414611975,7.5,8.5,84.0
0.00048129387541961754,7.5,8.5,84.0
0.0004905191832428063,7.5,8.5,84.0
0.0005000982660371444,7.5,8.5,84.0
0.0005100516083510661,7.5,8.5,84.0
0.0005204012917663445,7.5,8.5,84.0
0.0005311711523810251,7.5,8.5,84.0
0.000542386957173407,7.5,8.5,84.0
0.0005540766019347903,7.5,8.5,84.0
0.0005662703338759396,7.5,8.5,84.0
0.0005790010025728819,7.5,8.5,84.0
0.0005923043435068743,7.5,8.5,84.0
0.0006062192992215204,7.5,8.5,84.0
0.0006207883840149686,7.5,8.5,84.0
0.0006360580991618088,7.5,8.5,84.0
0.0006520794069678666,7.5,8.5,84.0
0.0006689082735547435,7.5,8.5,84.0
0.0006866062921938903,7.5,8.5,84.0
0.0007052414013949845,7.5,8.5,84.0
0.0007248887148574887,7.5,8.5,84.0
0.0007456314839940771,7.5,8.5,84.0
0.0007675622182115037,7.5,8.5,84.0
0.0007907839937176405,7.5,8.5,84.0
0.0008154119886047241,7.5,8.5,84.0
0.0008415752908225887,7.499999999999998,8.500000000000002,84.0
0.0008694190368371387,7.499999999999996,8.500000000000002,84.00000000000001
0.0008991069531046854,7.499999999999988,8.500000000000004,84.00000000000001
0.0009308243909036129,7.499999999999963,8.50000000000001,84.00000000000003
0.0009647819688599292,7.499999999999877,8.50000000000003,84.0000000000001
0.0010012199685949942,7.499999999999615,8.500000000000092,84.0000000000003
0.0010404136696905433,7.499999999998792,8.500000000000282,84.00000000000092
0.0010826798628562123,7.499999999996211,8.500000000000888,84.0000000000029
0.0011283848634024952,7.499999999988121,8.500000000002785,84.0000000000091
0.0011779544054301672,7.4999999999627445,8.500000000008727,84.00000000002854
0.0012318860083482463,7.499999999883183,8.500000000027361,84.00000000008946
0.0012907644897589296,7.499999999633773,8.500000000085759,84.00000000028047
0.001355281633389493,7.499999998852042,8.500000000268752,84.00000000087921
0.0014262613353517109,7.499999996402209,8.500000000842077,84.00000000275571
0.0015046920731289536,7.49999998872589,8.50000000263798,84.00000000863612
0.001591769275525367,7.499999964675936,8.500000008262548,84.00000002706152
0.0016889512545982344,7.499999889335168,8.500000025875126,84.0000000847897
0.001798033988283325,7.499999653334665,8.500000081018259,84.00000026564707
0.0019212525612099718,7.499998914105594,8.500000253642932,84.00000083225147
0.0020614211427604757,7.499996598601652,8.500000793979998,84.00000260741835
0.0022221304399844717,7.4999893455494755,8.500002485099719,84.0000081693508
0.0024080352168685867,7.499966627480442,8.50000777671842,84.00002559580113
0.002625295201810994,7.499895503008451,8.50002432423176,84.0000801727598
0.002882314624894007,7.4996732573425335,8.500075969931094,84.00025077272637
0.0031911789757925924,7.498983265320913,8.500236207473424,84.00078052720566
0.0035710596843570733,7.496882850839744,8.500724857084787,84.00239229207547
0.003987126844341479,7.491620183794051,8.501962169605019,84.00641764660092
0.0041878477079843775,7.486388704752973,8.503219316275532,84.01039197897148
0.004345105907529229,7.4811788898488425,8.50449181095662,84.01432929919453
0.00448048411603571,7.47599084368286,8.505778826737542,84.01823032957961
0.004602587142958963,7.47082495918851,8.507079744544109,84.02209529626738
0.004715870244980125,7.46542501701331,8.508409862429968,84.02616512055671
0.004823520183496433,7.460051327679973,8.5097540135569,84.03019465876312
0.004927149263861362,7.454703525102755,8.511112182139064,84.03418429275817
0.005027887677853508,7.449381680461865,8.512483892285406,84.03813442725273
0.005126565293913628,7.444085845322491,8.513868659174333,84.04204549550317
0.005223814775925508,7.438816041792852,8.515266008726478,84.04591794948067
0.005320133702929015,7.433318328116773,8.51669822307333,84.0499834488099
0.005416407430050375,7.427850739992434,8.518142664424118,84.05400659558345
0.005512915755950058,7.4224122705379685,8.519599805005123,84.05798792445691
0.005609900702992641,7.417002769096209,8.521069187116124,84.06192804378767
0.005707574405856669,7.4116220980567595,8.522550340661244,84.065827561282
0.005806125831259646,7.405996632650896,8.524065430379848,84.06993793696927
0.005906286778183248,7.400413533398119,8.525612122764882,84.073974343837
0.006008138741358113,7.394875341482492,8.52715515356347,84.07796950495403
0.006111780549122408,7.389368624963934,8.528709485805349,84.08192188923071
0.006217327171110395,7.383893130626825,8.53027466233835,84.08583220703483
0.006324891559839325,7.378448610838341,8.531850236227879,84.08970115293378
0.00643458554686915,7.372788823640028,8.53346975766999,84.09374141868999
0.006547097187726956,7.367164737412167,8.535098107954852,84.09773715463298
0.006662508003100058,7.361574377456701,8.536736689645547,84.10168893289776
0.0067809079159909386,7.356017376852968,8.538385085760462,84.10559753738657
0.006902392776536509,7.350493400473487,8.540042868946433,84.10946373058007
0.007027064523787069,7.344760741609628,8.54174805573487,84.1134912026555
0.007155696240703735,7.339066132025963,8.543460509766781,84.11747335820725
0.007288374592132044,7.333407177207481,8.545182070684868,84.12141075210765
0.007425200952275901,7.327783438001603,8.546912345190725,84.12530421680768
0.007566287944487384,7.321942897280335,8.548677510373963,84.1293795923457
0.007712589518271202,7.316134088176621,8.550490587229804,84.13337532459357
0.007864194291683606,7.310385760955104,8.55228524995198,84.13732898909292
0.008021179839452212,7.3046746933510125,8.554087853429445,84.14123745321955
0.00818369361505685,7.299000408382845,8.555898032450168,84.14510155916699
0.008351900635102476,7.29313078756287,8.55776080551604,84.14910840692109
0.008526903077179397,7.287303504183589,8.559628039667395,84.15306845614901
0.008708875247382813,7.281515441987647,8.56150238665316,84.15698217135919
0.008898023468220424,7.2757660946183895,8.563383490633939,84.16085041474769
0.009094580348912888,7.269828221163441,8.565318981097326,84.16485279773923
0.009299893425337723,7.263936169625248,8.567257303889827,84.16880652648493
0.009514218837939145,7.258086615274688,8.569201439167868,84.17271194555744
0.009737841549305877,7.252279546529721,8.57115088654444,84.17656956692583
0.009971058751631467,7.246294003061989,8.573155299279819,84.18055069765819
0.010215546019708066,7.240360705133108,8.575159832431059,84.18447946243583
0.010471674392003711,7.234476441476644,8.577167695605429,84.18835586291793
0.010739795379668293,7.228642864607876,8.579177797370045,84.19217933802207
0.011020267046659302,7.2226460158810655,8.58124131372277,84.19611267039616
0.011315177552743458,7.216712201180873,8.583300427663904,84.19998737115522
0.011625036983795595,7.210838815278866,8.585358424668431,84.20380276005271
0.011950173061453366,7.204810630223257,8.587442486162917,84.20774688361384
0.012293097877673805,7.198835381424249,8.589579515450184,84.21158510312556
0.012654447083040254,7.192970011281649,8.591670332820222,84.21535965589813
0.013034564391434156,7.187185903706117,8.593751550373574,84.21906254592031
0.013433683173147665,7.181283611784431,8.595875037767717,84.22284135044785
0.013854763549493516,7.175485564883519,8.597977235278032,84.22653719983845
0.014298431830605288,7.169792343484335,8.600060351558929,84.23014730495673
0.014764804249281435,7.164004283580727,8.602149648090945,84.23384606832833
0.015257156915514382,7.158322525670386,8.604272834729167,84.23740463960044
0.01577602137855496,7.152813988627947,8.606320785413834,84.24086522595822
0.016321190174748864,7.147453115550439,8.608330461427528,84.24421642302204
0.016892135895372265,7.142054281374632,8.610353051613997,84.24759266701138
0.0174516332275703,7.1371352090635165,8.612201568545217,84.25066322239127
0.017930644908645918,7.133123482750634,8.613712569556654,84.25316394769271
0.018403475106851263,7.1293906304143455,8.615134931573976,84.25547443801167
0.018813870781070476,7.1261562206674265,8.616357723704148,84.25748605562843
0.01922049938739731,7.123128224789917,8.617509995129788,84.25936178008028
0.019576523085412686,7.120589264234027,8.618476926929262,84.26093380883671
0.019930257436094195,7.118186705583325,8.619396918959664,84.26241637545702
0.020281854934100344,7.115913419150845,8.62026918024105,84.2638174006081
0.02059191278949994,7.113982524141556,8.621009942668314,84.26500753319013
0.020900612298922542,7.112139468234539,8.621719127477146,84.26614140428832
0.02120802720109558,7.1103806132217935,8.622396324562159,84.26722306221605
0.021480401532810348,7.108791628715575,8.623000940647655,84.26820743063676
0.021751885694605715,7.107269839590578,8.623580365839398,84.26914979457003
0.022022522923053938,7.105812132506068,8.624134957153647,84.27005291034028
0.022263040811850054,7.104556895096666,8.624611542744006,84.27083156215933
0.02250299318104397,7.103347474742125,8.625070503986967,84.2715820212709
0.022742403141558967,7.102182314677635,8.62551183429243,84.27230585102994
0.022955621351584705,7.101173434848561,8.625892888523827,84.27293367662762
0.02316847066958828,7.100197007495311,8.626261008715224,84.27354198378947
0.023380964038893982,7.09925209556171,8.62661624287738,84.2741316615609
0.02359311387315436,7.0983375767819865,8.626958941216868,84.27470348200114
0.023782329831034454,7.097542803262852,8.627255574997504,84.27520162173965
0.023971308878968058,7.096770659637206,8.627542806935812,84.27568653342699
0.024160058162813376,7.0960204164102025,8.627820783095883,84.27615880049392
0.024348584539677722,7.095291236947833,8.628089774505648,84.27661898854653
0.024536894564754216,7.094582458743387,8.628349982148748,84.27706755910786
0.0247049867976848,7.093964519324474,8.628575581124231,84.27745989955129
0.024872928053764447,7.093361877996636,8.628794487758405,84.27784363424496
0.02504072216739984,7.092729027846824,8.629020814586031,84.27825015756714
0.025208361509911386,7.092112756284305,8.629240009672232,84.27864723404346
0.025375850231632455,7.091512866042493,8.629451992303508,84.279035141654
0.025543192390681868,7.090928879846549,8.62965690987414,84.27941421027931
0.025692599489936862,7.090419448228438,8.629834272358263,84.2797462794133
0.025841903776310036,7.089922053813178,8.630006175915565,84.28007177027126
0.02599110765652264,7.089436332143957,8.630172775716147,84.2803908921399
0.02614021345822523,7.088961977092531,8.63033416681478,84.28070385609269
0.026289223436886607,7.088498297752389,8.630490601856424,84.2810111003912
0.026438139702494673,7.088045366346451,8.630642018056315,84.28131261559724
0.026571057430351718,7.087650147125342,8.630772766288798,84.28157708658586
0.026703909029130477,7.087263124668146,8.63089958999884,84.28183728533301
0.02683669580564226,7.08688401718265,8.631022646797973,84.28209333601937
0.026969419022736616,7.0865121372056885,8.63114219932372,84.2823456634706
0.027102079828886065,7.0861477900048095,8.631258099068077,84.2825941109271
0.02723467941499191,7.0857908181239635,8.631370392030203,84.28283878984584
0.02736721894203766,7.08544105758679,8.631479130281278,84.28307981213193
0.027499699540123358,7.0850983462720185,8.631584363359536,84.28331729036844
0.027632122309128048,7.084761953993472,8.631686374834748,84.28355167117178
0.02775023896033507,7.0844686329630955,8.631773919247298,84.28375744778961
0.027868314547484646,7.084180527098395,8.631858759759984,84.28396071314161
0.02798634972596201,7.083897432833462,8.631941038766174,84.28416152840038
0.028104345128552373,7.083619243220685,8.632020791177853,84.28435996560147
0.028222301372444025,7.0833458525106545,8.632098051193495,84.28455609629584
0.028340219058645616,7.083077157814974,8.632172850468468,84.28474999171655
0.028458098772953664,7.082813053331578,8.632245225619762,84.28494172104865
0.028575941085745776,7.0825527362767415,8.63231549554567,84.28513176817759
0.02869374646149782,7.082296835797288,8.632383386629849,84.28531977757287
0.028811515443666117,7.082045275545291,8.632448924068527,84.28550580038619
0.02892924856442134,7.081797970182496,8.632512137664053,84.28568989215344
0.029034143725651555,7.081582910078546,8.632565667949125,84.28585142197234
0.029139013397356042,7.081370975775983,8.632617419337372,84.28601160488665
0.029243857886717052,7.081162000790144,8.632667521394007,84.28617047781584
0.029348677487301654,7.080955916381907,8.632715998102594,84.2863280855155
0.029453472484687056,7.080752658195151,8.632762871102832,84.28648447070202
0.029558243156875594,7.080552167140203,8.63280815794043,84.28663967491936
0.029662989774714855,7.0803535455449245,8.632852224034659,84.28679423042041
0.029767712513130894,7.080157616819567,8.632894716434507,84.28694766674593
0.02987241163312779,7.079964351834113,8.632935644581206,84.28710000358468
0.029977087391944445,7.079773710402272,8.632975023249616,84.28725126634811
0.030081740042177185,7.079585644582346,8.633012871003825,84.28740148441382
0.030186369830904454,7.079400101021724,8.633049209128476,84.2875506898498
0.030290976999169716,7.079217022659552,8.633084060853266,84.28769891648717
0.03039556178173388,7.079036349934999,8.633117450801386,84.28784619926361
0.03050012440664152,7.0788580218152735,8.63314940444403,84.2879925737407
0.030593141156396875,7.07870368754337,8.633175536419559,84.28812077603706
0.030686142134450305,7.0785509229804084,8.633200629516596,84.288248447503
0.03077912745732786,7.0783995976206775,8.6332247942391,84.28837560814021
0.030872097233560897,7.078249671840675,8.633248044761618,84.2885022833977
0.030965051568181034,7.078101113184205,8.63327039073995,84.28862849607584
0.031057990562921203,7.07795289612038,8.63329225012609,84.28875485375353
0.03115091423035081,7.077806051699044,8.633313186394252,84.28888076190671
0.031243822671627636,7.077639698059738,8.633336585271,84.28902371666926
0.03133671384940851,7.077467466723879,8.633367984190864,84.28916454908526
0.031429587614139255,7.077301392392177,8.633393590695805,84.28930501691202
0.03152244429883449,7.077137256108472,8.633418048899237,84.28944469499228
0.03161528405506551,7.076975014654645,8.633441377735279,84.28958360761007
0.03170810703051585,7.076814620531044,8.63346359808439,84.28972178138456
0.03180091336867485,7.076656026553642,8.633484731028483,84.28985924241788
0.03189370320893621,7.076499184251431,8.633504797916826,84.28999601783174
0.03198647668637173,7.07634404381564,8.633523821003479,84.29013213518088
0.03207923393192111,7.076190556114556,8.633541822464883,84.29026762142055
0.03217197507204938,7.076038665954795,8.633558827119673,84.29040250692553
0.03226470022858069,7.075888333518495,8.63357485354756,84.29053681293395
0.032357409519861734,7.075739509526083,8.633589924490934,84.29067056598298
0.0324501030600584,7.075592144469652,8.633604062930882,84.29080379259946
0.032542780959089156,7.075446189825498,8.633617291529363,84.29093651864514
0.03263544332278486,7.075301598037164,8.633629632624185,84.29106876933865
0.0327177146070866,7.075177206634314,8.633638580515225,84.29118421285047
0.032799974844649325,7.075053574163926,8.633646927054539,84.29129949878154
0.03288222407651073,7.074930566615042,8.633654801976226,84.29141463140873
0.0329644623380606,7.074808170073878,8.633662217775036,84.29152961215108
0.03304668966414316,7.074685200846324,8.633669625634116,84.29164517351956
0.03312890600403981,7.074562847644176,8.63367655475159,84.29176059760424
0.033211111392069365,7.074441175561725,8.633682971854233,84.29187585258404
0.03329330586658681,7.074320253831287,8.633688849199364,84.29199089696935
0.03337548947092196,7.074199959683219,8.63369423586387,84.29210580445292
0.03345766223968746,7.074080199639692,8.633699167665004,84.2922206326953
0.0335398242006406,7.07396119030988,8.633703559318507,84.29233525037161
0.03362197539706926,7.073842907665432,8.633707420973662,84.29244967136091
0.03370411587050403,7.073725324991931,8.633710766132321,84.29256390887575
0.03378624566073413,7.073608416062066,8.633713608131073,84.29267797580687
0.0338683648057707,7.073492155143281,8.63371596012719,84.29279188472954
0.03395047334188491,7.073376516942107,8.63371783516085,84.29290564789704
0.03403257130377439,7.073261476712283,8.63371924602827,84.29301927725945
0.034114658724378674,7.07314701014042,8.633720205408252,84.29313278445133
0.03419673563519411,7.073033093397937,8.633720725797978,84.29324618080408
0.03427880206604957,7.072919703126155,8.633720819526783,84.29335947734707
0.03436085804525424,7.072806816432229,8.633720498756125,84.29347268481165
0.03444290359980067,7.072694410886079,8.633719775478674,84.29358581363525
0.03452493875493418,7.072582464515419,8.633718661520028,84.29369887396454
0.03460696353470913,7.072470955801611,8.633717168538475,84.29381187565991
0.03468897796174371,7.072359863676628,8.63371530802477,84.2939248282986
0.03477098205727244,7.072249167517815,8.633713091303242,84.29403774117894
0.034852975841291316,7.072138847143422,8.633710529532214,84.29415062332437
0.03493495933240467,7.072028882809335,8.633707633704065,84.2942634834866
0.03501693254804374,7.071919255203881,8.633704414646031,84.29437633015009
0.03509889550449898,7.07180994545296,8.63370088300877,84.29448917153827
0.0351808482166914,7.071700935066086,8.633697049328056,84.29460201560586
0.03526279069850062,7.071592206035718,8.633692923901377,84.2947148700629
0.03534472296272302,7.071483740724499,8.63368851691427,84.29482774236124
0.035426645021007876,7.071375521916934,8.633683838377568,84.2949406397055
0.035508556883925006,7.07126753280353,8.6336788981406,84.29505356905587
0.03559045856101312,7.071159756974783,8.633673705892994,84.29516653713223
0.03567235006090167,7.0710521776063695,8.633668246832691,84.29527957556093
0.035754231389817176,7.070944778095079,8.633662551516704,84.29539267038821
0.035836102554016064,7.07083754534414,8.63365663205059,84.29550582260528
0.03591796355931082,7.070730464498011,8.633650497493576,84.29561903800843
0.03599981441054987,7.0706235210752935,8.633644156752645,84.29573232217207
0.03608165511170041,7.070516700967215,8.63363761857997,84.29584568045281
0.03616348566594934,7.070409990432297,8.633630891574082,84.29595911799362
0.03624530607567373,7.070303376091713,8.63362398418098,84.2960726397273
0.036327116342485186,7.070196844924916,8.633616904694698,84.29618625038039
0.03640891646710675,7.0700903842642076,8.633609661258985,84.29629995447681
0.03649070644971348,7.069983981789448,8.63360226186874,84.29641375634182
0.03657248628967851,7.06987762552429,8.633594714370128,84.29652766010558
0.03665425598570851,7.069771303829911,8.633587026463003,84.29664166970709
0.03673601553583047,7.069665005400967,8.633579205701333,84.2967557888977
0.03680844836579383,7.06957449478704,8.633570567100268,84.2968549381127
0.03689018902340986,7.0694676947488215,8.6335627053748,84.29696959987638
0.0369626062166483,7.069376648821531,8.633554152630968,84.2970691985475
0.03703501615469615,7.069284373780923,8.633545957034649,84.29716966918444
0.03710741876200715,7.069191802735072,8.63353781532329,84.29727038194163
0.0371798140200506,7.069098877156706,8.633529765487207,84.29737135735608
0.03725220190747506,7.069005563667761,8.633521822462258,84.29747261386999
0.037324582401257016,7.068911022017817,8.633514308660475,84.2975746693217
0.03739695542924471,7.068816380699114,8.633506768408958,84.29767685089193
0.03746932098419245,7.068721669051918,8.63349918145749,84.2977791494906
0.03754167906008002,7.0686268894447295,8.633491548120418,84.29788156243485
0.03761402965113554,7.068532041531031,8.633483870325746,84.29798408814322
0.03768637275162334,7.068437123632975,8.633476150521215,84.2980867258458
0.037758708355816545,7.068342133117874,8.63346839158175,84.29818947530036
0.03783103645791184,7.068247066709699,8.633460596668504,84.2982923366218
0.03790335705202714,7.068151920722694,8.633452769122796,84.2983953101545
0.03797567013206406,7.068056691224828,8.633444912392592,84.29849839638258
0.038047975691940676,7.067961374154058,8.633437029979344,84.2986015958666
0.03812027372523957,7.067865965399621,8.633429125401477,84.2987049091989
0.03819256422556622,7.067770460858829,8.633421202167893,84.29880833697328
0.03826484718628661,7.067674856477082,8.633413263760158,84.29891187976276
0.03833712260066108,7.067579148274975,8.633405313619383,84.29901553810564
0.03840939046171701,7.067483332366716,8.633397355138339,84.29911931249494
0.038481650762499785,7.067387404972739,8.633389391654788,84.29922320337248
0.03855390349581596,7.067291362428171,8.633381426447707,84.29932721112412
0.038626148654337736,7.067195201187146,8.6333734627351,84.29943133607776
0.038698386230723955,7.067098917826095,8.633365503672035,84.29953557850187
0.038770616217397025,7.067002509045454,8.633357552349652,84.2996399386049
0.038842838606729733,7.066905971668709,8.63334961179552,84.29974441653577
0.03891505339105167,7.06680930264231,8.633341684973313,84.29984901238437
0.03898726056244252,7.066712499035462,8.633333774782482,84.29995372618205
0.0390594601130498,7.066615558036947,8.63332588405975,84.3000585579033
0.03913165203491494,7.066518476954537,8.633318015578913,84.30016350746655
0.03920383631993003,7.066421253213102,8.633310172051662,84.30026857473524
0.03927601296002422,7.066323884351716,8.633302356128507,84.30037375951977
0.03934818194700565,7.066226368022339,8.6332945703992,84.30047906157846
0.03942034327258359,7.066128701987216,8.633286817394012,84.30058448061877
0.039492496928472356,7.066030884116979,8.633279099583845,84.30069001629917
0.0395646429063476,7.0659329123881385,8.633271419381563,84.3007956682303
0.03963678119783525,7.065834784880742,8.633263779142995,84.30090143597626
0.03970891179451671,7.065736499777049,8.633256181166802,84.30100731905614
0.03978103468796678,7.0656380553581,8.633248627696496,84.3011133169454
0.039853149869709295,7.06553945000227,8.633241120920635,84.3012194290771
0.03992525733127116,7.065440682183271,8.633233662973536,84.3013256548432
0.03999735706412149,7.065341750467463,8.633226255936496,84.30143199359604
0.04006944905982347,7.065242653512181,8.633218901838301,84.30153844464951
0.04014153330984239,7.0651433900636285,8.633211602656019,84.30164500728034
0.04021360980566448,7.065043958954452,8.6332043603161,84.30175168072944
0.040285678538784744,7.064944359101713,8.633197176695251,84.30185846420304
0.040357739500711025,7.064844589505766,8.633190053620579,84.30196535687365
0.040429792682935166,7.0647446492471175,8.633182992871035,84.30207235788185
0.040501838077037465,7.064644537485234,8.633175996177753,84.30217946633701
0.0405738756745005,7.064544253456126,8.633169065225555,84.30228668131832
0.04064590546694035,7.0644437964711075,8.633162201652421,84.30239400187646
0.040717927445969235,7.064343165914146,8.633155407051627,84.30250142703423
0.040789941603217715,7.064227420879604,8.633151149139087,84.3026214299813
0.04086194692344832,7.0641058296505745,8.633153729952708,84.30274044039672
0.04093394327521818,7.063987558259696,8.633152788541144,84.30285965319916
0.04100593075242016,7.063869475025067,8.633151777667383,84.30297874730755
0.04107790936797049,7.063751571434321,8.633150702204102,84.30309772636157
0.04114987913447935,7.063633839602799,8.63314956655315,84.30321659384406
0.041221840064064014,7.063516271601059,8.633148375112182,84.30333535328676
0.041293792168443685,7.063398859981221,8.633147132074672,84.3034540079441
0.04136573545906469,7.06328159749657,8.633145841536024,84.30357256096741
0.0414376699468988,7.063164477119728,8.63314450749046,84.30369101538982
0.04150959564263523,7.063047492037978,8.633143133830561,84.30380937413146
0.04158151255649631,7.06293063564321,8.63314172435315,84.30392764000364
0.04165342069855897,7.0628139015278615,8.633140282760136,84.304045815712
0.04172532007842279,7.062697283481259,8.633138812660066,84.30416390385868
0.0417972107054657,7.0625807754838394,8.633137317570494,84.30428190694566
0.041869092588723726,7.062464371702997,8.633135800919622,84.30439982737738
0.041940965736982715,7.062348066487932,8.633134266048522,84.30451766746354
0.042012830158723,7.06223185436569,8.633132716212465,84.30463542942184
0.04208468586209633,7.062115730036092,8.633131154583493,84.30475311538042
0.042156532855147304,7.0619996883679494,8.63312958425131,84.30487072738075
0.042228371145545125,7.061883724394447,8.633128008225881,84.30498826737967
0.04230020074080445,7.061767833309449,8.633126429438203,84.30510573725235
0.04237202164804943,7.061652010463421,8.63312485074273,84.30522313879385
0.04244383387438082,7.061536251358742,8.633123274918802,84.30534047372245
0.04251563742654164,7.061420551647105,8.633121704671767,84.30545774368112
0.042587432311120804,7.061304907124153,8.633120142635732,84.30557495024011
0.04265921853454439,7.06118931372729,8.633118591373655,84.30569209489906
0.04273099610300171,7.0610737675311395,8.633117053379832,84.30580917908902
0.04280276502251778,7.0609582647444755,8.633115531081076,84.30592620417445
0.04287452529887881,7.0608428017067935,8.633114026838012,84.3060431714552
0.04294627693776952,7.060727374895974,8.633112542933041,84.30616008217098
0.04301801994468237,7.060611980866334,8.63311108164114,84.30627693749253
0.04308975432497131,7.060496616366244,8.63310964509102,84.30639373854274
0.043161480083828065,7.060381278211743,8.6331082354073,84.30651048638096
0.043233197226302734,7.060265963345805,8.633106854641357,84.30662718201283
0.04330490575729391,7.060150668822923,8.633105504786757,84.30674382639032
0.04337660568155453,7.060035391806325,8.633104187780303,84.30686042041337
0.043448297003729895,7.059920129565017,8.633102905503112,84.30697696493188
0.04351997972836318,7.05980487947069,8.63310165978235,84.30709346074696
0.04359165385986817,7.059689638995007,8.633100452392208,84.30720990861278
0.04366331940253435,7.059574405707471,8.63309928505482,84.30732630923771
0.04373497636054816,7.059459177272541,8.633098159441452,84.307442663286
0.04380662473794903,7.059343951446781,8.633097077173993,84.30755897137922
0.04387826453879673,7.05922872607661,8.63309603982566,84.30767523409773
0.04394989576699691,7.05911349909598,8.63309504892217,84.30779145198186
0.04402151842632184,7.05899826852404,8.633094105942716,84.30790762553325
0.044093132520512245,7.058883032462354,8.633093212321302,84.30802375521634
0.04416473805321648,7.05876778909326,8.6330923694473,84.30813984145944
0.04424547550933065,7.058633515721927,8.63309335915675,84.30827312512133
0.04431706260206853,7.0585184209744565,8.633092650314566,84.30838892871097
0.044397777763098834,7.058384789324827,8.633093457269798,84.30852175340537
0.04446934648093287,7.058270280246711,8.633092544729786,84.3086371750235
0.04455003944798523,7.058138115540393,8.63309282325157,84.30876906120804
0.04463072061605147,7.058006540698375,8.6330930016631,84.30890045763853
0.044711390035824264,7.057874898755689,8.633093227754838,84.30903187348947
0.04479204770697858,7.0577440672891605,8.63309316190088,84.30916277080995
0.044872693689957305,7.057614268737533,8.63309272889008,84.30929300237239
0.0449533280610911,7.057484505754822,8.633092339315652,84.30942315492953
0.045033950828897856,7.057354706214386,8.633092034122514,84.30955325966309
0.04511456199764474,7.057224868142725,8.63309181542716,84.30968331643012
0.045195161571352886,7.057094990471757,8.633091684368347,84.3098133251599
0.04527574955413646,7.056965072224881,8.633091642030887,84.30994328574424
0.045356325950171486,7.0568351125117115,8.63309168944815,84.31007319804013
0.045436890763371464,7.056705110496663,8.633091827615184,84.31020306188816
0.04551744399779271,7.056575065413121,8.63309205748291,84.31033287710396
0.04559798565736375,7.056444976562895,8.63309237995847,84.31046264347863
0.04567851574616348,7.056314843313434,8.633092795906439,84.31059236078013
0.04575903426807734,7.056184665095865,8.633093306150135,84.310722028754
0.04583954122705668,7.0560544414029245,8.633093911472141,84.31085164712493
0.04592003662704898,7.055924171786472,8.633094612615794,84.31098121559774
0.04600052047205624,7.055793855854732,8.633095410286588,84.31111073385868
0.0460809927658991,7.055663493272159,8.633096305152012,84.31124020157583
0.04616145351258708,7.055533083755007,8.633097297844055,84.31136961840093
0.04624190271608261,7.055402627071255,8.63309838895896,84.31149898396978
0.04632234038030395,7.05527212303786,8.633099579058754,84.31162829790338
0.04640276650925561,7.055141571518853,8.633100868672173,84.31175755980898
0.046483181106902846,7.055010972423949,8.633102258295375,84.31188676928068
0.04656358417728363,7.054880325706492,8.633103748392982,84.31201592590052
0.04664397572436462,7.054749631362005,8.633105339398952,84.31214502923905
0.04672435575222591,7.054618889426783,8.633107031716806,84.3122740788564
0.04680472426491688,7.054488099975201,8.633108825721877,84.31240307430292
0.04688508126649459,7.054357263119498,8.633110721760644,84.31253201511986
0.04696542676111687,7.054226379007535,8.633112720152292,84.31266090084017
0.04704576075287962,7.054095447821412,8.633114821189377,84.31278973098921
0.04712608324601949,7.053964469776508,8.633117025138056,84.31291850508545
0.04720639424464055,7.0538334451192135,8.633119332240062,84.31304722264072
0.04728669375308262,7.0537023741264875,8.633121742711888,84.31317588316163
0.04736698177555531,7.053571257103991,8.633124256746722,84.31330448614929
0.04744725831639669,7.053440094385188,8.633126874514346,84.31343303110046
0.047527523379927585,7.0533088863299955,8.633129596162119,84.31356151750788
0.04760777697050745,7.053177633323332,8.633132421815832,84.31368994486084
0.04768801909262666,7.053046335774203,8.633135351579995,84.31381831264581
0.04776824975065219,7.05291499411511,8.633138385538263,84.31394662034663
0.04784846894912022,7.0527836087995635,8.633141523755041,84.3140748674454
0.047928676692609244,7.052652180302436,8.633144766274974,84.31420305342259
0.0480088729856684,7.052520709118553,8.633148113123749,84.31433117775771
0.04808905783288977,7.052389195761433,8.633151564309127,84.31445923992943
0.04816923123900188,7.052257640883262,8.633155119686393,84.31458723943035
0.04824939320870858,7.0521260446579515,8.63315877963791,84.31471517570415
0.048329543746748284,7.051994408035013,8.633162543706334,84.31484304825865
0.04840968285791732,7.051862731462036,8.633166411971137,84.31497085656683
0.048489810547127137,7.051731015532122,8.633170384357678,84.31509860011019
0.048569926819208575,7.051599260852788,8.6331744607755,84.31522627837171
0.04865003167920375,7.051467468043721,8.633178641119756,84.31535389083653
0.04873012513201954,7.051335637736675,8.63318292527171,84.31548143699162
0.04881020718275679,7.051189159207927,8.633192092989896,84.31561874780218
0.048890276793657324,7.0510425620080985,8.633201691906994,84.3157557460849
0.04897033397995594,7.050896376463303,8.633211118895007,84.31589250464168
0.04905037877278847,7.050750456521186,8.633220531229192,84.31602901224961
0.04913041119835276,7.0506047959572165,8.63322993149246,84.31616527255032
0.04921043128241257,7.050459388882327,8.633239322116454,84.31630128900122
0.04929043905042908,7.050314229222334,8.633248705595943,84.31643706518173
0.04937043452729274,7.050169311419443,8.633258084228276,84.31657260435227
0.04945041773763332,7.050024630085841,8.633267460196272,84.31670790971788
0.04953038870562823,7.049880179883862,8.63327683568608,84.31684298443005
0.049610347455044314,7.049735955643037,8.633286212799876,84.3169778315571
0.0496902940093396,7.049591952341692,8.633295593572814,84.31711245408549
0.049770228391617675,7.0494481651016825,8.633304979976094,84.31724685492222
0.04985015062456702,7.049304589184967,8.633314373918132,84.3173810368969
0.04993006073066748,7.049161219989125,8.633323777246261,84.31751500276461
0.050009958731966016,7.04901805304395,8.633333191748312,84.31764875520774
0.05008984465017393,7.0488750840070695,8.633342619154746,84.31778229683819
0.050169718506786636,7.048732308660336,8.633352061139785,84.31791563019988
0.05024958032299894,7.048589722906211,8.633361519323207,84.31804875777058
0.05032943011957044,7.0484473227646465,8.633370995271783,84.31818168196357
0.0504092679171394,7.048305104369209,8.633380490500464,84.31831440513032
0.05048909373596027,7.048163063963667,8.633390006474636,84.3184469295617
0.05056890759607351,7.048021197899429,8.633399544610377,84.3185792574902
0.05064870951725745,7.047879502631413,8.633409106276945,84.31871139109164
0.05072849951898257,7.047737974716109,8.633418692797163,84.31884333248672
0.050808277620526275,7.047596610807842,8.63342830544924,84.31897508374291
0.05088804384090588,7.04745540765615,8.633437945467888,84.31910664687597
0.050967798198868715,7.047314362102987,8.633447614045616,84.3192380238514
0.051047540713023955,7.047173471079963,8.633457312333714,84.31936921658631
0.051127271401649785,7.047032731606011,8.633467041443515,84.31950022695047
0.0512069902828612,7.046892140784355,8.633476802447637,84.319631056768
0.051286697374581365,7.046751695801675,8.633486596379258,84.31976170781907
0.05136639269452661,7.046611393918669,8.633496424241473,84.31989218183986
0.05144607626008731,7.046471232482239,8.633506286991771,84.32002248052599
0.05152574808860237,7.0463312089080175,8.633516185559788,84.3201526055322
0.05160540819718504,7.046191320686026,8.633526120839855,84.32028255847412
0.051685056602744826,7.046051565377163,8.633536093693408,84.32041234092942
0.051764693322028814,7.045911940610676,8.633546104950337,84.320541954439
0.05184431837155275,7.045772444082625,8.633556155409476,84.32067140050789
0.05192393176773387,7.045633073553284,8.633566245839965,84.32080068060674
0.0520035335267492,7.0454938268460445,8.633576376981477,84.32092979617248
0.05209294456076765,7.045333312004809,8.63358966243502,84.32107702556017
0.052182339549177593,7.045173340133541,8.633602977655864,84.3212236822106
0.052271718556190304,7.0450141691635215,8.63361600242232,84.32136982841416
0.05236108165387548,7.0448557312419435,8.633628778430406,84.32151549032764
0.05245042890954831,7.044697955931381,8.633641351782117,84.3216606922865
0.052539760385822566,7.044542810041104,8.633652892319603,84.32180429763929
0.05262907630185503,7.044387795644457,8.633664492934088,84.32194771142146
0.052718376680037794,7.044232910013026,8.633676154851964,84.32209093513501
0.05280766154269545,7.044078151137828,8.633687878545459,84.3222339703167
0.05289693091176914,7.043923516566185,8.633699665013559,84.32237681842025
0.052986184809087,7.043769004663019,8.633711514393577,84.3225194809434
0.05307542325629493,7.04361461338355,8.633723427334541,84.3226619592819
0.053164646274825866,7.043460340829337,8.633735404335688,84.32280425483498
0.05325385388590582,7.0433061851597785,8.633747445868996,84.32294636897122
0.05334304611063965,7.043152144590578,8.633759552379514,84.3230883030299
0.05343222296989398,7.04299821739173,8.633771724286513,84.32323005832177
0.05352138448440283,7.042844401885408,8.633783961984467,84.32337163613013
0.05361053067467046,7.04269069644432,8.633796265843927,84.32351303771175
0.0536996615610971,7.042537099489883,8.63380863621214,84.32365426429797
0.0537887771639421,7.042383609490489,8.633821073414003,84.3237953170955
0.05387787750322656,7.042230224959953,8.633833577752974,84.32393619728707
0.05396696259891921,7.042076944455952,8.633846149511365,84.32407690603269
0.05405603247071716,7.0419237665782735,8.633858788951782,84.32421744446994
0.05414508713825177,7.041770689967655,8.633871496317093,84.32435781371525
0.05423412662107156,7.041617713303953,8.633884271831583,84.32449801486446
0.054323150938402696,7.0414648353050655,8.633897115701739,84.3246380489932
0.05441216010947558,7.041312054725389,8.633910028116475,84.32477791715813
0.05450115415340607,7.041159370354711,8.633923009247809,84.32491762039747
0.054590133089078494,7.041006781016772,8.63393605925189,84.32505715973133
0.05467909693524732,7.04085428556793,8.633949178269534,84.32519653616254
0.05476804571072301,7.040701882896477,8.633962366425878,84.32533575067764
0.054856979433929455,7.0405495719209625,8.633975623832391,84.32547480424665
0.05494589812335179,7.04039735158912,8.633988950586565,84.32561369782432
0.055034801797376666,7.04024522087749,8.634002346771917,84.32575243235058
0.05512369047413158,7.04009317878938,8.634015812459985,84.32589100875063
0.05521256417169151,7.039941224354472,8.634029347709738,84.3260294279358
0.0553014229080797,7.039789356628084,8.634042952567786,84.32616769080413
0.05539026670110762,7.039637574689469,8.634056627070029,84.3263057982405
0.05547909556857982,7.039485877641622,8.634070371240938,84.32644375111744
0.05556790952813414,7.039334264609769,8.63408418509496,84.32658155029526
0.05565670859736433,7.039182734741136,8.63409806863607,84.32671919662279
0.05574549279366081,7.039031287204006,8.634112021858652,84.32685669093733
0.05583426213441381,7.038879921126777,8.634126044818341,84.32699403405488
0.05592301663681167,7.038728635781021,8.634140137420742,84.32713122679823
0.05601175631806824,7.038577430395135,8.634154299630985,84.32726826997387
0.056100481195220236,7.038426304213254,8.634168531408692,84.32740516437805
0.0561891912852512,7.038264104711256,8.634186643168343,84.3275492521204
0.05627788567682415,7.0381020710411875,8.634204886956796,84.32769304200201
0.05636656440020136,7.03794034277642,8.634223103043675,84.3278365541799
0.05645522749054803,7.037778903052342,8.634241305920069,84.3279797910276
0.056543874982104184,7.037617746575061,8.634259497349227,84.32812275607571
0.05663250690863675,7.037456868271224,8.634277679007308,84.32826545272147
0.05672112330347793,7.03729626320837,8.634295852551272,84.32840788424036
0.056809724199519115,7.037135926725028,8.634314019432688,84.32855005384228
0.05689830962922695,7.0369758539996035,8.63433218125093,84.32869196474947
0.05698687962463657,7.0368160403631395,8.634350339515331,84.32883362012153
0.057075434217382516,7.036656481254634,8.634368495692462,84.3289750230529
0.05716397343854714,7.036497172219161,8.634386651206505,84.32911617657433
0.0572524973190314,7.036338108904079,8.634404807440657,84.32925708365526
0.05734100588916141,7.036179287056543,8.634422965738722,84.32939774720474
0.057429499178918146,7.036020702520629,8.634441127405927,84.32953817007345
0.0575179772179657,7.035862351234861,8.634459293709787,84.32967835505536
0.057606440035598956,7.035704229229172,8.634477465881714,84.32981830488912
0.05769488766069108,7.035546332622947,8.634495645117648,84.3299580222594
0.05778332012178147,7.035388657622102,8.634513832579344,84.33009750979855
0.057871737447043,7.035231200516945,8.634532029395173,84.33023677008788
0.05796013966436944,7.035073957679799,8.634550236661038,84.33037580565916
0.058048526801282016,7.034916925562512,8.634568455441759,84.33051461899572
0.058147477147173665,7.034737307553214,8.634590690615351,84.33067200183145
0.05824640692491083,7.034558299608584,8.634612919902175,84.33082878048924
0.05834531621728063,7.034380142408306,8.634634844673993,84.33098501291771
0.05844420511607616,7.0342027737604615,8.634656502922116,84.33114072331742
0.058543073707988204,7.03402613239995,8.634677932682958,84.3312959349171
0.05864192207455261,7.033850675708759,8.6346989487924,84.33145037549885
0.05874075034079137,7.033676953615223,8.63471932507812,84.33160372130666
0.05883955868365043,7.033503455617518,8.634739728328453,84.33175681605402
0.05893834714000371,7.033330177486363,8.63476016000655,84.33190966250709
0.05903711574647227,7.033157115458071,8.634780621123078,84.33206226341885
0.059135864539113375,7.032984265852041,8.634801112657485,84.33221462149048
0.059234593553653445,7.032811625063815,8.63482163556033,84.33236673937586
0.05933330282540632,7.03263918956931,8.634842190752206,84.33251861967848
0.05943199238916969,7.032466955944605,8.63486277911414,84.33267026494126
0.059530662279526594,7.032294920813762,8.634883401510912,84.33282167767533
0.0596293125305146,7.032123080875402,8.634904058779055,84.33297286034555
0.0597279431758353,7.031951432899611,8.634924751728356,84.33312381537203
0.05982655424881704,7.031779973726677,8.634945481141868,84.33327454513146
0.05992514578251177,7.0316087002637095,8.634966247778127,84.33342505195817
0.060023717809478086,7.0314376094861935,8.634987052368324,84.33357533814548
0.06012227036198984,7.031266698425996,8.635007895628364,84.33372540594564
0.06022080347199781,7.03109596418756,8.635028778239073,84.33387525757337
0.06031931717106938,7.03092540392825,8.6350497008673,84.33402489520445
0.060417811490417146,7.030755014865689,8.635070664156403,84.33417432097791
0.06051628646108387,7.030584794274275,8.635091668728704,84.33432353699702
0.060614742113546075,7.030414739483444,8.635112715186976,84.33447254532958
0.06071317847816706,7.0302448478763395,8.635133804114018,84.33462134800965
0.0608115955849119,7.030075116887979,8.635154936074164,84.33476994703786
0.06090999346348714,7.0299055440037765,8.63517611161367,84.33491834438256
0.06100837214318959,7.029736126758937,8.635197331260787,84.33506654198027
0.06110673165317994,7.0295668627357495,8.635218595527096,84.33521454173716
0.06120507202224184,7.029397749562863,8.635239904907996,84.33536234552915
0.06130339327894333,7.029228784914669,8.635261259882245,84.3355099552031
0.061401695451485404,7.029059966508925,8.635282660913951,84.33565737257712
0.06149997856784047,7.028891292106426,8.635304108451788,84.33580459944179
0.06159824265575717,7.028722759509094,8.635325602930378,84.33595163756054
0.06169648774263078,7.028554366559449,8.635347144770462,84.3360984886701
0.06179471385566379,7.02838611113933,8.635368734378943,84.33624515448173
0.06189292102178087,7.028217991168645,8.635390372150066,84.3363916366813
0.061991109267633154,7.028050004604681,8.635412058465207,84.33653793693011
0.06208927861971357,7.0278821494404635,8.635433793693917,84.33668405686562
0.06218742910416022,7.027714423704769,8.635455578193568,84.33682999810166
0.06228556074696064,7.027546825460209,8.635477412310424,84.33697576222936
0.06238367357384441,7.0273793528032344,8.63549929637937,84.33712135081738
0.06248176761021973,7.0272120038625845,8.635521230724953,84.33726676541247
0.06257984288144436,7.027044776798401,8.635543215661325,84.33741200754028
0.06267789941240587,7.026877669802071,8.635565251492753,84.33755707870517
0.06277593722801508,7.026710681094983,8.635587338513364,84.33770198039166
0.0628739563528307,7.026543808927424,8.635609477008652,84.33784671406393
0.06297195681126297,7.026377051578374,8.635631667254739,84.33799128116688
0.06306993862746543,7.026210407354973,8.635653909518668,84.33813568312635
0.06316790182538261,7.02604387459086,8.635676204059802,84.33827992134934
0.06326584642884209,7.025877451646319,8.635698551128767,84.33842399722491
0.06336377246126801,7.0257045283856625,8.635722093237582,84.33857337837676
0.06346167922626367,7.0255287605518735,8.635749127743056,84.33872211170508
0.0635595666235876,7.0253547952981386,8.635774440485198,84.33887076421667
0.06365743476177817,7.025181076626897,8.635799751342095,84.33901917203102
0.06375528367768854,7.0250075998680455,8.635825061981656,84.3391673381503
0.06385311340773077,7.02483436072876,8.635850373720043,84.33931526555119
0.06395092398769739,7.024661355414552,8.635875687734,84.33946295685143
0.06406009250495315,7.024464705334799,8.63590566785585,84.33962962680936
0.06416923514269844,7.024268598965078,8.635935695600919,84.339795705434
0.06427835199450174,7.024073318462657,8.635965429447173,84.33996125209016
0.0643874431675231,7.023878807665425,8.635994903789777,84.3401262885448
0.06449650876339318,7.02368500927789,8.636024155307226,84.34029083541488
0.06460554887822456,7.023491876494302,8.636053209564903,84.3404549139408
0.06471456360338987,7.023300248129511,8.63608171178576,84.34061804008472
0.06482355312232614,7.023109613889979,8.636109899454775,84.34078048665525
0.06493251756395949,7.022919221533821,8.636138105497707,84.34094267296848
0.06504145697536057,7.02272906627771,8.636166331457506,84.34110460226478
0.06515037140313208,7.022539143652624,8.636194578600461,84.34126627774691
0.06525926089316025,7.022349449279858,8.636222848161403,84.34142770255875
0.0653681254908242,7.022159978868945,8.636251141343687,84.34158887978737
0.06547696524085869,7.021970728207689,8.636279459324165,84.34174981246815
0.06558578018756211,7.021781693185974,8.636307803241818,84.34191050357221
0.065694570374636,7.021592869772986,8.636336174208562,84.34207095601845
0.06580333584512096,7.021404254007411,8.636364573312727,84.34223117267986
0.06591207664175186,7.021215842006755,8.63639300161498,84.34239115637827
0.06602079280663936,7.021027629966263,8.636421454890858,84.34255091514288
0.06612948438082436,7.020839612309358,8.636449923259493,84.34271046443115
0.06623815140396029,7.020651786601053,8.636478424876508,84.34286978852244
0.06634679391663996,7.020464150064108,8.636506959799675,84.34302889013622
0.06645541195901745,7.020276699178737,8.63653552896133,84.34318777185995
0.06656400557079935,7.020089430493257,8.636564133270182,84.34334643623656
0.06667257479115447,7.0199023406227665,8.63659277361191,84.34350488576531
0.06678111965894455,7.019715426246384,8.636621450850575,84.34366312290305
0.06688964021246105,7.019528684107133,8.63665016582812,84.34382115006474
0.06699813648950731,7.019342111009336,8.636678919365783,84.34397896962489
0.06710660852760372,7.019155703817402,8.636707712264213,84.34413658391838
0.06721505636377342,7.018969459454471,8.636736545304421,84.3442939952411
0.06732348003464833,7.0187833749008846,8.63676541924809,84.34445120585103
0.06743187957635356,7.018597447193301,8.636794334837818,84.34460821796887
0.06754025502483446,7.018411673422287,8.63682329279821,84.3447650337795
0.06764860641539594,7.0182260507336975,8.636852293834119,84.34492165543219
0.06775693378310332,7.01804057631806,8.636881338641416,84.34507808504053
0.06786523716259155,7.017855247428074,8.63691042788625,84.34523432468568
0.06797351658809717,7.017670061358204,8.636939562227196,84.3453903764146
0.06808177209358701,7.017485015453214,8.63696874230472,84.34554624224207
0.06819000371261721,7.017300107105369,8.636997968743652,84.34570192415099
0.0682982114781671,7.017115333753591,8.637027242153811,84.3458574240926
0.06840639542333356,7.016930692881161,8.637056563130246,84.3460127439886
0.06851455558052562,7.016746182015969,8.637085932253932,84.34616788573011
0.06862269198193718,7.016561798729189,8.637115350091628,84.34632285117918
0.06873080465928237,7.016377540634264,8.637144817196704,84.34647764216902
0.06883889364414478,7.016193405385975,8.637174334108932,84.34663226050509
0.06894695896771284,7.016009390679069,8.637203901355909,84.34678670796502
0.06905500066080951,7.0158254942483484,8.637233519452039,84.34694098629961
0.06916301875399554,7.015641713867195,8.637263188899661,84.34709509723315
0.06927101327747648,7.015458047346751,8.637292910189212,84.34724904246404
0.0693789842612547,7.015274492534902,8.637322683799754,84.34740282366533
0.06948693173491342,7.015091047316623,8.637352510198367,84.34755644248501
0.06959485572786682,7.014907709611433,8.637382389841802,84.34770990054676
0.06970275626919281,7.014724477373954,8.637412323175788,84.34786319945026
0.06981063338768671,7.014541348593068,8.637442310635265,84.34801634077166
0.06991848711184112,7.014358321290796,8.637472352645256,84.34816932606395
0.07003852790493785,7.014151095951872,8.637507495875568,84.34834140817256
0.07015853729069307,7.013944177992959,8.63754280137504,84.348513020632
0.07027851535104199,7.0137378850610945,8.637577893737827,84.34868422120107
0.07039846218676395,7.013532169739565,8.63761280291693,84.3488550273435
0.07051837789337059,7.013321929351661,8.63764844553263,84.3490296251157
0.07063826179917224,7.013109835658531,8.637686686831584,84.34920347750989
0.07075811384505841,7.01289953732546,8.637723418569031,84.34937704410551
0.07087793421077054,7.012690914127771,8.637759526042837,84.34954955982938
0.0709977231349443,7.0124826902235124,8.637795581452673,84.34972172832381
0.07111748069530394,7.012274678447718,8.637831668142217,84.34989365341006
0.0712372069457931,7.012066874784435,8.637867787128284,84.35006533808729
0.0713569019396837,7.011859274807314,8.637903939775903,84.35023678541678
0.07147656572954199,7.01165187428087,8.637940127306003,84.35040799841313
0.07159619836732943,7.011444669084177,8.637976350897453,84.35057898001837
0.07171579990436498,7.011237655084066,8.638012611742237,84.35074973317369
0.07183537039129849,7.011030828308986,8.638048910968267,84.35092026072275
0.07195490987816001,7.010824184882406,8.638085249669613,84.35109056544799
0.07207441841442826,7.010617720987394,8.638121628921597,84.351260650091
0.07219389604887691,7.010411432880842,8.638158049774756,84.3514305173444
0.07231334282980302,7.010205316894594,8.638194513253755,84.35160016985165
0.07243275880487554,7.009999369433936,8.63823102035816,84.35176961020791
0.0725521440211734,7.009793586976078,8.638267572062821,84.35193884096111
0.07267149852530469,7.009587966067836,8.638304169319094,84.35210786461307
0.07279082236328165,7.00938250332462,8.63834081305474,84.35227668362064
0.07291011558063955,7.009177195428872,8.638377504174915,84.35244530039621
0.073029378222284,7.008972039128622,8.638414243562451,84.35261371730893
0.07314861033266339,7.008767031235568,8.638451032078999,84.35278193668543
0.07326781195580553,7.00856216862433,8.638487870564488,84.35294996081119
0.07338698313508352,7.008357448230841,8.638524759838425,84.35311779193073
0.07350612391354973,7.008152867050475,8.638561700700556,84.35328543224897
0.07362523433375519,7.00794842213753,8.638598693930575,84.35345288393191
0.0737443144377046,7.007744110603989,8.63863574028889,84.35362014910712
0.07386336426697303,7.0075399296175895,8.638672840517646,84.35378722986476
0.07398238386266018,7.007335876401437,8.638709995340124,84.35395412825844
0.07410137326542611,7.007131948232194,8.638747205462275,84.35412084630553
0.07422033251560693,7.006928142439304,8.6387844715721,84.3542873859886
0.07433926165314185,7.006724456403639,8.638821794340803,84.35445374925557
0.07445816071728402,7.006520887557276,8.638859174422763,84.35461993801997
0.0745770297471479,7.006317433381399,8.638896612456053,84.35478595416255
0.07469586878136614,7.006114091405488,8.638934109063078,84.35495179953143
0.07481467785812339,7.005910859207498,8.63897166484984,84.35511747594266
0.0749334570152988,7.00570773441109,8.639009280407956,84.35528298518096
0.07505220629036079,7.005504714686316,8.639046956313509,84.35544832900017
0.07517092572025603,7.005301797747459,8.639084693128806,84.35561350912373
0.07528961534182219,7.005098981353666,8.639122491400514,84.35577852724582
0.07540827519140701,7.004896263306268,8.639160351662468,84.35594338503127
0.07552690530495149,7.004693641449478,8.639198274434303,84.35610808411622
0.07564550571821209,7.004491113668684,8.639236260222273,84.35627262610905
0.07576407646652385,7.004288677890061,8.639274309519584,84.35643701259036
0.07588261758480709,7.00408633207993,8.639312422806505,84.35660124511357
0.07600112910778868,7.003884074243471,8.639350600550662,84.35676532520586
0.07611961106976566,7.003681902424636,8.639388843207618,84.35692925436776
0.07623806350482619,7.003479814704987,8.639427151220515,84.35709303407451
0.07636954968155275,7.0032520806016745,8.639471340545848,84.35727657885248
0.07650099651739273,7.003024552485261,8.639515767897226,84.35745967961752
0.07663240409916276,7.002797594913683,8.639560008562002,84.35764239652431
0.07676377254043863,7.002571165418685,8.639604089742855,84.35782474483847
0.07689510194898323,7.002345223291282,8.639648037225708,84.35800673948302
0.07702639242760492,7.0021197233518375,8.639691882544687,84.35818839410348
0.07715764407320673,7.001894639965629,8.63973563556561,84.35836972446876
0.07728885697873344,7.001669931432238,8.639779324718656,84.35855074384911
0.07742003123182768,7.0014466943212925,8.639822474471377,84.35873083120732
0.0775511670818081,7.001220182781684,8.639866306193253,84.35891351102507
0.07768226399274415,7.00099213595351,8.639912095706498,84.35909576834
0.077813321892027,7.000765082761495,8.639957013537414,84.35927790370108
0.07794434090391537,7.000538181519253,8.640001989651095,84.35945982882966
0.07807532108606534,7.000311429047685,8.640047025126238,84.35964154582607
0.07820626249523074,7.000084823191615,8.640092120332325,84.35982305647607
0.07833716518789198,6.999858360767493,8.640137276126675,84.36000436310583
0.07846802921984335,6.999632038594694,8.64018249341378,84.36018546799153
0.07859885464631916,6.99940585363368,8.640227773011507,84.36036637335481
0.07872964152201269,6.999179802907997,8.640273115716877,84.36054708137513
0.07886038990102819,6.998953883456598,8.640318522326147,84.36072759421725
0.07899109983703353,6.99872809243684,8.640363993589876,84.36090791397328
0.07912177138292276,6.998502427064701,8.640409530238975,84.36108804269634
0.079252404591272,6.9982768846189245,8.640455132982812,84.36126798239827
0.07938299951411287,6.99805146243971,8.640500802510068,84.36144773505022
0.07951355620288383,6.997826158071269,8.640546539333515,84.36162730259522
0.0796440747085112,6.997600968541222,8.640592344566784,84.361806686892
0.07977455508164187,6.997375891807744,8.640638218368695,84.36198588982356
0.07990499737227655,6.997150925299264,8.64068416150382,84.3621649131969
0.08003540162988178,6.996926066648081,8.640730174561781,84.36234375879013
0.080165767903619,6.996701313542482,8.640776258111874,84.36252242834564
0.08029609624223552,6.996476663724057,8.64082241270598,84.36270092356996
0.08042638669392564,6.9962521149877706,8.640868638877851,84.36287924613438
0.08055663930651775,6.996027665180956,8.640914937143041,84.363057397676
0.08068685412742393,6.995803312201352,8.640961308000545,84.36323537979811
0.08081703120364876,6.995579053997466,8.641007751931712,84.36341319407083
0.08094717058170957,6.995354888567134,8.641054269401348,84.36359084203151
0.08107727230785149,6.995130813956379,8.641100860857861,84.36376832518576
0.08120733642796732,6.994906828258304,8.641147526733894,84.3639456450078
0.08133736298745775,6.994682929613662,8.641194267445623,84.36412280294073
0.08146735203144662,6.994459116208305,8.641241083394116,84.36429980039757
0.08159730360467012,6.994235386273308,8.641287974965044,84.36447663876166
0.08172721775139624,6.994011738084346,8.641334942529365,84.36465331938629
0.08185709451578656,6.993788169960041,8.64138198644305,84.3648298435969
0.08198693394146085,6.993564680262371,8.641429107047427,84.3650062126902
0.08211673607188827,6.993341267394908,8.641476304669972,84.36518242793511
0.08224650095004012,6.993117929802595,8.641523579624167,84.36535849057324
0.0823762286186332,6.992894665973686,8.641570932206749,84.36553440181956
0.08250591912022513,6.992671474426112,8.641618362712164,84.36571016286172
0.08263557249686682,6.992448353876742,8.641665871248579,84.36588577487468
0.08276518879047437,6.992225302488012,8.641713458549587,84.3660612389624
0.08290870354633381,6.991975060920039,8.641767753092843,84.36625718598711
0.08305216925546031,6.991724928232186,8.64182236756473,84.36645270420308
0.08319558601158969,6.991475319842147,8.641876823457565,84.3666478567003
0.08333895394492428,6.991226198054758,8.641931145315079,84.36684265663017
0.08348227317990646,6.990977525424177,8.641985357914143,84.36703711666168
0.08362554383538344,6.990729265271965,8.642039485708631,84.3672312490194
0.08376876602468912,6.9904813915374815,8.64209354154492,84.3674250669176
0.0839119398566745,6.990233867940816,8.642147550200574,84.36761858185862
0.08405506543502855,6.989986883357563,8.642201433131852,84.36781168351058
0.0841981428956686,6.989740921630509,8.642254982867769,84.36800409550173
0.08434117245662277,6.989492853459102,8.642309022769966,84.36819812377094
0.08448415374310476,6.989243773124289,8.642364412461262,84.36839181441445
0.08462708671992926,6.988995371794564,8.642419261966495,84.36858536623895
0.08476997150592537,6.988747088573185,8.642474191202307,84.3687787202245
0.0849128081680787,6.988498922001963,8.642529200616442,84.3689718773816
0.08505559677287991,6.988250871477722,8.642584289810653,84.36916483871161
0.08519833738641255,6.988002934907472,8.642639459351571,84.36935760574096
0.08534103007449806,6.987755110410114,8.642694709615299,84.36955017997458
0.08548367490246152,6.987507396168306,8.642750040951647,84.36974256288005
0.08562627193511105,6.98725979043567,8.642805453684096,84.36993475588024
0.08576882123681664,6.98701229151991,8.642860948117246,84.37012676036284
0.08591132287158514,6.986764897748987,8.642916524553435,84.37031857769757
0.08605377690287165,6.986517607524723,8.642972183277552,84.37051020919772
0.08619618339382118,6.986270419337328,8.64302792451357,84.37070165614911
0.08633854240724904,6.986023331708663,8.643083748490392,84.37089291980094
0.08648085400542345,6.985776343213441,8.643139655417906,84.37108400136866
0.0866231182503665,6.9855294524769835,8.643195645488264,84.37127490203476
0.08676533520363777,6.985282658175221,8.643251718875488,84.37146562294929
0.08690750492653826,6.985035959033289,8.64330787573611,84.3716561652306
0.08704962748008724,6.984789353824454,8.643364116209662,84.37184652996588
0.08719170292474114,6.984542841370275,8.643420440418337,84.37203671821139
0.0873337313207581,6.984296420538538,8.643476848467914,84.37222673099355
0.08747571272807772,6.984050090245746,8.643533340444922,84.37241656930934
0.08761764720636214,6.983803849442852,8.643589916431312,84.37260623412584
0.08775953481487518,6.983557697140692,8.643646576476081,84.37279572638323
0.08790137561281439,6.98331163238345,8.643703320623812,84.37298504699274
0.08804316965883488,6.983065654259965,8.643760148901544,84.37317419683849
0.08818491701134777,6.982819761901742,8.643817061320828,84.37336317677745
0.08832661772865727,6.982573954480905,8.643874057878756,84.37355198764034
0.08846827186858183,6.982328231210393,8.643931138557871,84.37374063023174
0.08860987948907337,6.982082591342159,8.643988303326495,84.37392910533134
0.08875144064735598,6.98183703416796,8.644045552138984,84.37411741369306
0.08889295540080211,6.981591559017551,8.644102884935677,84.37430555604676
0.08903442380623208,6.981346165258481,8.644160301643785,84.37449353309773
0.08917584592062859,6.981100852294622,8.644217802176964,84.37468134552842
0.08931722180033978,6.98085561956686,8.644275386436052,84.37486899399708
0.08945855150192199,6.980610466551503,8.644333054308714,84.37505647913979
0.08959983508137509,6.980365392759838,8.644390805670193,84.37524380156997
0.089755887014688,6.980091602993115,8.644456119535523,84.37545227747137
0.08991187838843465,6.979817862998576,8.644521819401744,84.37566031759968
0.09006780931161966,6.979544634473579,8.644587377977327,84.37586798754909
0.09022367994066807,6.97927188444418,8.644652817134938,84.37607529842089
0.09037949042657266,6.978999581205249,8.644718157739115,84.37628226105564
0.09053524091442393,6.97872769133663,8.644783423052473,84.3764888856109
0.09069093154370933,6.978456188356982,8.644848628934763,84.37669518270825
0.09084656244907917,6.978185047313167,8.644913789826852,84.37690116285998
0.09100213376080224,6.97791286965934,8.644979174772804,84.37710795556785
0.09115764529290674,6.97764073866287,8.645045162955228,84.3773140983819
0.09131309718016256,6.977369640852442,8.645110588525927,84.37751977062163
0.09146848965342033,6.977098674479472,8.645176098664203,84.37772522685633
0.0916238228013886,6.976827841163503,8.645241692590927,84.37793046624557
0.09177909671258083,6.976557140643953,8.645307369699552,84.37813548965649
0.09193431147542996,6.976286572107432,8.645373130034919,84.37834029785765
0.09208946717788553,6.976016135007362,8.645438973382284,84.37854489161035
0.09224456390783431,6.975745828844997,8.645504899509572,84.37874927164543
0.0923996017524767,6.975475653168914,8.645570908167208,84.37895343866388
0.0925545807989709,6.975205607573498,8.645636999088783,84.37915739333772
0.09270950113423175,6.974935691700458,8.64570317199067,84.37936113630887
0.09286436284497562,6.974665905220623,8.645769426579442,84.37956466819993
0.0930191660173055,6.974396247870504,8.645835762535924,84.37976798959357
0.09317391073753341,6.974126719418955,8.645902179529767,84.37997110105128
0.09332859709130842,6.973857319676988,8.645968677215157,84.38017400310785
0.09348322516422347,6.973588048495855,8.64603525523166,84.38037669627249
0.09363779504189411,6.973318905766631,8.646101913203905,84.38057918102946
0.09379230680922938,6.973049891419947,8.64616865074205,84.38078145783801
0.09394676055142354,6.972781005423603,8.646235467442576,84.38098352713382
0.0941011563532266,6.97251224778329,8.646302362888,84.3811853893287
0.09425549429916337,6.972243618540991,8.646369336647597,84.38138704481142
0.09440977447368065,6.971975117774125,8.64643638827732,84.38158849394856
0.09456399696098032,6.971706745594908,8.646503517320692,84.3817897370844
0.09471816184516618,6.971438502149972,8.64657072330793,84.38199077454209
0.09487226921018145,6.9711703876185,8.646638005757868,84.38219160662364
0.09502631913981542,6.970902402212012,8.646705364177382,84.3823922336106
0.09518031171771023,6.970634546174578,8.646772798060663,84.38259265576475
0.0953342470273327,6.970366819780479,8.646840306891553,84.38279287332797
0.09548812515194566,6.970099223168301,8.646907881762148,84.38299289506955
0.09564194617380571,6.96983175509094,8.646975526190833,84.38319271871822
0.09579571017492021,6.9695644177265,8.647043244054075,84.38339233821944
0.09594941723839473,6.969297211478313,8.647111034776392,84.3835917537453
0.09610306744712108,6.969030136763791,8.647178897787548,84.38379096544865
0.09625666088402601,6.968763194026123,8.647246832507786,84.38398997346609
0.09641019763176217,6.968496383735764,8.647314838347137,84.3841887779171
0.09656367777292343,6.968229706387942,8.647382914706721,84.38438737890533
0.09671710139018913,6.9679631625025635,8.647451060978792,84.38458577651863
0.09688616235969551,6.967666571234401,8.647527574939822,84.38480585382577
0.09705514964778567,6.967370022710077,8.64760452365196,84.38502545363797
0.09722406339342508,6.967074031492886,8.647681323475489,84.38524464503163
0.09739290379726993,6.966777718310639,8.647758150457646,84.38546413123171
0.09756167083430412,6.966481461973481,8.64783538093489,84.38568315709163
0.0977303646423955,6.9661859290470955,8.647912259499197,84.3859018114537
0.0978989854392111,6.965890871990216,8.647989049353779,84.386120078656
0.09806753340961827,6.965596268368109,8.648065766968871,84.38633796466301
0.09823600873425065,6.965302093988264,8.648142427977298,84.38655547803444
0.09840441158874107,6.965008326260892,8.64821904654528,84.38677262719384
0.09857274214382172,6.9647155523509685,8.648295361882717,84.38698908576632
0.09874100069890163,6.964423195214406,8.648371642095258,84.38720516269034
0.09890918742766558,6.964131043227141,8.64844798448732,84.38742097228554
0.09907730245793592,6.963839096960961,8.648524388363898,84.38763651467514
0.0992453459170086,6.963547357136851,8.64860085288963,84.38785178997352
0.09941331793224809,6.963255824510524,8.648677377214467,84.388066798275
0.09958121863094249,6.962964499840652,8.64875396049735,84.388281539662
0.0997490481399243,6.962673383943138,8.648830601862723,84.38849601419413
0.09991680658619236,6.9623824776461,8.64890730043984,84.38871022191405
0.10008449409638256,6.962091781806544,8.648984055345469,84.38892416284799
0.10025211079719346,6.961801297304654,8.649060865688792,84.38913783700656
0.10041965681520156,6.961511025041696,8.64913773057156,84.38935124438675
0.10058713227663785,6.96122096595186,8.649214649083401,84.38956438496474
0.10075453730785243,6.96093112098595,8.649291620308535,84.38977725870551
0.10092187203501408,6.96064149111375,8.649368643325047,84.3899898655612
0.10108913658422884,6.960352077326351,8.649445717203779,84.39020220546986
0.10125633108154537,6.96006288063562,8.649522841007897,84.39041427835649
0.1014234556528836,6.959773902072768,8.649600013794467,84.39062608413278
0.10159051042400154,6.959485142688038,8.649677234613717,84.39083762269824
0.10175749552065162,6.959196603550123,8.649754502509488,84.3910488939404
0.10192441106858463,6.958908285744473,8.649831816520487,84.39125989773504
0.10209125719336477,6.958620190374328,8.649909175678777,84.3914706339469
0.10225803402060059,6.958332318558229,8.649986579011742,84.39168110243003
0.10242474167568376,6.958044671430982,8.650064025541162,84.39189130302786
0.10259138028417146,6.95775725014135,8.650141514284131,84.39210123557453
0.10275794997133526,6.957470055852761,8.650219044253472,84.39231089989376
0.10292445086246751,6.957183089742326,8.650296614456861,84.39252029580081
0.10309088308311158,6.956896352999034,8.65037422389884,84.39272942310212
0.10325724675827005,6.9566098468256286,8.650451871579138,84.39293828159524
0.10342354201316441,6.956323572436136,8.650529556494101,84.39314687106976
0.10358976897304838,6.956037531054851,8.650607277636993,84.39335519130815
0.10375592776290853,6.955751257410035,8.650685120738121,84.39356362185184
0.10392201839123298,6.955464968748068,8.650763287547951,84.39377174370398
0.10408804095491275,6.955179058764259,8.650841339576363,84.39397960165937
0.10425399559761939,6.954893402328091,8.650919418183044,84.39418717948887
0.10441988244796983,6.954608005073106,8.65099751964566,84.39439447528123
0.10460224933102871,6.954291650500638,8.65108467709713,84.39462367240223
0.10478452850054472,6.9539754247574095,8.651172270515433,84.39485230472717
0.10496672015203963,6.953659887672066,8.651259667442869,84.39508044488507
0.10514882455833426,6.953345013579816,8.651346885273263,84.39530810114692
0.10533084198595584,6.9530307776901985,8.651433940732787,84.39553528157701
0.10551277269562122,6.9527171536639525,8.65152085264118,84.39576199369488
0.10569461694215578,6.9524041207802325,8.651607633813505,84.39598824540626
0.10587637497494146,6.9520916601650775,8.651694295213469,84.39621404462146
0.1060580470387975,6.951779748299251,8.651780853312351,84.3964393983884
0.10623963337302081,6.95146836563371,8.651867320445387,84.3966643139209
0.10642113421198646,6.951157493616504,8.651953708097711,84.39688879828579
0.10660254978571425,6.95084780894614,8.652039711690247,84.39711247936361
0.10678388048988675,6.950538461893528,8.652125725805382,84.3973358123011
0.1069651265126091,6.950229453897775,8.65221174923091,84.39755879687132
0.10714628804138433,6.949920786287785,8.652297780856607,84.39778143285561
0.10732736526396017,6.949612460557081,8.652383819402644,84.39800372004026
0.10750835836765392,6.949304478203018,8.652469863589994,84.39822565820698
0.10768926753972459,6.9489968407274265,8.652555912139192,84.39844724713338
0.10787009296741557,6.9486895496341585,8.652641963772275,84.39866848659356
0.10805083483758596,6.948382606430477,8.652728017211599,84.39888937635793
0.10823149333724587,6.948076012625385,8.652814071180723,84.3991099161939
0.10841206865318857,6.947769769729491,8.652900124404514,84.399330105866
0.10859256097194955,6.947463879251162,8.65298617561038,84.39954994513845
0.10877297048009463,6.947158342710943,8.65307222352244,84.39976943376661
0.10895329736401806,6.946853161620519,8.653158266870392,84.39998857150908
0.10913354180994092,6.946548337491418,8.653244304386057,84.40020735812253
0.10931370400399397,6.946243871834732,8.653330334802686,84.40042579336257
0.10949378413225884,6.945939766161013,8.653416356855988,84.40064387698301
0.10967378238052304,6.94563602197954,8.653502369283496,84.40086160873696
0.10985369893464841,6.945332640797547,8.65358837082559,84.40107898837687
0.1100335339801622,6.94502927076706,8.65367449777114,84.4012962314618
0.11021328761374831,6.944726268524547,8.653760615589938,84.40151311588552
0.11039296002218464,6.944423642974174,8.653846714664743,84.40172964236108
0.11057255139318362,6.9441214027812626,8.653932791987687,84.40194580523105
0.11075206191612046,6.943819551402811,8.654018844088151,84.40216160450905
0.11093149178059958,6.943518089160756,8.654104870840634,84.40237703999861
0.1111108411759818,6.943217017303704,8.65419087109276,84.40259211160354
0.1112901102913022,6.942916337080083,8.654276843693957,84.40280681922596
0.11146929931543452,6.942616049736652,8.654362787496076,84.40302116276727
0.11164840843701035,6.942316156518675,8.654448701353312,84.40323514212803
0.11182743784466323,6.942016658668211,8.654534584123034,84.40344875720875
0.11200638772666315,6.941717557426598,8.654620434664961,84.40366200790844
0.11218525827108,6.9414188540275354,8.654706251843415,84.40387489412905
0.11236404966582283,6.941120549704101,8.654792034525073,84.40408741577082
0.11254276209856,6.940822645685896,8.654877781579874,84.40429957273423
0.11272139575692193,6.9405251431981325,8.654963491880785,84.40451136492109
0.11291732203679648,6.940196490397773,8.65505868672608,84.40474482287614
0.11311314712543925,6.93986808911273,8.655154286743269,84.40497762414401
0.11330887128989517,6.939540532102169,8.655249623875655,84.40520984402218
0.11350449488944028,6.939213795961445,8.6553447139642,84.40544149007437
0.11370001827683421,6.938887857990168,8.655439572329456,84.40567256968036
0.11389544179872713,6.938562695555348,8.655534214498111,84.40590308994655
0.11409076579543913,6.9382382846471815,8.655628657869308,84.40613305748352
0.11428599060101763,6.937914613410036,8.655722906359307,84.40636248023065
0.11448111654494439,6.937591658030227,8.655816977529511,84.40659136444026
0.11467614395066573,6.93726940042772,8.6559108828084,84.40681971676388
0.11487107313644654,6.936947823405692,8.656004632867745,84.40704754372656
0.11506590441516976,6.936627007104948,8.656098193454238,84.40727479944081
0.11526063812183636,6.936307346270692,8.656191386702256,84.40750126702706
0.11545527469886659,6.935988197764346,8.656284513357516,84.40772728887814
0.11564981441266244,6.9356695625786875,8.656377572515195,84.40795286490612
0.11584425752925895,6.935351442129126,8.656470562796063,84.40817799507481
0.11603860431434483,6.93503383781624,8.6565634828302,84.40840267935357
0.1162328550330394,6.934716544764104,8.656656410252426,84.40862704498346
0.11642700989106955,6.934399765794059,8.656749274132746,84.4088509600732
0.11662106915308394,6.934083516104813,8.656842057575595,84.40907442631959
0.11681503308529319,6.9337678034126435,8.656934759950147,84.4092974366372
0.11700890195584818,6.933452631406091,8.65702737718693,84.40951999140698
0.11720267603308,6.93313800001531,8.657119909339247,84.40974209064545
0.11739635558439787,6.932823910321015,8.65721235517869,84.4099637345003
0.11758994087672904,6.932510363389994,8.657304713485619,84.41018492312439
0.11778343217686785,6.932197360283181,8.657396983044787,84.41040565667204
0.1179768297507297,6.931884902041703,8.657489162652796,84.4106259353055
0.11817013386405123,6.931572989692858,8.657581251114632,84.41084575919251
0.11836334478186174,6.931261624251822,8.657673247243006,84.41106512850517
0.11855646276878978,6.930950806719885,8.657765149859548,84.41128404342057
0.11874948808914924,6.930640538082805,8.65785695779444,84.41150250412275
0.1189424210063677,6.9303308193135145,8.657948669886945,84.41172051079955
0.11913526178390589,6.930021651371063,8.65804028498424,84.4119380636447
0.11932801068429233,6.929713035200303,8.65813180194223,84.41215516285747
0.11952066796973515,6.929404971731412,8.658223219625974,84.41237180864262
0.11971323390203323,6.929097461879927,8.658314536908986,84.41258800121109
0.11990570874244282,6.928790506546475,8.658405752674039,84.41280374077948
0.12009809275158881,6.928484106616422,8.658496865813094,84.41301902757048
0.12029038618985705,6.9281782629599515,8.658587875227006,84.41323386181304
0.12048258931695481,6.927872976432149,8.658678779825776,84.41344824374207
0.12067470239212807,6.927568247873187,8.658769578528362,84.41366217359845
0.12086672567402942,6.927264078107083,8.658860270263027,84.4138756516299
0.12105865942102091,6.926960467942283,8.658950853967704,84.41408867809001
0.1212505038908239,6.926657418171857,8.659041328589174,84.41430125323896
0.12144225934060451,6.926354929573224,8.659131693083285,84.4145133773435
0.12163392602718975,6.9260530029317,8.659221946388193,84.4147250506801
0.12182550420676416,6.925751638919008,8.659312087562016,84.41493627351898
0.12201699413520262,6.925450838338959,8.659402115505497,84.41514704615555
0.12222653417541098,6.925119653737297,8.659501665797034,84.41537868046566
0.12243596167994814,6.924788774786514,8.659601580831062,84.41560964438241
0.12264527696271275,6.9244588563542875,8.659701214807622,84.41583992883808
0.12285448047047044,6.9241299618906185,8.659800486938343,84.41606955117103
0.12306357265840068,6.923802049191985,8.659899440516455,84.41629851029155
0.12327255397145491,6.923475101795681,8.659998087031727,84.4165268111726
0.1234814248495988,6.923149099842431,8.660096439205418,84.41675446095215
0.1236901857260928,6.922824026912977,8.660194506073617,84.41698146701341
0.12389883702827599,6.922499861801261,8.660292302277407,84.41720783592133
0.12410737917692702,6.922176586726094,8.660389838868591,84.41743357440532
0.12431581258682889,6.921854184830884,8.660487126074488,84.41765868909464
0.12452413766671062,6.92153264003472,8.660584173458773,84.4178831865065
0.12473235481987098,6.9212121861252776,8.66068087477193,84.41810693910278
0.1249404645199903,6.920892818281612,8.66077723591041,84.41832994580798
0.12514846723889142,6.92057415860812,8.660873434794016,84.41855240659785
0.12535636333271136,6.920256206757344,8.660969462983585,84.41877433025907
0.12556415315514746,6.919938962319434,8.66106532574356,84.418995711937
0.1257718370599867,6.919622426814123,8.66116102354975,84.41921654963613
0.12597941540047317,6.919306600534029,8.661256555391402,84.41943684407457
0.1261868885290437,6.918991483743107,8.661351920278685,84.41965659597821
0.1263942567971841,6.918677076683161,8.661447117236069,84.41987580608077
0.12660152055547472,6.918363379575355,8.661542145300418,84.42009447512423
0.12680868015311855,6.91805039262,8.661637003521632,84.42031260385838
0.1270157359386468,6.917738115996236,8.661731690962657,84.4205301930411
0.12722268825958727,6.9174265498622,8.661826206699324,84.42074724343847
0.12742953746232344,6.917115694354541,8.661920549820849,84.4209637558246
0.1276362838923275,6.91680554959161,8.662014719427944,84.42117973098044
0.1278429278940662,6.916496115673406,8.662108714632852,84.42139516969374
0.1280494698110009,6.916187392675925,8.662202534562526,84.42161007276154
0.12825590998558548,6.915879380655435,8.662296178355797,84.42182444098877
0.128462248759406,6.9155720796482285,8.662389645164229,84.42203827518755
0.1286684864727115,6.915265489671834,8.662482934150905,84.42225157617726
0.1288746234651167,6.914959560725219,8.662576054170794,84.42246438510399
0.12908066005772856,6.914654314006249,8.662669028178087,84.42267665781567
0.12928659658307937,6.914349794938015,8.662761804662802,84.42288840039919
0.1294924333808649,6.914045995054223,8.662854397446802,84.42309960749897
0.1296981707894179,6.9137429198161,8.662946801740175,84.42331027844372
0.12990380914706823,6.913440567837655,8.663039018105195,84.42352041405715
0.13010934879130812,6.913138938935942,8.663131045759489,84.42373001530457
0.1303147900581067,6.91283803281415,8.663222884040778,84.42393908314507
0.13052013328273582,6.9125378491848855,8.663314532268283,84.42414761854683
0.1307253787992142,6.912238387744125,8.663405989772683,84.42435562248319
0.1309305269405417,6.911939648171793,8.663497255894802,84.42456309593341
0.13113557803865258,6.911641630130975,8.6635883299867,84.42477003988232
0.13134053242450966,6.911344333268064,8.66367921141175,84.42497645532019
0.1315453904280115,6.911047757214547,8.663769899542517,84.42518234324294
0.13175015237790003,6.910751901585142,8.663860393763505,84.42538770465136
0.13195481860199396,6.9104567659784815,8.663950693469245,84.42559254055227
0.13215938942686362,6.910162349978447,8.664040798064493,84.42579685195706
0.13236386517815718,6.909868653153086,8.664130706964155,84.42600063988276
0.13258710219098951,6.909546272356344,8.664229766876511,84.42622396076715
0.13281021883286256,6.909224458082008,8.664329080907468,84.42644646101051
0.1330332155364225,6.90890381804869,8.6644279643326,84.42666821761871
0.1332560928524824,6.908584330411038,8.664526431184044,84.42688923840491
0.13347885132360857,6.908265973770822,8.664624495214628,84.42710953101455
0.13370149148469823,6.90794872749638,8.664722169538825,84.4273291029648
0.13392401386280597,6.907632567511776,8.664819471429224,84.427547961059
0.13414641897664678,6.907317481002005,8.66491640567579,84.4277661133222
0.13436870733873807,6.907003448027975,8.665012985216896,84.42798356675513
0.13459087945462775,6.9066904495450245,8.665109222232457,84.42820032822252
0.13481293582274556,6.906378468602406,8.665205126767496,84.4284164046301
0.13503487693457453,6.906067488954805,8.665300708269884,84.42863180277531
0.13525670327561207,6.905757495051647,8.665395975596283,84.42884652935207
0.13547841532491564,6.905448819731366,8.665490767110784,84.42906041315786
0.13570001367020185,6.905141135162077,8.665585259235929,84.42927360560199
0.13592149879333043,6.904834312420703,8.665679496001335,84.42948619157796
0.1361428711279158,6.904528348634437,8.66577348444013,84.42969816692542
0.1363641311072384,6.904223247498171,8.665867220445799,84.42990953205603
0.1365852791638342,6.903919006819323,8.665960704744966,84.4301202884357
0.13680631572851282,6.903615625437637,8.66605393691435,84.43033043764801
0.13702724123010931,6.903313102181312,8.666146916537274,84.43053998128141
0.13724805609594,6.90301143586254,8.666239643209153,84.43074892092831
0.1374687607516061,6.902710625278137,8.666332116537125,84.43095725818473
0.13768935562079648,6.902410669210631,8.666424336139308,84.43116499465006
0.13790984112584437,6.902111566427209,8.666516301645142,84.43137213192765
0.1381302176872291,6.901813315680597,8.666608012695317,84.43157867162408
0.13835048572353167,6.901515915710068,8.666699468941266,84.43178461534868
0.13857064565198868,6.901219365238587,8.666790670045971,84.43198996471544
0.13879069788794612,6.900923662980886,8.666881615680785,84.43219472133833
0.1390106428451152,6.900628807636116,8.66697230552824,84.43239888683564
0.13923048093552648,6.900334797888628,8.66706273928228,84.43260246282908
0.13945021256948378,6.900041632410589,8.667152916646407,84.43280545094301
0.13966983815576833,6.899749309861414,8.667242837334395,84.43300785280418
0.13988935810134379,6.899457828888587,8.667332501069716,84.43320967004169
0.1401087728117604,6.899167188128436,8.667421907584732,84.43341090428683
0.1403280826906606,6.898877386211931,8.667511056613678,84.43361155717439
0.1405472881401344,6.898588421751353,8.667599947908549,84.43381163034009
0.14076638956062296,6.898300293340465,8.667688581238776,84.43401112542077
0.14098538735082244,6.898012999569324,8.667776956374802,84.43421004405587
0.1412042819080384,6.89772653901794,8.667865073095257,84.4344083878868
0.14142307362784254,6.897440910254731,8.66795293118846,84.43460615855682
0.1416417629039783,6.897156111838601,8.668040530450797,84.4348033577106
0.14186035012876302,6.896872142318049,8.668127870687641,84.43499998699431
0.1420788356928945,6.896589000257998,8.66821495168245,84.43519604805955
0.14229721998555955,6.896306684106092,8.66830177334856,84.43539154254535
0.1425155033942214,6.896025173950691,8.668388343020403,84.43558648302891
0.14273368629836503,6.895744486889613,8.668474653226884,84.43578085988351
0.14295176908256724,6.895464623508529,8.668560702939063,84.43597467355241
0.14316975213015384,6.895185588557284,8.668646488918096,84.43616792252462
0.1433876358250798,6.894907380749252,8.668732010706885,84.43636060854386
0.1436054205495869,6.894629998128339,8.668817268592358,84.4365527332793
0.1438231066843869,6.894353439079024,8.668902262482629,84.43674429843836
0.14404069460858182,6.894077701978421,8.668986992292629,84.43693530572895
0.14425818469957016,6.893802785196384,8.669071457944725,84.43712575685889
0.14449509075529618,6.893501800622591,8.669164266592219,84.43733393278518
0.1447318737771848,6.893201494624347,8.669257239992005,84.43754126538366
0.14496853425707085,6.892902456255022,8.669349713787412,84.43774782995757
0.14520507281293155,6.892604663850413,8.669441701511303,84.43795363463829
0.1454414900534436,6.892308096106518,8.669533216506016,84.43815868738747
0.1456777865792275,6.892012732421722,8.669624271538686,84.4383629960396
0.14591396298174264,6.8917185477913145,8.669714884622161,84.43856656758652
0.14615001984318177,6.891425532673541,8.669805056509466,84.43876941081699
0.14638595773991459,6.8911336631738855,8.66989480423355,84.43897153259256
0.14662177723914455,6.8908429214202,8.669984138331891,84.43917294024791
0.14685747890063905,6.890553290199394,8.670073068793977,84.43937364100663
0.14709306327678523,6.890264752946631,8.670161605068632,84.43957364198474
0.14732853091274933,6.889977293736934,8.67024975606981,84.43977295019324
0.14756388234663187,6.8896908972761866,8.67033753018239,84.43997157254142
0.1477991181099393,6.889405999019611,8.670424723260888,84.4401692777195
0.14803423889219577,6.8891220452314315,8.670511600585728,84.44036635418284
0.1482692451796949,6.888839033081516,8.670598162782916,84.44056280413557
0.14850413745654503,6.888556960405241,8.67068440974724,84.44075862984752
0.14873891620444799,6.888275824347316,8.670770342116667,84.44095383353601
0.14897358190256035,6.887995623081375,8.670855959429893,84.44114841748873
0.14920813502815627,6.887716354079382,8.670941261973331,84.44134238394729
0.14944257605579123,6.88743801498235,8.671026249855682,84.44153573516196
0.1496769054580436,6.887160595488713,8.671110924767406,84.44172847974389
0.1499111237018782,6.886884096372195,8.671195290832847,84.44192061279496
0.1501452312539565,6.886608522844302,8.671279339714804,84.4421121374409
0.15037922858066208,6.886333875263863,8.671363072567049,84.44230305216908
0.15061311614754821,6.8860601533141335,8.671446487576787,84.44249335910908
0.15084689441852908,6.885787353830493,8.671529585705297,84.4426830604642
0.151080563854995,6.885515474350725,8.671612367135465,84.44287215851381
0.1513141249160227,6.88524451241604,8.671694832052413,84.44306065553154
0.15154757805870545,6.88497446555813,8.671776980650632,84.44324855379124
0.151780923737578,6.884705331305739,8.67185881312996,84.4434358555643
0.1520141624051574,6.8844371071843105,8.671940329696309,84.44362256311938
0.15224729451174004,6.884169790715758,8.672021530561498,84.44380867872275
0.15248032050509444,6.883903379419574,8.672102415942962,84.44399420463746
0.15271324083137158,6.883637870811612,8.672182986063781,84.44417914312461
0.15294605593405572,6.883373262405128,8.672263241152546,84.44436349644234
0.1531787662547149,6.88310955170976,8.672343181444088,84.44454726684616
0.1534113722326403,6.882846736233077,8.672422807178066,84.44473045658886
0.15364387430496243,6.882584813479537,8.672502118599619,84.44491306792085
0.1538762729066078,6.882323780950596,8.67258111595992,84.44509510308949
0.15410856847046608,6.882063636145129,8.672659799515031,84.44527656433985
0.15434076142734748,6.881804376558977,8.672738169526701,84.44545745391432
0.15457285220588649,6.881545999685651,8.672816226261933,84.44563777405241
0.1548048412326038,6.881288503015703,8.672893969993098,84.44581752699119
0.15503672893191567,6.88103188403738,8.67297140099742,84.4459967149652
0.15526851572603834,6.880776140235864,8.673048519557938,84.4461753402062
0.15550020203531237,6.880521269093926,8.673125325962932,84.44635340494314
0.15573178827784392,6.8802672680921395,8.673201820504985,84.44653091140287
0.1559632748697762,6.880014134707239,8.673278003483452,84.44670786180932
0.15619466222519407,6.8797618664147615,8.673353875201306,84.44688425838393
0.15642595075607935,6.879510460686919,8.673429435967334,84.44706010334575
0.15665714087226812,6.879259914993284,8.673504686095798,84.44723539891092
0.1568882329819316,6.879010226801255,8.673579625905248,84.4474101472935
0.15711922749074464,6.878761393575307,8.673654255720137,84.44758435070456
0.15735012480268232,6.8785134087790505,8.67372857666917,84.44775801455178
0.1575809253181659,6.878266271408691,8.673802591141747,84.44793113744956
0.1578116294362838,6.878019982796725,8.673876295152454,84.44810372205083
0.15804223755548436,6.877774540939012,8.673949690001908,84.44827576905908
0.15827275007254787,6.877529946398858,8.67402277400998,84.44844727959115
0.1585031673830768,6.877286196157864,8.674095548021121,84.44861825582102
0.1587334898807611,6.877043287603803,8.674168012432181,84.44878869996401
0.15898380212425953,6.876777855387129,8.674247534886117,84.44897460972676
0.15923399586531836,6.876513151166863,8.674327125277578,84.44915972355555
0.1594840716125388,6.876249714621976,8.67440617393572,84.4493441114423
0.15973403000044187,6.875987524427376,8.674484693942235,84.4495277816304
0.15998387165435082,6.875726559544522,8.674562698256873,84.4497107421986
0.16023359719003957,6.87546679957312,8.674640199323097,84.44989300110379
0.1604832072146514,6.875208223643517,8.674717210326586,84.4500745660299
0.16073270232577874,6.87495081030298,8.674793745357205,84.45025544433982
0.16098208311228548,6.87469454788128,8.674869807615531,84.45043564450319
0.16123135015614323,6.87443941425767,8.674945412202435,84.45061517353989
0.16148050403012618,6.874185392104404,8.675020569070462,84.45079403882514
0.16172954529928252,6.8739324646846125,8.675095287683938,84.45097224763146
0.16197847452097688,6.873680615841832,8.675169577026258,84.45114980713191
0.1622272922448157,6.873429829992726,8.675243445604575,84.45132672440269
0.16247599901364262,6.873180174788807,8.675316862149405,84.45150296306178
0.16272459539568276,6.872931860884594,8.6753897221963,84.45167841691911
0.16297308204027613,6.872684487313433,8.675462224904214,84.45185328778236
0.16322145943852662,6.87243805082169,8.675534371194244,84.45202757798407
0.1634697280789272,6.872192547938338,8.675606161704403,84.45220129035727
0.16371788844718516,6.871947975186626,8.675677597081497,84.45237442773188
0.16396594102617626,6.871704329084608,8.675748677980469,84.45254699293491
0.16421388629623948,6.871461606145355,8.675819405064045,84.4527189887906
0.1644617247347373,6.871219802876424,8.67588977900338,84.45289041812019
0.1647094568164047,6.870978915780289,8.675959800477624,84.45306128374209
0.16495708301307918,6.870738941354992,8.676029470173134,84.45323158847187
0.16520460379399418,6.8704998760922855,8.676098788785492,84.45340133512222
0.16545201962578832,6.870261716479457,8.676167757017561,84.45357052650297
0.16569933097240527,6.8700244568501825,8.676236376013332,84.45373916713649
0.1659465382939462,6.869788094487898,8.676304647615293,84.45390725789682
0.16619364204865525,6.869552627975926,8.676372570192898,84.45407480183118
0.1664406426923091,6.869318055186037,8.676440144599223,84.45424180021475
0.1666875406793972,6.86908437433109,8.67650737025956,84.45440825540935
0.1669343364618166,6.868851581476962,8.67657424833694,84.45457417018609
0.16718103048890462,6.868619673043537,8.676640779604314,84.45473954735215
0.16742762320741747,6.868388645447077,8.676706964840662,84.45490438971225
0.1676741150614293,6.868158495098224,8.676772804833274,84.45506870006851
0.16792050649228643,6.86792921840253,8.676838300377405,84.45523248122007
0.1681667979388976,6.867700811759467,8.676903452277054,84.45539573596348
0.168412989837408,6.86747327156324,8.676968261344236,84.45555846709252
0.16865908262165605,6.86724659420129,8.677032728400027,84.45572067739869
0.1689050767226802,6.867020776055793,8.677096854273865,84.45588236967035
0.169150972568952,6.866795813503302,8.67716063980323,84.45604354669346
0.16939677058655384,6.866571702913407,8.677224085835007,84.45620421125159
0.16964247119890846,6.866348440650484,8.677287193223908,84.4563643661256
0.16988807482678817,6.866126023072068,8.677349962834354,84.45652401409359
0.1701335818886035,6.865904446529958,8.677412395538516,84.45668315793154
0.17037899280035623,6.865683707369179,8.67747449221812,84.4568418004127
0.1706243079750907,6.865463801929011,8.677536253763265,84.45699994430773
0.17086952782402398,6.865244726542241,8.677597681072541,84.45715759238522
0.17111465275524854,6.865026477533018,8.677658775056495,84.45731474741049
0.17135968317461261,6.86480905122341,8.677719536629384,84.45747141214721
0.17160461948548275,6.864592443925529,8.67777996671832,84.45762758935615
0.17184946208875787,6.864376651946208,8.67784006625818,84.4577832817956
0.17209421138315534,6.864161671584874,8.677899836193228,84.4579384922219
0.17233886776438603,6.86394749913521,8.677959277476672,84.45809322338812
0.1725834316262741,6.863734130883917,8.678018391070621,84.45824747804546
0.17282790335982084,6.863521563110978,8.67807717794659,84.45840125894244
0.17307228335365657,6.863309792089798,8.678135639085147,84.45855456882505
0.1733165719941608,6.8630988140874205,8.678193775475727,84.45870741043684
0.17356076966519143,6.862888625363405,8.67825158811754,84.45885978651906
0.17380487674831566,6.86267922217116,8.67830907801862,84.45901169981023
0.17404889362237408,6.862470600757442,8.67836624619627,84.45916315304629
0.17429282066415347,6.862262757361989,8.678423093677305,84.4593141489607
0.1745366582481726,6.86205568821821,8.678479621497205,84.45946469028458
0.17478040674630244,6.861849388167193,8.67853583128864,84.45961478054417
0.17502406652750827,6.861643854815393,8.678591723542667,84.45976442164194
0.17526763795928602,6.861439084416225,8.678647299277456,84.45991361630631
0.17551112140606046,6.861235074256313,8.678702559269084,84.4600623664746
0.17575451723116525,6.861031821961149,8.678757503614301,84.46021067442456
0.17599782579566986,6.860829323481778,8.678812133664012,84.46035854285421
0.1762410474583163,6.860627574990036,8.678866450526106,84.46050597448385
0.1764841825755752,6.860426572653819,8.678920455314925,84.46065297203126
0.17672723150165473,6.860226312634243,8.678974149154614,84.46079953821113
0.1769701945882858,6.860026791086731,8.679027533177788,84.46094567573547
0.17721307218495155,6.859828004160303,8.679080608526524,84.46109138731318
0.17745586463883847,6.859629947997512,8.679133376352175,84.46123667565031
0.1776985722949543,6.859432618735134,8.679185837815,84.46138154344986
0.17794119549596982,6.859236012503442,8.679237994084728,84.46152599341184
0.17818373458216996,6.85904012542722,8.679289846339714,84.46167002823306
0.1784261898916278,6.858844953625209,8.679341395767679,84.46181365060711
0.17866856176015525,6.858650493210569,8.679392643565027,84.4619568632244
0.178910850521531,6.858456740290116,8.679443590937659,84.46209966877223
0.1791530565067366,6.858263690965688,8.67949423910011,84.4622420699342
0.1793951800450643,6.858071341333435,8.679544589275654,84.46238406939091
0.17963722146335376,6.857879687483881,8.6795946426966,84.46252566981953
0.17987918108610873,6.857688725502407,8.679644400604197,84.4626668738934
0.18012105923594418,6.857498451468958,8.679693864248357,84.4628076842827
0.18036285623287884,6.857308861458594,8.679743034887732,84.46294810365367
0.18060457239494596,6.857119951541509,8.67979191378948,84.46308813466901
0.18084620803792606,6.856931717782737,8.679840502229634,84.46322777998762
0.18108776347551836,6.856744156419787,8.67988880130152,84.46336704227869
0.18132923901894837,6.85655726297147,8.679936812873938,84.46350592415459
0.18157063497741768,6.856371034031808,8.679984537669979,84.46364442829821
0.18181195165824485,6.8561854654649315,8.680031977192968,84.4637825573421
0.18205318936604967,6.856000553314005,8.680079132760754,84.46392031392524
0.18229434840362466,6.855816293623396,8.68012600569315,84.46405770068345
0.18253542907172277,6.855632682425681,8.680172597326678,84.46419472024765
0.18277643166862492,6.855449715747586,8.680218909008863,84.46433137524355
0.18301735649058495,6.855267389616805,8.680264942090155,84.46446766829304
0.18325820383189145,6.855085700057237,8.68031069792902,84.46460360201374
0.18349897398427326,6.854904643089769,8.68035617789182,84.46473917901841
0.1837396672380001,6.854724214731629,8.680401383352656,84.46487440191571
0.1839802838807408,6.854544410997574,8.680446315693306,84.46500927330912
0.1842208241982268,6.854365227899084,8.680490976303487,84.46514379579743
0.1844612884739856,6.854186661445931,8.680535366579585,84.46527797197449
0.18470167698951145,6.854008706965454,8.680579488216443,84.4654118048181
0.1849419900241235,6.853831361139508,8.680623342348687,84.4655452965118
0.18518222785510963,6.853654619990861,8.680666930372482,84.46567844963666
0.18542239075769487,6.853478479763625,8.680710253661802,84.46581126657458
0.1856624790052044,6.853302937686926,8.680753313057957,84.46594374925512
0.18590249286936078,6.85312798988245,8.680796109857804,84.46607590025974
0.1861424326200828,6.852953632247914,8.680838645612436,84.46620772213966
0.18638229852468205,6.852779860772704,8.680880921777327,84.46633921744997
0.1866220908489804,6.852606671444411,8.68092293981496,84.46647038874062
0.186861809856499,6.852434060250731,8.680964701193833,84.46660123855544
0.187101455808738,6.852262023178232,8.681006207389123,84.46673176943264
0.18734102896523824,6.852090556213218,8.681047459882512,84.46686198390427
0.18758052958364305,6.85191965534159,8.681088460161718,84.4669918844967
0.18781995791905157,6.851749316550319,8.681129209720199,84.46712147372948
0.1880593142253326,6.851579535825164,8.68116971005805,84.46725075411679
0.18829859875388033,6.851410309153316,8.681209962680894,84.4673797281658
0.1885378117543828,6.851241632522244,8.681249969100099,84.46750839837766
0.18877695347450296,6.851073501920539,8.681289730832491,84.46763676724697
0.18901602415956031,6.850905913337837,8.681329249400733,84.46776483726143
0.18925502405335304,6.850738862764887,8.68136852633285,84.46789261090227
0.1894939533974594,6.850572346194091,8.681407563161876,84.46802009064403
0.18973281243157014,6.850406359619826,8.68144636142608,84.46814727895409
0.18997160139376842,6.850240899038024,8.681484922668822,84.46827417829316
0.19021032051961417,6.850075960446995,8.681523248438456,84.46840079111455
0.19044897004334457,6.84991153984746,8.681561340287793,84.46852711986475
0.1906875501967977,6.849747633242877,8.681599199774544,84.46865316698258
0.1909260612101791,6.849584236639257,8.681636828460922,84.46877893489983
0.1911645033117433,6.849421346046153,8.681674227913138,84.46890442604071
0.19140287672758596,6.849258957475776,8.681711399702463,84.46902964282175
0.1916411816824627,6.849097066944336,8.681748345403332,84.46915458765234
0.19187941839887682,6.848935670471638,8.681785066594916,84.46927926293344
0.19211758709735774,6.848774764081759,8.681821564859538,84.4694036710587
0.19235568799668523,6.848614343802048,8.681857841784486,84.46952781441345
0.1925937213140592,6.8484544056655325,8.681893898958968,84.4696516953755
0.1928316872647288,6.84829494570873,8.681929737977006,84.46977531631427
0.19306958606173014,6.848135959974015,8.681965360435164,84.46989867959083
0.19330741791665115,6.847977444508298,8.682000767933404,84.4700217875583
0.19354518303899038,6.8478193953636275,8.682035962075316,84.47014464256107
0.19378288163665155,6.847661808598583,8.682070944466059,84.47026724693536
0.19402051391568126,6.847504680276257,8.682105716715002,84.47038960300874
0.19425808008033174,6.847348006466247,8.682140280433668,84.47051171310008
0.194495580333013,6.847191783244883,8.68217463723557,84.47063357951954
0.1947330148741954,6.8470360066945,8.682208788737105,84.47075520456839
0.19497038390290145,6.846880672903858,8.682242736557019,84.47087659053912
0.19520768761628302,6.846725777968995,8.682276482315775,84.47099773971523
0.1954449262093603,6.84657131799336,8.682310027635836,84.4711186543708
0.19568209987605356,6.846417288758633,8.682343374283052,84.47123933695832
0.19591920880788471,6.846263686709558,8.68237652374933,84.47135978954111
0.19615625319503766,6.846110507982478,8.682409477650415,84.4714800143671
0.19639323322592242,6.845957748809951,8.682442237594652,84.47160001359539
0.19663014908700838,6.845805406212216,8.682474804836769,84.47171978895102
0.19686700096397605,6.8456534765023545,8.682507180825068,84.47183934267257
0.19710378904019563,6.845501955749119,8.682539367290667,84.47195867696021
0.19734051349765264,6.8453508401181615,8.682571365867894,84.47207779401394
0.19757717451659718,6.845200125784951,8.682603178190957,84.4721966960241
0.1978137722756065,6.845049808933777,8.682634805895054,84.47231538517117
0.19805030695170103,6.844899885758053,8.682666250616315,84.47243386362564
0.19828677872003042,6.8447503524619435,8.68269751399018,84.47255213354788
0.19852318775409736,6.844601205258661,8.682728597653114,84.47267019708823
0.19875953422598008,6.844452440371912,8.682759503241234,84.47278805638685
0.19899581830575147,6.844304054035705,8.68279023239096,84.47290571357333
0.19923204016218493,6.844156042494734,8.682820786737906,84.47302317076736
0.19946819996244095,6.844008402004068,8.68285116791796,84.47314043007798
0.19970429787175425,6.843861128830158,8.682881377566186,84.47325749360365
0.19994033405413936,6.843714219250144,8.68291141731728,84.47337436343257
0.20017630867186348,6.843567669552832,8.68294128880496,84.4734910416422
0.20041222188556207,6.84342147603879,8.682970993661923,84.47360753029929
0.2006480738543555,6.843275635019673,8.683000533520472,84.47372383145986
0.20088386473564285,6.843130142819676,8.683029910011374,84.47383994716895
0.20111959468543297,6.842984995774952,8.683059124764055,84.47395587946099
0.20135526385824506,6.842840190233593,8.683088179406953,84.47407163035945
0.20159087240685114,6.8426957225570435,8.68311707556647,84.47418720187649
0.20182642048265872,6.8425515891186,8.683145814867853,84.47430259601354
0.20206190823550618,6.842407786305116,8.683174398933966,84.47441781476091
0.20229733581377826,6.842264310515576,8.683202829386936,84.47453286009748
0.20253270336420162,6.842121158163385,8.683231107845431,84.47464773399118
0.20276801103201422,6.841978325674426,8.683259235927274,84.4747624383983
0.20300325896113422,6.841835809488786,8.68328721524707,84.47487697526415
0.20323844729384896,6.841693606060555,8.683315047417004,84.47499134652244
0.20347357617114414,6.841551711856374,8.683342734047978,84.47510555409565
0.2037086457323391,6.841410123358319,8.683370276747205,84.47521959989447
0.20394365611552318,6.841268837062304,8.683397677119371,84.47533348581833
0.2041786074571913,6.841127849478782,8.683424936766315,84.4754472137549
0.20441349989235916,6.840987157132865,8.683452057286987,84.47556078558016
0.2046483335548936,6.840846756564138,8.683479040277124,84.47567420315873
0.20488310857682737,6.840706644327173,8.683505887329712,84.47578746834313
0.2051178250891152,6.840566816992215,8.683532600033613,84.47590058297418
0.2053524832212168,6.840427271143922,8.683559179974894,84.47601354888118
0.20558708310126533,6.840288003382695,8.683585628735921,84.47612636788138
0.20582162485591715,6.840149010324499,8.683611947895365,84.47623904178015
0.2060561086105741,6.840010288600748,8.683638139028396,84.47635157237086
0.20629053448917947,6.839871834859297,8.683664203705522,84.47646396143517
0.20652490261438713,6.8397336457631255,8.683690143494358,84.47657621074252
0.20675921310751774,6.839595717991568,8.683715959957963,84.47668832205046
0.206993466088461,6.839458048240743,8.683741654654838,84.47680029710443
0.20722766167595183,6.8393206332224095,8.683767229139821,84.47691213763777
0.20746179998709993,6.839183469507276,8.683792685031468,84.47702384546125
0.20769588113808757,6.83904655399746,8.683818023810536,84.47713542219199
0.20792990524365418,6.838909883459662,8.683843247012739,84.4772468695276
0.20816387241715603,6.838773454672512,8.683868356174793,84.4773581891527
0.20839778277084053,6.838637264880927,8.683893352690065,84.477469382429
0.20863163641565735,6.838501311327643,8.683918237762127,84.47758045091022
0.20886543346164077,6.838365590756661,8.68394301300782,84.47769139623553
0.2090991740175134,6.838230100014413,8.683967679944713,84.47780222004087
0.2093328581905002,6.838094835965988,8.683992240083839,84.47791292395017
0.2095664860870815,6.837959795493233,8.684016694931639,84.47802350957512
0.2098000578120995,6.837824975496351,8.684041045988664,84.47813397851498
0.21003357346956406,6.83769037289204,8.684065294751328,84.47824433235664
0.21026703316181233,6.837555984616561,8.68408944270891,84.47835457267453
0.21050043699052678,6.837421807622976,8.684113491345878,84.47846470103116
0.2107337850556304,6.83728783888288,8.68413744214105,84.47857471897606
0.21096707745625037,6.837154075385269,8.68416129656787,84.47868462804686
0.21120031429019706,6.8370205141387554,8.684185056092804,84.47879442976844
0.21143349565434483,6.836887152168861,8.684208722177624,84.47890412565351
0.21166662164426978,6.836753986519974,8.68423229627759,84.47901371720243
0.2118996923542592,6.836621014255284,8.68425577984182,84.4791232059029
0.21213270787769167,6.836488232456175,8.684279174313438,84.47923259323038
0.2123656683068342,6.836355638222969,8.684302481129208,84.47934188064782
0.21259857373274657,6.836223228673839,8.684325701720248,84.47945106960591
0.2128314242454478,6.8360910009471425,8.684348837510187,84.47956016154268
0.213064219933662,6.8359589521989035,8.68437188991719,84.4796691578839
0.2132969608853034,6.8358270796047895,8.68439486035237,84.47977806004285
0.2135296471872735,6.835695380358824,8.684417750220746,84.47988686942043
0.2137622789251006,6.835563851674259,8.684440560920553,84.47999558740518
0.21399485618342476,6.835432490784228,8.684463293842635,84.48010421537313
0.2142273790457427,6.835301294939855,8.684485950372208,84.48021275468793
0.21445984759478653,6.835170261412114,8.68450853188694,84.48032120670095
0.21469226191200452,6.835039387491039,8.684531039757896,84.48042957275106
0.21492462207799323,6.834908670486217,8.684553475348867,84.48053785416492
0.2151569281722423,6.834778107726157,8.684575840017217,84.48064605225663
0.2153891802731963,6.834647696559439,8.684598135112596,84.48075416832796
0.21562137845826415,6.834517434353366,8.684620361978185,84.48086220366845
0.21585352280409129,6.834387318495126,8.68464252194958,84.48097015955528
0.2160856133861474,6.834257346391391,8.684664616355201,84.48107803725341
0.21631765027920974,6.834127515468398,8.684686646516276,84.48118583801532
0.21654963355700266,6.833997823171756,8.684708613746759,84.48129356308148
0.21678156329189105,6.8338682669671025,8.684730519353081,84.48140121367982
0.21701343955589014,6.833738844339324,8.684752364634395,84.48150879102629
0.2172452624198314,6.833609552793142,8.684774150882419,84.48161629632445
0.21747703195358248,6.833480389853107,8.684795879381136,84.48172373076575
0.21770874822610842,6.8333513530633105,8.684817551407207,84.48183109552949
0.21794041130563843,6.833222439987501,8.684839168229644,84.48193839178286
0.2181720212593592,6.833093648209508,8.68486073110966,84.48204562068084
0.21840357815358133,6.832964975332578,8.68488224130107,84.48215278336635
0.2186350820538535,6.8328364189798725,8.684903700049835,84.48225988097029
0.2188665330247607,6.832707976794654,8.684925108593875,84.48236691461148
0.21909793113009046,6.832579646439281,8.684946468163965,84.48247388539676
0.21932927643268446,6.832451425596418,8.684967779982632,84.48258079442095
0.2195605689947621,6.832323311968286,8.684989045264649,84.48268764276706
0.2197918088774564,6.832195303202296,8.685010265249325,84.48279443154838
0.2200229961410065,6.8320673971147565,8.685031441104847,84.4829011617804
0.22025413084534412,6.831939591469949,8.68505257401928,84.48300783451077
0.22048521304902582,6.831811884049281,8.685073665175908,84.4831144507748
0.2207162428100813,6.831684272898916,8.685094715690592,84.48322101141049
0.2209472201859609,6.831556756311954,8.685115726413379,84.48332751727466
0.22117814523332396,6.831429332064401,8.685136698575334,84.48343396936026
0.22140901800784318,6.8313019980162855,8.685157633328183,84.48354036865553
0.22163983856495958,6.831174752048177,8.6851785318143,84.48364671613753
0.221870606959,6.831047592060542,8.68519939516805,84.4837530127714
0.22210132324360418,6.830920515973723,8.685220224515271,84.48385925951101
0.22233198747168145,6.830793521727725,8.685241020973772,84.48396545729851
0.22256259969531336,6.830666607282229,8.6852617856533,84.48407160706446
0.22279315996592,6.830539770616641,8.685282519654965,84.48417770972839
0.22302366833457254,6.830413009390757,8.68530322044271,84.48428377016654
0.22325412484985346,6.830286321599326,8.685323893106249,84.48438978529443
0.22348452956131817,6.830159705664214,8.685344538338947,84.48449575599683
0.22371488251767202,6.830033159641539,8.68536515721053,84.48460168314793
0.2239451837669989,6.829906681608653,8.685385750780883,84.48470756761046
0.2241754333564031,6.82978026966118,8.685406320102633,84.4848134102362
0.22440563133259295,6.829653921915403,8.685426866218958,84.48491921186564
0.22463577774162685,6.829527636505843,8.68544739016567,84.48502497332848
0.22486587262892177,6.829401411587009,8.68546789296964,84.48513069544335
0.22509591603910323,6.829275245332591,8.685488375649824,84.48523637901759
0.22532590801627597,6.829149135935126,8.685508839217135,84.48534202484774
0.22555584860397845,6.82902308160704,8.685529284673125,84.48544763371983
0.2257857378449294,6.82889708057959,8.685549713011781,84.48555320640862
0.22601557578140177,6.828771131102883,8.685570125218991,84.48565874367813
0.22624536245517773,6.828645231446466,8.685590522271555,84.48576424628197
0.22647509790713868,6.828519379898845,8.685610905138484,84.48586971496267
0.22670478217779505,6.828393574767215,8.685631274780233,84.48597515045255
0.2269344153069807,6.82826781437804,8.685651632149042,84.48608055347292
0.227163997334121,6.828142097076408,8.685671978188664,84.48618592473494
0.22739352829797976,6.828016421226218,8.685692313834618,84.48629126493915
0.2276230082368233,6.827890785210275,8.685712640013955,84.48639657477577
0.22785243718826034,6.827765187430581,8.685732957644737,84.48650185492468
0.22808181518924017,6.827639626304719,8.685753267640427,84.48660710605486
0.2283111422764127,6.827514100274139,8.685773570899947,84.48671232882592
0.2285404184859708,6.827388607794677,8.68579386831845,84.48681752388687
0.2287696438532288,6.827263147341772,8.685814160781717,84.48692269187652
0.2289988184134117,6.82713771740979,8.685834449166373,84.48702783342384
0.2292279422009335,6.827012316510308,8.685854734342135,84.48713294914756
0.2294570152500804,6.826886943173983,8.685875017169394,84.48723803965662
0.22968603759413336,6.826761595949655,8.685895298500517,84.48734310554983
0.22991500926615635,6.826636273403793,8.6859155791799,84.48744814741632
0.23014393029884583,6.826510974121113,8.685935860043498,84.48755316583538
0.23037280072427893,6.826385696704329,8.685956141919045,84.48765816137663
0.23060162057423186,6.8262604397740025,8.685976425626027,84.48776313459997
0.23083038987971832,6.826135201968525,8.685996711975871,84.48786808605561
0.23105910867141322,6.826009981944287,8.68601700177157,84.48797301628414
0.23128777697981445,6.825884778374874,8.686037295808111,84.48807792581701
0.23151639483462655,6.825759589951604,8.686057594872489,84.4881828151759
0.2317449622655463,6.825634415383473,8.686077899743314,84.48828768487321
0.2319734793015423,6.825509253396808,8.686098211191005,84.48839253541219
0.23220194597112154,6.825384102699959,8.686118529993776,84.48849736730625
0.2324303623025828,6.8252589620889275,8.686138856891198,84.48860218101987
0.23265872832373616,6.82513383034302,8.686159192628361,84.48870697702861
0.23288704406189803,6.825008706257455,8.686179537943529,84.488811755799
0.23311530954410442,6.82488358897666,8.686199893462572,84.48891651756077
0.233343524797291,6.8247584776332175,8.686220259674263,84.48902126269252
0.2335716898478953,6.8246333710106635,8.686240637362456,84.48912599162688
0.23379980472182227,6.824508267972148,8.686261027233575,84.48923070479428
0.23402786944498002,6.824383167397555,8.686281429985637,84.4893354026168
0.23425588404245784,6.824258068183828,8.68630184630865,84.48944008550751
0.23448384853956794,6.824132969244008,8.686322276884981,84.489544753871
0.23471176296086738,6.824007869508048,8.686342722388643,84.4896494081033
0.23493962733083731,6.82388276792175,8.68636318348621,84.48975404859205
0.23518589090206962,6.823745204309373,8.686386536579255,84.48986825911138
0.23541365044175774,6.823619845145701,8.686407368698035,84.48997278615626
0.2356413599666726,6.823494914053553,8.68642777365762,84.49007731228882
0.2358874476429037,6.823357577766097,8.686451035182209,84.4901913870517
0.23611505261762517,6.823232417328981,8.686471782621911,84.49029580004911
0.23636102145961144,6.823095274447743,8.686494965562723,84.49040975998953
0.23658852201890998,6.822970304284855,8.686515621448713,84.49051407426643
0.23683437228702073,6.822833342560203,8.686538725826624,84.49062793161318
0.2370617686490158,6.822708534395976,8.686559310797419,84.49073215480661
0.2373075005877672,6.8225717278453155,8.686582352249122,84.49084591990557
0.23755317077950905,6.822434744878036,8.686605699853517,84.49095955526845
0.23778040883844256,6.822310238736764,8.686626144138378,84.49106361712487
0.23802596103285867,6.822173719055245,8.686649062440912,84.49117721850385
0.23827145167991456,6.822036994253894,8.686672306689582,84.49129069905652
0.23851688078719405,6.821900424030562,8.686695471794122,84.49140410417532
0.23876224844176133,6.82176413745242,8.68671850059922,84.49151736194835
0.2390075547802217,6.82162793757456,8.686741492243803,84.49163057018164
0.23925279986595244,6.8214917614974295,8.686764475767214,84.49174376273535
0.23949798373862866,6.821355748874631,8.686787390562703,84.49185686056266
0.23974310649187264,6.821219883781398,8.686810244082107,84.4919698721365
0.23998816821293154,6.821083981302468,8.686833128308074,84.49208289038945
0.24023316892067975,6.820948223640863,8.686855955470135,84.49219582088901
0.24047810870182218,6.820812399557514,8.686878831472017,84.49230876897047
0.24072298756517813,6.8206767107185815,8.686901657705901,84.49242163157551
0.24096780559470868,6.820541167449172,8.686924430994726,84.49253440155611
0.24121256287838572,6.820405380794344,8.686947344398147,84.49264727480751
0.24145725936014728,6.820269726691993,8.68697021203671,84.49276006127128
0.24170189512368126,6.820134192765674,8.68699304164245,84.49287276559187
0.2419464702477053,6.819998639867897,8.687015903278757,84.49298545685335
0.242190984759945,6.819863055478612,8.687038803521494,84.4930981409999
0.2424354386837749,6.819727438873155,8.687061742920877,84.49321081820597
0.24267983204217308,6.819591789361233,8.687084722000272,84.4933234886385
0.24292416485784396,6.819456106273085,8.687107741271944,84.49343615245498
0.24316843715333625,6.81932038895395,8.6871308012406,84.49354880980545
0.2434126489511605,6.8191846367653675,8.68715390240233,84.4936614608323
0.2436568002734613,6.8190488490867365,8.68717704524432,84.49377410566893
0.2439008911419703,6.8189130253156645,8.68720023024402,84.49388674444032
0.24414492157889464,6.81877716484673,8.687223457878353,84.4939993772749
0.24438889160521488,6.818641267124962,8.687246728604164,84.49411200427089
0.24463280124278577,6.818505331598747,8.68727004286978,84.49422462553147
0.2448766505126901,6.8183693577295434,8.687293401120206,84.49433724115025
0.2451204394362381,6.818233345459332,8.68731680362947,84.4944498509112
0.24536416803427283,6.8180972945030565,8.687340250617147,84.4945624548798
0.24560783632787803,6.817961204299612,8.687363742581375,84.49467505311901
0.24585144433803383,6.817825074376224,8.687387279931684,84.4947876456921
0.24609499208530788,6.817688904275807,8.687410863068767,84.49490023265543
0.24633847959035854,6.817552693555595,8.68743449238614,84.49501281405827
0.24658190687355286,6.81741644178922,8.687458168268105,84.49512538994269
0.24682527395535978,6.817280148564994,8.68748189109151,84.49523796034349
0.24706858085585826,6.817143813486144,8.687505661225027,84.49535052528883
0.24731182759518452,6.817007436171552,8.687529479028887,84.49546308479955
0.24755501419331724,6.81687101625448,8.687553344855779,84.49557563888975
0.24779814067046904,6.816734553382562,8.687577259050254,84.49568818756718
0.24804120704609797,6.816598047218619,8.687601221949045,84.49580073083234
0.24828421334001716,6.816461497439379,8.687625233881228,84.49591326867939
0.2485271595717929,6.816324903735984,8.68764929516797,84.49602580109605
0.24877004576108075,6.81618826581382,8.687673406122496,84.49613832806368
0.24901287192735455,6.816051583391482,8.687697567051407,84.49625084955711
0.2492556380899671,6.815914856202185,8.68772177825274,84.49636336554506
0.2494983442683753,6.815778083992244,8.687746040017531,84.49647587599023
0.24974099048170387,6.815641266521953,8.687770352629181,84.49658838084886
0.2499835767494122,6.815504403564517,8.687794716363852,84.49670088007163
0.25022610309052723,6.815367494906356,8.687819131490565,84.49681337360309
0.2504685695240882,6.815230540347287,8.687843598270877,84.49692586138184
0.250710976069373,6.815093539700016,8.687868116959011,84.49703834334098
0.25095332274540605,6.814956492789626,8.68789268780261,84.49715081940776
0.2511956095712383,6.814819399454078,8.68791731104194,84.49726328950398
0.2514378365658418,6.814682259544089,8.68794198690996,84.49737575354594
0.2516800037482236,6.814545072922088,8.687966715633546,84.49748821144436
0.2519221111375959,6.81440783946345,8.687991497431709,84.49760066310485
0.25216415875266385,6.814270559055102,8.688016332517478,84.49771310842742
0.2524061466123465,6.8141332315962755,8.688041221096753,84.49782554730697
0.2526480747357244,6.813995856997966,8.688066163368429,84.4979379796336
0.25288994314171476,6.813858435371177,8.68809115932265,84.49805040530617
0.2531317518492255,6.813720966079037,8.688116209756183,84.49816282416478
0.253373500877269,6.813583449512797,8.688141314304925,84.49827523618228
0.2536151902446765,6.813445885132451,8.688166473531137,84.49838764133642
0.25385681997031817,6.813308272800603,8.688191687750392,84.49850003944901
0.2540983900731251,6.813170612643484,8.688216956984505,84.498612430372
0.2543399005718703,6.81303290470353,8.688242281349952,84.49872481394651
0.25458135148559025,6.812895149025608,8.688267660962776,84.49883719001161
0.2548227428333116,6.8127573456571096,8.6882930959391,84.4989495584038
0.2550640746337777,6.812619494656339,8.688318586386993,84.49906191895667
0.25530534690633,6.812481596084474,8.688344132414562,84.49917427150096
0.2555465596701958,6.812343649988836,8.688369734144583,84.49928661586658
0.2557877129444854,6.812205656455511,8.688395391672104,84.49939895187238
0.2560288067482037,6.812067615573195,8.688421105088091,84.49951127933872
0.2562698411009081,6.8119295274293155,8.688446874489102,84.49962359808158
0.25651081602188686,6.811791392394164,8.688472699885546,84.4997359077203
0.2567517315304928,6.811653210937477,8.688498581100362,84.49984820796216
0.2569925876466365,6.811514982857745,8.688524518407563,84.4999604987347
0.2572333843899749,6.811376708049208,8.68855051199378,84.50007277995701
0.2574741217800442,6.811238387333042,8.688576561584883,84.50018505108207
0.25771479983680834,6.811100020807364,8.688602667269022,84.50029731192362
0.25795541858029325,6.810961608584284,8.688628829126753,84.50040956228897
0.25819597803064537,6.810823150790801,8.688655047229929,84.50052180197926
0.2584364782079738,6.810684647567579,8.688681321642507,84.50063403078991
0.2586769191327359,6.8105460990666336,8.688707652421789,84.50074624851158
0.25891730082508596,6.810407505452044,8.688734039617628,84.50085845493032
0.2591576233052617,6.810268866897248,8.688760483274866,84.50097064982789
0.25939788659396873,6.810130183585914,8.68878698343147,84.5010828329826
0.2596380907117837,6.809991455710943,8.688813540120073,84.50119500416898
0.2598782356792113,6.809852683473504,8.688840153368508,84.50130716315799
0.26011832151712416,6.809713867083768,8.688866823198632,84.50141930971759
0.260358348246328,6.809575006759578,8.688893549627917,84.50153144361249
0.2605983158877281,6.809436102727171,8.688920332668323,84.5016435646045
0.2608382244624411,6.809297155220394,8.68894717232731,84.50175567245229
0.2610780739917425,6.80915816448057,8.688974068607365,84.50186776691207
0.2613178644966869,6.809019130756472,8.689001021506568,84.50197984773696
0.2615575959987651,6.808880054304481,8.68902803101799,84.50209191467752
0.26179726851941487,6.80874093538753,8.689055097130554,84.50220396748192
0.2620368820802415,6.808601774276111,8.689082219828336,84.50231600589555
0.262276436702965,6.808462571246972,8.689109399091578,84.50242802966144
0.2625159324093675,6.80832332658409,8.689136634895693,84.50254003852022
0.26275536922156784,6.80818404057779,8.689163927211942,84.50265203221026
0.2629947471613154,6.808044713525417,8.689191276007174,84.50276401046742
0.26323406625097207,6.807905345729992,8.689218681244345,84.50287597302565
0.2634733265128599,6.807765937501147,8.689246142882318,84.50298791961653
0.26371252796926387,6.807626489154858,8.689273660875731,84.50309984996942
0.26395167064319486,6.80748700101291,8.689301235175032,84.50321176381206
0.26419075455692215,6.807347473403556,8.689328865726859,84.50332366086958
0.2644297797334447,6.807207906660191,8.68935655247409,84.50343554086572
0.26466874619562125,6.807068301128967,8.68938429534832,84.5035474035227
0.264907653966609,6.806928657135882,8.689412094306242,84.50365924855787
0.26514650306937054,6.806788975051489,8.689439949257203,84.50377107569132
0.26538529352749807,6.806649255225196,8.689467860136235,84.50388288463857
0.2656240253643943,6.806509498018712,8.68949582686721,84.50399467511409
0.2658626986038728,6.806369703799017,8.689523849370278,84.5041064468307
0.26610131326950837,6.806229872938029,8.689551927562306,84.50421819949968
0.2663398693853431,6.806090005813456,8.689580061356104,84.50432993283043
0.2665783669752912,6.805950102804411,8.689608250662216,84.50444164653337
0.2668168060638442,6.805810164298853,8.689636495388314,84.50455334031284
0.26705518667493516,6.805670190691545,8.689664795434235,84.50466501387422
0.26729350883329495,6.805530182378444,8.689693150700169,84.50477666692139
0.26753177256358535,6.805390140169129,8.689721560938274,84.5048882988926
0.2677699778908271,6.805250064663475,8.689750025858208,84.50499990947831
0.2680081248400758,6.8051099562080175,8.689778545420257,84.50511149837172
0.2682462134365784,6.804969815216941,8.68980711951149,84.50522306527158
0.2684842437056794,6.804829642109761,8.689835748014602,84.50533460987563
0.2687222156732551,6.804689437309418,8.68986443081002,84.50544613188056
0.268960129364686,6.80454920124326,8.689893167774763,84.50555763098197
0.26919798480610185,6.804408934342436,8.689921958783081,84.50566910687448
0.26943578202357127,6.804268637042209,8.689950803706093,84.5057805592517
0.2696735210431571,6.804128309781504,8.68997970241226,84.50589198780624
0.26991120189155404,6.803987953003893,8.690008654765915,84.50600339223018
0.27014882459467493,6.803847567188383,8.69003766059326,84.50611477221835
0.27038638917959085,6.803707152680083,8.69006671987178,84.50622612744813
0.2706238956731981,6.803566710040351,8.690095832338072,84.50633745762157
0.27086134410241197,6.803426239689332,8.690124997887489,84.50644876242318
0.27109873449440836,6.803285742086716,8.690154216372381,84.50656004154091
0.2713360668764158,6.803145217696345,8.69018348764178,84.50667129466187
0.2715733412760406,6.803004666984772,8.69021281154232,84.5067825214729
0.2718105577208349,6.802864090421029,8.690242187919015,84.50689372165996
0.27204771623872853,6.802723488478099,8.690271616613323,84.50700489490858
0.2722848168574912,6.802582861631744,8.690301097464628,84.50711604090363
0.27252185960548686,6.8024422103601285,8.690330630310033,84.50722715932983
0.27275884451075827,6.802301535144356,8.690360214984521,84.50733824987113
0.2729957716019971,6.8021608364684685,8.6903898513203,84.50744931221124
0.27323264090784394,6.802020114818987,8.690419539147458,84.50756034603356
0.27346945245683496,6.801879370685213,8.690449278293901,84.50767135102089
0.2737062062781562,6.8017386045584205,8.690479068585585,84.507782326856
0.2739429024007284,6.801597816932923,8.690508909845889,84.50789327322119
0.27419799276587703,6.801443761523219,8.69054231096236,84.50801392751443
0.2744530119366684,6.801289490450626,8.69057610463306,84.50813440491632
0.27470795993921077,6.801135445896364,8.69060979462724,84.5082547594764
0.2749628369039984,6.800981613286976,8.690643391584212,84.5083749951288
0.27521764295558326,6.8008279782597185,8.690676906065784,84.50849511567449
0.27547237821418036,6.800674526959388,8.69071034821352,84.50861512482709
0.27572704279496485,6.800521245283435,8.690743728601047,84.50873502611552
0.2759816368082405,6.800368116604333,8.69077706082669,84.50885482256898
0.27623616035916637,6.800215137549675,8.69081034371856,84.50897451873176
0.276490613550999,6.800062290984722,8.690843591622647,84.50909411739262
0.2767449964811075,6.799909565529064,8.69087681263158,84.50921362183936
0.27699930924359706,6.799756950287788,8.690910014427246,84.50933303528497
0.2772535519278534,6.7996044348337685,8.690943204298021,84.50945236086821
0.27750772462040824,6.7994520092218185,8.690976389122897,84.50957160165528
0.2777618274039448,6.799299663965469,8.691009575392467,84.50969076064206
0.2780158603578995,6.799147434688048,8.691042747031718,84.50980981828023
0.27826982357584273,6.798995565129356,8.691075784320944,84.5099286505497
0.27852371724624697,6.798843683943972,8.69110887562471,84.51004744043131
0.2787775414140387,6.798691791182251,8.691142021361456,84.51016618745629
0.27903129612412436,6.798539887521497,8.69117522125486,84.51028489122365
0.27928498142222324,6.798387973639733,8.691208475026801,84.51040355133347
0.2795385973537139,6.798236050216168,8.69124178239712,84.51052216738671
0.27979214396444063,6.798084117930222,8.691275143084615,84.51064073898516
0.2800456213005399,6.797932177461755,8.69130855680689,84.51075926573135
0.28029902940820917,6.7977802294910115,8.691342023280098,84.5108777472289
0.2805523683341671,6.797628274698705,8.691375542218944,84.51099618308236
0.2808056381250768,6.797476313765882,8.691409113337176,84.51111457289694
0.2810588388278337,6.7973243473749,8.691442736346175,84.51123291627893
0.2813119704899092,6.797172376206833,8.691476410957488,84.51135121283568
0.2815650331583725,6.7970204009445885,8.69151013688025,84.51146946217516
0.28181802688127044,6.7968684222705384,8.691543913822779,84.51158766390668
0.28207095170641866,6.796716440866909,8.69157774149254,84.51170581764055
0.2823238076819761,6.79656445741636,8.691611619595307,84.51182392298833
0.2825765948562715,6.79641247260422,8.691645547834874,84.51194197956092
0.2828293132779183,6.796260487113405,8.691679525914806,84.51205998697179
0.28308196299581373,6.796108501626824,8.69171355353764,84.51217794483554
0.2833345440589077,6.7959565168276805,8.691747630404748,84.51229585276756
0.2835870565166613,6.795804533398956,8.691781756216407,84.51241371038464
0.28383950041852946,6.795652552023787,8.691815930671694,84.51253151730451
0.284091875814133,6.795500573385098,8.69185015346898,84.51264927314593
0.2843441827535431,6.795348598166035,8.691884424305128,84.51276697752883
0.2845964212869953,6.795196627049382,8.691918742876128,84.5128846300745
0.2848485914648875,6.795044660717429,8.691953108877449,84.51300223040512
0.28510069333760796,6.794892699852588,8.691987522003306,84.5131197781441
0.2853527269560497,6.794740745136803,8.692021981946837,84.51323727291636
0.28560469237143765,6.7945887972513885,8.692056488400652,84.51335471434795
0.2858565896349842,6.794436856877313,8.692091041056575,84.51347210206612
0.28610841879834603,6.794284924694603,8.692125639605909,84.51358943569949
0.2863601799129938,6.794133001383671,8.692160283738309,84.51370671487803
0.2866118730311211,6.793981087624805,8.692194973141945,84.51382393923326
0.28686349820452167,6.793829184092652,8.692229707510398,84.51394110839695
0.2871150554857554,6.793677291468943,8.692264486527158,84.51405822200391
0.2873665449273701,6.793525410428576,8.692299309881804,84.51417527968962
0.28761796658206573,6.793373541648511,8.692334177260843,84.51429228109065
0.28786932050292174,6.793221685803859,8.692369088350985,84.51440922584516
0.2881206067430538,6.793069843775246,8.692404042785968,84.51452611343879
0.2883718253559314,6.792918016640474,8.69243903997323,84.51464294338629
0.2886229763955331,6.792766205015253,8.692474079660126,84.51475971532462
0.28887405991585724,6.792614409568936,8.692509161532985,84.51487642889808
0.2891250759710476,6.792462630971381,8.692544285276055,84.51499308375257
0.28937602461544826,6.792310869891667,8.692579450572692,84.51510967953564
0.2896269059038318,6.792159126996999,8.692614657106466,84.51522621589653
0.28987771989105593,6.792007402953597,8.69264990456036,84.51534269248604
0.29012846663206154,6.791855698426408,8.692685192617333,84.51545910895626
0.2903791461821,6.791704014079057,8.692720520959766,84.51557546496117
0.29062975859661794,6.791552350573858,8.692755889269927,84.51569176015622
0.2908803039313699,6.791400708571316,8.692791297230059,84.51580799419862
0.29113078224196165,6.791249088501069,8.692826741415438,84.5159241700835
0.29138119358374154,6.791097490673119,8.692862224339489,84.5160402849874
0.2916315380123385,6.790945916340298,8.692897745965917,84.51615633769379
0.2918818155841694,6.79079436616265,8.692933305970223,84.51627232786713
0.29213202635595376,6.790642840792175,8.692968904034737,84.5163882551731
0.29238217038436987,6.790491340880559,8.693004539840473,84.51650411927896
0.29263224772650864,6.790339867077226,8.693040213069056,84.51661991985372
0.292882258439474,6.79018842003005,8.693075923401787,84.51673565656816
0.2931322025804391,6.790037000384808,8.693111670520482,84.5168513290947
0.2933820802070992,6.78988560878585,8.693147454106384,84.51696693710777
0.29363189137710183,6.789734245875778,8.693183273841129,84.5170824802831
0.29388163614833035,6.789582912295067,8.693219129406298,84.51719795829864
0.294131314578902,6.789431608682038,8.693255020484097,84.51731337083388
0.2943809267270529,6.789280335674154,8.693290946755729,84.51742871757013
0.2946304726511375,6.789129093905793,8.6933269079038,84.5175439981904
0.2948799524097401,6.788977884010218,8.693362903610096,84.51765921237968
0.2951293660617301,6.788826706624914,8.693398933549593,84.5177743598255
0.29537871366603574,6.7886755623578825,8.693434997428149,84.51788944021396
0.29562799528163636,6.788524451857611,8.69347109490466,84.51800445323772
0.2958772109677977,6.788373375740818,8.693507225671022,84.51811939858815
0.2961263607840628,6.788222334631223,8.693543389409475,84.5182342759593
0.29637544478991407,6.788071329148801,8.693579585804196,84.518349085047
0.2966244630451107,6.787920359912119,8.69361581453904,84.51846382554884
0.2968734156096873,6.787769427544125,8.693652075290464,84.51857849716541
0.2971223025438407,6.787618532638236,8.693688367766221,84.51869309959554
0.29737112390769677,6.787467675826724,8.693724691628182,84.51880763254509
0.2976198797616573,6.787316857712727,8.693761046569003,84.51892209571827
0.2978685701665616,6.787166078902901,8.693797432274843,84.51903648882225
0.2981171951828396,6.78701534035345,8.693833848309675,84.51915081133687
0.29836575487161326,6.786864642895576,8.693870294163302,84.51926506294112
0.29861424929422065,6.78671398706754,8.693906769591045,84.5193792433414
0.2988626785121287,6.78656337346863,8.693943274278332,84.51949335225304
0.29911104258647153,6.786412802690207,8.693979807917728,84.51960738939206
0.29935934157923805,6.7862622753285615,8.694016370193527,84.51972135447792
0.2996263694118698,6.786098252363051,8.694056838830805,84.51984490880614
0.2998933175384365,6.785934053221622,8.694097707321284,84.51996823945709
0.30016018601571026,6.785770145209807,8.694138451862338,84.52009140292786
0.3004269750178547,6.7856065149739795,8.694179082039021,84.52021440298701
0.3006936847144575,6.785443149060383,8.694219607685644,84.52033724325398
0.30096031526934486,6.785280034489531,8.694260038246385,84.52045992726408
0.30122686684226224,6.785117158752309,8.69430038277636,84.52058245847134
0.3014933395877058,6.784954506682572,8.694340653478049,84.52070483983938
0.30175973365494546,6.784792069358645,8.694380855697606,84.52082707494375
0.30202604918976594,6.78462983825519,8.694420994410782,84.52094916733402
0.30229228633404703,6.78446779970592,8.694461080484672,84.5210711198094
0.3025584452252951,6.784305943599351,8.694501120961304,84.52119293543933
0.3028245259967085,6.784144260115528,8.694541122679503,84.52131461720496
0.30309052877807685,6.783982739908908,8.694581092068189,84.5214361680229
0.3033564536953342,6.78382137406693,8.694621035190945,84.52155759074212
0.3036223008712482,6.783660154103807,8.694660957749875,84.52167888814633
0.3038880704247183,6.783499233189913,8.69470078405708,84.52179998275301
0.30415376253886206,6.78333856747355,8.694740538413438,84.52192089411301
0.30441937737852987,6.78317796629752,8.694780318466588,84.5220417152359
0.30468491503033585,6.783017429986613,8.694820124230823,84.52216244578257
0.3049503755807862,6.782856959216684,8.694859955329088,84.52228308545423
0.3052157591164856,6.782696554659175,8.694899811385648,84.52240363395518
0.3054810657244349,6.782536216981497,8.694939692026061,84.52252409099243
0.30574629549172855,6.782375946846349,8.694979596877737,84.52264445627591
0.30601144850555106,6.782215744912655,8.695019525568965,84.52276472951839
0.3062765248531761,6.782055611834975,8.695059477729604,84.52288491043542
0.30654152462214357,6.781895548263374,8.69509945299122,84.5230049987454
0.306806447900077,6.781735554843612,8.695139450987071,84.52312499416932
0.307071294774802,6.781575632218165,8.695179471350539,84.5232448964313
0.30733606533428376,6.781415781024434,8.695219513717712,84.52336470525785
0.307600759666564,6.781256001896777,8.69525957772494,84.52348442037828
0.30786537785975976,6.78109629590094,8.695299662852195,84.52360404124686
0.3081299200024351,6.780936663854026,8.695339768549596,84.52372356759638
0.3083943861833968,6.780777106307063,8.695379894535323,84.52384299915761
0.30865877649138196,6.780617623878052,8.695420040451191,84.52396233567076
0.30892309101525395,6.780458217181128,8.69546020594029,84.52408157687859
0.30918732984423986,6.7802988868243546,8.695500390648487,84.52420072252715
0.30945149306756725,6.780139633412919,8.695540594221889,84.52431977236519
0.3097155807744632,6.779980457744457,8.695580816097168,84.52443872615838
0.30997959305450035,6.779821359819936,8.695621056560391,84.52455758361967
0.3102435299971567,6.779662340832915,8.695661314623287,84.52467634454379
0.3105073916921148,6.779503401170977,8.695701590151163,84.52479500867787
0.31077117822911626,6.779344541419668,8.695741882797098,84.52491357578323
0.3110348896981316,6.779185762159955,8.695782192215995,84.52503204562404
0.31129852618911785,6.77902706396957,8.695822518063588,84.52515041796684
0.31156208779231603,6.7788684474218615,8.695862859997321,84.52526869258081
0.31182557459789023,6.778709913086694,8.695903217675644,84.52538686923766
0.3120889866962846,6.778551461529492,8.695943590758997,84.52550494771151
0.3123523241776227,6.778393093312688,8.69598397890836,84.52562292777895
0.3126155871326634,6.778234808993573,8.696024381786897,84.52574080921953
0.3128787756519606,6.778076609126398,8.696064799058828,84.52585859181477
0.31314188982628005,6.777918494261644,8.69610523038942,84.52597627534894
0.31340492974635886,6.7777604649452785,8.696145675446058,84.52609385960866
0.31366789550308233,6.777602521719822,8.696186133896939,84.52621134438324
0.3139307871874223,6.77744466512369,8.696226605412129,84.52632872946418
0.31419360489055465,6.7772868956911925,8.696267089663094,84.52644601464571
0.31445634870373795,6.777129213953188,8.696307586322284,84.52656319972452
0.31471901871783364,6.7769716204366,8.696348095063916,84.52668028449948
0.31498161502443905,6.776814115664107,8.696388615563782,84.52679726877211
0.31524413771486987,6.776656700154617,8.696429147499025,84.52691415234635
0.31550658688075556,6.7764993744235085,8.696469690547882,84.5270309350286
0.31576896261350007,6.776342138981562,8.696510244390916,84.52714761662752
0.3160312650048175,6.776184994336738,8.696550808708896,84.52726419695436
0.3162934941463718,6.776027940991986,8.696591383185377,84.52738067582264
0.31655565012983483,6.775870979447417,8.696631967504294,84.5274970530483
0.31681773304706307,6.775714110198335,8.696672561352004,84.52761332844966
0.3170797429900362,6.775557333736948,8.696713164415623,84.52772950184743
0.317341680050677,6.775400650717938,8.696753776345663,84.5278455729364
0.3176035443209869,6.775244062030692,8.696794396560039,84.52796154140927
0.31786533589346677,6.775087568106826,8.696835024804079,84.5280774070891
0.3181270548604227,6.774931169418877,8.696875660774753,84.52819316980637
0.3183887013141556,6.774774866439348,8.696916304166512,84.52830882939413
0.31865027534713686,6.7746186596360145,8.696956954676399,84.5284243856876
0.3189117770519475,6.774462549473055,8.696997612002413,84.52853983852452
0.31917320652121695,6.774306536411115,8.697038275843912,84.52865518774497
0.3194345638475028,6.774150620906906,8.697078945902073,84.52877043319103
0.3196958491234669,6.773994803413297,8.697119621879395,84.5288855747073
0.31995706244169536,6.773839084380033,8.697160303479464,84.5290006121405
0.3202182038951132,6.773683464251907,8.69720099040836,84.52911554533972
0.320479273576388,6.77352794347051,8.697241682373093,84.5292303741564
0.3207402715784624,6.773372522473875,8.697282379082196,84.52934509844393
0.3210011979941383,6.773217201696184,8.697323080245642,84.52945971805818
0.32126205291631066,6.773061981567903,8.697363785575012,84.52957423285709
0.3215228364379081,6.772906862515537,8.697404494783514,84.52968864270095
0.3217835486518901,6.772751844961866,8.697445207586098,84.52980294745204
0.32204418965142384,6.77259692932671,8.697485923698212,84.52991714697508
0.3223239527549235,6.772428677788203,8.697530688714277,84.53004063349752
0.32260362919748664,6.772260293656885,8.697575843785769,84.53016386255734
0.3228832190653567,6.772092255908543,8.697620852302965,84.53028689178849
0.3231627225741928,6.77192455190681,8.69766572319759,84.5304097248956
0.3234421399345834,6.771757168819599,8.697710465750257,84.53053236543015
0.32372147135185547,6.771590094257441,8.697755088880085,84.53065481686247
0.32400071702630784,6.7714233162692885,8.697799601146325,84.53077708258438
0.3242798771532494,6.771256818280774,8.697844016471366,84.53089916524786
0.32455895192148204,6.771090598063553,8.697888332795186,84.53102106914126
0.32483794151821827,6.770924641082564,8.697932561912623,84.5311427970048
0.32511684612482733,6.770758936419971,8.69797671173763,84.5312643518424
0.3253956659184741,6.770593474252482,8.698020789084776,84.53138573666274
0.3256744010720084,6.7704282451673485,8.698064800427002,84.53150695440566
0.32595305175430705,6.77026324015741,8.698108751898227,84.53162800794436
0.32623161813067575,6.770098450616516,8.698152649296595,84.5317489000869
0.32651010036236394,6.769933868335526,8.698196498086515,84.53186963357795
0.32678849860765796,6.769769485594333,8.698240303378839,84.53199021102684
0.32706681302118745,6.769605550813108,8.698283940371935,84.53211050881495
0.32734504386717245,6.769441785277398,8.698327552859878,84.53223066186273
0.3276231912876779,6.769278147737628,8.698371162379248,84.53235068988312
0.3279012554061545,6.769114638536255,8.698414768706465,84.53247059275728
0.32817923634601454,6.768951258094962,8.698458371527982,84.53259037037706
0.3284571342309041,6.768788006830577,8.698501970532307,84.53271002263712
0.3287349491840064,6.7686248851548445,8.698545565410248,84.53282954943491
0.3290126813288611,6.768461893473927,8.69858915585535,84.53294895067071
0.3292903307888558,6.768299032189967,8.698632741562538,84.5330682262475
0.3295678976874769,6.7681363016984655,8.69867632223048,84.53318737607106
0.32984538214799114,6.767973702391515,8.698719897558863,84.53330640004963
0.33012278429394903,6.767811234655836,8.698763467249854,84.53342529809431
0.33040010424842575,6.767648898873355,8.698807031008133,84.53354407011851
0.33067734213452293,6.767486695421475,8.698850588540173,84.53366271603835
0.3309544980756827,6.767324624672642,8.698894139554705,84.53378123577265
0.33123157219499083,6.767162686994904,8.6989376837625,84.5338996292426
0.3315085646156806,6.76700088275143,8.69898122087666,84.53401789637192
0.3317854754608146,6.76683921230114,8.699024750612187,84.53413603708667
0.332062304853472,6.766677675997415,8.699068272686485,84.5342540513161
0.3323390529165575,6.766516274191958,8.699111786817749,84.53437193899029
0.3326157197729893,6.766355007230274,8.699155292727113,84.53448970004261
0.3328923055458856,6.7661938754527124,8.699198790138144,84.53460733440915
0.3331688103579326,6.766032879195949,8.699242278775827,84.53472484202823
0.333445234332075,6.76587201879229,8.699285758367314,84.5348422228404
0.33372157759107457,6.765711294569686,8.699329228641796,84.53495947678852
0.33399784025769574,6.765550706851458,8.699372689330719,84.53507660381783
0.33427402245432863,6.76539025595794,8.699416140166422,84.53519360387564
0.3345501243036137,6.765229942204158,8.69945958088413,84.53531047691172
0.3348261459281271,6.76506976590119,8.699503011220857,84.53542722287794
0.33510208745037834,6.764909727356265,8.699546430915346,84.53554384172838
0.3353779489924955,6.764749826872646,8.699589839708107,84.53566033341924
0.3356537306771008,6.764590064749044,8.699633237341809,84.53577669790914
0.33592943262624403,6.764430441280543,8.69967662356075,84.53589293515871
0.33620505496227737,6.764270956757571,8.699719998111712,84.53600904513073
0.33648059780704015,6.764111611889333,8.69976336058457,84.5361250275261
0.336756061282994,6.76395240711717,8.699806710561585,84.53624088232125
0.3370314455121897,6.763793342654162,8.699850047866832,84.536356609479
0.3373067506167061,6.763634418773734,8.69989337225488,84.53647220897138
0.33758197671866497,6.763475635745488,8.69993668348212,84.53658768077239
0.3378571239401042,6.763316993835683,8.699979981306075,84.53670302485824
0.3381321924026645,6.763158493306365,8.7000232654866,84.53681824120703
0.3384071822282125,6.7630001344153925,8.700066535785696,84.53693332979891
0.33868209353827644,6.762841917417241,8.70010979196675,84.53704829061601
0.3389569264545453,6.76268384256243,8.700153033794944,84.53716312364263
0.33923168109849144,6.762525910097262,8.70019626103787,84.53727782886486
0.3395063575916827,6.762368120264991,8.700239473464114,84.5373924062709
0.33978095605546726,6.762210473304256,8.700282670844858,84.53750685585089
0.34005547661097385,6.762052969458285,8.700325852943928,84.53762117759779
0.34032991937923573,6.761895608935705,8.70036901956176,84.53773537150254
0.340604284481307,6.761738391987854,8.70041217044825,84.53784943756389
0.3408785720380236,6.7615813186873,8.700455305467717,84.53796337584498
0.3411527821704325,6.761424388957391,8.700498424587396,84.53807718645521
0.3414269149991128,6.761267602765389,8.700541527785843,84.53819086944877
0.3417009706441431,6.76111096034831,8.700584614883446,84.53830442476824
0.3419749492260193,6.760954462117419,8.700627685489515,84.53841785239307
0.3422488508649474,6.760798108375439,8.70067073932143,84.53853115230314
0.3425226756811229,6.760641899401104,8.700713776112998,84.5386443244859
0.34279642379466113,6.760485835458728,8.700756795605624,84.53875736893565
0.34307009532552785,6.7603299167918784,8.700799797557503,84.53887028565062
0.34334369039378176,6.760174143625565,8.700842781741523,84.53898307463291
0.34361720911919547,6.76001851617734,8.700885747934542,84.53909573588811
0.3438906516213767,6.759863034667633,8.700928695905827,84.53920826942654
0.34416401802001634,6.759707699301402,8.700971625438402,84.5393206752602
0.34445691103649256,6.75953940241499,8.70101863752361,84.5394419600614
0.34474971195001275,6.759371009403112,8.70106602444742,84.53956296614946
0.3450424208710117,6.7592030036066575,8.701113244861132,84.53968375153221
0.3453350380508282,6.759035372949591,8.701160307183088,84.53980431986732
0.3456275637354425,6.758868104820072,8.701207220397686,84.53992467478224
0.3459199981647981,6.758701187476424,8.701253992977955,84.54004481954563
0.3462123415740042,6.758534609896016,8.701300632760896,84.54016475734309
0.3465045941930731,6.758368358580799,8.70134715056966,84.54028449084954
0.34679675624643796,6.758202425242247,8.701393551183514,84.54040402357424
0.3470888279542975,6.758036801697704,8.701439839342212,84.54052335896009
0.3473808095329445,6.757871475257558,8.701486024962414,84.54064249978003
0.34767270119322563,6.757706436322765,8.701532114648245,84.54076144902899
0.34796450314159727,6.757541675686698,8.70157811468109,84.5408802096322
0.3482562155804834,6.757377184525152,8.701624031027565,84.54099878444728
0.34854783870836126,6.757212954392314,8.701669869340844,84.54111717626685
0.348839372719184,6.757048977214134,8.701715634966094,84.54123538781977
0.34913081780372046,6.756885245284407,8.7017613329416,84.54135342177399
0.34942217414903737,6.756721759634682,8.70180696373015,84.54147127663518
0.34971344194270393,6.756558757391709,8.70185240728177,84.54158883532652
0.3500046214838789,6.75639592824942,8.70189782432699,84.54170624742359
0.35029571292589984,6.75623327168326,8.701943215395701,84.54182351292103
0.35058671642177935,6.756070787831449,8.701988580281311,84.54194063188724
0.35087763212379725,6.755908476828239,8.702033918779419,84.54205760439234
0.35116846018508524,6.755746338802742,8.702079230688124,84.54217443050914
0.3514592007574445,6.755584373880868,8.702124515807288,84.54229111031184
0.3517498539929974,6.755422582184132,8.70216977393888,84.542407643877
0.35204042004372205,6.755260963829511,8.70221500488759,84.54252403128291
0.3523308990613189,6.755099518929408,8.702260208460757,84.54264027260983
0.35262129119694646,6.754938247593819,8.702305384466484,84.5427563679397
0.3529115966022095,6.754777149926849,8.702350532716597,84.54287231735655
0.35320181542783724,6.754616226030189,8.702395653023776,84.54298812094603
0.35349194782467314,6.754455476001059,8.702440745203354,84.5431037787956
0.3537819939434744,6.754294899933056,8.702485809072446,84.5432192909945
0.35407195393451596,6.754134497916107,8.702530844450328,84.54333465763357
0.3543618279479853,6.7539742700360685,8.70257585115851,84.54344987880542
0.35465161613365054,6.753814216375716,8.702620829019935,84.54356495460435
0.3549413186413875,6.753654337013081,8.70266577786033,84.5436798851266
0.35523093562071634,6.75349463206462,8.702710697496762,84.54379467043861
0.3555204672208239,6.753335102022211,8.702755587568834,84.54390931040896
0.35580991359094016,6.753175747049374,8.702800447800252,84.54402380515037
0.3560992748802254,6.753016567160279,8.702845278078913,84.5441381547608
0.35638855123753227,6.752857562414725,8.702890078240351,84.54425235934492
0.35667774281148357,6.752698732527933,8.702934845123998,84.54436642234808
0.3569668497494011,6.75254007755467,8.702979581958864,84.54448034048647
0.3572558721991609,6.752381597906967,8.703024288196914,84.54459411389612
0.3575448103086423,6.752223293631937,8.703068963680332,84.54470774268773
0.3578336642257548,6.752065164773581,8.703113608252716,84.54482122697371
0.35812243409797595,6.751907211371902,8.703158221760619,84.54493456686748
0.3584111200723526,6.751749433464599,8.703202804051449,84.54504776248395
0.35869972229602354,6.751591831086189,8.703247354974165,84.54516081393965
0.35898824091562875,6.751434404267497,8.703291874380344,84.54527372135216
0.3592766760777682,6.751277153036978,8.703336362122577,84.54538648484045
0.35956502792913747,6.751120077420891,8.703380818053775,84.54549910452533
0.3598532966151255,6.750963177437046,8.70342524203528,84.54561158052766
0.360141482281949,6.750806453109072,8.703469633919873,84.54572391297106
0.3604295850750553,6.750649904452116,8.703513993568404,84.54583610197948
0.3607176051398462,6.750493531479029,8.703558320842477,84.5459481476785
0.3610055426214168,6.7503373342002515,8.703602615604872,84.54606005019487
0.3612933976644894,6.750181312623585,8.70364687771985,84.54617180965657
0.36158117041373883,6.750025466753623,8.703691107053581,84.54628342619279
0.3618688610135969,6.7498697965921295,8.703735303473973,84.5463948999339
0.36215646960831605,6.749714302138061,8.703779466850287,84.54650623101165
0.36244399634151175,6.7495589833883045,8.703823597053068,84.54661741955863
0.3627314413571424,6.749403840335891,8.703867693955234,84.54672846570888
0.36301880479846244,6.749248872972109,8.70391175743038,84.5468393695975
0.36330608680867593,6.749094081284633,8.703955787354726,84.54695013136065
0.3635932875304786,6.748939465259453,8.70399978360487,84.54706075113567
0.36388040710677505,6.748785024879222,8.704043746059838,84.54717122906094
0.3641674456798302,6.748630760132259,8.704087674590644,84.5472815652771
0.36445440339211843,6.748476670971537,8.704131569106586,84.54739175992188
0.3647412803852063,6.748322757397214,8.704175429463252,84.54750181313953
0.3650280768008735,6.748169019706009,8.704219255433042,84.54761172486094
0.365314792780878,6.748015458059349,8.704263046727258,84.5477214952134
0.3656014284663341,6.747862072366026,8.704306803297948,84.54783112433603
0.36588798399847866,6.7477088625893815,8.704350525035068,84.54794061237556
0.3661744595184262,6.747555828690883,8.70439421182942,84.5480499594797
0.36648087658107514,6.747390395259492,8.70444189764662,84.5481677070939
0.3667871973018641,6.74722489334856,8.704489939615431,84.54828516703601
0.3670934218098509,6.747059800355841,8.7045378031393,84.54840239650487
0.36739955038347394,6.746895104785045,8.704585496130779,84.54851939908417
0.36770558329528646,6.746730794795659,8.70463302700382,84.54863617820052
0.36801152081218363,6.746566858930522,8.704680403864755,84.54875273720472
0.3683173631955751,6.746403286113384,8.704727634512574,84.54886907937404
0.3686231107016924,6.74624006350559,8.70477472886014,84.54898520763427
0.3689287635807023,6.746077181542819,8.704821693283463,84.54910112517372
0.369234322078169,6.745914634278835,8.704868530168962,84.5492168355522
0.3695397864355529,6.745752408813803,8.704915249793466,84.54933234139273
0.3698451568888554,6.745590495914139,8.70496185847112,84.54944764561473
0.3701504336697837,6.745428886705277,8.705008362220834,84.54956275107389
0.37045561700528223,6.745267572663501,8.705054766773355,84.54967766056313
0.37076070711823944,6.745106545611542,8.705101077574149,84.54979237681431
0.3710657042272898,6.744945797714469,8.705147299786004,84.54990690249953
0.3713706085473069,6.744785321477417,8.705193438289847,84.55002124023274
0.37167542028941036,6.744625109740856,8.705239497687758,84.55013539257139
0.37198013966076127,6.74446525018611,8.705285433778519,84.55024931603536
0.37228476691314305,6.744305767872107,8.705331235012013,84.55036299711588
0.37258930231029136,6.744146485788158,8.705376993706711,84.55047652050513
0.37289374602765235,6.743987403425944,8.705422710210058,84.550589886364
0.3731980982398369,6.743828520680138,8.705468384422439,84.55070309489743
0.3735023591208128,6.743669837441743,8.705514016246923,84.55081614631133
0.3738065288445271,6.743511353599736,8.705559605587275,84.55092904081299
0.3741106075846278,6.743353069039401,8.705605152349849,84.55104177861075
0.3744145955139806,6.743194983643754,8.705650656442605,84.55115435991364
0.3747184928054982,6.743037097705688,8.705696117616734,84.55126678467758
0.37502229963174066,6.742879411243775,8.70574153562617,84.55137905313006
0.3753260161651484,6.742721924273,8.705786910234584,84.55149116549241
0.3756296425774224,6.742564636043623,8.705832242020197,84.55160312193618
0.3759331790400435,6.742407547047508,8.705877530236256,84.55171492271624
0.37623662572473265,6.74225065694021,8.705922775023433,84.55182656803636
0.3765399828015317,6.742093965585146,8.705967976301835,84.55193805811302
0.37684325044128414,6.741937472842134,8.706013133994052,84.55204939316381
0.3771464288140483,6.741781178569123,8.70605824802365,84.55216057340722
0.3774495180893045,6.741625082622006,8.706103318315614,84.55227159906238
0.37775251843664404,6.741469184853721,8.706148344796944,84.55238247034933
0.37805543002487285,6.741313485115587,8.706193327395626,84.55249318748879
0.3783582530225636,6.741157983257419,8.706238266040966,84.55260375070162
0.37866098759798644,6.741002679126071,8.70628316066385,84.55271416021009
0.3789636339189712,6.740847572565914,8.706328011196982,84.5528244162371
0.37926619215276974,6.740692663418954,8.706372817574914,84.55293451900613
0.3795686624668122,6.740537951526155,8.70641757973235,84.5530444687415
0.3798710450274699,6.740383436725902,8.706462297606171,84.55315426566793
0.3801733400012927,6.74022911885438,8.706506971134756,84.55326391001087
0.38047554755438984,6.740074997746588,8.706551600257027,84.55337340199638
0.38077766785222505,6.739921073234778,8.706596184914169,84.55348274185106
0.3810797010600966,6.739767345149924,8.70664072504797,84.55359192980211
0.3813816473428629,6.739613813320573,8.706685220602193,84.55370096607724
0.3816835068650118,6.739460477574266,8.706729671520884,84.55380985090486
0.3819852797906603,6.739307337736146,8.706774077750259,84.5539185845136
0.3822869662836921,6.7391543936294225,8.706818439237555,84.55402716713303
0.3825885665074142,6.739001645075877,8.706862755931176,84.55413559899294
0.38289008062469543,6.7388490918957125,8.706907027780575,84.55424388032371
0.38319150879851394,6.738696733906378,8.706951254737252,84.55435201135637
0.3834928511911348,6.7385445709248355,8.706995436752953,84.55445999232221
0.38379410796418045,6.738392602765536,8.707039573781444,84.55456782345301
0.3840952792794509,6.738240829241719,8.707083665777109,84.55467550498116
0.38439636529810295,6.738089250415206,8.707127712611541,84.55478303697326
0.3846973661810616,6.73793786635158,8.70717171403937,84.55489041960905
0.3849982820891213,6.73778667680473,8.70721567007782,84.55499765311745
0.3852991131825538,6.737635681578939,8.707259580687724,84.55510473773333
0.3855998596211936,6.7374848804780685,8.70730344582982,84.55521167369211
0.3859005215647104,6.737334273346221,8.707347265418951,84.55531846123483
0.38620109917228085,6.737183859856039,8.707391039561749,84.55542510058221
0.38650159260260775,6.737033639935379,8.70743476807914,84.55553159198547
0.38680200201440373,6.736883613338581,8.707478450984398,84.55563793567703
0.3871023275655916,6.7367337798612,8.707522088244955,84.55574413189385
0.38740256941393086,6.736584139298872,8.70756567982757,84.55585018087356
0.38770272771688274,6.736434691443838,8.707609225701923,84.55595608285424
0.3880028026313355,6.736285436088211,8.70765272583798,84.5560618380738
0.3883027943140159,6.736136373022701,8.707696180206275,84.55616744677103
0.3886027029212156,6.73598750203614,8.707739588779148,84.5562729091847
0.38890252860872465,6.735838822916314,8.707782951529808,84.55637822555389
0.38922270418125193,6.7356784100009355,8.707830163502011,84.55649142649706
0.38954278037756446,6.735517944097344,8.707877715613519,84.55660434028913
0.3898627573373534,6.735357893187431,8.7079250838936,84.55671702291897
0.3901826353575628,6.7351982463924545,8.707972275754152,84.55682947785338
0.39050241472934166,6.735038992433687,8.70801929916427,84.55694170840205
0.39082209573767707,6.734880120388219,8.7080661618098,84.55705371780198
0.39114167866222027,6.734721619685987,8.70811287109437,84.55716550921964
0.3914611637769472,6.734563478080928,8.70815943643133,84.55727708548775
0.391780551349823,6.734405687669254,8.7082058624808,84.55738844984995
0.3920998416444788,6.734248239094802,8.708252155614074,84.55749960529113
0.39241903491913116,6.734091123628774,8.708298321597795,84.55761055477343
0.39273813142770186,6.733934331206087,8.708344367805648,84.55772130098826
0.3930571314190037,6.733777853302573,8.70839029999931,84.55783184669812
0.3933760351370005,6.7336216817216,8.708436123673307,84.55794219460509
0.3936948428216831,6.7334658085877575,8.708481844059124,84.55805234735311
0.394013554708641,6.7333102263445594,8.708527466126968,84.55816230752848
0.39433217102913515,6.733154928104228,8.708572994456093,84.55827207743968
0.3946506920113191,6.732999907117144,8.708618433327208,84.55838165955565
0.39496911787886735,6.732845156698667,8.708663787007835,84.55849105629349
0.39528744885268996,6.732690837326162,8.708708973269555,84.55860018940429
0.395605685238874,6.732536794375663,8.708754073634923,84.55870913198942
0.39592382726083003,6.732382964894784,8.708799121253948,84.55881791385127
0.39624187510843145,6.7322293484451015,8.70884411628423,84.55892653527066
0.3965598289707198,6.7320759447391225,8.708889058716608,84.55903499654427
0.39687768903646037,6.731922753488282,8.708933948542692,84.55914329796903
0.3971954554935662,6.731769774402761,8.708978785755228,84.55925143984201
0.3975131285297482,6.7316170071905725,8.709023570348636,84.55935942246079
0.39783070833200895,6.731464451558261,8.709068302318771,84.55946724612296
0.39814819508736743,6.731312107211345,8.709112981662186,84.55957491112646
0.3984655889817028,6.731159973862373,8.70915760836726,84.55968241777036
0.3987828902008427,6.731008051188028,8.70920218246221,84.55978976634977
0.3991000989299009,6.730856338915945,8.70924670391813,84.55989695716593
0.39941721535344155,6.730704836737283,8.70929117274648,84.56000399051624
0.39973423965575533,6.730553544350823,8.709335588949788,84.56011086669939
0.40005117202071966,6.730402461454332,8.709379952531664,84.56021758601399
0.40036801263158306,6.730251587744597,8.709424263496665,84.56032414875874
0.40068476167103795,6.730100922917175,8.709468521850535,84.56043055523229
0.4010014193214377,6.729950466666211,8.709512727600274,84.56053680573352
0.40131798576458183,6.729800218685364,8.70955688075347,84.56064290056116
0.4016344611815728,6.7296501786670095,8.7096009813188,84.56074884001418
0.4019508457536786,6.729500346303023,8.709645029305822,84.56085462439115
0.40226713966111416,6.729350721284463,8.709689024724911,84.56096025399063
0.402583343083543,6.729201303301228,8.709732967587325,84.56106572911143
0.4028994562006545,6.729052092041389,8.70977685790606,84.56117105005255
0.4032154791912291,6.728903087193156,8.709820695694324,84.5612762171125
0.40353141223378747,6.728754288443935,8.70986448096593,84.56138123059014
0.4038472555063751,6.728605695479479,8.709908213736727,84.5614860907838
0.404163009186491,6.728457308068483,8.709951894002502,84.56159079792901
0.40447867345106925,6.728309126249055,8.709995521580176,84.56169535217077
0.40479424847711026,6.728161149728922,8.71003909645979,84.56179975381129
0.40510973444093396,6.728013378166126,8.710082618686732,84.56190400314713
0.40542513151838117,6.727865811241195,8.71012608828149,84.56200810047731
0.4057404398847504,6.727718448635291,8.710169505264043,84.56211204610067
0.4060556597150856,6.727571290027905,8.710212869656168,84.56221584031593
0.40637079118367564,6.727424335098117,8.71025618148032,84.56231948342156
0.4066858344647001,6.72727758352439,8.71029944075952,84.56242297571609
0.4070007897316565,6.727131034985256,8.710342647517008,84.56252631749773
0.4073156571575054,6.726984689157844,8.710385801777527,84.56262950906464
0.4076304369151011,6.726838545718906,8.710428903566406,84.56273255071468
0.4079451291761898,6.726692604344793,8.710471952909584,84.56283544274562
0.40825973411262745,6.7265468647114055,8.71051494983361,84.56293818545498
0.40857425189588015,6.726401326494069,8.71055789436578,84.56304077914015
0.4088886826963101,6.726255989367334,8.710600786534465,84.5631432240982
0.40920302668424907,6.726110853005528,8.710643626368315,84.56324552062615
0.40951728402978393,6.725965917082599,8.710686413896628,84.56334766902077
0.4098314549019733,6.7258211812716695,8.710729149149904,84.56344966957843
0.41014553947006194,6.725676645245779,8.710771832158617,84.5635515225956
0.4104595379023394,6.725532308677312,8.710814462954437,84.56365322836825
0.41077345036692686,6.725388171246917,8.710857041559686,84.5637547871934
0.41108727703128,6.725244232600092,8.71089956803658,84.56385619936333
0.41140101806239504,6.725100492434599,8.710942042389027,84.56395746517637
0.41171467362725284,6.724956950412424,8.710984464660635,84.56405858492695
0.41202824389195347,6.724813606203711,8.711026834886715,84.56415955890957
0.412341729022219,6.724670459478917,8.711069153102084,84.564260387419
0.41267597377241655,6.724516251822093,8.711115155594845,84.56436859258307
0.4130101169160948,6.724362000748806,8.711161481883366,84.56447651736782
0.4133441585993144,6.724208160752754,8.711207623165677,84.56458421608157
0.41367809913118125,6.7240547215483835,8.71125358640378,84.56469169204783
0.41401193881469567,6.723901672411394,8.711299379153886,84.56479894843471
0.4143456779477927,6.723749003045003,8.711345008687065,84.56490598826794
0.4146793168216817,6.7235967037549225,8.711390481818155,84.56501281442692
0.4150128557228969,6.723444764812436,8.711435805306623,84.56511942988094
0.4153462949319757,6.72329317171633,8.711480991414259,84.5652258368694
0.41567963472278663,6.723141924925261,8.711526035702784,84.56533203937195
0.41601287536706766,6.722991010555628,8.71157094984787,84.5654380395965
0.41634601713016667,6.722840420128026,8.711615739623483,84.5655438402485
0.4166790602726823,6.722690145685452,8.711660410323725,84.56564944399082
0.41701200505031705,6.72254017873226,8.711704967897962,84.56575485336978
0.41734485171417657,6.72239051233952,8.711749416700723,84.56586007095976
0.4176776005112303,6.722241139024137,8.71179376174901,84.56596509922684
0.4180102516842229,6.722092051807198,8.711838007596528,84.56606994059628
0.4183428054718203,6.721943243999299,8.711882158559819,84.56617459744088
0.41867526210912925,6.721794709196074,8.711926218721256,84.56627907208268
0.4190076218271582,6.7216464412759915,8.711970191930227,84.56638336679379
0.4193398848531803,6.721498632401064,8.712013978911584,84.56648738868735
0.41967205152431813,6.72135104018678,8.712057707335182,84.56659125247803
0.4200041220393709,6.721203663613491,8.712101377940748,84.56669495844575
0.42033609659641785,6.721056502280311,8.712144990782859,84.56679850693682
0.4206679753928096,6.720909555787292,8.712188545915307,84.5669018982974
0.42099975862531974,6.720762823733463,8.712232043393234,84.56700513287329
0.4213314464902985,6.7206163057173685,8.712275483272789,84.56710821100984
0.4216630391832956,6.7204700013377945,8.712318865610069,84.56721113305214
0.4219945368997413,6.7203239101922385,8.712362190462812,84.56731389934495
0.4223259398338921,6.720178031878793,8.712405457888696,84.56741651023252
0.42265724817981243,6.7200323659945855,8.712448667946607,84.56751896605881
0.42298846213099833,6.719886912136522,8.71249182069624,84.56762126716724
0.4233195818800795,6.719741669901643,8.71253491619748,84.56772341390088
0.42365060761934614,6.719596638886556,8.712577954511067,84.56782540660237
0.4239815395407505,6.7194518186877215,8.7126209356984,84.56792724561389
0.4243123778351578,6.719307208901393,8.712663859821586,84.56802893127701
0.4246431226933986,6.71916280917734,8.712706726930344,84.56813046389232
0.4249737743054054,6.719018619463616,8.7127495369028,84.56823184363358
0.4253043328609755,6.718874639384446,8.712792289770345,84.56833307084521
0.42563479854920994,6.71873086852787,8.712834985604623,84.56843414586751
0.4259651715588024,6.718587306478543,8.712877624481582,84.56853506903987
0.42629545207773895,6.718443952831852,8.712920206466759,84.56863584070139
0.42662564029360484,6.7183008071821275,8.712962731626554,84.56873646119132
0.42695573639320916,6.718157869123886,8.71300520002779,84.56883693084832
0.427285740562887,6.718015138251257,8.713047611738215,84.56893725001053
0.4276156529888762,6.717872614159131,8.71308996682531,84.56903741901556
0.4279454738561946,6.717730296442014,8.713132265357757,84.56913743820023
0.4282752033496897,6.717588184695191,8.713174507403842,84.56923730790096
0.42860484165359236,6.717446278513613,8.713216693032765,84.56933702845362
0.42893438895166686,6.7173045774927385,8.713258822313886,84.56943660019338
0.42926384542691454,6.717163081227722,8.713300895317396,84.56953602345489
0.4295932112620232,6.717021789314484,8.713342912113314,84.5696352985722
0.42992248663899474,6.7168807013492,8.713384872772084,84.56973442587872
0.430251671739447,6.71673981692769,8.713426777365111,84.5698334057072
0.43058076674446444,6.716599135646383,8.713468625963506,84.56993223839011
0.43090977183460105,6.71645865710186,8.713510418639006,84.57003092425913
0.4312386871893572,6.7163183808911455,8.713552155463809,84.57012946364503
0.4315675129886033,6.716178306611187,8.71359383651028,84.57022785687853
0.43189624941093546,6.716038433859435,8.71363546185132,84.57032610428925
0.43222489663487357,6.715898762233696,8.71367703155981,84.5704242062065
0.4325534548383397,6.715759291331608,8.71371854505063,84.57052216361775
0.4328819241983441,6.715620020369455,8.713760001931472,84.57061997769908
0.4332103048909968,6.715480949449804,8.713801403292313,84.57071764725788
0.4335385970927863,6.715342077638331,8.713842749772786,84.57081517258888
0.4338668009791223,6.715203405174994,8.71388404076572,84.57091255405929
0.43419491672572325,6.715064931444732,8.713925276573182,84.57100979198209
0.4345229445068969,6.714926656046817,8.713966457270994,84.57110688668219
0.4348508844973339,6.714788578580746,8.714007582935155,84.5712038384841
0.43517873687039427,6.714650698697873,8.714048653629405,84.57130064767271
0.4355065017994844,6.714513016314035,8.714089669267043,84.57139731441892
0.43583417945752884,6.714375531078365,8.714130629869722,84.57149383905191
0.436161770017036,6.714238242560425,8.714171535548449,84.57159022189113
0.43648927364977574,6.714101150360239,8.71421238638106,84.5716864632587
0.43683795320377217,6.713953668684192,8.71425673662566,84.57178959469015
0.4371865294126299,6.713806145835621,8.714301398343714,84.57189245582066
0.4375350024236675,6.713659023501734,8.71434587716697,84.5719950993313
0.43788337255413456,6.713512291972652,8.714390179628673,84.57209752839867
0.438231640115029,6.713365941050616,8.714434312905478,84.5721997460439
0.43857980541160346,6.713219960846163,8.714478283931237,84.5723017552226
0.43892786874305917,6.713074341776734,8.714522099397684,84.57240355882558
0.43927583040295537,6.712929074359729,8.714565765985927,84.57250515965434
0.43962369067937757,6.712784146618941,8.714609293301338,84.57260656007972
0.43997144985352743,6.712639554844733,8.714652681767095,84.57270776338817
0.440319108203859,6.7124952895250365,8.714695938357478,84.57280877211748
0.4406666660030915,6.712351341355083,8.714739069930948,84.57290958871397
0.44101412351842295,6.712207702497495,8.714782081806174,84.57301021569633
0.44136148101260175,6.7120643654535765,8.714824979011215,84.57311065553522
0.44170873874354627,6.711921322965461,8.714867766391512,84.57321091064303
0.44205589696495357,6.711778568060675,8.714910448558506,84.57331098338082
0.4424029559261332,6.7116360940376385,8.714953029904047,84.57341087605832
0.4427499158725448,6.711493894464383,8.714995514600341,84.57351059093527
0.44309677704515277,6.7113519631747405,8.715037906602982,84.57361013022228
0.443443539681432,6.7112102942661815,8.715080209651376,84.57370949608244
0.4437902040153483,6.7110689324002175,8.715122400991763,84.57380866660802
0.4441367703075055,6.710927942998078,8.715164447244723,84.5739076097572
0.4444832388583413,6.710787165354085,8.715206433535801,84.57400640111011
0.4448296098706389,6.710646598577004,8.71524836043708,84.57410504098591
0.4451758835463904,6.710506242208794,8.715290228041898,84.57420352974931
0.4455220600868042,6.71036609579153,8.715332036444108,84.57430186776436
0.44586813969309225,6.710226158917543,8.715373785725717,84.57440005535675
0.4462141225649355,6.7100864314574915,8.715415475814106,84.5744980927284
0.4465600089023787,6.709946913009318,8.715457106741749,84.57459598024893
0.4469057989044741,6.709807603082011,8.71549867864099,84.57469371827699
0.4472514927698791,6.709668501217311,8.71554019160849,84.5747913071742
0.447597090696476,6.709529606957392,8.715581645741327,84.57488874730129
0.4479425928814547,6.709390919845662,8.715623041136205,84.57498603901814
0.4482879995215495,6.70925243942542,8.715664377890606,84.57508318268397
0.4486333108128054,6.709114165240673,8.715705656102125,84.57518017865719
0.44897852695073714,6.708976096836245,8.715746875868282,84.57527702729548
0.44932364813025366,6.708838233756809,8.715788037287595,84.5753737289556
0.44966867454557974,6.708700575548192,8.71582914045828,84.57547028399352
0.4500136063901819,6.708563121756571,8.71587018547901,84.57556669276443
0.4503584438571614,6.708425871929061,8.715911172448312,84.57566295562262
0.4507031871392556,6.708288825613231,8.715952101464996,84.57575907292177
0.4510478364280578,6.708151982357112,8.715992972628438,84.57585504501445
0.4513923919147234,6.708015341709336,8.716033786037945,84.57595087225272
0.45173685379012907,6.707878903220241,8.716074541792675,84.57604655498709
0.45208122224424846,6.707742666440045,8.716115239992064,84.5761420935679
0.4524254974667015,6.7076066309194715,8.716155880735851,84.57623748834467
0.4527696796463666,6.7074707962099485,8.716196464124192,84.57633273966586
0.4531137689713022,6.707335161864054,8.716236990256855,84.57642784787909
0.45345776562968965,6.707199727434881,8.716277459233801,84.57652281333132
0.4538016698085046,6.707064492476039,8.716317871155564,84.57661763636838
0.4541454816940671,6.706929456542057,8.716358226122525,84.5767123173354
0.45448920147297983,6.7067946191887415,8.716398524234489,84.57680685657677
0.45483282933025687,6.706659979971717,8.716438765592756,84.57690125443553
0.45517636545088774,6.706525538448628,8.71647895029698,84.5769955112544
0.45551981001897973,6.706391294176946,8.716519078448128,84.57708962737492
0.4558631632183068,6.706257246715085,8.716559150147035,84.57718360313788
0.4562064252322331,6.706123395622465,8.716599165494216,84.57727743888333
0.45654959624309127,6.705989740459121,8.716639124590726,84.57737113495016
0.45689267643319803,6.705856280901437,8.716679027509935,84.57746469158862
0.45723566598392396,6.705723016802813,8.716718874147746,84.57755810904943
0.45757856507654576,6.705589947686498,8.716758664647422,84.57765138766608
0.45792137389153564,6.705457073112646,8.716798399112525,84.57774452777483
0.4582640926090438,6.705324392643395,8.716838077645125,84.57783752971149
0.4586067214084339,6.705191905842211,8.716877700347055,84.57793039381073
0.4589492604687521,6.70505961227301,8.716917267320357,84.57802312040663
0.4592917099683397,6.704927511500715,8.716956778667013,84.57811570983228
0.4596340700847577,6.704795603091215,8.71699623448901,84.57820816241977
0.45997634099556584,6.704663886611105,8.717035634888317,84.57830047850058
0.46031852287739267,6.704532361627587,8.717074979967151,84.57839265840525
0.4606606159067134,6.704401027708667,8.717114269827801,84.57848470246353
0.4610026202589203,6.704269884424032,8.717153504571927,84.57857661100404
0.46134453610933407,6.70413893134318,8.717192684301937,84.57866838435488
0.4616863636324293,6.704008168037046,8.717231809119978,84.57876002284297
0.4620281030023025,6.703877594077092,8.717270879128304,84.57885152679461
0.4623914257559031,6.703737308690133,8.717313248024448,84.57894944328541
0.46275464409169514,6.703596983262809,8.717355913083964,84.57904710365322
0.4631177581553339,6.703457040374203,8.717398401383699,84.57914455824209
0.4634807682657332,6.703317470944896,8.717440719005017,84.57924181005009
0.4638436747362221,6.703178265344327,8.717482872737065,84.5793388619186
0.46420647787396646,6.703039414284922,8.717524869081581,84.5794357166335
0.4645691779803257,6.7029009087249385,8.717566714359897,84.57953237691515
0.4649317753504285,6.70276273991415,8.717608414660466,84.57962884542538
0.4652942702748235,6.702624896314548,8.71764997931768,84.57972512436778
0.4656566630365469,6.702487373862532,8.71769140937506,84.57982121676241
0.46601895391569537,6.702350164715348,8.71773271015207,84.57991712513258
0.4663811431871343,6.702213259540264,8.717773888739694,84.58001285172004
0.46674323111979915,6.702076650950717,8.71781495015232,84.58010839889695
0.4671052179782634,6.701940331824476,8.717855899191472,84.58020376898405
0.46746710402288627,6.701804295297379,8.717896740451549,84.58029896425107
0.467828889509139,6.701668534760214,8.717937478321904,84.58039398691788
0.4681905746879149,6.701533044165761,8.717978116867366,84.58048883896687
0.4685521598067095,6.70139781753083,8.71801865993786,84.5805835225313
0.4689136451086914,6.7012628489867625,8.718059111323152,84.58067803969008
0.4692750308334422,6.701128132776484,8.718099474764077,84.58077239245945
0.46963631721671395,6.700993663661858,8.718139753493306,84.58086658284483
0.46999750449050665,6.700859543671175,8.718179894454527,84.58096056187429
0.47035859295283233,6.700725698037843,8.718219937961008,84.58105436400115
0.47071958285349774,6.700592054561347,8.718259922541002,84.58114802289765
0.47108047439510053,6.700458612560656,8.718299848534508,84.58124153890483
0.47144126778016254,6.700325371558652,8.718339716057095,84.58133491238425
0.47180196321006773,6.700192331079352,8.71837952522408,84.58142814369657
0.47216256088596426,6.700059490647428,8.718419276150962,84.58152123320161
0.472523061007867,6.699926849788233,8.71845896895358,84.58161418125817
0.4728834637759692,6.699794408027566,8.718498603748094,84.58170698822434
0.4732437693890886,6.699662164892938,8.718538180650032,84.58179965445703
0.4736039780454086,6.6995301199122,8.718577699775452,84.58189218031235
0.4739640899428057,6.699398272613856,8.718617161240674,84.58198456614548
0.47432410527844443,6.699266622527521,8.718656565161966,84.58207681231052
0.47468402424877804,6.699135169397706,8.718695911425854,84.58216891917644
0.4750438470499663,6.699003912108979,8.718735200839761,84.58226088705125
0.47540357387678905,6.698872850845139,8.718774432827031,84.58235271632783
0.4757632049242453,6.698741984921275,8.71881360773504,84.58244440734369
0.4761227403861336,6.698611313871443,8.718852725680392,84.58253596044815
0.476482180455799,6.698480837230836,8.718891786779535,84.58262737598963
0.4768415253260535,6.698350554536112,8.718930791148367,84.58271865431553
0.47720077518901494,6.698220465324178,8.718969738903485,84.58280979577233
0.47755993023668025,6.698090569133383,8.719008630160976,84.58290080070564
0.47791899065962273,6.697960865502872,8.719047465037185,84.58299166945994
0.4782779566482176,6.6978313539738,8.719086243647542,84.58308240237866
0.47863682839223815,6.697702034087538,8.719124966108174,84.58317299980429
0.47899560608093683,6.697572905386499,8.719163632535135,84.58326346207836
0.47935428990264306,6.697443967517798,8.719202243019799,84.58335378946241
0.47971288004557366,6.697315220305948,8.71924079748481,84.58344398220925
0.48007137669718397,6.697186663266239,8.71927929607844,84.58353404065532
0.4804297800444877,6.697058295940201,8.719317738920951,84.58362396513886
0.48078809027382424,6.6969301178732925,8.719356126129345,84.58371375599737
0.4811463075712702,6.696802128613022,8.719394457819398,84.58380341356758
0.4815044321217457,6.696674327707439,8.719432734107514,84.58389293818504
0.4818624641099119,6.696546714706369,8.719470955109212,84.58398233018441
0.4822204037198483,6.696419289160381,8.719509120940392,84.58407158989922
0.48257825113505465,6.6962920506210475,8.71954723171672,84.58416071766224
0.4829360065386158,6.696164998640936,8.719585287553947,84.58424971380512
0.48329367011255314,6.696038132773937,8.719623288567542,84.58433857865853
0.4836512420388029,6.6959114525754275,8.719661234872316,84.58442731255225
0.4840087224984058,6.695784957601009,8.719699126584041,84.58451591581495
0.4843661116719959,6.695658647408297,8.719736963817255,84.58460438877444
0.4847234097397219,6.695532521555295,8.719774746687229,84.58469273175749
0.48508061688084386,6.695406579601486,8.719812475308737,84.58478094508978
0.485437733274547,6.695280821117219,8.719850149785183,84.5848690290976
0.4857947590989727,6.695155245634667,8.719887770264188,84.58495698410114
0.4861516945320997,6.695029852746015,8.719925336827176,84.58504481042681
0.48650853975087555,6.694904642005642,8.719962849598963,84.58513250839539
0.4868652949322581,6.694779612977911,8.720000308694155,84.58522007832794
0.48722196025232956,6.694654765229151,8.720037714226365,84.58530752054449
0.4875785358866229,6.694530098326328,8.720075066309604,84.58539483536407
0.48793502201028627,6.694405611837806,8.720112365057243,84.58548202310496
0.4882914187975985,6.694281305333033,8.72014961058283,84.58556908408414
0.488669819072366,6.694147912625994,8.720189961403634,84.58566212597037
0.4890481138893669,6.694014473329468,8.720230600922532,84.585754925748
0.4894263033887964,6.69388139686201,8.720271071059965,84.58584753207803
0.4898043878899188,6.693748674738301,8.720311377481902,84.58593994777979
0.4901823677062025,6.693616297927828,8.720351526548866,84.5860321755233
0.49056024314488395,6.693484257666385,8.720391524414138,84.58612421791948
0.49093801450739155,6.6933525455681115,8.720431376997722,84.58621607743417
0.491315682089605,6.693221153684208,8.72047108983617,84.58630775647961
0.4916932461820154,6.693090070214542,8.720510672783927,84.58639925700153
0.4920707070681966,6.692959294182812,8.720550123628108,84.58649058218907
0.4924480650294197,6.692828815211794,8.720589450725985,84.58658173406222
0.4928253203405354,6.692698625506961,8.720628659660203,84.58667271483283
0.49320247327121786,6.692568718096446,8.72066775517771,84.58676352672585
0.4935795240866173,6.692439086251315,8.72070674183182,84.58685417191687
0.4939564730471661,6.692309723482628,8.720745623984092,84.58694465253328
0.4943333204087249,6.692180623538739,8.720784405805947,84.58703497065531
0.49471006642324017,6.6920517804011705,8.720823091281403,84.58712512831742
0.4950867113381987,6.691923188283444,8.720861684207636,84.58721512750891
0.4954632553970253,6.691794841628347,8.720900188196387,84.58730497017525
0.4958396988393899,6.691666735104643,8.720938606676143,84.58739465821921
0.49621604190100094,6.6915388636046025,8.720976942893877,84.58748419350152
0.496592284814507,6.691411222241942,8.721015199915486,84.58757357784256
0.4969684278087727,6.691283957817207,8.721053300705,84.5876627414778
0.4973444712129349,6.691156884707023,8.721091344438063,84.58775177085491
0.4977204152291561,6.691030001893228,8.721129331844624,84.58784066626215
0.49809626005896884,6.690903308904511,8.721167263049628,84.58792942804585
0.4984720059028277,6.6907768053187615,8.721205138123855,84.58801805655737
0.4988476529608996,6.69065049052628,8.721242957349865,84.58810655212386
0.4992232014325612,6.690524364202786,8.721280720691873,84.58819491510535
0.49959865151660576,6.69039842583475,8.721318428326194,84.58828314583906
0.499974003410995,6.690272674956657,8.72135608037693,84.58837124466642
0.5003492573134778,6.69014711115136,8.721393676914474,84.58845921193416
0.5007244134206748,6.690021733814537,8.72143121822122,84.58854704796424
0.5010994719288551,6.6898965426270856,8.721468704261133,84.58863475311178
0.5014744330333756,6.689771537080456,8.721506135210486,84.58872232770905
0.5018492969293702,6.689646716714953,8.721543511192484,84.58880977209256
0.502224063811091,6.689522081081849,8.721580832319212,84.58889708659893
0.5025987338725104,6.689397629710123,8.721618098742972,84.5889842715469
0.5029733073062987,6.689273362449817,8.721655310430634,84.58907132711954
0.5033477843053977,6.689149278915785,8.721692467425685,84.58915825365854
0.5037221650617351,6.689025378613864,8.721729569894105,84.58924505149203
0.5040964497666918,6.688901661089089,8.721766617959645,84.58933172095126
0.5044706386113754,6.6887781258883825,8.721803611744999,84.5894182623666
0.5048447317858573,6.688654772559883,8.72184055137292,84.5895046760672
0.5052187294796856,6.68853160065256,8.72187743696589,84.58959096238155
0.5055926318820572,6.688408609717689,8.721914268645936,84.58967712163637
0.5059664391808854,6.688285799306805,8.721951046535267,84.58976315415792
0.5063401515647575,6.688163168972645,8.721987770755838,84.58984906027152
0.5067137692202174,6.688040718269575,8.722024441429287,84.58993484030114
0.5070872923341468,6.687918446752654,8.722061058677284,84.59002049457006
0.5074607210924095,6.6877963539786425,8.722097622621018,84.59010602340034
0.5078340556807005,6.687674439505267,8.722134133381665,84.59019142711307
0.5082072962835326,6.687552702891793,8.722170591079946,84.59027670602825
0.5085804430855099,6.687431143698608,8.72220699583638,84.59036186046501
0.5089534962698045,6.6873097614869925,8.72224334777177,84.59044689074125
0.5093264560197691,6.687188555820295,8.7222796470058,84.59053179717391
0.5096993225178374,6.687067526262499,8.722315893658465,84.59061658007904
0.510072095946289,6.686946672378719,8.722352087849575,84.5907012397717
0.5104447764859813,6.686825993735749,8.722388229698513,84.59078577656574
0.510817364317707,6.686705489901347,8.722424319324531,84.59087019077411
0.5111898596218579,6.686585160444697,8.72246035684654,84.59095448270877
0.5115622625781726,6.686465004936007,8.72249634238322,84.59103865268077
0.5119345733655694,6.686345022946839,8.72253227605319,84.59112270099997
0.5123067921624882,6.686225214049733,8.722568157974896,84.59120662797537
0.5126789191469762,6.686105577819113,8.72260398826588,84.591290433915
0.5130509544964369,6.685986113829694,8.722639767044454,84.59137411912585
0.5134228983874629,6.685866821658269,8.722675494427769,84.59145768391396
0.5137947509965998,6.68574770088212,8.722711170533545,84.59154112858434
0.5141665124995861,6.68562875108028,8.722746795478683,84.59162445344104
0.5145381830714422,6.685509971832909,8.72278236937988,84.59170765878721
0.5149097628868926,6.68539136289631,8.72281789229203,84.59179074481166
0.5152812521198247,6.68527292402349,8.7228533641906,84.59187371178591
0.5156526509444314,6.685154654805779,8.722888785181038,84.59195656001319
0.5160239595336072,6.685036554682538,8.722924155541637,84.59203928977583
0.5164176866985211,6.684909930322866,8.72296246786483,84.59212760181231
0.5168113076700784,6.684783258571611,8.72300105535861,84.59221568606978
0.5172048225841592,6.684656930839584,8.723039480137688,84.59230358902273
0.5175982317591687,6.6845309391396,8.723077747529791,84.59239131333061
0.5179915355078213,6.684405274925198,8.723115863567934,84.59247886150688
0.5183847341366665,6.684279929897414,8.723153834093633,84.59256623600895
0.5187778279464372,6.684154896004439,8.723191664755989,84.59265343923957
0.5191708172321231,6.68403016543767,8.723229361014452,84.59274047354788
0.5195637022829539,6.683905729930428,8.72326692892996,84.59282734113961
0.5199564833830516,6.683781579761412,8.723304376305164,84.59291404393343
0.520349160809323,6.683657714182541,8.72334170093111,84.59300058488634
0.5207417348373147,6.68353412261309,8.723378911658966,84.59308696572793
0.521134205735658,6.6834107984235445,8.72341601302904,84.59317318854742
0.5215265737681825,6.683287735217794,8.723453009394273,84.59325925538793
0.5219188391940646,6.683164926823353,8.7234899049299,84.59334516824674
0.52231100226833,6.683042367288429,8.723526703635006,84.59343092907656
0.5227030632411043,6.682920050880395,8.723563409333359,84.59351653978624
0.5230950223592679,6.682797972080954,8.723600025676967,84.59360200224208
0.5234868798649015,6.682676125587047,8.723636556144413,84.59368731826854
0.5238786359960454,6.682554506304711,8.723673004045898,84.59377248964938
0.5242702909877243,6.682433109349923,8.723709372521173,84.5938575181289
0.5246618450708322,6.682311930043714,8.723745664544062,84.59394240541222
0.5250532984727069,6.6821909859135875,8.7237818712593,84.59402714282712
0.5254446514337703,6.682070363389632,8.723817947351407,84.59411168925897
0.5258359042568217,6.681949918894908,8.723853969892053,84.59419611121304
0.5262270571401257,6.68182965154271,8.723889939493473,84.59428040896381
0.5266181102817319,6.681709560888784,8.723925856278452,84.59436458283275
0.5270090638785216,6.681589646546028,8.723961720355895,84.59444863309807
0.5273999181271457,6.68146990833103,8.72399753170028,84.5945325599687
0.5277906732238955,6.6813503458266,8.724033290406323,84.59461636376709
0.5281813293638215,6.681230958571784,8.72406899661878,84.59470004480943
0.528571886742137,6.681111746126094,8.724104650460617,84.59478360341328
0.528962345552899,6.680992708050777,8.724140252053934,84.59486703989529
0.5293527059897194,6.680873843907707,8.724175801521396,84.5949503545709
0.5297429682456789,6.680755153260636,8.724211298984638,84.59503354775472
0.5301331325129753,6.680636635673958,8.72424674456572,84.59511661976032
0.5305231989832805,6.680518290713063,8.724282137923172,84.59519957136376
0.5309131678477924,6.680400117683198,8.724317479022996,84.59528240329381
0.5313030392962445,6.6802821163661195,8.724352768670316,84.59536511496356
0.5316928135188176,6.680164286389021,8.724388006921767,84.59544770668921
0.5320824907045811,6.680046627322721,8.724423193897874,84.59553017877941
0.5324720710422685,6.679929138738595,8.724458329719411,84.595612531542
0.5328615547201013,6.679811820209133,8.724493414507107,84.59569476528375
0.5332509419254368,6.679694671308428,8.7245284483812,84.59577688031037
0.5336402328453025,6.679577691612012,8.724563431461215,84.59585887692678
0.5340294276662214,6.679460880695568,8.724598363867674,84.59594075543676
0.5344185265734177,6.679344238137603,8.72463324571928,84.59602251614311
0.5348075297525009,6.679227763516617,8.724668077135748,84.59610415934765
0.5351964373878749,6.679111456413091,8.724702858235975,84.59618568535093
0.535585249663626,6.678995316408462,8.724737589138412,84.59626709445313
0.5359739667629051,6.678879343085091,8.724772269961873,84.59634838695304
0.536362588868814,6.678763536027158,8.72480690082418,84.59642956314866
0.5367511161633496,6.678647894819378,8.724841481843763,84.59651062333687
0.5371395488281093,6.678532419048741,8.72487601313779,84.59659156781348
0.537527887044209,6.678417108302464,8.724910494823943,84.5966723968736
0.5379161309926346,6.678301962179571,8.724944927007732,84.5967531108127
0.5383042808529273,6.678186980239595,8.724979309840558,84.59683370991985
0.5386923368046677,6.67807216210494,8.725013643404331,84.59691419449072
0.5390802990266231,6.677957507357908,8.72504792782679,84.5969945648153
0.5394681676969957,6.677843015592256,8.725082163224014,84.59707482118372
0.53985594299343,6.67772868663666,8.72511634961931,84.59715496374403
0.5402436250934584,6.677614520186062,8.725150487022932,84.597234992791
0.5406312141735772,6.677500515796579,8.725184575595067,84.59731490860835
0.5410187104104167,6.677386673065097,8.725218615451622,84.59739471148329
0.5414061139796162,6.677272991590331,8.72525260670778,84.59747440170189
0.5417934250561788,6.6771594709717945,8.725286549478755,84.59755397954945
0.5421806438148257,6.677046110810274,8.725320443879477,84.59763344531025
0.5425677704297883,6.676932910710343,8.72535429002158,84.59771279926808
0.5429548050740679,6.676819870268613,8.725388088026987,84.5977920417044
0.5433417479210768,6.67670698909634,8.725421838002202,84.59787117290146
0.5437285991432881,6.676594266797195,8.725455540063107,84.5979501931397
0.5441153589124617,6.676481702977983,8.725489194323364,84.59802910269865
0.5445020273999135,6.676369297246981,8.725522800896005,84.598107901857
0.5448886047766046,6.676257049213861,8.725556359893593,84.59818659089254
0.5452750912129674,6.676144958489008,8.725589871428808,84.59826517008219
0.5456844077341321,6.676024902944709,8.72562614375887,84.59834895329642
0.5460936175626986,6.675904791810104,8.725662685003384,84.5984325231865
0.546502720825904,6.675785003127629,8.725699072353132,84.59851592451923
0.5469117178383728,6.675665529469836,8.725735310747313,84.59859915978285
0.5473206089086605,6.675546362825477,8.725771405852417,84.59868223132212
0.5477293943396742,6.6754274954125075,8.725807363158424,84.59876514142907
0.5481380744278119,6.675308919678908,8.725843187976869,84.59884789234422
0.5485466494642421,6.675190628298171,8.725878885443928,84.5989304862579
0.5489551197351533,6.675072612057012,8.725914462907253,84.59901292503574
0.5493634855198906,6.674954866282122,8.72594992270458,84.59909521101329
0.5497717470932735,6.674837385723882,8.725985267854469,84.59917734642165
0.5501799047266459,6.674720162016865,8.726020504941506,84.59925933304163
0.5505879586848553,6.674603188901901,8.726055638282638,84.59934117281547
0.5509959092285241,6.6744864603652,8.726090671989342,84.59942286764546
0.5514037566131906,6.67436997061103,8.726125609997027,84.59950441939195
0.5518115010904766,6.674253714007292,8.72616045612479,84.59958582986792
0.5522191429072812,6.6741376851874925,8.726195213959576,84.59966710085294
0.5526266823066908,6.674021879163029,8.726229886890938,84.59974823394603
0.5530341195278158,6.673906291057434,8.726264478102806,84.59982923083976
0.5534414548059056,6.6737909160236555,8.72629899078773,84.59991009318861
0.5538486883724836,6.673675749459387,8.726333427925434,84.59999082261518
0.5542558204555944,6.673560786912643,8.726367792386897,84.60007142070046
0.5546628512799124,6.6734460241824545,8.726402086820181,84.60015188899736
0.5550697810663426,6.673331524303318,8.726436278050024,84.60023219764665
0.5554766100844245,6.673217263533172,8.72647037940796,84.60031235705887
0.5558833385856274,6.673103167403858,8.7265044311122,84.60039240148393
0.5562899667635766,6.672989235266516,8.726538433542645,84.60047233119083
0.5566964948117223,6.672875466710998,8.72657238681577,84.60055214647323
0.5571029229226276,6.672761861547481,8.726606290812594,84.60063184763993
0.5575092512886323,6.67264841870647,8.726640146356146,84.60071143493738
0.5579154801006783,6.672535138448023,8.726673952852838,84.60079090869914
0.5583216095498067,6.672422020143411,8.726707710654402,84.60087026920219
0.5587276398261601,6.672309063387425,8.726741419877005,84.60094951673557
0.5591335711193742,6.672196267776796,8.72677508063556,84.60102865158764
0.5595394036184873,6.672083632908802,8.726808693045397,84.6011076740458
0.5599451375117588,6.671971158382507,8.726842257220937,84.60118658439654
0.5603507729872248,6.671858843797275,8.726875773277287,84.60126538292543
0.5607563102319622,6.67174668875445,8.726909241328437,84.6013440699171
0.5611617494329219,6.6716346928556645,8.726942661488915,84.60142264565542
0.5615670907759162,6.671522855704098,8.726976033872788,84.60150111042311
0.5619723344464502,6.671411176904314,8.727009358593495,84.6015794645022
0.5623774806294498,6.671299656061619,8.727042635764697,84.60165770817369
0.562782529508985,6.6711882927826744,8.727075865499659,84.60173584171767
0.5631874812692872,6.671077086674989,8.727109047911547,84.60181386541346
0.5635923360933689,6.670966037347688,8.72714218311299,84.60189177953932
0.5639970941638557,6.670855144410387,8.72717527121706,84.60196958437255
0.5644017556628037,6.670744407475107,8.727208312335092,84.60204728018981
0.5648063207713354,6.6706338261536535,8.72724130657986,84.60212486726648
0.5652107896705602,6.670523400059945,8.727274254062795,84.60220234587726
0.5656151625408401,6.670413128943618,8.727307154850715,84.60227971620566
0.5660194395620942,6.670303012598359,8.727340008914892,84.60235697848675
0.5664236209139775,6.670193050605917,8.727372816404303,84.60243413298979
0.5668277067748382,6.67008324258241,8.727405577431187,84.60251117998641
0.5672316973231127,6.669973588145877,8.72743829210648,84.60258811974765
0.5676355927369601,6.669864086914948,8.727470960541384,84.60266495254368
0.5680393931933456,6.669754738510073,8.727503582846238,84.6027416786437
0.5684430988687794,6.669645542552445,8.72753615913169,84.60281829831587
0.5688467099397755,6.669536498665226,8.72756868950705,84.60289481182772
0.569250226581663,6.6694276064714915,8.727601174082784,84.60297121944572
0.5696536489695958,6.669318865596698,8.727633612967843,84.60304752143546
0.5700569772781886,6.66921027566665,8.72766600627169,84.60312371806165
0.5704602116811531,6.669101836308947,8.727698354102959,84.60319980958809
0.570863352351849,6.668993547152234,8.727730656570017,84.60327579627776
0.5712663994634706,6.668885407825586,8.72776291378168,84.60335167839274
0.5716693531882222,6.668777417960557,8.727795125845224,84.60342745619423
0.5720722136978726,6.66866957718844,8.727827292869044,84.60350312994251
0.5724749811635723,6.668561885142956,8.727859414959974,84.60357869989707
0.5728776557566808,6.668454341457757,8.727891492225709,84.60365416631653
0.5732802376469363,6.66834694576926,8.727923524772192,84.60372952945855
0.5736827270041988,6.668239697713023,8.727955512706986,84.60380478957998
0.5740851239977183,6.668132596927434,8.72798745613558,84.60387994693698
0.5744874287963208,6.668025643050722,8.728019355164621,84.60395500178466
0.5748896415679526,6.667918835723581,8.72805120989919,84.60402995437724
0.5752917624803239,6.667812174586862,8.728083020444908,84.60410480496823
0.5756937917011831,6.6677056592824675,8.728114786907124,84.60417955381041
0.5761190685900253,6.667591682798219,8.728149153799745,84.60425916340203
0.5765442382180489,6.66747764886234,8.728183777336746,84.60433857380092
0.5769693007059117,6.667363916938249,8.728218255539705,84.60441782752206
0.5773942563641073,6.667250480101419,8.728252593005967,84.60449692689261
0.5778191054974146,6.667137330837624,8.728286795061695,84.60457587410069
0.5782438484040643,6.6670244618450045,8.728320866870554,84.60465467128444
0.5786684853768661,6.666911866036633,8.72835481342955,84.60473332053382
0.5790930167033684,6.666799536761723,8.72838863948435,84.60481182375392
0.5795174426655411,6.666687467452586,8.72842234960108,84.60489018294633
0.5799417635402659,6.6665756479204665,8.72845595250169,84.60496839957784
0.580365979597366,6.666464078477473,8.728489445187959,84.60504647633456
0.5807900911046916,6.666352750174583,8.72852283506174,84.60512441476368
0.5812140983242984,6.666241656736132,8.728556126631236,84.60520221663263
0.5816380015129089,6.666130792503636,8.728589323782984,84.60527988371338
0.5820618009230414,6.666020152012562,8.728622430250043,84.6053574177374
0.5824854968026706,6.665909729989392,8.72865544961401,84.6054348203966
0.5829090893954617,6.665799521349129,8.728688385306933,84.60551209334393
0.583332578941389,6.66568952119219,8.728721240613329,84.60558923819448
0.5837559656759065,6.6655797248049415,8.728754018668686,84.60566625652636
0.5841792498304672,6.6654701276541095,8.728786722464534,84.60574314988136
0.5846024316335163,6.665360725387188,8.728819354846669,84.60581991976615
0.5850255113093717,6.66525151382868,8.728851918518494,84.60589656765282
0.5854484890794059,6.665142488979569,8.728884416040444,84.60597309497999
0.5858713651614971,6.665033647015188,8.728916849831368,84.60604950315344
0.5862941397698662,6.66492508953014,8.728949165902934,84.60612574456692
0.5867168132018263,6.664816699001362,8.728981427930602,84.60620187306804
0.5871393856588982,6.66470846014329,8.72901364434027,84.60627789551644
0.5875618573299437,6.664600372533302,8.729045815293583,84.60635381217313
0.587984228403405,6.664492435799964,8.729077940896905,84.60642962330314
0.5884064990668559,6.664384649573145,8.729110021256167,84.60650532917069
0.5888286695078658,6.664277013483099,8.729142056477569,84.60658093003933
0.5892507399132353,6.664169527160911,8.729174046667335,84.60665642617175
0.5896727104688065,6.664062190239488,8.729205991930646,84.60673181782987
0.590094581360232,6.66395500235166,8.72923789237358,84.60680710527477
0.5905163527724013,6.663847963131829,8.729269748101483,84.6068822887667
0.590938024890288,6.66374107221743,8.729301559217054,84.60695736856552
0.5913595978967283,6.663634329237703,8.729333325833359,84.60703234492894
0.5917810719753708,6.663527733837126,8.729365048047178,84.6071072181157
0.5922024473088459,6.66342128565124,8.729396725966183,84.60718198838258
0.5926237240795099,6.663314984479651,8.729428359636058,84.60725665588429
0.5930449024691127,6.663208830101321,8.729459949041694,84.60733122085699
0.5934659826585533,6.663102822122056,8.729491494325629,84.60740568355232
0.5938869648288295,6.662996960182012,8.729522995593033,84.60748004422496
0.5943078491598108,6.662891243923115,8.729554452948292,84.6075543031286
0.5947286358313911,6.662785672987785,8.729585866495984,84.60762846051624
0.5951493250222453,6.662680247020612,8.729617236339351,84.60770251664003
0.595569916911077,6.662574965666172,8.72964856258257,84.60777647175127
0.5959904116758543,6.662469828570456,8.729679845328993,84.60785032610055
0.5964108094939071,6.662364835380368,8.729711084682156,84.60792407993748
0.596831110542122,6.662259985744255,8.72974228074464,84.60799773351111
0.5972513149967514,6.662155279311667,8.729773433619153,84.60807128706918
0.5976714230338959,6.662050715733107,8.729804543407791,84.6081447408591
0.598091434828071,6.661946294659431,8.72983561021335,84.60821809512721
0.5985113505546941,6.661842015743236,8.72986663413745,84.60829135011932
0.5989311703876984,6.661737878638108,8.729897615281764,84.60836450608012
0.5993508945009671,6.661633882998536,8.729928553747712,84.60843756325376
0.599770523067382,6.661530028480213,8.72995944963642,84.60851052188336
0.6001900562593975,6.661426314740017,8.729990303048599,84.60858338221138
0.6006094942493286,6.661322741435679,8.730021114084838,84.60865614447948
0.6010288372088762,6.661219308225627,8.730051882845894,84.60872880892848
0.601448085308748,6.661116014649029,8.730082609499275,84.6088013758517
0.6018672387199003,6.661012860178045,8.730113294276967,84.60887384554499
0.6022862976117855,6.660909844337919,8.730143937399442,84.60894621826263
0.602705262153643,6.660806966823113,8.730174538968031,84.60901849420885
0.6031241325143335,6.66070422741945,8.73020509897454,84.609090673606
0.6035429088618114,6.660601625852654,8.730235617472273,84.60916275667508
0.6039615913640441,6.660499162056897,8.730266094287375,84.60923474365572
0.6043801801886438,6.660396835067399,8.730296530205301,84.6093066347273
0.6047986755022087,6.66029464525526,8.730326924585674,84.60937843015907
0.6052170774714962,6.66019259209415,8.730357277740541,84.60945013016531
0.605635386262004,6.660090675269401,8.730387589757866,84.60952173497273
0.6060536020396005,6.659988894464358,8.730417860727563,84.60959324480808
0.6064717249691967,6.659887249478046,8.730448090700675,84.60966465982128
0.6068897552152287,6.659785740161447,8.730478279633443,84.60973598020512
0.6073076929421417,6.659684366167597,8.7305084276489,84.6098072061835
0.6077493016535009,6.659575966404656,8.730541042567088,84.60988299102826
0.6081908024185113,6.659467501896313,8.730573909786738,84.60995858831694
0.6086321953490031,6.659359322206081,8.730606638500234,84.61003403929368
0.6090734807528257,6.659251420849721,8.730639233002,84.61010934614828
0.6095146589318617,6.659143790731046,8.730671698335554,84.61018451093341
0.6099557301824441,6.659036424953444,8.73070403939177,84.61025953565479
0.6103966947950142,6.658929316818131,8.730736260909593,84.61033442227229
0.6108375530543798,6.658822459823248,8.730768367475845,84.61040917270091
0.6112783052396705,6.658715847522732,8.730800363683496,84.61048378879377
0.6117189516251177,6.6586094703143734,8.73083225767154,84.61055827201409
0.6121594924771647,6.658503329128805,8.730864045900761,84.61063262497044
0.6125999280618378,6.658397414576305,8.73089573649806,84.61070684892564
0.6130402586381344,6.658291721267575,8.730927333231692,84.61078094550074
0.6134804844606621,6.658186243803913,8.730958839825446,84.61085491637064
0.6139206057788142,6.658080976974527,8.730990259857716,84.61092876316776
0.6143606228386147,6.6579759157532825,8.731021596762305,84.61100248748441
0.6148005358808616,6.657871055294971,8.73105285383127,84.61107609087377
0.6152403451427648,6.657766390932291,8.731084034216005,84.61114957485171
0.615680050857284,6.657661918171892,8.731115140930273,84.61122294089783
0.6161196532536611,6.657557632692974,8.731146176850443,84.61129619045657
0.6165591525572511,6.657453530343847,8.731177144717964,84.6113693249382
0.6169985489901493,6.65734960713977,8.7312080471403,84.61144234571994
0.6174378427708183,6.657245859260915,8.731238886592385,84.6115152541467
0.6178770341144112,6.657142283050114,8.731269665417871,84.61158805153201
0.6183161232329941,6.657038879004347,8.731300383687286,84.61166073730837
0.6187551103382809,6.656935742725557,8.73133099040626,84.61173326686819
0.6191939957248925,6.65683274706185,8.731361554610102,84.61180569832804
0.6196327795779958,6.656729891238776,8.731392076881054,84.61187803188017
0.6200714620819632,6.656627174920862,8.731422557315714,84.61195026776342
0.6205100434205137,6.656524597838795,8.731452995994028,84.61202240616717
0.6209485237768803,6.656422159862325,8.731483392876521,84.61209444726116
0.621386903333805,6.656319860649871,8.731513748067856,84.61216639128227
0.621825182273775,6.6562176998605,8.731544061672777,84.61223823846673
0.6222633607789257,6.656115677155109,8.73157433379497,84.61230998904992
0.6227014390301459,6.656013792197446,8.731604564535937,84.61238164326662
0.6231394172081771,6.655912044669135,8.731634753977877,84.61245320135299
0.6235772954932265,6.655810434240493,8.731664902216295,84.61252466354321
0.6240150740650611,6.655708960582478,8.731695009346783,84.61259603007075
0.6244527531026121,6.655607623367119,8.731725075464677,84.61266730116822
0.624890332784475,6.655506422267561,8.7317551006648,84.61273847706764
0.6253278132887112,6.655405356957207,8.731785085042455,84.61280955800034
0.625765194792653,6.655304427110878,8.731815028692338,84.61288054419678
0.6262024774736997,6.655203632404028,8.73184493170911,84.61295143588686
0.6266396615079273,6.655102972513702,8.731874794186623,84.61302223329967
0.6270767470711867,6.655002447116903,8.731904616219516,84.61309293666358
0.6275137343390034,6.65490205589183,8.731934397901973,84.6131635462062
0.6279506234862826,6.654801798518209,8.731964139327259,84.61323406215453
0.6283874146874098,6.654701674676368,8.731993840588817,84.61330448473481
0.6288241081160564,6.654601684047369,8.732023501780196,84.61337481417243
0.6292607039456751,6.654501826313145,8.73205312299453,84.61344505069232
0.629697202348909,6.654402101156911,8.732082704324565,84.61351519451851
0.6301336034982853,6.654302508262844,8.732112245862885,84.61358524587428
0.6305699075653283,6.654203047316193,8.732141747701665,84.61365520498214
0.6310061147214504,6.654103718002792,8.73217120993304,84.61372507206417
0.631442225137942,6.6540045200114095,8.732200632646675,84.61379484734192
0.631878238983849,6.653905453023098,8.73223001594203,84.61386453103488
0.6323141564297522,6.653806516733786,8.732259359902429,84.61393412336379
0.6327499776448584,6.65370771083063,8.73228866462191,84.61400362454746
0.633185702797975,6.653609035004288,8.732317930191412,84.6140730348043
0.6336213320572159,6.653510488946523,8.73234715670156,84.61414235435191
0.6340568655903013,6.653412072349339,8.732376344243335,84.61421158340733
0.6344923035647551,6.653313784957167,8.732405492849528,84.6142807221933
0.6349276461470457,6.6532156263502715,8.732434602772221,84.61434977087751
0.635362893503804,6.653117596567555,8.732463673820616,84.61441872961183
0.635798045801214,6.653019695273846,8.73249270611794,84.6144875986082
0.6362331032042665,6.652921922148604,8.732521699772402,84.614556378079
0.6366680658782508,6.652824276888876,8.73255065487339,84.61462506823774
0.6371029339882702,6.652726759191914,8.73257957151076,84.61469366929732
0.6375377076979607,6.652629368756374,8.732608449773803,84.61476218146981
0.6379723871703817,6.652532105281985,8.732637289751414,84.6148306049666
0.6384069725695002,6.652434968469111,8.732666091532378,84.61489893999851
0.6388414640576215,6.652337958019061,8.732694855205228,84.61496718677571
0.6392758617969753,6.652241073633965,8.732723580858522,84.61503534550752
0.6397101659494193,6.652144315017369,8.732752268579915,84.61510341640272
0.6401443766760458,6.652047681873068,8.73278091845765,84.61517139966928
0.6406026869603846,6.651944436687493,8.732811902978492,84.61524366033402
0.6410608885267334,6.651841125751156,8.732843128919534,84.61531574532931
0.6415189814818989,6.651738082182279,8.732874223901618,84.6153876939161
0.6419769661301084,6.651635299915745,8.732905191933964,84.6154595081503
0.6424348427696722,6.651532772272429,8.732936037773175,84.6155311899544
0.6428926116935081,6.651430492758956,8.732966766034444,84.6156027412066
0.6433502731881552,6.65132845506852,8.732997381189756,84.61567416374172
0.6438078275355946,6.651226653077165,8.733027887570543,84.61574545935228
0.644265275011323,6.651125080842564,8.73305828936804,84.61581662978939
0.6447226158863748,6.6510237310764415,8.733088592359042,84.61588767656451
0.6451798504253593,6.6509225988102525,8.733118799793317,84.61595860139643
0.6456369788888834,6.650821681445899,8.733148912290265,84.61602940626383
0.6460940015336845,6.650720971477899,8.733178936017483,84.61610009250462
0.6465509186108961,6.650620463843637,8.733208874487925,84.61617066166845
0.6470077303674002,6.650520153653562,8.733238731077211,84.61624111526922
0.6474644370452433,6.650420036185308,8.733268509029358,84.61631145478533
0.6479210388822888,6.6503201068798585,8.73329821145966,84.61638168166049
0.6483775361127665,6.650220361340748,8.733327841354813,84.61645179730444
0.6488339289662626,6.650120795332082,8.733357401573965,84.61652180309396
0.6492902176695088,6.6500214047752735,8.733386894851348,84.61659170037338
0.6497464024446423,6.6499221858319855,8.733416323772962,84.61666149039505
0.6502024835106641,6.649823134921254,8.733445690686645,84.6167311743921
0.6506584610837233,6.649724248401231,8.733474997984482,84.61680075361429
0.6511143353759375,6.649625522806418,8.733504247908996,84.61687022928459
0.6515701065962519,6.649526954822393,8.73353344258012,84.61693960259748
0.6520257749511764,6.649428581105242,8.733562562547943,84.61700885634681
0.6524813406798357,6.6493304105052,8.733591603503267,84.61707798599154
0.6529368040292091,6.649232369798471,8.733620605404179,84.61714702479735
0.6533921651806162,6.649134458422192,8.73364956862604,84.61721597295178
0.6538474243142843,6.6490366760752995,8.733678493255,84.6172848306697
0.6543025816097089,6.648939022457899,8.73370737937672,84.61735359816538
0.6547576372458607,6.648841497270876,8.73373622707657,84.61742227565256
0.6552125914014998,6.648744100215135,8.733765036440515,84.61749086334436
0.6556674442549683,6.648646830992856,8.733793807553795,84.61755936145335
0.6561221959833679,6.64854968930642,8.733822540502207,84.61762777019138
0.6565768467639029,6.64845267486005,8.73385123537017,84.61769608976978
0.6570313967731607,6.6483557873569925,8.733879892243802,84.6177643203992
0.6574858461872152,6.64825902650276,8.733908511207481,84.61783246228975
0.6579401951816296,6.648162392002595,8.73393709234644,84.61790051565097
0.6583944439313546,6.6480658835628095,8.733965635745552,84.61796848069164
0.6588485926108346,6.647969500890966,8.733994141489015,84.61803635762001
0.6593026413941104,6.647873243694695,8.734022609661627,84.61810414664367
0.6597565904546183,6.647777111682415,8.734051040348021,84.61817184796956
0.6602104399651876,6.647681104564075,8.73407943363186,84.61823946180407
0.6606641900987686,6.64758522204966,8.73410778959729,84.61830698835304
0.6611178410270898,6.647489463850266,8.734136108328249,84.61837442782148
0.6615713929215912,6.647393829677439,8.73416438990865,84.61844178041392
0.6620248459535276,6.647298319244258,8.734192634421504,84.61850904633424
0.6624782002933512,6.647202932263892,8.734220841950403,84.6185762257857
0.6629314561107164,6.647107668396175,8.734249012009522,84.6186433195943
0.6633846135752213,6.647012527274813,8.734277145244427,84.61871032748076
0.6638376728552756,6.64691750876064,8.734305241740312,84.61877724949905
0.6642906341196992,6.646822612569505,8.73433330158052,84.61884408584997
0.6647434975365187,6.64672783847217,8.7343613248368,84.61891083669103
0.6651962632734405,6.646633186366606,8.734389311471443,84.61897750216195
0.6656489314978382,6.646538655964289,8.734417261573823,84.6190440824619
0.6661015023764996,6.646444246976749,8.734445175234136,84.61911057778912
0.6665539760759367,6.646349959122961,8.73447305253495,84.61917698834209
0.667006352761671,6.64625579212306,8.734500893558252,84.6192433143187
0.6674586325994692,6.646161745698335,8.734528698385589,84.61930955591608
0.6679108157543189,6.6460678195698675,8.734556467099324,84.6193757133308
0.6683629023904262,6.645974013460676,8.734584199780441,84.61944178675888
0.6688148926719419,6.645880327093797,8.734611896510621,84.61950777639558
0.6692667867622404,6.645786760193702,8.734639557370565,84.61957368243573
0.6697185848246422,6.645693312484917,8.734667182441722,84.61963950507337
0.6701702870215929,6.645599983694002,8.73469477180393,84.61970524450206
0.6706218935151798,6.64550677354698,8.734722325538382,84.61977090091463
0.6710734044672348,6.645413681771779,8.734749843724753,84.61983647450346
0.671524820038723,6.645320708095995,8.734777326443824,84.61990196546019
0.6719761403906629,6.645227852249446,8.734804773774623,84.61996737397592
0.6724273656833121,6.64513511396175,8.734832185796982,84.62003270024127
0.6728784960766808,6.645042492963346,8.734859562590655,84.620097944446
0.6733295317298146,6.6449499889858155,8.734886904234717,84.62016310677947
0.6737804728018219,6.644857601761643,8.734914210808043,84.62022818743031
0.674231319451363,6.644765331023714,8.734941482389502,84.62029318658678
0.6746820718364472,6.644673176505757,8.734968719057877,84.62035810443636
0.6751573486550246,6.6445748011220305,8.734998160037248,84.62042703884072
0.6756325160619355,6.6444763540859,8.735027837743605,84.62049580817049
0.6761075741551056,6.644378157893873,8.735057391763116,84.62056445034301
0.6765825232345287,6.644280206893716,8.735086825818799,84.62063296728748
0.6770573635947836,6.644182494806223,8.735116144391359,84.62070136080241
0.6775320955251265,6.644085015525654,8.735145351829905,84.62076963264444
0.6780067193084602,6.643987763120496,8.735174452350078,84.62083778452943
0.6784812352222465,6.643890731829403,8.735203450037497,84.6209058181331
0.6789556435389764,6.643793916061693,8.735232348845933,84.62097373509238
0.6794299445258919,6.643697307703535,8.735261155641329,84.62104153665514
0.6799041384434068,6.64360090593932,8.735289869166632,84.62110922489406
0.6803782255499059,6.643504704609822,8.73531849428578,84.6211768011044
0.680852206098373,6.643408698001696,8.735347035314737,84.62124426668358
0.6813260803366427,6.643312881318268,8.735375495605217,84.62131162307651
0.6817998485080037,6.643217249949932,8.735403878352734,84.62137887169735
0.6822735108518898,6.643121799442066,8.735432186631337,84.62144601392659
0.6827470676031553,6.643026525493706,8.735460423394153,84.62151305111215
0.6832205189923133,6.642931423954618,8.73548859147558,84.6215799845698
0.6836938652464178,6.642836490824323,8.735516693591588,84.62164681558409
0.6841671065885462,6.642741722250024,8.735544732340825,84.62171354540915
0.6846402432382479,6.642647114525557,8.735572710205265,84.62178017526918
0.6851132754113451,6.642552664088313,8.735600629552353,84.62184670635932
0.6855862033204867,6.642458367518318,8.735628492635477,84.6219131398462
0.6860590271751573,6.642364221536674,8.735656301594535,84.62197947686879
0.6865317471809379,6.642270223004121,8.735684058457018,84.62204571853886
0.6870043635410191,6.642176368918269,8.735711765139847,84.62211186594189
0.6874768764554559,6.6420827269990905,8.735739385292002,84.6221778877089
0.6879492861889629,6.641989231121628,8.735766955235777,84.6222438136426
0.688421592943095,6.641895854984803,8.735794489472028,84.62230965554318
0.6888937968943079,6.641802598224171,8.735821988182552,84.62237541359328
0.6893658982185009,6.641709460571837,8.735849451443094,84.62244108798507
0.6898378970903254,6.641616441760803,8.735876879328991,84.6225066789102
0.6903097936851201,6.641523541524474,8.735904271915636,84.62257218655989
0.6907815881768723,6.641430759596721,8.735931629278387,84.6226376111249
0.691253280739294,6.641338095712099,8.73595895149264,84.62270295279527
0.6917248715457138,6.6412455496060065,8.735986238633252,84.62276821176073
0.6921963607688671,6.641153121013539,8.736013490776031,84.62283338821042
0.6926677485812165,6.641060809671445,8.736040707995487,84.62289848233307
0.6931390351543121,6.640968615316501,8.736067890366868,84.62296349431662
0.6936102206597584,6.640876537685951,8.736095037965365,84.62302842434868
0.6940813052683559,6.6407845765183,8.736122150865361,84.62309327261634
0.6945522891501051,6.640692731552254,8.736149229141699,84.62315803930605
0.6950231724751728,6.640601002578643,8.736176272810782,84.62322272461059
0.6954939554132782,6.6405093891812195,8.73620328212267,84.62328732869611
0.6959646381330397,6.640417891432694,8.736230256904404,84.6233518516629
0.696435220803197,6.640326509089038,8.736257197212682,84.62341629369827
0.6969057035919192,6.64023524186055,8.736284103156118,84.62348065498333
0.6973760866671,6.6401440894878965,8.736310974809914,84.62354493570218
0.6978463701958445,6.640053051713776,8.736337812247891,84.62360913603834
0.6983165543450033,6.639962128280233,8.736364615545115,84.62367325617465
0.6987866392805336,6.639871318930801,8.736391384775668,84.62373729629353
0.6992566251689972,6.639780623409372,8.736418120013724,84.6238012565769
0.6997265121753179,6.639690041461065,8.73644482133282,84.62386513720612
0.7001963004646007,6.639599572831047,8.736471488806954,84.623928938362
0.7006659902009573,6.639509217265566,8.736498122509788,84.62399266022464
0.7011355815490018,6.639418974511671,8.736524722514428,84.6240563029739
0.7016050746720399,6.639328844316195,8.73655128889493,84.62411986678889
0.7020744697333492,6.639238826428115,8.736577821723623,84.62418335184826
0.7025437668954354,6.639148920595937,8.736604321073818,84.62424675833024
0.7030129663204597,6.639059126794821,8.736630786776308,84.62431008642888
0.7034820681701679,6.638969444104741,8.736657219619353,84.62437333627591
0.7039510726058654,6.638879872928463,8.736683618983978,84.62443650808756
0.7044199797886086,6.638790412812355,8.736709985158706,84.62449960202893
0.7048887898789857,6.638701063502715,8.73673631822254,84.62456261827475
0.7053575030363933,6.638611824757108,8.736762618242516,84.62462555700037
0.7058261194208545,6.6385226963306145,8.73678888528903,84.62468841838036
0.7062946391912083,6.6384336779766295,8.736815119434832,84.62475120258854
0.7067630625060687,6.63834476945125,8.736841320750427,84.62481390979832
0.7072313895237192,6.638255970509442,8.736867489308112,84.62487654018244
0.707699620402328,6.6381672809086325,8.736893625177993,84.62493909391338
0.7081677552987795,6.638078700405527,8.736919728431634,84.62500157116284
0.7086357943702705,6.63799022875839,8.736945799139475,84.62506397210213
0.7091037377730366,6.637901865725815,8.736971837372149,84.62512629690204
0.7095715856633107,6.637813611067076,8.736997843200081,84.62518854573284
0.7100393381972163,6.637725464541782,8.737023816693826,84.62525071876439
0.710506995529283,6.637637425911033,8.737049757923202,84.62531281616576
0.7109745578144646,6.637549494936257,8.73707566695799,84.62537483810576
0.711467065887556,6.637455688792189,8.737103673322041,84.62544063788577
0.7119594639006677,6.637361810365194,8.737131907008413,84.62550628262639
0.7124517519452197,6.637268168150469,8.737160023296338,84.62557180855319
0.712943930318422,6.637174756835446,8.737188025688722,84.62563721747584
0.7134359993115661,6.637081570505742,8.737215918414465,84.6257025110798
0.7139279592099039,6.636988603408351,8.737243705580694,84.62576769101095
0.7144198102933613,6.636895849952812,8.737271391170347,84.62583275887684
0.7149115528364643,6.6368033047078,8.737298979045022,84.62589771624718
0.7154031871084907,6.636710962400986,8.737326472943979,84.62596256465503
0.7158947133736154,6.636618817915772,8.737353876486798,84.62602730559743
0.7163861318910577,6.636526862766569,8.737381197156644,84.62609194007679
0.7168774429121992,6.636435098837254,8.737408430845065,84.62615647031768
0.7173686466888377,6.636343517974399,8.737435584701595,84.62622089732402
0.7178597434658579,6.636252115667387,8.7374626618834,84.62628522244921
0.7183507334834174,6.636160887561338,8.73748966542325,84.62634944701541
0.7188416169773074,6.636069829446001,8.737516598240779,84.62641357231323
0.7193323941796445,6.635978937253164,8.737543463144478,84.62647759960235
0.7198230653178825,6.635888207282675,8.737570262588468,84.62654153012885
0.7203136306164322,6.635797635064142,8.73759699989006,84.6266053650458
0.7208040902949482,6.635707217636018,8.737623676795526,84.62666910556847
0.7212944445699351,6.6356169512548355,8.737650295918865,84.6267327528263
0.7217846936542484,6.635526832541498,8.73767685952371,84.6267963079348
0.7222748377579276,6.635436858249692,8.73770336976758,84.62685977198272
0.7227648770866439,6.635347025265103,8.737729828702324,84.62692314603257
0.723254811844267,6.635257330602734,8.737756238275889,84.62698643112138
0.7237446422303067,6.635167771405795,8.737782600333253,84.62704962826095
0.7242343684420315,6.635078344944394,8.737808916616546,84.62711273843905
0.7247239906739085,6.634989132960273,8.73783514301354,84.62717572402619
0.7252135092025184,6.634900032090789,8.737861336204352,84.62723863170486
0.7257029242006537,6.634811041704141,8.737887496690762,84.6273014616051
0.7261922358394945,6.63472216156114,8.73791362453988,84.62736421389899
0.7266814442908632,6.634633391423847,8.737939719817875,84.62742688875828
0.7271705497252254,6.634544731054662,8.737965782591045,84.62748948635429
0.7276595523132494,6.634456180232928,8.73799181292123,84.62755200684585
0.7281484522250461,6.634367738886696,8.738017810793776,84.62761445031953
0.7286372496302136,6.634279406822202,8.738043776226538,84.62767681695126
0.7291259446974692,6.634191183780333,8.738069709310793,84.62773910690888
0.7296145375959449,6.634103069524436,8.738095610113339,84.62780132036222
0.7301030284937562,6.634015063818256,8.738121478701014,84.62786345748073
0.7305914175586724,6.633927166426585,8.738147315140047,84.62792551843337
0.7310797049584501,6.633839377114004,8.738173119497244,84.62798750338875
0.7315678908597246,6.633751695645939,8.738198891839174,84.62804941251488
0.732055975428899,6.633664121788398,8.738224632232187,84.62811124597943
0.7325439588320353,6.633576655307882,8.738250340742615,84.6281730039495
0.7330318412347425,6.633489295971532,8.73827601743658,84.62823468659188
0.7335196228019659,6.633402043547012,8.73830166238021,84.62829629407278
0.7340073036981964,6.633314897802649,8.7383272756394,84.62835782655796
0.7344948840879241,6.633227858506784,8.738352857280402,84.62841928421281
0.734982364135084,6.633140925428946,8.73837840736877,84.62848066720228
0.7354697440027237,6.633054098338939,8.73840392597038,84.62854197569068
0.735957023853673,6.632967377007221,8.738429413150724,84.62860320984205
0.7364442038503203,6.63288076120492,8.738454868975232,84.62866436981984
0.7369312841550579,6.6327942507036965,8.738480293509095,84.62872545578722
0.7374182649289569,6.63270784527538,8.738505686818034,84.6287864679066
0.7379051463333157,6.632621544692616,8.738531048967118,84.62884740634027
0.7383919285291074,6.6325353487292595,8.738556380020933,84.6289082712498
0.7388786116763266,6.632449257159354,8.738581680044222,84.62896906279641
0.739365195934862,6.632363269756903,8.73860694910223,84.62902978114086
0.7398516814639539,6.632277386297439,8.738632187259096,84.62909042644347
0.7403380684225249,6.632191606556255,8.738657394579706,84.62915099886403
0.7408243569696213,6.632105930309409,8.738682571128546,84.62921149856204
0.741310547262987,6.632020357334516,8.73870771696906,84.62927192569643
0.7417966394601555,6.6319348874082475,8.738732832166136,84.62933228042561
0.742282633718577,6.631849520308901,8.738757916783463,84.62939256290764
0.7427685301952729,6.6317642558152725,8.738782970884614,84.62945277330012
0.743254329046523,6.6316790937066745,8.738807994533193,84.62951291176013
0.7437400304282937,6.631594033762191,8.738832987793465,84.62957297844434
0.744225634496467,6.6315090757832085,8.738857950723204,84.62963297349359
0.7447111414063226,6.631424219706185,8.738882883302745,84.62969289699107
0.7451965513119723,6.631339465336302,8.738907785568278,84.62975274909542
0.7456818643685946,6.631254812444451,8.738932657594328,84.62981252996123
0.7461670807301634,6.631170260809248,8.73895749944755,84.62987223974321
0.7466522005502403,6.631085810213093,8.738982311191053,84.62993187859585
0.7471372239824228,6.631001460490969,8.739007092828802,84.62999144668024
0.7476221511796028,6.6309172112666435,8.739031844602879,84.63005094413047
0.7481069822943828,6.630833062485003,8.739056566396512,84.63011037111848
0.7486171937147958,6.630743352848921,8.739083282285474,84.6301733648656
0.7491272941287428,6.63065356707539,8.739110222868213,84.6302362100564
0.7496372836222175,6.630564004596964,8.739137051624462,84.63029894377857
0.7501471624895113,6.630474660370635,8.739163771892414,84.63036156773695
0.7506569310199148,6.630385528795214,8.739190387684689,84.6304240835201
0.7511665894970337,6.630296604421105,8.739216902899644,84.63048649267925
0.7516761381981293,6.6302078819516925,8.739243321319359,84.63054879672896
0.7521855773960082,6.630119356239356,8.73926964661255,84.6306109971481
0.7526949073581257,6.630031022285723,8.739295882333503,84.63067309538077
0.7532041283456925,6.629942874349568,8.73932203292985,84.63073509272058
0.7537132406154172,6.629854907089442,8.739348102468362,84.6307969904422
0.7542222444185599,6.629767119615282,8.739374090049463,84.63085879033525
0.7547311400037537,6.629679505044916,8.739400001519915,84.63092049343517
0.7552399276143419,6.629592059097994,8.739425839886145,84.63098210101586
0.7557486074876651,6.629504777638264,8.739451608040598,84.63104361432114
0.7562571798585526,6.629417656665783,8.739477308769136,84.63110503456508
0.7567656449563309,6.629330692313776,8.739502944753927,84.63116636293229
0.7572740030065702,6.629243880848487,8.739528518572838,84.63122760057867
0.7577822542316737,6.629157218667066,8.739554032700566,84.63128874863237
0.7582903988495006,6.629070702295439,8.739579489510655,84.63134980819392
0.7587984370745273,6.628984328388267,8.739604891274446,84.63141078033729
0.7593063691180859,6.628898093724995,8.739630240164704,84.6314716661103
0.7598141951874433,6.628811995211034,8.739655538253723,84.63153246653525
0.7603219154869554,6.628726029874048,8.739680787516427,84.63159318260954
0.7608295302174943,6.628640194864375,8.739705989829353,84.63165381530628
0.7613370395771364,6.62855448757647,8.73973114692583,84.6317143654977
0.7618444437613044,6.628468905494193,8.739756260403887,84.63177483410192
0.7623517429626935,6.628383467474312,8.73978132025037,84.63183521227532
0.7628589373937941,6.628298202381224,8.739806311062681,84.63189548655609
0.763366027298063,6.628213040435771,8.73983127126216,84.63195568830206
0.7638730128440372,6.628127981150897,8.739856201210031,84.63201581763907
0.7643798942001981,6.628043024312827,8.739881100965196,84.63207587472198
0.7648866715349253,6.6279581697087,8.739905970585674,84.63213585970563
0.76539334501547,6.627873417125951,8.739930810129868,84.63219577274418
0.7658999148088672,6.627788766352162,8.739955619656198,84.63225561399163
0.7664063810817129,6.627704217175441,8.739980399222896,84.63231538360166
0.7669127440001612,6.627619769384268,8.7400051488883,84.63237508172743
0.7674190037301624,6.6275354227673455,8.74002986871084,84.63243470852181
0.7679251604373464,6.627451177113943,8.74005455874859,84.63249426413746
0.7684312142858672,6.6273670322134635,8.740079219060195,84.63255374872634
0.7689371654404837,6.627282987856244,8.740103849703472,84.63261316244028
0.769443014065291,6.627199043832207,8.740128450737087,84.6326725054307
0.769948760323837,6.627115199932569,8.740153022218825,84.6327317778486
0.770454404379704,6.627031455948104,8.74017756420722,84.63279097984467
0.7709599463951219,6.626947811670708,8.740202076760193,84.6328501115691
0.7714653865323544,6.6268642668922935,8.740226559935959,84.63290917317174
0.7719707249533551,6.626780821405549,8.7402510137923,84.63296816480215
0.7724759618197671,6.626697475003436,8.740275438387126,84.63302708660943
0.7729810972926959,6.626614227479095,8.740299833778671,84.63308593874224
0.7734861315324814,6.626531078626506,8.740324200024551,84.63314472134894
0.7739910646993869,6.62644802824005,8.740348537182415,84.63320343457754
0.7744958969533713,6.626365076114743,8.740372845309711,84.63326207857554
0.7750006284536325,6.626282222045436,8.74039712446446,84.6333206534901
0.7755052593587212,6.62619946582841,8.740421374703603,84.63337915946798
0.7760097898275805,6.62611680725949,8.740445596084822,84.6334375966557
0.7765142200183915,6.626034246134874,8.74046978866591,84.63349596519922
0.7770185500888076,6.625951782252404,8.74049395250343,84.63355426524417
0.7775227801961914,6.62586941540943,8.740518087654877,84.6336124969357
0.778026910497262,6.625787145404509,8.740542194176841,84.63367066041864
0.7785309411481044,6.625704972162747,8.74056627207671,84.63372875576054
0.7790348723053422,6.62562289556127,8.740590321335347,84.63378678310337
0.779538704125021,6.625540915372316,8.740614342038935,84.63384474258875
0.7800424367623109,6.625459031394387,8.7406383342452,84.63390263436041
0.7805460703722064,6.625377243427537,8.740662298010538,84.63396045856193
0.7810496051094091,6.625295551270928,8.740686233392667,84.6340182153364
0.7815530411284501,6.625213954725159,8.740710140448222,84.63407590482662
0.7820563785827719,6.6251324535907665,8.740734019234404,84.63413352717482
0.782559617625995,6.625051047669485,8.740757869807496,84.63419108252302
0.7830627584109948,6.624969736762537,8.740781692224822,84.63424857101263
0.7835658010901381,6.624888520672808,8.740805486542277,84.63430599278492
0.7840687458159677,6.624807399202892,8.740829252816498,84.63436334798061
0.7845715927405167,6.624726372156042,8.740852991103818,84.63442063674013
0.7850743420152013,6.624645439336006,8.740876701460524,84.63447785920347
0.7855769937908186,6.624564600546807,8.740900383943035,84.63453501551015
0.7860795482185711,6.624483855593737,8.740924038606716,84.63459210579956
0.7865820054480199,6.624403204281737,8.740947665507848,84.63464913021042
0.7870843656294775,6.6243226464168705,8.740971264701889,84.63470608888125
0.7875866289124206,6.6242421818051636,8.740994836244727,84.6347629819501
0.7881146943621102,6.624156462542456,8.741020300333206,84.63482323712434
0.7886426481173396,6.6240706678714165,8.74104598094137,84.63488335118721
0.7891704902597908,6.623985083428121,8.741071556054736,84.63494336051714
0.7896982210813474,6.623899704346929,8.74109702844546,84.63500326720761
0.790225840867079,6.623814525333546,8.741122401920787,84.63506307274567
0.7907533498964171,6.62372954125716,8.741147680157605,84.63512277858524
0.7912807484437968,6.623644747128349,8.7411728667258,84.63518238614584
0.791808036778086,6.623560138098636,8.741197965087867,84.6352418968135
0.7923352151632078,6.623475709458374,8.741222978600499,84.63530131194112
0.7928622838575783,6.623391456635286,8.741247910515238,84.63536063284948
0.7933892431147105,6.623307373087818,8.741272766358778,84.63541986055341
0.7939160931823479,6.623223457340559,8.741297546024487,84.63547899663494
0.79444283430482,6.6231397053695895,8.74132225227461,84.63553804235579
0.7949694667223064,6.623056111974853,8.74134688924398,84.63559699878115
0.7954959906702809,6.622972673252685,8.74137145967409,84.63565586707323
0.7960224063794116,6.622889385577721,8.741395966141118,84.63571464828117
0.7965487140765871,6.622806245355747,8.741420411123332,84.63577334352092
0.7970749139847911,6.622723249032371,8.741444797096001,84.63583195387163
0.7976010063229156,6.622640393201126,8.741469126409859,84.63589048038902
0.7981269913063839,6.622557674575978,8.741493401321183,84.63594892410285
0.7986528691471603,6.622475089991068,8.741517623991182,84.63600728601774
0.7991786400531389,6.622392636398201,8.741541796488136,84.63606556711366
0.7997043042294706,6.62231031086541,8.741565920788132,84.63612376834647
0.8002298618773508,6.622228110576269,8.741589998775238,84.6361818906485
0.8007553131955756,6.622146032827722,8.741614032243058,84.63623993492921
0.8012806583796939,6.622064075029193,8.741638022895135,84.63629790207567
0.8018058976220054,6.62198223470097,8.741661972346005,84.63635579295303
0.8023310311121356,6.621900509473084,8.741685882121807,84.6364136084051
0.8028560590367939,6.621818943501554,8.741709728321887,84.63647132817655
0.803380981633106,6.621737504976241,8.741733528707083,84.63652896631669
0.8039057991010289,6.621656161860523,8.741757301043476,84.63658653709601
0.8044305116060402,6.621574913835733,8.74178104552439,84.63664404063988
0.8049551193125155,6.621493760712642,8.741804762200445,84.6367014770869
0.8054796223839311,6.621412702302443,8.741828451122108,84.63675884657545
0.8060040209845382,6.621331738416034,8.741852112340332,84.63681614924363
0.80652831527698,6.621250868865393,8.741875745905288,84.63687338522932
0.80705250542432,6.621170093461894,8.741899351868085,84.63693055467002
0.8075765915890849,6.621089412017865,8.741922930279204,84.63698765770293
0.8081005739325623,6.621008824345585,8.741946481189412,84.637044694465
0.8086244526164539,6.6209283302575805,8.741970004649623,84.6371016650928
0.8091482278025348,6.620847929566683,8.741993500710606,84.63715856972271
0.8096718996507366,6.620767622086082,8.742016969423178,84.63721540849075
0.8101954683214148,6.62068740762961,8.742040410837873,84.63727218153252
0.810718933974645,6.620607286010699,8.742063825005749,84.63732888898356
0.8112422967699715,6.620527257043706,8.742087211977479,84.63738553097882
0.8117655568661777,6.620447320543196,8.742110571803712,84.6374421076531
0.8122887144218863,6.620367476323692,8.742133904535539,84.63749861914077
0.8128117695955509,6.620287724200871,8.742157210223061,84.63755506557607
0.8133347225451053,6.6202080640053715,8.742180488913576,84.63761144708106
0.8138575734279883,6.620128495692377,8.742203740587149,84.63766776372047
0.8143803224013978,6.620049019112566,8.742226965255254,84.63772401563219
0.8149029696220395,6.61996963406277,8.742250162989693,84.63778020294754
0.8154255152464405,6.619890340359014,8.742273333841267,84.63783632579973
0.8159479594307378,6.619811137817265,8.742296477861283,84.63789238432146
0.8164703023306734,6.619732026254184,8.742319595100678,84.63794837864513
0.8169925441009962,6.619653005486629,8.742342685610565,84.63800430890281
0.8175146848971359,6.6195740753318,8.742365749441795,84.6380601752264
0.8180367248736559,6.619495235607628,8.74238878664506,84.6381159777473
0.8185586641841338,6.619416486132268,8.742411797271208,84.63817171659652
0.81908050298247,6.619337826724575,8.742434781370637,84.63822739190479
0.8196022414220605,6.619259257202947,8.74245773899444,84.6382830038026
0.8201238796556769,6.619180777387022,8.742480670192935,84.63833855242004
0.820645417836061,6.619102387096282,8.742503575016864,84.63839403788685
0.821166856115097,6.619024086151424,8.742526453515966,84.63844946033261
0.8216881946447592,6.6189458743724545,8.742549305741212,84.63850481988632
0.8222094335767578,6.618867751580547,8.742572131742605,84.63856011667686
0.8227305730614803,6.618789717596836,8.742594931570675,84.6386153508325
0.823251613250232,6.61871177224338,8.742617705275057,84.63867052248156
0.8237725542927565,6.618633915342094,8.74264045290624,84.63872563175167
0.8242933963388982,6.61855614671609,8.742663174513591,84.63878067877032
0.8248141395385946,6.6184784661877964,8.742685870147557,84.63883566366465
0.8253347840405847,6.618400873580945,8.742708539857627,84.63889058656142
0.8258553299940623,6.6183233687197,8.742731183693099,84.6389454475872
0.8263757775468972,6.618245951427334,8.742753801704763,84.63900024686791
0.8268961268471867,6.6181686215297315,8.74277639394075,84.63905498452952
0.8274163780427732,6.61809137885097,8.74279896045163,84.6391096606974
0.8279365312808916,6.618014223217088,8.742821501286127,84.63916427549678
0.8284829211021202,6.617932089474793,8.742845840124975,84.63922207040024
0.8290291982554785,6.617849877148864,8.742870393190213,84.63927972966093
0.8295753628166008,6.6177678633304025,8.742894845978237,84.63933729069136
0.8301214150739981,6.617686043400821,8.742919201261252,84.63939475533793
0.8306673553103177,6.617604412371292,8.74294346263,84.6394521249987
0.8312131838032392,6.617522965400332,8.742967633559523,84.63950940104014
0.8317589008245155,6.617441697891162,8.742991717380779,84.63956658472807
0.8323045066405119,6.617360605359436,8.743015717285774,84.63962367735479
0.8328500015129106,6.617279683333356,8.743039636477166,84.63968068018947
0.8333953856978865,6.6171989274940834,8.74306347803264,84.63973759447327
0.8339406594474902,6.617118330619595,8.74308724835772,84.63979442102269
0.8344858230054232,6.6170378945345085,8.743110943742241,84.63985116172326
0.8350308766166308,6.616957612158106,8.743134570462736,84.63990781737915
0.835575820518462,6.616877479669127,8.743158131220637,84.63996438911023
0.8361206549439502,6.616797493376033,8.743181628614057,84.6400208780099
0.836665380121955,6.616717649706133,8.743205065148933,84.64007728514493
0.8372099962774017,6.616637945203968,8.743228443240124,84.64013361155591
0.8377545036309176,6.616558376529591,8.743251765212467,84.64018985825794
0.8382989023994549,6.6164789404578155,8.743275033301103,84.64024602624109
0.8388431927962753,6.616399633876573,8.743298249652383,84.64030211647105
0.8393873750312102,6.61632045383916,8.743321416264155,84.64035812989668
0.8399314493106772,6.616241397291837,8.743344535291707,84.64041406741646
0.8404754158369067,6.616162461618834,8.743367608435928,84.64046992994524
0.841019274810394,6.616083644091204,8.743390637558116,84.64052571835067
0.8415630264271282,6.6160049421417275,8.743413624373726,84.64058143348454
0.8421066708807283,6.6159263533086525,8.743436570513788,84.64063707617755
0.8426502083616835,6.615847875233216,8.743459477527091,84.64069264723969
0.843193639057701,6.615769505660124,8.74348234687906,84.64074814746081
0.8437369631539422,6.615691242435272,8.743505179953656,84.64080357761108
0.8442801808328827,6.615613150402308,8.743527941426283,84.64085890817141
0.8448232923532414,6.615535147591624,8.74355067637663,84.64091417603174
0.8453662978770373,6.615457233382579,8.743573385396559,84.64096938122086
0.8459091975663153,6.6153794077227515,8.743596068624012,84.64102452365323
0.8464519915822429,6.61530167044598,8.743618726099719,84.6410796034543
0.8469946800863702,6.615224021386168,8.743641357864556,84.64113462074927
0.8475372632376286,6.615146460365963,8.743663963972535,84.6411895756615
0.8480797411968978,6.615068987224985,8.743686544458619,84.6412444683164
0.8486221141238866,6.614991601791973,8.743709099370244,84.64129929883778
0.8491643821782784,6.6149143038989155,8.743731628751517,84.64135406734957
0.849706545518256,6.614837093377298,8.743754132647714,84.64140877397499
0.8502486043033337,6.614759970192777,8.743776611047792,84.64146341875943
0.8507905586914555,6.614682934231782,8.743799063935338,84.64151800183288
0.8513324088405791,6.6146059853008605,8.743821491383063,84.64157252331607
0.8518741549083785,6.614529123232559,8.743843893435198,84.64162698333224
0.8524157970516506,6.614452347857394,8.743866270138549,84.64168138200405
0.8529573354276646,6.614375659008669,8.74388862153699,84.64173571945435
0.8534987701926882,6.6142990565181625,8.743910947676468,84.64178999580537
0.8540401015023575,6.61422254021854,8.743933248602307,84.64184421117915
0.8545813295130342,6.614146109942677,8.743955524359787,84.64189836569753
0.8551224543795856,6.6140697655241,8.743977774993866,84.64195245948203
0.8556634762572369,6.613993506796036,8.744000000550054,84.6420064926539
0.8562043952998485,6.613917333592736,8.744022201073168,84.64206046533408
0.8567452116622556,6.613841245748054,8.744044376608644,84.64211437764331
0.8572859254979305,6.613765243096663,8.74406652720138,84.64216822970197
0.8578265369602135,6.6136893254729685,8.744088652896888,84.64222202163015
0.8583670462020697,6.613613492712335,8.744110753739953,84.64227575354771
0.8589074533763351,6.613537744650255,8.744132829775442,84.6423294255743
0.8594477586351001,6.613462081122002,8.744154881048917,84.64238303782908
0.8599879621302076,6.613386501963901,8.744176907604908,84.64243659043119
0.8605280640131266,6.613311007012486,8.744198909488327,84.64249008349918
0.8610680644353238,6.613235596104151,8.744220886744273,84.64254351715157
0.8616079635471634,6.613160269076218,8.744242839417328,84.64259689150646
0.8621477614992545,6.613085025766205,8.744264767551957,84.64265020668184
0.8626874584414645,6.6130098660111285,8.74428667119368,84.64270346279518
0.8632270545236684,6.6129347896493815,8.74430855038672,84.64275665996391
0.8637665498948838,6.612859796519252,8.744330405175825,84.64280979830492
0.8643059447043776,6.612784886459379,8.744352235605598,84.64286287793502
0.8648452391003194,6.612710059308943,8.744374041720397,84.64291589897066
0.865384433231492,6.61263531490712,8.744395823564812,84.64296886152806
0.8659235272454668,6.612560653093713,8.744417581183228,84.64302176572306
0.8664625212890835,6.612486073708645,8.744439314620173,84.64307461167118
0.8670014155099244,6.61241157659241,8.744461023919772,84.64312739948781
0.8675402100550984,6.612337161585957,8.744482709125965,84.64318012928807
0.8680789050709816,6.612262828530049,8.744504370283304,84.64323280118664
0.8686175007034824,6.612188577297354,8.744526007428341,84.6432854152743
0.8691559970981875,6.6121144078539515,8.74454762052625,84.6433379716198
0.8696943944007177,6.6120403200461375,8.744569209615562,84.6433904703383
0.8702326927560972,6.6119663137075335,8.744590774749357,84.6434429115431
0.870797657417846,6.6118875674883695,8.74461406164096,84.64349837087067
0.8713625084892498,6.611808743911757,8.74463755788168,84.64355369820656
0.8719272460453672,6.611730109972198,8.74466096015576,84.64360892987204
0.8724918703757494,6.611651660638887,8.744684268732685,84.64366407062842
0.8730563817624611,6.611573391032369,8.744707487181461,84.64371912178616
0.873620780481364,6.611495296544673,8.744730618815357,84.64377408463997
0.8741850668032775,6.611417372694062,8.744753666852253,84.64382896045367
0.8747492409933603,6.611339615122662,8.744776634416375,84.64388375046097
0.8753133033117636,6.611262019595148,8.744799524539047,84.64393845586581
0.8758772540129964,6.611184581996799,8.744822340160079,84.64399307784312
0.876441093347744,6.61110729789164,8.744845084626272,84.64404761748209
0.8770048215611052,6.611030161639363,8.74486776269832,84.64410207566232
0.8775684388916941,6.610953173993574,8.744890371989733,84.6441564540167
0.8781319455774105,6.61087632874235,8.744912917934005,84.64421075332365
0.8786953418502755,6.6107996223544285,8.744935403028856,84.64426497461672
0.8792586279379925,6.610723051418785,8.744957829676247,84.64431911890496
0.8798218040637001,6.610646612633808,8.744980200193659,84.64437318717253
0.8803848704465999,6.610570302807631,8.745002516813232,84.64442718037914
0.8809478273023421,6.610494118856007,8.74502478168312,84.64448109946088
0.881510674842885,6.61041805780119,8.745046996868245,84.64453494533056
0.8820734132762357,6.610342116770093,8.745069164351682,84.64458871887823
0.8826360428075851,6.610266292993893,8.745091286034322,84.64464242097178
0.8831985636377634,6.61019058380644,8.745113363736086,84.64469605245748
0.8837609759652638,6.610114986642516,8.745135399197165,84.64474961416032
0.8843232799850896,6.610039499037226,8.745157394078069,84.64480310688471
0.8848854758894864,6.609964118624312,8.745179349960775,84.64485653141492
0.8854475638670434,6.609888843135689,8.745201268348994,84.64490988851531
0.8860095441044454,6.609813670398965,8.745223150669878,84.64496317893115
0.8865714167849343,6.60973859833803,8.745244998272918,84.64501640338905
0.887133182089543,6.6096636339774655,8.74526680748712,84.64506955853541
0.887694840207916,6.609588817812545,8.74528855629415,84.6451226258933
0.8882563913793733,6.609514084836787,8.745310280746509,84.6451756344167
0.8888178357635513,6.609439434604028,8.745331981208967,84.64522858418701
0.8893791735189629,6.609364866961148,8.74535365772176,84.64528147531709
0.8899404048038737,6.609290381756493,8.745375310323617,84.6453343079199
0.890501529776168,6.609215978838573,8.74539693905336,84.64538708210807
0.8910625485936102,6.609141658056084,8.745418543949691,84.64543979799423
0.891623461413207,6.609067419258021,8.745440125051289,84.64549245569069
0.8921842683918444,6.608993262292835,8.745461682397602,84.64554505530957
0.8927449696861641,6.608919187009973,8.745483216027162,84.64559759696286
0.8933055654516723,6.608845193258282,8.745504725979451,84.64565008076227
0.893866055844395,6.608771280887613,8.74552621229305,84.64570250681933
0.894426441019347,6.608697449746737,8.745547675007964,84.6457548752453
0.8949867211318138,6.6086236996856975,8.745569114162938,84.64580718615136
0.895546896335947,6.608550030566872,8.74559052978317,84.64585943964995
0.8961069667861765,6.608476442202095,8.74561192195082,84.64591163584709
0.8966669326366635,6.60840293448006,8.74563329066212,84.64596377485782
0.8972267940404716,6.608329507237981,8.745654635971183,84.64601585679084
0.8977865511505374,6.608256160326961,8.745675957916871,84.64606788175617
0.8983462041195674,6.608182893597384,8.745697256539026,84.6461198498636
0.8989057531005397,6.608109706900471,8.74571853187686,84.64617176122266
0.8994651982450492,6.608036600087451,8.7457397839698,84.64622361594274
0.9000245397045897,6.607963573009693,8.74576101285741,84.6462754141329
0.9005837776309245,6.607890625519001,8.745782218578961,84.64632715590203
0.9011429121745724,6.607817757467436,8.74580340117378,84.64637884135878
0.9017019434860751,6.607744968706916,8.745824560681573,84.6464304706115
0.9022608717157449,6.607672259089986,8.745845697141567,84.64648204376844
0.9028196970135329,6.607599628469124,8.745866810593347,84.64653356093753
0.9033784195292952,6.607527076697707,8.74588790107577,84.64658502222653
0.9039370394117657,6.607454603628282,8.745908968628829,84.64663642774288
0.904495556809458,6.607382209114365,8.74593001329182,84.64668777759381
0.9050539718715463,6.607309893010235,8.745951035103394,84.64673907188637
0.9056122847454577,6.607237655169385,8.745972034103394,84.64679031072721
0.9061704955791579,6.607165495445659,8.745993010331366,84.64684149422297
0.906728604520135,6.607093413693928,8.746013963826147,84.64689262247992
0.90728661171553,6.6070214098628774,8.74603489459068,84.64694369554644
0.9078445173116296,6.606949483880078,8.746055802597422,84.6469947135225
0.9084023214554539,6.606877635578854,8.746076687909197,84.64704567651195
0.9089600242930265,6.606805864813412,8.746097550565914,84.64709658462067
0.9095176259701531,6.6067341714389,8.746118390606776,84.64714743795432
0.9100751266325466,6.606662555309568,8.746139208072206,84.64719823661822
0.910632526425196,6.606591016281145,8.746160003001341,84.64724898071752
0.9111898254927487,6.606519554209281,8.746180775433627,84.64729967035709
0.9117470239800158,6.606448168949365,8.746201525409015,84.64735030564162
0.9123041220315187,6.60637686036048,8.746222252963594,84.64740088667592
0.9128611197897689,6.60630562829059,8.746242958146482,84.64745141356293
0.913418017398605,6.606234472604758,8.746263640987602,84.64750188640764
0.9139748150014818,6.606163393157391,8.746284301529116,84.6475523053135
0.9145587121440896,6.606087812949784,8.746306600306058,84.64760558674416
0.9151424947136733,6.606012153570987,8.746329104077738,84.64765874235127
0.9157261627784974,6.605936674165597,8.746351519923849,84.64771180591055
0.9163097166284666,6.605861369905269,8.7463738475863,84.64776478250843
0.9168931565442424,6.605786235849179,8.746396089397921,84.6478176747529
0.9174764827999369,6.6057112675768055,8.746418248565261,84.64787048385793
0.9180596956642337,6.60563646084738,8.746440328137544,84.64792321101507
0.9186427953996369,6.60556181153661,8.746462331076264,84.64797585738712
0.9192257822643528,6.60548731563525,8.746484260255869,84.64802842410887
0.919808656511224,6.605412969247687,8.746506118464595,84.64808091228771
0.9203914183882703,6.605338767145836,8.746527910038449,84.64813332281571
0.920974068138014,6.605264707079071,8.746549636019235,84.64818565690169
0.9215566059988406,6.605190786690303,8.746571297579775,84.64823791572994
0.9221390322062458,6.605117001093859,8.746592898764396,84.64829010014174
0.9227213469896826,6.605043346946214,8.74661444194285,84.64834221111094
0.9233035505749778,6.6049698210113,8.7466359294011,84.6483942495876
0.9238856431831278,6.604896420158961,8.74665736334272,84.64844621649831
0.9244676250322814,6.604823141359772,8.746678745893552,84.64849811274668
0.9250494963359968,6.604749981686051,8.746700079100322,84.64854993921362
0.9256312573043012,6.6046769383102735,8.746721364931515,84.6486016967582
0.926212908143531,6.60460400850332,8.746742605278792,84.64865338621789
0.9267944490567166,6.604531189694905,8.74676380193824,84.64870500836685
0.9273758802436617,6.604458479458043,8.746784956564161,84.64875656397778
0.927957201900936,6.604385875332442,8.746806070842464,84.64880805382509
0.9285384142214677,6.604313374970139,8.746827146364453,84.6488594786654
0.929119517396508,6.604240976116779,8.746848184646746,84.64891083923646
0.9297005116132269,6.6041686766089525,8.746869187133765,84.64896213625728
0.9302813970561424,6.604096474374926,8.74689015519647,84.6490133704286
0.9308621739077592,6.604024367431384,8.746911090135265,84.64906454243335
0.9314428423472031,6.603952353883853,8.746931993178995,84.64911565293716
0.932023402551784,6.603880461360719,8.746952849279479,84.6491666893598
0.9326038547336903,6.6038086811902135,8.74697366348408,84.6492176553257
0.9331841990945644,6.603736978534647,8.74699445523148,84.64926856623387
0.9337644357910623,6.603665353107184,8.747015224722626,84.6493194221702
0.9343445649780375,6.603593804772304,8.747035971991243,84.64937022323646
0.934924586812088,6.603522333394688,8.747056697070741,84.64942096953457
0.9355045014477436,6.603450938839823,8.747077399993938,84.64947166116623
0.9360843090398351,6.603379620971694,8.747098080795375,84.64952229823292
0.9366640097428409,6.603308379656263,8.747118739507625,84.6495728808361
0.9372436037103558,6.603237214757764,8.747139376165332,84.6496234090769
0.9378230910964102,6.6031661261418755,8.747159990801642,84.6496738830565
0.9384024720540237,6.603095113673568,8.74718058345076,84.64972430287567
0.9389817467365194,6.603024177218256,8.74720115414646,84.64977466863527
0.939560915296344,6.602953316641082,8.747221702923069,84.64982498043585
0.9401399778857262,6.602882531807554,8.74724222981469,84.64987523837776
0.9407189346566719,6.602811822583571,8.747262734855148,84.64992544256128
0.9412977857605748,6.602741188834642,8.74728321807889,84.64997559308647
0.941876531348351,6.602670630426418,8.747303679520467,84.65002569005311
0.9424551715713576,6.60260014722533,8.747324119213662,84.65007573356101
0.9430337065796861,6.602529739097508,8.747344537192884,84.6501257237096
0.943612136523867,6.602459405908682,8.747364933493031,84.6501756605983
0.9441904615536896,6.602389147525642,8.747385308148136,84.65022554432622
0.9447686818186041,6.602318963815014,8.74740566119263,84.65027537499236
0.9453467974677152,6.602248854643375,8.747425992661181,84.65032515269544
0.945924808649654,6.602178819878142,8.747446302587807,84.65037487753405
0.9465027155131034,6.602108859385465,8.747466591007932,84.65042454960661
0.9470805182061421,6.6020389731431735,8.747486857910191,84.65047416894663
0.9476582168766625,6.601969161069751,8.747507103273762,84.65052373565649
0.9482358116719986,6.601899423009757,8.747527327158128,84.65057324983212
0.9488133027396537,6.601829758830768,8.747547529597552,84.65062271157167
0.9493906902266545,6.601760168399208,8.747567710627711,84.65067212097308
0.9499679742794337,6.6016906515823175,8.747587870283596,84.65072147813409
0.9505451550440868,6.6016212082476295,8.747608008600242,84.65077078315213
0.951122232666762,6.6015518382628855,8.747628125612536,84.65082003612459
0.9516992072931428,6.601482541495468,8.747648221355933,84.6508692371486
0.9522760790681871,6.601413317813641,8.74766829586526,84.65091838632111
0.9528528481371725,6.601344167085112,8.747688349176116,84.65096748373877
0.9534295146445224,6.6012750891788405,8.747708381322983,84.65101652949818
0.9540060787343247,6.601206083963046,8.747728392341328,84.65106552369562
0.9545825405505999,6.601137151306799,8.747748382265991,84.65111446642722
0.9551589002367744,6.601068291078906,8.747768351132233,84.65116335778886
0.9557351579362119,6.600999503148895,8.747788298974855,84.65121219787625
0.9563113137919474,6.600930787386437,8.747808225828638,84.65126098678493
0.9568873679464228,6.600862143660545,8.747828131729364,84.65130972461009
0.9574633205420165,6.600793571841811,8.747848016711258,84.65135841144694
0.9580391717207856,6.600725071800125,8.74786788080958,84.6514070473903
0.9586149216240634,6.6006566434061025,8.747887724059083,84.6514556325348
0.9591905703935181,6.600588286543426,8.747907546479885,84.6515041669767
0.9597937550798822,6.600515648169482,8.74792893177207,84.65155542005844
0.9603968241277517,6.600442931177184,8.747950515824405,84.65160655299842
0.9609997776005132,6.600370385244219,8.747972017298833,84.65165759745695
0.9616026157879103,6.600298005718898,8.747993435506313,84.6517085587748
0.9622053389699564,6.600225787700106,8.74801477201119,84.65175944028871
0.9628079474192369,6.600153726910865,8.748036029720776,84.65181024336836
0.9634104414022429,6.600081819322967,8.748057211539356,84.65186096913769
0.9640128211802478,6.6000100610280334,8.748078320277331,84.65191161869463
0.9646150870091775,6.599938448226096,8.748099358663369,84.65196219311053
0.9652172391403002,6.599866977224801,8.748120329344431,84.65201269343076
0.9658192778205035,6.59979564412887,8.748141235235984,84.65206312063515
0.9664212032907844,6.599724443896489,8.74816208059475,84.65211347550876
0.9670230157865165,6.59965337663224,8.748182863957663,84.65216375941009
0.9676247155417926,6.599582437691685,8.748203589225414,84.65221397308291
0.9682263027853825,6.599511623564933,8.748224259025108,84.65226411740996
0.9688277777417601,6.5994409311703475,8.748244875542483,84.65231419328717
0.9694291406305481,6.599370357533518,8.748265440877484,84.652364201589
0.9700303916682983,6.599299899774942,8.748285957057043,84.65241414316802
0.9706315310672435,6.599229555111975,8.74830642603252,84.65246401885551
0.9712325590358247,6.599159320855015,8.748326849683147,84.65251382946184
0.9718334757796192,6.59908919440714,8.748347229815849,84.65256357577702
0.9724342814999635,6.599019173263511,8.748367568165582,84.65261325857091
0.9730349763954281,6.598949255009666,8.74838786639623,84.6526628785941
0.9736355606612357,6.5988794373204565,8.748408126101511,84.65271243657804
0.9742360344891128,6.598809717959391,8.748428348805101,84.65276193323551
0.974836398067658,6.598740094777016,8.748448535961792,84.6528113692612
0.9754366515836783,6.598670565709772,8.748468688958216,84.65286074533202
0.9760367952205256,6.598601128779418,8.74848880911292,84.65291006210767
0.9766368291580546,6.598531782091897,8.748508897677292,84.65295932023082
0.9772367535749135,6.598462523836234,8.748528955835997,84.65300852032776
0.9778365686461782,6.598393352282785,8.748548984708583,84.65305766300864
0.9784362745449569,6.598324312953954,8.748568959308454,84.6531067277376
0.9790358715066028,6.598255354352632,8.748588908394812,84.65315573725256
0.9796353596955991,6.598186468172616,8.748608836705825,84.65320469512156
0.9802347392662325,6.598117654255878,8.748628744310816,84.6532536014333
0.9808340103714623,6.598048912481907,8.748648631238105,84.65330245627999
0.9814331731641806,6.597980242729778,8.748668497516546,84.65335125975368
0.9820322277968023,6.597911644878805,8.748688343174733,84.65340001194646
0.9826311744218138,6.5978431188076,8.748708168242127,84.65344871295028
0.983230013191225,6.597774664395671,8.748727972747403,84.65349736285692
0.9838287442561646,6.597706281522039,8.748747756719874,84.6535459617581
0.9844273677681066,6.597637970065519,8.74876752018919,84.65359450974529
0.985025883877911,6.597569729905745,8.748787263184258,84.65364300691
0.9856242927365156,6.597501560921231,8.748806985735214,84.65369145334355
0.986222594493297,6.597433462992104,8.748826687870856,84.65373984913704
0.9868207892987945,6.597365435997202,8.748846369621202,84.65378819438159
0.9874188773023971,6.597297479815609,8.748866031016348,84.65383648916804
0.9880168586531635,6.597229594409012,8.748885672054625,84.65388473353637
0.9886147335004778,6.597161779727983,8.748905292701833,84.65393292757018
0.9892125019925273,6.597094035631949,8.748924893009763,84.65398107135829
0.9898101642782304,6.597026361999374,8.748944473009084,84.65402916499154
0.9904077205056331,6.596958758709097,8.748964032730305,84.6540772085606
0.9910051708220419,6.5968912256399515,8.748983572204084,84.65412520215597
0.9916025153751139,6.5968237626707475,8.749003091461308,84.65417314586794
0.992199754311904,6.596756369680799,8.749022590532398,84.6542210397868
0.9927968877792739,6.596689046549238,8.749042069448246,84.65426888400252
0.9933939159234884,6.596621793155041,8.749061528240013,84.65431667860494
0.9939908388907546,6.5965546093782175,8.749080966937935,84.65436442368384
0.9945876568262767,6.596487495098414,8.749100385572879,84.65441211932871
0.9951843698764259,6.596420450194658,8.749119784176342,84.654459765629
0.9957809781860265,6.59635347454771,8.74913916277834,84.65450736267395
0.9963774818995821,6.596286568036577,8.749158521410886,84.65455491055253
0.9969738811616743,6.596219730542536,8.749177860103707,84.65460240935376
0.997570176116704,6.5961529619449895,8.74919717888874,84.65464985916627
0.9981663669082064,6.596086262125183,8.749216477796178,84.65469726007863
0.9987624536795328,6.5960196309634584,8.749235756857335,84.65474461217921
0.9993584365742543,6.595953068340547,8.7492550161032,84.65479191555625
0.9999543157349483,6.595886574137588,8.749274255564584,84.65483917029782
1.0,6.5958822000798545,8.749277142565507,84.65484065735464
