B узла, масс. %;SI узла, масс. %;узел;оси задания;T, °C;режим;элемент;в сплаве, масс. %;собрано из фаз, масс. %;невязка, масс. %
0,0;0,1;"B=0; Si=0.1";ось бора, перекрёстные узлы;700,0;служба;NI;61,964999;61,96499897562419;-2,437580803871242e-08
0,0;0,1;"B=0; Si=0.1";ось бора, перекрёстные узлы;700,0;служба;CR;23,5;23,50000000874921;8,749211133363133e-09
0,0;0,1;"B=0; Si=0.1";ось бора, перекрёстные узлы;700,0;служба;MO;13,0;13,000000025135398;2,51353977631652e-08
0,0;0,1;"B=0; Si=0.1";ось бора, перекрёстные узлы;700,0;служба;B;1e-06;9,99489293059795e-07;-5,107069402049991e-10
0,0;0,1;"B=0; Si=0.1";ось бора, перекрёстные узлы;700,0;служба;SI;0,1;0,09999999975939286;-2,406071453187053e-10
0,0;0,1;"B=0; Si=0.1";ось бора, перекрёстные узлы;700,0;служба;AL;0,25;0,24999999927776004;-7,22239962280824e-10
0,0;0,1;"B=0; Si=0.1";ось бора, перекрёстные узлы;700,0;служба;C;0,005;0,004999999633664597;-3,663354029848076e-10
0,0;0,1;"B=0; Si=0.1";ось бора, перекрёстные узлы;700,0;служба;FE;0,5;0,49999999937093237;-6,290676313192023e-10
0,0;0,1;"B=0; Si=0.1";ось бора, перекрёстные узлы;700,0;служба;MN;0,5;0,49999999554958124;-4,450418755741481e-09
0,0;0,1;"B=0; Si=0.1";ось бора, перекрёстные узлы;700,0;служба;NB;0,06;0,05999999991137605;-8,862394845765564e-11
0,0;0,1;"B=0; Si=0.1";ось бора, перекрёстные узлы;700,0;служба;S;0,02;0,019999997532466476;-2,467533524730392e-09
0,0;0,1;"B=0; Si=0.1";ось бора, перекрёстные узлы;700,0;служба;TI;0,1;0,09999999996674963;-3,3250374675830585e-11
0,0;0,1;"B=0; Si=0.1";ось бора, перекрёстные узлы;750,0;служба;NI;61,964999;61,96499898086128;-1,9138717277655815e-08
0,0;0,1;"B=0; Si=0.1";ось бора, перекрёстные узлы;750,0;служба;CR;23,5;23,500000014877703;1,4877702625426537e-08
0,0;0,1;"B=0; Si=0.1";ось бора, перекрёстные узлы;750,0;служба;MO;13,0;12,999999998181499;-1,8185009054150214e-09
0,0;0,1;"B=0; Si=0.1";ось бора, перекрёстные узлы;750,0;служба;B;1e-06;1,0031092024692737e-06;3,1092024692737722e-09
0,0;0,1;"B=0; Si=0.1";ось бора, перекрёстные узлы;750,0;служба;SI;0,1;0,09999999993876688;-6,123312967787342e-11
0,0;0,1;"B=0; Si=0.1";ось бора, перекрёстные узлы;750,0;служба;AL;0,25;0,250000002773965;2,773965002145218e-09
0,0;0,1;"B=0; Si=0.1";ось бора, перекрёстные узлы;750,0;служба;C;0,005;0,005000003191871538;3,1918715379108953e-09
0,0;0,1;"B=0; Si=0.1";ось бора, перекрёстные узлы;750,0;служба;FE;0,5;0,4999999996709697;-3,290303030034636e-10
0,0;0,1;"B=0; Si=0.1";ось бора, перекрёстные узлы;750,0;служба;MN;0,5;0,4999999979568324;-2,043167579568461e-09
0,0;0,1;"B=0; Si=0.1";ось бора, перекрёстные узлы;750,0;служба;NB;0,06;0,06000000001988191;1,9881915558350727e-11
0,0;0,1;"B=0; Si=0.1";ось бора, перекрёстные узлы;750,0;служба;S;0,02;0,01999999897844303;-1,021556970959292e-09
0,0;0,1;"B=0; Si=0.1";ось бора, перекрёстные узлы;750,0;служба;TI;0,1;0,1000000004395886;4,3958858775283716e-10
0,0;0,1;"B=0; Si=0.1";ось бора, перекрёстные узлы;1050,0;пайка и ТО;NI;61,964999;61,96499899558543;-4,4145664901407144e-09
0,0;0,1;"B=0; Si=0.1";ось бора, перекрёстные узлы;1050,0;пайка и ТО;CR;23,5;23,50000000195881;1,958810003088729e-09
0,0;0,1;"B=0; Si=0.1";ось бора, перекрёстные узлы;1050,0;пайка и ТО;MO;13,0;12,999999974055333;-2,594466685934549e-08
0,0;0,1;"B=0; Si=0.1";ось бора, перекрёстные узлы;1050,0;пайка и ТО;B;1e-06;9,998994673601872e-07;-1,0053263981272097e-10
0,0;0,1;"B=0; Si=0.1";ось бора, перекрёстные узлы;1050,0;пайка и ТО;SI;0,1;0,10000000003289111;3,2891106505061884e-11
0,0;0,1;"B=0; Si=0.1";ось бора, перекрёстные узлы;1050,0;пайка и ТО;AL;0,25;0,2500000115122502;1,151225020867841e-08
0,0;0,1;"B=0; Si=0.1";ось бора, перекрёстные узлы;1050,0;пайка и ТО;C;0,005;0,004999998845614713;-1,1543852870138371e-09
0,0;0,1;"B=0; Si=0.1";ось бора, перекрёстные узлы;1050,0;пайка и ТО;FE;0,5;0,5000000002017834;2,017833677925296e-10
0,0;0,1;"B=0; Si=0.1";ось бора, перекрёстные узлы;1050,0;пайка и ТО;MN;0,5;0,5000000110410688;1,1041068836981083e-08
0,0;0,1;"B=0; Si=0.1";ось бора, перекрёстные узлы;1050,0;пайка и ТО;NB;0,06;0,060000000038498445;3,849844748549103e-11
0,0;0,1;"B=0; Si=0.1";ось бора, перекрёстные узлы;1050,0;пайка и ТО;S;0,02;0,020000006769026215;6,769026214548113e-09
0,0;0,1;"B=0; Si=0.1";ось бора, перекрёстные узлы;1050,0;пайка и ТО;TI;0,1;0,10000000005982539;5,982538076043653e-11
0,0;0,1;"B=0; Si=0.1";ось бора, перекрёстные узлы;1150,0;пайка и ТО;NI;61,964999;61,964998996298874;-3,701124740018713e-09
0,0;0,1;"B=0; Si=0.1";ось бора, перекрёстные узлы;1150,0;пайка и ТО;CR;23,5;23,499999997861032;-2,1389681137407024e-09
0,0;0,1;"B=0; Si=0.1";ось бора, перекрёстные узлы;1150,0;пайка и ТО;MO;13,0;12,999999998063936;-1,9360637537602088e-09
0,0;0,1;"B=0; Si=0.1";ось бора, перекрёстные узлы;1150,0;пайка и ТО;B;1e-06;9,99976116314317e-07;-2,3883685683043874e-11
0,0;0,1;"B=0; Si=0.1";ось бора, перекрёстные узлы;1150,0;пайка и ТО;SI;0,1;0,0999999999796025;-2,039750313098665e-11
0,0;0,1;"B=0; Si=0.1";ось бора, перекрёстные узлы;1150,0;пайка и ТО;AL;0,25;0,2500000005883583;5,883583065191544e-10
0,0;0,1;"B=0; Si=0.1";ось бора, перекрёстные узлы;1150,0;пайка и ТО;C;0,005;0,004999999997856244;-2,1437565264625924e-12
0,0;0,1;"B=0; Si=0.1";ось бора, перекрёстные узлы;1150,0;пайка и ТО;FE;0,5;0,4999999999553004;-4,469957737285313e-11
0,0;0,1;"B=0; Si=0.1";ось бора, перекрёстные узлы;1150,0;пайка и ТО;MN;0,5;0,500000003762403;3,762402944751386e-09
0,0;0,1;"B=0; Si=0.1";ось бора, перекрёстные узлы;1150,0;пайка и ТО;NB;0,06;0,05999999999832466;-1,675340421947169e-12
0,0;0,1;"B=0; Si=0.1";ось бора, перекрёстные узлы;1150,0;пайка и ТО;S;0,02;0,020000003518615955;3,518615954156701e-09
0,0;0,1;"B=0; Si=0.1";ось бора, перекрёстные узлы;1150,0;пайка и ТО;TI;0,1;0,09999999999959576;-4,042460810538273e-13
0,0;0,1;"B=0; Si=0.1";ось бора, перекрёстные узлы;1200,0;пайка и ТО;NI;61,964999;61,96499899822431;-1,775688929228636e-09
0,0;0,1;"B=0; Si=0.1";ось бора, перекрёстные узлы;1200,0;пайка и ТО;CR;23,5;23,499999999487585;-5,124149993207539e-10
0,0;0,1;"B=0; Si=0.1";ось бора, перекрёстные узлы;1200,0;пайка и ТО;MO;13,0;12,999999999863013;-1,3698731038402912e-10
0,0;0,1;"B=0; Si=0.1";ось бора, перекрёстные узлы;1200,0;пайка и ТО;B;1e-06;9,998921422544352e-07;-1,0785774556478017e-10
0,0;0,1;"B=0; Si=0.1";ось бора, перекрёстные узлы;1200,0;пайка и ТО;SI;0,1;0,09999999999675875;-3,241254487029721e-12
0,0;0,1;"B=0; Si=0.1";ось бора, перекрёстные узлы;1200,0;пайка и ТО;AL;0,25;0,2499999998914714;-1,0852860277132947e-10
0,0;0,1;"B=0; Si=0.1";ось бора, перекрёстные узлы;1200,0;пайка и ТО;C;0,005;0,004999999999548619;-4,513811199813311e-13
0,0;0,1;"B=0; Si=0.1";ось бора, перекрёстные узлы;1200,0;пайка и ТО;FE;0,5;0,49999999998441336;-1,5586643087317498e-11
0,0;0,1;"B=0; Si=0.1";ось бора, перекрёстные узлы;1200,0;пайка и ТО;MN;0,5;0,5000000015923748;1,5923747875845606e-09
0,0;0,1;"B=0; Si=0.1";ось бора, перекрёстные узлы;1200,0;пайка и ТО;NB;0,06;0,05999999999824066;-1,759335732653966e-12
0,0;0,1;"B=0; Si=0.1";ось бора, перекрёстные узлы;1200,0;пайка и ТО;S;0,02;0,020000001072457238;1,0724572375997443e-09
0,0;0,1;"B=0; Si=0.1";ось бора, перекрёстные узлы;1200,0;пайка и ТО;TI;0,1;0,09999999999765911;-2,3408913696343348e-12
0,0;1,0;"B=0; Si=1";ось кремния;700,0;служба;NI;61,064999;61,0649990743922;7,43921972912176e-08
0,0;1,0;"B=0; Si=1";ось кремния;700,0;служба;CR;23,5;23,499999935376422;-6,462357760028681e-08
0,0;1,0;"B=0; Si=1";ось кремния;700,0;служба;MO;13,0;13,000000020916469;2,0916468557174994e-08
0,0;1,0;"B=0; Si=1";ось кремния;700,0;служба;B;1e-06;9,971389405463148e-07;-2,861059453685131e-09
0,0;1,0;"B=0; Si=1";ось кремния;700,0;служба;SI;1,0;1,0000000008845227;8,845226773246395e-10
0,0;1,0;"B=0; Si=1";ось кремния;700,0;служба;AL;0,25;0,24999999771008805;-2,2899119545005675e-09
0,0;1,0;"B=0; Si=1";ось кремния;700,0;служба;C;0,005;0,0049999865745378735;-1,3425462126563648e-08
0,0;1,0;"B=0; Si=1";ось кремния;700,0;служба;FE;0,5;0,5000000000423416;4,234157469085176e-11
0,0;1,0;"B=0; Si=1";ось кремния;700,0;служба;MN;0,5;0,49999999344717966;-6,552820341898524e-09
0,0;1,0;"B=0; Si=1";ось кремния;700,0;служба;NB;0,06;0,06000000008454822;8,454822258974204e-11
0,0;1,0;"B=0; Si=1";ось кремния;700,0;служба;S;0,02;0,019999995766094465;-4,23390553519476e-09
0,0;1,0;"B=0; Si=1";ось кремния;700,0;служба;TI;0,1;0,09999999766666749;-2,333332513315689e-09
0,0;1,0;"B=0; Si=1";ось кремния;750,0;служба;NI;61,064999;61,06499909580082;9,580082149795999e-08
0,0;1,0;"B=0; Si=1";ось кремния;750,0;служба;CR;23,5;23,499999973308118;-2,6691882482055007e-08
0,0;1,0;"B=0; Si=1";ось кремния;750,0;служба;MO;13,0;12,999999937338096;-6,266190410997297e-08
0,0;1,0;"B=0; Si=1";ось кремния;750,0;служба;B;1e-06;9,988409161167455e-07;-1,159083883254406e-09
0,0;1,0;"B=0; Si=1";ось кремния;750,0;служба;SI;1,0;1,000000003291627;3,2916269709915014e-09
0,0;1,0;"B=0; Si=1";ось кремния;750,0;служба;AL;0,25;0,2500000007454702;7,454701855813539e-10
0,0;1,0;"B=0; Si=1";ось кремния;750,0;служба;C;0,005;0,004999998788763103;-1,2112368972388987e-09
0,0;1,0;"B=0; Si=1";ось кремния;750,0;служба;FE;0,5;0,5000000019450869;1,945086869348245e-09
0,0;1,0;"B=0; Si=1";ось кремния;750,0;служба;MN;0,5;0,4999999937968052;-6,2031947911656005e-09
0,0;1,0;"B=0; Si=1";ось кремния;750,0;служба;NB;0,06;0,06000000019300862;1,9300862297289e-10
0,0;1,0;"B=0; Si=1";ось кремния;750,0;служба;S;0,02;0,01999999560039143;-4,399608569821689e-09
0,0;1,0;"B=0; Si=1";ось кремния;750,0;служба;TI;0,1;0,10000000035088366;3,50883655464429e-10
0,0;1,0;"B=0; Si=1";ось кремния;1050,0;пайка и ТО;NI;61,064999;61,06499901491271;1,4912707513303758e-08
0,0;1,0;"B=0; Si=1";ось кремния;1050,0;пайка и ТО;CR;23,5;23,499999997739188;-2,2608119820688444e-09
0,0;1,0;"B=0; Si=1";ось кремния;1050,0;пайка и ТО;MO;13,0;12,999999997247702;-2,7522979451077845e-09
0,0;1,0;"B=0; Si=1";ось кремния;1050,0;пайка и ТО;B;1e-06;1,0000407779214467e-06;4,077792144670268e-11
0,0;1,0;"B=0; Si=1";ось кремния;1050,0;пайка и ТО;SI;1,0;1,0000000000636953;6,369527127958463e-11
0,0;1,0;"B=0; Si=1";ось кремния;1050,0;пайка и ТО;AL;0,25;0,249999988333624;-1,1666376004138002e-08
0,0;1,0;"B=0; Si=1";ось кремния;1050,0;пайка и ТО;C;0,005;0,005000000378704602;3,787046015321649e-10
0,0;1,0;"B=0; Si=1";ось кремния;1050,0;пайка и ТО;FE;0,5;0,49999999981836635;-1,8163365256285147e-10
0,0;1,0;"B=0; Si=1";ось кремния;1050,0;пайка и ТО;MN;0,5;0,500000000727233;7,272330515561976e-10
0,0;1,0;"B=0; Si=1";ось кремния;1050,0;пайка и ТО;NB;0,06;0,05999999999890607;-1,0939305017387824e-12
0,0;1,0;"B=0; Si=1";ось кремния;1050,0;пайка и ТО;S;0,02;0,020000000758424705;7,584247049829962e-10
0,0;1,0;"B=0; Si=1";ось кремния;1050,0;пайка и ТО;TI;0,1;0,09999999998066852;-1,9331480860529382e-11
0,0;1,0;"B=0; Si=1";ось кремния;1150,0;пайка и ТО;NI;61,064999;61,064998997103416;-2,8965843057449092e-09
0,0;1,0;"B=0; Si=1";ось кремния;1150,0;пайка и ТО;CR;23,5;23,499999999009617;-9,90382886811858e-10
0,0;1,0;"B=0; Si=1";ось кремния;1150,0;пайка и ТО;MO;13,0;12,999999999190612;-8,093881120885271e-10
0,0;1,0;"B=0; Si=1";ось кремния;1150,0;пайка и ТО;B;1e-06;1,0000447887339233e-06;4,478873392339347e-11
0,0;1,0;"B=0; Si=1";ось кремния;1150,0;пайка и ТО;SI;1,0;0,9999999999420105;-5,7989502089128564e-11
0,0;1,0;"B=0; Si=1";ось кремния;1150,0;пайка и ТО;AL;0,25;0,24999999997651404;-2,3485963174252333e-11
0,0;1,0;"B=0; Si=1";ось кремния;1150,0;пайка и ТО;C;0,005;0,004999999999587261;-4,1273928719220976e-13
0,0;1,0;"B=0; Si=1";ось кремния;1150,0;пайка и ТО;FE;0,5;0,49999999998208566;-1,79143366807466e-11
0,0;1,0;"B=0; Si=1";ось кремния;1150,0;пайка и ТО;MN;0,5;0,5000000028504834;2,8504834048703742e-09
0,0;1,0;"B=0; Si=1";ось кремния;1150,0;пайка и ТО;NB;0,06;0,05999999999772015;-2,279849919961663e-12
0,0;1,0;"B=0; Si=1";ось кремния;1150,0;пайка и ТО;S;0,02;0,02000000190671449;1,906714491156647e-09
0,0;1,0;"B=0; Si=1";ось кремния;1150,0;пайка и ТО;TI;0,1;0,09999999999645151;-3,5484948313069253e-12
0,0;1,0;"B=0; Si=1";ось кремния;1200,0;пайка и ТО;NI;61,064999;61,06499899482736;-5,172637429495808e-09
0,0;1,0;"B=0; Si=1";ось кремния;1200,0;пайка и ТО;CR;23,5;23,499999998496133;-1,5038672529499308e-09
0,0;1,0;"B=0; Si=1";ось кремния;1200,0;пайка и ТО;MO;13,0;12,999999999681567;-3,184332797445677e-10
0,0;1,0;"B=0; Si=1";ось кремния;1200,0;пайка и ТО;B;1e-06;1,000036080832974e-06;3,608083297411954e-11
0,0;1,0;"B=0; Si=1";ось кремния;1200,0;пайка и ТО;SI;1,0;0,999999999986091;-1,3908985074806424e-11
0,0;1,0;"B=0; Si=1";ось кремния;1200,0;пайка и ТО;AL;0,25;0,2499999995012754;-4,987245894039205e-10
0,0;1,0;"B=0; Si=1";ось кремния;1200,0;пайка и ТО;C;0,005;0,005000000000490744;4,907437303747209e-13
0,0;1,0;"B=0; Si=1";ось кремния;1200,0;пайка и ТО;FE;0,5;0,49999999996476063;-3,523936698002217e-11
0,0;1,0;"B=0; Si=1";ось кремния;1200,0;пайка и ТО;MN;0,5;0,5000000047418858;4,741885772929777e-09
0,0;1,0;"B=0; Si=1";ось кремния;1200,0;пайка и ТО;NB;0,06;0,05999999999336163;-6,638370408929006e-12
0,0;1,0;"B=0; Si=1";ось кремния;1200,0;пайка и ТО;S;0,02;0,020000002782240213;2,782240212523268e-09
0,0;1,0;"B=0; Si=1";ось кремния;1200,0;пайка и ТО;TI;0,1;0,09999999998876032;-1,1239689734487968e-11
0,0;2,0;"B=0; Si=2";ось кремния, перекрёстные узлы;700,0;служба;NI;60,064999;60,0649990319886;3,198859843678292e-08
0,0;2,0;"B=0; Si=2";ось кремния, перекрёстные узлы;700,0;служба;CR;23,5;23,499999975795976;-2,420402367420138e-08
0,0;2,0;"B=0; Si=2";ось кремния, перекрёстные узлы;700,0;служба;MO;13,0;12,999999981355089;-1,8644911392584618e-08
0,0;2,0;"B=0; Si=2";ось кремния, перекрёстные узлы;700,0;служба;B;1e-06;1,0032934932720566e-06;3,2934932720566496e-09
0,0;2,0;"B=0; Si=2";ось кремния, перекрёстные узлы;700,0;служба;SI;2,0;2,0000000039864045;3,986404539801924e-09
0,0;2,0;"B=0; Si=2";ось кремния, перекрёстные узлы;700,0;служба;AL;0,25;0,2500000021725966;2,1725966026231447e-09
0,0;2,0;"B=0; Si=2";ось кремния, перекрёстные узлы;700,0;служба;C;0,005;0,004999996917252002;-3,0827479978456918e-09
0,0;2,0;"B=0; Si=2";ось кремния, перекрёстные узлы;700,0;служба;FE;0,5;0,5000000010002684;1,000268423645423e-09
0,0;2,0;"B=0; Si=2";ось кремния, перекрёстные узлы;700,0;служба;MN;0,5;0,5000000025052489;2,5052488972221454e-09
0,0;2,0;"B=0; Si=2";ось кремния, перекрёстные узлы;700,0;служба;NB;0,06;0,0600000001102311;1,1023110202401654e-10
0,0;2,0;"B=0; Si=2";ось кремния, перекрёстные узлы;700,0;служба;S;0,02;0,02000000071010995;7,101099500084196e-10
0,0;2,0;"B=0; Si=2";ось кремния, перекрёстные узлы;700,0;служба;TI;0,1;0,10000000016474388;1,6474387132259238e-10
0,0;2,0;"B=0; Si=2";ось кремния, перекрёстные узлы;750,0;служба;NI;60,064999;60,064999016983954;1,6983953798899165e-08
0,0;2,0;"B=0; Si=2";ось кремния, перекрёстные узлы;750,0;служба;CR;23,5;23,50000006882304;6,882304148803087e-08
0,0;2,0;"B=0; Si=2";ось кремния, перекрёстные узлы;750,0;служба;MO;13,0;12,999999951348727;-4,86512732322808e-08
0,0;2,0;"B=0; Si=2";ось кремния, перекрёстные узлы;750,0;служба;B;1e-06;1,0025698136560717e-06;2,569813656071764e-09
0,0;2,0;"B=0; Si=2";ось кремния, перекрёстные узлы;750,0;служба;SI;2,0;2,0000000038126826;3,812682614068308e-09
0,0;2,0;"B=0; Si=2";ось кремния, перекрёстные узлы;750,0;служба;AL;0,25;0,25000000052148547;5,214854659207901e-10
0,0;2,0;"B=0; Si=2";ось кремния, перекрёстные узлы;750,0;служба;C;0,005;0,005000005944800127;5,9448001269932216e-09
0,0;2,0;"B=0; Si=2";ось кремния, перекрёстные узлы;750,0;служба;FE;0,5;0,5000000009758144;9,758144292604243e-10
0,0;2,0;"B=0; Si=2";ось кремния, перекрёстные узлы;750,0;служба;MN;0,5;0,4999999678014618;-3,2198538224559314e-08
0,0;2,0;"B=0; Si=2";ось кремния, перекрёстные узлы;750,0;служба;NB;0,06;0,06000000011620776;1,1620776563248114e-10
0,0;2,0;"B=0; Si=2";ось кремния, перекрёстные узлы;750,0;служба;S;0,02;0,019999980914965496;-1,9085034504151555e-08
0,0;2,0;"B=0; Si=2";ось кремния, перекрёстные узлы;750,0;служба;TI;0,1;0,10000000018703799;1,87037982324334e-10
0,0;2,0;"B=0; Si=2";ось кремния, перекрёстные узлы;1050,0;пайка и ТО;NI;60,064999;60,064998921288925;-7,87110749911335e-08
0,0;2,0;"B=0; Si=2";ось кремния, перекрёстные узлы;1050,0;пайка и ТО;CR;23,5;23,500000004613185;4,613184501067735e-09
0,0;2,0;"B=0; Si=2";ось кремния, перекрёстные узлы;1050,0;пайка и ТО;MO;13,0;13,000000076018637;7,601863671879983e-08
0,0;2,0;"B=0; Si=2";ось кремния, перекрёстные узлы;1050,0;пайка и ТО;B;1e-06;9,998187536162759e-07;-1,8124638372409572e-10
0,0;2,0;"B=0; Si=2";ось кремния, перекрёстные узлы;1050,0;пайка и ТО;SI;2,0;1,999999995389145;-4,610855031117467e-09
0,0;2,0;"B=0; Si=2";ось кремния, перекрёстные узлы;1050,0;пайка и ТО;AL;0,25;0,24999999693595248;-3,064047515710655e-09
0,0;2,0;"B=0; Si=2";ось кремния, перекрёстные узлы;1050,0;пайка и ТО;C;0,005;0,0050000014532752615;1,4532752614163091e-09
0,0;2,0;"B=0; Si=2";ось кремния, перекрёстные узлы;1050,0;пайка и ТО;FE;0,5;0,5000000025232751;2,523275144383774e-09
0,0;2,0;"B=0; Si=2";ось кремния, перекрёстные узлы;1050,0;пайка и ТО;MN;0,5;0,500000000334371;3,3437097535227167e-10
0,0;2,0;"B=0; Si=2";ось кремния, перекрёстные узлы;1050,0;пайка и ТО;NB;0,06;0,05999999986031054;-1,3968945444808867e-10
0,0;2,0;"B=0; Si=2";ось кремния, перекрёстные узлы;1050,0;пайка и ТО;S;0,02;0,020000001982998634;1,9829986333541605e-09
0,0;2,0;"B=0; Si=2";ось кремния, перекрёстные узлы;1050,0;пайка и ТО;TI;0,1;0,09999999978116739;-2,1883261869248827e-10
0,0;2,0;"B=0; Si=2";ось кремния, перекрёстные узлы;1150,0;пайка и ТО;NI;60,064999;60,06499900388291;3,882909993535577e-09
0,0;2,0;"B=0; Si=2";ось кремния, перекрёстные узлы;1150,0;пайка и ТО;CR;23,5;23,500000000215984;2,1598367538899765e-10
0,0;2,0;"B=0; Si=2";ось кремния, перекрёстные узлы;1150,0;пайка и ТО;MO;13,0;12,999999993576997;-6,423002574251768e-09
0,0;2,0;"B=0; Si=2";ось кремния, перекрёстные узлы;1150,0;пайка и ТО;B;1e-06;1,0000045305793416e-06;4,530579341652206e-12
0,0;2,0;"B=0; Si=2";ось кремния, перекрёстные узлы;1150,0;пайка и ТО;SI;2,0;2,0000000004958847;4,95884666662505e-10
0,0;2,0;"B=0; Si=2";ось кремния, перекрёстные узлы;1150,0;пайка и ТО;AL;0,25;0,2500000035234781;3,5234781203818955e-09
0,0;2,0;"B=0; Si=2";ось кремния, перекрёстные узлы;1150,0;пайка и ТО;C;0,005;0,004999999728093613;-2,7190638716284576e-10
0,0;2,0;"B=0; Si=2";ось кремния, перекрёстные узлы;1150,0;пайка и ТО;FE;0,5;0,5000000000442009;4,420086519019151e-11
0,0;2,0;"B=0; Si=2";ось кремния, перекрёстные узлы;1150,0;пайка и ТО;MN;0,5;0,49999999918574156;-8,142584384529528e-10
0,0;2,0;"B=0; Si=2";ось кремния, перекрёстные узлы;1150,0;пайка и ТО;NB;0,06;0,06000000002157541;2,157541506564442e-11
0,0;2,0;"B=0; Si=2";ось кремния, перекрёстные узлы;1150,0;пайка и ТО;S;0,02;0,01999999934655055;-6,534494507992594e-10
0,0;2,0;"B=0; Si=2";ось кремния, перекрёстные узлы;1150,0;пайка и ТО;TI;0,1;0,09999999997406471;-2,593529557781693e-11
0,0;2,0;"B=0; Si=2";ось кремния, перекрёстные узлы;1200,0;пайка и ТО;NI;60,064999;60,06499899563325;-4,36674696402406e-09
0,0;2,0;"B=0; Si=2";ось кремния, перекрёстные узлы;1200,0;пайка и ТО;CR;23,5;23,499999998411383;-1,5886172377577168e-09
0,0;2,0;"B=0; Si=2";ось кремния, перекрёстные узлы;1200,0;пайка и ТО;MO;13,0;12,99999999922949;-7,705107663014132e-10
0,0;2,0;"B=0; Si=2";ось кремния, перекрёстные узлы;1200,0;пайка и ТО;B;1e-06;1,000093087804951e-06;9,308780495110389e-11
0,0;2,0;"B=0; Si=2";ось кремния, перекрёстные узлы;1200,0;пайка и ТО;SI;2,0;1,9999999998651163;-1,3488365979696937e-10
0,0;2,0;"B=0; Si=2";ось кремния, перекрёстные узлы;1200,0;пайка и ТО;AL;0,25;0,25000000000748973;7,489731057575e-12
0,0;2,0;"B=0; Si=2";ось кремния, перекрёстные узлы;1200,0;пайка и ТО;C;0,005;0,004999999999803014;-1,9698652431454633e-13
0,0;2,0;"B=0; Si=2";ось кремния, перекрёстные узлы;1200,0;пайка и ТО;FE;0,5;0,49999999996844186;-3,1558144986121306e-11
0,0;2,0;"B=0; Si=2";ось кремния, перекрёстные узлы;1200,0;пайка и ТО;MN;0,5;0,5000000040116995;4,0116995281280765e-09
0,0;2,0;"B=0; Si=2";ось кремния, перекрёстные узлы;1200,0;пайка и ТО;NB;0,06;0,05999999999629931;-3,7006855913013226e-12
0,0;2,0;"B=0; Si=2";ось кремния, перекрёстные узлы;1200,0;пайка и ТО;S;0,02;0,020000002790822636;2,79082263549002e-09
0,0;2,0;"B=0; Si=2";ось кремния, перекрёстные узлы;1200,0;пайка и ТО;TI;0,1;0,09999999999309757;-6,9024369553361e-12
0,0;3,5;"B=0; Si=3.5";ось кремния;700,0;служба;NI;58,564999;58,56499904733141;4,7331411678896984e-08
0,0;3,5;"B=0; Si=3.5";ось кремния;700,0;служба;CR;23,5;23,499999981650866;-1,834913376796976e-08
0,0;3,5;"B=0; Si=3.5";ось кремния;700,0;служба;MO;13,0;12,99999999798464;-2,015360323071036e-09
0,0;3,5;"B=0; Si=3.5";ось кремния;700,0;служба;B;1e-06;9,971647198820766e-07;-2,8352801179233662e-09
0,0;3,5;"B=0; Si=3.5";ось кремния;700,0;служба;SI;3,5;3,500000002309649;2,3096489165652656e-09
0,0;3,5;"B=0; Si=3.5";ось кремния;700,0;служба;AL;0,25;0,25000000784882637;7,848826366618766e-09
0,0;3,5;"B=0; Si=3.5";ось кремния;700,0;служба;C;0,005;0,004999998574399802;-1,4256001977866473e-09
0,0;3,5;"B=0; Si=3.5";ось кремния;700,0;служба;FE;0,5;0,5000000015052907;1,5052906698898028e-09
0,0;3,5;"B=0; Si=3.5";ось кремния;700,0;служба;MN;0,5;0,4999999784164112;-2,1583588805107468e-08
0,0;3,5;"B=0; Si=3.5";ось кремния;700,0;служба;NB;0,06;0,06000000009581931;9,581931081914519e-11
0,0;3,5;"B=0; Si=3.5";ось кремния;700,0;служба;S;0,02;0,019999986932197452;-1,3067802548394347e-08
0,0;3,5;"B=0; Si=3.5";ось кремния;700,0;служба;TI;0,1;0,1000000001857539;1,8575389837405254e-10
0,0;3,5;"B=0; Si=3.5";ось кремния;750,0;служба;NI;58,564999;58,56499902741898;2,741897731084464e-08
0,0;3,5;"B=0; Si=3.5";ось кремния;750,0;служба;CR;23,5;23,499999986258853;-1,374114688701411e-08
0,0;3,5;"B=0; Si=3.5";ось кремния;750,0;служба;MO;13,0;12,99999999287412;-7,125880330249856e-09
0,0;3,5;"B=0; Si=3.5";ось кремния;750,0;служба;B;1e-06;1,0011372059297042e-06;1,1372059297042576e-09
0,0;3,5;"B=0; Si=3.5";ось кремния;750,0;служба;SI;3,5;3,500000001904497;1,9044970045456466e-09
0,0;3,5;"B=0; Si=3.5";ось кремния;750,0;служба;AL;0,25;0,24999999983523538;-1,6476461861536507e-10
0,0;3,5;"B=0; Si=3.5";ось кремния;750,0;служба;C;0,005;0,004999998122424808;-1,8775751916763617e-09
0,0;3,5;"B=0; Si=3.5";ось кремния;750,0;служба;FE;0,5;0,4999999896897127;-1,0310287290593578e-08
0,0;3,5;"B=0; Si=3.5";ось кремния;750,0;служба;MN;0,5;0,5000000005715961;5,715961037822126e-10
0,0;3,5;"B=0; Si=3.5";ось кремния;750,0;служба;NB;0,06;0,06000000089401536;8,940153617409408e-10
0,0;3,5;"B=0; Si=3.5";ось кремния;750,0;служба;S;0,02;0,02000000102001833;1,0200183302166987e-09
0,0;3,5;"B=0; Si=3.5";ось кремния;750,0;служба;TI;0,1;0,10000000027334921;2,7334920438271126e-10
0,0;3,5;"B=0; Si=3.5";ось кремния;1050,0;пайка и ТО;NI;58,564999;58,564998984021294;-1,5978706358055206e-08
0,0;3,5;"B=0; Si=3.5";ось кремния;1050,0;пайка и ТО;CR;23,5;23,500000004556345;4,556344634920606e-09
0,0;3,5;"B=0; Si=3.5";ось кремния;1050,0;пайка и ТО;MO;13,0;13,000000004007976;4,007976173170391e-09
0,0;3,5;"B=0; Si=3.5";ось кремния;1050,0;пайка и ТО;B;1e-06;1,0001126569369217e-06;1,1265693692174322e-10
0,0;3,5;"B=0; Si=3.5";ось кремния;1050,0;пайка и ТО;SI;3,5;3,5000000001584177;1,5841772338376359e-10
0,0;3,5;"B=0; Si=3.5";ось кремния;1050,0;пайка и ТО;AL;0,25;0,2499999987205981;-1,2794018899864312e-09
0,0;3,5;"B=0; Si=3.5";ось кремния;1050,0;пайка и ТО;C;0,005;0,004999998567273046;-1,4327269544367471e-09
0,0;3,5;"B=0; Si=3.5";ось кремния;1050,0;пайка и ТО;FE;0,5;0,5000000021299065;2,129906473413712e-09
0,0;3,5;"B=0; Si=3.5";ось кремния;1050,0;пайка и ТО;MN;0,5;0,5000000047261541;4,7261541347154434e-09
0,0;3,5;"B=0; Si=3.5";ось кремния;1050,0;пайка и ТО;NB;0,06;0,05999999999381892;-6,181076483979808e-12
0,0;3,5;"B=0; Si=3.5";ось кремния;1050,0;пайка и ТО;S;0,02;0,02000000306884967;3,0688496709119217e-09
0,0;3,5;"B=0; Si=3.5";ось кремния;1050,0;пайка и ТО;TI;0,1;0,09999999993672362;-6,327638413239356e-11
0,0;3,5;"B=0; Si=3.5";ось кремния;1150,0;пайка и ТО;NI;58,564999;58,56499896170277;-3,8297230275929905e-08
0,0;3,5;"B=0; Si=3.5";ось кремния;1150,0;пайка и ТО;CR;23,5;23,499999984179954;-1,5820045717873654e-08
0,0;3,5;"B=0; Si=3.5";ось кремния;1150,0;пайка и ТО;MO;13,0;13,000000070812689;7,081268904585158e-08
0,0;3,5;"B=0; Si=3.5";ось кремния;1150,0;пайка и ТО;B;1e-06;1,0000681081856227e-06;6,810818562276295e-11
0,0;3,5;"B=0; Si=3.5";ось кремния;1150,0;пайка и ТО;SI;3,5;3,4999999923764147;-7,623585318583537e-09
0,0;3,5;"B=0; Si=3.5";ось кремния;1150,0;пайка и ТО;AL;0,25;0,24999997888185482;-2,1118145177023706e-08
0,0;3,5;"B=0; Si=3.5";ось кремния;1150,0;пайка и ТО;C;0,005;0,005000004760082352;4,76008235172215e-09
0,0;3,5;"B=0; Si=3.5";ось кремния;1150,0;пайка и ТО;FE;0,5;0,49999999948098;-5,190199936500051e-10
0,0;3,5;"B=0; Si=3.5";ось кремния;1150,0;пайка и ТО;MN;0,5;0,5000000041290604;4,1290604269050846e-09
0,0;3,5;"B=0; Si=3.5";ось кремния;1150,0;пайка и ТО;NB;0,06;0,05999999986935198;-1,3064802018014632e-10
0,0;3,5;"B=0; Si=3.5";ось кремния;1150,0;пайка и ТО;S;0,02;0,02000000395244413;3,952444128929589e-09
0,0;3,5;"B=0; Si=3.5";ось кремния;1150,0;пайка и ТО;TI;0,1;0,09999999978629477;-2,1370523406449848e-10
0,0;3,5;"B=0; Si=3.5";ось кремния;1200,0;пайка и ТО;NI;58,564999;58,56499901989001;1,9890009639311756e-08
0,0;3,5;"B=0; Si=3.5";ось кремния;1200,0;пайка и ТО;CR;23,5;23,50000000369227;3,6922713775311422e-09
0,0;3,5;"B=0; Si=3.5";ось кремния;1200,0;пайка и ТО;MO;13,0;12,9999999866614;-1,3338599558210262e-08
0,0;3,5;"B=0; Si=3.5";ось кремния;1200,0;пайка и ТО;B;1e-06;9,998446200400928e-07;-1,553799599071173e-10
0,0;3,5;"B=0; Si=3.5";ось кремния;1200,0;пайка и ТО;SI;3,5;3,500000000847966;8,479661417482021e-10
0,0;3,5;"B=0; Si=3.5";ось кремния;1200,0;пайка и ТО;AL;0,25;0,2499999995738429;-4,26157109600922e-10
0,0;3,5;"B=0; Si=3.5";ось кремния;1200,0;пайка и ТО;C;0,005;0,004999998869914683;-1,130085316991547e-09
0,0;3,5;"B=0; Si=3.5";ось кремния;1200,0;пайка и ТО;FE;0,5;0,5000000000830646;8,30645552341025e-11
0,0;3,5;"B=0; Si=3.5";ось кремния;1200,0;пайка и ТО;MN;0,5;0,4999999929492012;-7,05079877816317e-09
0,0;3,5;"B=0; Si=3.5";ось кремния;1200,0;пайка и ТО;NB;0,06;0,06000000003471013;3,471013060307726e-11
0,0;3,5;"B=0; Si=3.5";ось кремния;1200,0;пайка и ТО;S;0,02;0,019999997496258397;-2,503741602932763e-09
0,0;3,5;"B=0; Si=3.5";ось кремния;1200,0;пайка и ТО;TI;0,1;0,10000000005673919;5,673918279658352e-11
0,0;5,0;"B=0; Si=5";ось кремния, перекрёстные узлы;700,0;служба;NI;57,064999;57,0649990184276;1,842759900227975e-08
0,0;5,0;"B=0; Si=5";ось кремния, перекрёстные узлы;700,0;служба;CR;23,5;23,4999999641023;-3,589769903555862e-08
0,0;5,0;"B=0; Si=5";ось кремния, перекрёстные узлы;700,0;служба;MO;13,0;13,000000013259628;1,3259628062201045e-08
0,0;5,0;"B=0; Si=5";ось кремния, перекрёстные узлы;700,0;служба;B;1e-06;9,96532984810814e-07;-3,467015189186015e-09
0,0;5,0;"B=0; Si=5";ось кремния, перекрёстные узлы;700,0;служба;SI;5,0;5,000000017145564;1,714556407961254e-08
0,0;5,0;"B=0; Si=5";ось кремния, перекрёстные узлы;700,0;служба;AL;0,25;0,249999992719502;-7,2804980100205086e-09
0,0;5,0;"B=0; Si=5";ось кремния, перекрёстные узлы;700,0;служба;C;0,005;0,004999996589890448;-3,410109552376417e-09
0,0;5,0;"B=0; Si=5";ось кремния, перекрёстные узлы;700,0;служба;FE;0,5;0,5000000017520241;1,752024081369541e-09
0,0;5,0;"B=0; Si=5";ось кремния, перекрёстные узлы;700,0;служба;MN;0,5;0,4999999989511304;-1,048869602282565e-09
0,0;5,0;"B=0; Si=5";ось кремния, перекрёстные узлы;700,0;служба;NB;0,06;0,06000000038750077;3,875007745235415e-10
0,0;5,0;"B=0; Si=5";ось кремния, перекрёстные узлы;700,0;служба;S;0,02;0,019999999270861196;-7,291388048891179e-10
0,0;5,0;"B=0; Si=5";ось кремния, перекрёстные узлы;700,0;служба;TI;0,1;0,10000000086101285;8,610128443553577e-10
0,0;5,0;"B=0; Si=5";ось кремния, перекрёстные узлы;750,0;служба;NI;57,064999;0,0;-57,064999
0,0;5,0;"B=0; Si=5";ось кремния, перекрёстные узлы;750,0;служба;CR;23,5;0,0;-23,5
0,0;5,0;"B=0; Si=5";ось кремния, перекрёстные узлы;750,0;служба;MO;13,0;0,0;-13,0
0,0;5,0;"B=0; Si=5";ось кремния, перекрёстные узлы;750,0;служба;B;1e-06;0,0;-1e-06
0,0;5,0;"B=0; Si=5";ось кремния, перекрёстные узлы;750,0;служба;SI;5,0;0,0;-5,0
0,0;5,0;"B=0; Si=5";ось кремния, перекрёстные узлы;750,0;служба;AL;0,25;0,0;-0,25
0,0;5,0;"B=0; Si=5";ось кремния, перекрёстные узлы;750,0;служба;C;0,005;0,0;-0,005
0,0;5,0;"B=0; Si=5";ось кремния, перекрёстные узлы;750,0;служба;FE;0,5;0,0;-0,5
0,0;5,0;"B=0; Si=5";ось кремния, перекрёстные узлы;750,0;служба;MN;0,5;0,0;-0,5
0,0;5,0;"B=0; Si=5";ось кремния, перекрёстные узлы;750,0;служба;NB;0,06;0,0;-0,06
0,0;5,0;"B=0; Si=5";ось кремния, перекрёстные узлы;750,0;служба;S;0,02;0,0;-0,02
0,0;5,0;"B=0; Si=5";ось кремния, перекрёстные узлы;750,0;служба;TI;0,1;0,0;-0,1
0,0;5,0;"B=0; Si=5";ось кремния, перекрёстные узлы;1050,0;пайка и ТО;NI;57,064999;57,06499902184838;2,1848379105904314e-08
0,0;5,0;"B=0; Si=5";ось кремния, перекрёстные узлы;1050,0;пайка и ТО;CR;23,5;23,500000033432354;3,343235377428755e-08
0,0;5,0;"B=0; Si=5";ось кремния, перекрёстные узлы;1050,0;пайка и ТО;MO;13,0;12,999999921731938;-7,826806225352811e-08
0,0;5,0;"B=0; Si=5";ось кремния, перекрёстные узлы;1050,0;пайка и ТО;B;1e-06;1,004952886976024e-06;4,952886976024142e-09
0,0;5,0;"B=0; Si=5";ось кремния, перекрёстные узлы;1050,0;пайка и ТО;SI;5,0;5,0000000089008285;8,900828518676462e-09
0,0;5,0;"B=0; Si=5";ось кремния, перекрёстные узлы;1050,0;пайка и ТО;AL;0,25;0,24999999779335513;-2,2066448668311978e-09
0,0;5,0;"B=0; Si=5";ось кремния, перекрёстные узлы;1050,0;пайка и ТО;C;0,005;0,005000003697222557;3,697222556754698e-09
0,0;5,0;"B=0; Si=5";ось кремния, перекрёстные узлы;1050,0;пайка и ТО;FE;0,5;0,49999999532550204;-4,67449795538144e-09
0,0;5,0;"B=0; Si=5";ось кремния, перекрёстные узлы;1050,0;пайка и ТО;MN;0,5;0,5000000075308713;7,530871259930905e-09
0,0;5,0;"B=0; Si=5";ось кремния, перекрёстные узлы;1050,0;пайка и ТО;NB;0,06;0,060000000108949125;1,0894912749748187e-10
0,0;5,0;"B=0; Si=5";ось кремния, перекрёстные узлы;1050,0;пайка и ТО;S;0,02;0,02000000392202771;3,922027709546416e-09
0,0;5,0;"B=0; Si=5";ось кремния, перекрёстные узлы;1050,0;пайка и ТО;TI;0,1;0,10000000075569958;7,55699572363433e-10
0,0;5,0;"B=0; Si=5";ось кремния, перекрёстные узлы;1150,0;пайка и ТО;NI;57,064999;57,06499899901653;-9,834693059929123e-10
0,0;5,0;"B=0; Si=5";ось кремния, перекрёстные узлы;1150,0;пайка и ТО;CR;23,5;23,49999999974023;-2,5977087148021383e-10
0,0;5,0;"B=0; Si=5";ось кремния, перекрёстные узлы;1150,0;пайка и ТО;MO;13,0;13,000000000004084;4,083844373781176e-12
0,0;5,0;"B=0; Si=5";ось кремния, перекрёстные узлы;1150,0;пайка и ТО;B;1e-06;1,0000691812793683e-06;6,918127936832092e-11
0,0;5,0;"B=0; Si=5";ось кремния, перекрёстные узлы;1150,0;пайка и ТО;SI;5,0;4,99999999968101;-3,189901676137197e-10
0,0;5,0;"B=0; Si=5";ось кремния, перекрёстные узлы;1150,0;пайка и ТО;AL;0,25;0,2500000001266602;1,266601823424196e-10
0,0;5,0;"B=0; Si=5";ось кремния, перекрёстные узлы;1150,0;пайка и ТО;C;0,005;0,005000000000886469;8,864688497145501e-13
0,0;5,0;"B=0; Si=5";ось кремния, перекрёстные узлы;1150,0;пайка и ТО;FE;0,5;0,49999999999545575;-4,544253862093228e-12
0,0;5,0;"B=0; Si=5";ось кремния, перекрёстные узлы;1150,0;пайка и ТО;MN;0,5;0,5000000001784127;1,784127290349602e-10
0,0;5,0;"B=0; Si=5";ось кремния, перекрёстные узлы;1150,0;пайка и ТО;NB;0,06;0,06000000000550593;5,505929046023539e-12
0,0;5,0;"B=0; Si=5";ось кремния, перекрёстные узлы;1150,0;пайка и ТО;S;0,02;0,020000001175455355;1,1754553545795243e-09
0,0;5,0;"B=0; Si=5";ось кремния, перекрёстные узлы;1150,0;пайка и ТО;TI;0,1;0,1000000000066002;6,600192614669709e-12
0,0;5,0;"B=0; Si=5";ось кремния, перекрёстные узлы;1200,0;пайка и ТО;NI;57,064999;57,064998999378346;-6,216538395165117e-10
0,0;5,0;"B=0; Si=5";ось кремния, перекрёстные узлы;1200,0;пайка и ТО;CR;23,5;23,49999999895579;-1,0442100517593644e-09
0,0;5,0;"B=0; Si=5";ось кремния, перекрёстные узлы;1200,0;пайка и ТО;MO;13,0;12,999999999603963;-3,9603698098744644e-10
0,0;5,0;"B=0; Si=5";ось кремния, перекрёстные узлы;1200,0;пайка и ТО;B;1e-06;1,0001280585963649e-06;1,2805859636491348e-10
0,0;5,0;"B=0; Si=5";ось кремния, перекрёстные узлы;1200,0;пайка и ТО;SI;5,0;4,999999999961439;-3,856115426970064e-11
0,0;5,0;"B=0; Si=5";ось кремния, перекрёстные узлы;1200,0;пайка и ТО;AL;0,25;0,24999999996170252;-3,829747630135216e-11
0,0;5,0;"B=0; Si=5";ось кремния, перекрёстные узлы;1200,0;пайка и ТО;C;0,005;0,00499999999258314;-7,416860528519642e-12
0,0;5,0;"B=0; Si=5";ось кремния, перекрёстные узлы;1200,0;пайка и ТО;FE;0,5;0,4999999999890652;-1,0934808614138092e-11
0,0;5,0;"B=0; Si=5";ось кремния, перекрёстные узлы;1200,0;пайка и ТО;MN;0,5;0,5000000011132918;1,113291792087523e-09
0,0;5,0;"B=0; Si=5";ось кремния, перекрёстные узлы;1200,0;пайка и ТО;NB;0,06;0,06000000000167814;1,6781437350843476e-12
0,0;5,0;"B=0; Si=5";ось кремния, перекрёстные узлы;1200,0;пайка и ТО;S;0,02;0,02000000091692712;9,169271210363039e-10
0,0;5,0;"B=0; Si=5";ось кремния, перекрёстные узлы;1200,0;пайка и ТО;TI;0,1;0,0999999999971394;-2,8606006452491783e-12
0,1;0,1;"B=0.1; Si=0.1";ось бора;700,0;служба;NI;61,864999999999995;61,86500001293858;1,2938585314259399e-08
0,1;0,1;"B=0.1; Si=0.1";ось бора;700,0;служба;CR;23,5;23,49999996666354;-3,3336458926669366e-08
0,1;0,1;"B=0.1; Si=0.1";ось бора;700,0;служба;MO;13,0;13,000000026484397;2,64843968977857e-08
0,1;0,1;"B=0.1; Si=0.1";ось бора;700,0;служба;B;0,1;0,10000000029695325;2,969532397756325e-10
0,1;0,1;"B=0.1; Si=0.1";ось бора;700,0;служба;SI;0,1;0,09999999991358856;-8,64114474419253e-11
0,1;0,1;"B=0.1; Si=0.1";ось бора;700,0;служба;AL;0,25;0,25000000121977806;1,2197780563383276e-09
0,1;0,1;"B=0.1; Si=0.1";ось бора;700,0;служба;C;0,005;0,004999994043880773;-5,956119227164269e-09
0,1;0,1;"B=0.1; Si=0.1";ось бора;700,0;служба;FE;0,5;0,5000000000197182;1,9718227051157555e-11
0,1;0,1;"B=0.1; Si=0.1";ось бора;700,0;служба;MN;0,5;0,4999999999631835;-3,6816494297653435e-11
0,1;0,1;"B=0.1; Si=0.1";ось бора;700,0;служба;NB;0,06;0,05999999993319798;-6,680201530828711e-11
0,1;0,1;"B=0.1; Si=0.1";ось бора;700,0;служба;S;0,02;0,019999999738273624;-2,6172637668242515e-10
0,1;0,1;"B=0.1; Si=0.1";ось бора;700,0;служба;TI;0,1;0,09999999878489123;-1,2151087774858738e-09
0,1;0,1;"B=0.1; Si=0.1";ось бора;750,0;служба;NI;61,864999999999995;61,8649999690212;-3,097879641700274e-08
0,1;0,1;"B=0.1; Si=0.1";ось бора;750,0;служба;CR;23,5;23,500000006497626;6,497625548718133e-09
0,1;0,1;"B=0.1; Si=0.1";ось бора;750,0;служба;MO;13,0;13,000000020959597;2,0959596724878793e-08
0,1;0,1;"B=0.1; Si=0.1";ось бора;750,0;служба;B;0,1;0,09999999981779914;-1,8220086550613246e-10
0,1;0,1;"B=0.1; Si=0.1";ось бора;750,0;служба;SI;0,1;0,09999999983670359;-1,6329641805423734e-10
0,1;0,1;"B=0.1; Si=0.1";ось бора;750,0;служба;AL;0,25;0,24999999749475327;-2,5052467322872474e-09
0,1;0,1;"B=0.1; Si=0.1";ось бора;750,0;служба;C;0,005;0,005000000599153379;5,991533788204939e-10
0,1;0,1;"B=0.1; Si=0.1";ось бора;750,0;служба;FE;0,5;0,49999999918712545;-8,128745454527575e-10
0,1;0,1;"B=0.1; Si=0.1";ось бора;750,0;служба;MN;0,5;0,5000000041808561;4,180856105762132e-09
0,1;0,1;"B=0.1; Si=0.1";ось бора;750,0;служба;NB;0,06;0,05999999998146742;-1,8532578249796927e-11
0,1;0,1;"B=0.1; Si=0.1";ось бора;750,0;служба;S;0,02;0,020000002590131204;2,590131203267232e-09
0,1;0,1;"B=0.1; Si=0.1";ось бора;750,0;служба;TI;0,1;0,09999999983359721;-1,664027943215629e-10
0,1;0,1;"B=0.1; Si=0.1";ось бора;1050,0;пайка и ТО;NI;61,864999999999995;61,86499999583188;-4,168114742242324e-09
0,1;0,1;"B=0.1; Si=0.1";ось бора;1050,0;пайка и ТО;CR;23,5;23,499999997840316;-2,159683987201788e-09
0,1;0,1;"B=0.1; Si=0.1";ось бора;1050,0;пайка и ТО;MO;13,0;12,999999999486134;-5,138662828585439e-10
0,1;0,1;"B=0.1; Si=0.1";ось бора;1050,0;пайка и ТО;B;0,1;0,10000000003077422;3,077421650843348e-11
0,1;0,1;"B=0.1; Si=0.1";ось бора;1050,0;пайка и ТО;SI;0,1;0,09999999999381429;-6,185718604001522e-12
0,1;0,1;"B=0.1; Si=0.1";ось бора;1050,0;пайка и ТО;AL;0,25;0,2499999995328347;-4,67165306439199e-10
0,1;0,1;"B=0.1; Si=0.1";ось бора;1050,0;пайка и ТО;C;0,005;0,004999999967183592;-3,2816408444824585e-11
0,1;0,1;"B=0.1; Si=0.1";ось бора;1050,0;пайка и ТО;FE;0,5;0,4999999999575813;-4,2418679679911975e-11
0,1;0,1;"B=0.1; Si=0.1";ось бора;1050,0;пайка и ТО;MN;0,5;0,500000004735317;4,73531702738228e-09
0,1;0,1;"B=0.1; Si=0.1";ось бора;1050,0;пайка и ТО;NB;0,06;0,05999999999435971;-5,6402868486848945e-12
0,1;0,1;"B=0.1; Si=0.1";ось бора;1050,0;пайка и ТО;S;0,02;0,020000002640564448;2,6405644476534817e-09
0,1;0,1;"B=0.1; Si=0.1";ось бора;1050,0;пайка и ТО;TI;0,1;0,09999999998923724;-1,0762765678684616e-11
0,1;0,1;"B=0.1; Si=0.1";ось бора;1150,0;пайка и ТО;NI;61,864999999999995;61,865000000704136;7,041407457109017e-10
0,1;0,1;"B=0.1; Si=0.1";ось бора;1150,0;пайка и ТО;CR;23,5;23,499999999848555;-1,5144507869990775e-10
0,1;0,1;"B=0.1; Si=0.1";ось бора;1150,0;пайка и ТО;MO;13,0;12,999999998940416;-1,0595844202043736e-09
0,1;0,1;"B=0.1; Si=0.1";ось бора;1150,0;пайка и ТО;B;0,1;0,09999999989903995;-1,009600597567939e-10
0,1;0,1;"B=0.1; Si=0.1";ось бора;1150,0;пайка и ТО;SI;0,1;0,1000000000041743;4,1742997947125104e-12
0,1;0,1;"B=0.1; Si=0.1";ось бора;1150,0;пайка и ТО;AL;0,25;0,24999999882692311;-1,1730768856299534e-09
0,1;0,1;"B=0.1; Si=0.1";ось бора;1150,0;пайка и ТО;C;0,005;0,004999999961203622;-3,87963784362344e-11
0,1;0,1;"B=0.1; Si=0.1";ось бора;1150,0;пайка и ТО;FE;0,5;0,4999999999882361;-1,1763923168928159e-11
0,1;0,1;"B=0.1; Si=0.1";ось бора;1150,0;пайка и ТО;MN;0,5;0,5000000011465825;1,146582495614723e-09
0,1;0,1;"B=0.1; Si=0.1";ось бора;1150,0;пайка и ТО;NB;0,06;0,059999999997936544;-2,063453574674412e-12
0,1;0,1;"B=0.1; Si=0.1";ось бора;1150,0;пайка и ТО;S;0,02;0,020000000687114914;6,871149135778687e-10
0,1;0,1;"B=0.1; Si=0.1";ось бора;1150,0;пайка и ТО;TI;0,1;0,09999999999569525;-4,304751000105966e-12
0,1;0,1;"B=0.1; Si=0.1";ось бора;1200,0;пайка и ТО;NI;61,864999999999995;61,86500000594372;5,943725511770026e-09
0,1;0,1;"B=0.1; Si=0.1";ось бора;1200,0;пайка и ТО;CR;23,5;23,50000000191419;1,9141914719966735e-09
0,1;0,1;"B=0.1; Si=0.1";ось бора;1200,0;пайка и ТО;MO;13,0;13,000000000687702;6,877023395190918e-10
0,1;0,1;"B=0.1; Si=0.1";ось бора;1200,0;пайка и ТО;B;0,1;0,09999999997571062;-2,4289389943810136e-11
0,1;0,1;"B=0.1; Si=0.1";ось бора;1200,0;пайка и ТО;SI;0,1;0,10000000000669333;6,6933264486479516e-12
0,1;0,1;"B=0.1; Si=0.1";ось бора;1200,0;пайка и ТО;AL;0,25;0,24999999956079338;-4,3920661552121487e-10
0,1;0,1;"B=0.1; Si=0.1";ось бора;1200,0;пайка и ТО;C;0,005;0,005000000015446663;1,54466630458705e-11
0,1;0,1;"B=0.1; Si=0.1";ось бора;1200,0;пайка и ТО;FE;0,5;0,5000000000337079;3,370792533985423e-11
0,1;0,1;"B=0.1; Si=0.1";ось бора;1200,0;пайка и ТО;MN;0,5;0,4999999948217906;-5,1782094168117965e-09
0,1;0,1;"B=0.1; Si=0.1";ось бора;1200,0;пайка и ТО;NB;0,06;0,06000000000541955;5,419553694707702e-12
0,1;0,1;"B=0.1; Si=0.1";ось бора;1200,0;пайка и ТО;S;0,02;0,019999997026734613;-2,9732653873681958e-09
0,1;0,1;"B=0.1; Si=0.1";ось бора;1200,0;пайка и ТО;TI;0,1;0,1000000000080983;8,09829980852328e-12
0,3;0,1;"B=0.3; Si=0.1";ось бора;700,0;служба;NI;61,665;61,66500001385377;1,3853771463345765e-08
0,3;0,1;"B=0.3; Si=0.1";ось бора;700,0;служба;CR;23,5;23,49999998255891;-1,7441088573377783e-08
0,3;0,1;"B=0.3; Si=0.1";ось бора;700,0;служба;MO;13,0;13,000000002966956;2,9669564582945895e-09
0,3;0,1;"B=0.3; Si=0.1";ось бора;700,0;служба;B;0,3;0,3000000000319056;3,190558928167775e-11
0,3;0,1;"B=0.3; Si=0.1";ось бора;700,0;служба;SI;0,1;0,10000000005419445;5,41944406018402e-11
0,3;0,1;"B=0.3; Si=0.1";ось бора;700,0;служба;AL;0,25;0,24999999997726363;-2,2736368343601043e-11
0,3;0,1;"B=0.3; Si=0.1";ось бора;700,0;служба;C;0,005;0,004999997350147963;-2,6498520374479417e-09
0,3;0,1;"B=0.3; Si=0.1";ось бора;700,0;служба;FE;0,5;0,49999999954373253;-4,562674682517809e-10
0,3;0,1;"B=0.3; Si=0.1";ось бора;700,0;служба;MN;0,5;0,5000000029766978;2,9766977771572556e-09
0,3;0,1;"B=0.3; Si=0.1";ось бора;700,0;служба;NB;0,06;0,060000000023938196;2,3938198645545583e-11
0,3;0,1;"B=0.3; Si=0.1";ось бора;700,0;служба;S;0,02;0,02000000112554505;1,1255450495240016e-09
0,3;0,1;"B=0.3; Si=0.1";ось бора;700,0;служба;TI;0,1;0,09999999953696342;-4,630365812996473e-10
0,3;0,1;"B=0.3; Si=0.1";ось бора;750,0;служба;NI;61,665;61,66500004208331;4,2083307505436096e-08
0,3;0,1;"B=0.3; Si=0.1";ось бора;750,0;служба;CR;23,5;23,499999982282326;-1,771767443869976e-08
0,3;0,1;"B=0.3; Si=0.1";ось бора;750,0;служба;MO;13,0;12,999999985094071;-1,4905928935604607e-08
0,3;0,1;"B=0.3; Si=0.1";ось бора;750,0;служба;B;0,3;0,2999999991695633;-8,304366638789418e-10
0,3;0,1;"B=0.3; Si=0.1";ось бора;750,0;служба;SI;0,1;0,09999999995721032;-4,2789688459166086e-11
0,3;0,1;"B=0.3; Si=0.1";ось бора;750,0;служба;AL;0,25;0,2499999996935134;-3,0648661386578624e-10
0,3;0,1;"B=0.3; Si=0.1";ось бора;750,0;служба;C;0,005;0,004999997133746052;-2,8662539477281035e-09
0,3;0,1;"B=0.3; Si=0.1";ось бора;750,0;служба;FE;0,5;0,5000000001490824;1,4908241308120296e-10
0,3;0,1;"B=0.3; Si=0.1";ось бора;750,0;служба;MN;0,5;0,49999999689794367;-3,1020563340256047e-09
0,3;0,1;"B=0.3; Si=0.1";ось бора;750,0;служба;NB;0,06;0,06000000005837091;5,837091227034463e-11
0,3;0,1;"B=0.3; Si=0.1";ось бора;750,0;служба;S;0,02;0,019999997974731624;-2,025268376615319e-09
0,3;0,1;"B=0.3; Si=0.1";ось бора;750,0;служба;TI;0,1;0,09999999950616127;-4,938387337949379e-10
0,3;0,1;"B=0.3; Si=0.1";ось бора;1050,0;пайка и ТО;NI;61,665;61,66499999082475;-9,175252557724889e-09
0,3;0,1;"B=0.3; Si=0.1";ось бора;1050,0;пайка и ТО;CR;23,5;23,499999998330274;-1,6697256910447322e-09
0,3;0,1;"B=0.3; Si=0.1";ось бора;1050,0;пайка и ТО;MO;13,0;13,000000001619362;1,6193624219340563e-09
0,3;0,1;"B=0.3; Si=0.1";ось бора;1050,0;пайка и ТО;B;0,3;0,30000000018097683;1,8097684462148322e-10
0,3;0,1;"B=0.3; Si=0.1";ось бора;1050,0;пайка и ТО;SI;0,1;0,09999999999193616;-8,063841261396476e-12
0,3;0,1;"B=0.3; Si=0.1";ось бора;1050,0;пайка и ТО;AL;0,25;0,25000000160028535;1,6002853486796198e-09
0,3;0,1;"B=0.3; Si=0.1";ось бора;1050,0;пайка и ТО;C;0,005;0,004999999984785967;-1,521403315829506e-11
0,3;0,1;"B=0.3; Si=0.1";ось бора;1050,0;пайка и ТО;FE;0,5;0,49999999996396355;-3,60364516005518e-11
0,3;0,1;"B=0.3; Si=0.1";ось бора;1050,0;пайка и ТО;MN;0,5;0,5000000047175328;4,717532808840019e-09
0,3;0,1;"B=0.3; Si=0.1";ось бора;1050,0;пайка и ТО;NB;0,06;0,059999999997757035;-2,242962759968492e-12
0,3;0,1;"B=0.3; Si=0.1";ось бора;1050,0;пайка и ТО;S;0,02;0,020000002796038106;2,796038105906673e-09
0,3;0,1;"B=0.3; Si=0.1";ось бора;1050,0;пайка и ТО;TI;0,1;0,09999999999232871;-7,671294155464636e-12
0,3;0,1;"B=0.3; Si=0.1";ось бора;1150,0;пайка и ТО;NI;61,665;61,66499999234031;-7,659686218630668e-09
0,3;0,1;"B=0.3; Si=0.1";ось бора;1150,0;пайка и ТО;CR;23,5;23,499999997206924;-2,7930759927130566e-09
0,3;0,1;"B=0.3; Si=0.1";ось бора;1150,0;пайка и ТО;MO;13,0;13,00000000025915;2,5914914658642374e-10
0,3;0,1;"B=0.3; Si=0.1";ось бора;1150,0;пайка и ТО;B;0,3;0,299999999998913;-1,0869638522592595e-12
0,3;0,1;"B=0.3; Si=0.1";ось бора;1150,0;пайка и ТО;SI;0,1;0,0999999999928526;-7,1474076657196406e-12
0,3;0,1;"B=0.3; Si=0.1";ось бора;1150,0;пайка и ТО;AL;0,25;0,24999999968599476;-3,140052384775771e-10
0,3;0,1;"B=0.3; Si=0.1";ось бора;1150,0;пайка и ТО;C;0,005;0,004999999983837018;-1,6162982410805604e-11
0,3;0,1;"B=0.3; Si=0.1";ось бора;1150,0;пайка и ТО;FE;0,5;0,49999999994561795;-5,438205441521404e-11
0,3;0,1;"B=0.3; Si=0.1";ось бора;1150,0;пайка и ТО;MN;0,5;0,5000000065752236;6,5752235878235865e-09
0,3;0,1;"B=0.3; Si=0.1";ось бора;1150,0;пайка и ТО;NB;0,06;0,05999999999085222;-9,147779755913632e-12
0,3;0,1;"B=0.3; Si=0.1";ось бора;1150,0;пайка и ТО;S;0,02;0,02000000403545504;4,03545503957492e-09
0,3;0,1;"B=0.3; Si=0.1";ось бора;1150,0;пайка и ТО;TI;0,1;0,09999999998489101;-1,510899738654814e-11
0,3;0,1;"B=0.3; Si=0.1";ось бора;1200,0;пайка и ТО;NI;61,665;61,665000006110105;6,110106198775611e-09
0,3;0,1;"B=0.3; Si=0.1";ось бора;1200,0;пайка и ТО;CR;23,5;23,500000002631975;2,631974638234169e-09
0,3;0,1;"B=0.3; Si=0.1";ось бора;1200,0;пайка и ТО;MO;13,0;12,99999999858482;-1,415180861386034e-09
0,3;0,1;"B=0.3; Si=0.1";ось бора;1200,0;пайка и ТО;B;0,3;0,29999999991693993;-8,306005883085277e-11
0,3;0,1;"B=0.3; Si=0.1";ось бора;1200,0;пайка и ТО;SI;0,1;0,10000000000852112;8,521114369663962e-12
0,3;0,1;"B=0.3; Si=0.1";ось бора;1200,0;пайка и ТО;AL;0,25;0,24999999962660877;-3,7339123459823043e-10
0,3;0,1;"B=0.3; Si=0.1";ось бора;1200,0;пайка и ТО;C;0,005;0,005000000063587564;6,358756403368471e-11
0,3;0,1;"B=0.3; Si=0.1";ось бора;1200,0;пайка и ТО;FE;0,5;0,5000000000464169;4,641687034734332e-11
0,3;0,1;"B=0.3; Si=0.1";ось бора;1200,0;пайка и ТО;MN;0,5;0,49999999489874347;-5,101256528305953e-09
0,3;0,1;"B=0.3; Si=0.1";ось бора;1200,0;пайка и ТО;NB;0,06;0,060000000007528205;7,528207224272165e-12
0,3;0,1;"B=0.3; Si=0.1";ось бора;1200,0;пайка и ТО;S;0,02;0,019999998094650334;-1,9053496662368996e-09
0,3;0,1;"B=0.3; Si=0.1";ось бора;1200,0;пайка и ТО;TI;0,1;0,10000000001011078;1,0110773329685685e-11
0,5;0,1;"B=0.5; Si=0.1";ось бора, перекрёстные узлы;700,0;служба;NI;61,464999999999996;61,46499998225422;-1,7745776403899072e-08
0,5;0,1;"B=0.5; Si=0.1";ось бора, перекрёстные узлы;700,0;служба;CR;23,5;23,500000012108345;1,2108344549233152e-08
0,5;0,1;"B=0.5; Si=0.1";ось бора, перекрёстные узлы;700,0;служба;MO;13,0;12,999999992942383;-7,057616713268544e-09
0,5;0,1;"B=0.5; Si=0.1";ось бора, перекрёстные узлы;700,0;служба;B;0,5;0,4999999994391749;-5,608251085753579e-10
0,5;0,1;"B=0.5; Si=0.1";ось бора, перекрёстные узлы;700,0;служба;SI;0,1;0,09999999987649107;-1,2350893918711137e-10
0,5;0,1;"B=0.5; Si=0.1";ось бора, перекрёстные узлы;700,0;служба;AL;0,25;0,2500000015548056;1,5548056175873626e-09
0,5;0,1;"B=0.5; Si=0.1";ось бора, перекрёстные узлы;700,0;служба;C;0,005;0,005000000082874222;8,287422224168006e-11
0,5;0,1;"B=0.5; Si=0.1";ось бора, перекрёстные узлы;700,0;служба;FE;0,5;0,5000000004683411;4,683411436445795e-10
0,5;0,1;"B=0.5; Si=0.1";ось бора, перекрёстные узлы;700,0;служба;MN;0,5;0,5000000068853702;6,885370162912352e-09
0,5;0,1;"B=0.5; Si=0.1";ось бора, перекрёстные узлы;700,0;служба;NB;0,06;0,05999999997464315;-2,5356848565305512e-11
0,5;0,1;"B=0.5; Si=0.1";ось бора, перекрёстные узлы;700,0;служба;S;0,02;0,020000004364696233;4,364696232911358e-09
0,5;0,1;"B=0.5; Si=0.1";ось бора, перекрёстные узлы;700,0;служба;TI;0,1;0,10000000004867725;4,8677242792116715e-11
0,5;0,1;"B=0.5; Si=0.1";ось бора, перекрёстные узлы;750,0;служба;NI;61,464999999999996;61,46500000727102;7,271026447597251e-09
0,5;0,1;"B=0.5; Si=0.1";ось бора, перекрёстные узлы;750,0;служба;CR;23,5;23,499999993090654;-6,909345984240645e-09
0,5;0,1;"B=0.5; Si=0.1";ось бора, перекрёстные узлы;750,0;служба;MO;13,0;12,99999999854851;-1,451489595183375e-09
0,5;0,1;"B=0.5; Si=0.1";ось бора, перекрёстные узлы;750,0;служба;B;0,5;0,5000000002498257;2,498257156702266e-10
0,5;0,1;"B=0.5; Si=0.1";ось бора, перекрёстные узлы;750,0;служба;SI;0,1;0,10000000004373114;4,3731129828472604e-11
0,5;0,1;"B=0.5; Si=0.1";ось бора, перекрёстные узлы;750,0;служба;AL;0,25;0,2500000011945926;1,1945925915135547e-09
0,5;0,1;"B=0.5; Si=0.1";ось бора, перекрёстные узлы;750,0;служба;C;0,005;0,004999997576839314;-2,423160685993686e-09
0,5;0,1;"B=0.5; Si=0.1";ось бора, перекрёстные узлы;750,0;служба;FE;0,5;0,5000000001414406;1,4144063698040554e-10
0,5;0,1;"B=0.5; Si=0.1";ось бора, перекрёстные узлы;750,0;служба;MN;0,5;0,5000000012864605;1,2864604936879687e-09
0,5;0,1;"B=0.5; Si=0.1";ось бора, перекрёстные узлы;750,0;служба;NB;0,06;0,06000000002136443;2,1364431057602218e-11
0,5;0,1;"B=0.5; Si=0.1";ось бора, перекрёстные узлы;750,0;служба;S;0,02;0,020000000740795495;7,40795494391655e-10
0,5;0,1;"B=0.5; Si=0.1";ось бора, перекрёстные узлы;750,0;служба;TI;0,1;0,09999999983476024;-1,6523976631432902e-10
0,5;0,1;"B=0.5; Si=0.1";ось бора, перекрёстные узлы;1050,0;пайка и ТО;NI;61,464999999999996;61,464999991288025;-8,711971588581946e-09
0,5;0,1;"B=0.5; Si=0.1";ось бора, перекрёстные узлы;1050,0;пайка и ТО;CR;23,5;23,499999999401172;-5,988276541302184e-10
0,5;0,1;"B=0.5; Si=0.1";ось бора, перекрёстные узлы;1050,0;пайка и ТО;MO;13,0;12,999999997994527;-2,005473120902934e-09
0,5;0,1;"B=0.5; Si=0.1";ось бора, перекрёстные узлы;1050,0;пайка и ТО;B;0,5;0,500000001040796;1,0407960049363396e-09
0,5;0,1;"B=0.5; Si=0.1";ось бора, перекрёстные узлы;1050,0;пайка и ТО;SI;0,1;0,10000000000066578;6,657729922920907e-13
0,5;0,1;"B=0.5; Si=0.1";ось бора, перекрёстные узлы;1050,0;пайка и ТО;AL;0,25;0,250000002907838;2,907838025922871e-09
0,5;0,1;"B=0.5; Si=0.1";ось бора, перекрёстные узлы;1050,0;пайка и ТО;C;0,005;0,004999999994835971;-5,164028926696318e-12
0,5;0,1;"B=0.5; Si=0.1";ось бора, перекрёстные узлы;1050,0;пайка и ТО;FE;0,5;0,49999999997089783;-2,9102165122196766e-11
0,5;0,1;"B=0.5; Si=0.1";ось бора, перекрёстные узлы;1050,0;пайка и ТО;MN;0,5;0,5000000036206582;3,620658217684536e-09
0,5;0,1;"B=0.5; Si=0.1";ось бора, перекрёстные узлы;1050,0;пайка и ТО;NB;0,06;0,0599999999921664;-7,833594883877026e-12
0,5;0,1;"B=0.5; Si=0.1";ось бора, перекрёстные узлы;1050,0;пайка и ТО;S;0,02;0,020000001245920464;1,2459204640213883e-09
0,5;0,1;"B=0.5; Si=0.1";ось бора, перекрёстные узлы;1050,0;пайка и ТО;TI;0,1;0,10000000254249361;2,5424936045403967e-09
0,5;0,1;"B=0.5; Si=0.1";ось бора, перекрёстные узлы;1150,0;пайка и ТО;NI;61,464999999999996;61,464999994186925;-5,813070913518459e-09
0,5;0,1;"B=0.5; Si=0.1";ось бора, перекрёстные узлы;1150,0;пайка и ТО;CR;23,5;23,499999995951573;-4,048427371117214e-09
0,5;0,1;"B=0.5; Si=0.1";ось бора, перекрёстные узлы;1150,0;пайка и ТО;MO;13,0;13,000000003072842;3,0728415367775597e-09
0,5;0,1;"B=0.5; Si=0.1";ось бора, перекрёстные узлы;1150,0;пайка и ТО;B;0,5;0,5000000008778538;8,778537896603211e-10
0,5;0,1;"B=0.5; Si=0.1";ось бора, перекрёстные узлы;1150,0;пайка и ТО;SI;0,1;0,09999999998781406;-1,2185946696163796e-11
0,5;0,1;"B=0.5; Si=0.1";ось бора, перекрёстные узлы;1150,0;пайка и ТО;AL;0,25;0,2499999974949512;-2,5050488072775323e-09
0,5;0,1;"B=0.5; Si=0.1";ось бора, перекрёстные узлы;1150,0;пайка и ТО;C;0,005;0,0049999999460466306;-5,3953369549830654e-11
0,5;0,1;"B=0.5; Si=0.1";ось бора, перекрёстные узлы;1150,0;пайка и ТО;FE;0,5;0,49999999997029737;-2,970262924506528e-11
0,5;0,1;"B=0.5; Si=0.1";ось бора, перекрёстные узлы;1150,0;пайка и ТО;MN;0,5;0,5000000044111672;4,411167209283917e-09
0,5;0,1;"B=0.5; Si=0.1";ось бора, перекрёстные узлы;1150,0;пайка и ТО;NB;0,06;0,059999999980410786;-1,9589212196802208e-11
0,5;0,1;"B=0.5; Si=0.1";ось бора, перекрёстные узлы;1150,0;пайка и ТО;S;0,02;0,020000001030388615;1,0303886147089436e-09
0,5;0,1;"B=0.5; Si=0.1";ось бора, перекрёстные узлы;1150,0;пайка и ТО;TI;0,1;0,10000000308972842;3,089728417560167e-09
0,5;0,1;"B=0.5; Si=0.1";ось бора, перекрёстные узлы;1200,0;пайка и ТО;NI;61,464999999999996;61,46499999963273;-3,672653292596806e-10
0,5;0,1;"B=0.5; Si=0.1";ось бора, перекрёстные узлы;1200,0;пайка и ТО;CR;23,5;23,50000000650905;6,509051075909156e-09
0,5;0,1;"B=0.5; Si=0.1";ось бора, перекрёстные узлы;1200,0;пайка и ТО;MO;13,0;13,00000000287506;2,8750601899218964e-09
0,5;0,1;"B=0.5; Si=0.1";ось бора, перекрёстные узлы;1200,0;пайка и ТО;B;0,5;0,5000000001955747;1,9557466757191833e-10
0,5;0,1;"B=0.5; Si=0.1";ось бора, перекрёстные узлы;1200,0;пайка и ТО;SI;0,1;0,10000000001744812;1,7448112399343074e-11
0,5;0,1;"B=0.5; Si=0.1";ось бора, перекрёстные узлы;1200,0;пайка и ТО;AL;0,25;0,2500000050399257;5,0399256990019126e-09
0,5;0,1;"B=0.5; Si=0.1";ось бора, перекрёстные узлы;1200,0;пайка и ТО;C;0,005;0,005000000047863205;4,786320471905636e-11
0,5;0,1;"B=0.5; Si=0.1";ось бора, перекрёстные узлы;1200,0;пайка и ТО;FE;0,5;0,5000000000378721;3,7872149860618265e-11
0,5;0,1;"B=0.5; Si=0.1";ось бора, перекрёстные узлы;1200,0;пайка и ТО;MN;0,5;0,49999998892039754;-1,1079602457719773e-08
0,5;0,1;"B=0.5; Si=0.1";ось бора, перекрёстные узлы;1200,0;пайка и ТО;NB;0,06;0,060000000018981474;1,8981476113122397e-11
0,5;0,1;"B=0.5; Si=0.1";ось бора, перекрёстные узлы;1200,0;пайка и ТО;S;0,02;0,019999993327440603;-6,6725593973748776e-09
0,5;0,1;"B=0.5; Si=0.1";ось бора, перекрёстные узлы;1200,0;пайка и ТО;TI;0,1;0,10000000337765902;3,377659013592549e-09
0,5;2,0;"B=0.5; Si=2";перекрёстные узлы;700,0;служба;NI;59,565;59,56500009133237;9,133237455216658e-08
0,5;2,0;"B=0.5; Si=2";перекрёстные узлы;700,0;служба;CR;23,5;23,499999803397877;-1,9660212302596847e-07
0,5;2,0;"B=0.5; Si=2";перекрёстные узлы;700,0;служба;MO;13,0;13,00000014094097;1,4094096911776433e-07
0,5;2,0;"B=0.5; Si=2";перекрёстные узлы;700,0;служба;B;0,5;0,4999999967299415;-3,2700585017586548e-09
0,5;2,0;"B=0.5; Si=2";перекрёстные узлы;700,0;служба;SI;2,0;1,99999999484043;-5,15957010449597e-09
0,5;2,0;"B=0.5; Si=2";перекрёстные узлы;700,0;служба;AL;0,25;0,24999999960820654;-3,9179345878714855e-10
0,5;2,0;"B=0.5; Si=2";перекрёстные узлы;700,0;служба;C;0,005;0,004999978370116235;-2,162988376516045e-08
0,5;2,0;"B=0.5; Si=2";перекрёстные узлы;700,0;служба;FE;0,5;0,4999999984251958;-1,574804175952238e-09
0,5;2,0;"B=0.5; Si=2";перекрёстные узлы;700,0;служба;MN;0,5;0,4999999977005448;-2,299455181820065e-09
0,5;2,0;"B=0.5; Si=2";перекрёстные узлы;700,0;служба;NB;0,06;0,05999999985865525;-1,4134474840554745e-10
0,5;2,0;"B=0.5; Si=2";перекрёстные узлы;700,0;служба;S;0,02;0,01999999907982429;-9,201757099341901e-10
0,5;2,0;"B=0.5; Si=2";перекрёстные узлы;700,0;служба;TI;0,1;0,0999999997158854;-2,8411460684107936e-10
0,5;2,0;"B=0.5; Si=2";перекрёстные узлы;750,0;служба;NI;59,565;59,56500005614543;5,6145431415188796e-08
0,5;2,0;"B=0.5; Si=2";перекрёстные узлы;750,0;служба;CR;23,5;23,49999983547902;-1,6452097995056647e-07
0,5;2,0;"B=0.5; Si=2";перекрёстные узлы;750,0;служба;MO;13,0;13,000000133696824;1,3369682427821772e-07
0,5;2,0;"B=0.5; Si=2";перекрёстные узлы;750,0;служба;B;0,5;0,49999999817450863;-1,8254913691784225e-09
0,5;2,0;"B=0.5; Si=2";перекрёстные узлы;750,0;служба;SI;2,0;1,9999999948125726;-5,187427376540654e-09
0,5;2,0;"B=0.5; Si=2";перекрёстные узлы;750,0;служба;AL;0,25;0,25000000062329775;6,232977467490741e-10
0,5;2,0;"B=0.5; Si=2";перекрёстные узлы;750,0;служба;C;0,005;0,004999982585492677;-1,7414507323156025e-08
0,5;2,0;"B=0.5; Si=2";перекрёстные узлы;750,0;служба;FE;0,5;0,4999999985964508;-1,4035492212904899e-09
0,5;2,0;"B=0.5; Si=2";перекрёстные узлы;750,0;служба;MN;0,5;0,49999999999075284;-9,247158594405391e-12
0,5;2,0;"B=0.5; Si=2";перекрёстные узлы;750,0;служба;NB;0,06;0,05999999984651245;-1,5348754905941675e-10
0,5;2,0;"B=0.5; Si=2";перекрёстные узлы;750,0;служба;S;0,02;0,020000000309076983;3,090769827573947e-10
0,5;2,0;"B=0.5; Si=2";перекрёстные узлы;750,0;служба;TI;0,1;0,09999999974007402;-2,5992598351454177e-10
0,5;2,0;"B=0.5; Si=2";перекрёстные узлы;1050,0;пайка и ТО;NI;59,565;59,56499997214526;-2,7854738959831593e-08
0,5;2,0;"B=0.5; Si=2";перекрёстные узлы;1050,0;пайка и ТО;CR;23,5;23,500000015234463;1,5234462580338004e-08
0,5;2,0;"B=0.5; Si=2";перекрёстные узлы;1050,0;пайка и ТО;MO;13,0;13,000000001502654;1,5026540012286205e-09
0,5;2,0;"B=0.5; Si=2";перекрёстные узлы;1050,0;пайка и ТО;B;0,5;0,4999999995265529;-4,734471148459818e-10
0,5;2,0;"B=0.5; Si=2";перекрёстные узлы;1050,0;пайка и ТО;SI;2,0;1,9999999983340648;-1,665935167594057e-09
0,5;2,0;"B=0.5; Si=2";перекрёстные узлы;1050,0;пайка и ТО;AL;0,25;0,2499999964891474;-3,510852608634707e-09
0,5;2,0;"B=0.5; Si=2";перекрёстные узлы;1050,0;пайка и ТО;C;0,005;0,0050000047598801785;4,7598801783746425e-09
0,5;2,0;"B=0.5; Si=2";перекрёстные узлы;1050,0;пайка и ТО;FE;0,5;0,4999999998359933;-1,640066971120291e-10
0,5;2,0;"B=0.5; Si=2";перекрёстные узлы;1050,0;пайка и ТО;MN;0,5;0,5000000069957852;6,995785173380398e-09
0,5;2,0;"B=0.5; Si=2";перекрёстные узлы;1050,0;пайка и ТО;NB;0,06;0,05999999997584359;-2,4156406042141754e-11
0,5;2,0;"B=0.5; Si=2";перекрёстные узлы;1050,0;пайка и ТО;S;0,02;0,020000004631295098;4,63129509742366e-09
0,5;2,0;"B=0.5; Si=2";перекрёстные узлы;1050,0;пайка и ТО;TI;0,1;0,100000000569057;5,690569959693192e-10
0,5;2,0;"B=0.5; Si=2";перекрёстные узлы;1150,0;пайка и ТО;NI;59,565;59,56499992823412;-7,17658750204464e-08
0,5;2,0;"B=0.5; Si=2";перекрёстные узлы;1150,0;пайка и ТО;CR;23,5;23,500000061147283;6,11472827927173e-08
0,5;2,0;"B=0.5; Si=2";перекрёстные узлы;1150,0;пайка и ТО;MO;13,0;13,000000011918338;1,1918338316263544e-08
0,5;2,0;"B=0.5; Si=2";перекрёстные узлы;1150,0;пайка и ТО;B;0,5;0,4999999989036317;-1,096368273945103e-09
0,5;2,0;"B=0.5; Si=2";перекрёстные узлы;1150,0;пайка и ТО;SI;2,0;1,9999999959077104;-4,0922896182848945e-09
0,5;2,0;"B=0.5; Si=2";перекрёстные узлы;1150,0;пайка и ТО;AL;0,25;0,24999999813014817;-1,869851828928404e-09
0,5;2,0;"B=0.5; Si=2";перекрёстные узлы;1150,0;пайка и ТО;C;0,005;0,005000010509276783;1,0509276783012e-08
0,5;2,0;"B=0.5; Si=2";перекрёстные узлы;1150,0;пайка и ТО;FE;0,5;0,4999999992098354;-7,901646004171425e-10
0,5;2,0;"B=0.5; Si=2";перекрёстные узлы;1150,0;пайка и ТО;MN;0,5;0,4999999965189442;-3,4810557769660022e-09
0,5;2,0;"B=0.5; Si=2";перекрёстные узлы;1150,0;пайка и ТО;NB;0,06;0,05999999988560028;-1,1439971886462175e-10
0,5;2,0;"B=0.5; Si=2";перекрёстные узлы;1150,0;пайка и ТО;S;0,02;0,01999999823167286;-1,7683271409663082e-09
0,5;2,0;"B=0.5; Si=2";перекрёстные узлы;1150,0;пайка и ТО;TI;0,1;0,10000000140343497;1,4034349654634681e-09
0,5;2,0;"B=0.5; Si=2";перекрёстные узлы;1200,0;пайка и ТО;NI;59,565;59,56499999145875;-8,541249485460867e-09
0,5;2,0;"B=0.5; Si=2";перекрёстные узлы;1200,0;пайка и ТО;CR;23,5;23,499999995875577;-4,124423469420435e-09
0,5;2,0;"B=0.5; Si=2";перекрёстные узлы;1200,0;пайка и ТО;MO;13,0;13,000000000983785;9,837854975103255e-10
0,5;2,0;"B=0.5; Si=2";перекрёстные узлы;1200,0;пайка и ТО;B;0,5;0,5000000001255617;1,2556167217070424e-10
0,5;2,0;"B=0.5; Si=2";перекрёстные узлы;1200,0;пайка и ТО;SI;2,0;1,9999999996849975;-3,1500246855387104e-10
0,5;2,0;"B=0.5; Si=2";перекрёстные узлы;1200,0;пайка и ТО;AL;0,25;0,2499999985113458;-1,4886541999103997e-09
0,5;2,0;"B=0.5; Si=2";перекрёстные узлы;1200,0;пайка и ТО;C;0,005;0,004999999933428663;-6,657133698462214e-11
0,5;2,0;"B=0.5; Si=2";перекрёстные узлы;1200,0;пайка и ТО;FE;0,5;0,4999999999112628;-8,87371842672735e-11
0,5;2,0;"B=0.5; Si=2";перекрёстные узлы;1200,0;пайка и ТО;MN;0,5;0,5000000084065909;8,406590867870989e-09
0,5;2,0;"B=0.5; Si=2";перекрёстные узлы;1200,0;пайка и ТО;NB;0,06;0,059999999988953986;-1,1046011327842109e-11
0,5;2,0;"B=0.5; Si=2";перекрёстные узлы;1200,0;пайка и ТО;S;0,02;0,020000005139050044;5,139050043151405e-09
0,5;2,0;"B=0.5; Si=2";перекрёстные узлы;1200,0;пайка и ТО;TI;0,1;0,09999999998071324;-1,9286766628212604e-11
0,5;5,0;"B=0.5; Si=5";перекрёстные узлы;700,0;служба;NI;56,565;0,0;-56,565
0,5;5,0;"B=0.5; Si=5";перекрёстные узлы;700,0;служба;CR;23,5;0,0;-23,5
0,5;5,0;"B=0.5; Si=5";перекрёстные узлы;700,0;служба;MO;13,0;0,0;-13,0
0,5;5,0;"B=0.5; Si=5";перекрёстные узлы;700,0;служба;B;0,5;0,0;-0,5
0,5;5,0;"B=0.5; Si=5";перекрёстные узлы;700,0;служба;SI;5,0;0,0;-5,0
0,5;5,0;"B=0.5; Si=5";перекрёстные узлы;700,0;служба;AL;0,25;0,0;-0,25
0,5;5,0;"B=0.5; Si=5";перекрёстные узлы;700,0;служба;C;0,005;0,0;-0,005
0,5;5,0;"B=0.5; Si=5";перекрёстные узлы;700,0;служба;FE;0,5;0,0;-0,5
0,5;5,0;"B=0.5; Si=5";перекрёстные узлы;700,0;служба;MN;0,5;0,0;-0,5
0,5;5,0;"B=0.5; Si=5";перекрёстные узлы;700,0;служба;NB;0,06;0,0;-0,06
0,5;5,0;"B=0.5; Si=5";перекрёстные узлы;700,0;служба;S;0,02;0,0;-0,02
0,5;5,0;"B=0.5; Si=5";перекрёстные узлы;700,0;служба;TI;0,1;0,0;-0,1
0,5;5,0;"B=0.5; Si=5";перекрёстные узлы;750,0;служба;NI;56,565;56,56499989945445;-1,0054554877569899e-07
0,5;5,0;"B=0.5; Si=5";перекрёстные узлы;750,0;служба;CR;23,5;23,500000055673222;5,567322247657103e-08
0,5;5,0;"B=0.5; Si=5";перекрёстные узлы;750,0;служба;MO;13,0;13,000000070415268;7,041526828288625e-08
0,5;5,0;"B=0.5; Si=5";перекрёстные узлы;750,0;служба;B;0,5;0,4999999988803716;-1,119628390000571e-09
0,5;5,0;"B=0.5; Si=5";перекрёстные узлы;750,0;служба;SI;5,0;4,999999979824867;-2,017513267560389e-08
0,5;5,0;"B=0.5; Si=5";перекрёстные узлы;750,0;служба;AL;0,25;0,24999999890987068;-1,0901293201470708e-09
0,5;5,0;"B=0.5; Si=5";перекрёстные узлы;750,0;служба;C;0,005;0,005000004270682287;4,2706822869775785e-09
0,5;5,0;"B=0.5; Si=5";перекрёстные узлы;750,0;служба;FE;0,5;0,49999999780080556;-2,1991944376686945e-09
0,5;5,0;"B=0.5; Si=5";перекрёстные узлы;750,0;служба;MN;0,5;0,4999999972488412;-2,751158800773368e-09
0,5;5,0;"B=0.5; Si=5";перекрёстные узлы;750,0;служба;NB;0,06;0,059999999592006144;-4,0799385397916055e-10
0,5;5,0;"B=0.5; Si=5";перекрёстные узлы;750,0;служба;S;0,02;0,01999999877460325;-1,2253967493491835e-09
0,5;5,0;"B=0.5; Si=5";перекрёстные узлы;750,0;служба;TI;0,1;0,09999999915500127;-8,449987376479839e-10
0,5;5,0;"B=0.5; Si=5";перекрёстные узлы;1050,0;пайка и ТО;NI;56,565;56,56499999458773;-5,4122679671309015e-09
0,5;5,0;"B=0.5; Si=5";перекрёстные узлы;1050,0;пайка и ТО;CR;23,5;23,5000000085158;8,515801397379619e-09
0,5;5,0;"B=0.5; Si=5";перекрёстные узлы;1050,0;пайка и ТО;MO;13,0;12,999999992062726;-7,937273949210066e-09
0,5;5,0;"B=0.5; Si=5";перекрёстные узлы;1050,0;пайка и ТО;B;0,5;0,49999999974403486;-2,5596513797410125e-10
0,5;5,0;"B=0.5; Si=5";перекрёстные узлы;1050,0;пайка и ТО;SI;5,0;4,999999999328412;-6,715881184504724e-10
0,5;5,0;"B=0.5; Si=5";перекрёстные узлы;1050,0;пайка и ТО;AL;0,25;0,2499999999768791;-2,3120894088179966e-11
0,5;5,0;"B=0.5; Si=5";перекрёстные узлы;1050,0;пайка и ТО;C;0,005;0,0050000009484837205;9,484837203838081e-10
0,5;5,0;"B=0.5; Si=5";перекрёстные узлы;1050,0;пайка и ТО;FE;0,5;0,499999999932309;-6,76910194563618e-11
0,5;5,0;"B=0.5; Si=5";перекрёстные узлы;1050,0;пайка и ТО;MN;0,5;0,5000000035645714;3,56457141581501e-09
0,5;5,0;"B=0.5; Si=5";перекрёстные узлы;1050,0;пайка и ТО;NB;0,06;0,05999999997504821;-2,4951790633664928e-11
0,5;5,0;"B=0.5; Si=5";перекрёстные узлы;1050,0;пайка и ТО;S;0,02;0,020000001364709818;1,3647098173752426e-09
0,5;5,0;"B=0.5; Si=5";перекрёстные узлы;1050,0;пайка и ТО;TI;0,1;0,09999999999931374;-6,862704848842327e-13
0,5;5,0;"B=0.5; Si=5";перекрёстные узлы;1150,0;пайка и ТО;NI;56,565;56,564999898545395;-1,0145460294097575e-07
0,5;5,0;"B=0.5; Si=5";перекрёстные узлы;1150,0;пайка и ТО;CR;23,5;23,500000096483728;9,64837276740127e-08
0,5;5,0;"B=0.5; Si=5";перекрёстные узлы;1150,0;пайка и ТО;MO;13,0;13,000000000033316;3,33155725229517e-11
0,5;5,0;"B=0.5; Si=5";перекрёстные узлы;1150,0;пайка и ТО;B;0,5;0,4999999995579375;-4,420624977186094e-10
0,5;5,0;"B=0.5; Si=5";перекрёстные узлы;1150,0;пайка и ТО;SI;5,0;4,999999990213462;-9,786537802369821e-09
0,5;5,0;"B=0.5; Si=5";перекрёстные узлы;1150,0;пайка и ТО;AL;0,25;0,24999999822066107;-1,7793389261999693e-09
0,5;5,0;"B=0.5; Si=5";перекрёстные узлы;1150,0;пайка и ТО;C;0,005;0,005000009654823534;9,654823533537804e-09
0,5;5,0;"B=0.5; Si=5";перекрёстные узлы;1150,0;пайка и ТО;FE;0,5;0,49999999922160465;-7,783953481776962e-10
0,5;5,0;"B=0.5; Si=5";перекрёстные узлы;1150,0;пайка и ТО;MN;0,5;0,500000004494025;4,4940250409908344e-09
0,5;5,0;"B=0.5; Si=5";перекрёстные узлы;1150,0;пайка и ТО;NB;0,06;0,05999999987610571;-1,2389429066006485e-10
0,5;5,0;"B=0.5; Si=5";перекрёстные узлы;1150,0;пайка и ТО;S;0,02;0,020000003634525882;3,6345258816461445e-09
0,5;5,0;"B=0.5; Si=5";перекрёстные узлы;1150,0;пайка и ТО;TI;0,1;0,10000000006440055;6,440054045597776e-11
0,5;5,0;"B=0.5; Si=5";перекрёстные узлы;1200,0;пайка и ТО;NI;56,565;56,56500000388204;3,88204313139795e-09
0,5;5,0;"B=0.5; Si=5";перекрёстные узлы;1200,0;пайка и ТО;CR;23,5;23,500000004325038;4,325038105434942e-09
0,5;5,0;"B=0.5; Si=5";перекрёстные узлы;1200,0;пайка и ТО;MO;13,0;12,999999999374833;-6,251674733448453e-10
0,5;5,0;"B=0.5; Si=5";перекрёстные узлы;1200,0;пайка и ТО;B;0,5;0,4999999999812435;-1,8756496356076013e-11
0,5;5,0;"B=0.5; Si=5";перекрёстные узлы;1200,0;пайка и ТО;SI;5,0;5,000000000659849;6,598490642772958e-10
0,5;5,0;"B=0.5; Si=5";перекрёстные узлы;1200,0;пайка и ТО;AL;0,25;0,25000000208989015;2,089890149825635e-09
0,5;5,0;"B=0.5; Si=5";перекрёстные узлы;1200,0;пайка и ТО;C;0,005;0,0049999999518131125;-4,818688763980061e-11
0,5;5,0;"B=0.5; Si=5";перекрёстные узлы;1200,0;пайка и ТО;FE;0,5;0,5000000000671888;6,718881007117261e-11
0,5;5,0;"B=0.5; Si=5";перекрёстные узлы;1200,0;пайка и ТО;MN;0,5;0,4999999935615672;-6,438432786914916e-09
0,5;5,0;"B=0.5; Si=5";перекрёстные узлы;1200,0;пайка и ТО;NB;0,06;0,06000000000759894;7,598942308728596e-12
0,5;5,0;"B=0.5; Si=5";перекрёстные узлы;1200,0;пайка и ТО;S;0,02;0,01999999609432147;-3,905678530591317e-09
0,5;5,0;"B=0.5; Si=5";перекрёстные узлы;1200,0;пайка и ТО;TI;0,1;0,10000000000461884;4,618833093772423e-12
1,0;0,1;"B=1; Si=0.1";ось бора;700,0;служба;NI;60,964999999999996;60,96500001265652;1,2656521164444712e-08
1,0;0,1;"B=1; Si=0.1";ось бора;700,0;служба;CR;23,5;23,499999995787697;-4,212303394979244e-09
1,0;0,1;"B=1; Si=0.1";ось бора;700,0;служба;MO;13,0;12,999999998213765;-1,7862351597841553e-09
1,0;0,1;"B=1; Si=0.1";ось бора;700,0;служба;B;1,0;0,9999999978462583;-2,153741740507087e-09
1,0;0,1;"B=1; Si=0.1";ось бора;700,0;служба;SI;0,1;0,10000000003398034;3,398033243673382e-11
1,0;0,1;"B=1; Si=0.1";ось бора;700,0;служба;AL;0,25;0,25000000069423;6,942300068146778e-10
1,0;0,1;"B=1; Si=0.1";ось бора;700,0;служба;C;0,005;0,00500000213930328;2,139303279663496e-09
1,0;0,1;"B=1; Si=0.1";ось бора;700,0;служба;FE;0,5;0,4999999995092283;-4,907717010560475e-10
1,0;0,1;"B=1; Si=0.1";ось бора;700,0;служба;MN;0,5;0,4999999976503344;-2,34966557322025e-09
1,0;0,1;"B=1; Si=0.1";ось бора;700,0;служба;NB;0,06;0,0600000000607229;6,072289893133131e-11
1,0;0,1;"B=1; Si=0.1";ось бора;700,0;служба;S;0,02;0,019999998994334862;-1,0056651379708459e-09
1,0;0,1;"B=1; Si=0.1";ось бора;700,0;служба;TI;0,1;0,09999999641363191;-3,5863680913905682e-09
1,0;0,1;"B=1; Si=0.1";ось бора;750,0;служба;NI;60,964999999999996;60,9650000051566;5,156600479949702e-09
1,0;0,1;"B=1; Si=0.1";ось бора;750,0;служба;CR;23,5;23,500000014254958;1,4254958102810633e-08
1,0;0,1;"B=1; Si=0.1";ось бора;750,0;служба;MO;13,0;13,000000000148379;1,4837908679510292e-10
1,0;0,1;"B=1; Si=0.1";ось бора;750,0;служба;B;1,0;0,9999999943580199;-5,6419801053309016e-09
1,0;0,1;"B=1; Si=0.1";ось бора;750,0;служба;SI;0,1;0,10000000000360569;3,6056851948629287e-12
1,0;0,1;"B=1; Si=0.1";ось бора;750,0;служба;AL;0,25;0,2499999959970869;-4,0029131120888906e-09
1,0;0,1;"B=1; Si=0.1";ось бора;750,0;служба;C;0,005;0,005000002060081657;2,060081656478363e-09
1,0;0,1;"B=1; Si=0.1";ось бора;750,0;служба;FE;0,5;0,49999999948646207;-5,13537934399011e-10
1,0;0,1;"B=1; Si=0.1";ось бора;750,0;служба;MN;0,5;0,4999999992159319;-7,840680882331696e-10
1,0;0,1;"B=1; Si=0.1";ось бора;750,0;служба;NB;0,06;0,05999999999122752;-8,772475801333002e-12
1,0;0,1;"B=1; Si=0.1";ось бора;750,0;служба;S;0,02;0,01999999819995251;-1,8000474895363272e-09
1,0;0,1;"B=1; Si=0.1";ось бора;750,0;служба;TI;0,1;0,09999999112770555;-8,872294454675966e-09
1,0;0,1;"B=1; Si=0.1";ось бора;1050,0;пайка и ТО;NI;60,964999999999996;60,964999990177645;-9,82235093260897e-09
1,0;0,1;"B=1; Si=0.1";ось бора;1050,0;пайка и ТО;CR;23,5;23,499999996989654;-3,01034575045378e-09
1,0;0,1;"B=1; Si=0.1";ось бора;1050,0;пайка и ТО;MO;13,0;12,999999996381117;-3,6188829710681603e-09
1,0;0,1;"B=1; Si=0.1";ось бора;1050,0;пайка и ТО;B;1,0;1,000000000489336;4,89335905129451e-10
1,0;0,1;"B=1; Si=0.1";ось бора;1050,0;пайка и ТО;SI;0,1;0,09999999988279593;-1,1720407977477976e-10
1,0;0,1;"B=1; Si=0.1";ось бора;1050,0;пайка и ТО;AL;0,25;0,2500000020609286;2,060928594449507e-09
1,0;0,1;"B=1; Si=0.1";ось бора;1050,0;пайка и ТО;C;0,005;0,004999999964558534;-3,544146573442042e-11
1,0;0,1;"B=1; Si=0.1";ось бора;1050,0;пайка и ТО;FE;0,5;0,4999999999046341;-9,536588185810047e-11
1,0;0,1;"B=1; Si=0.1";ось бора;1050,0;пайка и ТО;MN;0,5;0,5000000079940858;7,994085837736975e-09
1,0;0,1;"B=1; Si=0.1";ось бора;1050,0;пайка и ТО;NB;0,06;0,05999999999722362;-2,7763763510435524e-12
1,0;0,1;"B=1; Si=0.1";ось бора;1050,0;пайка и ТО;S;0,02;0,020000005316134505;5,316134504829151e-09
1,0;0,1;"B=1; Si=0.1";ось бора;1050,0;пайка и ТО;TI;0,1;0,10000000084187403;8,418740288229642e-10
1,0;0,1;"B=1; Si=0.1";ось бора;1150,0;пайка и ТО;NI;60,964999999999996;60,96500000410889;4,108891005216719e-09
1,0;0,1;"B=1; Si=0.1";ось бора;1150,0;пайка и ТО;CR;23,5;23,499999999586468;-4,135323194986995e-10
1,0;0,1;"B=1; Si=0.1";ось бора;1150,0;пайка и ТО;MO;13,0;12,99999999827684;-1,7231602811307312e-09
1,0;0,1;"B=1; Si=0.1";ось бора;1150,0;пайка и ТО;B;1,0;0,999999999739107;-2,6089297389120247e-10
1,0;0,1;"B=1; Si=0.1";ось бора;1150,0;пайка и ТО;SI;0,1;0,1000000000104655;1,0465489586053422e-11
1,0;0,1;"B=1; Si=0.1";ось бора;1150,0;пайка и ТО;AL;0,25;0,24999999862515557;-1,374844432744382e-09
1,0;0,1;"B=1; Si=0.1";ось бора;1150,0;пайка и ТО;C;0,005;0,004999999931012244;-6,898775647967703e-11
1,0;0,1;"B=1; Si=0.1";ось бора;1150,0;пайка и ТО;FE;0,5;0,500000000010859;1,0858980381556194e-11
1,0;0,1;"B=1; Si=0.1";ось бора;1150,0;пайка и ТО;MN;0,5;0,4999999996735388;-3,2646119141332974e-10
1,0;0,1;"B=1; Si=0.1";ось бора;1150,0;пайка и ТО;NB;0,06;0,0600000000009445;9,445014215181402e-13
1,0;0,1;"B=1; Si=0.1";ось бора;1150,0;пайка и ТО;S;0,02;0,01999999979986677;-2,001332294332414e-10
1,0;0,1;"B=1; Si=0.1";ось бора;1150,0;пайка и ТО;TI;0,1;0,10000000023687441;2,3687440897646184e-10
1,0;0,1;"B=1; Si=0.1";ось бора;1200,0;пайка и ТО;NI;60,964999999999996;60,96499999796065;-2,0393429167597787e-09
1,0;0,1;"B=1; Si=0.1";ось бора;1200,0;пайка и ТО;CR;23,5;23,49999999723286;-2,767141182857813e-09
1,0;0,1;"B=1; Si=0.1";ось бора;1200,0;пайка и ТО;MO;13,0;13,000000001371115;1,371114777271032e-09
1,0;0,1;"B=1; Si=0.1";ось бора;1200,0;пайка и ТО;B;1,0;1,0000000003334917;3,3349167871676855e-10
1,0;0,1;"B=1; Si=0.1";ось бора;1200,0;пайка и ТО;SI;0,1;0,10000000000668736;6,687358999890591e-12
1,0;0,1;"B=1; Si=0.1";ось бора;1200,0;пайка и ТО;AL;0,25;0,2499999993662968;-6,337032010250709e-10
1,0;0,1;"B=1; Si=0.1";ось бора;1200,0;пайка и ТО;C;0,005;0,004999999997570793;-2,429207009158052e-12
1,0;0,1;"B=1; Si=0.1";ось бора;1200,0;пайка и ТО;FE;0,5;0,49999999993287386;-6,712613798143252e-11
1,0;0,1;"B=1; Si=0.1";ось бора;1200,0;пайка и ТО;MN;0,5;0,5000000021685356;2,1685355733325196e-09
1,0;0,1;"B=1; Si=0.1";ось бора;1200,0;пайка и ТО;NB;0,06;0,05999999999064517;-9,35482941111232e-12
1,0;0,1;"B=1; Si=0.1";ось бора;1200,0;пайка и ТО;S;0,02;0,02000000140690219;1,4069021884999255e-09
1,0;0,1;"B=1; Si=0.1";ось бора;1200,0;пайка и ТО;TI;0,1;0,10000000023236509;2,3236508550628088e-10
1,5;0,1;"B=1.5; Si=0.1";перекрёстные узлы;700,0;служба;NI;60,464999999999996;60,46499999239105;-7,60894636187004e-09
1,5;0,1;"B=1.5; Si=0.1";перекрёстные узлы;700,0;служба;CR;23,5;23,500000011068693;1,1068692629123689e-08
1,5;0,1;"B=1.5; Si=0.1";перекрёстные узлы;700,0;служба;MO;13,0;13,00000000018003;1,8003021295953658e-10
1,5;0,1;"B=1.5; Si=0.1";перекрёстные узлы;700,0;служба;B;1,5;1,4999999986669108;-1,3330891945884105e-09
1,5;0,1;"B=1.5; Si=0.1";перекрёстные узлы;700,0;служба;SI;0,1;0,0999999999980962;-1,9038104426272184e-12
1,5;0,1;"B=1.5; Si=0.1";перекрёстные узлы;700,0;служба;AL;0,25;0,24999999865557826;-1,3444217406011205e-09
1,5;0,1;"B=1.5; Si=0.1";перекрёстные узлы;700,0;служба;C;0,005;0,005000003405730775;3,405730774654059e-09
1,5;0,1;"B=1.5; Si=0.1";перекрёстные узлы;700,0;служба;FE;0,5;0,5000000004110376;4,110376483623668e-10
1,5;0,1;"B=1.5; Si=0.1";перекрёстные узлы;700,0;служба;MN;0,5;0,49999999875490114;-1,2450988573498023e-09
1,5;0,1;"B=1.5; Si=0.1";перекрёстные узлы;700,0;служба;NB;0,06;0,06000000000936276;9,362760566844486e-12
1,5;0,1;"B=1.5; Si=0.1";перекрёстные узлы;700,0;служба;S;0,02;0,01999999827582454;-1,7241754621255545e-09
1,5;0,1;"B=1.5; Si=0.1";перекрёстные узлы;700,0;служба;TI;0,1;0,09999999818276267;-1,81723733283512e-09
1,5;0,1;"B=1.5; Si=0.1";перекрёстные узлы;750,0;служба;NI;60,464999999999996;60,4650000484168;4,8416801234907325e-08
1,5;0,1;"B=1.5; Si=0.1";перекрёстные узлы;750,0;служба;CR;23,5;23,500000007603386;7,603386364962716e-09
1,5;0,1;"B=1.5; Si=0.1";перекрёстные узлы;750,0;служба;MO;13,0;13,000000003988221;3,988221308759421e-09
1,5;0,1;"B=1.5; Si=0.1";перекрёстные узлы;750,0;служба;B;1,5;1,5000000060988012;6,098801241805063e-09
1,5;0,1;"B=1.5; Si=0.1";перекрёстные узлы;750,0;служба;SI;0,1;0,10000000007338897;7,338896157449426e-11
1,5;0,1;"B=1.5; Si=0.1";перекрёстные узлы;750,0;служба;AL;0,25;0,249999999666328;-3,336720066915433e-10
1,5;0,1;"B=1.5; Si=0.1";перекрёстные узлы;750,0;служба;C;0,005;0,004999997555533113;-2,4444668867210084e-09
1,5;0,1;"B=1.5; Si=0.1";перекрёстные узлы;750,0;служба;FE;0,5;0,5000000007958741;7,958741443658823e-10
1,5;0,1;"B=1.5; Si=0.1";перекрёстные узлы;750,0;служба;MN;0,5;0,4999999551177533;-4,48822466969645e-08
1,5;0,1;"B=1.5; Si=0.1";перекрёстные узлы;750,0;служба;NB;0,06;0,06000000005274002;5,274002068400563e-11
1,5;0,1;"B=1.5; Si=0.1";перекрёстные узлы;750,0;служба;S;0,02;0,01999997368253478;-2,631746522097078e-08
1,5;0,1;"B=1.5; Si=0.1";перекрёстные узлы;750,0;служба;TI;0,1;0,10000000694862209;6,9486220805048404e-09
1,5;0,1;"B=1.5; Si=0.1";перекрёстные узлы;1050,0;пайка и ТО;NI;60,464999999999996;60,46500000027327;2,7327473617333453e-10
1,5;0,1;"B=1.5; Si=0.1";перекрёстные узлы;1050,0;пайка и ТО;CR;23,5;23,500000014410375;1,441037511540344e-08
1,5;0,1;"B=1.5; Si=0.1";перекрёстные узлы;1050,0;пайка и ТО;MO;13,0;13,000000002936702;2,9367015486059245e-09
1,5;0,1;"B=1.5; Si=0.1";перекрёстные узлы;1050,0;пайка и ТО;B;1,5;1,4999999995026543;-4,973457201629117e-10
1,5;0,1;"B=1.5; Si=0.1";перекрёстные узлы;1050,0;пайка и ТО;SI;0,1;0,10000000000784076;7,840755822385859e-12
1,5;0,1;"B=1.5; Si=0.1";перекрёстные узлы;1050,0;пайка и ТО;AL;0,25;0,25000000053565813;5,35658128963945e-10
1,5;0,1;"B=1.5; Si=0.1";перекрёстные узлы;1050,0;пайка и ТО;C;0,005;0,004999999999820276;-1,7972429100510112e-13
1,5;0,1;"B=1.5; Si=0.1";перекрёстные узлы;1050,0;пайка и ТО;FE;0,5;0,5000000001698465;1,698464702215574e-10
1,5;0,1;"B=1.5; Si=0.1";перекрёстные узлы;1050,0;пайка и ТО;MN;0,5;0,49999999259168043;-7,408319568913413e-09
1,5;0,1;"B=1.5; Si=0.1";перекрёстные узлы;1050,0;пайка и ТО;NB;0,06;0,05999999999553353;-4,466468861430428e-12
1,5;0,1;"B=1.5; Si=0.1";перекрёстные узлы;1050,0;пайка и ТО;S;0,02;0,0199999964037006;-3,59629940063777e-09
1,5;0,1;"B=1.5; Si=0.1";перекрёстные узлы;1050,0;пайка и ТО;TI;0,1;0,09999999317294389;-6,82705611487755e-09
1,5;0,1;"B=1.5; Si=0.1";перекрёстные узлы;1150,0;пайка и ТО;NI;60,464999999999996;60,464999991968824;-8,031172171740764e-09
1,5;0,1;"B=1.5; Si=0.1";перекрёстные узлы;1150,0;пайка и ТО;CR;23,5;23,500000005939885;5,939885028283243e-09
1,5;0,1;"B=1.5; Si=0.1";перекрёстные узлы;1150,0;пайка и ТО;MO;13,0;13,000000005854577;5,854577267427885e-09
1,5;0,1;"B=1.5; Si=0.1";перекрёстные узлы;1150,0;пайка и ТО;B;1,5;1,4999999992623918;-7,376081967436221e-10
1,5;0,1;"B=1.5; Si=0.1";перекрёстные узлы;1150,0;пайка и ТО;SI;0,1;0,0999999999600681;-3,9931905004841894e-11
1,5;0,1;"B=1.5; Si=0.1";перекрёстные узлы;1150,0;пайка и ТО;AL;0,25;0,25000000293567093;2,935670928572165e-09
1,5;0,1;"B=1.5; Si=0.1";перекрёстные узлы;1150,0;пайка и ТО;C;0,005;0,004999999972394819;-2,760518116179389e-11
1,5;0,1;"B=1.5; Si=0.1";перекрёстные узлы;1150,0;пайка и ТО;FE;0,5;0,5000000002096702;2,0967017011486178e-10
1,5;0,1;"B=1.5; Si=0.1";перекрёстные узлы;1150,0;пайка и ТО;MN;0,5;0,4999999982934142;-1,7065858171072534e-09
1,5;0,1;"B=1.5; Si=0.1";перекрёстные узлы;1150,0;пайка и ТО;NB;0,06;0,05999999999905515;-9,448483662133356e-13
1,5;0,1;"B=1.5; Si=0.1";перекрёстные узлы;1150,0;пайка и ТО;S;0,02;0,019999998895222876;-1,1047771239502957e-09
1,5;0,1;"B=1.5; Si=0.1";перекрёстные узлы;1150,0;пайка и ТО;TI;0,1;0,09999999670882553;-3,2911744718422398e-09
1,5;0,1;"B=1.5; Si=0.1";перекрёстные узлы;1200,0;пайка и ТО;NI;60,464999999999996;60,46500000405532;4,055323188367765e-09
1,5;0,1;"B=1.5; Si=0.1";перекрёстные узлы;1200,0;пайка и ТО;CR;23,5;23,50000000410001;4,100009221019718e-09
1,5;0,1;"B=1.5; Si=0.1";перекрёстные узлы;1200,0;пайка и ТО;MO;13,0;12,999999994366974;-5,633026489704207e-09
1,5;0,1;"B=1.5; Si=0.1";перекрёстные узлы;1200,0;пайка и ТО;B;1,5;1,499999998275866;-1,7241339467233274e-09
1,5;0,1;"B=1.5; Si=0.1";перекрёстные узлы;1200,0;пайка и ТО;SI;0,1;0,09999999997481468;-2,518532604689483e-11
1,5;0,1;"B=1.5; Si=0.1";перекрёстные узлы;1200,0;пайка и ТО;AL;0,25;0,24999999909198656;-9,080134422134734e-10
1,5;0,1;"B=1.5; Si=0.1";перекрёстные узлы;1200,0;пайка и ТО;C;0,005;0,0049999999650159445;-3,498405558299833e-11
1,5;0,1;"B=1.5; Si=0.1";перекрёстные узлы;1200,0;пайка и ТО;FE;0,5;0,49999999975004505;-2,4995494563029297e-10
1,5;0,1;"B=1.5; Si=0.1";перекрёстные узлы;1200,0;пайка и ТО;MN;0,5;0,500000002483163;2,4831630085486722e-09
1,5;0,1;"B=1.5; Si=0.1";перекрёстные узлы;1200,0;пайка и ТО;NB;0,06;0,060000000002975507;2,975508728297882e-12
1,5;0,1;"B=1.5; Si=0.1";перекрёстные узлы;1200,0;пайка и ТО;S;0,02;0,020000001053355664;1,053355663110933e-09
1,5;0,1;"B=1.5; Si=0.1";перекрёстные узлы;1200,0;пайка и ТО;TI;0,1;0,0999999968804747;-3,119525304740023e-09
1,5;2,0;"B=1.5; Si=2";перекрёстные узлы;700,0;служба;NI;58,565;58,564999905397066;-9,460293171059675e-08
1,5;2,0;"B=1.5; Si=2";перекрёстные узлы;700,0;служба;CR;23,5;23,500000106736938;1,0673693751073188e-07
1,5;2,0;"B=1.5; Si=2";перекрёстные узлы;700,0;служба;MO;13,0;12,999999991643385;-8,356614955573605e-09
1,5;2,0;"B=1.5; Si=2";перекрёстные узлы;700,0;служба;B;1,5;1,4999999977446907;-2,2553092726695922e-09
1,5;2,0;"B=1.5; Si=2";перекрёстные узлы;700,0;служба;SI;2,0;1,9999999966423587;-3,357641276124923e-09
1,5;2,0;"B=1.5; Si=2";перекрёстные узлы;700,0;служба;AL;0,25;0,2499999999389016;-6,109840411383516e-11
1,5;2,0;"B=1.5; Si=2";перекрёстные узлы;700,0;служба;C;0,005;0,005000009195510113;9,195510112906813e-09
1,5;2,0;"B=1.5; Si=2";перекрёстные узлы;700,0;служба;FE;0,5;0,49999999917285876;-8,271412443860982e-10
1,5;2,0;"B=1.5; Si=2";перекрёстные узлы;700,0;служба;MN;0,5;0,49999999579217336;-4,207826642677048e-09
1,5;2,0;"B=1.5; Si=2";перекрёстные узлы;700,0;служба;NB;0,06;0,059999999901798724;-9,820127350179675e-11
1,5;2,0;"B=1.5; Si=2";перекрёстные узлы;700,0;служба;S;0,02;0,019999997997239987;-2,0027600133865064e-09
1,5;2,0;"B=1.5; Si=2";перекрёстные узлы;700,0;служба;TI;0,1;0,09999999983708589;-1,6291411275570766e-10
1,5;2,0;"B=1.5; Si=2";перекрёстные узлы;750,0;служба;NI;58,565;58,56499999632823;-3,6717651141771057e-09
1,5;2,0;"B=1.5; Si=2";перекрёстные узлы;750,0;служба;CR;23,5;23,499999999725592;-2,744080518368719e-10
1,5;2,0;"B=1.5; Si=2";перекрёстные узлы;750,0;служба;MO;13,0;13,000000002888633;2,8886333325317537e-09
1,5;2,0;"B=1.5; Si=2";перекрёстные узлы;750,0;служба;B;1,5;1,5000000005022014;5,022013915834123e-10
1,5;2,0;"B=1.5; Si=2";перекрёстные узлы;750,0;служба;SI;2,0;1,9999999998811493;-1,1885070705375256e-10
1,5;2,0;"B=1.5; Si=2";перекрёстные узлы;750,0;служба;AL;0,25;0,2500000006311372;6,31137198059406e-10
1,5;2,0;"B=1.5; Si=2";перекрёстные узлы;750,0;служба;C;0,005;0,005000000250030144;2,500301441582531e-10
1,5;2,0;"B=1.5; Si=2";перекрёстные узлы;750,0;служба;FE;0,5;0,5000000001357905;1,357904899634832e-10
1,5;2,0;"B=1.5; Si=2";перекрёстные узлы;750,0;служба;MN;0,5;0,4999999997702802;-2,2971979873886994e-10
1,5;2,0;"B=1.5; Si=2";перекрёстные узлы;750,0;служба;NB;0,06;0,059999999994802475;-5,197522967570478e-12
1,5;2,0;"B=1.5; Si=2";перекрёстные узлы;750,0;служба;S;0,02;0,01999999989413359;-1,0586640938892167e-10
1,5;2,0;"B=1.5; Si=2";перекрёстные узлы;750,0;служба;TI;0,1;0,0999999999980426;-1,957406459140998e-12
1,5;2,0;"B=1.5; Si=2";перекрёстные узлы;1050,0;пайка и ТО;NI;58,565;58,56499999970768;-2,923172814917052e-10
1,5;2,0;"B=1.5; Si=2";перекрёстные узлы;1050,0;пайка и ТО;CR;23,5;23,499999989714375;-1,0285624796324555e-08
1,5;2,0;"B=1.5; Si=2";перекрёстные узлы;1050,0;пайка и ТО;MO;13,0;12,999999997604851;-2,3951489680484883e-09
1,5;2,0;"B=1.5; Si=2";перекрёстные узлы;1050,0;пайка и ТО;B;1,5;1,5000000077689541;7,768954146669671e-09
1,5;2,0;"B=1.5; Si=2";перекрёстные узлы;1050,0;пайка и ТО;SI;2,0;2,0000000014516695;1,4516694513133643e-09
1,5;2,0;"B=1.5; Si=2";перекрёстные узлы;1050,0;пайка и ТО;AL;0,25;0,24999999445432056;-5,545679443441642e-09
1,5;2,0;"B=1.5; Si=2";перекрёстные узлы;1050,0;пайка и ТО;C;0,005;0,0049999987496573825;-1,2503426176369015e-09
1,5;2,0;"B=1.5; Si=2";перекрёстные узлы;1050,0;пайка и ТО;FE;0,5;0,5000000004736671;4,736671055383113e-10
1,5;2,0;"B=1.5; Si=2";перекрёстные узлы;1050,0;пайка и ТО;MN;0,5;0,4999999975967777;-2,4032222878389575e-09
1,5;2,0;"B=1.5; Si=2";перекрёстные узлы;1050,0;пайка и ТО;NB;0,06;0,060000000010333586;1,033358815183405e-11
1,5;2,0;"B=1.5; Si=2";перекрёстные узлы;1050,0;пайка и ТО;S;0,02;0,01999999874872919;-1,2512708091882985e-09
1,5;2,0;"B=1.5; Si=2";перекрёстные узлы;1050,0;пайка и ТО;TI;0,1;0,10000001371896035;1,3718960342745667e-08
1,5;2,0;"B=1.5; Si=2";перекрёстные узлы;1150,0;пайка и ТО;NI;58,565;58,564999975422126;-2,4577872181907878e-08
1,5;2,0;"B=1.5; Si=2";перекрёстные узлы;1150,0;пайка и ТО;CR;23,5;23,50000012984954;1,2984953912109631e-07
1,5;2,0;"B=1.5; Si=2";перекрёстные узлы;1150,0;пайка и ТО;MO;13,0;13,00000006975769;6,97576894026497e-08
1,5;2,0;"B=1.5; Si=2";перекрёстные узлы;1150,0;пайка и ТО;B;1,5;1,5000000169708807;1,69708807007396e-08
1,5;2,0;"B=1.5; Si=2";перекрёстные узлы;1150,0;пайка и ТО;SI;2,0;1,999999996655873;-3,344126975335371e-09
1,5;2,0;"B=1.5; Si=2";перекрёстные узлы;1150,0;пайка и ТО;AL;0,25;0,25000000237970793;2,3797079307108504e-09
1,5;2,0;"B=1.5; Si=2";перекрёстные узлы;1150,0;пайка и ТО;C;0,005;0,005000015075540104;1,5075540103597074e-08
1,5;2,0;"B=1.5; Si=2";перекрёстные узлы;1150,0;пайка и ТО;FE;0,5;0,5000000000460693;4,606925951833318e-11
1,5;2,0;"B=1.5; Si=2";перекрёстные узлы;1150,0;пайка и ТО;MN;0,5;0,49999984890353255;-1,5109646744893013e-07
1,5;2,0;"B=1.5; Si=2";перекрёстные узлы;1150,0;пайка и ТО;NB;0,06;0,059999999898652887;-1,0134711125875384e-10
1,5;2,0;"B=1.5; Si=2";перекрёстные узлы;1150,0;пайка и ТО;S;0,02;0,019999912188345494;-8,781165450680306e-08
1,5;2,0;"B=1.5; Si=2";перекрёстные узлы;1150,0;пайка и ТО;TI;0,1;0,10000003285204057;3,285204056013846e-08
1,5;2,0;"B=1.5; Si=2";перекрёстные узлы;1200,0;пайка и ТО;NI;58,565;58,564999980183046;-1,9816951635220903e-08
1,5;2,0;"B=1.5; Si=2";перекрёстные узлы;1200,0;пайка и ТО;CR;23,5;23,49999997747884;-2,2521160047972444e-08
1,5;2,0;"B=1.5; Si=2";перекрёстные узлы;1200,0;пайка и ТО;MO;13,0;13,000000065197717;6,519771744706304e-08
1,5;2,0;"B=1.5; Si=2";перекрёстные узлы;1200,0;пайка и ТО;B;1,5;1,4999999968821884;-3,1178115644792115e-09
1,5;2,0;"B=1.5; Si=2";перекрёстные узлы;1200,0;пайка и ТО;SI;2,0;1,9999999990106758;-9,893241781355755e-10
1,5;2,0;"B=1.5; Si=2";перекрёстные узлы;1200,0;пайка и ТО;AL;0,25;0,2500000011560207;1,1560207235916664e-09
1,5;2,0;"B=1.5; Si=2";перекрёстные узлы;1200,0;пайка и ТО;C;0,005;0,004999999924052917;-7,594708282404605e-11
1,5;2,0;"B=1.5; Si=2";перекрёстные узлы;1200,0;пайка и ТО;FE;0,5;0,49999999938142875;-6,185712497774887e-10
1,5;2,0;"B=1.5; Si=2";перекрёстные узлы;1200,0;пайка и ТО;MN;0,5;0,5000000010844801;1,0844800613085681e-09
1,5;2,0;"B=1.5; Si=2";перекрёстные узлы;1200,0;пайка и ТО;NB;0,06;0,05999999998261673;-1,738326843581106e-11
1,5;2,0;"B=1.5; Si=2";перекрёстные узлы;1200,0;пайка и ТО;S;0,02;0,020000000097379962;9,737996173320163e-11
1,5;2,0;"B=1.5; Si=2";перекрёстные узлы;1200,0;пайка и ТО;TI;0,1;0,09999997962154428;-2,0378455728442546e-08
1,5;5,0;"B=1.5; Si=5";перекрёстные узлы;700,0;служба;NI;55,565;0,0;-55,565
1,5;5,0;"B=1.5; Si=5";перекрёстные узлы;700,0;служба;CR;23,5;0,0;-23,5
1,5;5,0;"B=1.5; Si=5";перекрёстные узлы;700,0;служба;MO;13,0;0,0;-13,0
1,5;5,0;"B=1.5; Si=5";перекрёстные узлы;700,0;служба;B;1,5;0,0;-1,5
1,5;5,0;"B=1.5; Si=5";перекрёстные узлы;700,0;служба;SI;5,0;0,0;-5,0
1,5;5,0;"B=1.5; Si=5";перекрёстные узлы;700,0;служба;AL;0,25;0,0;-0,25
1,5;5,0;"B=1.5; Si=5";перекрёстные узлы;700,0;служба;C;0,005;0,0;-0,005
1,5;5,0;"B=1.5; Si=5";перекрёстные узлы;700,0;служба;FE;0,5;0,0;-0,5
1,5;5,0;"B=1.5; Si=5";перекрёстные узлы;700,0;служба;MN;0,5;0,0;-0,5
1,5;5,0;"B=1.5; Si=5";перекрёстные узлы;700,0;служба;NB;0,06;0,0;-0,06
1,5;5,0;"B=1.5; Si=5";перекрёстные узлы;700,0;служба;S;0,02;0,0;-0,02
1,5;5,0;"B=1.5; Si=5";перекрёстные узлы;700,0;служба;TI;0,1;0,0;-0,1
1,5;5,0;"B=1.5; Si=5";перекрёстные узлы;750,0;служба;NI;55,565;0,0;-55,565
1,5;5,0;"B=1.5; Si=5";перекрёстные узлы;750,0;служба;CR;23,5;0,0;-23,5
1,5;5,0;"B=1.5; Si=5";перекрёстные узлы;750,0;служба;MO;13,0;0,0;-13,0
1,5;5,0;"B=1.5; Si=5";перекрёстные узлы;750,0;служба;B;1,5;0,0;-1,5
1,5;5,0;"B=1.5; Si=5";перекрёстные узлы;750,0;служба;SI;5,0;0,0;-5,0
1,5;5,0;"B=1.5; Si=5";перекрёстные узлы;750,0;служба;AL;0,25;0,0;-0,25
1,5;5,0;"B=1.5; Si=5";перекрёстные узлы;750,0;служба;C;0,005;0,0;-0,005
1,5;5,0;"B=1.5; Si=5";перекрёстные узлы;750,0;служба;FE;0,5;0,0;-0,5
1,5;5,0;"B=1.5; Si=5";перекрёстные узлы;750,0;служба;MN;0,5;0,0;-0,5
1,5;5,0;"B=1.5; Si=5";перекрёстные узлы;750,0;служба;NB;0,06;0,0;-0,06
1,5;5,0;"B=1.5; Si=5";перекрёстные узлы;750,0;служба;S;0,02;0,0;-0,02
1,5;5,0;"B=1.5; Si=5";перекрёстные узлы;750,0;служба;TI;0,1;0,0;-0,1
1,5;5,0;"B=1.5; Si=5";перекрёстные узлы;1050,0;пайка и ТО;NI;55,565;55,56499994419081;-5,58091883817724e-08
1,5;5,0;"B=1.5; Si=5";перекрёстные узлы;1050,0;пайка и ТО;CR;23,5;23,50000002162679;2,162678924833017e-08
1,5;5,0;"B=1.5; Si=5";перекрёстные узлы;1050,0;пайка и ТО;MO;13,0;13,000000016681701;1,6681701353604694e-08
1,5;5,0;"B=1.5; Si=5";перекрёстные узлы;1050,0;пайка и ТО;B;1,5;1,5000000017149582;1,7149581754694054e-09
1,5;5,0;"B=1.5; Si=5";перекрёстные узлы;1050,0;пайка и ТО;SI;5,0;4,999999993905106;-6,094894366981407e-09
1,5;5,0;"B=1.5; Si=5";перекрёстные узлы;1050,0;пайка и ТО;AL;0,25;0,2499999989014647;-1,0985352905112933e-09
1,5;5,0;"B=1.5; Si=5";перекрёстные узлы;1050,0;пайка и ТО;C;0,005;0,005000002019338987;2,01933898682366e-09
1,5;5,0;"B=1.5; Si=5";перекрёстные узлы;1050,0;пайка и ТО;FE;0,5;0,5000000007745882;7,745881713816516e-10
1,5;5,0;"B=1.5; Si=5";перекрёстные узлы;1050,0;пайка и ТО;MN;0,5;0,5000000143821342;1,4382134150281445e-08
1,5;5,0;"B=1.5; Si=5";перекрёстные узлы;1050,0;пайка и ТО;NB;0,06;0,05999999993145695;-6,854304623882257e-11
1,5;5,0;"B=1.5; Si=5";перекрёстные узлы;1050,0;пайка и ТО;S;0,02;0,020000008238123215;8,238123214848736e-09
1,5;5,0;"B=1.5; Si=5";перекрёстные узлы;1050,0;пайка и ТО;TI;0,1;0,09999999763352316;-2,36647684781488e-09
1,5;5,0;"B=1.5; Si=5";перекрёстные узлы;1150,0;пайка и ТО;NI;55,565;55,56500015115866;1,5115865892312286e-07
1,5;5,0;"B=1.5; Si=5";перекрёстные узлы;1150,0;пайка и ТО;CR;23,5;23,499999843194228;-1,568057719225635e-07
1,5;5,0;"B=1.5; Si=5";перекрёстные узлы;1150,0;пайка и ТО;MO;13,0;13,000000007208316;7,208315722095904e-09
1,5;5,0;"B=1.5; Si=5";перекрёстные узлы;1150,0;пайка и ТО;B;1,5;1,5000000010255532;1,0255531979197485e-09
1,5;5,0;"B=1.5; Si=5";перекрёстные узлы;1150,0;пайка и ТО;SI;5,0;5,000000012963817;1,296381668680624e-08
1,5;5,0;"B=1.5; Si=5";перекрёстные узлы;1150,0;пайка и ТО;AL;0,25;0,25000000181863213;1,818632133776532e-09
1,5;5,0;"B=1.5; Si=5";перекрёстные узлы;1150,0;пайка и ТО;C;0,005;0,004999985455504836;-1,4544495163804072e-08
1,5;5,0;"B=1.5; Si=5";перекрёстные узлы;1150,0;пайка и ТО;FE;0,5;0,5000000016400142;1,6400142355266212e-09
1,5;5,0;"B=1.5; Si=5";перекрёстные узлы;1150,0;пайка и ТО;MN;0,5;0,5000000018452831;1,8452831485049614e-09
1,5;5,0;"B=1.5; Si=5";перекрёстные узлы;1150,0;пайка и ТО;NB;0,06;0,06000000016864433;1,686443346082811e-10
1,5;5,0;"B=1.5; Si=5";перекрёстные узлы;1150,0;пайка и ТО;S;0,02;0,019999998439008865;-1,5609911349634409e-09
1,5;5,0;"B=1.5; Si=5";перекрёстные узлы;1150,0;пайка и ТО;TI;0,1;0,09999999508233799;-4,917662013714796e-09
1,5;5,0;"B=1.5; Si=5";перекрёстные узлы;1200,0;пайка и ТО;NI;55,565;55,56499997341922;-2,658077846717788e-08
1,5;5,0;"B=1.5; Si=5";перекрёстные узлы;1200,0;пайка и ТО;CR;23,5;23,499999993657916;-6,342084191146569e-09
1,5;5,0;"B=1.5; Si=5";перекрёстные узлы;1200,0;пайка и ТО;MO;13,0;12,999999993139813;-6,860187085067082e-09
1,5;5,0;"B=1.5; Si=5";перекрёстные узлы;1200,0;пайка и ТО;B;1,5;1,4999999896427882;-1,035721175490778e-08
1,5;5,0;"B=1.5; Si=5";перекрёстные узлы;1200,0;пайка и ТО;SI;5,0;4,999999997917882;-2,0821175894525368e-09
1,5;5,0;"B=1.5; Si=5";перекрёстные узлы;1200,0;пайка и ТО;AL;0,25;0,2500000014935816;1,493581591738291e-09
1,5;5,0;"B=1.5; Si=5";перекрёстные узлы;1200,0;пайка и ТО;C;0,005;0,004999999952938857;-4,7061143176874154e-11
1,5;5,0;"B=1.5; Si=5";перекрёстные узлы;1200,0;пайка и ТО;FE;0,5;0,4999999998113961;-1,8860391026720436e-10
1,5;5,0;"B=1.5; Si=5";перекрёстные узлы;1200,0;пайка и ТО;MN;0,5;0,5000000452026588;4,520265883822816e-08
1,5;5,0;"B=1.5; Si=5";перекрёстные узлы;1200,0;пайка и ТО;NB;0,06;0,05999999997464688;-2,535311544038521e-11
1,5;5,0;"B=1.5; Si=5";перекрёстные узлы;1200,0;пайка и ТО;S;0,02;0,020000027361613413;2,7361613412490993e-08
1,5;5,0;"B=1.5; Si=5";перекрёстные узлы;1200,0;пайка и ТО;TI;0,1;0,09999997842556624;-2,157443376726853e-08
2,0;0,1;"B=2; Si=0.1";ось бора;700,0;служба;NI;59,964999999999996;59,96500006145008;6,145008057956147e-08
2,0;0,1;"B=2; Si=0.1";ось бора;700,0;служба;CR;23,5;23,500000039458218;3,945821802631144e-08
2,0;0,1;"B=2; Si=0.1";ось бора;700,0;служба;MO;13,0;13,000000016974198;1,697419804713718e-08
2,0;0,1;"B=2; Si=0.1";ось бора;700,0;служба;B;2,0;2,000000013251729;1,3251729047425442e-08
2,0;0,1;"B=2; Si=0.1";ось бора;700,0;служба;SI;0,1;0,10000000009298465;9,298464775930881e-11
2,0;0,1;"B=2; Si=0.1";ось бора;700,0;служба;AL;0,25;0,25000000178909787;1,7890978698531512e-09
2,0;0,1;"B=2; Si=0.1";ось бора;700,0;служба;C;0,005;0,005000001557658923;1,5576589228530335e-09
2,0;0,1;"B=2; Si=0.1";ось бора;700,0;служба;FE;0,5;0,5000000008414531;8,41453129396541e-10
2,0;0,1;"B=2; Si=0.1";ось бора;700,0;служба;MN;0,5;0,49999990314044973;-9,685955026927928e-08
2,0;0,1;"B=2; Si=0.1";ось бора;700,0;служба;NB;0,06;0,06000000006220956;6,220956388913734e-11
2,0;0,1;"B=2; Si=0.1";ось бора;700,0;служба;S;0,02;0,019999942292135135;-5,7707864865169656e-08
2,0;0,1;"B=2; Si=0.1";ось бора;700,0;служба;TI;0,1;0,1000000190897809;1,9089780894931963e-08
2,0;0,1;"B=2; Si=0.1";ось бора;750,0;служба;NI;59,964999999999996;59,96500003026162;3,0261624317518e-08
2,0;0,1;"B=2; Si=0.1";ось бора;750,0;служба;CR;23,5;23,499999981509735;-1,849026531886011e-08
2,0;0,1;"B=2; Si=0.1";ось бора;750,0;служба;MO;13,0;12,999999993704133;-6,295866938899053e-09
2,0;0,1;"B=2; Si=0.1";ось бора;750,0;служба;B;2,0;1,999999995972802;-4,027197908484936e-09
2,0;0,1;"B=2; Si=0.1";ось бора;750,0;служба;SI;0,1;0,1000000000605906;6,059058810237161e-11
2,0;0,1;"B=2; Si=0.1";ось бора;750,0;служба;AL;0,25;0,2499999997470285;-2,5297150485492637e-10
2,0;0,1;"B=2; Si=0.1";ось бора;750,0;служба;C;0,005;0,0049999962868043915;-3,7131956086289275e-09
2,0;0,1;"B=2; Si=0.1";ось бора;750,0;служба;FE;0,5;0,5000000006900516;6,900515714391986e-10
2,0;0,1;"B=2; Si=0.1";ось бора;750,0;служба;MN;0,5;0,5000000057415634;5,741563446903797e-09
2,0;0,1;"B=2; Si=0.1";ось бора;750,0;служба;NB;0,06;0,060000000043072224;4,307222634114538e-11
2,0;0,1;"B=2; Si=0.1";ось бора;750,0;служба;S;0,02;0,020000002304982906;2,3049829059318405e-09
2,0;0,1;"B=2; Si=0.1";ось бора;750,0;служба;TI;0,1;0,0999999936776245;-6,322375512013423e-09
2,0;0,1;"B=2; Si=0.1";ось бора;1050,0;пайка и ТО;NI;59,964999999999996;59,96499999449303;-5,506969102953008e-09
2,0;0,1;"B=2; Si=0.1";ось бора;1050,0;пайка и ТО;CR;23,5;23,500000002752493;2,7524933443601185e-09
2,0;0,1;"B=2; Si=0.1";ось бора;1050,0;пайка и ТО;MO;13,0;12,999999998513696;-1,4863044128787806e-09
2,0;0,1;"B=2; Si=0.1";ось бора;1050,0;пайка и ТО;B;2,0;2,000000002947992;2,9479920726771525e-09
2,0;0,1;"B=2; Si=0.1";ось бора;1050,0;пайка и ТО;SI;0,1;0,10000000008590806;8,590805844477245e-11
2,0;0,1;"B=2; Si=0.1";ось бора;1050,0;пайка и ТО;AL;0,25;0,2499999981915388;-1,8084611863589117e-09
2,0;0,1;"B=2; Si=0.1";ось бора;1050,0;пайка и ТО;C;0,005;0,004999999919365396;-8,063460402857325e-11
2,0;0,1;"B=2; Si=0.1";ось бора;1050,0;пайка и ТО;FE;0,5;0,500000000120498;1,204979449553889e-10
2,0;0,1;"B=2; Si=0.1";ось бора;1050,0;пайка и ТО;MN;0,5;0,49999999745033463;-2,549665367723719e-09
2,0;0,1;"B=2; Si=0.1";ось бора;1050,0;пайка и ТО;NB;0,06;0,06000000000044271;4,42715308857089e-13
2,0;0,1;"B=2; Si=0.1";ось бора;1050,0;пайка и ТО;S;0,02;0,019999998496659482;-1,5033405180442383e-09
2,0;0,1;"B=2; Si=0.1";ось бора;1050,0;пайка и ТО;TI;0,1;0,10000000702806021;7,028060203251307e-09
2,0;0,1;"B=2; Si=0.1";ось бора;1150,0;пайка и ТО;NI;59,964999999999996;59,964999988313814;-1,1686182688208646e-08
2,0;0,1;"B=2; Si=0.1";ось бора;1150,0;пайка и ТО;CR;23,5;23,500000004255956;4,255955587950666e-09
2,0;0,1;"B=2; Si=0.1";ось бора;1150,0;пайка и ТО;MO;13,0;12,999999920360722;-7,963927828313899e-08
2,0;0,1;"B=2; Si=0.1";ось бора;1150,0;пайка и ТО;B;2,0;1,9999999817043639;-1,8295636117215963e-08
2,0;0,1;"B=2; Si=0.1";ось бора;1150,0;пайка и ТО;SI;0,1;0,09999999999840568;-1,5943218967251482e-12
2,0;0,1;"B=2; Si=0.1";ось бора;1150,0;пайка и ТО;AL;0,25;0,2500000002414042;2,414041744280837e-10
2,0;0,1;"B=2; Si=0.1";ось бора;1150,0;пайка и ТО;C;0,005;0,005000000070258866;7,025886556571992e-11
2,0;0,1;"B=2; Si=0.1";ось бора;1150,0;пайка и ТО;FE;0,5;0,49999999945223605;-5,477639453133065e-10
2,0;0,1;"B=2; Si=0.1";ось бора;1150,0;пайка и ТО;MN;0,5;0,5000000804223875;8,042238752725694e-08
2,0;0,1;"B=2; Si=0.1";ось бора;1150,0;пайка и ТО;NB;0,06;0,059999999973277346;-2,6722651869093283e-11
2,0;0,1;"B=2; Si=0.1";ось бора;1150,0;пайка и ТО;S;0,02;0,020000047847228322;4,784722832176791e-08
2,0;0,1;"B=2; Si=0.1";ось бора;1150,0;пайка и ТО;TI;0,1;0,09999997735994036;-2,2640059646472643e-08
2,0;0,1;"B=2; Si=0.1";ось бора;1200,0;пайка и ТО;NI;59,964999999999996;59,96500003660481;3,660481695533235e-08
2,0;0,1;"B=2; Si=0.1";ось бора;1200,0;пайка и ТО;CR;23,5;23,50000003388331;3,388331037967873e-08
2,0;0,1;"B=2; Si=0.1";ось бора;1200,0;пайка и ТО;MO;13,0;12,999999932920364;-6,707963606800149e-08
2,0;0,1;"B=2; Si=0.1";ось бора;1200,0;пайка и ТО;B;2,0;1,9999999980910794;-1,908920577164963e-09
2,0;0,1;"B=2; Si=0.1";ось бора;1200,0;пайка и ТО;SI;0,1;0,10000000021660158;2,1660157001335278e-10
2,0;0,1;"B=2; Si=0.1";ось бора;1200,0;пайка и ТО;AL;0,25;0,24999999909907578;-9,009242241120319e-10
2,0;0,1;"B=2; Si=0.1";ось бора;1200,0;пайка и ТО;C;0,005;0,005000000030374966;3,037496556362873e-11
2,0;0,1;"B=2; Si=0.1";ось бора;1200,0;пайка и ТО;FE;0,5;0,5000000006932505;6,932504570400511e-10
2,0;0,1;"B=2; Si=0.1";ось бора;1200,0;пайка и ТО;MN;0,5;0,49999999415787705;-5,842122952071094e-09
2,0;0,1;"B=2; Si=0.1";ось бора;1200,0;пайка и ТО;NB;0,06;0,060000000055717546;5,571754863042955e-11
2,0;0,1;"B=2; Si=0.1";ось бора;1200,0;пайка и ТО;S;0,02;0,01999999870953459;-1,2904654116130398e-09
2,0;0,1;"B=2; Si=0.1";ось бора;1200,0;пайка и ТО;TI;0,1;0,10000000553800648;5,538006470073853e-09
3,0;0,1;"B=3; Si=0.1";ось бора, перекрёстные узлы;700,0;служба;NI;58,964999999999996;58,96500001405227;1,4052275787435065e-08
3,0;0,1;"B=3; Si=0.1";ось бора, перекрёстные узлы;700,0;служба;CR;23,5;23,499999994592436;-5,40756417422017e-09
3,0;0,1;"B=3; Si=0.1";ось бора, перекрёстные узлы;700,0;служба;MO;13,0;13,000000004638107;4,638106787524521e-09
3,0;0,1;"B=3; Si=0.1";ось бора, перекрёстные узлы;700,0;служба;B;3,0;2,999999997301338;-2,6986621826097235e-09
3,0;0,1;"B=3; Si=0.1";ось бора, перекрёстные узлы;700,0;служба;SI;0,1;0,10000000006577292;6,577291489229253e-11
3,0;0,1;"B=3; Si=0.1";ось бора, перекрёстные узлы;700,0;служба;AL;0,25;0,24999999858197075;-1,4180292495780122e-09
3,0;0,1;"B=3; Si=0.1";ось бора, перекрёстные узлы;700,0;служба;C;0,005;0,004999999782917984;-2,170820164251741e-10
3,0;0,1;"B=3; Si=0.1";ось бора, перекрёстные узлы;700,0;служба;FE;0,5;0,5000000002079088;2,0790880128629396e-10
3,0;0,1;"B=3; Si=0.1";ось бора, перекрёстные узлы;700,0;служба;MN;0,5;0,4999999987383633;-1,2616366840134674e-09
3,0;0,1;"B=3; Si=0.1";ось бора, перекрёстные узлы;700,0;служба;NB;0,06;0,06000000002128916;2,1289164875426536e-11
3,0;0,1;"B=3; Si=0.1";ось бора, перекрёстные узлы;700,0;служба;S;0,02;0,01999999953416698;-4,65833021462414e-10
3,0;0,1;"B=3; Si=0.1";ось бора, перекрёстные узлы;700,0;служба;TI;0,1;0,0999999924834696;-7,516530411977307e-09
3,0;0,1;"B=3; Si=0.1";ось бора, перекрёстные узлы;750,0;служба;NI;58,964999999999996;58,96500001252615;1,2526150783287449e-08
3,0;0,1;"B=3; Si=0.1";ось бора, перекрёстные узлы;750,0;служба;CR;23,5;23,49999999220776;-7,792241518700393e-09
3,0;0,1;"B=3; Si=0.1";ось бора, перекрёстные узлы;750,0;служба;MO;13,0;13,000000006257254;6,25725427028101e-09
3,0;0,1;"B=3; Si=0.1";ось бора, перекрёстные узлы;750,0;служба;B;3,0;2,9999999996479496;-3,520503888410076e-10
3,0;0,1;"B=3; Si=0.1";ось бора, перекрёстные узлы;750,0;служба;SI;0,1;0,10000000006699371;6,699370225238255e-11
3,0;0,1;"B=3; Si=0.1";ось бора, перекрёстные узлы;750,0;служба;AL;0,25;0,24999999866447067;-1,3355293260186585e-09
3,0;0,1;"B=3; Si=0.1";ось бора, перекрёстные узлы;750,0;служба;C;0,005;0,004999998893428369;-1,106571631201425e-09
3,0;0,1;"B=3; Si=0.1";ось бора, перекрёстные узлы;750,0;служба;FE;0,5;0,5000000007362149;7,362148668477175e-10
3,0;0,1;"B=3; Si=0.1";ось бора, перекрёстные узлы;750,0;служба;MN;0,5;0,49999999781103766;-2,188962344717993e-09
3,0;0,1;"B=3; Si=0.1";ось бора, перекрёстные узлы;750,0;служба;NB;0,06;0,060000000029962614;2,996261572185688e-11
3,0;0,1;"B=3; Si=0.1";ось бора, перекрёстные узлы;750,0;служба;S;0,02;0,01999999798829728;-2,011702721071984e-09
3,0;0,1;"B=3; Si=0.1";ось бора, перекрёстные узлы;750,0;служба;TI;0,1;0,09999999517048425;-4,8295157595301674e-09
3,0;0,1;"B=3; Si=0.1";ось бора, перекрёстные узлы;1050,0;пайка и ТО;NI;58,964999999999996;58,96500003206286;3,206286436352457e-08
3,0;0,1;"B=3; Si=0.1";ось бора, перекрёстные узлы;1050,0;пайка и ТО;CR;23,5;23,50000000655814;6,558138920809142e-09
3,0;0,1;"B=3; Si=0.1";ось бора, перекрёстные узлы;1050,0;пайка и ТО;MO;13,0;13,000000004691392;4,69139216363601e-09
3,0;0,1;"B=3; Si=0.1";ось бора, перекрёстные узлы;1050,0;пайка и ТО;B;3,0;3,0000000159391873;1,593918730335986e-08
3,0;0,1;"B=3; Si=0.1";ось бора, перекрёстные узлы;1050,0;пайка и ТО;SI;0,1;0,1000000000063226;6,322595225149996e-12
3,0;0,1;"B=3; Si=0.1";ось бора, перекрёстные узлы;1050,0;пайка и ТО;AL;0,25;0,25000000074898726;7,48987261101064e-10
3,0;0,1;"B=3; Si=0.1";ось бора, перекрёстные узлы;1050,0;пайка и ТО;C;0,005;0,004999999947543676;-5,245632400674438e-11
3,0;0,1;"B=3; Si=0.1";ось бора, перекрёстные узлы;1050,0;пайка и ТО;FE;0,5;0,5000000004965461;4,965461375405766e-10
3,0;0,1;"B=3; Si=0.1";ось бора, перекрёстные узлы;1050,0;пайка и ТО;MN;0,5;0,49999995080607623;-4,919392376789844e-08
3,0;0,1;"B=3; Si=0.1";ось бора, перекрёстные узлы;1050,0;пайка и ТО;NB;0,06;0,06000000002768872;2,7688719372864767e-11
3,0;0,1;"B=3; Si=0.1";ось бора, перекрёстные узлы;1050,0;пайка и ТО;S;0,02;0,019999967463587197;-3,253641280356878e-08
3,0;0,1;"B=3; Si=0.1";ось бора, перекрёстные узлы;1050,0;пайка и ТО;TI;0,1;0,1000000212516531;2,1251653090081923e-08
3,0;0,1;"B=3; Si=0.1";ось бора, перекрёстные узлы;1150,0;пайка и ТО;NI;58,964999999999996;58,96500001832433;1,8324335826491733e-08
3,0;0,1;"B=3; Si=0.1";ось бора, перекрёстные узлы;1150,0;пайка и ТО;CR;23,5;23,499999998469466;-1,5305339218230074e-09
3,0;0,1;"B=3; Si=0.1";ось бора, перекрёстные узлы;1150,0;пайка и ТО;MO;13,0;12,999999992857454;-7,1425461101171095e-09
3,0;0,1;"B=3; Si=0.1";ось бора, перекрёстные узлы;1150,0;пайка и ТО;B;3,0;3,000000003445078;3,445078000652302e-09
3,0;0,1;"B=3; Si=0.1";ось бора, перекрёстные узлы;1150,0;пайка и ТО;SI;0,1;0,10000000007254072;7,254070955031722e-11
3,0;0,1;"B=3; Si=0.1";ось бора, перекрёстные узлы;1150,0;пайка и ТО;AL;0,25;0,25000000020583046;2,0583046378419567e-10
3,0;0,1;"B=3; Si=0.1";ось бора, перекрёстные узлы;1150,0;пайка и ТО;C;0,005;0,005000000078551217;7,855121674643639e-11
3,0;0,1;"B=3; Si=0.1";ось бора, перекрёстные узлы;1150,0;пайка и ТО;FE;0,5;0,5000000004879231;4,879231463306155e-10
3,0;0,1;"B=3; Si=0.1";ось бора, перекрёстные узлы;1150,0;пайка и ТО;MN;0,5;0,4999999888130335;-1,1186966519804997e-08
3,0;0,1;"B=3; Si=0.1";ось бора, перекрёстные узлы;1150,0;пайка и ТО;NB;0,06;0,0600000000162234;1,6223404564197352e-11
3,0;0,1;"B=3; Si=0.1";ось бора, перекрёстные узлы;1150,0;пайка и ТО;S;0,02;0,019999993795061694;-6,2049383062201535e-09
3,0;0,1;"B=3; Si=0.1";ось бора, перекрёстные узлы;1150,0;пайка и ТО;TI;0,1;0,1000000034345002;3,4345001981295198e-09
3,0;0,1;"B=3; Si=0.1";ось бора, перекрёстные узлы;1200,0;пайка и ТО;NI;58,964999999999996;58,96500001543889;1,5438892830843542e-08
3,0;0,1;"B=3; Si=0.1";ось бора, перекрёстные узлы;1200,0;пайка и ТО;CR;23,5;23,499999997039055;-2,960945266750059e-09
3,0;0,1;"B=3; Si=0.1";ось бора, перекрёстные узлы;1200,0;пайка и ТО;MO;13,0;13,000000003622171;3,62217100757789e-09
3,0;0,1;"B=3; Si=0.1";ось бора, перекрёстные узлы;1200,0;пайка и ТО;B;3,0;3,0000000133373335;1,333733345987298e-08
3,0;0,1;"B=3; Si=0.1";ось бора, перекрёстные узлы;1200,0;пайка и ТО;SI;0,1;0,09999999991592418;-8,407582963165794e-11
3,0;0,1;"B=3; Si=0.1";ось бора, перекрёстные узлы;1200,0;пайка и ТО;AL;0,25;0,24999999991509447;-8,490552705353593e-11
3,0;0,1;"B=3; Si=0.1";ось бора, перекрёстные узлы;1200,0;пайка и ТО;C;0,005;0,00500000008594253;8,594253000232532e-11
3,0;0,1;"B=3; Si=0.1";ось бора, перекрёстные узлы;1200,0;пайка и ТО;FE;0,5;0,5000000000366231;3,6623148957914964e-11
3,0;0,1;"B=3; Si=0.1";ось бора, перекрёстные узлы;1200,0;пайка и ТО;MN;0,5;0,49999996561587684;-3,4384123159814095e-08
3,0;0,1;"B=3; Si=0.1";ось бора, перекрёстные узлы;1200,0;пайка и ТО;NB;0,06;0,060000000087086724;8,708672671886575e-11
3,0;0,1;"B=3; Si=0.1";ось бора, перекрёстные узлы;1200,0;пайка и ТО;S;0,02;0,019999980058383146;-1,9941616854340927e-08
3,0;0,1;"B=3; Si=0.1";ось бора, перекрёстные узлы;1200,0;пайка и ТО;TI;0,1;0,10000002484763693;2,4847636920233285e-08
3,0;2,0;"B=3; Si=2";перекрёстные узлы;700,0;служба;NI;57,065;57,06500002243534;2,2435344249061018e-08
3,0;2,0;"B=3; Si=2";перекрёстные узлы;700,0;служба;CR;23,5;23,500000003022592;3,0225919545046054e-09
3,0;2,0;"B=3; Si=2";перекрёстные узлы;700,0;служба;MO;13,0;13,00000000199841;1,9984103261094788e-09
3,0;2,0;"B=3; Si=2";перекрёстные узлы;700,0;служба;B;3,0;3,0000000005497114;5,497113875208015e-10
3,0;2,0;"B=3; Si=2";перекрёстные узлы;700,0;служба;SI;2,0;2,0000000007157093;7,157092696274958e-10
3,0;2,0;"B=3; Si=2";перекрёстные узлы;700,0;служба;AL;0,25;0,2500000000631032;6,310318934055203e-11
3,0;2,0;"B=3; Si=2";перекрёстные узлы;700,0;служба;C;0,005;0,004999998027051167;-1,97294883295257e-09
3,0;2,0;"B=3; Si=2";перекрёстные узлы;700,0;служба;FE;0,5;0,5000000011171245;1,117124504013134e-09
3,0;2,0;"B=3; Si=2";перекрёстные узлы;700,0;служба;MN;0,5;0,49999998393151335;-1,6068486652365266e-08
3,0;2,0;"B=3; Si=2";перекрёстные узлы;700,0;служба;NB;0,06;0,05999999997643606;-2,356393552505054e-11
3,0;2,0;"B=3; Si=2";перекрёстные узлы;700,0;служба;S;0,02;0,01999999115267922;-8,847320778770928e-09
3,0;2,0;"B=3; Si=2";перекрёстные узлы;700,0;служба;TI;0,1;0,09999999701032544;-2,9896745634694355e-09
3,0;2,0;"B=3; Si=2";перекрёстные узлы;750,0;служба;NI;57,065;57,065000007943034;7,94303645079708e-09
3,0;2,0;"B=3; Si=2";перекрёстные узлы;750,0;служба;CR;23,5;23,49999996717084;-3,2829159835046084e-08
3,0;2,0;"B=3; Si=2";перекрёстные узлы;750,0;служба;MO;13,0;12,999999984588388;-1,5411611542504033e-08
3,0;2,0;"B=3; Si=2";перекрёстные узлы;750,0;служба;B;3,0;2,9999999994978164;-5,021836280150183e-10
3,0;2,0;"B=3; Si=2";перекрёстные узлы;750,0;служба;SI;2,0;2,0000000013512027;1,3512027052797748e-09
3,0;2,0;"B=3; Si=2";перекрёстные узлы;750,0;служба;AL;0,25;0,24999999915209623;-8,479037749697937e-10
3,0;2,0;"B=3; Si=2";перекрёстные узлы;750,0;служба;C;0,005;0,004999994071556857;-5,9284431435172036e-09
3,0;2,0;"B=3; Si=2";перекрёстные узлы;750,0;служба;FE;0,5;0,49999999977806014;-2,2193985538265792e-10
3,0;2,0;"B=3; Si=2";перекрёстные узлы;750,0;служба;MN;0,5;0,5000000314012353;3,140123527867189e-08
3,0;2,0;"B=3; Si=2";перекрёстные узлы;750,0;служба;NB;0,06;0,060000000038412896;3,8412897862549755e-11
3,0;2,0;"B=3; Si=2";перекрёстные узлы;750,0;служба;S;0,02;0,02000001776487778;1,7764877780629407e-08
3,0;2,0;"B=3; Si=2";перекрёстные узлы;750,0;служба;TI;0,1;0,09999999724247699;-2,7575230154841535e-09
3,0;2,0;"B=3; Si=2";перекрёстные узлы;1050,0;пайка и ТО;NI;57,065;57,065000009133094;9,133096057212242e-09
3,0;2,0;"B=3; Si=2";перекрёстные узлы;1050,0;пайка и ТО;CR;23,5;23,49999998575848;-1,424152173967741e-08
3,0;2,0;"B=3; Si=2";перекрёстные узлы;1050,0;пайка и ТО;MO;13,0;13,00000000142596;1,4259597946875147e-09
3,0;2,0;"B=3; Si=2";перекрёстные узлы;1050,0;пайка и ТО;B;3,0;3,0000000020096187;2,0096186936768845e-09
3,0;2,0;"B=3; Si=2";перекрёстные узлы;1050,0;пайка и ТО;SI;2,0;2,000000000939434;9,3943386403339e-10
3,0;2,0;"B=3; Si=2";перекрёстные узлы;1050,0;пайка и ТО;AL;0,25;0,2500000022442567;2,2442567249036927e-09
3,0;2,0;"B=3; Si=2";перекрёстные узлы;1050,0;пайка и ТО;C;0,005;0,004999996304881904;-3,695118096051775e-09
3,0;2,0;"B=3; Si=2";перекрёстные узлы;1050,0;пайка и ТО;FE;0,5;0,5000000004315932;4,3159320561869663e-10
3,0;2,0;"B=3; Si=2";перекрёстные узлы;1050,0;пайка и ТО;MN;0,5;0,5000000013875893;1,3875892657111422e-09
3,0;2,0;"B=3; Si=2";перекрёстные узлы;1050,0;пайка и ТО;NB;0,06;0,06000000001812745;1,8127450929217304e-11
3,0;2,0;"B=3; Si=2";перекрёстные узлы;1050,0;пайка и ТО;S;0,02;0,020000000925368102;9,253681015897186e-10
3,0;2,0;"B=3; Si=2";перекрёстные узлы;1050,0;пайка и ТО;TI;0,1;0,09999999942159904;-5,78400966011472e-10
3,0;2,0;"B=3; Si=2";перекрёстные узлы;1150,0;пайка и ТО;NI;57,065;57,06499996638464;-3,361535760859624e-08
3,0;2,0;"B=3; Si=2";перекрёстные узлы;1150,0;пайка и ТО;CR;23,5;23,499999987674627;-1,2325372722443717e-08
3,0;2,0;"B=3; Si=2";перекрёстные узлы;1150,0;пайка и ТО;MO;13,0;12,999999975953804;-2,4046196145377507e-08
3,0;2,0;"B=3; Si=2";перекрёстные узлы;1150,0;пайка и ТО;B;3,0;2,999999970443989;-2,9556010971987234e-08
3,0;2,0;"B=3; Si=2";перекрёстные узлы;1150,0;пайка и ТО;SI;2,0;1,999999999598971;-4,01028987795371e-10
3,0;2,0;"B=3; Si=2";перекрёстные узлы;1150,0;пайка и ТО;AL;0,25;0,25000000258656807;2,5865680708392347e-09
3,0;2,0;"B=3; Si=2";перекрёстные узлы;1150,0;пайка и ТО;C;0,005;0,0050000000794144725;7,941447239395716e-11
3,0;2,0;"B=3; Si=2";перекрёстные узлы;1150,0;пайка и ТО;FE;0,5;0,49999999959531294;-4,046870616392084e-10
3,0;2,0;"B=3; Si=2";перекрёстные узлы;1150,0;пайка и ТО;MN;0,5;0,500000093770111;9,377011100930588e-08
3,0;2,0;"B=3; Si=2";перекрёстные узлы;1150,0;пайка и ТО;NB;0,06;0,059999999992046055;-7,953943059746393e-12
3,0;2,0;"B=3; Si=2";перекрёстные узлы;1150,0;пайка и ТО;S;0,02;0,02000005764880099;5,7648800989851257e-08
3,0;2,0;"B=3; Si=2";перекрёстные узлы;1150,0;пайка и ТО;TI;0,1;0,09999994627170142;-5,37282985879628e-08
3,0;2,0;"B=3; Si=2";перекрёстные узлы;1200,0;пайка и ТО;NI;57,065;57,06499996482749;-3,517250490858714e-08
3,0;2,0;"B=3; Si=2";перекрёстные узлы;1200,0;пайка и ТО;CR;23,5;23,499999982093883;-1,7906117477650696e-08
3,0;2,0;"B=3; Si=2";перекрёстные узлы;1200,0;пайка и ТО;MO;13,0;12,9999999797483;-2,02517007608094e-08
3,0;2,0;"B=3; Si=2";перекрёстные узлы;1200,0;пайка и ТО;B;3,0;2,999999967232663;-3,276733684387523e-08
3,0;2,0;"B=3; Si=2";перекрёстные узлы;1200,0;пайка и ТО;SI;2,0;1,999999999451706;-5,48294076807565e-10
3,0;2,0;"B=3; Si=2";перекрёстные узлы;1200,0;пайка и ТО;AL;0,25;0,2499999995532259;-4,4677408994608925e-10
3,0;2,0;"B=3; Si=2";перекрёстные узлы;1200,0;пайка и ТО;C;0,005;0,0049999999288994415;-7,11005586004343e-11
3,0;2,0;"B=3; Si=2";перекрёстные узлы;1200,0;пайка и ТО;FE;0,5;0,49999999991225963;-8,774037052461381e-11
3,0;2,0;"B=3; Si=2";перекрёстные узлы;1200,0;пайка и ТО;MN;0,5;0,5000001075250537;1,0752505374966859e-07
3,0;2,0;"B=3; Si=2";перекрёстные узлы;1200,0;пайка и ТО;NB;0,06;0,059999999979078816;-2,0921181453914528e-11
3,0;2,0;"B=3; Si=2";перекрёстные узлы;1200,0;пайка и ТО;S;0,02;0,02000006422215293;6,422215292900546e-08
3,0;2,0;"B=3; Si=2";перекрёстные узлы;1200,0;пайка и ТО;TI;0,1;0,09999993552528415;-6,447471585790954e-08
3,0;5,0;"B=3; Si=5";перекрёстные узлы;700,0;служба;NI;54,065;54,064999972662896;-2,7337101471403003e-08
3,0;5,0;"B=3; Si=5";перекрёстные узлы;700,0;служба;CR;23,5;23,500000020981094;2,0981094195349215e-08
3,0;5,0;"B=3; Si=5";перекрёстные узлы;700,0;служба;MO;13,0;13,000000003808077;3,808077408962163e-09
3,0;5,0;"B=3; Si=5";перекрёстные узлы;700,0;служба;B;3,0;2,9999999970647364;-2,93526358774443e-09
3,0;5,0;"B=3; Si=5";перекрёстные узлы;700,0;служба;SI;5,0;4,999999995983488;-4,016511567783709e-09
3,0;5,0;"B=3; Si=5";перекрёстные узлы;700,0;служба;AL;0,25;0,24999999969001616;-3,099838441489311e-10
3,0;5,0;"B=3; Si=5";перекрёстные узлы;700,0;служба;C;0,005;0,005000003735713758;3,73571375830023e-09
3,0;5,0;"B=3; Si=5";перекрёстные узлы;700,0;служба;FE;0,5;0,4999999991493051;-8,50694903409277e-10
3,0;5,0;"B=3; Si=5";перекрёстные узлы;700,0;служба;MN;0,5;0,5000000042138252;4,213825177679098e-09
3,0;5,0;"B=3; Si=5";перекрёстные узлы;700,0;служба;NB;0,06;0,059999999941458104;-5,854189355503081e-11
3,0;5,0;"B=3; Si=5";перекрёстные узлы;700,0;служба;S;0,02;0,020000002571694712;2,5716947113507693e-09
3,0;5,0;"B=3; Si=5";перекрёстные узлы;700,0;служба;TI;0,1;0,10000000019768879;1,9768878201098516e-10
3,0;5,0;"B=3; Si=5";перекрёстные узлы;750,0;служба;NI;54,065;54,06500003194799;3,194799091943423e-08
3,0;5,0;"B=3; Si=5";перекрёстные узлы;750,0;служба;CR;23,5;23,499999972328496;-2,767150419913378e-08
3,0;5,0;"B=3; Si=5";перекрёстные узлы;750,0;служба;MO;13,0;12,99999998074252;-1,9257479166867597e-08
3,0;5,0;"B=3; Si=5";перекрёстные узлы;750,0;служба;B;3,0;3,0000000033153635;3,3153635392579872e-09
3,0;5,0;"B=3; Si=5";перекрёстные узлы;750,0;служба;SI;5,0;5,000000007462628;7,46262784900864e-09
3,0;5,0;"B=3; Si=5";перекрёстные узлы;750,0;служба;AL;0,25;0,2500000002233272;2,2332719007422952e-10
3,0;5,0;"B=3; Si=5";перекрёстные узлы;750,0;служба;C;0,005;0,004999994481829202;-5,518170797906563e-09
3,0;5,0;"B=3; Si=5";перекрёстные узлы;750,0;служба;FE;0,5;0,49999999975250914;-2,4749086113828866e-10
3,0;5,0;"B=3; Si=5";перекрёстные узлы;750,0;служба;MN;0,5;0,5000000064292576;6,429257570772506e-09
3,0;5,0;"B=3; Si=5";перекрёстные узлы;750,0;служба;NB;0,06;0,06000000007852962;7,852962030652222e-11
3,0;5,0;"B=3; Si=5";перекрёстные узлы;750,0;служба;S;0,02;0,020000003577322747;3,577322747055911e-09
3,0;5,0;"B=3; Si=5";перекрёстные узлы;750,0;служба;TI;0,1;0,09999999966023208;-3,3976792213064044e-10
3,0;5,0;"B=3; Si=5";перекрёстные узлы;1050,0;пайка и ТО;NI;54,065;54,06500007429713;7,429713377860026e-08
3,0;5,0;"B=3; Si=5";перекрёстные узлы;1050,0;пайка и ТО;CR;23,5;23,50000004984812;4,984811852182247e-08
3,0;5,0;"B=3; Si=5";перекрёстные узлы;1050,0;пайка и ТО;MO;13,0;13,000000025237208;2,5237207879058587e-08
3,0;5,0;"B=3; Si=5";перекрёстные узлы;1050,0;пайка и ТО;B;3,0;3,0000000199833456;1,9983345644902784e-08
3,0;5,0;"B=3; Si=5";перекрёстные узлы;1050,0;пайка и ТО;SI;5,0;5,000000005138127;5,138127256998359e-09
3,0;5,0;"B=3; Si=5";перекрёстные узлы;1050,0;пайка и ТО;AL;0,25;0,24999999958524316;-4,147568399837098e-10
3,0;5,0;"B=3; Si=5";перекрёстные узлы;1050,0;пайка и ТО;C;0,005;0,0049999999191622894;-8,083771065731105e-11
3,0;5,0;"B=3; Si=5";перекрёстные узлы;1050,0;пайка и ТО;FE;0,5;0,5000000012921759;1,292175921818739e-09
3,0;5,0;"B=3; Si=5";перекрёстные узлы;1050,0;пайка и ТО;MN;0,5;0,49999987314087024;-1,2685912975651803e-07
3,0;5,0;"B=3; Si=5";перекрёстные узлы;1050,0;пайка и ТО;NB;0,06;0,06000000005665274;5,665274499522255e-11
3,0;5,0;"B=3; Si=5";перекрёстные узлы;1050,0;пайка и ТО;S;0,02;0,01999992321204417;-7,67879558306872e-08
3,0;5,0;"B=3; Si=5";перекрёстные узлы;1050,0;пайка и ТО;TI;0,1;0,1000000282899013;2,8289901296552067e-08
3,0;5,0;"B=3; Si=5";перекрёстные узлы;1150,0;пайка и ТО;NI;54,065;54,06500006809682;6,80968241795199e-08
3,0;5,0;"B=3; Si=5";перекрёстные узлы;1150,0;пайка и ТО;CR;23,5;23,500000085119726;8,511972637847975e-08
3,0;5,0;"B=3; Si=5";перекрёстные узлы;1150,0;пайка и ТО;MO;13,0;13,000000033506863;3,350686306191619e-08
3,0;5,0;"B=3; Si=5";перекрёстные узлы;1150,0;пайка и ТО;B;3,0;3,0000000247355425;2,4735542503151464e-08
3,0;5,0;"B=3; Si=5";перекрёстные узлы;1150,0;пайка и ТО;SI;5,0;5,000000006003093;6,003093133699622e-09
3,0;5,0;"B=3; Si=5";перекрёстные узлы;1150,0;пайка и ТО;AL;0,25;0,24999999992223734;-7,776265742442945e-11
3,0;5,0;"B=3; Si=5";перекрёстные узлы;1150,0;пайка и ТО;C;0,005;0,00500000397179449;3,971794489653069e-09
3,0;5,0;"B=3; Si=5";перекрёстные узлы;1150,0;пайка и ТО;FE;0,5;0,5000000016841584;1,6841583683202543e-09
3,0;5,0;"B=3; Si=5";перекрёстные узлы;1150,0;пайка и ТО;MN;0,5;0,49999983498285605;-1,6501714394934197e-07
3,0;5,0;"B=3; Si=5";перекрёстные узлы;1150,0;пайка и ТО;NB;0,06;0,06000000004578529;4,5785292224209684e-11
3,0;5,0;"B=3; Si=5";перекрёстные узлы;1150,0;пайка и ТО;S;0,02;0,01999990220452474;-9,779547525956556e-08
3,0;5,0;"B=3; Si=5";перекрёстные узлы;1150,0;пайка и ТО;TI;0,1;0,100000039726613;3,972661299922464e-08
3,0;5,0;"B=3; Si=5";перекрёстные узлы;1200,0;пайка и ТО;NI;54,065;54,06499999960174;-3,9825920339353615e-10
3,0;5,0;"B=3; Si=5";перекрёстные узлы;1200,0;пайка и ТО;CR;23,5;23,4999999986665;-1,3335004211967316e-09
3,0;5,0;"B=3; Si=5";перекрёстные узлы;1200,0;пайка и ТО;MO;13,0;12,999999999256877;-7,431228965515402e-10
3,0;5,0;"B=3; Si=5";перекрёстные узлы;1200,0;пайка и ТО;B;3,0;3,0000000008019847;8,019847008711167e-10
3,0;5,0;"B=3; Si=5";перекрёстные узлы;1200,0;пайка и ТО;SI;5,0;4,9999999994269535;-5,730464991415829e-10
3,0;5,0;"B=3; Si=5";перекрёстные узлы;1200,0;пайка и ТО;AL;0,25;0,2499999993631379;-6,368620908414613e-10
3,0;5,0;"B=3; Si=5";перекрёстные узлы;1200,0;пайка и ТО;C;0,005;0,005000000211087957;2,110879570096924e-10
3,0;5,0;"B=3; Si=5";перекрёстные узлы;1200,0;пайка и ТО;FE;0,5;0,4999999988322661;-1,1677339095683692e-09
3,0;5,0;"B=3; Si=5";перекрёстные узлы;1200,0;пайка и ТО;MN;0,5;0,5000000009206708;9,206707618503174e-10
3,0;5,0;"B=3; Si=5";перекрёстные узлы;1200,0;пайка и ТО;NB;0,06;0,06000000002854312;2,8543119257040672e-11
3,0;5,0;"B=3; Si=5";перекрёстные узлы;1200,0;пайка и ТО;S;0,02;0,019999998543421642;-1,4565783579278957e-09
3,0;5,0;"B=3; Si=5";перекрёстные узлы;1200,0;пайка и ТО;TI;0,1;0,10000000434678251;4,346782503383828e-09
