T, °C;межфазная энергия, Дж/м²;места зарождения;t, ч;мольная доля P-фазы, %;объёмная доля P-фазы, %;движущая сила, Дж/м³
700,0;0,05;границы зёрен;0,001;4,863099704846652e-09;5,193527475085465e-09;209012354,69656003
700,0;0,05;границы зёрен;0,001758550994291671;5,877311377430036e-06;6,276650665027733e-06;209012319,5292123
700,0;0,05;границы зёрен;0,003144431583841334;0,0005444424990621051;0,0005814349289773768;209009094,28000042
700,0;0,05;границы зёрен;0,005563038647688266;0,004657179643243023;0,0049736002477488465;208984462,59411022
700,0;0,05;границы зёрен;0,009851880784696614;0,015983622378217207;0,017069458884057583;208916607,350606
700,0;0,05;границы зёрен;0,010000000000000002;0,01653869457493407;0,017662232871388565;208913281,23857674
700,0;0,05;границы зёрен;0,01743459800609729;0,056703955952075585;0,06055442521019417;208672417,000533
700,0;0,05;границы зёрен;0,03089122536549672;0,1804233016787806;0,1926587103267167;207928188,14293733
700,0;0,05;границы зёрен;0,05474807874872322;0,5220101844016725;0,5572809862206674;205855142,78873134
700,0;0,05;границы зёрен;0,09696159148094101;1,3913963962811764;1,4845326279637887;200454990,4237572
700,0;0,05;границы зёрен;0,10000000000000002;1,464119256540916;1,5620462443630032;199995007,43065533
700,0;0,05;границы зёрен;0,17122203867354005;3,4476921128691127;3,673343665875354;186927186,80233464
700,0;0,05;границы зёрен;0,3029758014642145;7,790276669248463;8,275788964615836;154302769,9991931
700,0;0,05;границы зёрен;0,5366716868538468;14,626447478699944;15,466547180222182;87789517,99346744
700,0;0,05;границы зёрен;0,9523836774933676;19,6098938270808;20,666937252632327;21386257,52329256
700,0;0,05;границы зёрен;1,0;19,79384639809333;20,858232770694812;18524277,669258416
700,0;0,05;границы зёрен;1,6923915131756633;20,446948121831;21,537023772345897;8074960,845294959
700,0;0,05;границы зёрен;2,913442049318541;20,45697047234147;21,547435715663593;7910989,121744803
700,0;0,05;границы зёрен;5,4168526654309;20,44841831267106;21,53855112178431;8050914,653749413
700,0;0,05;границы зёрен;9,383019072919792;20,450149105330397;21,540349200954374;8022603,010383837
700,0;0,05;границы зёрен;10,0;20,453796004845064;21,544137864134463;7962937,474074175
700,0;0,05;границы зёрен;16,532966982818923;20,460732177930872;21,55134361167463;7849416,371536545
700,0;0,05;границы зёрен;29,34706283553523;20,470269354766835;21,561251341631632;7693238,013362601
700,0;0,05;границы зёрен;51,98557984216094;20,510585677644062;21,603132697326288;7031901,963950619
700,0;0,05;границы зёрен;92,01021951540787;20,573573939346172;21,668561560638786;5995000,151507703
700,0;0,05;границы зёрен;100,0;20,583211640148026;21,67857220553562;5835950,266905381
700,0;0,05;границы зёрен;163,15871976695922;20,63700221630559;21,734441907441106;4946311,882089842
700,0;0,05;границы зёрен;200,0;20,656572140395664;21,754767253595087;4621827,92698753
700,0;0,05;границы зёрен;288,81076658805443;20,688871089954297;21,788311814700894;4085328,1796484636
700,0;0,05;границы зёрен;511,3979549496335;20,73184168410935;21,83293732254716;3369709,1960222055
700,0;0,05;границы зёрен;905,4185104477283;20,766943525201174;21,86938912353293;2783552,328288128
700,0;0,05;границы зёрен;1000,0;20,772246491712977;21,8748958844591;2694875,3417047835
700,0;0,05;границы зёрен;1602,8045085775154;20,781188832722624;21,88418179338491;2545266,289509741
700,0;0,05;границы зёрен;2841,7236491791305;20,80248667431455;21,906297457526016;2188570,400318023
700,0;0,05;границы зёрен;5031,5650216906015;20,820319420927913;21,924814483942363;1889501,6324021935
700,0;0,05;границы зёрен;8903,761934725824;20,835122129428793;21,94018486726379;1640967,0733893248
700,0;0,05;границы зёрен;10000,0;20,84211857747012;21,947449518709405;1523408,9674093628
700,0;0,05;границы зёрен;15774,537192291518;20,868448224589315;21,974787882010038;1080490,2604322108
700,0;0,05;границы зёрен;27940,04528267576;20,864872692654608;21,971075424320954;1140685,7363113544
700,0;0,05;границы зёрен;49430,41493006424;20,88859354208382;21,995704336308712;741055,3434711341
700,0;0,05;границы зёрен;87600,0;20,896260997390804;22,003665143591085;611738,5350830195
700,0;0,075;границы зёрен;0,001;5,852277790389004e-13;6,249916173017592e-13;209012354,7256645
700,0;0,075;границы зёрен;0,0017745224603522164;1,720904326656305e-08;1,8378327496556696e-08;209012354,6226733
700,0;0,075;границы зёрен;0,003139241999311441;8,511733002032188e-06;9,090070455902047e-06;209012303,75290555
700,0;0,075;границы зёрен;0,005513952717553709;0,0003970552619193011;0,00042403343150317817;209009976,92905527
700,0;0,075;границы зёрен;0,009816679858113478;0,004003946065046111;0,004275986220266875;208988375,14561087
700,0;0,075;границы зёрен;0,010000000000000002;0,004188834395640938;0,004473435858941306;208987267,76424947
700,0;0,075;границы зёрен;0,0174049905155721;0,013724942475461228;0,014657359593767601;208930141,12649384
700,0;0,075;границы зёрен;0,03077977306812218;0,05528784800142621;0,05904221357808106;208680915,38240787
700,0;0,075;границы зёрен;0,05465184617319617;0,20062852267732595;0,21423120792211495;207806312,6872931
700,0;0,075;границы зёрен;0,09700625120197565;0,6246502365085621;0,6668096595605396;205226943,93790886
700,0;0,075;границы зёрен;0,10000000000000002;0,6610976030139537;0,7056994937302042;205003277,68096265
700,0;0,075;границы зёрен;0,1718367179115419;1,7350079791228366;1,8507129431726905;198270096,00441384
700,0;0,075;границы зёрен;0,30355569836402024;4,349976969792131;4,631850101900585;180629641,53894642
700,0;0,075;границы зёрен;0,5373585435171915;9,612152278754305;10,19865073113854;138658175,76588175
700,0;0,075;границы зёрен;0,9515032072777568;16,622135885898327;17,55329415105965;63509657,7509033
700,0;0,075;границы зёрен;1,0;17,132183779576433;18,085716775542853;56848714,650415614
700,0;0,075;границы зёрен;1,685357233458416;20,033604541811336;21,10749067024736;14741349,54863986
700,0;0,075;границы зёрен;2,8332502071244856;20,3393353431076;21,42521901290729;9828532,095779222
700,0;0,075;границы зёрен;5,234637894841854;20,333736170046613;21,4194012865819;9919420,933176652
700,0;0,075;границы зёрен;9,399298273579955;20,33874330998527;21,424603872941887;9838143,934340606
700,0;0,075;границы зёрен;10,0;20,340680344596905;21,426616507514126;9806694,149626907
700,0;0,075;границы зёрен;16,608102590481604;20,34063975450886;21,426574333300938;9807353,214529725
700,0;0,075;границы зёрен;29,37467561130102;20,347178757693445;21,433368507113943;9701155,384125637
700,0;0,075;границы зёрен;52,01283826730367;20,39087930335334;21,478772844418977;8990216,020217024
700,0;0,075;границы зёрен;92,03015654091698;20,46583966065568;21,55664955395559;7765790,202208921
700,0;0,075;границы зёрен;100,0;20,47790027834916;21,569178662435647;7568202,649031274
700,0;0,075;границы зёрен;163,12719272588333;20,545033597771365;21,638916052862097;6465381,303455952
700,0;0,075;границы зёрен;200,0;20,57042472434532;21,665290454401838;6046948,469425669
700,0;0,075;границы зёрен;288,7174737159799;20,612998200883528;21,709510580901725;5343719,421552782
700,0;0,075;границы зёрен;511,4395446510807;20,66917876074499;21,767860222013564;4412568,718010103
700,0;0,075;границы зёрен;905,497150370787;20,715352492590995;21,81581339154847;3644566,5888761575
700,0;0,075;границы зёрен;1000,0;20,72265664597995;21,823398759711573;3522852,765705304
700,0;0,075;границы зёрен;1603,9362664671655;20,753179551226637;21,85509601378236;3013563,427907945
700,0;0,075;границы зёрен;2841,727665026608;20,784389098673184;21,88750498765329;2491701,957233481
700,0;0,075;границы зёрен;5031,067327929713;20,810103416527397;21,91420652420963;2060877,1725778126
700,0;0,075;границы зёрен;8909,298059709603;20,83075349245631;21,935648727444907;1714342,2509435904
700,0;0,075;границы зёрен;10000,0;20,831397015999286;21,936316926718824;1703535,0963973117
700,0;0,075;границы зёрен;15771,716424508822;20,843303697672074;21,948680062829133;1503490,265557923
700,0;0,075;границы зёрен;27935,287109384655;20,85965656918721;21,9656595163982;1228474,3108255384
700,0;0,075;границы зёрен;49472,72350967822;20,873198027654244;21,9797195522844;1000502,2635358234
700,0;0,075;границы зёрен;87600,0;20,88454035238981;21,991496041104146;809387,1711901911
700,0;0,1;границы зёрен;0,001;6,502774678968928e-18;6,944611669378005e-18;209012354,72573882
700,0;0,1;границы зёрен;0,001790152568779916;3,4504694180629847e-12;3,684914727709971e-12;209012354,72568357
700,0;0,1;границы зёрен;0,003142473614718385;8,395714468643885e-09;8,966168989361666e-09;209012354,67542487
700,0;0,1;границы зёрен;0,005517002650649044;1,2058428337283338e-06;1,2877749301029652e-06;209012347,5045091
700,0;0,1;границы зёрен;0,009860414740556824;3,239063098413769e-05;3,459144135624785e-05;209012160,7532153
700,0;0,1;границы зёрен;0,010000000000000002;3,4570144324916184e-05;3,6919043624284113e-05;209012147,70113558
700,0;0,1;границы зёрен;0,017533700161028284;0,00032530379709760703;0,00034740678519759203;209010406,62098223
700,0;0,1;границы зёрен;0,030824664184686604;0,0022135952740971548;0,0023639964799127547;208999097,98130053
700,0;0,1;границы зёрен;0,054851568076445166;0,015431001124431356;0,016479301869218005;208919918,7065591
700,0;0,1;границы зёрен;0,09676835598070285;0,08464090498539079;0,0903867107705029;208504667,97321343
700,0;0,1;границы зёрен;0,10000000000000002;0,09226515304324136;0,09852801673824965;208458856,9237353
700,0;0,1;границы зёрен;0,17206980876431258;0,33040790075201537;0,3527785703212348;207021267,07583064
700,0;0,1;границы зёрен;0,3034580252565002;1,01641814797595;1,0847304806334177;202806331,0492143
700,0;0,1;границы зёрен;0,5369607372472418;2,743983888350989;2,924972997790359;191681486,12093258
700,0;0,1;границы зёрен;0,9511969780019564;6,602753276829689;7,019890063006963;163833653,035539
700,0;0,1;границы зёрен;1,0;7,0798618446254595;7,524712096836556;160064055,05829182
700,0;0,1;границы зёрен;1,6848378347474429;13,230699304246423;14,003781232408489;103268878,02502725
700,0;0,1;границы зёрен;2,980650354958693;19,054110603944043;20,088681705419337;29827565,495802622
700,0;0,1;границы зёрен;5,254661963115359;20,382455990334474;21,470021331188377;9127414,55574776
700,0;0,1;границы зёрен;9,427824349807661;20,413726752630446;21,502510008636037;8617681,421089504
700,0;0,1;границы зёрен;10,0;20,41742082999867;21,506347870813038;8557393,895147588
700,0;0,1;границы зёрен;16,57541052085942;20,411772406063434;21,500479585227183;8649570,316417303
700,0;0,1;границы зёрен;29,20034275144747;20,424786202662794;21,513999869632794;8437145,332057327
700,0;0,1;границы зёрен;51,86276933288839;20,421916075271007;21,511018059172674;8484010,79211812
700,0;0,1;границы зёрен;92,01767909688645;20,432401080297176;21,52191100357802;8312759,793753204
700,0;0,1;границы зёрен;100,0;20,436671971552844;21,5263480182332;8242968,460150641
700,0;0,1;границы зёрен;162,95287038761077;20,477019497320505;21,568263674608453;7582637,884993753
700,0;0,1;границы зёрен;200,0;20,499299665919935;21,591408803818776;7217217,962714178
700,0;0,1;границы зёрен;288,52006422379844;20,54431248899639;21,63816700594133;6477254,166273972
700,0;0,1;границы зёрен;511,48352582787743;20,6114953649763;21,70794966151142;5368578,349891409
700,0;0,1;границы зёрен;905,2672118428372;20,6684555861259;21,76710915417829;4424577,725328949
700,0;0,1;границы зёрен;1000,0;20,676976998496723;21,775959195554087;4283033,419853879
700,0;0,1;границы зёрен;1602,2928200902402;20,7145811874789;21,815012386341394;3657415,7540420988
700,0;0,1;границы зёрен;2838,4434082820003;20,75285459594277;21,85475856288417;3018991,1354536093
700,0;0,1;границы зёрен;5031,539250891247;20,784200567324856;21,887309214851403;2494857,823469141
700,0;0,1;границы зёрен;8902,10974197184;20,803563170560864;21,907415273734912;2170527,2469355105
700,0;0,1;границы зёрен;10000,0;20,809065279224455;21,913128548779063;2078285,324424349
700,0;0,1;границы зёрен;15770,595494570467;20,824944477316297;21,9296169411623;1811875,3341160677
700,0;0,1;границы зёрен;27941,045955771046;20,84806625125703;21,953625138397324;1423427,897326721
700,0;0,1;границы зёрен;49482,2396804605;20,86133516244229;21,967402406134635;1200226,6770112645
700,0;0,1;границы зёрен;87600,0;20,874444028492846;21,981013256576986;979514,8786202688
700,0;0,125;границы зёрен;0,001;1,3962859046335543e-24;1,4911578312050167e-24;209012354,7256966
700,0;0,125;границы зёрен;0,0017729644567724885;1,79835064158558e-17;1,920541225514038e-17;209012354,72568855
700,0;0,125;границы зёрен;0,003045726388706901;1,6365671529926202e-13;1,7477652093883342e-13;209012354,7256435
700,0;0,125;границы зёрен;0,005485512052557548;1,0475788713377952e-10;1,1187575786709088e-10;209012354,72508922
700,0;0,125;границы зёрен;0,009784296300460817;5,058041324119004e-09;5,401714581493364e-09;209012354,69542748
700,0;0,125;границы зёрен;0,010000000000000002;5,681368105117856e-09;6,0673938723857305e-09;209012354,69168738
700,0;0,125;границы зёрен;0,017435458151248917;6,697301661501042e-08;7,152355965847946e-08;209012354,32464844
700,0;0,125;границы зёрен;0,0307849956883656;4,6472537297881253e-07;4,963015645711039e-07;209012351,94266635
700,0;0,125;границы зёрен;0,05451750854908852;3,0815228214913542e-06;3,2908997093176287e-06;209012336,27190477
700,0;0,125;границы зёрен;0,09675486378359327;2,6467443849619136e-05;2,8265798091643277e-05;209012196,22442698
700,0;0,125;границы зёрен;0,10000000000000002;3,0019133984856482e-05;3,2058810925426415e-05;209012174,95494446
700,0;0,125;границы зёрен;0,1713621717662908;0,00022564075047378388;0,00024097208129551039;209011003,4626744
700,0;0,125;границы зёрен;0,3035950509434039;0,001684699848189828;0,0017991662652335236;209002265,5227346
700,0;0,125;границы зёрен;0,5375228574657852;0,010280492145048649;0,010978932924140001;208950777,69169495
700,0;0,125;границы зёрен;0,9516381564849673;0,05243002048732602;0,055990431715790004;208698064,46081355
700,0;0,125;границы зёрен;1,0;0,05971395609868531;0,06376868832061734;208654351,8016167
700,0;0,125;границы зёрен;1,681501430339937;0,20358259955920058;0,21738513599753026;207788486,22552374
700,0;0,125;границы зёрен;2,9777236919452137;0,6247291562974666;0,6668938701251802;205226459,96808916
700,0;0,125;границы зёрен;5,281908402934336;1,6810986052514494;1,7932740464955534;198614822,733705
700,0;0,125;границы зёрен;9,376711494311563;4,120167537796696;4,387832426675999;182255726,97780254
700,0;0,125;границы зёрен;10,0;4,529001722957772;4,821890631483729;179352186,09212914
700,0;0,125;границы зёрен;16,59357274650887;9,026462466325595;9,581012309895392;143830306,85689095
700,0;0,125;границы зёрен;29,3288402597467;16,029110542236776;16,933795062278822;71010908,91813116
700,0;0,125;границы зёрен;51,96883539270079;20,234307424310664;21,31608425300581;11527671,460884666
700,0;0,125;границы зёрен;92,35062296245286;20,764488146504373;21,866839370725447;2824600,4869957366
700,0;0,125;границы зёрен;100,0;20,76842055747613;21,870922922483032;2758856,454160507
700,0;0,125;границы зёрен;175,4097350068387;20,291345711121036;21,37535477860652;10606407,09500088
700,0;0,125;границы зёрен;200,0;20,736073183395487;21,83733164932399;3299123,981018735
700,0;0,125;границы зёрен;289,7480642576117;20,769243379204013;21,871777366342545;2745097,8364938693
700,0;0,125;границы зёрен;487,0355882832151;20,770195321993935;21,87276589238252;2729179,1719616004
700,0;0,125;границы зёрен;917,8023987145324;20,670621514072042;21,76935862090225;4388608,626736042
700,0;0,125;границы зёрен;1000,0;20,7699609918774;21,87252255705479;2733097,8062089263
700,0;0,125;границы зёрен;1593,7457369816977;20,769212436637496;21,871745234629152;2745615,2499389723
700,0;0,125;границы зёрен;2836,5648563879513;20,77004259835265;21,872607299642404;2731733,1320478492
700,0;0,125;границы зёрен;5028,2265292243455;20,767464981322995;21,86993062108705;2774833,9077288997
700,0;0,125;границы зёрен;8909,19158592603;20,778006038053636;21,880876727368793;2598526,397107759
700,0;0,125;границы зёрен;10000,0;20,782411678726223;21,885451612917723;2524800,3539801547
700,0;0,125;границы зёрен;15767,01919693193;20,811055806675324;21,915195460651567;2044905,7794741401
700,0;0,125;границы зёрен;27915,038046020996;20,83361404391736;21,9386189615428;1666299,2436544816
700,0;0,125;границы зёрен;49442,22579978238;20,851348331263633;21,95703298376628;1368238,0281937919
700,0;0,125;границы зёрен;87600,0;20,865549116952593;21,97177775379513;1129299,0194566448
700,0;0,15;границы зёрен;0,001;2,94379939813818e-34;3,1438185485245594e-34;209012354,72573808
700,0;0,15;границы зёрен;0,0017363143224877985;4,071625653115497e-25;4,348275992925547e-25;209012354,72572246
700,0;0,15;границы зёрен;0,0030859824466971477;9,783057489670741e-20;1,0447776304581375e-19;209012354,72572458
700,0;0,15;границы зёрен;0,005504751571724327;1,2186012654029273e-16;1,3014002461758077e-16;209012354,7257292
700,0;0,15;границы зёрен;0,009746837490490446;1,1200730226784029e-14;1,196177411621661e-14;209012354,725706
700,0;0,15;границы зёрен;0,010000000000000002;1,3106852866803999e-14;1,3997410007455455e-14;209012354,725697
700,0;0,15;границы зёрен;0,017480848107522963;2,1177512462000178e-13;2,2616437971878756e-13;209012354,72569013
700,0;0,15;границы зёрен;0,030750605615287405;1,6401308843820272e-12;1,751571081775922e-12;209012354,7257267
700,0;0,15;границы зёрен;0,054601889196514736;9,749074168541398e-12;1,0411483955525705e-11;209012354,725587
700,0;0,15;границы зёрен;0,09675532670538205;6,754039955237372e-11;7,212949395322069e-11;209012354,7252908
700,0;0,15;границы зёрен;0,10000000000000002;7,607588400729104e-11;8,124492972883122e-11;209012354,7252483
700,0;0,15;границы зёрен;0,17136033553820731;5,501369709252179e-10;5,875165320425774e-10;209012354,72236377
700,0;0,15;границы зёрен;0,30368985401759085;4,383389060398057e-09;4,681222450875424e-09;209012354,69936693
700,0;0,15;границы зёрен;0,5366694930469952;2,951170505249022e-08;3,151690492206198e-08;209012354,54903767
700,0;0,15;границы зёрен;0,9510092825077812;1,720524193785132e-07;1,8374267881145677e-07;209012353,69533056
700,0;0,15;границы зёрен;1,0;1,9984575720601913e-07;2,1342446046434557e-07;209012353,52885205
700,0;0,15;границы зёрен;1,6863859437687962;9,014974153893565e-07;9,627504836112393e-07;209012349,32709002
700,0;0,15;границы зёрен;2,9862329021420466;4,339912179860333e-06;4,634791480156116e-06;209012328,73600775
700,0;0,15;границы зёрен;5,279409328197125;1,8854014658548826e-05;2,0135067720939536e-05;209012241,81775108
700,0;0,15;границы зёрен;9,366729511407636;7,143107445117595e-05;7,62845206244215e-05;209011926,95773372
700,0;0,15;границы зёрен;10,0;8,288943435877807e-05;8,852142802334256e-05;209011858,33878797
700,0;0,15;границы зёрен;16,55571649218079;0,0002625885814178093;0,0002804303534148597;209010782,19731417
700,0;0,15;границы зёрен;29,310027480142715;0,0009996998027201067;0,0010676245976281354;209006367,87655196
700,0;0,15;границы зёрен;51,9762008546311;0,0031824488014848685;0,0033986758553828334;208993295,37770277
700,0;0,15;границы зёрен;91,95587377685402;20,236080708245726;21,317927004075084;11499083,421366517
700,0;0,15;границы зёрен;100,0;20,256803057148172;21,339460811548026;11164753,520010725
700,0;0,15;границы зёрен;163,1200404355081;20,364978388614734;21,45186242893549;9411838,24623944
700,0;0,15;границы зёрен;200,0;20,40410973896008;21,492518582200386;8774560,403453898
700,0;0,15;границы зёрен;288,4139776487715;20,46687554292803;21,55772568268969;7748825,867643481
700,0;0,15;границы зёрен;511,09980666338777;20,54779808958361;21,64178764354949;6419859,245554043
700,0;0,15;границы зёрен;906,2886738360895;20,613020268084625;21,70953350096021;5343354,381398602
700,0;0,15;границы зёрен;1000,0;20,6229292161513;21,71982534345016;5179382,409194663
700,0;0,15;границы зёрен;1604,7311470413442;20,666381033484473;21,76495458093785;4459024,334013535
700,0;0,15;границы зёрен;2837,895196630931;20,710218156505427;21,810481335663372;3730086,544967144
700,0;0,15;границы зёрен;5024,400274506975;20,747232096551514;21,848919836374918;3112884,0413715933
700,0;0,15;границы зёрен;8912,966449112506;20,77786486237793;21,880730127912734;2600888,5237929905
700,0;0,15;границы зёрен;10000,0;20,783309635737933;21,886384062081003;2509770,758226904
700,0;0,15;границы зёрен;15762,745856253276;20,80347133595483;21,907319914235245;2172066,5392998117
700,0;0,15;границы зёрен;27924,719874697777;20,822632746025175;21,927216543742126;1850678,229684011
700,0;0,15;границы зёрен;49446,88394950713;20,840156493056067;21,945412226184096;1556382,7481270444
700,0;0,15;границы зёрен;87600,0;20,856977980419217;21,962878319413292;1273543,1863356929
700,0;0,175;границы зёрен;0,001;0,0;0,0;209012354,7257051
700,0;0,175;границы зёрен;0,001769908906321979;1,2003377567963419e-35;1,2818958067242487e-35;209012354,72568864
700,0;0,175;границы зёрен;0,0031454824296676467;5,475843116904376e-29;5,847904300348134e-29;209012354,7256815
700,0;0,175;границы зёрен;0,0057173528961034625;1,6132241283322453e-25;1,7228361215053878e-25;209012354,72570178
700,0;0,175;границы зёрен;0,010000000000000002;1,4813545323925318e-22;1,5820065249085848e-22;209012354,72572634
700,0;0,175;границы зёрен;0,017360523656137897;3,8861893591805364e-21;4,150240059902702e-21;209012354,72573152
700,0;0,175;границы зёрен;0,030832693235651708;3,643759848267177e-20;3,8913384534952876e-20;209012354,72570622
700,0;0,175;границы зёрен;0,05457568519212511;2,0330665562564414e-19;2,1712051283067533e-19;209012354,72567645
700,0;0,175;границы зёрен;0,09669083936132847;1,1369853971640808e-18;1,2142389129051031e-18;209012354,72567564
700,0;0,175;границы зёрен;0,10000000000000002;1,2702237612410277e-18;1,3565302798457632e-18;209012354,72568935
700,0;0,175;границы зёрен;0,17141133351790738;8,850953192574621e-18;9,452339326021099e-18;209012354,72567442
700,0;0,175;границы зёрен;0,30373939739437594;7,380645610521182e-17;7,88213034662551e-17;209012354,72568178
700,0;0,175;границы зёрен;0,5371495055521555;5,403686162671715e-16;5,770844575672211e-16;209012354,72575918
700,0;0,175;границы зёрен;0,9513738139938989;3,343440006952716e-15;3,570613105086192e-15;209012354,7257407
700,0;0,175;границы зёрен;1,0;3,89230179384896e-15;4,156767809551469e-15;209012354,7257496
700,0;0,175;границы зёрен;1,684219144038859;1,826975804365279e-14;1,9511113512360108e-14;209012354,72576055
700,0;0,175;границы зёрен;2,986706319627396;9,15260588815672e-14;9,774488090703642e-14;209012354,72570923
700,0;0,175;границы зёрен;5,287717204874474;4,266750115019989e-13;4,556658365377345e-13;209012354,72575495
700,0;0,175;границы зёрен;9,354431493718467;1,6089467683389945e-12;1,7182681323638692e-12;209012354,7256648
700,0;0,175;границы зёрен;10,0;1,8565687145953706e-12;1,9827149788965835e-12;209012354,725694
700,0;0,175;границы зёрен;16,588806244616546;5,327246229629828e-12;5,68921086126317e-12;209012354,72563294
700,0;0,175;границы зёрен;29,323154195604424;1,8441358915341934e-11;1,9694373962681482e-11;209012354,7256144
700,0;0,175;границы зёрен;51,95386062191901;7,417435763881052e-11;7,921420240701785e-11;209012354,72528857
700,0;0,175;границы зёрен;92,20086762703846;20,073061630064952;21,148503459406008;14112974,37467448
700,0;0,175;границы зёрен;100,0;20,099931846195325;21,17643186371047;13684099,778849283
700,0;0,175;границы зёрен;163,0064579386897;20,25888312054933;21,341622294325603;11131168,351962421
700,0;0,175;границы зёрен;200,0;20,313007691952993;21,397863331023586;10255596,494840013
700,0;0,175;границы зёрен;289,2438631900318;20,396333044867923;21,48443902909464;8901343,768238863
700,0;0,175;границы зёрен;510,7383650823506;20,496071166538556;21,588055010466643;7270203,507243745
700,0;0,175;границы зёрен;905,1583229967619;20,573110347584063;21,668080026296106;6002648,100254768
700,0;0,175;границы зёрен;1000,0;20,584696679569745;21,680114699104728;5811433,463414913
700,0;0,175;границы зёрен;1605,8403246265432;20,63470238316127;21,732053263032146;4984416,102561885
700,0;0,175;границы зёрен;2841,4340939934887;20,684894679961424;21,78418213251346;4151442,6911303843
700,0;0,175;границы зёрен;5026,938092582001;20,726202170150543;21,827080762159397;3463749,2256719307
700,0;0,175;границы зёрен;8908,259124783412;20,76055078794865;21,86275065966643;2890409,2756871227
700,0;0,175;границы зёрен;10000,0;20,76669894666784;21,869135144837472;2787641,4193982347
700,0;0,175;границы зёрен;15772,02824271985;20,789209459927033;21,89251048127637;2410998,8783199545
700,0;0,175;границы зёрен;27919,49128805298;20,813090989468858;21,917308735769232;2010772,6245892588
700,0;0,175;границы зёрен;49465,99030222196;20,831143918312897;21,936054124140917;1707785,6056420815
700,0;0,175;границы зёрен;87600,0;20,84778006394744;21,953327984023506;1428239,6868446511
700,0;0,2;границы зёрен;0,001;0,0;0,0;209012354,7256777
700,0;0,2;границы зёрен;0,001769908906321979;0,0;0,0;209012354,72569582
700,0;0,2;границы зёрен;0,0031355141082460083;0,0;0,0;209012354,725688
700,0;0,2;границы зёрен;0,005554586920350339;0,0;0,0;209012354,7257041
700,0;0,2;границы зёрен;0,009835356723973405;0,0;0,0;209012354,7256884
700,0;0,2;границы зёрен;0,010000000000000002;0,0;0,0;209012354,72571576
700,0;0,2;границы зёрен;0,01741420532255206;1,4338489665376453e-34;1,5312731498059188e-34;209012354,72571495
700,0;0,2;границы зёрен;0,03084270003851134;1,0008184900930701e-33;1,0688200204303619e-33;209012354,7256903
700,0;0,2;границы зёрен;0,054614930997190225;3,8433393874084746e-33;4,104478607493289e-33;209012354,72569457
700,0;0,2;границы зёрен;0,09671041261606801;1,0537340052730502e-32;1,1253309288274379e-32;209012354,7257584
700,0;0,2;границы зёрен;0,10000000000000002;5,789846594021003e-33;6,18324303174566e-33;209012354,72569633
700,0;0,2;границы зёрен;0,17127951419477566;1,722047802599682e-32;1,8390539201423934e-32;209012354,72572726
700,0;0,2;границы зёрен;0,3035281041009391;4,100917202058663e-32;4,3795577830301246e-32;209012354,7256977
700,0;0,2;границы зёрен;0,5373684155160052;8,493267268765526e-32;9,070350104021675e-32;209012354,7257744
700,0;0,2;границы зёрен;0,9511271808247345;1,6382846596139895e-31;1,749599413572522e-31;209012354,72571388
700,0;0,2;границы зёрен;1,0;1,2552399699250276e-31;1,340528401084508e-31;209012354,72565252
700,0;0,2;границы зёрен;1,6852501600765406;2,557956927745314e-31;2,7317596575563737e-31;209012354,7257228
700,0;0,2;границы зёрен;2,9833301265324974;5,042958012481667e-31;5,385606420429816e-31;209012354,72569373
700,0;0,2;границы зёрен;5,2830095737983225;9,456109470748856e-31;1,00986135026119e-30;209012354,72572854
700,0;0,2;границы зёрен;9,35969844997168;1,7285538735632153e-30;1,846002052065414e-30;209012354,7256825
700,0;0,2;границы зёрен;10,0;7,347675811472267e-31;7,846920384337774e-31;209012354,72568938
700,0;0,2;границы зёрен;16,570959545682157;1,994647405880644e-30;2,1301755535176637e-30;209012354,72569466
700,0;0,2;границы зёрен;29,350528588955715;4,44821655049716e-30;4,750454704268027e-30;209012354,72572052
700,0;0,2;границы зёрен;51,97073204951477;8,793156232432501e-30;9,390615298406291e-30;209012354,72569454
700,0;0,2;границы зёрен;92,06645694618066;1,6495995233944616e-29;1,7616830761514248e-29;209012354,72564924
700,0;0,2;границы зёрен;100,0;6,688726648587042e-30;7,143198316141311e-30;209012354,72569358
700,0;0,2;границы зёрен;163,07792971802743;1,880491328427308e-29;2,0082630366690012e-29;209012354,7257248
700,0;0,2;границы зёрен;200,0;3,5572184741500296e-30;3,798916946331327e-30;209012354,72571445
700,0;0,2;границы зёрен;288,7106794656684;2,059781268747617e-29;2,1997349964429368e-29;209012354,72571033
700,0;0,2;границы зёрен;511,2587749415865;6,335194700320949e-29;6,765645315363506e-29;209012354,7257259
700,0;0,2;границы зёрен;905,6521559651597;1,3912307326109958e-28;1,4857591808823918e-28;209012354,72567305
700,0;0,2;границы зёрен;1000,0;8,334206191358209e-29;8,900481475806827e-29;209012354,7257244
700,0;0,2;границы зёрен;1603,2837532047117;1,9924559648706561e-28;2,127835213038094e-28;209012354,72565535
700,0;0,2;границы зёрен;2839,0358009060474;4,366626014804918e-28;4,663320424787042e-28;209012354,72572973
700,0;0,2;границы зёрен;5028,633571792196;8,573377325509374e-28;9,155903312054104e-28;209012354,7257354
700,0;0,2;границы зёрен;8908,86767615496;1,6028264363799685e-27;1,7117319488358484e-27;209012354,72567418
700,0;0,2;границы зёрен;10000,0;1,771145658047429e-27;1,8914877744148778e-27;209012354,72572744
700,0;0,2;границы зёрен;15765,470162594047;2,878835186498722e-27;3,074440283935072e-27;209012354,72567263
700,0;0,2;границы зёрен;27940,049585849076;5,2178736541808656e-27;5,572406865850386e-27;209012354,72566113
700,0;0,2;границы зёрен;49468,135641063185;9,35395285591595e-27;9,989515762878243e-27;209012354,72567335
700,0;0,2;границы зёрен;87600,0;1,1708452984191552e-26;1,2503994562098666e-26;209012354,72570485
700,0;0,25;границы зёрен;0,001;0,0;0,0;209012354,72571814
700,0;0,25;границы зёрен;0,001769908906321979;0,0;0,0;209012354,72568893
700,0;0,25;границы зёрен;0,0031355141082460083;0,0;0,0;209012354,72573602
700,0;0,25;границы зёрен;0,005554586920350339;0,0;0,0;209012354,7256992
700,0;0,25;границы зёрен;0,009835356723973405;0,0;0,0;209012354,7256769
700,0;0,25;границы зёрен;0,010000000000000002;0,0;0,0;209012354,72568527
700,0;0,25;границы зёрен;0,01741420532255206;0,0;0,0;209012354,72569016
700,0;0,25;границы зёрен;0,03084270003851134;0,0;0,0;209012354,72567448
700,0;0,25;границы зёрен;0,054614930997190225;0,0;0,0;209012354,72569123
700,0;0,25;границы зёрен;0,09671041261606801;0,0;0,0;209012354,72565207
700,0;0,25;границы зёрен;0,10000000000000002;0,0;0,0;209012354,7257145
700,0;0,25;границы зёрен;0,17127951419477566;0,0;0,0;209012354,72572613
700,0;0,25;границы зёрен;0,3035281041009391;0,0;0,0;209012354,72572097
700,0;0,25;границы зёрен;0,5373684155160052;0,0;0,0;209012354,72572437
700,0;0,25;границы зёрен;0,9511271808247345;0,0;0,0;209012354,7256763
700,0;0,25;границы зёрен;1,0;0,0;0,0;209012354,7256933
700,0;0,25;границы зёрен;1,6852501600765406;0,0;0,0;209012354,72573987
700,0;0,25;границы зёрен;2,9833301265324974;0,0;0,0;209012354,72569934
700,0;0,25;границы зёрен;5,2830095737983225;0,0;0,0;209012354,72573805
700,0;0,25;границы зёрен;9,35969844997168;0,0;0,0;209012354,72570485
700,0;0,25;границы зёрен;10,0;0,0;0,0;209012354,72572878
700,0;0,25;границы зёрен;16,570959545682157;0,0;0,0;209012354,72571495
700,0;0,25;границы зёрен;29,350528588955715;0,0;0,0;209012354,72574958
700,0;0,25;границы зёрен;51,97073204951477;0,0;0,0;209012354,72572166
700,0;0,25;границы зёрен;92,06645694618066;0,0;0,0;209012354,72571015
700,0;0,25;границы зёрен;100,0;0,0;0,0;209012354,7256614
700,0;0,25;границы зёрен;163,07792971802743;0,0;0,0;209012354,72569895
700,0;0,25;границы зёрен;200,0;0,0;0,0;209012354,72570166
700,0;0,25;границы зёрен;288,7106794656684;0,0;0,0;209012354,72568306
700,0;0,25;границы зёрен;511,2587749415865;0,0;0,0;209012354,72574893
700,0;0,25;границы зёрен;905,6521559651597;0,0;0,0;209012354,72566956
700,0;0,25;границы зёрен;1000,0;0,0;0,0;209012354,72568253
700,0;0,25;границы зёрен;1603,2837532047117;0,0;0,0;209012354,72569472
700,0;0,25;границы зёрен;2839,0358009060474;0,0;0,0;209012354,72565743
700,0;0,25;границы зёрен;5028,633571792196;0,0;0,0;209012354,72565064
700,0;0,25;границы зёрен;8908,86767615496;0,0;0,0;209012354,7256963
700,0;0,25;границы зёрен;10000,0;0,0;0,0;209012354,72567394
700,0;0,25;границы зёрен;15765,470162594047;0,0;0,0;209012354,72570616
700,0;0,25;границы зёрен;27940,049585849076;0,0;0,0;209012354,72566402
700,0;0,25;границы зёрен;49468,135641063185;0,0;0,0;209012354,72568756
700,0;0,25;границы зёрен;87600,0;0,0;0,0;209012354,7256881
700,0;0,5;границы зёрен;0,001;0,0;0,0;209012354,72570962
700,0;0,5;границы зёрен;0,001769908906321979;0,0;0,0;209012354,72568914
700,0;0,5;границы зёрен;0,0031355141082460083;0,0;0,0;209012354,72568178
700,0;0,5;границы зёрен;0,005554586920350339;0,0;0,0;209012354,72567648
700,0;0,5;границы зёрен;0,009835356723973405;0,0;0,0;209012354,72571
700,0;0,5;границы зёрен;0,010000000000000002;0,0;0,0;209012354,72574618
700,0;0,5;границы зёрен;0,01741420532255206;0,0;0,0;209012354,72570392
700,0;0,5;границы зёрен;0,03084270003851134;0,0;0,0;209012354,72570893
700,0;0,5;границы зёрен;0,054614930997190225;0,0;0,0;209012354,72563934
700,0;0,5;границы зёрен;0,09671041261606801;0,0;0,0;209012354,7256307
700,0;0,5;границы зёрен;0,10000000000000002;0,0;0,0;209012354,7257162
700,0;0,5;границы зёрен;0,17127951419477566;0,0;0,0;209012354,7257236
700,0;0,5;границы зёрен;0,3035281041009391;0,0;0,0;209012354,72570768
700,0;0,5;границы зёрен;0,5373684155160052;0,0;0,0;209012354,72563797
700,0;0,5;границы зёрен;0,9511271808247345;0,0;0,0;209012354,72566786
700,0;0,5;границы зёрен;1,0;0,0;0,0;209012354,72573233
700,0;0,5;границы зёрен;1,6852501600765406;0,0;0,0;209012354,7256866
700,0;0,5;границы зёрен;2,9833301265324974;0,0;0,0;209012354,72571015
700,0;0,5;границы зёрен;5,2830095737983225;0,0;0,0;209012354,72566593
700,0;0,5;границы зёрен;9,35969844997168;0,0;0,0;209012354,72566304
700,0;0,5;границы зёрен;10,0;0,0;0,0;209012354,7257767
700,0;0,5;границы зёрен;16,570959545682157;0,0;0,0;209012354,72570166
700,0;0,5;границы зёрен;29,350528588955715;0,0;0,0;209012354,72568026
700,0;0,5;границы зёрен;51,97073204951477;0,0;0,0;209012354,72564524
700,0;0,5;границы зёрен;92,06645694618066;0,0;0,0;209012354,72571483
700,0;0,5;границы зёрен;100,0;0,0;0,0;209012354,72572398
700,0;0,5;границы зёрен;163,07792971802743;0,0;0,0;209012354,72568002
700,0;0,5;границы зёрен;200,0;0,0;0,0;209012354,72569317
700,0;0,5;границы зёрен;288,7106794656684;0,0;0,0;209012354,72569287
700,0;0,5;границы зёрен;511,2587749415865;0,0;0,0;209012354,72571144
700,0;0,5;границы зёрен;905,6521559651597;0,0;0,0;209012354,7256676
700,0;0,5;границы зёрен;1000,0;0,0;0,0;209012354,72570905
700,0;0,5;границы зёрен;1603,2837532047117;0,0;0,0;209012354,72573647
700,0;0,5;границы зёрен;2839,0358009060474;0,0;0,0;209012354,72566018
700,0;0,5;границы зёрен;5028,633571792196;0,0;0,0;209012354,72566727
700,0;0,5;границы зёрен;8908,86767615496;0,0;0,0;209012354,7257274
700,0;0,5;границы зёрен;10000,0;0,0;0,0;209012354,72571316
700,0;0,5;границы зёрен;15765,470162594047;0,0;0,0;209012354,7257167
700,0;0,5;границы зёрен;27940,049585849076;0,0;0,0;209012354,7257148
700,0;0,5;границы зёрен;49468,135641063185;0,0;0,0;209012354,7256281
700,0;0,5;границы зёрен;87600,0;0,0;0,0;209012354,72569633
700,0;0,05;объём зерна;0,001;7,859370248761112;8,348798772151605;153732695,18478793
700,0;0,05;объём зерна;0,0017685442074876854;10,323645997634914;10,948298796805169;132181778,37823881
700,0;0,05;объём зерна;0,0031316202968527567;11,41428154918461;12,096024200151263;121817563,19233342
700,0;0,05;объём зерна;0,00555430532202441;12,01924700969672;12,731929355959707;115826474,49058884
700,0;0,05;объём зерна;0,009832510942448254;12,947248576939465;13,706384455583137;106276813,66939528
700,0;0,05;объём зерна;0,010000000000000002;12,972030856386482;13,732390577085344;106015571,98518674
700,0;0,05;объём зерна;0,017427793273987413;13,78129943117486;14,58114707534047;97298230,06325479
700,0;0,05;объём зерна;0,03087734327759991;14,541045263633048;15,377123228382954;88770009,98560782
700,0;0,05;объём зерна;0,05462087528803039;15,450496119676815;16,32887403642841;78090634,9237982
700,0;0,05;объём зерна;0,09679668470671376;16,66350709389035;17,59649382563015;62976730,89715372
700,0;0,05;объём зерна;0,10000000000000002;16,726544830643995;17,66231299861559;62162239,44761388
700,0;0,05;объём зерна;0,17138700225073214;17,625881347319368;18,60072450483383;50207261,929472804
700,0;0,05;объём зерна;0,30346904889058246;18,305369936825457;19,30898473415868;40736432,79460321
700,0;0,05;объём зерна;0,5372344467182297;18,816729634662092;19,841571143355445;33342041,01016066
700,0;0,05;объём зерна;0,9510852943066899;19,21414649130055;20,255232617701814;27427937,0223106
700,0;0,05;объём зерна;1,0;19,244863647938864;20,28719617305509;26964522,886889353
700,0;0,05;объём зерна;1,6847749260777738;19,53336727396113;20,58734204217754;22566726,202606305
700,0;0,05;объём зерна;2,9869342853008063;19,785907509668604;20,84997795506181;18648511,163170014
700,0;0,05;объём зерна;5,287018601313384;19,99164888402108;21,063878418764006;15407698,613234283
700,0;0,05;объём зерна;9,365247158579479;20,159083291205;21,237909233722853;12737254,31388752
700,0;0,05;объём зерна;10,0;20,175980545260668;21,255470018395155;12466085,10706495
700,0;0,05;объём зерна;16,559865706837414;20,297044685047815;21,38127653741186;10514163,490644546
700,0;0,05;объём зерна;29,370193607489256;20,4087772519177;21,497367828405086;8698433,73367773
700,0;0,05;объём зерна;51,99822072419363;20,50088207860795;21,59305262263889;7191243,418443837
700,0;0,05;объём зерна;92,03435666638124;20,57641402743588;21,671511563282632;5948141,442617217
700,0;0,05;объём зерна;100,0;20,586043195703986;21,681513307455802;5789201,405216443
700,0;0,05;объём зерна;162,97306544263503;20,639220045644848;21,73674537438081;4909560,603459932
700,0;0,05;объём зерна;200,0;20,658311390113372;21,756573614603337;4592968,676356253
700,0;0,05;объём зерна;288,70452194463627;20,690046044022157;21,789532053596243;4065789,113543075
700,0;0,05;объём зерна;510,95112018128617;20,732307031566243;21,833420577727452;3361947,793480214
700,0;0,05;объём зерна;905,7007211636865;20,767167380927447;21,86962158288541;2779809,6388790575
700,0;0,05;объём зерна;1000,0;20,7725086636873;21,875168130757054;2690490,4175183293
700,0;0,05;объём зерна;1604,016320673965;20,7921809815969;21,895596112069697;2361235,8403356676
700,0;0,05;объём зерна;2839,574892824825;20,811793728112615;21,915961697656197;2032530,2564494594
700,0;0,05;объём зерна;5027,681664992992;20,834459327241113;21,939496653537226;1652100,8660117507
700,0;0,05;объём зерна;8904,89260602191;20,850368731270162;21,956015848247095;1384711,8281687086
700,0;0,05;объём зерна;10000,0;20,85717331841082;21,96308114051955;1270256,790799825
700,0;0,05;объём зерна;15772,055099942716;20,859024775372916;21,965003521471747;1239105,3811964663
700,0;0,05;объём зерна;27936,995944406055;20,863570644199715;21,969723509226345;1162602,504229616
700,0;0,05;объём зерна;49461,82984480851;20,887915102964;21,99499993660009;752494,3451615045
700,0;0,05;объём зерна;87600,0;20,8962863153383;22,00369143005171;611311,4163046405
700,0;0,075;объём зерна;0,001;0,01362446887020494;0,014550061211154586;208930743,1270837
700,0;0,075;объём зерна;0,0017659470015914864;0,1468809020983275;0,1568452066367346;208130305,83676153
700,0;0,075;объём зерна;0,003177098772755813;0,7118920154550257;0,7598946092395197;204691047,28271887
700,0;0,075;объём зерна;0,00554616263666566;1,8625133181256475;1,9865495120658896;197451859,0248099
700,0;0,075;объём зерна;0,009879315591670134;3,780422265428913;4,026942747319482;184631812,14629754
700,0;0,075;объём зерна;0,010000000000000002;3,8331713006118777;4,082985572562064;184265058,16914862
700,0;0,075;объём зерна;0,01740423360334369;7,326447950291684;7,785493815112246;158084745,12435657
700,0;0,075;объём зерна;0,030860091293433475;12,047586995075278;12,761706016271676;115541390,23405148
700,0;0,075;объём зерна;0,05459900455318852;14,421560599448991;15,251994578415093;90134252,70364565
700,0;0,075;объём зерна;0,09667804047862147;15,679611966159657;16,56846287689627;75314697,48269576
700,0;0,075;объём зерна;0,10000000000000002;15,745649811821034;16,63750564147028;74507969,03984751
700,0;0,075;объём зерна;0,17130902361183714;16,68140089422797;17,615177727073917;62745833,684549406
700,0;0,075;объём зерна;0,3036081019487765;17,48859209668757;18,457543519878307;52073849,10643336
700,0;0,075;объём зерна;0,5371553852711012;18,135882169062523;19,1323808056542;43135792,388374716
700,0;0,075;объём зерна;0,9523275685371821;18,66082080996854;19,679229217663423;35621699,885206856
700,0;0,075;объём зерна;1,0;18,700402553989978;19,720447398078374;35045066,81075479
700,0;0,075;объём зерна;1,6836884688068714;19,07586841298866;20,11132737020787;29502767,031672146
700,0;0,075;объём зерна;2,9852308630853783;19,413818410960857;20,462983009597096;24399071,38991265
700,0;0,075;объём зерна;5,287924024932364;19,68804853649349;20,748217476598395;20174541,937207613
700,0;0,075;объём зерна;9,360767421139792;19,912627392327988;20,98173014958677;16657680,643405588
700,0;0,075;объём зерна;10,0;19,935686485365014;21,005702560210988;16293605,849091958
700,0;0,075;объём зерна;16,57107313405454;20,09362112236429;21,16987270479491;13784894,495252702
700,0;0,075;объём зерна;29,340000705530485;20,242131178216702;21,32421446392424;11401514,841359537
700,0;0,075;объём зерна;51,96178777153225;20,364110253610836;21,450960441766156;9425957,127579127
700,0;0,075;объём зерна;92,0016030404013;20,464731783095765;21,55549863109431;7783932,253333613
700,0;0,075;объём зерна;100,0;20,477656127307142;21,568925029433952;7572204,159408569
700,0;0,075;объём зерна;163,14305904695848;20,546679529747355;21,640625750990385;6438279,274358735
700,0;0,075;объём зерна;200,0;20,5721491434234;21,667081619306547;6018504,46434167
700,0;0,075;объём зерна;288,61599585545486;20,61407094358024;21,710624782377884;5325973,240980287
700,0;0,075;объём зерна;511,2117357261572;20,66974647061823;21,76844982823797;4403140,931696351
700,0;0,075;объём зерна;905,527239511063;20,715587378561548;21,816057321940857;3640653,4899339573
700,0;0,075;объём зерна;1000,0;20,72285812810715;21,823607997982716;3519494,4667970105
700,0;0,075;объём зерна;1602,6632699708293;20,75322288649668;21,855141015426945;3012839,591898811
700,0;0,075;объём зерна;2841,8457233563126;20,78439296596361;21,8875090034851;2491637,2213387
700,0;0,075;объём зерна;5031,835681196666;20,81008923659726;21,91419180014012;2061114,9591693142
700,0;0,075;объём зерна;8908,429595217809;20,828273642830695;21,9330737832881;1755983,627450621
700,0;0,075;объём зерна;10000,0;20,834811013216616;21,93986182307156;1646193,2867854328
700,0;0,075;объём зерна;15772,895141864808;20,847883072527576;21,953434940037486;1426507,7703284225
700,0;0,075;объём зерна;27954,437393726257;20,85983100586937;21,965840634848693;1225539,0165017138
700,0;0,075;объём зерна;49483,61229221337;20,873178579794242;21,97969935984109;1000829,8248118876
700,0;0,075;объём зерна;87600,0;20,885040703070327;21,992015540199983;800952,9153876507
700,0;0,1;объём зерна;0,001;5,335288228778288e-10;5,697799281418469e-10;209012354,72250524
700,0;0,1;объём зерна;0,0017237590305117356;9,256551576033965e-09;9,885496463628536e-09;209012354,6702659
700,0;0,1;объём зерна;0,0032041104766010525;8,476622113418132e-08;9,052573977804594e-08;209012354,21803948
700,0;0,1;объём зерна;0,005555945215028148;3,667903428155976e-07;3,917122490089763e-07;209012352,52914503
700,0;0,1;объём зерна;0,009857590781167646;1,3042436937498507e-06;1,3928617266402774e-06;209012346,91517583
700,0;0,1;объём зерна;0,010000000000000002;1,3444184589980338e-06;1,4357662030874284e-06;209012346,6746038
700,0;0,1;объём зерна;0,017345804202987147;4,442483184979823e-06;4,744331765650831e-06;209012328,12175745
700,0;0,1;объём зерна;0,030873293650597218;1,906229302122034e-05;2,035749774228138e-05;209012240,57046127
700,0;0,1;объём зерна;0,05439074391367479;0,00010507169475881834;0,00011221087942811858;209011725,49903718
700,0;0,1;объём зерна;0,09695976560608428;0,0006600853859582376;0,000704935176824221;209008401,73275942
700,0;0,1;объём зерна;0,10000000000000002;0,000726942882113778;0,0007763352995933345;209008001,3439191
700,0;0,1;объём зерна;0,17112199195344843;0,003745297386237817;0,003999764874113092;208989924,29876053
700,0;0,1;объём зерна;0,3033572652594232;0,01971446763527599;0,02105370320432807;208894249,98180714
700,0;0,1;объём зерна;0,5378072015662458;0,09604542939309231;0,10256463093356522;208436137,85607326
700,0;0,1;объём зерна;0,9507737227950424;0,4231388095829196;0,451759480779618;206457953,5654107
700,0;0,1;объём зерна;1,0;0,4782076586455715;0,5105340326260579;206122483,6141528
700,0;0,1;объём зерна;1,6857562755898763;1,5365045616210085;1,6391924694422157;199535866,86545494
700,0;0,1;объём зерна;2,9780939460165983;4,458155710127251;4,7466908229029;179858847,06527883
700,0;0,1;объём зерна;5,27914410712522;10,420785684670195;11,050591828769571;131280540,53753352
700,0;0,1;объём зерна;9,362767401081063;17,687080951671273;18,664541969433582;49370207,88991697
700,0;0,1;объём зерна;10,0;18,29693042115593;19,300191825086007;40856502,493935496
700,0;0,1;объём зерна;16,55128076765522;20,495770405511404;21,587742576546148;7275138,94610521
700,0;0,1;объём зерна;28,2496657696895;20,674646194952437;21,773538514410575;4321757,336858877
700,0;0,1;объём зерна;53,939897871087986;20,63777197760132;21,735241392498523;4933556,933039283
700,0;0,1;объём зерна;92,8291097622033;20,671400759081735;21,770167919412415;4375666,557055166
700,0;0,1;объём зерна;100,0;20,66928274887966;21,767968220964093;4410841,8462614585
700,0;0,1;объём зерна;162,84675612534966;20,664920815734142;21,763438035404697;4483267,351561221
700,0;0,1;объём зерна;200,0;20,673129391707874;21,771963217990823;4346954,123572304
700,0;0,1;объём зерна;289,13910431616364;20,67495167723898;21,77385577676245;4316682,41553165
700,0;0,1;объём зерна;510,84780481275953;20,67624324152182;21,77519714515446;4295224,713541795
700,0;0,1;объём зерна;906,6415815011952;20,691302530882638;21,790836965577704;4044892,4320119796
700,0;0,1;объём зерна;1000,0;20,695394301060876;21,79508641773274;3976829,46796041
700,0;0,1;объём зерна;1604,2358578084823;20,719370809773544;21,81998642580833;3577614,386827052
700,0;0,1;объём зерна;2838,4150903859304;20,753113206093435;21,85502711746948;3014671,5955757364
700,0;0,1;объём зерна;5027,783566902507;20,783814149246716;21,88690795437313;2501326,02867833
700,0;0,1;объём зерна;8905,299439056775;20,80871939345039;21,91276938943577;2084085,080438411
700,0;0,1;объём зерна;10000,0;20,811232076428645;21,915378494307717;2041949,6547261607
700,0;0,1;объём зерна;15766,106422091332;20,82592824433239;21,930638438168767;1795360,705780835
700,0;0,1;объём зерна;27933,333378075782;20,84574305571932;21,951212911739226;1462486,0058807163
700,0;0,1;объём зерна;49473,47659808442;20,862386854675954;21,968494380167968;1182526,949417751
700,0;0,1;объём зерна;87600,0;20,874153577526407;21,980711685815653;984407,3387017727
700,0;0,125;объём зерна;0,001;4,1480735561326097e-22;4,429918218837071e-22;209012354,72572768
700,0;0,125;объём зерна;0,0018314081049715194;1,2705949307829645e-20;1,356926668842692e-20;209012354,72572014
700,0;0,125;объём зерна;0,0031069372968229128;1,2931122985962358e-19;1,3809739998667023e-19;209012354,7256726
700,0;0,125;объём зерна;0,005490830755579369;7,445726163119787e-19;7,95163285706733e-19;209012354,725644
700,0;0,125;объём зерна;0,00985990636770912;2,8930505598744463e-18;3,0896215338942474e-18;209012354,7256808
700,0;0,125;объём зерна;0,010000000000000002;2,9796721665394643e-18;3,1821287250801386e-18;209012354,7256652
700,0;0,125;объём зерна;0,0174441615485814;9,065536274236512e-18;9,681502451998661e-18;209012354,7257248
700,0;0,125;объём зерна;0,030740032589963807;2,989611003966871e-17;3,192742865933218e-17;209012354,7257097
700,0;0,125;объём зерна;0,05476919984915922;1,3523366456230305e-16;1,4442223994773725e-16;209012354,72576025
700,0;0,125;объём зерна;0,09655713308123821;7,825966900889828e-16;8,3577094005512905e-16;209012354,72568238
700,0;0,125;объём зерна;0,10000000000000002;8,758477408422812e-16;9,353580189889172e-16;209012354,72568923
700,0;0,125;объём зерна;0,171361737728521;4,845214789681097e-15;5,1744273529707236e-15;209012354,72570044
700,0;0,125;объём зерна;0,30363166755107596;2,778445503132694e-14;2,9672295314475776e-14;209012354,72566947
700,0;0,125;объём зерна;0,5376240918147849;1,4667507342583422e-13;1,5664104583144375e-13;209012354,72568974
700,0;0,125;объём зерна;0,9508355895872717;7,145604335673782e-13;7,631118976760613e-13;209012354,72566193
700,0;0,125;объём зерна;1,0;8,200964649554246e-13;8,75818671522557e-13;209012354,72568065
700,0;0,125;объём зерна;1,6857295319570764;3,296493823091084e-12;3,5204771196994116e-12;209012354,72570455
700,0;0,125;объём зерна;2,981954860858181;1,4138801916251843e-11;1,5099475781651156e-11;209012354,725635
700,0;0,125;объём зерна;5,28217195902878;6,013685132549681e-11;6,422290485096381e-11;209012354,7253279
700,0;0,125;объём зерна;9,366019041828965;2,634926140169913e-10;2,813958613720757e-10;209012354,72411084
700,0;0,125;объём зерна;10,0;3,121205483263784e-10;3,3332786528338606e-10;209012354,72387254
700,0;0,125;объём зерна;16,579087497201645;4,473014182354366e-09;4,7769372339535525e-09;209012354,69891918
700,0;0,125;объём зерна;29,40969466894869;20,290262391053524;21,37422910416194;10623937,688537467
700,0;0,125;объём зерна;51,824322108254755;20,298326200661812;21,38260814393701;10493415,970678182
700,0;0,125;объём зерна;92,1253300816355;20,357218489073254;21,44379990165718;9538011,524973871
700,0;0,125;объём зерна;100,0;20,367649229578667;21,454637410426;9368395,899796452
700,0;0,125;объём зерна;162,94010641721303;20,434585600874673;21,524180497880028;8277064,725354222
700,0;0,125;объём зерна;200,0;20,46347094919499;21,554188806871252;7804577,371617091
700,0;0,125;объём зерна;288,4931421245461;20,512987195404385;21,605627367801556;6992450,630977679
700,0;0,125;объём зерна;511,73078270639894;20,581911710525738;21,677221980891566;5857409,003267678
700,0;0,125;объём зерна;905,2186517404745;20,639819661009305;21,737368141668;4899623,5123681715
700,0;0,125;объём зерна;1000,0;20,64874528991058;21,746638341448186;4751655,483942742
700,0;0,125;объём зерна;1604,20313176193;20,688481775375408;21,787907494819287;4091801,9919525934
700,0;0,125;объём зерна;2839,261100215065;20,7290696889472;21,830058647897317;3415937,360354628
700,0;0,125;объём зерна;5029,860271903509;20,7623647757842;21,864634380077195;2860092,616892198
700,0;0,125;объём зерна;8906,927617803456;20,790870907236634;21,894235731181777;2383176,4649160868
700,0;0,125;объём зерна;10000,0;20,79500573013269;21,898529322116612;2313921,238780916
700,0;0,125;объём зерна;15766,301261964616;20,81223056485446;21,91641529636769;2025203,8618651938
700,0;0,125;объём зерна;27924,824869842738;20,83174432509806;21,936677553048824;1697702,2831322195
700,0;0,125;объём зерна;49476,07750617579;20,852015205026287;21,957725409498316;1357022,6593959744
700,0;0,125;объём зерна;87600,0;20,857342357039343;21,963256654729488;1267412,8233719845
700,0;0,15;объём зерна;0,001;0,0;0,0;209012354,7256829
700,0;0,15;объём зерна;0,001769908906321979;0,0;0,0;209012354,72573245
700,0;0,15;объём зерна;0,0031355141082460083;0,0;0,0;209012354,72566348
700,0;0,15;объём зерна;0,005554586920350339;0,0;0,0;209012354,72570208
700,0;0,15;объём зерна;0,009835356723973405;0,0;0,0;209012354,7256958
700,0;0,15;объём зерна;0,010000000000000002;0,0;0,0;209012354,7257533
700,0;0,15;объём зерна;0,01741420532255206;0,0;0,0;209012354,72574258
700,0;0,15;объём зерна;0,03084270003851134;0,0;0,0;209012354,72565937
700,0;0,15;объём зерна;0,054614930997190225;0,0;0,0;209012354,72568318
700,0;0,15;объём зерна;0,09671041261606801;0,0;0,0;209012354,72574878
700,0;0,15;объём зерна;0,10000000000000002;0,0;0,0;209012354,7256709
700,0;0,15;объём зерна;0,17127951419477566;0,0;0,0;209012354,72570932
700,0;0,15;объём зерна;0,3035281041009391;0,0;0,0;209012354,72566852
700,0;0,15;объём зерна;0,5373684155160052;0,0;0,0;209012354,72570637
700,0;0,15;объём зерна;0,9511271808247345;0,0;0,0;209012354,7256615
700,0;0,15;объём зерна;1,0;0,0;0,0;209012354,7256966
700,0;0,15;объём зерна;1,6852501600765406;0,0;0,0;209012354,72570604
700,0;0,15;объём зерна;2,9833301265324974;0,0;0,0;209012354,72568357
700,0;0,15;объём зерна;5,2830095737983225;0,0;0,0;209012354,72565648
700,0;0,15;объём зерна;9,35969844997168;0,0;0,0;209012354,7257033
700,0;0,15;объём зерна;10,0;0,0;0,0;209012354,72573245
700,0;0,15;объём зерна;16,570959545682157;0,0;0,0;209012354,7256849
700,0;0,15;объём зерна;29,350528588955715;0,0;0,0;209012354,72568223
700,0;0,15;объём зерна;51,97073204951477;4,874287539262805e-35;5,20547547719053e-35;209012354,72571677
700,0;0,15;объём зерна;92,06645694618066;9,140484146562765e-35;9,761542726258093e-35;209012354,7256822
700,0;0,15;объём зерна;100,0;3,7060897731023614e-35;3,957903442247214e-35;209012354,72571743
700,0;0,15;объём зерна;163,07792971802743;1,0417483072165099e-34;1,112530851522239e-34;209012354,72565836
700,0;0,15;объём зерна;200,0;0,0;0,0;209012354,72570536
700,0;0,15;объём зерна;288,7106794656684;1,1409237685572536e-34;1,218444880555163e-34;209012354,72575495
700,0;0,15;объём зерна;511,2587749415865;3,5088427610171884e-34;3,7472543009957394e-34;209012354,72567454
700,0;0,15;объём зерна;905,6521559651597;7,70522371679194e-34;8,22876221005491e-34;209012354,72573492
700,0;0,15;объём зерна;1000,0;4,61581229000683e-34;4,929437890030421e-34;209012354,72568715
700,0;0,15;объём зерна;1603,2837532047117;1,1034807146822751e-33;1,1784577240389919e-33;209012354,72571236
700,0;0,15;объём зерна;2839,0358009060474;2,4183342351712516e-33;2,582650173062663e-33;209012354,7256833
700,0;0,15;объём зерна;5028,633571792196;4,7480911688466215e-33;5,0707045786293725e-33;209012354,7257026
700,0;0,15;объём зерна;8908,86767615496;8,87670510584566e-33;9,479840976660979e-33;209012354,72573936
700,0;0,15;объём зерна;10000,0;9,808877649964433e-33;1,0475350839350463e-32;209012354,7257359
700,0;0,15;объём зерна;15765,470162594047;1,5943404848055294e-32;1,7026694114977146e-32;209012354,7257069
700,0;0,15;объём зерна;27940,049585849076;2,889729897841231e-32;3,0860752464332173e-32;209012354,72563565
700,0;0,15;объём зерна;49468,135641063185;5,180343315313257e-32;5,532326493682696e-32;209012354,7256855
700,0;0,15;объём зерна;87600,0;6,484293999562178e-32;6,924875303257057e-32;209012354,72572154
700,0;0,175;объём зерна;0,001;0,0;0,0;209012354,7256454
700,0;0,175;объём зерна;0,001769908906321979;0,0;0,0;209012354,72567496
700,0;0,175;объём зерна;0,0031355141082460083;0,0;0,0;209012354,72568828
700,0;0,175;объём зерна;0,005554586920350339;0,0;0,0;209012354,72570437
700,0;0,175;объём зерна;0,009835356723973405;0,0;0,0;209012354,72572866
700,0;0,175;объём зерна;0,010000000000000002;0,0;0,0;209012354,72568265
700,0;0,175;объём зерна;0,01741420532255206;0,0;0,0;209012354,72572657
700,0;0,175;объём зерна;0,03084270003851134;0,0;0,0;209012354,72565237
700,0;0,175;объём зерна;0,054614930997190225;0,0;0,0;209012354,72568765
700,0;0,175;объём зерна;0,09671041261606801;0,0;0,0;209012354,72573158
700,0;0,175;объём зерна;0,10000000000000002;0,0;0,0;209012354,72569767
700,0;0,175;объём зерна;0,17127951419477566;0,0;0,0;209012354,72570148
700,0;0,175;объём зерна;0,3035281041009391;0,0;0,0;209012354,72574607
700,0;0,175;объём зерна;0,5373684155160052;0,0;0,0;209012354,72570178
700,0;0,175;объём зерна;0,9511271808247345;0,0;0,0;209012354,7257764
700,0;0,175;объём зерна;1,0;0,0;0,0;209012354,7257278
700,0;0,175;объём зерна;1,6852501600765406;0,0;0,0;209012354,72572318
700,0;0,175;объём зерна;2,9833301265324974;0,0;0,0;209012354,72574165
700,0;0,175;объём зерна;5,2830095737983225;0,0;0,0;209012354,7257095
700,0;0,175;объём зерна;9,35969844997168;0,0;0,0;209012354,72569233
700,0;0,175;объём зерна;10,0;0,0;0,0;209012354,72572485
700,0;0,175;объём зерна;16,570959545682157;0,0;0,0;209012354,72567552
700,0;0,175;объём зерна;29,350528588955715;0,0;0,0;209012354,72574386
700,0;0,175;объём зерна;51,97073204951477;0,0;0,0;209012354,72568715
700,0;0,175;объём зерна;92,06645694618066;0,0;0,0;209012354,7257144
700,0;0,175;объём зерна;100,0;0,0;0,0;209012354,72573766
700,0;0,175;объём зерна;163,07792971802743;0,0;0,0;209012354,72570357
700,0;0,175;объём зерна;200,0;0,0;0,0;209012354,7257585
700,0;0,175;объём зерна;288,7106794656684;0,0;0,0;209012354,72572643
700,0;0,175;объём зерна;511,2587749415865;0,0;0,0;209012354,72570032
700,0;0,175;объём зерна;905,6521559651597;0,0;0,0;209012354,7257148
700,0;0,175;объём зерна;1000,0;0,0;0,0;209012354,7256966
700,0;0,175;объём зерна;1603,2837532047117;0,0;0,0;209012354,7256825
700,0;0,175;объём зерна;2839,0358009060474;0,0;0,0;209012354,7257037
700,0;0,175;объём зерна;5028,633571792196;0,0;0,0;209012354,72568056
700,0;0,175;объём зерна;8908,86767615496;0,0;0,0;209012354,72566247
700,0;0,175;объём зерна;10000,0;0,0;0,0;209012354,72570512
700,0;0,175;объём зерна;15765,470162594047;0,0;0,0;209012354,7257026
700,0;0,175;объём зерна;27940,049585849076;0,0;0,0;209012354,72560853
700,0;0,175;объём зерна;49468,135641063185;0,0;0,0;209012354,72569177
700,0;0,175;объём зерна;87600,0;0,0;0,0;209012354,72570115
700,0;0,2;объём зерна;0,001;0,0;0,0;209012354,7256736
700,0;0,2;объём зерна;0,001769908906321979;0,0;0,0;209012354,7257363
700,0;0,2;объём зерна;0,0031355141082460083;0,0;0,0;209012354,7256948
700,0;0,2;объём зерна;0,005554586920350339;0,0;0,0;209012354,72574916
700,0;0,2;объём зерна;0,009835356723973405;0,0;0,0;209012354,72574875
700,0;0,2;объём зерна;0,010000000000000002;0,0;0,0;209012354,72571424
700,0;0,2;объём зерна;0,01741420532255206;0,0;0,0;209012354,72573766
700,0;0,2;объём зерна;0,03084270003851134;0,0;0,0;209012354,72574797
700,0;0,2;объём зерна;0,054614930997190225;0,0;0,0;209012354,7257236
700,0;0,2;объём зерна;0,09671041261606801;0,0;0,0;209012354,72569004
700,0;0,2;объём зерна;0,10000000000000002;0,0;0,0;209012354,72569373
700,0;0,2;объём зерна;0,17127951419477566;0,0;0,0;209012354,72568238
700,0;0,2;объём зерна;0,3035281041009391;0,0;0,0;209012354,72575504
700,0;0,2;объём зерна;0,5373684155160052;0,0;0,0;209012354,7256908
700,0;0,2;объём зерна;0,9511271808247345;0,0;0,0;209012354,72576588
700,0;0,2;объём зерна;1,0;0,0;0,0;209012354,7256595
700,0;0,2;объём зерна;1,6852501600765406;0,0;0,0;209012354,72564766
700,0;0,2;объём зерна;2,9833301265324974;0,0;0,0;209012354,72572485
700,0;0,2;объём зерна;5,2830095737983225;0,0;0,0;209012354,72571
700,0;0,2;объём зерна;9,35969844997168;0,0;0,0;209012354,72574562
700,0;0,2;объём зерна;10,0;0,0;0,0;209012354,72564965
700,0;0,2;объём зерна;16,570959545682157;0,0;0,0;209012354,72572196
700,0;0,2;объём зерна;29,350528588955715;0,0;0,0;209012354,7257237
700,0;0,2;объём зерна;51,97073204951477;0,0;0,0;209012354,72566703
700,0;0,2;объём зерна;92,06645694618066;0,0;0,0;209012354,7256514
700,0;0,2;объём зерна;100,0;0,0;0,0;209012354,72569713
700,0;0,2;объём зерна;163,07792971802743;0,0;0,0;209012354,7257343
700,0;0,2;объём зерна;200,0;0,0;0,0;209012354,72568673
700,0;0,2;объём зерна;288,7106794656684;0,0;0,0;209012354,72570455
700,0;0,2;объём зерна;511,2587749415865;0,0;0,0;209012354,72569385
700,0;0,2;объём зерна;905,6521559651597;0,0;0,0;209012354,7256217
700,0;0,2;объём зерна;1000,0;0,0;0,0;209012354,7256625
700,0;0,2;объём зерна;1603,2837532047117;0,0;0,0;209012354,72567713
700,0;0,2;объём зерна;2839,0358009060474;0,0;0,0;209012354,72569525
700,0;0,2;объём зерна;5028,633571792196;0,0;0,0;209012354,7257236
700,0;0,2;объём зерна;8908,86767615496;0,0;0,0;209012354,72573137
700,0;0,2;объём зерна;10000,0;0,0;0,0;209012354,72568125
700,0;0,2;объём зерна;15765,470162594047;0,0;0,0;209012354,7257373
700,0;0,2;объём зерна;27940,049585849076;0,0;0,0;209012354,72569442
700,0;0,2;объём зерна;49468,135641063185;0,0;0,0;209012354,72570166
700,0;0,2;объём зерна;87600,0;0,0;0,0;209012354,7256773
700,0;0,25;объём зерна;0,001;0,0;0,0;209012354,7256697
700,0;0,25;объём зерна;0,001769908906321979;0,0;0,0;209012354,72569495
700,0;0,25;объём зерна;0,0031355141082460083;0,0;0,0;209012354,72569877
700,0;0,25;объём зерна;0,005554586920350339;0,0;0,0;209012354,72567263
700,0;0,25;объём зерна;0,009835356723973405;0,0;0,0;209012354,72568673
700,0;0,25;объём зерна;0,010000000000000002;0,0;0,0;209012354,72574553
700,0;0,25;объём зерна;0,01741420532255206;0,0;0,0;209012354,7256985
700,0;0,25;объём зерна;0,03084270003851134;0,0;0,0;209012354,7256676
700,0;0,25;объём зерна;0,054614930997190225;0,0;0,0;209012354,7256977
700,0;0,25;объём зерна;0,09671041261606801;0,0;0,0;209012354,72567317
700,0;0,25;объём зерна;0,10000000000000002;0,0;0,0;209012354,72570798
700,0;0,25;объём зерна;0,17127951419477566;0,0;0,0;209012354,7257173
700,0;0,25;объём зерна;0,3035281041009391;0,0;0,0;209012354,72573724
700,0;0,25;объём зерна;0,5373684155160052;0,0;0,0;209012354,72570235
700,0;0,25;объём зерна;0,9511271808247345;0,0;0,0;209012354,7257278
700,0;0,25;объём зерна;1,0;0,0;0,0;209012354,72571328
700,0;0,25;объём зерна;1,6852501600765406;0,0;0,0;209012354,72568014
700,0;0,25;объём зерна;2,9833301265324974;0,0;0,0;209012354,7257292
700,0;0,25;объём зерна;5,2830095737983225;0,0;0,0;209012354,72566983
700,0;0,25;объём зерна;9,35969844997168;0,0;0,0;209012354,7257281
700,0;0,25;объём зерна;10,0;0,0;0,0;209012354,72573033
700,0;0,25;объём зерна;16,570959545682157;0,0;0,0;209012354,72571883
700,0;0,25;объём зерна;29,350528588955715;0,0;0,0;209012354,72570485
700,0;0,25;объём зерна;51,97073204951477;0,0;0,0;209012354,7257175
700,0;0,25;объём зерна;92,06645694618066;0,0;0,0;209012354,72573245
700,0;0,25;объём зерна;100,0;0,0;0,0;209012354,72566837
700,0;0,25;объём зерна;163,07792971802743;0,0;0,0;209012354,72568023
700,0;0,25;объём зерна;200,0;0,0;0,0;209012354,72565234
700,0;0,25;объём зерна;288,7106794656684;0,0;0,0;209012354,7256688
700,0;0,25;объём зерна;511,2587749415865;0,0;0,0;209012354,72567633
700,0;0,25;объём зерна;905,6521559651597;0,0;0,0;209012354,72570264
700,0;0,25;объём зерна;1000,0;0,0;0,0;209012354,72569057
700,0;0,25;объём зерна;1603,2837532047117;0,0;0,0;209012354,72571057
700,0;0,25;объём зерна;2839,0358009060474;0,0;0,0;209012354,72573113
700,0;0,25;объём зерна;5028,633571792196;0,0;0,0;209012354,72564766
700,0;0,25;объём зерна;8908,86767615496;0,0;0,0;209012354,72570482
700,0;0,25;объём зерна;10000,0;0,0;0,0;209012354,7256715
700,0;0,25;объём зерна;15765,470162594047;0,0;0,0;209012354,72568163
700,0;0,25;объём зерна;27940,049585849076;0,0;0,0;209012354,7256645
700,0;0,25;объём зерна;49468,135641063185;0,0;0,0;209012354,72563082
700,0;0,25;объём зерна;87600,0;0,0;0,0;209012354,72568923
700,0;0,5;объём зерна;0,001;0,0;0,0;209012354,72565922
700,0;0,5;объём зерна;0,001769908906321979;0,0;0,0;209012354,72562742
700,0;0,5;объём зерна;0,0031355141082460083;0,0;0,0;209012354,72573507
700,0;0,5;объём зерна;0,005554586920350339;0,0;0,0;209012354,72565973
700,0;0,5;объём зерна;0,009835356723973405;0,0;0,0;209012354,7256725
700,0;0,5;объём зерна;0,010000000000000002;0,0;0,0;209012354,72572836
700,0;0,5;объём зерна;0,01741420532255206;0,0;0,0;209012354,72564295
700,0;0,5;объём зерна;0,03084270003851134;0,0;0,0;209012354,72573903
700,0;0,5;объём зерна;0,054614930997190225;0,0;0,0;209012354,72567213
700,0;0,5;объём зерна;0,09671041261606801;0,0;0,0;209012354,72573438
700,0;0,5;объём зерна;0,10000000000000002;0,0;0,0;209012354,72570097
700,0;0,5;объём зерна;0,17127951419477566;0,0;0,0;209012354,72567976
700,0;0,5;объём зерна;0,3035281041009391;0,0;0,0;209012354,72571343
700,0;0,5;объём зерна;0,5373684155160052;0,0;0,0;209012354,72570702
700,0;0,5;объём зерна;0,9511271808247345;0,0;0,0;209012354,72569177
700,0;0,5;объём зерна;1,0;0,0;0,0;209012354,72571236
700,0;0,5;объём зерна;1,6852501600765406;0,0;0,0;209012354,72572988
700,0;0,5;объём зерна;2,9833301265324974;0,0;0,0;209012354,72574568
700,0;0,5;объём зерна;5,2830095737983225;0,0;0,0;209012354,7256969
700,0;0,5;объём зерна;9,35969844997168;0,0;0,0;209012354,7257111
700,0;0,5;объём зерна;10,0;0,0;0,0;209012354,72567385
700,0;0,5;объём зерна;16,570959545682157;0,0;0,0;209012354,7257489
700,0;0,5;объём зерна;29,350528588955715;0,0;0,0;209012354,72576973
700,0;0,5;объём зерна;51,97073204951477;0,0;0,0;209012354,72568455
700,0;0,5;объём зерна;92,06645694618066;0,0;0,0;209012354,72571477
700,0;0,5;объём зерна;100,0;0,0;0,0;209012354,72570536
700,0;0,5;объём зерна;163,07792971802743;0,0;0,0;209012354,72570854
700,0;0,5;объём зерна;200,0;0,0;0,0;209012354,72571328
700,0;0,5;объём зерна;288,7106794656684;0,0;0,0;209012354,725718
700,0;0,5;объём зерна;511,2587749415865;0,0;0,0;209012354,7257396
700,0;0,5;объём зерна;905,6521559651597;0,0;0,0;209012354,725747
700,0;0,5;объём зерна;1000,0;0,0;0,0;209012354,72572684
700,0;0,5;объём зерна;1603,2837532047117;0,0;0,0;209012354,72573975
700,0;0,5;объём зерна;2839,0358009060474;0,0;0,0;209012354,72567496
700,0;0,5;объём зерна;5028,633571792196;0,0;0,0;209012354,7257192
700,0;0,5;объём зерна;8908,86767615496;0,0;0,0;209012354,72567028
700,0;0,5;объём зерна;10000,0;0,0;0,0;209012354,7257026
700,0;0,5;объём зерна;15765,470162594047;0,0;0,0;209012354,72569034
700,0;0,5;объём зерна;27940,049585849076;0,0;0,0;209012354,72569454
700,0;0,5;объём зерна;49468,135641063185;0,0;0,0;209012354,7257326
700,0;0,5;объём зерна;87600,0;0,0;0,0;209012354,72567442
750,0;0,05;границы зёрен;0,001;0,0019781200751706938;0,002105906937014957;167440324,84320945
750,0;0,05;границы зёрен;0,0017775232313127966;0,007407466331132008;0,007885962138709565;167406731,83873785
750,0;0,05;границы зёрен;0,0031303919082229107;0,02392530451251754;0,02547052174681453;167304488,51865962
750,0;0,05;границы зёрен;0,005562031497870023;0,08204675376207653;0,08734246887366837;166944215,16155228
750,0;0,05;границы зёрен;0,009821300112830942;0,25541697518351697;0,27187243881043627;165864826,51729694
750,0;0,05;границы зёрен;0,010000000000000002;0,2643671276161908;0,28139758594405195;165808910,38368762
750,0;0,05;границы зёрен;0,017478246420619428;0,7337111289007268;0,780739917383493;162849767,4278248
750,0;0,05;границы зёрен;0,03076416986815149;1,9052388544367944;2,02582675593719;155225541,9097763
750,0;0,05;границы зёрен;0,054585160791310705;4,5879482997558325;4,869902881278395;136371993,00974274
750,0;0,05;границы зёрен;0,09686989657017554;9,536233615296112;10,090127998990415;95453338,2577989
750,0;0,05;границы зёрен;0,10000000000000002;9,865663323484227;10,43648456094122;92392533,44138204
750,0;0,05;границы зёрен;0,17151620548476915;15,030451605245663;15,84756329924471;37303258,10036016
750,0;0,05;границы зёрен;0,30279304076191665;17,15646099191634;18,064578605594132;9836231,829152886
750,0;0,05;границы зёрен;0,575523123906052;17,3084230546101;18,222814931714;7740698,773737858
750,0;0,05;границы зёрен;0,9697458640501292;17,306836411930323;18,221162937893148;7762676,234338207
750,0;0,05;границы зёрен;1,0;17,311947918953187;18,22648496730087;7691866,508067462
750,0;0,05;границы зёрен;1,6705101795966937;17,310879979406796;18,22537304649873;7706662,459628675
750,0;0,05;границы зёрен;2,9756849122306073;17,318372755137602;18,233174367305597;7602832,647484866
750,0;0,05;границы зёрен;5,29194638328652;17,32702305811307;18,242180788295194;7482904,956523473
750,0;0,05;границы зёрен;9,366885831195644;17,37083662223444;18,287796552157978;6874523,423347028
750,0;0,05;границы зёрен;10,0;17,377926681318495;18,295178009248975;6775923,482307534
750,0;0,05;границы зёрен;16,574407282047453;17,441933756309773;18,361812717577845;5883897,458954858
750,0;0,05;границы зёрен;29,34354801122924;17,515108563744644;18,437984838685168;4859910,308847112
750,0;0,05;границы зёрен;51,94263143109543;17,575435468986097;18,50077743945713;4012324,231016019
750,0;0,05;границы зёрен;92,07479877249071;17,625399305294607;18,55277974581008;3308005,239492183
750,0;0,05;границы зёрен;100,0;17,631776906784953;18,559417307609642;3217950,190687844
750,0;0,05;границы зёрен;162,99147042237362;17,666094303119415;18,595132602543533;2732775,3982939185
750,0;0,05;границы зёрен;200,0;17,67869555727736;18,608246768231435;2554368,063348695
750,0;0,05;границы зёрен;288,74382656849366;17,699643141645698;18,63004651944861;2257493,4062623354
750,0;0,05;границы зёрен;511,59236330284654;17,72702084744509;18,658537095904563;1868921,960912463
750,0;0,05;границы зёрен;905,7962228114793;17,749719269830937;18,68215742625293;1546274,881480672
750,0;0,05;границы зёрен;1000,0;17,753284473858443;18,685867370621335;1495556,9072414504
750,0;0,05;границы зёрен;1602,8541887143938;17,768484332008015;18,701684123847517;1279203,348315456
750,0;0,05;границы зёрен;2839,5886397377913;17,78185722436524;18,715599508869204;1088689,7056269096
750,0;0,05;границы зёрен;5027,809251585501;17,796430894105463;18,730764112046447;880893,3848542772
750,0;0,05;границы зёрен;8909,830747657694;17,80444232783863;18,73910027330063;766585,3217376086
750,0;0,05;границы зёрен;10000,0;17,80909411080708;18,743940567886543;700187,6205381757
750,0;0,05;границы зёрен;15772,01693503762;17,81427830567524;18,749334816262063;626168,3766709473
750,0;0,05;границы зёрен;27921,053207861405;17,823397178061974;18,75882308097296;495913,7476503988
750,0;0,05;границы зёрен;49465,404111896925;17,829392893627478;18,765061614077855;410231,1741656768
750,0;0,05;границы зёрен;87600,0;17,834439301840547;18,770312357268992;338090,5970979317
750,0;0,075;границы зёрен;0,001;1,5815121028686825e-05;1,6836801629156707e-05;167452464,51802075
750,0;0,075;границы зёрен;0,0017707378171451132;0,0004969543268593397;0,0005290581592268606;167449488,06435198
750,0;0,075;границы зёрен;0,0031208661432008443;0,004084703822541225;0,004348570401363798;167427291,59323627
750,0;0,075;границы зёрен;0,00553507699802929;0,01434861435664705;0,015275414982637745;167363774,80311617
750,0;0,075;границы зёрен;0,009860909052624975;0,060505925887086594;0,06441218261645909;167077831,32421777
750,0;0,075;границы зёрен;0,010000000000000002;0,06262183340945292;0,06666460180320054;167064711,33684805
750,0;0,075;границы зёрен;0,017409113951859068;0,2230750667411183;0,23745183477499143;166066724,2352849
750,0;0,075;границы зёрен;0,03093107420813082;0,7057792592307739;0,7510312401141684;163027364,5551947
750,0;0,075;границы зёрен;0,05456711737248875;1,9483960155419342;2,0716577674139325;154937975,14206523
750,0;0,075;границы зёрен;0,09674151562149357;4,802373752671345;5,096802020807105;134774118,46589196
750,0;0,075;границы зёрен;0,10000000000000002;5,037780967544399;5,345831332246008;133003362,25481498
750,0;0,075;границы зёрен;0,17113821297610718;9,963562101304811;10,539385369504139;91473777,2519061
750,0;0,075;границы зёрен;0,3038017220747885;15,343816545073906;16,174721033905648;33458806,96089855
750,0;0,075;границы зёрен;0,5349818450048419;17,11663204056118;18,02310010004504;10382351,664482063
750,0;0,075;границы зёрен;0,9234925651716835;17,221134802944594;18,131926447539882;8946700,140889645
750,0;0,075;границы зёрен;1,0;17,222837088766475;18,133699041620314;8923240,582079895
750,0;0,075;границы зёрен;1,7177758334364073;17,224855552540873;18,135800867522068;8895420,637212433
750,0;0,075;границы зёрен;2,996777045525851;17,224620261986324;18,13555585979647;8898663,755564917
750,0;0,075;границы зёрен;5,275589314619101;17,223509776298542;18,134399511607594;8913969,480241524
750,0;0,075;границы зёрен;9,367516600435266;17,25338179659511;18,165504659751885;8501894,345124658
750,0;0,075;границы зёрен;10,0;17,259616509525046;18,171996594134836;8415796,170117375
750,0;0,075;границы зёрен;16,56824811230667;17,32366980161189;18,23868949583772;7529401,7981381845
750,0;0,075;границы зёрен;29,35053289142163;17,40949208650979;18,328039925839764;6336443,022552684
750,0;0,075;границы зёрен;52,00953861526347;17,487369098473504;18,409109975120348;5248617,154213783
750,0;0,075;границы зёрен;92,04467995920416;17,55241255622768;18,47681409979649;4336156,2088577645
750,0;0,075;границы зёрен;100,0;17,560794528185415;18,48553853538962;4218310,3225483475
750,0;0,075;границы зёрен;163,16544623915317;17,606451867418972;18,53305966382459;3575348,774683869
750,0;0,075;границы зёрен;200,0;17,6229707830264;18,550252219226486;3342288,133746955
750,0;0,075;границы зёрен;288,67035455977435;17,650186195361673;18,578576682214685;2957807,0545038725
750,0;0,075;границы зёрен;511,04294615904064;17,68641760020177;18,61628301879385;2444972,987868046
750,0;0,075;границы зёрен;905,7627964722578;17,71632657221932;18,64740822990236;2020782,2950757497
750,0;0,075;границы зёрен;1000,0;17,720912943124354;18,65218099900353;1955667,168664005
750,0;0,075;границы зёрен;1603,4903374046266;17,738054876963407;18,670019363682535;1712133,9777332123
750,0;0,075;границы зёрен;2837,235196042706;17,760314926166878;18,6931831960941;1395510,793079262
750,0;0,075;границы зёрен;5027,010618212422;17,7759846263157;18,70948870880488;1172371,2695788855
750,0;0,075;границы зёрен;8901,988399137;17,79128432625133;18,725408893304525;954295,8863179013
750,0;0,075;границы зёрен;10000,0;17,793018173599815;18,72721303779799;929569,5924153529
750,0;0,075;границы зёрен;15773,969089965129;17,80306712675121;18,737669337239076;786210,8034501657
750,0;0,075;границы зёрен;27932,454933277597;17,805269772651616;18,739961252081873;754776,0747959699
750,0;0,075;границы зёрен;49465,22848513559;17,819779498571815;18,755058867747184;547597,5785611877
750,0;0,075;границы зёрен;87600,0;17,82701897680607;18,762591562878725;444159,6833805676
750,0;0,1;границы зёрен;0,001;2,088336699638015e-09;2,2232464134861842e-09;167452562,34068328
750,0;0,1;границы зёрен;0,0017553853847983973;1,5062802127833835e-07;1,6035881958282817e-07;167452561,4217655
750,0;0,1;границы зёрен;0,003153271989506724;2,8011769098350135e-06;2,982137175556615e-06;167452545,02488548
750,0;0,1;границы зёрен;0,0055501585921325985;2,245989423457565e-05;2,391083707359539e-05;167452423,41202295
750,0;0,1;границы зёрен;0,009839343446635897;0,0001496848464101985;0,00015935469879586233;167451636,37014163
750,0;0,1;границы зёрен;0,010000000000000002;0,0001581584039306469;0,00016837565917241336;167451583,95065123
750,0;0,1;границы зёрен;0,017474987502990477;0,0012226784239516499;0,0013016642738986981;167444998,44175884
750,0;0,1;границы зёрен;0,03078880811601697;0,009689377908239696;0,010315261828695637;167392610,90198636
750,0;0,1;границы зёрен;0,0546602762179221;0,060410199030635194;0,06431027962026051;167078424,86743373
750,0;0,1;границы зёрен;0,09684808456078302;0,2438108942603271;0,25952057138722706;165937307,24377108
750,0;0,1;границы зёрен;0,10000000000000002;0,2611861153090833;0,2780122249034635;165828785,95860237
750,0;0,1;границы зёрен;0,1719488492242974;0,7640067569655348;0,8129615054227249;162656925,63675022
750,0;0,1;границы зёрен;0,3038279188612032;2,0516960507581348;2,1813475069138946;154247676,94793043
750,0;0,1;границы зёрен;0,5384417857069671;4,927474011923673;5,229150744279918;133835271,31470098
750,0;0,1;границы зёрен;0,951355371395595;10,06797229829784;10,649116040674723;90489229,22353928
750,0;0,1;границы зёрен;1,0;10,59632976847109;11,204171800732379;85431539,40307388
750,0;0,1;границы зёрен;1,6869241786413656;15,497267487451696;16,334878303450093;31551784,40966516
750,0;0,1;границы зёрен;2,9866543764305606;17,389580648692903;18,307310803773944;6613763,5173829105
750,0;0,1;границы зёрен;5,112856539946222;17,512862561926298;18,43564694430577;4891407,102439809
750,0;0,1;границы зёрен;9,420907875897141;17,510965731811943;18,433672502360757;4918003,981643154
750,0;0,1;границы зёрен;10,0;17,513507481637475;18,43631825084598;4882363,509515495
750,0;0,1;границы зёрен;16,489618375811848;17,502510452451098;18,424871203552605;5036524,978638856
750,0;0,1;границы зёрен;29,164116956782443;17,513771176840002;18,43659273495349;4878665,65829923
750,0;0,1;границы зёрен;51,9395151611289;17,51272701313827;18,435505849481544;4893307,834146632
750,0;0,1;границы зёрен;92,12384106542464;17,52476960290387;18,448041071575002;4724380,346606271
750,0;0,1;границы зёрен;100,0;17,528657506218458;18,45208797814036;4669816,673499317
750,0;0,1;границы зёрен;162,95362031037806;17,55986712869173;18,484573249575607;4231351,968927618
750,0;0,1;границы зёрен;200,0;17,575606811518874;18,50095577825041;4009912,5070424746
750,0;0,1;границы зёрен;288,80598661696473;17,605692093399966;18,532268897566542;3586062,628885989
750,0;0,1;границы зёрен;511,546808421341;17,6491171688829;18,577464110600026;2972921,4579432616
750,0;0,1;границы зёрен;905,076560465279;17,685517745371804;18,615346553218163;2457723,497187907
750,0;0,1;границы зёрен;1000,0;17,69115858147043;18,621216869909862;2377784,1137886075
750,0;0,1;границы зёрен;1604,2377128037438;17,71565281491222;18,646707087555345;2030346,460008262
750,0;0,1;границы зёрен;2838,3361267512955;17,740141590924733;18,672190828572113;1682471,045282072
750,0;0,1;границы зёрен;5027,353649563172;17,760827296927463;18,693716361933127;1388217,8876232116
750,0;0,1;границы зёрен;8904,662342867552;17,777656428441233;18,71122832657871;1148551,9667093297
750,0;0,1;границы зёрен;10000,0;17,78027395188403;18,71395202082498;1111253,4759796073
750,0;0,1;границы зёрен;15787,437113650052;17,785207551099294;18,71908570970444;1040935,8787756294
750,0;0,1;границы зёрен;27931,754492793956;17,80124538984045;18,73577376401228;812206,2698575527
750,0;0,1;границы зёрен;49491,42727237488;17,810554560789342;18,745460196079637;679337,868534519
750,0;0,1;границы зёрен;87600,0;17,820368564350684;18,75567179476039;539182,6888577671
750,0;0,15;границы зёрен;0,001;2,2387582121092094e-25;2,383385383498746e-25;167452562,3535713
750,0;0,15;границы зёрен;0,0018114378219391335;1,0198867776600982e-21;1,0857730082466524e-21;167452562,35360837
750,0;0,15;границы зёрен;0,0031150396223493648;4,561164494783708e-20;4,8558226296170614e-20;167452562,3535692
750,0;0,15;границы зёрен;0,005540482890166108;6,1423109189183415e-19;6,539113507600432e-19;167452562,3535971
750,0;0,15;границы зёрен;0,009797422965089437;3,883535421264333e-18;4,13441769159194e-18;167452562,35358226
750,0;0,15;границы зёрен;0,010000000000000002;4,11925872497323e-18;4,385369077753696e-18;167452562,35354713
750,0;0,15;границы зёрен;0,017445651484460714;1,958777758114198e-17;2,0853177681092457e-17;167452562,3535778
750,0;0,15;границы зёрен;0,030761545592678192;1,2069718316968617e-16;1,2849440401385695e-16;167452562,35355428
750,0;0,15;границы зёрен;0,05471778974000483;1,0147868536946522e-15;1,0803436214685477e-15;167452562,35358325
750,0;0,15;границы зёрен;0,09667642925063058;8,026291149845639e-15;8,544801714976025e-15;167452562,3535862
750,0;0,15;границы зёрен;0,10000000000000002;9,029252922083796e-15;9,612556336815381e-15;167452562,353565
750,0;0,15;границы зёрен;0,17120166990070948;5,368473946732087e-14;5,715285494935313e-14;167452562,35357147
750,0;0,15;границы зёрен;0,3033034626077484;3,059434413687151e-13;3,257078510718292e-13;167452562,3535788
750,0;0,15;границы зёрен;0,5373283106026574;1,4222494134032842e-12;1,5141288796888142e-12;167452562,3535362
750,0;0,15;границы зёрен;0,9515593410274427;5,9944479012618105e-12;6,381698315045703e-12;167452562,3535265
750,0;0,15;границы зёрен;1,0;6,797250187617159e-12;7,236362845046927e-12;167452562,35350597
750,0;0,15;границы зёрен;1,6866078158335265;2,7194578469915834e-11;2,8951389428758987e-11;167452562,35340688
750,0;0,15;границы зёрен;2,9855481148922745;1,3035884552721525e-10;1,3878022439350112e-10;167452562,35280594
750,0;0,15;границы зёрен;5,280599623269265;5,686188568997385e-10;6,053524963016388e-10;167452562,3500879
750,0;0,15;границы зёрен;9,37320155750855;1,8633189592345205e-09;1,983692186234923e-09;167452562,3420318
750,0;0,15;границы зёрен;10,0;2,104327173229867e-09;2,240269895891652e-09;167452562,34052637
750,0;0,15;границы зёрен;16,577919381340145;16,59239606885;17,476955562599585;17452650,06558484
750,0;0,15;границы зёрен;29,385843346935125;17,157481204999744;18,065641044049947;9822226,1332415
750,0;0,15;границы зёрен;51,999040114478525;17,29816821195031;18,21213765021831;7882707,594101695
750,0;0,15;границы зёрен;92,03233591939;17,40280561623518;18,321078927403665;6429606,96464382
750,0;0,15;границы зёрен;100,0;17,4154831991773;18,334276966676438;6252936,000498061
750,0;0,15;границы зёрен;163,0084140774936;17,483309943106807;18,404884589479735;5305442,952696058
750,0;0,15;границы зёрен;200,0;17,50771446578901;18,430288194471434;4963585,380728544
750,0;0,15;границы зёрен;288,44964604272934;17,54737364407076;18,471569266996557;4406971,9480541125
750,0;0,15;границы зёрен;511,30090138821936;17,59965061287751;18,525980949333402;3671238,326245174
750,0;0,15;границы зёрен;906,1389332994563;17,642836222007315;18,570927288405066;3061704,769924821
750,0;0,15;границы зёрен;1000,0;17,649430993689077;18,577790718730583;2968484,5546417283
750,0;0,15;границы зёрен;1603,7985735199459;17,67866726296661;18,6082173224878;2554768,8033523746
750,0;0,15;границы зёрен;2838,8951887280596;17,708505934899506;18,639269683606503;2131774,335981525
750,0;0,15;границы зёрен;5026,210084278457;17,73341607191999;18,665192134969146;1778061,8159800752
750,0;0,15;границы зёрен;8896,658458632022;17,753032284987285;18,68560494392839;1499144,8622016644
750,0;0,15;границы зёрен;10000,0;17,7569692906306;18,68970176602362;1443125,8252393622
750,0;0,15;границы зёрен;15772,743316740543;17,768467575231092;18,701666687156152;1279441,9730335572
750,0;0,15;границы зёрен;27942,999791927257;17,784229580086823;18,718068078152257;1054876,3760267124
750,0;0,15;границы зёрен;49484,20726863095;17,797283447784036;18,73165122634755;868731,693966066
750,0;0,15;границы зёрен;87600,0;17,80233308514393;18,736905544924554;796685,6329030537
750,0;0,25;границы зёрен;0,001;0,0;0,0;167452562,35360935
750,0;0,25;границы зёрен;0,001769908906321979;0,0;0,0;167452562,35355097
750,0;0,25;границы зёрен;0,0031355141082460083;0,0;0,0;167452562,35359076
750,0;0,25;границы зёрен;0,005554586920350339;0,0;0,0;167452562,3535768
750,0;0,25;границы зёрен;0,009835356723973405;0,0;0,0;167452562,3535727
750,0;0,25;границы зёрен;0,010000000000000002;0,0;0,0;167452562,3535928
750,0;0,25;границы зёрен;0,01741420532255206;0,0;0,0;167452562,35355967
750,0;0,25;границы зёрен;0,03084270003851134;0,0;0,0;167452562,35357475
750,0;0,25;границы зёрен;0,054614930997190225;0,0;0,0;167452562,3535873
750,0;0,25;границы зёрен;0,09671041261606801;0,0;0,0;167452562,35356957
750,0;0,25;границы зёрен;0,10000000000000002;0,0;0,0;167452562,3536174
750,0;0,25;границы зёрен;0,17127951419477566;0,0;0,0;167452562,35360372
750,0;0,25;границы зёрен;0,3035281041009391;0,0;0,0;167452562,3535652
750,0;0,25;границы зёрен;0,5373684155160052;0,0;0,0;167452562,3535697
750,0;0,25;границы зёрен;0,9511271808247345;0,0;0,0;167452562,35357392
750,0;0,25;границы зёрен;1,0;0,0;0,0;167452562,35358095
750,0;0,25;границы зёрен;1,6852501600765406;0,0;0,0;167452562,3535478
750,0;0,25;границы зёрен;2,9833301265324974;0,0;0,0;167452562,3535836
750,0;0,25;границы зёрен;5,2830095737983225;0,0;0,0;167452562,35353932
750,0;0,25;границы зёрен;9,35969844997168;0,0;0,0;167452562,35359338
750,0;0,25;границы зёрен;10,0;0,0;0,0;167452562,3536084
750,0;0,25;границы зёрен;16,570959545682157;0,0;0,0;167452562,35359016
750,0;0,25;границы зёрен;29,350528588955715;0,0;0,0;167452562,35359088
750,0;0,25;границы зёрен;51,97073204951477;0,0;0,0;167452562,35353768
750,0;0,25;границы зёрен;92,06645694618066;0,0;0,0;167452562,35360742
750,0;0,25;границы зёрен;100,0;0,0;0,0;167452562,3535906
750,0;0,25;границы зёрен;163,07792971802743;0,0;0,0;167452562,35357174
750,0;0,25;границы зёрен;200,0;0,0;0,0;167452562,35357764
750,0;0,25;границы зёрен;288,7106794656684;0,0;0,0;167452562,3535753
750,0;0,25;границы зёрен;511,2587749415865;0,0;0,0;167452562,35354453
750,0;0,25;границы зёрен;905,6521559651597;0,0;0,0;167452562,35358673
750,0;0,25;границы зёрен;1000,0;0,0;0,0;167452562,3536088
750,0;0,25;границы зёрен;1603,2837532047117;0,0;0,0;167452562,35358727
750,0;0,25;границы зёрен;2839,0358009060474;0,0;0,0;167452562,35356945
750,0;0,25;границы зёрен;5028,633571792196;0,0;0,0;167452562,35360005
750,0;0,25;границы зёрен;8908,86767615496;0,0;0,0;167452562,35358992
750,0;0,25;границы зёрен;10000,0;0,0;0,0;167452562,35357925
750,0;0,25;границы зёрен;15765,470162594047;0,0;0,0;167452562,3535527
750,0;0,25;границы зёрен;27940,049585849076;0,0;0,0;167452562,35357785
750,0;0,25;границы зёрен;49468,135641063185;0,0;0,0;167452562,35355952
750,0;0,25;границы зёрен;87600,0;0,0;0,0;167452562,35359782
750,0;0,5;границы зёрен;0,001;0,0;0,0;167452562,35360676
750,0;0,5;границы зёрен;0,001769908906321979;0,0;0,0;167452562,35353744
750,0;0,5;границы зёрен;0,0031355141082460083;0,0;0,0;167452562,3535881
750,0;0,5;границы зёрен;0,005554586920350339;0,0;0,0;167452562,353572
750,0;0,5;границы зёрен;0,009835356723973405;0,0;0,0;167452562,3535463
750,0;0,5;границы зёрен;0,010000000000000002;0,0;0,0;167452562,3535671
750,0;0,5;границы зёрен;0,01741420532255206;0,0;0,0;167452562,35357243
750,0;0,5;границы зёрен;0,03084270003851134;0,0;0,0;167452562,3535739
750,0;0,5;границы зёрен;0,054614930997190225;0,0;0,0;167452562,353594
750,0;0,5;границы зёрен;0,09671041261606801;0,0;0,0;167452562,35353854
750,0;0,5;границы зёрен;0,10000000000000002;0,0;0,0;167452562,3535855
750,0;0,5;границы зёрен;0,17127951419477566;0,0;0,0;167452562,35356227
750,0;0,5;границы зёрен;0,3035281041009391;0,0;0,0;167452562,3535805
750,0;0,5;границы зёрен;0,5373684155160052;0,0;0,0;167452562,35360083
750,0;0,5;границы зёрен;0,9511271808247345;0,0;0,0;167452562,35355312
750,0;0,5;границы зёрен;1,0;0,0;0,0;167452562,35355982
750,0;0,5;границы зёрен;1,6852501600765406;0,0;0,0;167452562,3535851
750,0;0,5;границы зёрен;2,9833301265324974;0,0;0,0;167452562,35361126
750,0;0,5;границы зёрен;5,2830095737983225;0,0;0,0;167452562,35358566
750,0;0,5;границы зёрен;9,35969844997168;0,0;0,0;167452562,35359344
750,0;0,5;границы зёрен;10,0;0,0;0,0;167452562,35352895
750,0;0,5;границы зёрен;16,570959545682157;0,0;0,0;167452562,35358074
750,0;0,5;границы зёрен;29,350528588955715;0,0;0,0;167452562,3535847
750,0;0,5;границы зёрен;51,97073204951477;0,0;0,0;167452562,3535593
750,0;0,5;границы зёрен;92,06645694618066;0,0;0,0;167452562,35362673
750,0;0,5;границы зёрен;100,0;0,0;0,0;167452562,3535418
750,0;0,5;границы зёрен;163,07792971802743;0,0;0,0;167452562,35358596
750,0;0,5;границы зёрен;200,0;0,0;0,0;167452562,35355723
750,0;0,5;границы зёрен;288,7106794656684;0,0;0,0;167452562,35356706
750,0;0,5;границы зёрен;511,2587749415865;0,0;0,0;167452562,35365662
750,0;0,5;границы зёрен;905,6521559651597;0,0;0,0;167452562,3536107
750,0;0,5;границы зёрен;1000,0;0,0;0,0;167452562,35353783
750,0;0,5;границы зёрен;1603,2837532047117;0,0;0,0;167452562,35353383
750,0;0,5;границы зёрен;2839,0358009060474;0,0;0,0;167452562,35353345
750,0;0,5;границы зёрен;5028,633571792196;0,0;0,0;167452562,35350272
750,0;0,5;границы зёрен;8908,86767615496;0,0;0,0;167452562,3535418
750,0;0,5;границы зёрен;10000,0;0,0;0,0;167452562,35352036
750,0;0,5;границы зёрен;15765,470162594047;0,0;0,0;167452562,35360152
750,0;0,5;границы зёрен;27940,049585849076;0,0;0,0;167452562,3535916
750,0;0,5;границы зёрен;49468,135641063185;0,0;0,0;167452562,3535631
750,0;0,5;границы зёрен;87600,0;0,0;0,0;167452562,35353157
750,0;0,05;объём зерна;0,001;8,111763150178929;8,590776900021918;108165193,44722757
750,0;0,05;объём зерна;0,001771716922967321;8,515503042757107;9,016019018721277;104645819,96476272
750,0;0,05;объём зерна;0,0031377927857994706;9,442849449469492;9,99191888523909;96312457,69125274
750,0;0,05;объём зерна;0,005557103658655036;10,678888926822829;11,290868738983656;84629652,81469579
750,0;0,05;объём зерна;0,009836033730499315;11,659937766519308;12,320384157376214;74851230,71277913
750,0;0,05;объём зерна;0,010000000000000002;11,682811596441544;12,344372567915176;74617592,38368578
750,0;0,05;объём зерна;0,017412354835755466;12,82600051350838;13,542370328565498;62594119,22887841
750,0;0,05;объём зерна;0,03087067165406388;14,00753077917289;14,778704844941249;49406265,385570794
750,0;0,05;объём зерна;0,0546553071510639;14,807308450246492;15,614518493155005;40000822,50433611
750,0;0,05;объём зерна;0,09675038797382944;15,402286305487664;16,23574982892637;32734085,92598361
750,0;0,05;объём зерна;0,10000000000000002;15,43203024268472;16,26679381147354;32364512,2480566
750,0;0,05;объём зерна;0,17140224262642706;15,86404664963573;16,71755961239178;26926848,599680576
750,0;0,05;объём зерна;0,30353622169972233;16,23443284237086;17,10382221632778;22158263,260843955
750,0;0,05;объём зерна;0,5375512641539564;16,52687491378173;17,408670453859973;18321235,172340177
750,0;0,05;объём зерна;0,9518208853304309;16,765911909748876;17,65776339459773;15136411,771670695
750,0;0,05;объём зерна;1,0;16,78423350584284;17,67685261385266;14890471,090993552
750,0;0,05;объём зерна;1,6855692613598692;16,96026602258102;17,860237617844838;12514014,838493226
750,0;0,05;объём зерна;2,983751599885749;17,120844635550945;18,02748726353025;10324650,933549501
750,0;0,05;объём зерна;5,284521704418569;17,250188790239246;18,16217990160571;8545975,7695113
750,0;0,05;объём зерна;9,35473102664426;17,35712664736489;18,273522914269684;7065066,813579
750,0;0,05;объём зерна;10,0;17,36817437267263;18,285024868155748;6911535,985455356
750,0;0,05;объём зерна;16,581362393978715;17,444984182377056;18,364988234409203;5841300,294162518
750,0;0,05;объём зерна;29,380620813408882;17,517904895438907;18,440895569674062;4820690,031825179
750,0;0,05;объём зерна;51,98792633297413;17,576922630001246;18,502325322949027;3991390,9360725083
750,0;0,05;объём зерна;92,09966070283288;17,62603112481285;18,553437321623843;3299085,164935894
750,0;0,05;объём зерна;100,0;17,632209379674897;18,55986740676548;3211842,194495772
750,0;0,05;объём зерна;163,05522526023793;17,66635993601103;18,595409049725397;2729015,9944191035
750,0;0,05;объём зерна;200,0;17,678870134314966;18,60842844963279;2551895,4643715625
750,0;0,05;объём зерна;288,8931892073943;17,699741832374357;18,630149223625555;2256093,8453512467
750,0;0,05;объём зерна;511,1813347217488;17,72698158410845;18,658496237274186;1869479,686315148
750,0;0,05;объём зерна;905,2250744637934;17,74966741897513;18,6821034702287;1547012,4221023987
750,0;0,05;объём зерна;1000,0;17,753281827300658;18,68586461662472;1495594,560614736
750,0;0,05;объём зерна;1602,9835065991638;17,768459729280274;18,7016585228519;1279553,702454709
750,0;0,05;объём зерна;2838,4619571552184;17,78358611237223;18,71739851461823;1064048,2411732571
750,0;0,05;объём зерна;5029,300573921674;17,796443862198952;18,730777605844732;880708,3996947657
750,0;0,05;объём зерна;8906,381191016968;17,80697697115776;18,74173763557801;730409,1563320357
750,0;0,05;объём зерна;10000,0;17,808866923288;18,74370417435344;703430,8404639888
750,0;0,05;объём зерна;15770,182098018751;17,81568739453534;18,75080099249211;606045,5638911917
750,0;0,05;объём зерна;27934,48250610938;17,82248592197681;18,757874916192698;508933,4414690257
750,0;0,05;объём зерна;49473,627066346555;17,813937417828896;18,748980117399434;631036,2438160862
750,0;0,05;объём зерна;87600,0;17,834365600015825;18,770235671414625;339144,3558505554
750,0;0,075;объём зерна;0,001;0,011831355224964559;0,01259558242161428;167379354,7972828
750,0;0,075;объём зерна;0,0017655983147728664;0,04302588798937193;0,04580415237812036;167186178,57260737
750,0;0,075;объём зерна;0,00315940048791975;0,14961394113743878;0,15926383503740255;166524392,121649
750,0;0,075;объём зерна;0,005533368242988687;0,5512685502277099;0,5866724031678578;164006351,09939313
750,0;0,075;объём зерна;0,009794031883323354;2,2613339353175723;2,403907769596386;152838113,63566205
750,0;0,075;объём зерна;0,010000000000000002;2,3760782109985876;2,5256995576509267;152061636,9801846
750,0;0,075;объём зерна;0,017403235306231217;7,34237591818906;7,779802693864893;114698005,08564892
750,0;0,075;объём зерна;0,030916798755486658;13,471430818303068;14,217970236354482;55490654,036551565
750,0;0,075;объём зерна;0,054720988644343584;15,094229234258755;15,914158740401177;36526182,25086646
750,0;0,075;объём зерна;0,09666809932428372;15,241442877082614;16,06785580286391;34722070,45081402
750,0;0,075;объём зерна;0,10000000000000002;15,251537452078157;16,078393891336383;34597823,61439563
750,0;0,075;объём зерна;0,17135453800426625;15,48370723240737;16,320726685572083;31720961,54562206
750,0;0,075;объём зерна;0,30329835405328714;15,797388616307787;16,648024888711767;27774475,73676605
750,0;0,075;объём зерна;0,5377516070208609;16,12544782956571;16,990184612935355;23571846,942612644
750,0;0,075;объём зерна;0,9519446123129044;16,4226612091545;17,300048799388403;19695994,284876984
750,0;0,075;объём зерна;1,0;16,445999826798474;17,32437583322085;19388835,12527587
750,0;0,075;объём зерна;1,6846780078625148;16,67731416676268;17,56544734824844;16322009,388191216
750,0;0,075;объём зерна;2,9841629751896392;16,885215287611118;17,782057225813926;13530203,92319948
750,0;0,075;объём зерна;5,288496656828471;17,057556197413774;17,96157368615762;11190014,406833526
750,0;0,075;объём зерна;9,361445192214296;17,198606570588197;18,108467385010904;9256943,39448838
750,0;0,075;объём зерна;10,0;17,21300636259828;18,123462231040822;9058687,218677593
750,0;0,075;объём зерна;16,559939442960097;17,315367892511496;18,230045776385925;7644477,5640602335
750,0;0,075;объём зерна;29,351641219836317;17,410319797302787;18,32890161603522;6324907,7705532815
750,0;0,075;объём зерна;51,95996005034966;17,488644076887375;18,410437161847288;5230765,348481025
750,0;0,075;объём зерна;92,02628022984935;17,553216843493306;18,477651252014084;4324850,950604699
750,0;0,075;объём зерна;100,0;17,561588109621297;18,48636453547419;4207149,928579659
750,0;0,075;объём зерна;162,98097438726217;17,60672410224442;18,533343003300462;3571509,7715157857
750,0;0,075;объём зерна;200,0;17,623333132617375;18,550629341332563;3337173,2455572723
750,0;0,075;объём зерна;288,5389298527423;17,65033443605497;18,578730961142796;2955711,080296327
750,0;0,075;объём зерна;511,02421987732055;17,68644481952944;18,616311345527688;2444587,2922136346
750,0;0,075;объём зерна;905,9353774663699;17,716326517731712;18,64740817320012;2020783,0684956992
750,0;0,075;объём зерна;1000,0;17,720886661921078;18,6521536497655;1956040,3479218294
750,0;0,075;объём зерна;1604,3294464611758;17,733877972959213;18,665672799253752;1771497,9953186933
750,0;0,075;объём зерна;2840,37582035772;17,760290300464984;18,693157570924736;1395861,3007160109
750,0;0,075;объём зерна;5025,233662623023;17,776735101674838;18,71026962720537;1161679,0347949641
750,0;0,075;объём зерна;8909,663743490102;17,791299534855913;18,725424718544474;954079,0089464318
750,0;0,075;объём зерна;10000,0;17,793169424959466;18,7273704213066;927412,4821268308
750,0;0,075;объём зерна;15780,178943335906;17,790258139304264;18,724341098729074;968929,0515351446
750,0;0,075;объём зерна;27929,207335196475;17,81221105988849;18,74718381397301;655687,0309013384
750,0;0,075;объём зерна;49466,68513517499;17,82041084839275;18,75571579158059;538578,6436636812
750,0;0,075;объём зерна;87600,0;17,826982103987987;18,762553196796173;444686,6387356523
750,0;0,1;объём зерна;0,001;4,0856642512668374e-13;4,3496043501627176e-13;167452562,35358623
750,0;0,1;объём зерна;0,0017805871245127644;1,6891383896417355e-12;1,7982592880299526e-12;167452562,3535777
750,0;0,1;объём зерна;0,003149673262632022;5,4731159460882585e-12;5,826687525943641e-12;167452562,35351396
750,0;0,1;объём зерна;0,00553013734777497;1,7550880760555118e-11;1,8684694240753227e-11;167452562,35345733
750,0;0,1;объём зерна;0,009819299561677942;7,24131543503777e-11;7,70911538004452e-11;167452562,3531204
750,0;0,1;объём зерна;0,010000000000000002;7,615120500698437e-11;8,10706881912268e-11;167452562,353111
750,0;0,1;объём зерна;0,01737054989441207;4,011879771081532e-10;4,2710532808002484e-10;167452562,3510994
750,0;0,1;объём зерна;0,030813031063263364;2,4406239724410355e-09;2,598291977695571e-09;167452562,3384362
750,0;0,1;объём зерна;0,05467550444965715;1,4052449738856957e-08;1,496025927609399e-08;167452562,2666053
750,0;0,1;объём зерна;0,09679999571699018;7,372902777382388e-08;7,849203463637056e-08;167452561,89748418
750,0;0,1;объём зерна;0,10000000000000002;8,084602446751396e-08;8,606880009532337e-08;167452561,8534489
750,0;0,1;объём зерна;0,17146557652344882;3,628999887065666e-07;3,863438775451491e-07;167452560,1085997
750,0;0,1;объём зерна;0,3032723877795355;1,672675029164723e-06;1,7807323676060385e-06;167452552,00604394
750,0;0,1;объём зерна;0,5378421932922645;7,280448195497593e-06;7,750776139647937e-06;167452517,3151968
750,0;0,1;объём зерна;0,9512341326232631;3,119836490209315e-05;3,321382585929311e-05;167452369,3540908
750,0;0,1;объём зерна;1,0;3,549217176836842e-05;3,778501895571141e-05;167452342,79168084
750,0;0,1;объём зерна;1,686510425615494;0,00013748714896988276;0,00014636901403499176;167451711,8279805
750,0;0,1;объём зерна;2,9856432638307187;0,09385038056147921;0,09990720004383818;166870951,85274345
750,0;0,1;объём зерна;5,301643013341836;17,243680588708187;18,15540311266104;8635799,62267458
750,0;0,1;объём зерна;9,31380224373119;17,253772167005252;18,165911136935176;8496504,466838447
750,0;0,1;объём зерна;10,0;17,257942404424316;18,170253426659574;8438917,832453344
750,0;0,1;объём зерна;16,59125051486734;17,302560083898758;18,216710458431013;7821899,668459964
750,0;0,1;объём зерна;29,403785691521865;17,37127863533105;18,28825673373397;6868377,660894312
750,0;0,1;объём зерна;52,00682251572412;17,444404880628245;18,364385177816697;5849390,45459333
750,0;0,1;объём зерна;92,1066000944768;17,51076321810099;18,4334617021955;4920843,3992835395
750,0;0,1;объём зерна;100,0;17,519287882785715;18,442335131865136;4801290,347642237
750,0;0,1;объём зерна;163,14910250862118;17,567625827948362;18,492648873616847;4122222,084382046
750,0;0,1;объём зерна;200,0;17,58541182371529;18,51116108379765;3871861,07130988
750,0;0,1;объём зерна;288,49960148969603;17,615343718684894;18,542314169018002;3449925,0300362967
750,0;0,1;объём зерна;510,99119834322994;17,655616467203743;18,584228124298676;2881016,236303346
750,0;0,1;объём зерна;905,9802188442525;17,689847666395693;18,619852627938013;2396364,241783055
750,0;0,1;объём зерна;1000,0;17,69474619459319;18,624950412365692;2326927,8970735343
750,0;0,1;объём зерна;1603,1047296879128;17,718127537478537;18,649282392897774;1995215,196564268
750,0;0,1;объём зерна;2838,562614636791;17,741882506956664;18,67400244667951;1657720,8105176357
750,0;0,1;объём зерна;5029,244059155666;17,761895363934958;18,694827776383725;1373014,6690257406
750,0;0,1;объём зерна;8907,249787307612;17,77808111940038;18,711670244279613;1142500,7208352229
750,0;0,1;объём зерна;10000,0;17,781083912470965;18,714794832822385;1099710,7152445659
750,0;0,1;объём зерна;15771,763501093994;17,791532860036114;18,725667503893867;950751,720661812
750,0;0,1;объём зерна;27936,737503828062;17,802150489981436;18,736715549068673;799291,2081546234
750,0;0,1;объём зерна;49464,66305006649;17,81129668591675;18,74623239142606;668742,3943000357
750,0;0,1;объём зерна;87600,0;17,820481365190304;18,755789164760827;537571,2783752687
750,0;0,15;объём зерна;0,001;0,0;0,0;167452562,3535493
750,0;0,15;объём зерна;0,001769908906321979;0,0;0,0;167452562,35353455
750,0;0,15;объём зерна;0,0031355141082460083;0,0;0,0;167452562,35354236
750,0;0,15;объём зерна;0,005554586920350339;0,0;0,0;167452562,35352495
750,0;0,15;объём зерна;0,009835356723973405;0,0;0,0;167452562,35361436
750,0;0,15;объём зерна;0,010000000000000002;0,0;0,0;167452562,35359263
750,0;0,15;объём зерна;0,01741420532255206;0,0;0,0;167452562,35354358
750,0;0,15;объём зерна;0,03084270003851134;0,0;0,0;167452562,35359132
750,0;0,15;объём зерна;0,054614930997190225;0,0;0,0;167452562,35356408
750,0;0,15;объём зерна;0,09671041261606801;0,0;0,0;167452562,35357827
750,0;0,15;объём зерна;0,10000000000000002;0,0;0,0;167452562,35356572
750,0;0,15;объём зерна;0,17127951419477566;0,0;0,0;167452562,35355735
750,0;0,15;объём зерна;0,3035281041009391;0,0;0,0;167452562,35357288
750,0;0,15;объём зерна;0,5373684155160052;0,0;0,0;167452562,35357353
750,0;0,15;объём зерна;0,9511271808247345;0,0;0,0;167452562,3535996
750,0;0,15;объём зерна;1,0;0,0;0,0;167452562,3535761
750,0;0,15;объём зерна;1,6852501600765406;0,0;0,0;167452562,3536222
750,0;0,15;объём зерна;2,9833301265324974;0,0;0,0;167452562,35357663
750,0;0,15;объём зерна;5,2830095737983225;0,0;0,0;167452562,3535568
750,0;0,15;объём зерна;9,35969844997168;0,0;0,0;167452562,3536007
750,0;0,15;объём зерна;10,0;0,0;0,0;167452562,35355824
750,0;0,15;объём зерна;16,570959545682157;0,0;0,0;167452562,35359928
750,0;0,15;объём зерна;29,350528588955715;0,0;0,0;167452562,35359427
750,0;0,15;объём зерна;51,97073204951477;0,0;0,0;167452562,3536131
750,0;0,15;объём зерна;92,06645694618066;0,0;0,0;167452562,3535775
750,0;0,15;объём зерна;100,0;0,0;0,0;167452562,3535742
750,0;0,15;объём зерна;163,07792971802743;0,0;0,0;167452562,35361275
750,0;0,15;объём зерна;200,0;0,0;0,0;167452562,35354608
750,0;0,15;объём зерна;288,7106794656684;0,0;0,0;167452562,353607
750,0;0,15;объём зерна;511,2587749415865;0,0;0,0;167452562,35356465
750,0;0,15;объём зерна;905,6521559651597;0,0;0,0;167452562,353575
750,0;0,15;объём зерна;1000,0;0,0;0,0;167452562,35354123
750,0;0,15;объём зерна;1603,2837532047117;0,0;0,0;167452562,3535138
750,0;0,15;объём зерна;2839,0358009060474;0,0;0,0;167452562,35351992
750,0;0,15;объём зерна;5028,633571792196;0,0;0,0;167452562,3535749
750,0;0,15;объём зерна;8908,86767615496;0,0;0,0;167452562,35355356
750,0;0,15;объём зерна;10000,0;0,0;0,0;167452562,35355777
750,0;0,15;объём зерна;15765,470162594047;0,0;0,0;167452562,35354358
750,0;0,15;объём зерна;27940,049585849076;0,0;0,0;167452562,35357407
750,0;0,15;объём зерна;49468,135641063185;0,0;0,0;167452562,3535854
750,0;0,15;объём зерна;87600,0;0,0;0,0;167452562,35362673
750,0;0,25;объём зерна;0,001;0,0;0,0;167452562,35356626
750,0;0,25;объём зерна;0,001769908906321979;0,0;0,0;167452562,35361177
750,0;0,25;объём зерна;0,0031355141082460083;0,0;0,0;167452562,35357544
750,0;0,25;объём зерна;0,005554586920350339;0,0;0,0;167452562,35358864
750,0;0,25;объём зерна;0,009835356723973405;0,0;0,0;167452562,35356766
750,0;0,25;объём зерна;0,010000000000000002;0,0;0,0;167452562,35354778
750,0;0,25;объём зерна;0,01741420532255206;0,0;0,0;167452562,3536088
750,0;0,25;объём зерна;0,03084270003851134;0,0;0,0;167452562,35357407
750,0;0,25;объём зерна;0,054614930997190225;0,0;0,0;167452562,35359618
750,0;0,25;объём зерна;0,09671041261606801;0,0;0,0;167452562,35354984
750,0;0,25;объём зерна;0,10000000000000002;0,0;0,0;167452562,35359827
750,0;0,25;объём зерна;0,17127951419477566;0,0;0,0;167452562,35358486
750,0;0,25;объём зерна;0,3035281041009391;0,0;0,0;167452562,35357296
750,0;0,25;объём зерна;0,5373684155160052;0,0;0,0;167452562,35357708
750,0;0,25;объём зерна;0,9511271808247345;0,0;0,0;167452562,35354072
750,0;0,25;объём зерна;1,0;0,0;0,0;167452562,35354835
750,0;0,25;объём зерна;1,6852501600765406;0,0;0,0;167452562,35355735
750,0;0,25;объём зерна;2,9833301265324974;0,0;0,0;167452562,35354462
750,0;0,25;объём зерна;5,2830095737983225;0,0;0,0;167452562,35356355
750,0;0,25;объём зерна;9,35969844997168;0,0;0,0;167452562,3535352
750,0;0,25;объём зерна;10,0;0,0;0,0;167452562,35357693
750,0;0,25;объём зерна;16,570959545682157;0,0;0,0;167452562,3535913
750,0;0,25;объём зерна;29,350528588955715;0,0;0,0;167452562,3535629
750,0;0,25;объём зерна;51,97073204951477;0,0;0,0;167452562,3535959
750,0;0,25;объём зерна;92,06645694618066;0,0;0,0;167452562,35358515
750,0;0,25;объём зерна;100,0;0,0;0,0;167452562,35356355
750,0;0,25;объём зерна;163,07792971802743;0,0;0,0;167452562,35356227
750,0;0,25;объём зерна;200,0;0,0;0,0;167452562,35358855
750,0;0,25;объём зерна;288,7106794656684;0,0;0,0;167452562,35359725
750,0;0,25;объём зерна;511,2587749415865;0,0;0,0;167452562,35358703
750,0;0,25;объём зерна;905,6521559651597;0,0;0,0;167452562,353563
750,0;0,25;объём зерна;1000,0;0,0;0,0;167452562,35355234
750,0;0,25;объём зерна;1603,2837532047117;0,0;0,0;167452562,35360426
750,0;0,25;объём зерна;2839,0358009060474;0,0;0,0;167452562,3535894
750,0;0,25;объём зерна;5028,633571792196;0,0;0,0;167452562,35356778
750,0;0,25;объём зерна;8908,86767615496;0,0;0,0;167452562,35357407
750,0;0,25;объём зерна;10000,0;0,0;0,0;167452562,35357544
750,0;0,25;объём зерна;15765,470162594047;0,0;0,0;167452562,35360047
750,0;0,25;объём зерна;27940,049585849076;0,0;0,0;167452562,35354033
750,0;0,25;объём зерна;49468,135641063185;0,0;0,0;167452562,3535623
750,0;0,25;объём зерна;87600,0;0,0;0,0;167452562,3535295
750,0;0,5;объём зерна;0,001;0,0;0,0;167452562,35358885
750,0;0,5;объём зерна;0,001769908906321979;0,0;0,0;167452562,35355735
750,0;0,5;объём зерна;0,0031355141082460083;0,0;0,0;167452562,3536182
750,0;0,5;объём зерна;0,005554586920350339;0,0;0,0;167452562,35355273
750,0;0,5;объём зерна;0,009835356723973405;0,0;0,0;167452562,35356805
750,0;0,5;объём зерна;0,010000000000000002;0,0;0,0;167452562,35358524
750,0;0,5;объём зерна;0,01741420532255206;0,0;0,0;167452562,3535728
750,0;0,5;объём зерна;0,03084270003851134;0,0;0,0;167452562,35358456
750,0;0,5;объём зерна;0,054614930997190225;0,0;0,0;167452562,3535694
750,0;0,5;объём зерна;0,09671041261606801;0,0;0,0;167452562,35359484
750,0;0,5;объём зерна;0,10000000000000002;0,0;0,0;167452562,353582
750,0;0,5;объём зерна;0,17127951419477566;0,0;0,0;167452562,35358727
750,0;0,5;объём зерна;0,3035281041009391;0,0;0,0;167452562,35357204
750,0;0,5;объём зерна;0,5373684155160052;0,0;0,0;167452562,3535656
750,0;0,5;объём зерна;0,9511271808247345;0,0;0,0;167452562,35359782
750,0;0,5;объём зерна;1,0;0,0;0,0;167452562,3535579
750,0;0,5;объём зерна;1,6852501600765406;0,0;0,0;167452562,3535477
750,0;0,5;объём зерна;2,9833301265324974;0,0;0,0;167452562,3536413
750,0;0,5;объём зерна;5,2830095737983225;0,0;0,0;167452562,35353395
750,0;0,5;объём зерна;9,35969844997168;0,0;0,0;167452562,3535318
750,0;0,5;объём зерна;10,0;0,0;0,0;167452562,3536097
750,0;0,5;объём зерна;16,570959545682157;0,0;0,0;167452562,3535171
750,0;0,5;объём зерна;29,350528588955715;0,0;0,0;167452562,3535998
750,0;0,5;объём зерна;51,97073204951477;0,0;0,0;167452562,35358104
750,0;0,5;объём зерна;92,06645694618066;0,0;0,0;167452562,35357854
750,0;0,5;объём зерна;100,0;0,0;0,0;167452562,35355943
750,0;0,5;объём зерна;163,07792971802743;0,0;0,0;167452562,35359633
750,0;0,5;объём зерна;200,0;0,0;0,0;167452562,35354507
750,0;0,5;объём зерна;288,7106794656684;0,0;0,0;167452562,3535843
750,0;0,5;объём зерна;511,2587749415865;0,0;0,0;167452562,35356188
750,0;0,5;объём зерна;905,6521559651597;0,0;0,0;167452562,3535772
750,0;0,5;объём зерна;1000,0;0,0;0,0;167452562,35355806
750,0;0,5;объём зерна;1603,2837532047117;0,0;0,0;167452562,35356766
750,0;0,5;объём зерна;2839,0358009060474;0,0;0,0;167452562,35359138
750,0;0,5;объём зерна;5028,633571792196;0,0;0,0;167452562,3536269
750,0;0,5;объём зерна;8908,86767615496;0,0;0,0;167452562,35355368
750,0;0,5;объём зерна;10000,0;0,0;0,0;167452562,35359412
750,0;0,5;объём зерна;15765,470162594047;0,0;0,0;167452562,3535642
750,0;0,5;объём зерна;27940,049585849076;0,0;0,0;167452562,35362917
750,0;0,5;объём зерна;49468,135641063185;0,0;0,0;167452562,35361958
750,0;0,5;объём зерна;87600,0;0,0;0,0;167452562,35357243
