T, °C;межфазная энергия, Дж/м²;места зарождения;t, ч;CR в сплаве, масс. %;CR в матрице, масс. %;CR, сдвиг от сплава, масс. %;CR равновесно в двухфазной задаче, масс. %;CR равновесно по 12-2, масс. %;MO в сплаве, масс. %;MO в матрице, масс. %;MO, сдвиг от сплава, масс. %;MO равновесно в двухфазной задаче, масс. %;MO равновесно по 12-2, масс. %
580,0;0,05;объём зерна;0,001;23,5;23,500000000000004;3,552713678800501e-15;20,761449067486133;21,06548326690337;13,0;12,999999999999998;-1,7763568394002505e-15;4,64137373752967;4,744683999142969
580,0;0,05;объём зерна;0,001769908906321979;23,5;23,500000000000004;3,552713678800501e-15;20,76144906740258;21,06548326690337;13,0;12,999999999999998;-1,7763568394002505e-15;4,64137373734964;4,744683999142969
580,0;0,05;объём зерна;0,00314621515343438;23,5;23,500000000000004;3,552713678800501e-15;20,761449067464714;21,06548326690337;13,0;12,999999999999998;-1,7763568394002505e-15;4,641373737567652;4,744683999142969
580,0;0,05;объём зерна;0,0055181635654012115;23,5;23,499999999999606;-3,943512183468556e-13;20,761449067336166;21,06548326690337;13,0;12,99999999999879;-1,2096990076315706e-12;4,641373737144013;4,744683999142969
580,0;0,05;объём зерна;0,010000000000000002;23,5;23,499999704445383;-2,955546172245249e-07;20,76144906743745;21,06548326690337;13,0;12,999999097905897;-9,020941025283946e-07;4,641373737220652;4,744683999142969
580,0;0,05;объём зерна;0,018225078629878277;23,5;23,49919811797203;-0,000801882027971601;20,761449067686378;21,06548326690337;13,0;12,997552489493991;-0,0024475105060091096;4,641373737975459;4,744683999142969
580,0;0,05;объём зерна;0,030932694084161712;23,5;23,41377362031194;-0,08622637968806046;20,76144906757515;21,06548326690337;13,0;12,73681917935874;-0,26318082064126;4,64137373787039;4,744683999142969
580,0;0,05;объём зерна;0,054689811824753014;23,5;22,724734662608743;-0,7752653373912572;20,76144906735298;21,06548326690337;13,0;10,633729162161218;-2,3662708378387816;4,641373736881918;4,744683999142969
580,0;0,05;объём зерна;0,09662204556622654;23,5;22,137757206304194;-1,3622427936958061;20,761449067430764;21,06548326690337;13,0;8,842152046103074;-4,157847953896926;4,641373737577949;4,744683999142969
580,0;0,05;объём зерна;0,10000000000000002;23,5;22,115804065643687;-1,3841959343563133;20,76144906758985;21,06548326690337;13,0;8,775146500996813;-4,224853499003187;4,641373737902867;4,744683999142969
580,0;0,05;объём зерна;0,17162194446917792;23,5;21,8953374630054;-1,6046625369945993;20,761449067382745;21,06548326690337;13,0;8,102236637228582;-4,897763362771418;4,641373737490464;4,744683999142969
580,0;0,05;объём зерна;0,3031641164458512;23,5;21,791135798921943;-1,7088642010780575;20,7614490675285;21,06548326690337;13,0;7,784191515002903;-5,215808484997097;4,641373737852861;4,744683999142969
580,0;0,05;объём зерна;0,5376176503969462;23,5;21,64545837637341;-1,8545416236265915;20,761449067524843;21,06548326690337;13,0;7,339553763190935;-5,660446236809065;4,6413737378265605;4,744683999142969
580,0;0,05;объём зерна;0,9521209954413621;23,5;21,562653366909476;-1,9373466330905238;20,76144906748686;21,06548326690337;13,0;7,086815675074518;-5,913184324925482;4,641373737724944;4,744683999142969
580,0;0,05;объём зерна;1,0;23,5;21,557676847495415;-1,942323152504585;20,761449067465165;21,06548326690337;13,0;7,071626304160658;-5,928373695839342;4,64137373754156;4,744683999142969
580,0;0,05;объём зерна;1,686606222676785;23,5;21,51882150843735;-1,9811784915626482;20,761449067610897;21,06548326690337;13,0;6,953031738878694;-6,046968261121306;4,641373737589952;4,744683999142969
580,0;0,05;объём зерна;2,985544460989721;23,5;21,459135288834947;-2,040864711165053;20,76144906733728;21,06548326690337;13,0;6,770856999333771;-6,229143000666229;4,6413737372841695;4,744683999142969
580,0;0,05;объём зерна;5,284577627573494;23,5;21,31282202386493;-2,1871779761350716;20,76144906737676;21,06548326690337;13,0;6,324278524388711;-6,675721475611289;4,641373736844496;4,744683999142969
580,0;0,05;объём зерна;9,364907494834162;23,5;21,218790248755244;-2,281209751244756;20,76144906758566;21,06548326690337;13,0;6,037274015640558;-6,962725984359442;4,641373737260861;4,744683999142969
580,0;0,05;объём зерна;10,0;23,5;21,207314103831163;-2,2926858961688374;20,76144906742641;21,06548326690337;13,0;6,002246437673961;-6,997753562326039;4,641373737759381;4,744683999142969
580,0;0,05;объём зерна;16,57937513646501;23,5;21,12418905703718;-2,3758109429628185;20,761449067689355;21,06548326690337;13,0;5,748531529263306;-7,251468470736694;4,641373738235535;4,744683999142969
580,0;0,05;объём зерна;29,3799105895161;23,5;21,05036812506428;-2,4496318749357187;20,76144906769768;21,06548326690337;13,0;5,523214711669177;-7,476785288330823;4,641373738383224;4,744683999142969
580,0;0,05;объём зерна;52,01059247599599;23,5;20,99503758541062;-2,5049624145893787;20,761449067356722;21,06548326690337;13,0;5,3543344120744445;-7,6456655879255555;4,641373737327837;4,744683999142969
580,0;0,05;объём зерна;92,03766501327858;23,5;20,951413602211222;-2,548586397788778;20,761449067453565;21,06548326690337;13,0;5,22118495436946;-7,77881504563054;4,641373737885695;4,744683999142969
580,0;0,05;объём зерна;100,0;23,5;20,94586998412716;-2,5541300158728397;20,761449067369497;21,06548326690337;13,0;5,204264680542978;-7,795735319457022;4,641373737230333;4,744683999142969
580,0;0,05;объём зерна;163,0789505806146;23,5;20,916660618443398;-2,583339381556602;20,761449067543893;21,06548326690337;13,0;5,115111629506281;-7,884888370493719;4,641373737470767;4,744683999142969
580,0;0,05;объём зерна;200,0;23,5;20,9058934727278;-2,5941065272721993;20,761449067550036;21,06548326690337;13,0;5,082248064295976;-7,917751935704024;4,641373737840898;4,744683999142969
580,0;0,05;объём зерна;288,5544852652698;23,5;20,888415573555964;-2,611584426444036;20,761449067469368;21,06548326690337;13,0;5,0289018857762695;-7,9710981142237305;4,64137373746345;4,744683999142969
580,0;0,05;объём зерна;510,969581013836;23,5;20,865846863227027;-2,634153136772973;20,761449067462188;21,06548326690337;13,0;4,960017494260504;-8,039982505739495;4,641373737708082;4,744683999142969
580,0;0,05;объём зерна;905,6789773981349;23,5;20,8472653369635;-2,652734663036501;20,761449067640665;21,06548326690337;13,0;4,903302816501539;-8,09669718349846;4,641373737391573;4,744683999142969
580,0;0,05;объём зерна;1000,0;23,5;20,844437010260602;-2,6555629897393978;20,761449067513585;21,06548326690337;13,0;4,894670176036152;-8,105329823963848;4,641373737661291;4,744683999142969
580,0;0,05;объём зерна;1602,6744131502135;23,5;20,83215386524047;-2,667846134759529;20,761449067696052;21,06548326690337;13,0;4,8571794659763485;-8,142820534023652;4,64137373762754;4,744683999142969
580,0;0,05;объём зерна;2842,4852291934176;23,5;20,81957118247517;-2,680428817524831;20,761449067414123;21,06548326690337;13,0;4,818774504709573;-8,181225495290427;4,6413737374787045;4,744683999142969
580,0;0,05;объём зерна;5032,084494283861;23,5;20,809453376578997;-2,690546623421003;20,761449067513198;21,06548326690337;13,0;4,787892859617702;-8,212107140382297;4,641373737456895;4,744683999142969
580,0;0,05;объём зерна;8909,554843201671;23,5;20,80104428773357;-2,6989557122664287;20,761449067570464;21,06548326690337;13,0;4,762226573833389;-8,237773426166612;4,641373737568561;4,744683999142969
580,0;0,05;объём зерна;10000,0;23,5;20,799550041683343;-2,700449958316657;20,7614490674522;21,06548326690337;13,0;4,757665824439479;-8,242334175560522;4,6413737374962;4,744683999142969
580,0;0,05;объём зерна;15775,737388682537;23,5;20,794145874950683;-2,705854125049317;20,76144906743811;21,06548326690337;13,0;4,741171185134519;-8,258828814865481;4,641373737421155;4,744683999142969
580,0;0,05;объём зерна;27935,32313204134;23,5;20,788774136130602;-2,711225863869398;20,76144906709709;21,06548326690337;13,0;4,724775522525212;-8,275224477474788;4,641373736814017;4,744683999142969
580,0;0,05;объём зерна;49470,80189355105;23,5;20,784825468378344;-2,7151745316216562;20,761449067477713;21,06548326690337;13,0;4,712723368372427;-8,287276631627574;4,641373737538889;4,744683999142969
580,0;0,05;объём зерна;87600,0;23,5;20,779965874273586;-2,7200341257264142;20,76144906751157;21,06548326690337;13,0;4,697890877824794;-8,302109122175207;4,641373737989972;4,744683999142969
580,0;0,075;объём зерна;0,001;23,5;23,500000000000004;3,552713678800501e-15;20,761449067533135;21,06548326690337;13,0;12,999999999999998;-1,7763568394002505e-15;4,64137373771778;4,744683999142969
580,0;0,075;объём зерна;0,001769908906321979;23,5;23,500000000000004;3,552713678800501e-15;20,761449067521614;21,06548326690337;13,0;12,999999999999998;-1,7763568394002505e-15;4,641373737756607;4,744683999142969
580,0;0,075;объём зерна;0,0031355141082460083;23,5;23,500000000000004;3,552713678800501e-15;20,761449067452244;21,06548326690337;13,0;12,999999999999998;-1,7763568394002505e-15;4,641373737755321;4,744683999142969
580,0;0,075;объём зерна;0,005583153744469845;23,5;23,500000000000004;3,552713678800501e-15;20,761449067453228;21,06548326690337;13,0;12,999999999999998;-1,7763568394002505e-15;4,641373737385018;4,744683999142969
580,0;0,075;объём зерна;0,009695613110880866;23,5;23,499999999998604;-1,3962164757685969e-12;20,761449067575214;21,06548326690337;13,0;12,99999999999572;-4,279243626115203e-12;4,64137373794012;4,744683999142969
580,0;0,075;объём зерна;0,010000000000000002;23,5;23,49999999999661;-3,389288849575678e-12;20,761449067414592;21,06548326690337;13,0;12,999999999989637;-1,0363265801061061e-11;4,641373737703965;4,744683999142969
580,0;0,075;объём зерна;0,016915879170595685;23,5;23,499999910392283;-8,960771680222024e-08;20,761449067545303;21,06548326690337;13,0;12,999999726498627;-2,735013726606894e-07;4,6413737377442805;4,744683999142969
580,0;0,075;объём зерна;0,02954201647963165;23,5;23,49991801581469;-8,198418531080165e-05;20,761449067293366;21,06548326690337;13,0;12,99974976723773;-0,0002502327622693201;4,64137373760512;4,744683999142969
580,0;0,075;объём зерна;0,05578890415939769;23,5;23,486993119325085;-0,013006880674915067;20,761449067365174;21,06548326690337;13,0;12,960300298558396;-0,03969970144160406;4,641373737347004;4,744683999142969
580,0;0,075;объём зерна;0,09706033612666894;23,5;23,336674606725893;-0,163325393274107;20,761449067367113;21,06548326690337;13,0;12,501496975880551;-0,498503024119449;4,641373736997861;4,744683999142969
580,0;0,075;объём зерна;0,10000000000000002;23,5;23,320988553215955;-0,17901144678404535;20,761449067354516;21,06548326690337;13,0;12,453619882459202;-0,5463801175407976;4,641373737513371;4,744683999142969
580,0;0,075;объём зерна;0,17124233158355032;23,5;22,97283334673613;-0,527166653263869;20,761449067363653;21,06548326690337;13,0;11,390977877974711;-1,609022122025289;4,641373737331278;4,744683999142969
580,0;0,075;объём зерна;0,3033218131235211;23,5;22,648323184649065;-0,8516768153509346;20,761449067775942;21,06548326690337;13,0;10,40050546020338;-2,59949453979662;4,641373738118729;4,744683999142969
580,0;0,075;объём зерна;0,5379540348538125;23,5;22,426000048829398;-1,0739999511706024;20,761449067368098;21,06548326690337;13,0;9,721929071567846;-3,278070928432154;4,641373737214786;4,744683999142969
580,0;0,075;объём зерна;0,9512718479755703;23,5;22,313156183309747;-1,1868438166902529;20,76144906744954;21,06548326690337;13,0;9,377506155532032;-3,622493844467968;4,6413737378463225;4,744683999142969
580,0;0,075;объём зерна;1,0;23,5;22,301225724859638;-1,1987742751403623;20,76144906746731;21,06548326690337;13,0;9,34109191828239;-3,6589080817176107;4,6413737369621515;4,744683999142969
580,0;0,075;объём зерна;1,6846722947772186;23,5;22,047205095905834;-1,4527949040941657;20,761449067861037;21,06548326690337;13,0;8,565768196846957;-4,434231803153043;4,641373738294639;4,744683999142969
580,0;0,075;объём зерна;2,987044064975857;23,5;21,720946452146737;-1,7790535478532625;20,761449067496816;21,06548326690337;13,0;7,569959049872697;-5,430040950127303;4,641373737505772;4,744683999142969
580,0;0,075;объём зерна;5,284253830705865;23,5;21,509026350786833;-1,990973649213167;20,76144906743122;21,06548326690337;13,0;6,9231348832213895;-6,0768651167786105;4,641373737324648;4,744683999142969
580,0;0,075;объём зерна;9,359797707028486;23,5;21,350116118703678;-2,149883881296322;20,76144906773705;21,06548326690337;13,0;6,438107848059903;-6,561892151940097;4,641373738386098;4,744683999142969
580,0;0,075;объём зерна;10,0;23,5;21,334706655207487;-2,165293344792513;20,761449067431563;21,06548326690337;13,0;6,391074964774382;-6,608925035225618;4,641373737548304;4,744683999142969
580,0;0,075;объём зерна;16,59013708445057;23,5;21,230796009539922;-2,2692039904600776;20,761449067494087;21,06548326690337;13,0;6,073918091278593;-6,926081908721407;4,641373737839339;4,744683999142969
580,0;0,075;объём зерна;29,342500541694754;23,5;21,140653168589807;-2,3593468314101926;20,76144906756988;21,06548326690337;13,0;5,798783417379681;-7,201216582620319;4,641373737594048;4,744683999142969
580,0;0,075;объём зерна;52,010376833600446;23,5;21,069208830309833;-2,430791169690167;20,76144906761466;21,06548326690337;13,0;5,580720457446657;-7,419279542553343;4,641373737669273;4,744683999142969
580,0;0,075;объём зерна;92,0343690244192;23,5;21,0123435280126;-2,4876564719873997;20,761449067551684;21,06548326690337;13,0;5,407155743484935;-7,592844256515065;4,641373737873001;4,744683999142969
580,0;0,075;объём зерна;100,0;23,5;21,005106833628144;-2,494893166371856;20,761449067641603;21,06548326690337;13,0;5,385067849119793;-7,614932150880207;4,641373737907531;4,744683999142969
580,0;0,075;объём зерна;163,15815319750575;23,5;20,96603557268986;-2,5339644273101385;20,7614490672648;21,06548326690337;13,0;5,265814245398166;-7,734185754601834;4,641373736805519;4,744683999142969
580,0;0,075;объём зерна;200,0;23,5;20,952018468430726;-2,547981531569274;20,76144906753;21,06548326690337;13,0;5,2230311316672395;-7,7769688683327605;4,641373737245113;4,744683999142969
580,0;0,075;объём зерна;288,72174904660227;23,5;20,92928240673538;-2,5707175932646216;20,761449067314736;21,06548326690337;13,0;5,153635948997785;-7,846364051002215;4,641373737302746;4,744683999142969
580,0;0,075;объём зерна;511,27693920930096;23,5;20,89918333290709;-2,6008166670929107;20,761449067758058;21,06548326690337;13,0;5,061767323856552;-7,938232676143448;4,6413737382055285;4,744683999142969
580,0;0,075;объём зерна;905,7643608749214;23,5;20,874616092511943;-2,6253839074880574;20,761449067836693;21,06548326690337;13,0;4,986783003399365;-8,013216996600635;4,641373738565494;4,744683999142969
580,0;0,075;объём зерна;1000,0;23,5;20,87087514418502;-2,629124855814979;20,76144906761964;21,06548326690337;13,0;4,975364852016695;-8,024635147983304;4,641373737416072;4,744683999142969
580,0;0,075;объём зерна;1601,6867586394312;23,5;20,85443113966558;-2,6455688603344214;20,761449067495843;21,06548326690337;13,0;4,925174334727199;-8,074825665272801;4,641373737479479;4,744683999142969
580,0;0,075;объём зерна;2837,1256322974045;23,5;20,838089289694576;-2,661910710305424;20,761449067680807;21,06548326690337;13,0;4,875295614309506;-8,124704385690494;4,641373737860127;4,744683999142969
580,0;0,075;объём зерна;5030,416191025389;23,5;20,824572479889945;-2,6754275201100555;20,761449067461133;21,06548326690337;13,0;4,834039503247865;-8,165960496752135;4,641373737072772;4,744683999142969
580,0;0,075;объём зерна;8907,795070575256;23,5;20,813494050481456;-2,686505949518544;20,761449067565337;21,06548326690337;13,0;4,800225835702536;-8,199774164297464;4,641373737315769;4,744683999142969
580,0;0,075;объём зерна;10000,0;23,5;20,81152527808824;-2,68847472191176;20,76144906758127;21,06548326690337;13,0;4,794216733331445;-8,205783266668554;4,641373737954484;4,744683999142969
580,0;0,075;объём зерна;15770,7721457349;23,5;20,80435028189435;-2,695649718105649;20,76144906742182;21,06548326690337;13,0;4,772317154696586;-8,227682845303413;4,641373736984647;4,744683999142969
580,0;0,075;объём зерна;27908,659392485057;23,5;20,79689892537233;-2,7031010746276714;20,761449067759624;21,06548326690337;13,0;4,749574066841674;-8,250425933158326;4,64137373819395;4,744683999142969
580,0;0,075;объём зерна;49463,109099001966;23,5;20,79071142039019;-2,7092885796098116;20,761449067798363;21,06548326690337;13,0;4,730688516440647;-8,269311483559353;4,641373738203519;4,744683999142969
580,0;0,075;объём зерна;87600,0;23,5;20,78562474606324;-2,7143752539367583;20,761449067557272;21,06548326690337;13,0;4,715162929825967;-8,284837070174033;4,6413737374032555;4,744683999142969
580,0;0,1;объём зерна;0,001;23,5;23,500000000000004;3,552713678800501e-15;20,761449067422515;21,06548326690337;13,0;12,999999999999998;-1,7763568394002505e-15;4,641373737581771;4,744683999142969
580,0;0,1;объём зерна;0,001769908906321979;23,5;23,500000000000004;3,552713678800501e-15;20,76144906727544;21,06548326690337;13,0;12,999999999999998;-1,7763568394002505e-15;4,641373737635594;4,744683999142969
580,0;0,1;объём зерна;0,0031355141082460083;23,5;23,500000000000004;3,552713678800501e-15;20,761449067482573;21,06548326690337;13,0;12,999999999999998;-1,7763568394002505e-15;4,641373737388943;4,744683999142969
580,0;0,1;объём зерна;0,005569734889868991;23,5;23,500000000000004;3,552713678800501e-15;20,761449067404534;21,06548326690337;13,0;12,999999999999998;-1,7763568394002505e-15;4,641373737346232;4,744683999142969
580,0;0,1;объём зерна;0,009979498180322337;23,5;23,500000000000004;3,552713678800501e-15;20,76144906722315;21,06548326690337;13,0;12,999999999999998;-1,7763568394002505e-15;4,6413737373326684;4,744683999142969
580,0;0,1;объём зерна;0,010000000000000002;23,5;23,500000000000004;3,552713678800501e-15;20,76144906734644;21,06548326690337;13,0;12,999999999999998;-1,7763568394002505e-15;4,641373737467066;4,744683999142969
580,0;0,1;объём зерна;0,017231539926817828;23,5;23,49999999999953;-4,689582056016661e-13;20,761449067544476;21,06548326690337;13,0;12,99999999999855;-1,4495071809506044e-12;4,6413737375730095;4,744683999142969
580,0;0,1;объём зерна;0,03155394250852404;23,5;23,499999995612384;-4,387615604173334e-09;20,761449067271894;21,06548326690337;13,0;12,999999986608081;-1,33919186851017e-08;4,641373737324926;4,744683999142969
580,0;0,1;объём зерна;0,05358732052212532;23,5;23,499999289924606;-7,100753940392224e-07;20,761449067412517;21,06548326690337;13,0;12,999997832702395;-2,1672976053821458e-06;4,6413737372941615;4,744683999142969
580,0;0,1;объём зерна;0,09801107498038794;23,5;23,499966495858143;-3,35041418573212e-05;20,761449067212364;21,06548326690337;13,0;12,99989773839999;-0,00010226160000925688;4,641373736990865;4,744683999142969
580,0;0,1;объём зерна;0,10000000000000002;23,5;23,499962860730417;-3,713926958326397e-05;20,76144906731651;21,06548326690337;13,0;12,999886643235126;-0,00011335676487433943;4,64137373736496;4,744683999142969
580,0;0,1;объём зерна;0,17155986804553358;23,5;23,499654539890955;-0,00034546010904534796;20,76144906767794;21,06548326690337;13,0;12,99894558399265;-0,0010544160073493458;4,6413737377430655;4,744683999142969
580,0;0,1;объём зерна;0,3070478726385391;23,5;23,498017115371674;-0,001982884628326076;20,761449067288705;21,06548326690337;13,0;12,993947824255029;-0,006052175744970967;4,641373736761923;4,744683999142969
580,0;0,1;объём зерна;0,5410234374598968;23,5;23,492200476996263;-0,0077995230037366525;20,761449067458564;21,06548326690337;13,0;12,976194235776076;-0,02380576422392444;4,641373737350718;4,744683999142969
580,0;0,1;объём зерна;0,9550528434713617;23,5;23,47055559476699;-0,029444405233011395;20,761449067208513;21,06548326690337;13,0;12,910129559416564;-0,08987044058343585;4,64137373708265;4,744683999142969
580,0;0,1;объём зерна;1,0;23,5;23,467096459850712;-0,03290354014928809;20,761449067574244;21,06548326690337;13,0;12,899571561164564;-0,1004284388354364;4,641373737574637;4,744683999142969
580,0;0,1;объём зерна;1,6941917016176873;23,5;23,373623504736447;-0,12637649526355332;20,761449067623275;21,06548326690337;13,0;12,614272687155689;-0,3857273128443115;4,641373737979255;4,744683999142969
580,0;0,1;объём зерна;2,987202428651422;23,5;22,96576950981024;-0,5342304901897599;20,76144906767889;21,06548326690337;13,0;11,369417580458213;-1,6305824195417866;4,6413737380847815;4,744683999142969
580,0;0,1;объём зерна;5,286525482482042;23,5;21,868716710173135;-1,6312832898268645;20,76144906755044;21,06548326690337;13,0;8,02098457028653;-4,9790154297134706;4,641373737909121;4,744683999142969
580,0;0,1;объём зерна;9,356990516238183;23,5;21,250424417615132;-2,2495755823848675;20,76144906736865;21,06548326690337;13,0;6,133828069702237;-6,866171930297763;4,641373737281701;4,744683999142969
580,0;0,1;объём зерна;10,0;23,5;21,239681200429935;-2,260318799570065;20,761449067343257;21,06548326690337;13,0;6,101037539436447;-6,898962460563553;4,641373737300314;4,744683999142969
580,0;0,1;объём зерна;16,546018034833875;23,5;21,21012046836967;-2,28987953163033;20,761449067700347;21,06548326690337;13,0;6,010812045165963;-6,989187954834037;4,641373737566639;4,744683999142969
580,0;0,1;объём зерна;29,352308964280923;23,5;21,169366917634708;-2,330633082365292;20,761449067384422;21,06548326690337;13,0;5,886423743484818;-7,113576256515182;4,6413737378030735;4,744683999142969
580,0;0,1;объём зерна;51,97345119608812;23,5;21,116688989632436;-2,3833110103675637;20,761449067631446;21,06548326690337;13,0;5,725639765661958;-7,274360234338042;4,641373737673219;4,744683999142969
580,0;0,1;объём зерна;92,15029980521817;23,5;21,061010925209608;-2,438989074790392;20,761449067653032;21,06548326690337;13,0;5,555698748280591;-7,444301251719409;4,641373737675485;4,744683999142969
580,0;0,1;объём зерна;100,0;23,5;21,052819313680615;-2,447180686319385;20,76144906736307;21,06548326690337;13,0;5,530696248464093;-7,469303751535907;4,641373736989196;4,744683999142969
580,0;0,1;объём зерна;163,00361878047173;23,5;21,009258281085696;-2,490741718914304;20,761449067463985;21,06548326690337;13,0;5,39773892910352;-7,60226107089648;4,641373737898916;4,744683999142969
580,0;0,1;объём зерна;200,0;23,5;20,992886370410627;-2,507113629589373;20,761449067552434;21,06548326690337;13,0;5,347768457156571;-7,652231542843429;4,641373737830421;4,744683999142969
580,0;0,1;объём зерна;288,76516010078876;23,5;20,965669677423868;-2,5343303225761318;20,761449067552814;21,06548326690337;13,0;5,264697456984801;-7,735302543015199;4,641373737780351;4,744683999142969
580,0;0,1;объём зерна;511,03793869255117;23,5;20,92924866544959;-2,5707513345504083;20,76144906747996;21,06548326690337;13,0;5,153532963602809;-7,846467036397191;4,641373737889625;4,744683999142969
580,0;0,1;объём зерна;905,0779489351327;23,5;20,899409667046367;-2,600590332953633;20,761449067513094;21,06548326690337;13,0;5,062458142656362;-7,937541857343638;4,641373737845721;4,744683999142969
580,0;0,1;объём зерна;1000,0;23,5;20,89455937929203;-2,60544062070797;20,761449067267737;21,06548326690337;13,0;5,0476540570551025;-7,9523459429448975;4,641373737130881;4,744683999142969
580,0;0,1;объём зерна;1602,716885346666;23,5;20,874641599864777;-2,625358400135223;20,7614490676446;21,06548326690337;13,0;4,9868608571500435;-8,013139142849957;4,641373737740803;4,744683999142969
580,0;0,1;объём зерна;2837,558582255884;23,5;20,854678836586963;-2,645321163413037;20,761449067639756;21,06548326690337;13,0;4,9259303572489115;-8,074069642751088;4,6413737374820725;4,744683999142969
580,0;0,1;объём зерна;5029,106592938318;23,5;20,83817739344099;-2,66182260655901;20,761449067630565;21,06548326690337;13,0;4,875564525340831;-8,124435474659169;4,641373737785932;4,744683999142969
580,0;0,1;объём зерна;8908,526025225527;23,5;20,824713968379715;-2,675286031620285;20,76144906761041;21,06548326690337;13,0;4,83447135550656;-8,16552864449344;4,641373737726867;4,744683999142969
580,0;0,1;объём зерна;10000,0;23,5;20,82222966060634;-2,6777703393936605;20,76144906757057;21,06548326690337;13,0;4,826888732131328;-8,173111267868672;4,641373737328997;4,744683999142969
580,0;0,1;объём зерна;15765,87477629241;23,5;20,813552010160752;-2,686447989839248;20,761449067563834;21,06548326690337;13,0;4,800402740614859;-8,19959725938514;4,641373737775944;4,744683999142969
580,0;0,1;объём зерна;27941,397258082125;23,5;20,804447462335993;-2,695552537664007;20,76144906768009;21,06548326690337;13,0;4,772613769562255;-8,227386230437745;4,641373737475308;4,744683999142969
580,0;0,1;объём зерна;49469,21492132118;23,5;20,79692605618128;-2,703073943818719;20,761449067644303;21,06548326690337;13,0;4,749656875764984;-8,250343124235016;4,641373737496743;4,744683999142969
580,0;0,1;объём зерна;87600,0;23,5;20,790780841552547;-2,7092191584474534;20,761449067467623;21,06548326690337;13,0;4,730900404320715;-8,269099595679286;4,641373737306469;4,744683999142969
580,0;0,125;объём зерна;0,001;23,5;23,500000000000004;3,552713678800501e-15;20,761449067370517;21,06548326690337;13,0;12,999999999999998;-1,7763568394002505e-15;4,641373737256708;4,744683999142969
580,0;0,125;объём зерна;0,001769908906321979;23,5;23,500000000000004;3,552713678800501e-15;20,76144906728656;21,06548326690337;13,0;12,999999999999998;-1,7763568394002505e-15;4,641373736816996;4,744683999142969
580,0;0,125;объём зерна;0,0031355141082460083;23,5;23,500000000000004;3,552713678800501e-15;20,761449067259655;21,06548326690337;13,0;12,999999999999998;-1,7763568394002505e-15;4,64137373714684;4,744683999142969
580,0;0,125;объём зерна;0,005554586920350339;23,5;23,500000000000004;3,552713678800501e-15;20,76144906754806;21,06548326690337;13,0;12,999999999999998;-1,7763568394002505e-15;4,641373737359167;4,744683999142969
580,0;0,125;объём зерна;0,009914257247284893;23,5;23,500000000000004;3,552713678800501e-15;20,761449067313734;21,06548326690337;13,0;12,999999999999998;-1,7763568394002505e-15;4,64137373727647;4,744683999142969
580,0;0,125;объём зерна;0,010000000000000002;23,5;23,500000000000004;3,552713678800501e-15;20,76144906744387;21,06548326690337;13,0;12,999999999999998;-1,7763568394002505e-15;4,6413737378987125;4,744683999142969
580,0;0,125;объём зерна;0,01741710633406007;23,5;23,500000000000004;3,552713678800501e-15;20,761449067413196;21,06548326690337;13,0;12,999999999999998;-1,7763568394002505e-15;4,641373737522465;4,744683999142969
580,0;0,125;объём зерна;0,030247892362848323;23,5;23,500000000000004;3,552713678800501e-15;20,761449067511464;21,06548326690337;13,0;13,0;0,0;4,6413737374624695;4,744683999142969
580,0;0,125;объём зерна;0,05556736646984028;23,5;23,49999999999977;-2,3092638912203256e-13;20,76144906740942;21,06548326690337;13,0;12,999999999999293;-7,069900220812997e-13;4,641373737462531;4,744683999142969
580,0;0,125;объём зерна;0,10000000000000002;23,5;23,499999999981807;-1,8193446749137365e-11;20,761449067583644;21,06548326690337;13,0;12,99999999994447;-5,553069115649123e-11;4,6413737374396815;4,744683999142969
580,0;0,125;объём зерна;0,1712248186018213;23,5;23,499999999751218;-2,487823280716839e-10;20,761449067711286;21,06548326690337;13,0;12,999999999240654;-7,593463635657827e-10;4,6413737379637405;4,744683999142969
580,0;0,125;объём зерна;0,30792437525733035;23,5;23,49999999819562;-1,8043806448986288e-09;20,76144906740463;21,06548326690337;13,0;12,999999994492645;-5,5073545723871575e-09;4,641373737631291;4,744683999142969
580,0;0,125;объём зерна;0,5385832378849453;23,5;23,499999992350425;-7,649575195500802e-09;20,761449067541637;21,06548326690337;13,0;12,999999976651877;-2,3348123434629997e-08;4,64137373803481;4,744683999142969
580,0;0,125;объём зерна;0,9512541890327846;23,5;23,499999972610723;-2,7389276624489867e-08;20,761449067551546;21,06548326690337;13,0;12,999999916402231;-8,359776870747737e-08;4,641373737689613;4,744683999142969
580,0;0,125;объём зерна;1,0;23,5;23,499999969400257;-3,05997431837568e-08;20,761449067436978;21,06548326690337;13,0;12,999999906603227;-9,33967729821461e-08;4,6413737374714295;4,744683999142969
580,0;0,125;объём зерна;1,681872777960846;23,5;23,499999894336096;-1,056639042928964e-07;20,76144906750623;21,06548326690337;13,0;12,999999677491807;-3,2250819259616037e-07;4,641373737599987;4,744683999142969
580,0;0,125;объём зерна;2,9771298665924735;23,5;23,49999946998647;-5,300135299535214e-07;20,761449067407543;21,06548326690337;13,0;12,999998382288613;-1,6177113870696758e-06;4,641373737599402;4,744683999142969
580,0;0,125;объём зерна;5,305471357736516;23,5;23,49999676584959;-3,2341504088151396e-06;20,761449067434114;21,06548326690337;13,0;12,999990128701178;-9,871298821906294e-06;4,641373737448486;4,744683999142969
580,0;0,125;объём зерна;9,338147730204023;23,5;23,499980904515176;-1,909548482359469e-05;20,761449067231545;21,06548326690337;13,0;12,999941716614039;-5,828338596103322e-05;4,641373737129704;4,744683999142969
580,0;0,125;объём зерна;10,0;23,5;23,499976455859706;-2,354414029426266e-05;20,761449067210922;21,06548326690337;13,0;12,999928138393525;-7,186160647520978e-05;4,641373737189689;4,744683999142969
580,0;0,125;объём зерна;16,58686519857705;23,5;23,499893537558627;-0,00010646244137291205;20,761449067367224;21,06548326690337;13,0;12,999675054515917;-0,0003249454840830168;4,641373737406043;4,744683999142969
580,0;0,125;объём зерна;29,352587958989087;23,5;23,49945104966798;-0,0005489503320212918;20,761449067645426;21,06548326690337;13,0;12,998324489565748;-0,0016755104342518479;4,6413737376258775;4,744683999142969
580,0;0,125;объём зерна;52,03141444802488;23,5;23,497353823391123;-0,0026461766088772265;20,761449067287185;21,06548326690337;13,0;12,991923319359945;-0,0080766806400554;4,641373737476852;4,744683999142969
580,0;0,125;объём зерна;92,11493185254515;23,5;23,488230198575426;-0,011769801424573956;20,761449067528638;21,06548326690337;13,0;12,96407612138039;-0,03592387861960944;4,641373737355144;4,744683999142969
580,0;0,125;объём зерна;100,0;23,5;23,485679403639157;-0,014320596360843041;20,761449067497406;21,06548326690337;13,0;12,956290565416314;-0,043709434583686146;4,641373737652453;4,744683999142969
580,0;0,125;объём зерна;163,240418914597;23,5;23,457013192269812;-0,04298680773018759;20,761449067392263;21,06548326690337;13,0;12,868795334141007;-0,13120466585899315;4,641373737345432;4,744683999142969
580,0;0,125;объём зерна;200,0;23,5;23,43276742617592;-0,06723257382407866;20,76144906741644;21,06548326690337;13,0;12,794792220003202;-0,2052077799967975;4,641373737376065;4,744683999142969
580,0;0,125;объём зерна;288,6257401862318;23,5;23,353737889977737;-0,14626211002226341;20,761449067470245;21,06548326690337;13,0;12,553577660525793;-0,44642233947420706;4,641373737251447;4,744683999142969
580,0;0,125;объём зерна;511,3805541338929;23,5;23,063367149278818;-0,43663285072118185;20,76144906725885;21,06548326690337;13,0;11,6673058478478;-1,3326941521522002;4,641373736908003;4,744683999142969
580,0;0,125;объём зерна;905,5988584453155;23,5;22,366704023928044;-1,133295976071956;20,761449067582003;21,06548326690337;13,0;9,540945287362222;-3,459054712637778;4,641373737700224;4,744683999142969
580,0;0,125;объём зерна;1000,0;23,5;22,186298789088365;-1,3137012109116348;20,761449067547407;21,06548326690337;13,0;8,990311039234312;-4,009688960765688;4,641373737675541;4,744683999142969
580,0;0,125;объём зерна;1604,601521896843;23,5;21,237748244303084;-2,2622517556969157;20,761449067646744;21,06548326690337;13,0;6,095137755736015;-6,904862244263985;4,641373737967231;4,744683999142969
580,0;0,125;объём зерна;2836,0715497986175;23,5;20,79849898054927;-2,701501019450731;20,761449067889163;21,06548326690337;13,0;4,754457767567237;-8,245542232432763;4,641373738623849;4,744683999142969
580,0;0,125;объём зерна;5383,0114474893435;23,5;20,78791207447966;-2,71208792552034;20,76144906754104;21,06548326690337;13,0;4,7221443312485105;-8,277855668751489;4,641373737175802;4,744683999142969
580,0;0,125;объём зерна;8964,618829824572;23,5;20,785017771623206;-2,714982228376794;20,76144906763384;21,06548326690337;13,0;4,713310317816416;-8,286689682183585;4,641373737774379;4,744683999142969
580,0;0,125;объём зерна;10000,0;23,5;20,784688177713303;-2,715311822286697;20,761449067431176;21,06548326690337;13,0;4,7123043287388215;-8,28769567126118;4,64137373727803;4,744683999142969
580,0;0,125;объём зерна;16006,499591388896;23,5;20,795729445898786;-2,704270554101214;20,761449067385634;21,06548326690337;13,0;4,746004572570341;-8,25399542742966;4,641373737750608;4,744683999142969
580,0;0,125;объём зерна;28740,286989032913;23,5;20,853723042925886;-2,6462769570741145;20,761449067362374;21,06548326690337;13,0;4,923013076407007;-8,076986923592994;4,641373737356174;4,744683999142969
580,0;0,125;объём зерна;49471,79879306267;23,5;20,82430442686238;-2,67569557313762;20,761449067454333;21,06548326690337;13,0;4,833221349736563;-8,166778650263437;4,641373737603327;4,744683999142969
580,0;0,125;объём зерна;87600,0;23,5;20,78524708708815;-2,7147529129118517;20,761449067487597;21,06548326690337;13,0;4,714010236246532;-8,285989763753468;4,641373737989656;4,744683999142969
580,0;0,15;объём зерна;0,001;23,5;23,500000000000004;3,552713678800501e-15;20,761449067465133;21,06548326690337;13,0;12,999999999999998;-1,7763568394002505e-15;4,641373737594719;4,744683999142969
580,0;0,15;объём зерна;0,001769908906321979;23,5;23,500000000000004;3,552713678800501e-15;20,76144906713019;21,06548326690337;13,0;12,999999999999998;-1,7763568394002505e-15;4,641373737070886;4,744683999142969
580,0;0,15;объём зерна;0,0031355141082460083;23,5;23,500000000000004;3,552713678800501e-15;20,76144906746446;21,06548326690337;13,0;12,999999999999998;-1,7763568394002505e-15;4,641373737836357;4,744683999142969
580,0;0,15;объём зерна;0,005554586920350339;23,5;23,500000000000004;3,552713678800501e-15;20,761449067389215;21,06548326690337;13,0;12,999999999999998;-1,7763568394002505e-15;4,641373737515472;4,744683999142969
580,0;0,15;объём зерна;0,009835356723973405;23,5;23,500000000000004;3,552713678800501e-15;20,761449067393777;21,06548326690337;13,0;12,999999999999998;-1,7763568394002505e-15;4,641373737563937;4,744683999142969
580,0;0,15;объём зерна;0,010000000000000002;23,5;23,500000000000004;3,552713678800501e-15;20,761449067495054;21,06548326690337;13,0;12,999999999999998;-1,7763568394002505e-15;4,641373737658027;4,744683999142969
580,0;0,15;объём зерна;0,01741420532255206;23,5;23,500000000000004;3,552713678800501e-15;20,761449067400733;21,06548326690337;13,0;12,999999999999998;-1,7763568394002505e-15;4,641373737681793;4,744683999142969
580,0;0,15;объём зерна;0,03159176210437088;23,5;23,500000000000004;3,552713678800501e-15;20,761449067475468;21,06548326690337;13,0;12,999999999999998;-1,7763568394002505e-15;4,6413737374291575;4,744683999142969
580,0;0,15;объём зерна;0,05328916720719292;23,5;23,500000000000004;3,552713678800501e-15;20,761449067650506;21,06548326690337;13,0;12,999999999999998;-1,7763568394002505e-15;4,64137373780337;4,744683999142969
580,0;0,15;объём зерна;0,10000000000000002;23,5;23,500000000000004;3,552713678800501e-15;20,761449067436157;21,06548326690337;13,0;12,999999999999998;-1,7763568394002505e-15;4,641373737491937;4,744683999142969
580,0;0,15;объём зерна;0,17308872643589365;23,5;23,500000000000004;3,552713678800501e-15;20,761449067318903;21,06548326690337;13,0;12,999999999999998;-1,7763568394002505e-15;4,641373737246212;4,744683999142969
580,0;0,15;объём зерна;0,299714099362242;23,5;23,500000000000004;3,552713678800501e-15;20,76144906767398;21,06548326690337;13,0;12,999999999999998;-1,7763568394002505e-15;4,641373738135756;4,744683999142969
580,0;0,15;объём зерна;0,5307216917615586;23,5;23,500000000000004;3,552713678800501e-15;20,761449067295665;21,06548326690337;13,0;12,999999999999998;-1,7763568394002505e-15;4,641373737467893;4,744683999142969
580,0;0,15;объём зерна;0,9509781818049999;23,5;23,500000000000004;3,552713678800501e-15;20,761449067439102;21,06548326690337;13,0;12,999999999999998;-1,7763568394002505e-15;4,641373737925775;4,744683999142969
580,0;0,15;объём зерна;1,0;23,5;23,500000000000004;3,552713678800501e-15;20,76144906743345;21,06548326690337;13,0;12,999999999999998;-1,7763568394002505e-15;4,6413737375292206;4,744683999142969
580,0;0,15;объём зерна;1,6904430100085477;23,5;23,500000000000004;3,552713678800501e-15;20,76144906728757;21,06548326690337;13,0;12,999999999999998;-1,7763568394002505e-15;4,641373737258429;4,744683999142969
580,0;0,15;объём зерна;2,9767035176408845;23,5;23,500000000000004;3,552713678800501e-15;20,761449067405984;21,06548326690337;13,0;13,0;0,0;4,641373737394235;4,744683999142969
580,0;0,15;объём зерна;5,295283876221892;23,5;23,5;0,0;20,76144906757769;21,06548326690337;13,0;12,999999999999993;-7,105427357601002e-15;4,641373737751959;4,744683999142969
580,0;0,15;объём зерна;9,367974838398323;23,5;23,499999999999993;-7,105427357601002e-15;20,761449067577168;21,06548326690337;13,0;12,999999999999966;-3,375077994860476e-14;4,64137373765529;4,744683999142969
580,0;0,15;объём зерна;10,0;23,5;23,499999999999993;-7,105427357601002e-15;20,761449067497928;21,06548326690337;13,0;12,999999999999961;-3,907985046680551e-14;4,641373737497065;4,744683999142969
580,0;0,15;объём зерна;16,559175627214337;23,5;23,49999999999994;-6,039613253960852e-14;20,761449067484765;21,06548326690337;13,0;12,999999999999806;-1,936228954946273e-13;4,64137373743767;4,744683999142969
580,0;0,15;объём зерна;29,367744894911265;23,5;23,499999999999655;-3,446132268436486e-13;20,761449067394466;21,06548326690337;13,0;12,999999999998945;-1,0551559626037488e-12;4,6413737377797;4,744683999142969
580,0;0,15;объём зерна;51,9357544447358;23,5;23,499999999998256;-1,744382416291046e-12;20,76144906760323;21,06548326690337;13,0;12,99999999999466;-5,339728659237153e-12;4,6413737379014135;4,744683999142969
580,0;0,15;объём зерна;92,20780813422;23,5;23,499999999991612;-8,387956995647983e-12;20,761449067478832;21,06548326690337;13,0;12,99999999997439;-2,560973655363341e-11;4,641373737785539;4,744683999142969
580,0;0,15;объём зерна;100,0;23,5;23,49999999998956;-1,0441425501994672e-11;20,761449067413324;21,06548326690337;13,0;12,999999999968125;-3,1874947126198094e-11;4,641373737684665;4,744683999142969
580,0;0,15;объём зерна;162,83345204871364;23,5;23,49999999996349;-3,651123847703275e-11;20,761449067616237;21,06548326690337;13,0;12,99999999988856;-1,1143974631977471e-10;4,641373737935946;4,744683999142969
580,0;0,15;объём зерна;200,0;23,5;23,49999999993964;-6,036060540282051e-11;20,761449067421918;21,06548326690337;13,0;12,999999999815758;-1,8424195502575458e-10;4,641373737953211;4,744683999142969
580,0;0,15;объём зерна;288,96694913512664;23,5;23,499999999853934;-1,460662701902038e-10;20,761449067456972;21,06548326690337;13,0;12,999999999554161;-4,4583892133687186e-10;4,641373737481188;4,744683999142969
580,0;0,15;объём зерна;512,0274673033441;23,5;23,499999999431427;-5,685727444415534e-10;20,761449067567845;21,06548326690337;13,0;12,99999999826458;-1,7354206960362717e-09;4,641373737713204;4,744683999142969
580,0;0,15;объём зерна;906,1410911608737;23,5;23,499999997849276;-2,1507240433038533e-09;20,76144906747045;21,06548326690337;13,0;12,999999993435532;-6,564468080227925e-09;4,641373737783944;4,744683999142969
580,0;0,15;объём зерна;1000,0;23,5;23,49999999729162;-2,7083792986104527e-09;20,7614490675569;21,06548326690337;13,0;12,99999999173344;-8,26656076924337e-09;4,641373737677819;4,744683999142969
580,0;0,15;объём зерна;1601,6909897965254;23,5;23,499999991783053;-8,21694712271892e-09;20,761449067454354;21,06548326690337;13,0;12,999999974920161;-2,507983865029928e-08;4,641373737792441;4,744683999142969
580,0;0,15;объём зерна;2840,4215923110273;23,5;23,49999996780642;-3,2193579357908675e-08;20,76144906747865;21,06548326690337;13,0;12,999999901738493;-9,826150737524131e-08;4,64137373755156;4,744683999142969
580,0;0,15;объём зерна;5030,988236019968;23,5;23,49999989213345;-1,0786655124661593e-07;20,7614490676726;21,06548326690337;13,0;12,999999670768876;-3,292311241409607e-07;4,6413737378838045;4,744683999142969
580,0;0,15;объём зерна;8903,151200440574;23,5;20,841569911975274;-2,6584300880247262;20,76144906752792;21,06548326690337;13,0;4,885919196463737;-8,114080803536263;4,641373737778185;4,744683999142969
580,0;0,15;объём зерна;10000,0;23,5;20,837388913273255;-2,662611086726745;20,761449067555695;21,06548326690337;13,0;4,873157920114077;-8,126842079885922;4,641373737927745;4,744683999142969
580,0;0,15;объём зерна;15801,925890199316;23,5;20,82466544212275;-2,6753345578772496;20,761449067491895;21,06548326690337;13,0;4,834323243294002;-8,165676756705999;4,641373737583534;4,744683999142969
580,0;0,15;объём зерна;27922,124907070374;23,5;20,81294124602495;-2,6870587539750517;20,761449067506614;21,06548326690337;13,0;4,798538561571514;-8,201461438428485;4,6413737372202295;4,744683999142969
580,0;0,15;объём зерна;49377,98987293106;23,5;20,805381861053572;-2,694618138946428;20,76144906739504;21,06548326690337;13,0;4,775465748530082;-8,224534251469919;4,641373737295697;4,744683999142969
580,0;0,15;объём зерна;87600,0;23,5;20,79887026588634;-2,7011297341136604;20,76144906764943;21,06548326690337;13,0;4,755591007570171;-8,244408992429829;4,6413737379022635;4,744683999142969
580,0;0,175;объём зерна;0,001;23,5;23,500000000000004;3,552713678800501e-15;20,76144906748825;21,06548326690337;13,0;12,999999999999998;-1,7763568394002505e-15;4,641373737939497;4,744683999142969
580,0;0,175;объём зерна;0,001769908906321979;23,5;23,500000000000004;3,552713678800501e-15;20,761449067305303;21,06548326690337;13,0;12,999999999999998;-1,7763568394002505e-15;4,641373737185282;4,744683999142969
580,0;0,175;объём зерна;0,0031355141082460083;23,5;23,500000000000004;3,552713678800501e-15;20,761449067466458;21,06548326690337;13,0;12,999999999999998;-1,7763568394002505e-15;4,64137373744959;4,744683999142969
580,0;0,175;объём зерна;0,005554586920350339;23,5;23,500000000000004;3,552713678800501e-15;20,761449067380507;21,06548326690337;13,0;12,999999999999998;-1,7763568394002505e-15;4,641373738039481;4,744683999142969
580,0;0,175;объём зерна;0,009835356723973405;23,5;23,500000000000004;3,552713678800501e-15;20,761449067560076;21,06548326690337;13,0;12,999999999999998;-1,7763568394002505e-15;4,641373737695489;4,744683999142969
580,0;0,175;объём зерна;0,010000000000000002;23,5;23,500000000000004;3,552713678800501e-15;20,76144906741088;21,06548326690337;13,0;12,999999999999998;-1,7763568394002505e-15;4,6413737375744;4,744683999142969
580,0;0,175;объём зерна;0,01741420532255206;23,5;23,500000000000004;3,552713678800501e-15;20,761449067591908;21,06548326690337;13,0;12,999999999999998;-1,7763568394002505e-15;4,64137373778431;4,744683999142969
580,0;0,175;объём зерна;0,03084270003851134;23,5;23,500000000000004;3,552713678800501e-15;20,761449067533;21,06548326690337;13,0;12,999999999999998;-1,7763568394002505e-15;4,641373738084028;4,744683999142969
580,0;0,175;объём зерна;0,054614930997190225;23,5;23,500000000000004;3,552713678800501e-15;20,76144906738801;21,06548326690337;13,0;12,999999999999998;-1,7763568394002505e-15;4,641373737405823;4,744683999142969
580,0;0,175;объём зерна;0,09671041261606801;23,5;23,500000000000004;3,552713678800501e-15;20,76144906747237;21,06548326690337;13,0;12,999999999999998;-1,7763568394002505e-15;4,6413737372055826;4,744683999142969
580,0;0,175;объём зерна;0,10000000000000002;23,5;23,500000000000004;3,552713678800501e-15;20,76144906737654;21,06548326690337;13,0;12,999999999999998;-1,7763568394002505e-15;4,641373737998722;4,744683999142969
580,0;0,175;объём зерна;0,17127951419477566;23,5;23,500000000000004;3,552713678800501e-15;20,761449067418464;21,06548326690337;13,0;12,999999999999998;-1,7763568394002505e-15;4,641373737269809;4,744683999142969
580,0;0,175;объём зерна;0,3035281041009391;23,5;23,500000000000004;3,552713678800501e-15;20,761449067423055;21,06548326690337;13,0;12,999999999999998;-1,7763568394002505e-15;4,6413737377713495;4,744683999142969
580,0;0,175;объём зерна;0,5373684155160052;23,5;23,500000000000004;3,552713678800501e-15;20,761449067398644;21,06548326690337;13,0;12,999999999999998;-1,7763568394002505e-15;4,641373737500735;4,744683999142969
580,0;0,175;объём зерна;0,9511271808247345;23,5;23,500000000000004;3,552713678800501e-15;20,761449067547694;21,06548326690337;13,0;12,999999999999998;-1,7763568394002505e-15;4,641373737704778;4,744683999142969
580,0;0,175;объём зерна;1,0;23,5;23,500000000000004;3,552713678800501e-15;20,76144906751184;21,06548326690337;13,0;12,999999999999998;-1,7763568394002505e-15;4,641373737406338;4,744683999142969
580,0;0,175;объём зерна;1,6852501600765406;23,5;23,500000000000004;3,552713678800501e-15;20,761449067515642;21,06548326690337;13,0;12,999999999999998;-1,7763568394002505e-15;4,641373737310265;4,744683999142969
580,0;0,175;объём зерна;2,9833301265324974;23,5;23,500000000000004;3,552713678800501e-15;20,761449067414684;21,06548326690337;13,0;12,999999999999998;-1,7763568394002505e-15;4,641373737337823;4,744683999142969
580,0;0,175;объём зерна;5,2830095737983225;23,5;23,500000000000004;3,552713678800501e-15;20,761449067196644;21,06548326690337;13,0;12,999999999999998;-1,7763568394002505e-15;4,641373737623371;4,744683999142969
580,0;0,175;объём зерна;9,35969844997168;23,5;23,500000000000004;3,552713678800501e-15;20,761449067382387;21,06548326690337;13,0;12,999999999999998;-1,7763568394002505e-15;4,641373737693062;4,744683999142969
580,0;0,175;объём зерна;10,0;23,5;23,500000000000004;3,552713678800501e-15;20,76144906751563;21,06548326690337;13,0;12,999999999999998;-1,7763568394002505e-15;4,641373737518305;4,744683999142969
580,0;0,175;объём зерна;16,570959545682157;23,5;23,500000000000004;3,552713678800501e-15;20,76144906746865;21,06548326690337;13,0;12,999999999999998;-1,7763568394002505e-15;4,641373737436926;4,744683999142969
580,0;0,175;объём зерна;29,350528588955715;23,5;23,500000000000004;3,552713678800501e-15;20,761449067514434;21,06548326690337;13,0;12,999999999999998;-1,7763568394002505e-15;4,641373737306234;4,744683999142969
580,0;0,175;объём зерна;51,97073204951477;23,5;23,500000000000004;3,552713678800501e-15;20,761449067375388;21,06548326690337;13,0;12,999999999999998;-1,7763568394002505e-15;4,641373737311858;4,744683999142969
580,0;0,175;объём зерна;92,06645694618066;23,5;23,500000000000004;3,552713678800501e-15;20,76144906766434;21,06548326690337;13,0;12,999999999999998;-1,7763568394002505e-15;4,641373737670141;4,744683999142969
580,0;0,175;объём зерна;100,0;23,5;23,500000000000004;3,552713678800501e-15;20,761449067570297;21,06548326690337;13,0;12,999999999999998;-1,7763568394002505e-15;4,6413737375376085;4,744683999142969
580,0;0,175;объём зерна;163,07792971802743;23,5;23,500000000000004;3,552713678800501e-15;20,7614490674136;21,06548326690337;13,0;12,999999999999998;-1,7763568394002505e-15;4,641373737632403;4,744683999142969
580,0;0,175;объём зерна;200,0;23,5;23,500000000000004;3,552713678800501e-15;20,76144906735132;21,06548326690337;13,0;12,999999999999998;-1,7763568394002505e-15;4,641373737515403;4,744683999142969
580,0;0,175;объём зерна;288,7106794656684;23,5;23,500000000000004;3,552713678800501e-15;20,761449067419257;21,06548326690337;13,0;12,999999999999998;-1,7763568394002505e-15;4,64137373743037;4,744683999142969
580,0;0,175;объём зерна;511,2587749415865;23,5;23,500000000000004;3,552713678800501e-15;20,761449067348696;21,06548326690337;13,0;12,999999999999998;-1,7763568394002505e-15;4,641373737476864;4,744683999142969
580,0;0,175;объём зерна;905,6521559651597;23,5;23,500000000000004;3,552713678800501e-15;20,76144906738764;21,06548326690337;13,0;12,999999999999998;-1,7763568394002505e-15;4,6413737376849635;4,744683999142969
580,0;0,175;объём зерна;1000,0;23,5;23,500000000000004;3,552713678800501e-15;20,761449067437887;21,06548326690337;13,0;12,999999999999998;-1,7763568394002505e-15;4,641373737211873;4,744683999142969
580,0;0,175;объём зерна;1603,2837532047117;23,5;23,500000000000004;3,552713678800501e-15;20,76144906727375;21,06548326690337;13,0;12,999999999999998;-1,7763568394002505e-15;4,641373737284118;4,744683999142969
580,0;0,175;объём зерна;2839,0358009060474;23,5;23,500000000000004;3,552713678800501e-15;20,761449067458052;21,06548326690337;13,0;12,999999999999998;-1,7763568394002505e-15;4,641373737370354;4,744683999142969
580,0;0,175;объём зерна;5028,633571792196;23,5;23,500000000000004;3,552713678800501e-15;20,76144906753231;21,06548326690337;13,0;12,999999999999998;-1,7763568394002505e-15;4,6413737374758925;4,744683999142969
580,0;0,175;объём зерна;8908,86767615496;23,5;23,500000000000004;3,552713678800501e-15;20,761449067549602;21,06548326690337;13,0;12,999999999999998;-1,7763568394002505e-15;4,6413737375883395;4,744683999142969
580,0;0,175;объём зерна;10000,0;23,5;23,500000000000004;3,552713678800501e-15;20,76144906759622;21,06548326690337;13,0;12,999999999999998;-1,7763568394002505e-15;4,641373738136824;4,744683999142969
580,0;0,175;объём зерна;15765,470162594047;23,5;23,500000000000004;3,552713678800501e-15;20,761449067396796;21,06548326690337;13,0;12,999999999999998;-1,7763568394002505e-15;4,6413737371832156;4,744683999142969
580,0;0,175;объём зерна;27940,049585849076;23,5;23,500000000000004;3,552713678800501e-15;20,761449067399585;21,06548326690337;13,0;12,999999999999998;-1,7763568394002505e-15;4,641373737267955;4,744683999142969
580,0;0,175;объём зерна;49468,135641063185;23,5;23,500000000000004;3,552713678800501e-15;20,7614490673905;21,06548326690337;13,0;12,999999999999998;-1,7763568394002505e-15;4,641373737753595;4,744683999142969
580,0;0,175;объём зерна;87600,0;23,5;23,500000000000004;3,552713678800501e-15;20,76144906751374;21,06548326690337;13,0;12,999999999999998;-1,7763568394002505e-15;4,641373737566272;4,744683999142969
580,0;0,2;объём зерна;0,001;23,5;23,500000000000004;3,552713678800501e-15;20,761449067377132;21,06548326690337;13,0;12,999999999999998;-1,7763568394002505e-15;4,641373737066818;4,744683999142969
580,0;0,2;объём зерна;0,001769908906321979;23,5;23,500000000000004;3,552713678800501e-15;20,76144906759772;21,06548326690337;13,0;12,999999999999998;-1,7763568394002505e-15;4,641373737979845;4,744683999142969
580,0;0,2;объём зерна;0,0031355141082460083;23,5;23,500000000000004;3,552713678800501e-15;20,761449067406783;21,06548326690337;13,0;12,999999999999998;-1,7763568394002505e-15;4,641373737725772;4,744683999142969
580,0;0,2;объём зерна;0,005554586920350339;23,5;23,500000000000004;3,552713678800501e-15;20,76144906734325;21,06548326690337;13,0;12,999999999999998;-1,7763568394002505e-15;4,641373737422885;4,744683999142969
580,0;0,2;объём зерна;0,009835356723973405;23,5;23,500000000000004;3,552713678800501e-15;20,761449067374954;21,06548326690337;13,0;12,999999999999998;-1,7763568394002505e-15;4,641373737252274;4,744683999142969
580,0;0,2;объём зерна;0,010000000000000002;23,5;23,500000000000004;3,552713678800501e-15;20,76144906713826;21,06548326690337;13,0;12,999999999999998;-1,7763568394002505e-15;4,641373737313586;4,744683999142969
580,0;0,2;объём зерна;0,01741420532255206;23,5;23,500000000000004;3,552713678800501e-15;20,76144906763703;21,06548326690337;13,0;12,999999999999998;-1,7763568394002505e-15;4,641373738080125;4,744683999142969
580,0;0,2;объём зерна;0,03084270003851134;23,5;23,500000000000004;3,552713678800501e-15;20,761449067547716;21,06548326690337;13,0;12,999999999999998;-1,7763568394002505e-15;4,641373737495393;4,744683999142969
580,0;0,2;объём зерна;0,054614930997190225;23,5;23,500000000000004;3,552713678800501e-15;20,761449067553617;21,06548326690337;13,0;12,999999999999998;-1,7763568394002505e-15;4,641373737822752;4,744683999142969
580,0;0,2;объём зерна;0,09671041261606801;23,5;23,500000000000004;3,552713678800501e-15;20,761449067397308;21,06548326690337;13,0;12,999999999999998;-1,7763568394002505e-15;4,641373737667491;4,744683999142969
580,0;0,2;объём зерна;0,10000000000000002;23,5;23,500000000000004;3,552713678800501e-15;20,761449067454908;21,06548326690337;13,0;12,999999999999998;-1,7763568394002505e-15;4,641373737541923;4,744683999142969
580,0;0,2;объём зерна;0,17127951419477566;23,5;23,500000000000004;3,552713678800501e-15;20,76144906748497;21,06548326690337;13,0;12,999999999999998;-1,7763568394002505e-15;4,641373737804763;4,744683999142969
580,0;0,2;объём зерна;0,3035281041009391;23,5;23,500000000000004;3,552713678800501e-15;20,761449067443102;21,06548326690337;13,0;12,999999999999998;-1,7763568394002505e-15;4,641373737660719;4,744683999142969
580,0;0,2;объём зерна;0,5373684155160052;23,5;23,500000000000004;3,552713678800501e-15;20,761449067535054;21,06548326690337;13,0;12,999999999999998;-1,7763568394002505e-15;4,641373737726175;4,744683999142969
580,0;0,2;объём зерна;0,9511271808247345;23,5;23,500000000000004;3,552713678800501e-15;20,76144906755922;21,06548326690337;13,0;12,999999999999998;-1,7763568394002505e-15;4,6413737376805;4,744683999142969
580,0;0,2;объём зерна;1,0;23,5;23,500000000000004;3,552713678800501e-15;20,761449067453487;21,06548326690337;13,0;12,999999999999998;-1,7763568394002505e-15;4,641373737608162;4,744683999142969
580,0;0,2;объём зерна;1,6852501600765406;23,5;23,500000000000004;3,552713678800501e-15;20,761449067464373;21,06548326690337;13,0;12,999999999999998;-1,7763568394002505e-15;4,64137373738558;4,744683999142969
580,0;0,2;объём зерна;2,9833301265324974;23,5;23,500000000000004;3,552713678800501e-15;20,761449067458432;21,06548326690337;13,0;12,999999999999998;-1,7763568394002505e-15;4,641373737414964;4,744683999142969
580,0;0,2;объём зерна;5,2830095737983225;23,5;23,500000000000004;3,552713678800501e-15;20,761449067469158;21,06548326690337;13,0;12,999999999999998;-1,7763568394002505e-15;4,641373737559084;4,744683999142969
580,0;0,2;объём зерна;9,35969844997168;23,5;23,500000000000004;3,552713678800501e-15;20,761449067496454;21,06548326690337;13,0;12,999999999999998;-1,7763568394002505e-15;4,641373737832761;4,744683999142969
580,0;0,2;объём зерна;10,0;23,5;23,500000000000004;3,552713678800501e-15;20,761449067391876;21,06548326690337;13,0;12,999999999999998;-1,7763568394002505e-15;4,641373737516107;4,744683999142969
580,0;0,2;объём зерна;16,570959545682157;23,5;23,500000000000004;3,552713678800501e-15;20,761449067350906;21,06548326690337;13,0;12,999999999999998;-1,7763568394002505e-15;4,641373737316396;4,744683999142969
580,0;0,2;объём зерна;29,350528588955715;23,5;23,500000000000004;3,552713678800501e-15;20,76144906730017;21,06548326690337;13,0;12,999999999999998;-1,7763568394002505e-15;4,64137373757701;4,744683999142969
580,0;0,2;объём зерна;51,97073204951477;23,5;23,500000000000004;3,552713678800501e-15;20,76144906739571;21,06548326690337;13,0;12,999999999999998;-1,7763568394002505e-15;4,641373737149823;4,744683999142969
580,0;0,2;объём зерна;92,06645694618066;23,5;23,500000000000004;3,552713678800501e-15;20,761449067426703;21,06548326690337;13,0;12,999999999999998;-1,7763568394002505e-15;4,641373737368585;4,744683999142969
580,0;0,2;объём зерна;100,0;23,5;23,500000000000004;3,552713678800501e-15;20,761449067473222;21,06548326690337;13,0;12,999999999999998;-1,7763568394002505e-15;4,641373737539129;4,744683999142969
580,0;0,2;объём зерна;163,07792971802743;23,5;23,500000000000004;3,552713678800501e-15;20,761449067403234;21,06548326690337;13,0;12,999999999999998;-1,7763568394002505e-15;4,6413737376663855;4,744683999142969
580,0;0,2;объём зерна;200,0;23,5;23,500000000000004;3,552713678800501e-15;20,761449067417814;21,06548326690337;13,0;12,999999999999998;-1,7763568394002505e-15;4,641373737341824;4,744683999142969
580,0;0,2;объём зерна;288,7106794656684;23,5;23,500000000000004;3,552713678800501e-15;20,76144906746652;21,06548326690337;13,0;12,999999999999998;-1,7763568394002505e-15;4,641373737657227;4,744683999142969
580,0;0,2;объём зерна;511,2587749415865;23,5;23,500000000000004;3,552713678800501e-15;20,76144906724585;21,06548326690337;13,0;12,999999999999998;-1,7763568394002505e-15;4,641373737505685;4,744683999142969
580,0;0,2;объём зерна;905,6521559651597;23,5;23,500000000000004;3,552713678800501e-15;20,761449067322612;21,06548326690337;13,0;12,999999999999998;-1,7763568394002505e-15;4,641373737276675;4,744683999142969
580,0;0,2;объём зерна;1000,0;23,5;23,500000000000004;3,552713678800501e-15;20,76144906743741;21,06548326690337;13,0;12,999999999999998;-1,7763568394002505e-15;4,641373737295819;4,744683999142969
580,0;0,2;объём зерна;1603,2837532047117;23,5;23,500000000000004;3,552713678800501e-15;20,761449067391148;21,06548326690337;13,0;12,999999999999998;-1,7763568394002505e-15;4,641373737508013;4,744683999142969
580,0;0,2;объём зерна;2839,0358009060474;23,5;23,500000000000004;3,552713678800501e-15;20,76144906722405;21,06548326690337;13,0;12,999999999999998;-1,7763568394002505e-15;4,641373736935581;4,744683999142969
580,0;0,2;объём зерна;5028,633571792196;23,5;23,500000000000004;3,552713678800501e-15;20,761449067300877;21,06548326690337;13,0;12,999999999999998;-1,7763568394002505e-15;4,641373737276673;4,744683999142969
580,0;0,2;объём зерна;8908,86767615496;23,5;23,500000000000004;3,552713678800501e-15;20,761449067435535;21,06548326690337;13,0;12,999999999999998;-1,7763568394002505e-15;4,641373737078335;4,744683999142969
580,0;0,2;объём зерна;10000,0;23,5;23,500000000000004;3,552713678800501e-15;20,761449067399738;21,06548326690337;13,0;12,999999999999998;-1,7763568394002505e-15;4,641373737957546;4,744683999142969
580,0;0,2;объём зерна;15765,470162594047;23,5;23,500000000000004;3,552713678800501e-15;20,7614490675028;21,06548326690337;13,0;12,999999999999998;-1,7763568394002505e-15;4,6413737374316355;4,744683999142969
580,0;0,2;объём зерна;27940,049585849076;23,5;23,500000000000004;3,552713678800501e-15;20,76144906755102;21,06548326690337;13,0;12,999999999999998;-1,7763568394002505e-15;4,641373737395501;4,744683999142969
580,0;0,2;объём зерна;49468,135641063185;23,5;23,500000000000004;3,552713678800501e-15;20,761449067289746;21,06548326690337;13,0;12,999999999999998;-1,7763568394002505e-15;4,641373737646195;4,744683999142969
580,0;0,2;объём зерна;87600,0;23,5;23,500000000000004;3,552713678800501e-15;20,761449067562534;21,06548326690337;13,0;12,999999999999998;-1,7763568394002505e-15;4,641373737598783;4,744683999142969
580,0;0,25;объём зерна;0,001;23,5;23,500000000000004;3,552713678800501e-15;20,76144906730052;21,06548326690337;13,0;12,999999999999998;-1,7763568394002505e-15;4,641373737449665;4,744683999142969
580,0;0,25;объём зерна;0,001769908906321979;23,5;23,500000000000004;3,552713678800501e-15;20,761449067379356;21,06548326690337;13,0;12,999999999999998;-1,7763568394002505e-15;4,641373737171048;4,744683999142969
580,0;0,25;объём зерна;0,0031355141082460083;23,5;23,500000000000004;3,552713678800501e-15;20,761449067397795;21,06548326690337;13,0;12,999999999999998;-1,7763568394002505e-15;4,641373737302789;4,744683999142969
580,0;0,25;объём зерна;0,005554586920350339;23,5;23,500000000000004;3,552713678800501e-15;20,76144906750042;21,06548326690337;13,0;12,999999999999998;-1,7763568394002505e-15;4,641373737553075;4,744683999142969
580,0;0,25;объём зерна;0,009835356723973405;23,5;23,500000000000004;3,552713678800501e-15;20,761449067367902;21,06548326690337;13,0;12,999999999999998;-1,7763568394002505e-15;4,641373737234816;4,744683999142969
580,0;0,25;объём зерна;0,010000000000000002;23,5;23,500000000000004;3,552713678800501e-15;20,761449067370588;21,06548326690337;13,0;12,999999999999998;-1,7763568394002505e-15;4,6413737377565045;4,744683999142969
580,0;0,25;объём зерна;0,01741420532255206;23,5;23,500000000000004;3,552713678800501e-15;20,761449067526442;21,06548326690337;13,0;12,999999999999998;-1,7763568394002505e-15;4,641373737633293;4,744683999142969
580,0;0,25;объём зерна;0,03084270003851134;23,5;23,500000000000004;3,552713678800501e-15;20,761449067338408;21,06548326690337;13,0;12,999999999999998;-1,7763568394002505e-15;4,641373737217779;4,744683999142969
580,0;0,25;объём зерна;0,054614930997190225;23,5;23,500000000000004;3,552713678800501e-15;20,761449067243973;21,06548326690337;13,0;12,999999999999998;-1,7763568394002505e-15;4,641373737300876;4,744683999142969
580,0;0,25;объём зерна;0,09671041261606801;23,5;23,500000000000004;3,552713678800501e-15;20,761449067467044;21,06548326690337;13,0;12,999999999999998;-1,7763568394002505e-15;4,641373737650739;4,744683999142969
580,0;0,25;объём зерна;0,10000000000000002;23,5;23,500000000000004;3,552713678800501e-15;20,761449067302873;21,06548326690337;13,0;12,999999999999998;-1,7763568394002505e-15;4,641373737681488;4,744683999142969
580,0;0,25;объём зерна;0,17127951419477566;23,5;23,500000000000004;3,552713678800501e-15;20,761449067322584;21,06548326690337;13,0;12,999999999999998;-1,7763568394002505e-15;4,641373737075025;4,744683999142969
580,0;0,25;объём зерна;0,3035281041009391;23,5;23,500000000000004;3,552713678800501e-15;20,76144906743338;21,06548326690337;13,0;12,999999999999998;-1,7763568394002505e-15;4,641373737500917;4,744683999142969
580,0;0,25;объём зерна;0,5373684155160052;23,5;23,500000000000004;3,552713678800501e-15;20,761449067112643;21,06548326690337;13,0;12,999999999999998;-1,7763568394002505e-15;4,641373737194198;4,744683999142969
580,0;0,25;объём зерна;0,9511271808247345;23,5;23,500000000000004;3,552713678800501e-15;20,761449067480598;21,06548326690337;13,0;12,999999999999998;-1,7763568394002505e-15;4,641373737903835;4,744683999142969
580,0;0,25;объём зерна;1,0;23,5;23,500000000000004;3,552713678800501e-15;20,761449067357038;21,06548326690337;13,0;12,999999999999998;-1,7763568394002505e-15;4,641373737396937;4,744683999142969
580,0;0,25;объём зерна;1,6852501600765406;23,5;23,500000000000004;3,552713678800501e-15;20,761449067572585;21,06548326690337;13,0;12,999999999999998;-1,7763568394002505e-15;4,641373737659595;4,744683999142969
580,0;0,25;объём зерна;2,9833301265324974;23,5;23,500000000000004;3,552713678800501e-15;20,76144906752636;21,06548326690337;13,0;12,999999999999998;-1,7763568394002505e-15;4,641373737513418;4,744683999142969
580,0;0,25;объём зерна;5,2830095737983225;23,5;23,500000000000004;3,552713678800501e-15;20,76144906735114;21,06548326690337;13,0;12,999999999999998;-1,7763568394002505e-15;4,641373737613443;4,744683999142969
580,0;0,25;объём зерна;9,35969844997168;23,5;23,500000000000004;3,552713678800501e-15;20,76144906764066;21,06548326690337;13,0;12,999999999999998;-1,7763568394002505e-15;4,64137373769903;4,744683999142969
580,0;0,25;объём зерна;10,0;23,5;23,500000000000004;3,552713678800501e-15;20,7614490674998;21,06548326690337;13,0;12,999999999999998;-1,7763568394002505e-15;4,641373737240831;4,744683999142969
580,0;0,25;объём зерна;16,570959545682157;23,5;23,500000000000004;3,552713678800501e-15;20,761449067534244;21,06548326690337;13,0;12,999999999999998;-1,7763568394002505e-15;4,641373737266318;4,744683999142969
580,0;0,25;объём зерна;29,350528588955715;23,5;23,500000000000004;3,552713678800501e-15;20,761449067686836;21,06548326690337;13,0;12,999999999999998;-1,7763568394002505e-15;4,641373737771911;4,744683999142969
580,0;0,25;объём зерна;51,97073204951477;23,5;23,500000000000004;3,552713678800501e-15;20,76144906761797;21,06548326690337;13,0;12,999999999999998;-1,7763568394002505e-15;4,641373737718003;4,744683999142969
580,0;0,25;объём зерна;92,06645694618066;23,5;23,500000000000004;3,552713678800501e-15;20,76144906745671;21,06548326690337;13,0;12,999999999999998;-1,7763568394002505e-15;4,641373737896676;4,744683999142969
580,0;0,25;объём зерна;100,0;23,5;23,500000000000004;3,552713678800501e-15;20,761449067391307;21,06548326690337;13,0;12,999999999999998;-1,7763568394002505e-15;4,641373737826484;4,744683999142969
580,0;0,25;объём зерна;163,07792971802743;23,5;23,500000000000004;3,552713678800501e-15;20,76144906751003;21,06548326690337;13,0;12,999999999999998;-1,7763568394002505e-15;4,641373737579194;4,744683999142969
580,0;0,25;объём зерна;200,0;23,5;23,500000000000004;3,552713678800501e-15;20,761449067315432;21,06548326690337;13,0;12,999999999999998;-1,7763568394002505e-15;4,6413737373836375;4,744683999142969
580,0;0,25;объём зерна;288,7106794656684;23,5;23,500000000000004;3,552713678800501e-15;20,76144906741697;21,06548326690337;13,0;12,999999999999998;-1,7763568394002505e-15;4,641373737309869;4,744683999142969
580,0;0,25;объём зерна;511,2587749415865;23,5;23,500000000000004;3,552713678800501e-15;20,761449067524634;21,06548326690337;13,0;12,999999999999998;-1,7763568394002505e-15;4,641373737313498;4,744683999142969
580,0;0,25;объём зерна;905,6521559651597;23,5;23,500000000000004;3,552713678800501e-15;20,76144906756416;21,06548326690337;13,0;12,999999999999998;-1,7763568394002505e-15;4,641373737786008;4,744683999142969
580,0;0,25;объём зерна;1000,0;23,5;23,500000000000004;3,552713678800501e-15;20,76144906734864;21,06548326690337;13,0;12,999999999999998;-1,7763568394002505e-15;4,6413737371410875;4,744683999142969
580,0;0,25;объём зерна;1603,2837532047117;23,5;23,500000000000004;3,552713678800501e-15;20,761449067513734;21,06548326690337;13,0;12,999999999999998;-1,7763568394002505e-15;4,641373737391782;4,744683999142969
580,0;0,25;объём зерна;2839,0358009060474;23,5;23,500000000000004;3,552713678800501e-15;20,761449067696628;21,06548326690337;13,0;12,999999999999998;-1,7763568394002505e-15;4,641373738011256;4,744683999142969
580,0;0,25;объём зерна;5028,633571792196;23,5;23,500000000000004;3,552713678800501e-15;20,761449067484715;21,06548326690337;13,0;12,999999999999998;-1,7763568394002505e-15;4,641373737708955;4,744683999142969
580,0;0,25;объём зерна;8908,86767615496;23,5;23,500000000000004;3,552713678800501e-15;20,761449067480456;21,06548326690337;13,0;12,999999999999998;-1,7763568394002505e-15;4,641373737637009;4,744683999142969
580,0;0,25;объём зерна;10000,0;23,5;23,500000000000004;3,552713678800501e-15;20,761449067601465;21,06548326690337;13,0;12,999999999999998;-1,7763568394002505e-15;4,641373737627414;4,744683999142969
580,0;0,25;объём зерна;15765,470162594047;23,5;23,500000000000004;3,552713678800501e-15;20,76144906732178;21,06548326690337;13,0;12,999999999999998;-1,7763568394002505e-15;4,641373737257353;4,744683999142969
580,0;0,25;объём зерна;27940,049585849076;23,5;23,500000000000004;3,552713678800501e-15;20,761449067225993;21,06548326690337;13,0;12,999999999999998;-1,7763568394002505e-15;4,641373737484942;4,744683999142969
580,0;0,25;объём зерна;49468,135641063185;23,5;23,500000000000004;3,552713678800501e-15;20,761449067312455;21,06548326690337;13,0;12,999999999999998;-1,7763568394002505e-15;4,641373737483139;4,744683999142969
580,0;0,25;объём зерна;87600,0;23,5;23,500000000000004;3,552713678800501e-15;20,761449067297825;21,06548326690337;13,0;12,999999999999998;-1,7763568394002505e-15;4,64137373711313;4,744683999142969
580,0;0,5;объём зерна;0,001;23,5;23,500000000000004;3,552713678800501e-15;20,761449067340877;21,06548326690337;13,0;12,999999999999998;-1,7763568394002505e-15;4,641373737676687;4,744683999142969
580,0;0,5;объём зерна;0,001769908906321979;23,5;23,500000000000004;3,552713678800501e-15;20,761449067612112;21,06548326690337;13,0;12,999999999999998;-1,7763568394002505e-15;4,64137373773965;4,744683999142969
580,0;0,5;объём зерна;0,0031355141082460083;23,5;23,500000000000004;3,552713678800501e-15;20,761449067431894;21,06548326690337;13,0;12,999999999999998;-1,7763568394002505e-15;4,641373737916066;4,744683999142969
580,0;0,5;объём зерна;0,005554586920350339;23,5;23,500000000000004;3,552713678800501e-15;20,761449067399838;21,06548326690337;13,0;12,999999999999998;-1,7763568394002505e-15;4,641373737460854;4,744683999142969
580,0;0,5;объём зерна;0,009835356723973405;23,5;23,500000000000004;3,552713678800501e-15;20,761449067483458;21,06548326690337;13,0;12,999999999999998;-1,7763568394002505e-15;4,641373737726141;4,744683999142969
580,0;0,5;объём зерна;0,010000000000000002;23,5;23,500000000000004;3,552713678800501e-15;20,761449067339196;21,06548326690337;13,0;12,999999999999998;-1,7763568394002505e-15;4,641373737320093;4,744683999142969
580,0;0,5;объём зерна;0,01741420532255206;23,5;23,500000000000004;3,552713678800501e-15;20,761449067405348;21,06548326690337;13,0;12,999999999999998;-1,7763568394002505e-15;4,641373737460682;4,744683999142969
580,0;0,5;объём зерна;0,03084270003851134;23,5;23,500000000000004;3,552713678800501e-15;20,761449067520555;21,06548326690337;13,0;12,999999999999998;-1,7763568394002505e-15;4,641373737984818;4,744683999142969
580,0;0,5;объём зерна;0,054614930997190225;23,5;23,500000000000004;3,552713678800501e-15;20,76144906739646;21,06548326690337;13,0;12,999999999999998;-1,7763568394002505e-15;4,641373737280792;4,744683999142969
580,0;0,5;объём зерна;0,09671041261606801;23,5;23,500000000000004;3,552713678800501e-15;20,761449067350224;21,06548326690337;13,0;12,999999999999998;-1,7763568394002505e-15;4,641373737673397;4,744683999142969
580,0;0,5;объём зерна;0,10000000000000002;23,5;23,500000000000004;3,552713678800501e-15;20,76144906740917;21,06548326690337;13,0;12,999999999999998;-1,7763568394002505e-15;4,641373737250446;4,744683999142969
580,0;0,5;объём зерна;0,17127951419477566;23,5;23,500000000000004;3,552713678800501e-15;20,761449067545673;21,06548326690337;13,0;12,999999999999998;-1,7763568394002505e-15;4,641373737934713;4,744683999142969
580,0;0,5;объём зерна;0,3035281041009391;23,5;23,500000000000004;3,552713678800501e-15;20,761449067453306;21,06548326690337;13,0;12,999999999999998;-1,7763568394002505e-15;4,64137373773244;4,744683999142969
580,0;0,5;объём зерна;0,5373684155160052;23,5;23,500000000000004;3,552713678800501e-15;20,761449067417892;21,06548326690337;13,0;12,999999999999998;-1,7763568394002505e-15;4,641373737499319;4,744683999142969
580,0;0,5;объём зерна;0,9511271808247345;23,5;23,500000000000004;3,552713678800501e-15;20,761449067552153;21,06548326690337;13,0;12,999999999999998;-1,7763568394002505e-15;4,641373737458317;4,744683999142969
580,0;0,5;объём зерна;1,0;23,5;23,500000000000004;3,552713678800501e-15;20,761449067462998;21,06548326690337;13,0;12,999999999999998;-1,7763568394002505e-15;4,64137373777949;4,744683999142969
580,0;0,5;объём зерна;1,6852501600765406;23,5;23,500000000000004;3,552713678800501e-15;20,76144906725332;21,06548326690337;13,0;12,999999999999998;-1,7763568394002505e-15;4,641373737053464;4,744683999142969
580,0;0,5;объём зерна;2,9833301265324974;23,5;23,500000000000004;3,552713678800501e-15;20,761449067239596;21,06548326690337;13,0;12,999999999999998;-1,7763568394002505e-15;4,6413737368495624;4,744683999142969
580,0;0,5;объём зерна;5,2830095737983225;23,5;23,500000000000004;3,552713678800501e-15;20,761449067512192;21,06548326690337;13,0;12,999999999999998;-1,7763568394002505e-15;4,641373737798036;4,744683999142969
580,0;0,5;объём зерна;9,35969844997168;23,5;23,500000000000004;3,552713678800501e-15;20,761449067441795;21,06548326690337;13,0;12,999999999999998;-1,7763568394002505e-15;4,641373737348679;4,744683999142969
580,0;0,5;объём зерна;10,0;23,5;23,500000000000004;3,552713678800501e-15;20,761449067366236;21,06548326690337;13,0;12,999999999999998;-1,7763568394002505e-15;4,641373737438151;4,744683999142969
580,0;0,5;объём зерна;16,570959545682157;23,5;23,500000000000004;3,552713678800501e-15;20,76144906753912;21,06548326690337;13,0;12,999999999999998;-1,7763568394002505e-15;4,641373737501072;4,744683999142969
580,0;0,5;объём зерна;29,350528588955715;23,5;23,500000000000004;3,552713678800501e-15;20,761449067495708;21,06548326690337;13,0;12,999999999999998;-1,7763568394002505e-15;4,641373737630661;4,744683999142969
580,0;0,5;объём зерна;51,97073204951477;23,5;23,500000000000004;3,552713678800501e-15;20,76144906742129;21,06548326690337;13,0;12,999999999999998;-1,7763568394002505e-15;4,64137373719931;4,744683999142969
580,0;0,5;объём зерна;92,06645694618066;23,5;23,500000000000004;3,552713678800501e-15;20,761449067419115;21,06548326690337;13,0;12,999999999999998;-1,7763568394002505e-15;4,641373737623487;4,744683999142969
580,0;0,5;объём зерна;100,0;23,5;23,500000000000004;3,552713678800501e-15;20,76144906735778;21,06548326690337;13,0;12,999999999999998;-1,7763568394002505e-15;4,641373737462679;4,744683999142969
580,0;0,5;объём зерна;163,07792971802743;23,5;23,500000000000004;3,552713678800501e-15;20,761449067479653;21,06548326690337;13,0;12,999999999999998;-1,7763568394002505e-15;4,64137373745542;4,744683999142969
580,0;0,5;объём зерна;200,0;23,5;23,500000000000004;3,552713678800501e-15;20,761449067479926;21,06548326690337;13,0;12,999999999999998;-1,7763568394002505e-15;4,641373737686191;4,744683999142969
580,0;0,5;объём зерна;288,7106794656684;23,5;23,500000000000004;3,552713678800501e-15;20,761449067206918;21,06548326690337;13,0;12,999999999999998;-1,7763568394002505e-15;4,641373737078526;4,744683999142969
580,0;0,5;объём зерна;511,2587749415865;23,5;23,500000000000004;3,552713678800501e-15;20,761449067563724;21,06548326690337;13,0;12,999999999999998;-1,7763568394002505e-15;4,641373737726932;4,744683999142969
580,0;0,5;объём зерна;905,6521559651597;23,5;23,500000000000004;3,552713678800501e-15;20,76144906736144;21,06548326690337;13,0;12,999999999999998;-1,7763568394002505e-15;4,641373737091406;4,744683999142969
580,0;0,5;объём зерна;1000,0;23,5;23,500000000000004;3,552713678800501e-15;20,761449067415608;21,06548326690337;13,0;12,999999999999998;-1,7763568394002505e-15;4,641373737706611;4,744683999142969
580,0;0,5;объём зерна;1603,2837532047117;23,5;23,500000000000004;3,552713678800501e-15;20,76144906729192;21,06548326690337;13,0;12,999999999999998;-1,7763568394002505e-15;4,641373737548146;4,744683999142969
580,0;0,5;объём зерна;2839,0358009060474;23,5;23,500000000000004;3,552713678800501e-15;20,76144906741586;21,06548326690337;13,0;12,999999999999998;-1,7763568394002505e-15;4,641373737176922;4,744683999142969
580,0;0,5;объём зерна;5028,633571792196;23,5;23,500000000000004;3,552713678800501e-15;20,761449067432824;21,06548326690337;13,0;12,999999999999998;-1,7763568394002505e-15;4,6413737374760204;4,744683999142969
580,0;0,5;объём зерна;8908,86767615496;23,5;23,500000000000004;3,552713678800501e-15;20,761449067411387;21,06548326690337;13,0;12,999999999999998;-1,7763568394002505e-15;4,641373737373072;4,744683999142969
580,0;0,5;объём зерна;10000,0;23,5;23,500000000000004;3,552713678800501e-15;20,76144906747746;21,06548326690337;13,0;12,999999999999998;-1,7763568394002505e-15;4,6413737378079984;4,744683999142969
580,0;0,5;объём зерна;15765,470162594047;23,5;23,500000000000004;3,552713678800501e-15;20,76144906722842;21,06548326690337;13,0;12,999999999999998;-1,7763568394002505e-15;4,641373737296824;4,744683999142969
580,0;0,5;объём зерна;27940,049585849076;23,5;23,500000000000004;3,552713678800501e-15;20,76144906741431;21,06548326690337;13,0;12,999999999999998;-1,7763568394002505e-15;4,641373737423811;4,744683999142969
580,0;0,5;объём зерна;49468,135641063185;23,5;23,500000000000004;3,552713678800501e-15;20,761449067584422;21,06548326690337;13,0;12,999999999999998;-1,7763568394002505e-15;4,641373737482115;4,744683999142969
580,0;0,5;объём зерна;87600,0;23,5;23,500000000000004;3,552713678800501e-15;20,7614490673749;21,06548326690337;13,0;12,999999999999998;-1,7763568394002505e-15;4,641373737514702;4,744683999142969
580,0;0,05;границы зёрен;0,001;23,5;23,500000000000004;3,552713678800501e-15;20,761449067364357;21,06548326690337;13,0;12,999999999999998;-1,7763568394002505e-15;4,64137373711729;4,744683999142969
580,0;0,05;границы зёрен;0,001769908906321979;23,5;23,500000000000004;3,552713678800501e-15;20,761449067569284;21,06548326690337;13,0;12,999999999999998;-1,7763568394002505e-15;4,641373737820853;4,744683999142969
580,0;0,05;границы зёрен;0,0031355141082460083;23,5;23,500000000000004;3,552713678800501e-15;20,761449067280434;21,06548326690337;13,0;12,999999999999998;-1,7763568394002505e-15;4,641373737073938;4,744683999142969
580,0;0,05;границы зёрен;0,005554586920350339;23,5;23,500000000000004;3,552713678800501e-15;20,761449067497363;21,06548326690337;13,0;12,999999999999998;-1,7763568394002505e-15;4,64137373765168;4,744683999142969
580,0;0,05;границы зёрен;0,009835356723973405;23,5;23,500000000000004;3,552713678800501e-15;20,76144906738159;21,06548326690337;13,0;12,999999999999998;-1,7763568394002505e-15;4,641373737509885;4,744683999142969
580,0;0,05;границы зёрен;0,010000000000000002;23,5;23,500000000000004;3,552713678800501e-15;20,76144906757781;21,06548326690337;13,0;12,999999999999998;-1,7763568394002505e-15;4,641373737932297;4,744683999142969
580,0;0,05;границы зёрен;0,017524065147659272;23,5;23,500000000000004;3,552713678800501e-15;20,761449067381285;21,06548326690337;13,0;12,999999999999998;-1,7763568394002505e-15;4,641373737440263;4,744683999142969
580,0;0,05;границы зёрен;0,031078977122457007;23,5;23,500000000000004;3,552713678800501e-15;20,761449067469215;21,06548326690337;13,0;12,999999999999998;-1,7763568394002505e-15;4,641373737603617;4,744683999142969
580,0;0,05;границы зёрен;0,05541301868740023;23,5;23,49999999999871;-1,2896350654045818e-12;20,76144906735802;21,06548326690337;13,0;12,999999999996067;-3,9328540424321545e-12;4,64137373708126;4,744683999142969
580,0;0,05;границы зёрен;0,09675159537901787;23,5;23,499999991789515;-8,210484736537182e-09;20,76144906738619;21,06548326690337;13,0;12,999999974939868;-2,5060131747522973e-08;4,641373737706802;4,744683999142969
580,0;0,05;границы зёрен;0,10000000000000002;23,5;23,49999998777301;-1,2226990975250374e-08;20,76144906747869;21,06548326690337;13,0;12,999999962680688;-3,731931208506012e-08;4,641373737756116;4,744683999142969
580,0;0,05;границы зёрен;0,17187657104251033;23,5;23,499997836468676;-2,163531323873258e-06;20,761449067356658;21,06548326690337;13,0;12,99999339645302;-6,603546980343822e-06;4,6413737373766395;4,744683999142969
580,0;0,05;границы зёрен;0,30298183153608527;23,5;23,499927777241048;-7,222275895202301e-05;20,761449067439067;21,06548326690337;13,0;12,999779561138489;-0,0002204388615112407;4,641373737344277;4,744683999142969
580,0;0,05;границы зёрен;0,5364767795834141;23,5;23,499535630791296;-0,00046436920870362997;20,761449067624874;21,06548326690337;13,0;12,998582648722225;-0,0014173512777748698;4,641373738013276;4,744683999142969
580,0;0,05;границы зёрен;0,9544750656424599;23,5;23,498039223950666;-0,0019607760493336457;20,761449067705666;21,06548326690337;13,0;12,99401530423026;-0,005984695769740256;4,641373737773806;4,744683999142969
580,0;0,05;границы зёрен;1,0;23,5;23,497814834054235;-0,0021851659457645667;20,761449067593688;21,06548326690337;13,0;12,993330419658998;-0,006669580341002401;4,64137373787788;4,744683999142969
580,0;0,05;границы зёрен;1,68528842184199;23,5;23,493275099864835;-0,006724900135164802;20,761449067371444;21,06548326690337;13,0;12,97947420797767;-0,020525792022329625;4,641373737527243;4,744683999142969
580,0;0,05;границы зёрен;2,9787341098710702;23,5;23,479952274424253;-0,020047725575746966;20,761449067283305;21,06548326690337;13,0;12,93881017748671;-0,06118982251329008;4,641373737129474;4,744683999142969
580,0;0,05;границы зёрен;5,281099313375601;23,5;23,444627437615672;-0,05537256238432775;20,761449067385335;21,06548326690337;13,0;12,830991438327302;-0,1690085616726975;4,641373737395421;4,744683999142969
580,0;0,05;границы зёрен;9,343483271085594;23,5;23,355931459752558;-0,1440685402474422;20,761449067757617;21,06548326690337;13,0;12,560272891099896;-0,43972710890010447;4,641373738347375;4,744683999142969
580,0;0,05;границы зёрен;10,0;23,5;23,338988968973034;-0,16101103102696612;20,761449067588636;21,06548326690337;13,0;12,50856089016774;-0,49143910983226036;4,641373737861542;4,744683999142969
580,0;0,05;границы зёрен;16,557381246113344;23,5;23,136891723177996;-0,363108276822004;20,761449067602793;21,06548326690337;13,0;11,891718118963007;-1,1082818810369925;4,641373737922051;4,744683999142969
580,0;0,05;границы зёрен;29,3373462606345;23,5;22,62064245485223;-0,8793575451477693;20,76144906758847;21,06548326690337;13,0;10,316018123392986;-2,683981876607014;4,641373737620003;4,744683999142969
580,0;0,05;границы зёрен;51,96842000950025;23,5;21,628579373401966;-1,8714206265980344;20,761449067454087;21,06548326690337;13,0;7,288035540219807;-5,711964459780193;4,641373737298341;4,744683999142969
580,0;0,05;границы зёрен;91,97350895623526;23,5;20,87961767586614;-2,6203823241338604;20,761449067653565;21,06548326690337;13,0;5,002048874628027;-7,997951125371973;4,641373738172064;4,744683999142969
580,0;0,05;границы зёрен;100,0;23,5;20,84845379698088;-2,6515462030191195;20,76144906755457;21,06548326690337;13,0;4,906930243386987;-8,093069756613012;4,641373737810839;4,744683999142969
580,0;0,05;границы зёрен;161,28319454126387;23,5;20,808079904987217;-2,691920095012783;20,761449067599425;21,06548326690337;13,0;4,783700739078629;-8,216299260921371;4,641373737433585;4,744683999142969
580,0;0,05;границы зёрен;200,0;23,5;20,80761053275839;-2,692389467241611;20,76144906735005;21,06548326690337;13,0;4,782268117507566;-8,217731882492433;4,641373737480229;4,744683999142969
580,0;0,05;границы зёрен;292,5190939722318;23,5;20,808892415075793;-2,6911075849242074;20,761449067767153;21,06548326690337;13,0;4,786180688620611;-8,213819311379389;4,6413737385085545;4,744683999142969
580,0;0,05;границы зёрен;522,8867392700279;23,5;20,81359399445106;-2,686406005548939;20,76144906748313;21,06548326690337;13,0;4,800530885281369;-8,199469114718632;4,641373737229905;4,744683999142969
580,0;0,05;границы зёрен;908,6522182251539;23,5;20,8080345558602;-2,6919654441398;20,76144906752997;21,06548326690337;13,0;4,783562324065758;-8,216437675934241;4,641373737556441;4,744683999142969
580,0;0,05;границы зёрен;1000,0;23,5;20,807937037999807;-2,6920629620001932;20,7614490675143;21,06548326690337;13,0;4,783264679298983;-8,216735320701016;4,641373737147879;4,744683999142969
580,0;0,05;границы зёрен;1597,6704507861004;23,5;20,808214574441504;-2,6917854255584963;20,7614490675429;21,06548326690337;13,0;4,784111778151775;-8,215888221848225;4,641373737732296;4,744683999142969
580,0;0,05;границы зёрен;2832,361787375086;23,5;20,80803392369261;-2,6919660763073914;20,76144906763684;21,06548326690337;13,0;4,783560394512289;-8,216439605487711;4,6413737374997215;4,744683999142969
580,0;0,05;границы зёрен;5022,922748362779;23,5;20,805854478586436;-2,6941455214135637;20,76144906750637;21,06548326690337;13,0;4,776908275439251;-8,22309172456075;4,641373737331606;4,744683999142969
580,0;0,05;границы зёрен;8906,600282681744;23,5;20,800866924023648;-2,699133075976352;20,761449067499864;21,06548326690337;13,0;4,761685222835581;-8,238314777164419;4,641373737621827;4,744683999142969
580,0;0,05;границы зёрен;10000,0;23,5;20,799620098202656;-2,700379901797344;20,761449067761212;21,06548326690337;13,0;4,757879651468529;-8,242120348531472;4,641373738196225;4,744683999142969
580,0;0,05;границы зёрен;15781,006870299745;23,5;20,79443292665016;-2,7055670733498403;20,761449067292325;21,06548326690337;13,0;4,7420473266218055;-8,257952673378195;4,641373737115916;4,744683999142969
580,0;0,05;границы зёрен;27923,257558865072;23,5;20,789759275811925;-2,7102407241880755;20,761449067528716;21,06548326690337;13,0;4,727782373422829;-8,27221762657717;4,641373737517019;4,744683999142969
580,0;0,05;границы зёрен;49459,266890725325;23,5;20,785571825702487;-2,714428174297513;20,76144906743208;21,06548326690337;13,0;4,715001406044269;-8,28499859395573;4,641373736914348;4,744683999142969
580,0;0,05;границы зёрен;87600,0;23,5;20,7814306428129;-2,7185693571871;20,761449067373132;21,06548326690337;13,0;4,702361655612693;-8,297638344387307;4,6413737371517;4,744683999142969
580,0;0,075;границы зёрен;0,001;23,5;23,500000000000004;3,552713678800501e-15;20,761449067650403;21,06548326690337;13,0;12,999999999999998;-1,7763568394002505e-15;4,641373737933621;4,744683999142969
580,0;0,075;границы зёрен;0,001769908906321979;23,5;23,500000000000004;3,552713678800501e-15;20,76144906734915;21,06548326690337;13,0;12,999999999999998;-1,7763568394002505e-15;4,641373737425381;4,744683999142969
580,0;0,075;границы зёрен;0,0031355141082460083;23,5;23,500000000000004;3,552713678800501e-15;20,761449067376162;21,06548326690337;13,0;12,999999999999998;-1,7763568394002505e-15;4,641373737383275;4,744683999142969
580,0;0,075;границы зёрен;0,005554586920350339;23,5;23,500000000000004;3,552713678800501e-15;20,761449067631226;21,06548326690337;13,0;12,999999999999998;-1,7763568394002505e-15;4,641373737906092;4,744683999142969
580,0;0,075;границы зёрен;0,009835356723973405;23,5;23,500000000000004;3,552713678800501e-15;20,761449067483216;21,06548326690337;13,0;12,999999999999998;-1,7763568394002505e-15;4,641373737606107;4,744683999142969
580,0;0,075;границы зёрен;0,010000000000000002;23,5;23,500000000000004;3,552713678800501e-15;20,761449067354903;21,06548326690337;13,0;12,999999999999998;-1,7763568394002505e-15;4,641373737562174;4,744683999142969
580,0;0,075;границы зёрен;0,01741420532255206;23,5;23,500000000000004;3,552713678800501e-15;20,761449067323035;21,06548326690337;13,0;12,999999999999998;-1,7763568394002505e-15;4,641373737446415;4,744683999142969
580,0;0,075;границы зёрен;0,030587200665208536;23,5;23,500000000000004;3,552713678800501e-15;20,7614490673873;21,06548326690337;13,0;12,999999999999998;-1,7763568394002505e-15;4,64137373784465;4,744683999142969
580,0;0,075;границы зёрен;0,054127621709595126;23,5;23,500000000000004;3,552713678800501e-15;20,761449067480722;21,06548326690337;13,0;12,999999999999998;-1,7763568394002505e-15;4,641373737673651;4,744683999142969
580,0;0,075;границы зёрен;0,0978193921759082;23,5;23,499999999974772;-2,5227819833162357e-11;20,761449067511627;21,06548326690337;13,0;12,999999999922974;-7,702638527007366e-11;4,641373737590914;4,744683999142969
580,0;0,075;границы зёрен;0,10000000000000002;23,5;23,499999999962487;-3,751310373445449e-11;20,761449067351503;21,06548326690337;13,0;12,999999999885487;-1,1451284365193715e-10;4,641373737558717;4,744683999142969
580,0;0,075;границы зёрен;0,17214907842829758;23,5;23,499999946206888;-5,379311218689509e-08;20,76144906736793;21,06548326690337;13,0;12,99999983581224;-1,6418776027649074e-07;4,6413737375057345;4,744683999142969
580,0;0,075;границы зёрен;0,3042446278412657;23,5;23,49999351109074;-6,488909260582432e-06;20,761449067484513;21,06548326690337;13,0;12,999980194501136;-1,9805498864045035e-05;4,641373737684739;4,744683999142969
580,0;0,075;границы зёрен;0,5358397858808951;23,5;23,499873607696777;-0,0001263923032226444;20,761449067364705;21,06548326690337;13,0;12,999614224437975;-0,0003857755620249037;4,641373736947599;4,744683999142969
580,0;0,075;границы зёрен;0,9525130075503843;23,5;23,499387981989;-0,0006120180110009699;20,76144906731734;21,06548326690337;13,0;12,99813199390991;-0,0018680060900901907;4,6413737371090145;4,744683999142969
580,0;0,075;границы зёрен;1,0;23,5;23,499305635763978;-0,0006943642360219826;20,761449067653704;21,06548326690337;13,0;12,997880656127265;-0,0021193438727351577;4,641373737576467;4,744683999142969
580,0;0,075;границы зёрен;1,685226342719292;23,5;23,49735048281504;-0,002649517184959649;20,761449067316473;21,06548326690337;13,0;12,99191312322791;-0,00808687677209008;4,641373737307408;4,744683999142969
580,0;0,075;границы зёрен;2,9842043505468894;23,5;23,490364829688943;-0,009635170311057095;20,761449067652062;21,06548326690337;13,0;12,970591458917145;-0,029408541082855066;4,641373737664133;4,744683999142969
580,0;0,075;границы зёрен;5,2637999478987005;23,5;23,470128983241104;-0,029871016758896474;20,761449067585193;21,06548326690337;13,0;12,908827452428412;-0,09117254757158832;4,641373737527934;4,744683999142969
580,0;0,075;границы зёрен;9,34802473411173;23,5;23,415347143199824;-0,08465285680017587;20,76144906758544;21,06548326690337;13,0;12,741621898044379;-0,2583781019556213;4,641373737259393;4,744683999142969
580,0;0,075;границы зёрен;10,0;23,5;23,404792598584713;-0,09520740141528705;20,761449067278022;21,06548326690337;13,0;12,709407235626138;-0,29059276437386217;4,641373737088651;4,744683999142969
580,0;0,075;границы зёрен;16,572636866275552;23,5;23,275293561836076;-0,2247064381639241;20,76144906744883;21,06548326690337;13,0;12,31414927759592;-0,68585072240408;4,641373737369332;4,744683999142969
580,0;0,075;границы зёрен;29,31557350125546;23,5;22,93279443348714;-0,567205566512861;20,76144906739395;21,06548326690337;13,0;11,268770798369111;-1,7312292016308888;4,641373737523751;4,744683999142969
580,0;0,075;границы зёрен;51,96814493067204;23,5;22,166656372550406;-1,3333436274495938;20,761449067207213;21,06548326690337;13,0;8,930358304035078;-4,069641695964922;4,641373736717306;4,744683999142969
580,0;0,075;границы зёрен;91,96315676588978;23,5;21,12650425871143;-2,3734957412885684;20,7614490675814;21,06548326690337;13,0;5,755598005595173;-7,244401994404827;4,6413737375777275;4,744683999142969
580,0;0,075;границы зёрен;100,0;23,5;21,0282173127771;-2,4717826872228983;20,761449067482417;21,06548326690337;13,0;5,455605831720798;-7,544394168279202;4,641373738011414;4,744683999142969
580,0;0,075;границы зёрен;163,2622860918517;23,5;20,829025328046917;-2,6709746719530827;20,761449067462873;21,06548326690337;13,0;4,847630520613509;-8,15236947938649;4,641373736921625;4,744683999142969
580,0;0,075;границы зёрен;200,0;23,5;20,823501871861147;-2,676498128138853;20,761449067558004;21,06548326690337;13,0;4,830771785170919;-8,169228214829081;4,641373737933489;4,744683999142969
580,0;0,075;границы зёрен;287,61073849523694;23,5;20,82456978081944;-2,6754302191805586;20,761449067620738;21,06548326690337;13,0;4,8340312651285995;-8,1659687348714;4,6413737376680375;4,744683999142969
580,0;0,075;границы зёрен;509,02171453177226;23,5;20,823234360132027;-2,6767656398679733;20,761449067492048;21,06548326690337;13,0;4,829955283851702;-8,170044716148297;4,641373737807316;4,744683999142969
580,0;0,075;границы зёрен;909,9978442314342;23,5;20,82425069467864;-2,675749305321361;20,761449067501523;21,06548326690337;13,0;4,833057347946612;-8,166942652053388;4,6413737375935;4,744683999142969
580,0;0,075;границы зёрен;1000,0;23,5;20,824924385830773;-2,675075614169227;20,76144906758209;21,06548326690337;13,0;4,835113593308983;-8,164886406691018;4,641373737409419;4,744683999142969
580,0;0,075;границы зёрен;1610,0819950488633;23,5;20,824504110579845;-2,675495889420155;20,76144906741136;21,06548326690337;13,0;4,833830825990647;-8,166169174009353;4,641373736937659;4,744683999142969
580,0;0,075;границы зёрен;2836,9669263593446;23,5;20,82306757466784;-2,6769324253321614;20,761449067247735;21,06548326690337;13,0;4,829446219929507;-8,170553780070492;4,641373736650587;4,744683999142969
580,0;0,075;границы зёрен;5028,534873236521;23,5;20,82013188248247;-2,679868117517529;20,76144906755815;21,06548326690337;13,0;4,820485877600204;-8,179514122399796;4,641373737539297;4,744683999142969
580,0;0,075;границы зёрен;8907,978110732955;23,5;20,81332764598539;-2,686672354014611;20,761449067514533;21,06548326690337;13,0;4,799717934530945;-8,200282065469054;4,641373737669108;4,744683999142969
580,0;0,075;границы зёрен;10000,0;23,5;20,81161959727292;-2,6883804027270806;20,761449067590796;21,06548326690337;13,0;4,794504615085582;-8,205495384914418;4,641373738047923;4,744683999142969
580,0;0,075;границы зёрен;15768,3094427109;23,5;20,80468621281815;-2,695313787181849;20,761449067762296;21,06548326690337;13,0;4,773342485571122;-8,226657514428878;4,641373737811903;4,744683999142969
580,0;0,075;границы зёрен;27913,134058292922;23,5;20,79712126675511;-2,7028787332448907;20,76144906734996;21,06548326690337;13,0;4,750252698924492;-8,249747301075509;4,641373737088477;4,744683999142969
580,0;0,075;границы зёрен;49433,972269105856;23,5;20,79082928335639;-2,7091707166436088;20,761449067585225;21,06548326690337;13,0;4,731048258762293;-8,268951741237707;4,6413737376319775;4,744683999142969
580,0;0,075;границы зёрен;87600,0;23,5;20,78567359637388;-2,7143264036261208;20,76144906751306;21,06548326690337;13,0;4,715312031125845;-8,284687968874156;4,641373737760206;4,744683999142969
580,0;0,1;границы зёрен;0,001;23,5;23,500000000000004;3,552713678800501e-15;20,761449067438985;21,06548326690337;13,0;12,999999999999998;-1,7763568394002505e-15;4,641373737134617;4,744683999142969
580,0;0,1;границы зёрен;0,001769908906321979;23,5;23,500000000000004;3,552713678800501e-15;20,76144906742319;21,06548326690337;13,0;12,999999999999998;-1,7763568394002505e-15;4,6413737377756314;4,744683999142969
580,0;0,1;границы зёрен;0,0031355141082460083;23,5;23,500000000000004;3,552713678800501e-15;20,76144906737563;21,06548326690337;13,0;12,999999999999998;-1,7763568394002505e-15;4,641373737413669;4,744683999142969
580,0;0,1;границы зёрен;0,005554586920350339;23,5;23,500000000000004;3,552713678800501e-15;20,761449067239198;21,06548326690337;13,0;12,999999999999998;-1,7763568394002505e-15;4,641373737381294;4,744683999142969
580,0;0,1;границы зёрен;0,009835356723973405;23,5;23,500000000000004;3,552713678800501e-15;20,76144906731571;21,06548326690337;13,0;12,999999999999998;-1,7763568394002505e-15;4,641373737421403;4,744683999142969
580,0;0,1;границы зёрен;0,010000000000000002;23,5;23,500000000000004;3,552713678800501e-15;20,761449067427478;21,06548326690337;13,0;12,999999999999998;-1,7763568394002505e-15;4,641373737679643;4,744683999142969
580,0;0,1;границы зёрен;0,01741420532255206;23,5;23,500000000000004;3,552713678800501e-15;20,761449067546213;21,06548326690337;13,0;12,999999999999998;-1,7763568394002505e-15;4,641373737549814;4,744683999142969
580,0;0,1;границы зёрен;0,03084270003851134;23,5;23,500000000000004;3,552713678800501e-15;20,761449067496;21,06548326690337;13,0;12,999999999999998;-1,7763568394002505e-15;4,641373737880893;4,744683999142969
580,0;0,1;границы зёрен;0,055162353400875414;23,5;23,500000000000004;3,552713678800501e-15;20,761449067449902;21,06548326690337;13,0;12,999999999999998;-1,7763568394002505e-15;4,64137373707036;4,744683999142969
580,0;0,1;границы зёрен;0,09601857333373472;23,5;23,499999999999996;-3,552713678800501e-15;20,761449067355606;21,06548326690337;13,0;12,99999999999997;-3,019806626980426e-14;4,641373737606471;4,744683999142969
580,0;0,1;границы зёрен;0,10000000000000002;23,5;23,499999999999975;-2,4868995751603507e-14;20,761449067534603;21,06548326690337;13,0;12,999999999999918;-8,171241461241152e-14;4,6413737377872275;4,744683999142969
580,0;0,1;границы зёрен;0,17212939571215588;23,5;23,499999999649347;-3,5065284009760944e-10;20,761449067409732;21,06548326690337;13,0;12,999999998929736;-1,070263877522848e-09;4,641373737597645;4,744683999142969
580,0;0,1;границы зёрен;0,30276457692382314;23,5;23,499999855002205;-1,4499779510401822e-07;20,76144906751951;21,06548326690337;13,0;12,999999557436595;-4,425634045901461e-07;4,641373737294963;4,744683999142969
580,0;0,1;границы зёрен;0,5336324255973472;23,5;23,49999342399328;-6,5760067187170534e-06;20,76144906754861;21,06548326690337;13,0;12,999979928661611;-2,007133838866082e-05;4,641373737915121;4,744683999142969
580,0;0,1;границы зёрен;0,9522520609606948;23,5;23,499906797200513;-9,320279948710208e-05;20,761449067469506;21,06548326690337;13,0;12,999715525697079;-0,00028447430292111164;4,64137373772765;4,744683999142969
580,0;0,1;границы зёрен;1,0;23,5;23,499888422705983;-0,00011157729401745087;20,76144906751337;21,06548326690337;13,0;12,999659442923251;-0,0003405570767487376;4,641373737828338;4,744683999142969
580,0;0,1;границы зёрен;1,6822005228352275;23,5;23,499455360022825;-0,00054463997717491;20,76144906770932;21,06548326690337;13,0;12,998337645664028;-0,0016623543359717274;4,641373737954751;4,744683999142969
580,0;0,1;границы зёрен;2,9910703324141736;23,5;23,497208805503366;-0,0027911944966341196;20,76144906750524;21,06548326690337;13,0;12,991480694645269;-0,008519305354731443;4,641373737476424;4,744683999142969
580,0;0,1;границы зёрен;5,297160121393025;23,5;23,488649379127867;-0,011350620872132566;20,761449067571757;21,06548326690337;13,0;12,965355547493376;-0,03464445250662429;4,64137373752809;4,744683999142969
580,0;0,1;границы зёрен;9,343069759002532;23,5;23,463052837983163;-0,0369471620168369;20,7614490675813;21,06548326690337;13,0;12,887229587336252;-0,11277041266374788;4,641373738135592;4,744683999142969
580,0;0,1;границы зёрен;10,0;23,5;23,45786163183914;-0,042138368160859585;20,76144906748425;21,06548326690337;13,0;12,871384947933686;-0,12861505206631385;4,641373737723174;4,744683999142969
580,0;0,1;границы зёрен;16,525289155794677;23,5;23,393323973174272;-0,10667602682572763;20,761449067572094;21,06548326690337;13,0;12,674402608756848;-0,3255973912431518;4,6413737375458775;4,744683999142969
580,0;0,1;границы зёрен;29,312562510526828;23,5;23,213126593109823;-0,2868734068901766;20,761449067366343;21,06548326690337;13,0;12,12440277652226;-0,8755972234777403;4,641373737460562;4,744683999142969
580,0;0,1;границы зёрен;51,972619937495686;23,5;22,77371551462866;-0,726284485371341;20,761449067355596;21,06548326690337;13,0;10,783228896180836;-2,2167711038191644;4,641373737079211;4,744683999142969
580,0;0,1;границы зёрен;92,0904703990649;23,5;21,854575290085048;-1,645424709914952;20,761449067541104;21,06548326690337;13,0;7,977822018942183;-5,022177981057817;4,641373736996976;4,744683999142969
580,0;0,1;границы зёрен;100,0;23,5;21,6900087056328;-1,809991294367201;20,76144906730821;21,06548326690337;13,0;7,475530621499041;-5,524469378500959;4,641373737173104;4,744683999142969
580,0;0,1;границы зёрен;163,02150549154095;23,5;20,95922896576638;-2,5407710342336216;20,761449067472608;21,06548326690337;13,0;5,245039067294149;-7,754960932705851;4,641373737696153;4,744683999142969
580,0;0,1;границы зёрен;200,0;23,5;20,863095547170463;-2,636904452829537;20,761449067570414;21,06548326690337;13,0;4,9516199060495545;-8,048380093950446;4,641373737536116;4,744683999142969
580,0;0,1;границы зёрен;293,8095807505912;23,5;20,829672948625173;-2,6703270513748265;20,761449067493746;21,06548326690337;13,0;4,849607193228502;-8,150392806771498;4,641373737374903;4,744683999142969
580,0;0,1;границы зёрен;512,9083063551727;23,5;20,831006360233772;-2,668993639766228;20,761449067636747;21,06548326690337;13,0;4,853677042414663;-8,146322957585337;4,641373738269339;4,744683999142969
580,0;0,1;границы зёрен;898,7729868319934;23,5;20,830845231587194;-2,669154768412806;20,76144906761013;21,06548326690337;13,0;4,853185244315244;-8,146814755684755;4,6413737379325966;4,744683999142969
580,0;0,1;границы зёрен;1000,0;23,5;20,830447511713356;-2,6695524882866444;20,76144906744217;21,06548326690337;13,0;4,8519713206482535;-8,148028679351746;4,641373737224149;4,744683999142969
580,0;0,1;границы зёрен;1616,5530870524312;23,5;20,830275705844787;-2,6697242941552126;20,761449067407334;21,06548326690337;13,0;4,851446933436371;-8,148553066563629;4,641373737761879;4,744683999142969
580,0;0,1;границы зёрен;2842,332896004763;23,5;20,829200704845203;-2,670799295154797;20,761449067564204;21,06548326690337;13,0;4,848165807066192;-8,151834192933809;4,641373737576217;4,744683999142969
580,0;0,1;границы зёрен;5031,461831476108;23,5;20,827941022121042;-2,672058977878958;20,761449067536244;21,06548326690337;13,0;4,8443209938164555;-8,155679006183544;4,641373737859937;4,744683999142969
580,0;0,1;границы зёрен;8907,130342449726;23,5;20,8223496291431;-2,677650370856899;20,76144906743091;21,06548326690337;13,0;4,827254901080566;-8,172745098919435;4,641373737461879;4,744683999142969
580,0;0,1;границы зёрен;10000,0;23,5;20,820704012769458;-2,6792959872305424;20,761449067617257;21,06548326690337;13,0;4,822232138111027;-8,177767861888974;4,641373737872937;4,744683999142969
580,0;0,1;границы зёрен;15773,272772222115;23,5;20,813499025223873;-2,686500974776127;20,761449067314143;21,06548326690337;13,0;4,800241019571773;-8,199758980428227;4,641373736819621;4,744683999142969
580,0;0,1;границы зёрен;27942,33768150108;23,5;20,80465023228022;-2,6953497677197795;20,761449067728794;21,06548326690337;13,0;4,77323266559464;-8,22676733440536;4,64137373812319;4,744683999142969
580,0;0,1;границы зёрен;49471,92606248729;23,5;20,79706591546111;-2,7029340845388887;20,761449067558072;21,06548326690337;13,0;4,750083755299361;-8,24991624470064;4,641373737203613;4,744683999142969
580,0;0,1;границы зёрен;87600,0;23,5;20,79084155183506;-2,7091584481649384;20,76144906740561;21,06548326690337;13,0;4,731085704676496;-8,268914295323505;4,641373737493198;4,744683999142969
580,0;0,125;границы зёрен;0,001;23,5;23,500000000000004;3,552713678800501e-15;20,76144906740679;21,06548326690337;13,0;12,999999999999998;-1,7763568394002505e-15;4,641373737742917;4,744683999142969
580,0;0,125;границы зёрен;0,001769908906321979;23,5;23,500000000000004;3,552713678800501e-15;20,76144906734756;21,06548326690337;13,0;12,999999999999998;-1,7763568394002505e-15;4,641373737345123;4,744683999142969
580,0;0,125;границы зёрен;0,0031355141082460083;23,5;23,500000000000004;3,552713678800501e-15;20,761449067284836;21,06548326690337;13,0;12,999999999999998;-1,7763568394002505e-15;4,641373737423188;4,744683999142969
580,0;0,125;границы зёрен;0,005554586920350339;23,5;23,500000000000004;3,552713678800501e-15;20,76144906743551;21,06548326690337;13,0;12,999999999999998;-1,7763568394002505e-15;4,641373737690742;4,744683999142969
580,0;0,125;границы зёрен;0,009835356723973405;23,5;23,500000000000004;3,552713678800501e-15;20,76144906733926;21,06548326690337;13,0;12,999999999999998;-1,7763568394002505e-15;4,64137373752809;4,744683999142969
580,0;0,125;границы зёрен;0,010000000000000002;23,5;23,500000000000004;3,552713678800501e-15;20,761449067408297;21,06548326690337;13,0;12,999999999999998;-1,7763568394002505e-15;4,6413737375513975;4,744683999142969
580,0;0,125;границы зёрен;0,01741420532255206;23,5;23,500000000000004;3,552713678800501e-15;20,76144906741641;21,06548326690337;13,0;12,999999999999998;-1,7763568394002505e-15;4,641373737950478;4,744683999142969
580,0;0,125;границы зёрен;0,03084270003851134;23,5;23,500000000000004;3,552713678800501e-15;20,761449067495054;21,06548326690337;13,0;12,999999999999998;-1,7763568394002505e-15;4,641373737731748;4,744683999142969
580,0;0,125;границы зёрен;0,05503047369689916;23,5;23,500000000000004;3,552713678800501e-15;20,76144906742706;21,06548326690337;13,0;12,999999999999998;-1,7763568394002505e-15;4,641373737275047;4,744683999142969
580,0;0,125;границы зёрен;0,09873866211623358;23,5;23,500000000000004;3,552713678800501e-15;20,761449067511766;21,06548326690337;13,0;12,999999999999998;-1,7763568394002505e-15;4,64137373740403;4,744683999142969
580,0;0,125;границы зёрен;0,10000000000000002;23,5;23,500000000000004;3,552713678800501e-15;20,76144906751157;21,06548326690337;13,0;12,999999999999998;-1,7763568394002505e-15;4,641373737571941;4,744683999142969
580,0;0,125;границы зёрен;0,17217544139321783;23,5;23,499999999999677;-3,232969447708456e-13;20,761449067529156;21,06548326690337;13,0;12,999999999998986;-1,014299755297543e-12;4,641373737750493;4,744683999142969
580,0;0,125;границы зёрен;0,30610046664408325;23,5;23,499999999407233;-5,927667245941848e-10;20,761449067307222;21,06548326690337;13,0;12,999999998190734;-1,8092656262069795e-09;4,641373737347319;4,744683999142969
580,0;0,125;границы зёрен;0,5395920334771571;23,5;23,499999945829167;-5,417083315251148e-08;20,761449067238633;21,06548326690337;13,0;12,999999834659334;-1,65340665603253e-07;4,641373737260077;4,744683999142969
580,0;0,125;границы зёрен;0,9529905176864824;23,5;23,499998870967286;-1,1290327144308776e-06;20,761449067249806;21,06548326690337;13,0;12,999996553957635;-3,446042365240487e-06;4,641373737223119;4,744683999142969
580,0;0,125;границы зёрен;1,0;23,5;23,499998602926496;-1,3970735039947613e-06;20,76144906734398;21,06548326690337;13,0;12,999995735841468;-4,26415853205242e-06;4,64137373759553;4,744683999142969
580,0;0,125;границы зёрен;1,6785497511043308;23,5;23,499988903146203;-1,1096853796743744e-05;20,761449067569394;21,06548326690337;13,0;12,999966130097315;-3,386990268516854e-05;4,641373737419443;4,744683999142969
580,0;0,125;границы зёрен;2,97383359218286;23,5;23,499906311500915;-9,368849908497623e-05;20,7614490675582;21,06548326690337;13,0;12,999714043241003;-0,00028595675899723005;4,641373737449858;4,744683999142969
580,0;0,125;границы зёрен;5,307270271100993;23,5;23,499203100207247;-0,000796899792753436;20,76144906727798;21,06548326690337;13,0;12,997567696310734;-0,0024323036892663907;4,6413737371115165;4,744683999142969
580,0;0,125;границы зёрен;9,383616312873531;23,5;23,49532673158648;-0,004673268413519338;20,76144906757123;21,06548326690337;13,0;12,985736214130663;-0,014263785869337298;4,6413737372687836;4,744683999142969
580,0;0,125;границы зёрен;10,0;23,5;23,494472306712733;-0,005527693287266544;20,76144906745523;21,06548326690337;13,0;12,983128331945963;-0,01687166805403706;4,641373737516483;4,744683999142969
580,0;0,125;границы зёрен;16,538705875611793;23,5;23,481988413626368;-0,01801158637363187;20,761449067470128;21,06548326690337;13,0;12,945024897252699;-0,05497510274730111;4,641373737624583;4,744683999142969
580,0;0,125;границы зёрен;29,3037247320943;23,5;23,443631560086647;-0,05636843991335283;20,761449067185136;21,06548326690337;13,0;12,827951813257908;-0,1720481867420922;4,641373736673261;4,744683999142969
580,0;0,125;границы зёрен;51,83205395736348;23,5;23,343794882924986;-0,1562051170750145;20,76144906769147;21,06548326690337;13,0;12,523229537770616;-0,4767704622293838;4,641373737858628;4,744683999142969
580,0;0,125;границы зёрен;91,98505503190083;23,5;23,091752106513425;-0,40824789348657475;20,761449067618187;21,06548326690337;13,0;11,753942633079498;-1,2460573669205015;4,641373737573784;4,744683999142969
580,0;0,125;границы зёрен;100,0;23,5;23,032623756267398;-0,4673762437326019;20,76144906756301;21,06548326690337;13,0;11,573470626749952;-1,4265293732500481;4,641373737623207;4,744683999142969
580,0;0,125;границы зёрен;163,06866094847723;23,5;22,499892426392748;-1,0001075736072522;20,761449067563;21,06548326690337;13,0;9,947463955881174;-3,052536044118826;4,641373737323258;4,744683999142969
580,0;0,125;границы зёрен;200,0;23,5;22,162360284367303;-1,3376397156326973;20,76144906742835;21,06548326690337;13,0;8,917245750553997;-4,082754249446003;4,641373737168443;4,744683999142969
580,0;0,125;границы зёрен;288,72572619623844;23,5;21,44849293109148;-2,0515070689085206;20,761449067427613;21,06548326690337;13,0;6,738374313005857;-6,261625686994143;4,641373737282546;4,744683999142969
580,0;0,125;границы зёрен;511,6819484678698;23,5;20,84917795218132;-2,6508220478186786;20,761449067427098;21,06548326690337;13,0;4,909140515393063;-8,090859484606938;4,6413737373400075;4,744683999142969
580,0;0,125;границы зёрен;954,1665977508836;23,5;20,814044632399842;-2,685955367600158;20,761449067477407;21,06548326690337;13,0;4,801906326042566;-8,198093673957434;4,64137373774365;4,744683999142969
580,0;0,125;границы зёрен;1000,0;23,5;20,81373130474909;-2,6862686952509094;20,761449067312803;21,06548326690337;13,0;4,8009499848925765;-8,199050015107424;4,6413737370159165;4,744683999142969
580,0;0,125;границы зёрен;1576,767013469408;23,5;20,813984753162245;-2,686015246837755;20,761449067526506;21,06548326690337;13,0;4,801723562182823;-8,198276437817178;4,641373737978584;4,744683999142969
580,0;0,125;границы зёрен;2848,537083757482;23,5;20,815354366462174;-2,6846456335378264;20,761449067343577;21,06548326690337;13,0;4,805903906433685;-8,194096093566316;4,64137373745358;4,744683999142969
580,0;0,125;границы зёрен;5012,248275571731;23,5;20,815742691568236;-2,6842573084317642;20,761449067570336;21,06548326690337;13,0;4,807089155231668;-8,192910844768331;4,641373737419122;4,744683999142969
580,0;0,125;границы зёрен;8876,370223224349;23,5;20,815247603558763;-2,6847523964412368;20,761449067469318;21,06548326690337;13,0;4,805578043888548;-8,194421956111452;4,641373737459912;4,744683999142969
580,0;0,125;границы зёрен;10000,0;23,5;20,814576595056913;-2,685423404943087;20,761449067421125;21,06548326690337;13,0;4,803529986555938;-8,196470013444062;4,641373737361084;4,744683999142969
580,0;0,125;границы зёрен;15759,721977495332;23,5;20,813117990265305;-2,6868820097346955;20,761449067388046;21,06548326690337;13,0;4,799078021715983;-8,200921978284017;4,641373737133916;4,744683999142969
580,0;0,125;границы зёрен;27951,913671575756;23,5;20,809484158093074;-2,690515841906926;20,76144906740708;21,06548326690337;13,0;4,787986811114568;-8,212013188885432;4,641373737631118;4,744683999142969
580,0;0,125;границы зёрен;49483,25088978887;23,5;20,80294644436563;-2,697053555634369;20,76144906755202;21,06548326690337;13,0;4,76803235097612;-8,23196764902388;4,641373737746775;4,744683999142969
580,0;0,125;границы зёрен;87600,0;23,5;20,79585098168744;-2,7041490183125596;20,761449067389677;21,06548326690337;13,0;4,746375525100404;-8,253624474899595;4,641373737158331;4,744683999142969
580,0;0,15;границы зёрен;0,001;23,5;23,500000000000004;3,552713678800501e-15;20,761449067508792;21,06548326690337;13,0;12,999999999999998;-1,7763568394002505e-15;4,641373737903705;4,744683999142969
580,0;0,15;границы зёрен;0,001769908906321979;23,5;23,500000000000004;3,552713678800501e-15;20,761449067514707;21,06548326690337;13,0;12,999999999999998;-1,7763568394002505e-15;4,641373737738016;4,744683999142969
580,0;0,15;границы зёрен;0,0031355141082460083;23,5;23,500000000000004;3,552713678800501e-15;20,761449067541438;21,06548326690337;13,0;12,999999999999998;-1,7763568394002505e-15;4,6413737373312;4,744683999142969
580,0;0,15;границы зёрен;0,005554586920350339;23,5;23,500000000000004;3,552713678800501e-15;20,76144906743112;21,06548326690337;13,0;12,999999999999998;-1,7763568394002505e-15;4,641373737473402;4,744683999142969
580,0;0,15;границы зёрен;0,009835356723973405;23,5;23,500000000000004;3,552713678800501e-15;20,761449067401482;21,06548326690337;13,0;12,999999999999998;-1,7763568394002505e-15;4,64137373706739;4,744683999142969
580,0;0,15;границы зёрен;0,010000000000000002;23,5;23,500000000000004;3,552713678800501e-15;20,761449067310714;21,06548326690337;13,0;12,999999999999998;-1,7763568394002505e-15;4,6413737375058615;4,744683999142969
580,0;0,15;границы зёрен;0,01741420532255206;23,5;23,500000000000004;3,552713678800501e-15;20,76144906734775;21,06548326690337;13,0;12,999999999999998;-1,7763568394002505e-15;4,641373737557888;4,744683999142969
580,0;0,15;границы зёрен;0,03084270003851134;23,5;23,500000000000004;3,552713678800501e-15;20,761449067341207;21,06548326690337;13,0;12,999999999999998;-1,7763568394002505e-15;4,641373737733318;4,744683999142969
580,0;0,15;границы зёрен;0,054614930997190225;23,5;23,500000000000004;3,552713678800501e-15;20,76144906733551;21,06548326690337;13,0;12,999999999999998;-1,7763568394002505e-15;4,641373737454493;4,744683999142969
580,0;0,15;границы зёрен;0,09708252024922479;23,5;23,500000000000004;3,552713678800501e-15;20,761449067387055;21,06548326690337;13,0;12,999999999999998;-1,7763568394002505e-15;4,641373737702833;4,744683999142969
580,0;0,15;границы зёрен;0,10000000000000002;23,5;23,500000000000004;3,552713678800501e-15;20,761449067600868;21,06548326690337;13,0;12,999999999999998;-1,7763568394002505e-15;4,641373737757783;4,744683999142969
580,0;0,15;границы зёрен;0,16641812852862706;23,5;23,500000000000004;3,552713678800501e-15;20,761449067468885;21,06548326690337;13,0;12,999999999999998;-1,7763568394002505e-15;4,641373737792728;4,744683999142969
580,0;0,15;границы зёрен;0,30483445625940003;23,5;23,499999999999787;-2,1316282072803006e-13;20,76144906733269;21,06548326690337;13,0;12,99999999999933;-6,696865284538944e-13;4,641373737361964;4,744683999142969
580,0;0,15;границы зёрен;0,5330061408127691;23,5;23,49999999996168;-3,83195697395422e-11;20,761449067276775;21,06548326690337;13,0;12,999999999883038;-1,169624397334701e-10;4,641373737373265;4,744683999142969
580,0;0,15;границы зёрен;0,9561593004481138;23,5;23,49999999868351;-1,3164900281026348e-09;20,76144906740822;21,06548326690337;13,0;12,999999995981806;-4,018193777710621e-09;4,641373737365385;4,744683999142969
580,0;0,15;границы зёрен;1,0;23,5;23,4999999983651;-1,634898438851451e-09;20,761449067395674;21,06548326690337;13,0;12,999999995009933;-4,990067026255929e-09;4,64137373688296;4,744683999142969
580,0;0,15;границы зёрен;1,6909634658083021;23,5;23,499999985565;-1,4434998973911206e-08;20,76144906748633;21,06548326690337;13,0;12,999999955941375;-4,405862519263337e-08;4,641373737648198;4,744683999142969
580,0;0,15;границы зёрен;2,9903876551473605;23,5;23,49999989072464;-1,0927535853966219e-07;20,761449067599454;21,06548326690337;13,0;12,999999666468916;-3,3353108364053696e-07;4,6413737377928515;4,744683999142969
580,0;0,15;границы зёрен;5,283489558885241;23,5;23,499999104446058;-8,95553942115157e-07;20,761449067429904;21,06548326690337;13,0;12,999997266583325;-2,733416675226863e-06;4,641373737280678;4,744683999142969
580,0;0,15;границы зёрен;9,366734680121786;23,5;23,499991797373408;-8,20262659217974e-06;20,761449067368282;21,06548326690337;13,0;12,99997496387989;-2,5036120110399906e-05;4,64137373747072;4,744683999142969
580,0;0,15;границы зёрен;10,0;23,5;23,499989510730945;-1,0489269055113937e-05;20,76144906755414;21,06548326690337;13,0;12,99996798457215;-3,2015427850140554e-05;4,641373737548862;4,744683999142969
580,0;0,15;границы зёрен;16,559279563180237;23,5;23,499934363225346;-6,563677465365458e-05;20,761449067389716;21,06548326690337;13,0;12,999799662930508;-0,0002003370694918516;4,641373737532532;4,744683999142969
580,0;0,15;границы зёрен;29,310416976152503;23,5;23,499548478836946;-0,000451521163054025;20,761449067796573;21,06548326690337;13,0;12,998621863626186;-0,0013781363738143426;4,641373737635934;4,744683999142969
580,0;0,15;границы зёрен;51,97604324081826;23,5;23,49748352872831;-0,0025164712716900794;20,761449067409686;21,06548326690337;13,0;12,992319206989764;-0,007680793010235831;4,641373737824591;4,744683999142969
580,0;0,15;границы зёрен;91,78410414211494;23,5;23,489473952173487;-0,010526047826513008;20,761449067655768;21,06548326690337;13,0;12,967872315698187;-0,032127684301812565;4,641373738104878;4,744683999142969
580,0;0,15;границы зёрен;100,0;23,5;23,487292880631944;-0,012707119368055686;20,761449067478264;21,06548326690337;13,0;12,961215232329359;-0,03878476767064143;4,641373737888711;4,744683999142969
580,0;0,15;границы зёрен;163,20049915496836;23,5;23,466053289557692;-0,033946710442307904;20,761449067413356;21,06548326690337;13,0;12,89638758875597;-0,10361241124403087;4,641373737316821;4,744683999142969
580,0;0,15;границы зёрен;200,0;23,5;23,450624750733407;-0,04937524926659265;20,761449067363394;21,06548326690337;13,0;12,849296483646796;-0,15070351635320378;4,641373737045817;4,744683999142969
580,0;0,15;границы зёрен;288,27476218748916;23,5;23,40604919114643;-0,09395080885357032;20,761449067055878;21,06548326690337;13,0;12,713242617128559;-0,2867573828714409;4,641373736732481;4,744683999142969
580,0;0,15;границы зёрен;511,36609190650887;23,5;23,25583123484419;-0,2441687651558091;20,761449067353418;21,06548326690337;13,0;12,25474621315078;-0,7452537868492204;4,64137373766097;4,744683999142969
580,0;0,15;границы зёрен;905,1004116355964;23,5;22,896843853055994;-0,6031561469440057;20,761449067565156;21,06548326690337;13,0;11,159042159698654;-1,8409578403013462;4,641373737548319;4,744683999142969
580,0;0,15;границы зёрен;1000,0;23,5;22,797163007836787;-0,7028369921632134;20,761449067321607;21,06548326690337;13,0;10,854795515673302;-2,1452044843266975;4,6413737374166155;4,744683999142969
580,0;0,15;границы зёрен;1604,5656079551495;23,5;22,106687140400087;-1,393312859599913;20,761449067578937;21,06548326690337;13,0;8,747319751476216;-4,2526802485237845;4,641373737693609;4,744683999142969
580,0;0,15;границы зёрен;2836,988214991571;23,5;21,069169149495803;-2,430830850504197;20,761449067663662;21,06548326690337;13,0;5,580599343401783;-7,419400656598217;4,641373737959667;4,744683999142969
580,0;0,15;границы зёрен;5024,1431342140895;23,5;20,78897775299017;-2,7110222470098293;20,76144906745874;21,06548326690337;13,0;4,725397003473945;-8,274602996526056;4,641373737076181;4,744683999142969
580,0;0,15;границы зёрен;8891,892719609114;23,5;20,783792914005268;-2,716207085994732;20,761449067557432;21,06548326690337;13,0;4,709571797898294;-8,290428202101706;4,641373737820947;4,744683999142969
580,0;0,15;границы зёрен;10000,0;23,5;20,783125854936284;-2,7168741450637164;20,76144906749171;21,06548326690337;13,0;4,707535795206778;-8,292464204793223;4,641373737577678;4,744683999142969
580,0;0,15;границы зёрен;15780,05258088339;23,5;20,787403693873912;-2,7125963061260876;20,761449067515812;21,06548326690337;13,0;4,7205926481678215;-8,279407351832178;4,641373737920269;4,744683999142969
580,0;0,15;границы зёрен;27883,713980865414;23,5;20,78346871776559;-2,71653128223441;20,7614490675733;21,06548326690337;13,0;4,708582283691483;-8,291417716308517;4,641373737919579;4,744683999142969
580,0;0,15;границы зёрен;49757,169729122856;23,5;20,78552776450017;-2,71447223549983;20,761449067318924;21,06548326690337;13,0;4,7148669220456245;-8,285133077954375;4,6413737377764175;4,744683999142969
580,0;0,15;границы зёрен;87600,0;23,5;20,783836436085025;-2,716163563914975;20,761449067692524;21,06548326690337;13,0;4,7097046363667765;-8,290295363633224;4,641373738021406;4,744683999142969
580,0;0,175;границы зёрен;0,001;23,5;23,500000000000004;3,552713678800501e-15;20,761449067432633;21,06548326690337;13,0;12,999999999999998;-1,7763568394002505e-15;4,641373737692927;4,744683999142969
580,0;0,175;границы зёрен;0,001769908906321979;23,5;23,500000000000004;3,552713678800501e-15;20,761449067560562;21,06548326690337;13,0;12,999999999999998;-1,7763568394002505e-15;4,6413737375948125;4,744683999142969
580,0;0,175;границы зёрен;0,0031355141082460083;23,5;23,500000000000004;3,552713678800501e-15;20,761449067511883;21,06548326690337;13,0;12,999999999999998;-1,7763568394002505e-15;4,641373738138734;4,744683999142969
580,0;0,175;границы зёрен;0,005554586920350339;23,5;23,500000000000004;3,552713678800501e-15;20,761449067466316;21,06548326690337;13,0;12,999999999999998;-1,7763568394002505e-15;4,641373737676886;4,744683999142969
580,0;0,175;границы зёрен;0,009835356723973405;23,5;23,500000000000004;3,552713678800501e-15;20,761449067467087;21,06548326690337;13,0;12,999999999999998;-1,7763568394002505e-15;4,641373737551704;4,744683999142969
580,0;0,175;границы зёрен;0,010000000000000002;23,5;23,500000000000004;3,552713678800501e-15;20,761449067326918;21,06548326690337;13,0;12,999999999999998;-1,7763568394002505e-15;4,641373737210338;4,744683999142969
580,0;0,175;границы зёрен;0,01741420532255206;23,5;23,500000000000004;3,552713678800501e-15;20,76144906722219;21,06548326690337;13,0;12,999999999999998;-1,7763568394002505e-15;4,641373737192945;4,744683999142969
580,0;0,175;границы зёрен;0,03084270003851134;23,5;23,500000000000004;3,552713678800501e-15;20,76144906747385;21,06548326690337;13,0;12,999999999999998;-1,7763568394002505e-15;4,641373737584353;4,744683999142969
580,0;0,175;границы зёрен;0,054614930997190225;23,5;23,500000000000004;3,552713678800501e-15;20,7614490673375;21,06548326690337;13,0;12,999999999999998;-1,7763568394002505e-15;4,641373737941555;4,744683999142969
580,0;0,175;границы зёрен;0,09691763678134549;23,5;23,500000000000004;3,552713678800501e-15;20,76144906748087;21,06548326690337;13,0;12,999999999999998;-1,7763568394002505e-15;4,641373737442357;4,744683999142969
580,0;0,175;границы зёрен;0,10000000000000002;23,5;23,500000000000004;3,552713678800501e-15;20,761449067532514;21,06548326690337;13,0;12,999999999999998;-1,7763568394002505e-15;4,641373737634736;4,744683999142969
580,0;0,175;границы зёрен;0,16935380937339334;23,5;23,500000000000004;3,552713678800501e-15;20,76144906750766;21,06548326690337;13,0;12,999999999999998;-1,7763568394002505e-15;4,6413737375474655;4,744683999142969
580,0;0,175;границы зёрен;0,31076654519942626;23,5;23,500000000000004;3,552713678800501e-15;20,76144906741849;21,06548326690337;13,0;12,999999999999998;-1,7763568394002505e-15;4,641373737623203;4,744683999142969
580,0;0,175;границы зёрен;0,5354102500961357;23,5;23,500000000000004;3,552713678800501e-15;20,761449067390625;21,06548326690337;13,0;12,999999999999995;-5,329070518200751e-15;4,64137373724216;4,744683999142969
580,0;0,175;границы зёрен;0,9544701130925407;23,5;23,499999999999893;-1,0658141036401503e-13;20,761449067356953;21,06548326690337;13,0;12,99999999999966;-3,3928415632544784e-13;4,64137373730163;4,744683999142969
580,0;0,175;границы зёрен;1,0;23,5;23,49999999999986;-1,3855583347321954e-13;20,76144906728147;21,06548326690337;13,0;12,999999999999567;-4,334310688136611e-13;4,641373737810464;4,744683999142969
580,0;0,175;границы зёрен;1,6910672484028832;23,5;23,49999999999851;-1,4885870314174099e-12;20,761449067466643;21,06548326690337;13,0;12,999999999995445;-4,554578936222242e-12;4,641373737580533;4,744683999142969
580,0;0,175;границы зёрен;2,9944927103704337;23,5;23,499999999989424;-1,0576428621789091e-11;20,761449067251473;21,06548326690337;13,0;12,99999999996771;-3,229061462661775e-11;4,641373737292549;4,744683999142969
580,0;0,175;границы зёрен;5,283360358085621;23,5;23,49999999993055;-6,944844699319219e-11;20,761449067293714;21,06548326690337;13,0;12,999999999788015;-2,119850961435077e-10;4,64137373757338;4,744683999142969
580,0;0,175;границы зёрен;9,38728028289706;23,5;23,499999999371358;-6,286420273227122e-10;20,761449067407206;21,06548326690337;13,0;12,999999998081245;-1,9187549327170927e-09;4,641373737675698;4,744683999142969
580,0;0,175;границы зёрен;10,0;23,5;23,499999999192863;-8,07137467973007e-10;20,76144906759542;21,06548326690337;13,0;12,999999997536438;-2,46356179900431e-09;4,641373737597804;4,744683999142969
580,0;0,175;границы зёрен;16,5857191968715;23,5;23,49999999440974;-5,590258922438807e-09;20,761449067554224;21,06548326690337;13,0;12,999999982937371;-1,7062628643316202e-08;4,641373737741347;4,744683999142969
580,0;0,175;границы зёрен;29,30712843489932;23,5;23,499999959058506;-4,0941493750779046e-08;20,76144906745651;21,06548326690337;13,0;12,999999875038036;-1,249619643317601e-07;4,641373737773489;4,744683999142969
580,0;0,175;границы зёрен;51,944260188026306;23,5;23,499999760129437;-2,3987056252394723e-07;20,761449067201205;21,06548326690337;13,0;12,999999267865213;-7,32134786574079e-07;4,641373737158338;4,744683999142969
580,0;0,175;границы зёрен;91,91685626005291;23,5;23,499998758895828;-1,2411041723225935e-06;20,761449067607256;21,06548326690337;13,0;12,99999621189227;-3,788107729718604e-06;4,6413737374984665;4,744683999142969
580,0;0,175;границы зёрен;100,0;23,5;23,49999842198121;-1,5780187894165465e-06;20,761449067254272;21,06548326690337;13,0;12,99999518355888;-4,816441119714909e-06;4,641373737230814;4,744683999142969
580,0;0,175;границы зёрен;163,2050496143338;23,5;23,49999364645704;-6,3535429610794836e-06;20,761449067432814;21,06548326690337;13,0;12,999980607667206;-1,9392332793799483e-05;4,641373737576054;4,744683999142969
580,0;0,175;границы зёрен;200,0;23,5;23,49998874440844;-1,1255591559233835e-05;20,761449067535118;21,06548326690337;13,0;12,999965645596683;-3,435440331678308e-05;4,641373737582626;4,744683999142969
580,0;0,175;границы зёрен;288,53737578578847;23,5;23,499968926285877;-3,107371412269799e-05;20,761449067266813;21,06548326690337;13,0;12,999905156570248;-9,484342975163429e-05;4,641373737250913;4,744683999142969
580,0;0,175;границы зёрен;511,48190437397636;23,5;23,499864952109625;-0,00013504789037455112;20,761449067402562;21,06548326690337;13,0;12,999587805788163;-0,0004121942118366917;4,641373737712622;4,744683999142969
580,0;0,175;границы зёрен;904,5495455454054;23,5;23,49952146693458;-0,0004785330654186737;20,76144906767613;21,06548326690337;13,0;12,998539417689603;-0,0014605823103970295;4,641373737783048;4,744683999142969
580,0;0,175;границы зёрен;1000,0;23,5;23,499407697709618;-0,0005923022903822073;20,761449067749915;21,06548326690337;13,0;12,998192170384348;-0,001807829615652068;4,641373738399596;4,744683999142969
580,0;0,175;границы зёрен;1602,2410425869841;23,5;23,498377991335317;-0,0016220086646825393;20,7614490676244;21,06548326690337;13,0;12,995049292652643;-0,004950707347356698;4,6413737376045905;4,744683999142969
580,0;0,175;границы зёрен;2838,032645534728;23,5;23,493953909162983;-0,006046090837017459;20,761449067748558;21,06548326690337;13,0;12,981546074949321;-0,018453925050678777;4,6413737380789755;4,744683999142969
580,0;0,175;границы зёрен;5024,443784786084;23,5;23,47653660687248;-0,023463393127521215;20,761449067628078;21,06548326690337;13,0;12,928384850660695;-0,0716151493393049;4,641373737544096;4,744683999142969
580,0;0,175;границы зёрен;8901,479421980508;23,5;20,849740757444117;-2,650259242555883;20,761449067531203;21,06548326690337;13,0;4,910858313965512;-8,089141686034488;4,641373737748216;4,744683999142969
580,0;0,175;границы зёрен;10000,0;23,5;20,84552450045069;-2,65447549954931;20,761449067538013;21,06548326690337;13,0;4,897989421829254;-8,102010578170745;4,64137373791203;4,744683999142969
580,0;0,175;границы зёрен;15773,39485662835;23,5;20,832302638899442;-2,667697361100558;20,761449067596484;21,06548326690337;13,0;4,85763355417037;-8,14236644582963;4,641373738147659;4,744683999142969
580,0;0,175;границы зёрен;27908,522477925137;23,5;20,819226243125218;-2,680773756874782;20,761449067552963;21,06548326690337;13,0;4,817721678201037;-8,182278321798963;4,641373737724822;4,744683999142969
580,0;0,175;границы зёрен;49414,07409767059;23,5;20,808923066425233;-2,6910769335747666;20,76144906739065;21,06548326690337;13,0;4,786274242852071;-8,21372575714793;4,641373737427573;4,744683999142969
580,0;0,175;границы зёрен;87600,0;23,5;20,800727447313687;-2,6992725526863133;20,7614490675156;21,06548326690337;13,0;4,761259510976961;-8,238740489023039;4,641373737585226;4,744683999142969
580,0;0,2;границы зёрен;0,001;23,5;23,500000000000004;3,552713678800501e-15;20,761449067415306;21,06548326690337;13,0;12,999999999999998;-1,7763568394002505e-15;4,641373737568619;4,744683999142969
580,0;0,2;границы зёрен;0,001769908906321979;23,5;23,500000000000004;3,552713678800501e-15;20,761449067379633;21,06548326690337;13,0;12,999999999999998;-1,7763568394002505e-15;4,6413737371516195;4,744683999142969
580,0;0,2;границы зёрен;0,0031355141082460083;23,5;23,500000000000004;3,552713678800501e-15;20,761449067367487;21,06548326690337;13,0;12,999999999999998;-1,7763568394002505e-15;4,641373737163051;4,744683999142969
580,0;0,2;границы зёрен;0,005554586920350339;23,5;23,500000000000004;3,552713678800501e-15;20,761449067346202;21,06548326690337;13,0;12,999999999999998;-1,7763568394002505e-15;4,641373737296915;4,744683999142969
580,0;0,2;границы зёрен;0,009835356723973405;23,5;23,500000000000004;3,552713678800501e-15;20,761449067573448;21,06548326690337;13,0;12,999999999999998;-1,7763568394002505e-15;4,641373737673395;4,744683999142969
580,0;0,2;границы зёрен;0,010000000000000002;23,5;23,500000000000004;3,552713678800501e-15;20,761449067535505;21,06548326690337;13,0;12,999999999999998;-1,7763568394002505e-15;4,641373737653445;4,744683999142969
580,0;0,2;границы зёрен;0,01741420532255206;23,5;23,500000000000004;3,552713678800501e-15;20,76144906753221;21,06548326690337;13,0;12,999999999999998;-1,7763568394002505e-15;4,641373737431456;4,744683999142969
580,0;0,2;границы зёрен;0,03084270003851134;23,5;23,500000000000004;3,552713678800501e-15;20,76144906735133;21,06548326690337;13,0;12,999999999999998;-1,7763568394002505e-15;4,641373737539442;4,744683999142969
580,0;0,2;границы зёрен;0,054614930997190225;23,5;23,500000000000004;3,552713678800501e-15;20,761449067379253;21,06548326690337;13,0;12,999999999999998;-1,7763568394002505e-15;4,641373737855704;4,744683999142969
580,0;0,2;границы зёрен;0,09671041261606801;23,5;23,500000000000004;3,552713678800501e-15;20,761449067508007;21,06548326690337;13,0;12,999999999999998;-1,7763568394002505e-15;4,6413737373868065;4,744683999142969
580,0;0,2;границы зёрен;0,10000000000000002;23,5;23,500000000000004;3,552713678800501e-15;20,76144906754123;21,06548326690337;13,0;12,999999999999998;-1,7763568394002505e-15;4,641373737948795;4,744683999142969
580,0;0,2;границы зёрен;0,16943079532218283;23,5;23,500000000000004;3,552713678800501e-15;20,761449067614397;21,06548326690337;13,0;12,999999999999998;-1,7763568394002505e-15;4,641373737595515;4,744683999142969
580,0;0,2;границы зёрен;0,2976104320052323;23,5;23,500000000000004;3,552713678800501e-15;20,761449067205294;21,06548326690337;13,0;12,999999999999998;-1,7763568394002505e-15;4,641373737309418;4,744683999142969
580,0;0,2;границы зёрен;0,5191994686316578;23,5;23,500000000000004;3,552713678800501e-15;20,76144906738081;21,06548326690337;13,0;12,999999999999998;-1,7763568394002505e-15;4,641373737429555;4,744683999142969
580,0;0,2;границы зёрен;0,9400084764536125;23,5;23,500000000000004;3,552713678800501e-15;20,761449067445152;21,06548326690337;13,0;12,999999999999998;-1,7763568394002505e-15;4,641373737804204;4,744683999142969
580,0;0,2;границы зёрен;1,0;23,5;23,500000000000004;3,552713678800501e-15;20,761449067546014;21,06548326690337;13,0;12,999999999999998;-1,7763568394002505e-15;4,641373737714883;4,744683999142969
580,0;0,2;границы зёрен;1,6896415936119598;23,5;23,500000000000004;3,552713678800501e-15;20,761449067491842;21,06548326690337;13,0;12,999999999999998;-1,7763568394002505e-15;4,641373737754216;4,744683999142969
580,0;0,2;границы зёрен;2,9788606947660172;23,5;23,500000000000004;3,552713678800501e-15;20,761449067406062;21,06548326690337;13,0;12,999999999999998;-1,7763568394002505e-15;4,641373737336921;4,744683999142969
580,0;0,2;границы зёрен;5,289329809162528;23,5;23,500000000000004;3,552713678800501e-15;20,761449067374887;21,06548326690337;13,0;13,0;0,0;4,641373737685026;4,744683999142969
580,0;0,2;границы зёрен;9,328002810004984;23,5;23,500000000000004;3,552713678800501e-15;20,761449067116605;21,06548326690337;13,0;12,999999999999995;-5,329070518200751e-15;4,6413737372415715;4,744683999142969
580,0;0,2;границы зёрен;10,0;23,5;23,5;0,0;20,761449067526947;21,06548326690337;13,0;12,999999999999993;-7,105427357601002e-15;4,641373737836893;4,744683999142969
580,0;0,2;границы зёрен;16,595323399018593;23,5;23,499999999999982;-1,7763568394002505e-14;20,761449067549925;21,06548326690337;13,0;12,99999999999993;-6,927791673660977e-14;4,641373737582036;4,744683999142969
580,0;0,2;границы зёрен;29,418506164845716;23,5;23,499999999999822;-1,7763568394002505e-13;20,76144906742486;21,06548326690337;13,0;12,999999999999462;-5,382361223382759e-13;4,641373737958983;4,744683999142969
580,0;0,2;границы зёрен;51,95919266714486;23,5;23,49999999999896;-1,0409451078885468e-12;20,761449067439568;21,06548326690337;13,0;12,999999999996817;-3,183231456205249e-12;4,641373737488425;4,744683999142969
580,0;0,2;границы зёрен;91,99045764260421;23,5;23,499999999995065;-4,934719299853896e-12;20,761449067481745;21,06548326690337;13,0;12,999999999984933;-1,5067058711792924e-11;4,641373737969813;4,744683999142969
580,0;0,2;границы зёрен;100,0;23,5;23,499999999993854;-6,146194664324867e-12;20,761449067507044;21,06548326690337;13,0;12,999999999981217;-1,878319721981825e-11;4,641373737343299;4,744683999142969
580,0;0,2;границы зёрен;163,23128828378185;23,5;23,499999999978204;-2,1795898419441073e-11;20,761449067362392;21,06548326690337;13,0;12,999999999933447;-6,655298534496978e-11;4,641373737140116;4,744683999142969
580,0;0,2;границы зёрен;200,0;23,5;23,499999999963666;-3,633360279309272e-11;20,76144906723615;21,06548326690337;13,0;12,9999999998891;-1,1089973384059704e-10;4,641373736793383;4,744683999142969
580,0;0,2;границы зёрен;288,6345914602024;23,5;23,499999999909434;-9,056577709998237e-11;20,761449067509606;21,06548326690337;13,0;12,99999999972356;-2,764402040611458e-10;4,6413737375634225;4,744683999142969
580,0;0,2;границы зёрен;511,0828564258902;23,5;23,499999999614435;-3,8556535741918196e-10;20,76144906738949;21,06548326690337;13,0;12,99999999882316;-1,1768399588163447e-09;4,641373737718147;4,744683999142969
580,0;0,2;границы зёрен;905,1231492095602;23,5;23,499999998114987;-1,885013034552685e-09;20,761449067428916;21,06548326690337;13,0;12,99999999424653;-5,753470588842902e-09;4,641373737552932;4,744683999142969
580,0;0,2;границы зёрен;1000,0;23,5;23,49999999750521;-2,4947901522409666e-09;20,761449067425403;21,06548326690337;13,0;12,999999992385378;-7,614621821971923e-09;4,641373737271219;4,744683999142969
580,0;0,2;границы зёрен;1603,1291645234398;23,5;23,499999990746037;-9,253962929278714e-09;20,761449067490584;21,06548326690337;13,0;12,999999971754972;-2,824502765008674e-08;4,641373737322033;4,744683999142969
580,0;0,2;границы зёрен;2840,9680461737967;23,5;23,499999954865103;-4,513489670898707e-08;20,76144906737054;21,06548326690337;13,0;12,999999862238896;-1,3776110385776974e-07;4,64137373731794;4,744683999142969
580,0;0,2;границы зёрен;5031,616834638985;23,5;23,499999785037506;-2,1496249402730427e-07;20,76144906750245;21,06548326690337;13,0;12,999999343889801;-6,561101990598672e-07;4,641373737523743;4,744683999142969
580,0;0,2;границы зёрен;8918,396044612862;23,5;23,49999904648019;-9,53519808888359e-07;20,761449067428295;21,06548326690337;13,0;12,99999708965948;-2,910340519690635e-06;4,641373737465762;4,744683999142969
580,0;0,2;границы зёрен;10000,0;23,5;23,49999874937726;-1,2506227413666693e-06;20,761449067393904;21,06548326690337;13,0;12,999996182839626;-3,81716037445301e-06;4,641373737291411;4,744683999142969
580,0;0,2;границы зёрен;15769,380722010059;23,5;20,84491710110199;-2,6550828988980086;20,76144906754092;21,06548326690337;13,0;4,896135512835235;-8,103864487164765;4,6413737379188875;4,744683999142969
580,0;0,2;границы зёрен;27902,94851318258;23,5;20,827146687689513;-2,6728533123104867;20,76144906780261;21,06548326690337;13,0;4,8418965201616295;-8,15810347983837;4,64137373806;4,744683999142969
580,0;0,2;границы зёрен;49437,44233001152;23,5;20,814530479889605;-2,685469520110395;20,761449067564154;21,06548326690337;13,0;4,803389233428712;-8,196610766571288;4,641373737805632;4,744683999142969
580,0;0,2;границы зёрен;87600,0;23,5;20,80504357077192;-2,6949564292280783;20,76144906745741;21,06548326690337;13,0;4,774433216316779;-8,22556678368322;4,641373737219987;4,744683999142969
580,0;0,25;границы зёрен;0,001;23,5;23,500000000000004;3,552713678800501e-15;20,761449067383687;21,06548326690337;13,0;12,999999999999998;-1,7763568394002505e-15;4,641373737713701;4,744683999142969
580,0;0,25;границы зёрен;0,001769908906321979;23,5;23,500000000000004;3,552713678800501e-15;20,761449067506206;21,06548326690337;13,0;12,999999999999998;-1,7763568394002505e-15;4,641373737228083;4,744683999142969
580,0;0,25;границы зёрен;0,0031355141082460083;23,5;23,500000000000004;3,552713678800501e-15;20,761449067319603;21,06548326690337;13,0;12,999999999999998;-1,7763568394002505e-15;4,641373737648057;4,744683999142969
580,0;0,25;границы зёрен;0,005554586920350339;23,5;23,500000000000004;3,552713678800501e-15;20,761449067626263;21,06548326690337;13,0;12,999999999999998;-1,7763568394002505e-15;4,641373737406907;4,744683999142969
580,0;0,25;границы зёрен;0,009835356723973405;23,5;23,500000000000004;3,552713678800501e-15;20,76144906728853;21,06548326690337;13,0;12,999999999999998;-1,7763568394002505e-15;4,641373737212545;4,744683999142969
580,0;0,25;границы зёрен;0,010000000000000002;23,5;23,500000000000004;3,552713678800501e-15;20,761449067287572;21,06548326690337;13,0;12,999999999999998;-1,7763568394002505e-15;4,641373737447596;4,744683999142969
580,0;0,25;границы зёрен;0,01741420532255206;23,5;23,500000000000004;3,552713678800501e-15;20,76144906731026;21,06548326690337;13,0;12,999999999999998;-1,7763568394002505e-15;4,6413737375063855;4,744683999142969
580,0;0,25;границы зёрен;0,03084270003851134;23,5;23,500000000000004;3,552713678800501e-15;20,76144906737338;21,06548326690337;13,0;12,999999999999998;-1,7763568394002505e-15;4,641373737489401;4,744683999142969
580,0;0,25;границы зёрен;0,054614930997190225;23,5;23,500000000000004;3,552713678800501e-15;20,76144906754895;21,06548326690337;13,0;12,999999999999998;-1,7763568394002505e-15;4,641373737932035;4,744683999142969
580,0;0,25;границы зёрен;0,09671041261606801;23,5;23,500000000000004;3,552713678800501e-15;20,761449067343964;21,06548326690337;13,0;12,999999999999998;-1,7763568394002505e-15;4,641373737286609;4,744683999142969
580,0;0,25;границы зёрен;0,10000000000000002;23,5;23,500000000000004;3,552713678800501e-15;20,761449067342532;21,06548326690337;13,0;12,999999999999998;-1,7763568394002505e-15;4,6413737372423425;4,744683999142969
580,0;0,25;границы зёрен;0,17127951419477566;23,5;23,500000000000004;3,552713678800501e-15;20,761449067442765;21,06548326690337;13,0;12,999999999999998;-1,7763568394002505e-15;4,641373737597283;4,744683999142969
580,0;0,25;границы зёрен;0,3035281041009391;23,5;23,500000000000004;3,552713678800501e-15;20,76144906743899;21,06548326690337;13,0;12,999999999999998;-1,7763568394002505e-15;4,641373737781939;4,744683999142969
580,0;0,25;границы зёрен;0,5373684155160052;23,5;23,500000000000004;3,552713678800501e-15;20,76144906738744;21,06548326690337;13,0;12,999999999999998;-1,7763568394002505e-15;4,641373737699563;4,744683999142969
580,0;0,25;границы зёрен;0,9511271808247345;23,5;23,500000000000004;3,552713678800501e-15;20,76144906754214;21,06548326690337;13,0;12,999999999999998;-1,7763568394002505e-15;4,6413737378091255;4,744683999142969
580,0;0,25;границы зёрен;1,0;23,5;23,500000000000004;3,552713678800501e-15;20,761449067499502;21,06548326690337;13,0;12,999999999999998;-1,7763568394002505e-15;4,6413737376932245;4,744683999142969
580,0;0,25;границы зёрен;1,6852501600765406;23,5;23,500000000000004;3,552713678800501e-15;20,761449067343616;21,06548326690337;13,0;12,999999999999998;-1,7763568394002505e-15;4,6413737373340735;4,744683999142969
580,0;0,25;границы зёрен;2,9833301265324974;23,5;23,500000000000004;3,552713678800501e-15;20,761449067440214;21,06548326690337;13,0;12,999999999999998;-1,7763568394002505e-15;4,641373737659025;4,744683999142969
580,0;0,25;границы зёрен;5,2830095737983225;23,5;23,500000000000004;3,552713678800501e-15;20,761449067413515;21,06548326690337;13,0;12,999999999999998;-1,7763568394002505e-15;4,641373737321412;4,744683999142969
580,0;0,25;границы зёрен;9,35969844997168;23,5;23,500000000000004;3,552713678800501e-15;20,76144906734529;21,06548326690337;13,0;12,999999999999998;-1,7763568394002505e-15;4,641373737617787;4,744683999142969
580,0;0,25;границы зёрен;10,0;23,5;23,500000000000004;3,552713678800501e-15;20,76144906765484;21,06548326690337;13,0;12,999999999999998;-1,7763568394002505e-15;4,64137373775828;4,744683999142969
580,0;0,25;границы зёрен;16,570959545682157;23,5;23,500000000000004;3,552713678800501e-15;20,761449067333956;21,06548326690337;13,0;12,999999999999998;-1,7763568394002505e-15;4,6413737371852095;4,744683999142969
580,0;0,25;границы зёрен;29,350528588955715;23,5;23,500000000000004;3,552713678800501e-15;20,761449067284776;21,06548326690337;13,0;12,999999999999998;-1,7763568394002505e-15;4,641373737397652;4,744683999142969
580,0;0,25;границы зёрен;51,97073204951477;23,5;23,500000000000004;3,552713678800501e-15;20,761449067331185;21,06548326690337;13,0;12,999999999999998;-1,7763568394002505e-15;4,641373737516017;4,744683999142969
580,0;0,25;границы зёрен;92,06645694618066;23,5;23,500000000000004;3,552713678800501e-15;20,76144906721817;21,06548326690337;13,0;12,999999999999998;-1,7763568394002505e-15;4,641373737459201;4,744683999142969
580,0;0,25;границы зёрен;100,0;23,5;23,500000000000004;3,552713678800501e-15;20,761449067557425;21,06548326690337;13,0;12,999999999999998;-1,7763568394002505e-15;4,64137373761106;4,744683999142969
580,0;0,25;границы зёрен;163,07792971802743;23,5;23,500000000000004;3,552713678800501e-15;20,76144906738738;21,06548326690337;13,0;12,999999999999998;-1,7763568394002505e-15;4,641373737380002;4,744683999142969
580,0;0,25;границы зёрен;200,0;23,5;23,500000000000004;3,552713678800501e-15;20,76144906735871;21,06548326690337;13,0;12,999999999999998;-1,7763568394002505e-15;4,641373737730411;4,744683999142969
580,0;0,25;границы зёрен;288,7106794656684;23,5;23,500000000000004;3,552713678800501e-15;20,761449067639145;21,06548326690337;13,0;12,999999999999998;-1,7763568394002505e-15;4,641373737324538;4,744683999142969
580,0;0,25;границы зёрен;511,2587749415865;23,5;23,500000000000004;3,552713678800501e-15;20,761449067509783;21,06548326690337;13,0;12,999999999999998;-1,7763568394002505e-15;4,641373737627009;4,744683999142969
580,0;0,25;границы зёрен;905,6521559651597;23,5;23,500000000000004;3,552713678800501e-15;20,761449067574233;21,06548326690337;13,0;12,999999999999998;-1,7763568394002505e-15;4,641373737566467;4,744683999142969
580,0;0,25;границы зёрен;1000,0;23,5;23,500000000000004;3,552713678800501e-15;20,761449067562488;21,06548326690337;13,0;12,999999999999998;-1,7763568394002505e-15;4,641373737665068;4,744683999142969
580,0;0,25;границы зёрен;1603,2837532047117;23,5;23,500000000000004;3,552713678800501e-15;20,761449067569345;21,06548326690337;13,0;12,999999999999998;-1,7763568394002505e-15;4,641373737768064;4,744683999142969
580,0;0,25;границы зёрен;2839,0358009060474;23,5;23,500000000000004;3,552713678800501e-15;20,761449067539665;21,06548326690337;13,0;12,999999999999998;-1,7763568394002505e-15;4,641373738306595;4,744683999142969
580,0;0,25;границы зёрен;5028,633571792196;23,5;23,500000000000004;3,552713678800501e-15;20,761449067409984;21,06548326690337;13,0;12,999999999999998;-1,7763568394002505e-15;4,641373737899534;4,744683999142969
580,0;0,25;границы зёрен;8908,86767615496;23,5;23,500000000000004;3,552713678800501e-15;20,76144906744562;21,06548326690337;13,0;12,999999999999998;-1,7763568394002505e-15;4,641373737557103;4,744683999142969
580,0;0,25;границы зёрен;10000,0;23,5;23,500000000000004;3,552713678800501e-15;20,761449067371892;21,06548326690337;13,0;12,999999999999998;-1,7763568394002505e-15;4,641373737572953;4,744683999142969
580,0;0,25;границы зёрен;15765,470162594047;23,5;23,500000000000004;3,552713678800501e-15;20,76144906734671;21,06548326690337;13,0;12,999999999999998;-1,7763568394002505e-15;4,641373737207225;4,744683999142969
580,0;0,25;границы зёрен;27940,049585849076;23,5;23,500000000000004;3,552713678800501e-15;20,76144906735519;21,06548326690337;13,0;12,999999999999998;-1,7763568394002505e-15;4,641373737445878;4,744683999142969
580,0;0,25;границы зёрен;49468,135641063185;23,5;23,500000000000004;3,552713678800501e-15;20,761449067220305;21,06548326690337;13,0;12,999999999999998;-1,7763568394002505e-15;4,6413737372223185;4,744683999142969
580,0;0,25;границы зёрен;87600,0;23,5;23,500000000000004;3,552713678800501e-15;20,761449067593748;21,06548326690337;13,0;12,999999999999998;-1,7763568394002505e-15;4,641373737896435;4,744683999142969
580,0;0,5;границы зёрен;0,001;23,5;23,500000000000004;3,552713678800501e-15;20,76144906732838;21,06548326690337;13,0;12,999999999999998;-1,7763568394002505e-15;4,641373737371423;4,744683999142969
580,0;0,5;границы зёрен;0,001769908906321979;23,5;23,500000000000004;3,552713678800501e-15;20,761449067465055;21,06548326690337;13,0;12,999999999999998;-1,7763568394002505e-15;4,641373737286987;4,744683999142969
580,0;0,5;границы зёрен;0,0031355141082460083;23,5;23,500000000000004;3,552713678800501e-15;20,761449067690634;21,06548326690337;13,0;12,999999999999998;-1,7763568394002505e-15;4,641373737636865;4,744683999142969
580,0;0,5;границы зёрен;0,005554586920350339;23,5;23,500000000000004;3,552713678800501e-15;20,76144906730763;21,06548326690337;13,0;12,999999999999998;-1,7763568394002505e-15;4,641373737331214;4,744683999142969
580,0;0,5;границы зёрен;0,009835356723973405;23,5;23,500000000000004;3,552713678800501e-15;20,76144906754575;21,06548326690337;13,0;12,999999999999998;-1,7763568394002505e-15;4,64137373774955;4,744683999142969
580,0;0,5;границы зёрен;0,010000000000000002;23,5;23,500000000000004;3,552713678800501e-15;20,76144906749843;21,06548326690337;13,0;12,999999999999998;-1,7763568394002505e-15;4,641373737536677;4,744683999142969
580,0;0,5;границы зёрен;0,01741420532255206;23,5;23,500000000000004;3,552713678800501e-15;20,761449067431055;21,06548326690337;13,0;12,999999999999998;-1,7763568394002505e-15;4,641373737742124;4,744683999142969
580,0;0,5;границы зёрен;0,03084270003851134;23,5;23,500000000000004;3,552713678800501e-15;20,761449067190807;21,06548326690337;13,0;12,999999999999998;-1,7763568394002505e-15;4,641373737483599;4,744683999142969
580,0;0,5;границы зёрен;0,054614930997190225;23,5;23,500000000000004;3,552713678800501e-15;20,761449067473652;21,06548326690337;13,0;12,999999999999998;-1,7763568394002505e-15;4,6413737373770685;4,744683999142969
580,0;0,5;границы зёрен;0,09671041261606801;23,5;23,500000000000004;3,552713678800501e-15;20,761449067471954;21,06548326690337;13,0;12,999999999999998;-1,7763568394002505e-15;4,641373737979526;4,744683999142969
580,0;0,5;границы зёрен;0,10000000000000002;23,5;23,500000000000004;3,552713678800501e-15;20,761449067592316;21,06548326690337;13,0;12,999999999999998;-1,7763568394002505e-15;4,641373738024457;4,744683999142969
580,0;0,5;границы зёрен;0,17127951419477566;23,5;23,500000000000004;3,552713678800501e-15;20,7614490675412;21,06548326690337;13,0;12,999999999999998;-1,7763568394002505e-15;4,641373737422145;4,744683999142969
580,0;0,5;границы зёрен;0,3035281041009391;23,5;23,500000000000004;3,552713678800501e-15;20,761449067381893;21,06548326690337;13,0;12,999999999999998;-1,7763568394002505e-15;4,641373737794867;4,744683999142969
580,0;0,5;границы зёрен;0,5373684155160052;23,5;23,500000000000004;3,552713678800501e-15;20,76144906740143;21,06548326690337;13,0;12,999999999999998;-1,7763568394002505e-15;4,641373737623205;4,744683999142969
580,0;0,5;границы зёрен;0,9511271808247345;23,5;23,500000000000004;3,552713678800501e-15;20,761449067343467;21,06548326690337;13,0;12,999999999999998;-1,7763568394002505e-15;4,641373736935103;4,744683999142969
580,0;0,5;границы зёрен;1,0;23,5;23,500000000000004;3,552713678800501e-15;20,761449067430448;21,06548326690337;13,0;12,999999999999998;-1,7763568394002505e-15;4,6413737374131205;4,744683999142969
580,0;0,5;границы зёрен;1,6852501600765406;23,5;23,500000000000004;3,552713678800501e-15;20,761449067349403;21,06548326690337;13,0;12,999999999999998;-1,7763568394002505e-15;4,641373737621973;4,744683999142969
580,0;0,5;границы зёрен;2,9833301265324974;23,5;23,500000000000004;3,552713678800501e-15;20,761449067443746;21,06548326690337;13,0;12,999999999999998;-1,7763568394002505e-15;4,641373737603672;4,744683999142969
580,0;0,5;границы зёрен;5,2830095737983225;23,5;23,500000000000004;3,552713678800501e-15;20,761449067435183;21,06548326690337;13,0;12,999999999999998;-1,7763568394002505e-15;4,6413737379433355;4,744683999142969
580,0;0,5;границы зёрен;9,35969844997168;23,5;23,500000000000004;3,552713678800501e-15;20,761449067501704;21,06548326690337;13,0;12,999999999999998;-1,7763568394002505e-15;4,6413737377561315;4,744683999142969
580,0;0,5;границы зёрен;10,0;23,5;23,500000000000004;3,552713678800501e-15;20,761449067610233;21,06548326690337;13,0;12,999999999999998;-1,7763568394002505e-15;4,6413737375323025;4,744683999142969
580,0;0,5;границы зёрен;16,570959545682157;23,5;23,500000000000004;3,552713678800501e-15;20,76144906717116;21,06548326690337;13,0;12,999999999999998;-1,7763568394002505e-15;4,641373737587809;4,744683999142969
580,0;0,5;границы зёрен;29,350528588955715;23,5;23,500000000000004;3,552713678800501e-15;20,761449067410133;21,06548326690337;13,0;12,999999999999998;-1,7763568394002505e-15;4,641373737361005;4,744683999142969
580,0;0,5;границы зёрен;51,97073204951477;23,5;23,500000000000004;3,552713678800501e-15;20,761449067380457;21,06548326690337;13,0;12,999999999999998;-1,7763568394002505e-15;4,641373737366081;4,744683999142969
580,0;0,5;границы зёрен;92,06645694618066;23,5;23,500000000000004;3,552713678800501e-15;20,76144906753152;21,06548326690337;13,0;12,999999999999998;-1,7763568394002505e-15;4,641373737279818;4,744683999142969
580,0;0,5;границы зёрен;100,0;23,5;23,500000000000004;3,552713678800501e-15;20,76144906735453;21,06548326690337;13,0;12,999999999999998;-1,7763568394002505e-15;4,641373737242434;4,744683999142969
580,0;0,5;границы зёрен;163,07792971802743;23,5;23,500000000000004;3,552713678800501e-15;20,761449067586337;21,06548326690337;13,0;12,999999999999998;-1,7763568394002505e-15;4,641373737648294;4,744683999142969
580,0;0,5;границы зёрен;200,0;23,5;23,500000000000004;3,552713678800501e-15;20,761449067429897;21,06548326690337;13,0;12,999999999999998;-1,7763568394002505e-15;4,641373737566201;4,744683999142969
580,0;0,5;границы зёрен;288,7106794656684;23,5;23,500000000000004;3,552713678800501e-15;20,761449067381093;21,06548326690337;13,0;12,999999999999998;-1,7763568394002505e-15;4,6413737376861945;4,744683999142969
580,0;0,5;границы зёрен;511,2587749415865;23,5;23,500000000000004;3,552713678800501e-15;20,761449067484836;21,06548326690337;13,0;12,999999999999998;-1,7763568394002505e-15;4,64137373738667;4,744683999142969
580,0;0,5;границы зёрен;905,6521559651597;23,5;23,500000000000004;3,552713678800501e-15;20,761449067170428;21,06548326690337;13,0;12,999999999999998;-1,7763568394002505e-15;4,641373737516183;4,744683999142969
580,0;0,5;границы зёрен;1000,0;23,5;23,500000000000004;3,552713678800501e-15;20,76144906745506;21,06548326690337;13,0;12,999999999999998;-1,7763568394002505e-15;4,641373737600021;4,744683999142969
580,0;0,5;границы зёрен;1603,2837532047117;23,5;23,500000000000004;3,552713678800501e-15;20,761449067512597;21,06548326690337;13,0;12,999999999999998;-1,7763568394002505e-15;4,641373737402208;4,744683999142969
580,0;0,5;границы зёрен;2839,0358009060474;23,5;23,500000000000004;3,552713678800501e-15;20,76144906775972;21,06548326690337;13,0;12,999999999999998;-1,7763568394002505e-15;4,6413737380471325;4,744683999142969
580,0;0,5;границы зёрен;5028,633571792196;23,5;23,500000000000004;3,552713678800501e-15;20,761449067408662;21,06548326690337;13,0;12,999999999999998;-1,7763568394002505e-15;4,641373737378464;4,744683999142969
580,0;0,5;границы зёрен;8908,86767615496;23,5;23,500000000000004;3,552713678800501e-15;20,761449067533565;21,06548326690337;13,0;12,999999999999998;-1,7763568394002505e-15;4,6413737379964655;4,744683999142969
580,0;0,5;границы зёрен;10000,0;23,5;23,500000000000004;3,552713678800501e-15;20,76144906732767;21,06548326690337;13,0;12,999999999999998;-1,7763568394002505e-15;4,641373737620387;4,744683999142969
580,0;0,5;границы зёрен;15765,470162594047;23,5;23,500000000000004;3,552713678800501e-15;20,76144906750892;21,06548326690337;13,0;12,999999999999998;-1,7763568394002505e-15;4,6413737376016515;4,744683999142969
580,0;0,5;границы зёрен;27940,049585849076;23,5;23,500000000000004;3,552713678800501e-15;20,761449067443593;21,06548326690337;13,0;12,999999999999998;-1,7763568394002505e-15;4,641373737657403;4,744683999142969
580,0;0,5;границы зёрен;49468,135641063185;23,5;23,500000000000004;3,552713678800501e-15;20,76144906746426;21,06548326690337;13,0;12,999999999999998;-1,7763568394002505e-15;4,641373737651942;4,744683999142969
580,0;0,5;границы зёрен;87600,0;23,5;23,500000000000004;3,552713678800501e-15;20,761449067460134;21,06548326690337;13,0;12,999999999999998;-1,7763568394002505e-15;4,641373737492913;4,744683999142969
