,"Время, с","Время, ч","Температура, °C","Объёмная доля, %","Средний радиус, нм","Плотность частиц, 1/м³","Скорость зарождения, 1/(м³·с)","Движущая сила, Дж/м³","Движущая сила, Дж/моль","Критический радиус, нм","Радиус зародыша, нм"
0,0,0,800,0,0,0,0,78502583.23,515.4693529,0.5859679785,0
1,0.01001,2.780555556e-06,800,0,0,0,5.459694614e+26,78502583.37,515.4693538,0.5859679774,0.8123781832
2,0.01041779161,2.893831003e-06,800,0.05683058746,0.87375,2.033911116e+23,7.967196386e+26,78261866.31,513.88874,0.5877702918,0.8141804976
3,0.01069498096,2.970828045e-06,800,0.1135190136,0.8741591754,4.056199612e+23,9.858237104e+26,78021412.76,512.3098565,0.5895817362,0.815991942
4,0.0109173186,3.0325885e-06,800,0.1699018178,0.8743474525,6.066339534e+23,1.140814105e+27,77781880.81,510.7370244,0.5913973733,0.8178075791
5,0.01110805192,3.085569977e-06,800,0.225963841,0.8744739317,8.064015e+23,1.271337108e+27,77543338.67,509.1706917,0.5932166552,0.819626861
6,0.01127797881,3.132771891e-06,800,0.2816973153,0.8745728878,1.004906964e+24,1.382646933e+27,77305824.42,507.6111084,0.5950392528,0.8214494586
7,0.01143311935,3.175866486e-06,800,0.3370978784,0.8746566061,1.20214264e+24,1.478171885e+27,77069361.55,506.0584288,0.5968649418,0.8232751476
8,0.01157721392,3.215892755e-06,800,0.3921631582,0.8747307692,1.398105534e+24,1.560381844e+27,76833966.14,504.5127584,0.5986935507,0.8251037564
9,0.0117127622,3.253545055e-06,800,0.4468920298,0.8747984436,1.592795625e+24,1.631167469e+27,76599648.24,502.9741632,0.6005249509,0.8269351567
10,0.01184152531,3.289312587e-06,800,0.5012842286,0.8748614635,1.786214996e+24,1.692036326e+27,76366414.93,501.4426897,0.602359035,0.8287692407
11,0.0119647949,3.323554139e-06,800,0.5553400929,0.87492101,1.978367219e+24,1.744224493e+27,76134270.31,499.9183649,0.6041957165,0.8306059223
12,0.01208354874,3.356541317e-06,800,0.6090604041,0.8749778864,2.169256977e+24,1.788766718e+27,75903216.78,498.4012045,0.6060349212,0.832445127
13,0.01219854627,3.388485074e-06,800,0.6624462753,0.8750326625,2.358889797e+24,1.82654271e+27,75673255.58,496.8912165,0.6078765827,0.8342867885
14,0.01231038995,3.419552764e-06,800,0.7154990715,0.8750857564,2.54727185e+24,1.85830865e+27,75444386.04,495.3883968,0.6097206488,0.8361308545
15,0.01241956637,3.449879548e-06,800,0.7682203584,0.8751374829,2.734409834e+24,1.884721465e+27,75216607.4,493.8927402,0.6115670673,0.8379772731
16,0.01252647453,3.479576258e-06,800,0.8206118594,0.8751880846,2.920310862e+24,1.906355458e+27,74989917.8,492.4042345,0.6134157944,0.8398260002
17,0.01263144593,3.508734981e-06,800,0.8726754155,0.8752377516,3.104982355e+24,1.923715983e+27,74764314.86,490.9228641,0.6152667898,0.8416769956
18,0.01273475921,3.537433113e-06,800,0.9244129679,0.8752866352,3.288432007e+24,1.937249987e+27,74539795.86,489.4486112,0.6171200158,0.8435302216
19,0.01283665089,3.56573636e-06,800,0.9758265375,0.8753348573,3.470667731e+24,1.947354099e+27,74316357.35,487.981453,0.6189754401,0.8453856459
20,0.01293732362,3.593701005e-06,800,1.026918207,0.8753825173,3.651697604e+24,1.954381826e+27,74093995.75,486.5213662,0.6208330316,0.8472432373
21,0.01303695234,3.621375651e-06,800,1.077690112,0.8754296965,3.83152986e+24,1.958649121e+27,73872707.27,485.0683257,0.6226927603,0.849102966
22,0.01313568922,3.648802562e-06,800,1.128144424,0.8754764626,4.010172825e+24,1.960438831e+27,73652487.62,483.6223035,0.6245546008,0.8509648065
23,0.01323366745,3.676018736e-06,800,1.17828335,0.8755228714,4.187634939e+24,1.960005214e+27,73433332.78,482.1832731,0.626418525,0.8528287307
24,0.01333100428,3.703056745e-06,800,1.228109117,0.87556897,4.363924684e+24,1.957576537e+27,73215237.94,480.7512029,0.6282845115,0.8546947172
25,0.01342780353,3.729945425e-06,800,1.277623971,0.8756147976,4.539050616e+24,1.953358714e+27,72998198.57,479.3260633,0.6301525366,0.8565627424
26,0.01352415752,3.756710422e-06,800,1.326830175,0.8756603872,4.713021332e+24,1.947537505e+27,72782210.02,477.9078236,0.6320225778,0.8584327836
27,0.01362014876,3.783374655e-06,800,1.375729991,0.8757057666,4.885845431e+24,1.940280456e+27,72567267.19,476.4964505,0.6338946164,0.8603048222
28,0.01371585127,3.809958686e-06,800,1.424325696,0.8757509592,5.05753156e+24,1.931739236e+27,72353365.18,475.0919115,0.635768632,0.8621788378
29,0.01381133173,3.836481035e-06,800,1.472619562,0.8757959845,5.228088359e+24,1.922051133e+27,72140499.04,473.6941745,0.6376446048,0.8640548105
30,0.01390665039,3.862958442e-06,800,1.520613865,0.8758408589,5.397524476e+24,1.911340314e+27,71928663.55,472.3032049,0.6395225176,0.8659327234
31,0.01400186192,3.889406088e-06,800,1.568310873,0.8758855963,5.565848547e+24,1.899719537e+27,71717853.75,470.9189703,0.6414023509,0.8678125567
32,0.01409701602,3.915837784e-06,800,1.61571285,0.8759302079,5.733069188e+24,1.887290619e+27,71508064.02,469.5414338,0.6432840915,0.8696942973
33,0.01419215808,3.942266132e-06,800,1.662822054,0.8759747031,5.899195017e+24,1.874146416e+27,71299289.44,468.170563,0.64516772,0.8715779257
34,0.01428732957,3.968702659e-06,800,1.709640734,0.8760190894,6.064234616e+24,1.86037093e+27,71091524.64,466.8063227,0.647053221,0.8734634268
35,0.01438256859,3.995157941e-06,800,1.756171128,0.8760633729,6.228196541e+24,1.846040406e+27,70884764.23,465.4486775,0.6489405798,0.8753507856
36,0.01447791012,4.021641701e-06,800,1.802415465,0.8761075582,6.391089327e+24,1.831224222e+27,70679003.03,464.0975934,0.6508297801,0.8772399859
37,0.01457338644,4.048162901e-06,800,1.848375956,0.8761516489,6.552921457e+24,1.815985134e+27,70474235.46,462.7530337,0.6527208093,0.879131015
38,0.01466902736,4.074729823e-06,800,1.894054808,0.8761956473,6.713701404e+24,1.800380461e+27,70270456.43,461.4149651,0.6546136504,0.8810238562
39,0.01476486047,4.101350131e-06,800,1.939454205,0.8762395552,6.873437573e+24,1.784461952e+27,70067660.37,460.083351,0.6565082915,0.8829184973
40,0.01486091137,4.128030936e-06,800,1.984576325,0.8762833733,7.032138359e+24,1.768276894e+27,69865842.18,458.7581577,0.6584047163,0.8848149221
41,0.01495720386,4.154778849e-06,800,2.029423322,0.8763271017,7.189812082e+24,1.751868026e+27,69664996.41,457.4393496,0.6603029121,0.8867131179
42,0.01505376009,4.181600025e-06,800,2.073997338,0.8763707397,7.346467029e+24,1.735274168e+27,69465117.68,456.1268915,0.6622028657,0.8886130715
43,0.01515060076,4.20850021e-06,800,2.118300501,0.8764142863,7.502111443e+24,1.718530606e+27,69266200.7,454.8207483,0.6641045638,0.8905147696
44,0.01524774519,4.235484775e-06,800,2.162334918,0.8764577399,7.656753512e+24,1.701669257e+27,69068240.01,453.5208845,0.6660079943,0.8924182001
45,0.01534521151,4.262558753e-06,800,2.206102683,0.8765010985,7.810401376e+24,1.684719324e+27,68871230.6,452.2272671,0.6679131416,0.8943233474
46,0.0154430167,4.289726862e-06,800,2.249605873,0.8765443596,7.963063132e+24,1.667706946e+27,68675166.93,450.9398596,0.6698199954,0.8962302012
47,0.01554117674,4.31699354e-06,800,2.292846545,0.8765875205,8.114746818e+24,1.650656034e+27,68480043.85,449.6586282,0.6717285418,0.8981387476
48,0.01563970667,4.344362963e-06,800,2.335826739,0.8766305782,8.265460412e+24,1.633588114e+27,68285856.03,448.3835381,0.6736387691,0.9000489748
49,0.01573862067,4.371839074e-06,800,2.37854848,0.8766735292,8.41521185e+24,1.616522823e+27,68092598.44,447.1145561,0.6755506627,0.9019608685
50,0.01583793213,4.399425592e-06,800,2.421013769,0.87671637,8.564008996e+24,1.599477663e+27,67900265.65,445.8516466,0.6774642125,0.9038744183
51,0.01593765376,4.427126043e-06,800,2.463224596,0.8767590968,8.71185968e+24,1.582468597e+27,67708852.55,444.594776,0.6793794056,0.9057896114
52,0.01603779756,4.454943767e-06,800,2.50518293,0.8768017057,8.858771665e+24,1.565509986e+27,67518353.98,443.3439105,0.6812962297,0.9077064354
53,0.01613837496,4.482881934e-06,800,2.546890721,0.8768441926,9.004752656e+24,1.548614865e+27,67328764.97,442.0990174,0.6832146709,0.9096248767
54,0.01623939682,4.510943562e-06,800,2.588349902,0.876886553,9.149810301e+24,1.531794715e+27,67140080.18,440.8600616,0.6851347195,0.9115449253
55,0.01634087349,4.539131525e-06,800,2.629562388,0.8769287827,9.293952199e+24,1.515060093e+27,66952294.72,439.6270111,0.6870563614,0.9134665672
56,0.01644281484,4.567448566e-06,800,2.670530074,0.8769708771,9.437185877e+24,1.498420284e+27,66765403.44,438.3998321,0.6889795857,0.9153897915
57,0.01654523031,4.595897307e-06,800,2.711254841,0.8770128316,9.579518819e+24,1.481883634e+27,66579401.29,437.1784913,0.6909043804,0.9173145862
58,0.01664812894,4.62448026e-06,800,2.751738549,0.8770546414,9.720958451e+24,1.465457733e+27,66394283.52,435.9629575,0.6928307313,0.919240937
59,0.01675151939,4.653199832e-06,800,2.79198304,0.8770963018,9.861512129e+24,1.449149024e+27,66210044.84,434.7531962,0.6947586293,0.9211688351
60,0.01685541001,4.682058336e-06,800,2.831990139,0.8771378078,1.000118716e+25,1.432963534e+27,66026680.59,433.5491766,0.6966880599,0.9230982656
61,0.0169598088,4.711058e-06,800,2.871761653,0.8771791547,1.01399908e+25,1.416906357e+27,65844185.72,432.3508655,0.6986190124,0.9250292182
62,0.01706472348,4.740200967e-06,800,2.911299372,0.8772203374,1.027793023e+25,1.400982139e+27,65662555.51,431.1582321,0.7005514732,0.926961679
63,0.01717016151,4.769489309e-06,800,2.950605066,0.8772613509,1.041501258e+25,1.385194789e+27,65481785.02,429.9712437,0.7024854315,0.9288956372
64,0.0172761301,4.798925028e-06,800,2.989680489,0.8773021902,1.055124493e+25,1.369547742e+27,65301869.38,428.7898686,0.7044208755,0.9308310813
65,0.01738263623,4.828510063e-06,800,3.028527379,0.8773428502,1.06866343e+25,1.35404415e+27,65122804.12,427.6140774,0.70635779,0.9327679958
66,0.01748968666,4.858246294e-06,800,3.067147453,0.8773833258,1.082118765e+25,1.338686446e+27,64944584.33,426.4438376,0.7082961647,0.9347063705
67,0.01759728797,4.888135546e-06,800,3.121853135,0.878874422,1.095077655e+25,1.285915364e+27,64696373.83,424.8140199,0.7110135742,0.93742378
68,0.01770828134,4.918967038e-06,800,3.176101384,0.8803206903,1.107917672e+25,1.237249347e+27,64449912.38,423.1956868,0.7137325452,0.940142751
69,0.01782259082,4.950719671e-06,800,3.22990056,0.8817242685,1.120641097e+25,1.192260152e+27,64205111.33,421.5882564,0.7164538624,0.9428640682
70,0.0179401387,4.983371861e-06,800,3.28325645,0.8830870965,1.133249602e+25,1.150596626e+27,63961950.65,419.9915972,0.7191775662,0.945587772
71,0.01806084385,5.01690107e-06,800,3.336174733,0.8844109911,1.145744849e+25,1.111942662e+27,63720413.4,418.4055977,0.7219036655,0.9483138713
72,0.01818462273,5.051284091e-06,800,3.388660918,0.885697654,1.158128469e+25,1.076012371e+27,63480482.33,416.830145,0.7246321753,0.9510423811
73,0.01831139051,5.086497365e-06,800,3.440720367,0.8869486821,1.17040207e+25,1.042547869e+27,63242141.07,415.2651313,0.7273631035,0.9537733093
74,0.01844106207,5.122517242e-06,800,3.492358301,0.888165575,1.182567232e+25,1.011316459e+27,63005373.54,413.7104512,0.7300964571,0.9565066629
75,0.01857355285,5.159320236e-06,800,3.543579801,0.8893497435,1.194625503e+25,9.821085557e+26,62770164.58,412.166005,0.732832235,0.9592424408
76,0.01870877961,5.196883225e-06,800,3.594389806,0.8905025157,1.206578402e+25,9.547350228e+26,62536498.78,410.6316917,0.7355704413,0.9619806471
77,0.01884666113,5.235183647e-06,800,3.644793144,0.8916251438,1.218427417e+25,9.29025696e+26,62304361.55,409.1074154,0.7383110725,0.9647212783
78,0.01898711873,5.274199647e-06,800,3.694794509,0.8927188097,1.230174002e+25,9.048273563e+26,62073738.65,407.5930826,0.7410541238,0.9674643295
79,0.01913007673,5.313910202e-06,800,3.744398488,0.8937846302,1.241819581e+25,8.820020953e+26,61844616.12,406.0886016,0.7437995882,0.970209794
80,0.01927546278,5.354295217e-06,800,3.79360956,0.8948236618,1.253365548e+25,8.604258046e+26,61616980.27,404.5938826,0.7465474581,0.9729576639
81,0.01942320816,5.3953356e-06,800,3.842432097,0.8958369048,1.264813264e+25,8.399869548e+26,61390818.03,403.1088397,0.7492977204,0.9757079262
82,0.01957324792,5.437013311e-06,800,3.890870376,0.8968253075,1.276164059e+25,8.205851913e+26,61166116.46,401.633388,0.7520503615,0.9784605673
83,0.01972552101,5.479311391e-06,800,3.938928581,0.8977897695,1.287419234e+25,8.021301929e+26,60942862.75,400.1674433,0.7548053689,0.9812155746
84,0.01987997034,5.522213983e-06,800,3.986610809,0.8987311453,1.29858006e+25,7.845408469e+26,60721044.64,398.7109252,0.7575627242,0.98397293
85,0.02003654278,5.565706327e-06,800,4.033921072,0.8996502467,1.309647779e+25,7.677441508e+26,60500649.98,397.2637538,0.76032241,0.9867326158
86,0.0201951891,5.60977475e-06,800,4.080863306,0.9005478462,1.320623609e+25,7.51674443e+26,60281666.85,395.8258509,0.7630844069,0.9894946127
87,0.02035586393,5.654406648e-06,800,4.12744137,0.9014246793,1.331508738e+25,7.36272651e+26,60064083.57,394.3971397,0.7658486947,0.9922589005
88,0.02051852563,5.699590454e-06,800,4.173659051,0.9022814462,1.342304329e+25,7.21485643e+26,59847888.73,392.9775455,0.7686152507,0.9950254565
89,0.02068313617,5.745315603e-06,800,4.219520065,0.9031188147,1.353011521e+25,7.07265544e+26,59633071,391.5669938,0.7713840529,0.9977942587
90,0.020849661,5.7915725e-06,800,4.265028068,0.903937422,1.36363143e+25,6.935692772e+26,59419619.37,390.1654122,0.7741550768,1.000565283
91,0.02101806888,5.838352467e-06,800,4.31018665,0.9047378759,1.374165148e+25,6.803579983e+26,59207522.91,388.772729,0.776928298,1.003338504
92,0.02118833176,5.885647712e-06,800,4.354999342,0.9055207571,1.384613747e+25,6.675967758e+26,58996771.13,387.3888754,0.7797036875,1.006113893
93,0.02136042456,5.933451267e-06,800,4.399469611,0.9062866203,1.394978276e+25,6.552539283e+26,58787353.21,386.0137803,0.7824812223,1.008891428
94,0.02153432507,5.981756964e-06,800,4.443600872,0.9070359962,1.405259766e+25,6.433009732e+26,58579258.86,384.6473761,0.7852608738,1.01167108
95,0.02171001375,6.030559375e-06,800,4.487396487,0.9077693919,1.415459227e+25,6.317121848e+26,58372477.97,383.2895964,0.7880426118,1.014452818
96,0.02188747357,6.07985377e-06,800,4.530859762,0.9084872931,1.425577653e+25,6.20464154e+26,58167000.12,381.9403729,0.7908264119,1.017236618
97,0.0220666899,6.129636083e-06,800,4.573993958,0.9091901646,1.43561602e+25,6.095359203e+26,57962815.81,380.5996431,0.7936122384,1.020022444
98,0.02224765029,6.179902857e-06,800,4.616802274,0.9098784517,1.445575285e+25,5.989082239e+26,57759914.77,379.2673395,0.7964000671,1.022810273
99,0.02243034439,6.23065122e-06,800,4.659287871,0.9105525808,1.455456389e+25,5.885638082e+26,57558287.62,377.9434007,0.799189863,1.025600069
100,0.0226147638,6.281878833e-06,800,4.701453858,0.9112129608,1.465260261e+25,5.784868662e+26,57357924.66,376.627763,0.8019815966,1.028391802
101,0.02280090191,6.333583864e-06,800,4.7433033,0.911859984,1.474987811e+25,5.686630947e+26,57158816.59,375.3203651,0.8047752341,1.03118544
102,0.02298875382,6.385764949e-06,800,4.784839214,0.9124940262,1.484639938e+25,5.590793742e+26,56960953.89,374.0211447,0.8075707456,1.033980951
103,0.02317831619,6.438421164e-06,800,4.826064579,0.9131154484,1.494217524e+25,5.497238417e+26,56764327.56,372.7300426,0.8103680953,1.036778301
104,0.02336958717,6.491551992e-06,800,4.866977201,0.9137241873,1.50372144e+25,5.405918466e+26,56568951.78,371.447152,0.813166915,1.039577121
105,0.02356256425,6.545156735e-06,800,4.9075679,0.9143195389,1.513152849e+25,5.316878525e+26,56374874.51,370.1727878,0.8159663396,1.042376545
106,0.02375724126,6.599233683e-06,800,4.947839819,0.9149018368,1.522512729e+25,5.230003636e+26,56182086.31,368.9068879,0.8187663189,1.045176525
107,0.02395361355,6.653781541e-06,800,4.987795676,0.915471397,1.53180195e+25,5.145190277e+26,55990578.42,367.6493949,0.8215667939,1.047977
108,0.02415167778,6.708799384e-06,800,5.027438154,0.9160285232,1.541021368e+25,5.062345082e+26,55800342.73,366.4002555,0.8243676965,1.050777902
109,0.02435143181,6.764286614e-06,800,5.066769909,0.9165735076,1.550171831e+25,4.981383486e+26,55611371.68,365.1594202,0.8271689514,1.053579157
110,0.02455287454,6.820242926e-06,800,5.105793545,0.9171066307,1.559254172e+25,4.902226332e+26,55423657.28,363.9268362,0.8299704902,1.056380696
111,0.02475600587,6.876668298e-06,800,5.158176193,0.9182907441,1.567952131e+25,4.672552336e+26,55174725.29,362.292281,0.8337150708,1.060125277
112,0.02496685207,6.935236685e-06,800,5.210020259,0.9194489636,1.576558254e+25,4.465127146e+26,54928090.28,360.6728083,0.8374585712,1.063868777
113,0.02518516642,6.995879561e-06,800,5.261335169,0.9205819022,1.585075084e+25,4.276962985e+26,54683600.16,359.0674195,0.8412028445,1.06761305
114,0.02541070478,7.058529105e-06,800,5.312127148,0.9216900842,1.593504596e+25,4.105744414e+26,54441231.05,357.4759579,0.8449478293,1.071358035
115,0.02564321756,7.123115989e-06,800,5.362402292,0.9227740162,1.601848714e+25,3.949449836e+26,54200963.95,355.8982986,0.8486933931,1.075103599
116,0.02588245403,7.189570565e-06,800,5.412166496,0.9238341864,1.610109301e+25,3.806307758e+26,53962780.66,354.3343222,0.8524393933,1.078849599
117,0.02612816636,7.257823989e-06,800,5.461425462,0.9248710675,1.618288149e+25,3.674766385e+26,53726663.3,352.7839114,0.8561856846,1.08259589
118,0.02638011304,7.327809179e-06,800,5.510184735,0.9258851175,1.62638699e+25,3.553468665e+26,53492594.92,351.2469546,0.8599321097,1.086342315
119,0.0266380616,7.399461556e-06,800,5.5584497,0.9268767816,1.634407487e+25,3.441228269e+26,53260559.16,349.7233446,0.8636785029,1.090088709
120,0.02690179067,7.472719631e-06,800,5.606225602,0.9278464923,1.64235124e+25,3.337007579e+26,53030539.68,348.2129739,0.8674247006,1.093834906
121,0.02717098818,7.547496717e-06,800,5.653501672,0.9287943541,1.650217152e+25,3.239920068e+26,52802597.93,346.7162463,0.8711692569,1.097579463
122,0.02744537786,7.623716071e-06,800,5.70027198,0.9297205738,1.658004881e+25,3.149182671e+26,52576771.65,345.2334094,0.8749110788,1.101321285
123,0.02772476656,7.701324044e-06,800,5.746541569,0.9306255733,1.665715864e+25,3.064099885e+26,52353045.57,343.7643631,0.8786499333,1.105060139
124,0.02800897631,7.780271198e-06,800,5.79231546,0.9315097649,1.6733515e+25,2.984065542e+26,52131404.69,342.3090086,0.8823855845,1.10879579
125,0.02829784408,7.860512245e-06,800,5.837598636,0.932373551,1.680913149e+25,2.908550537e+26,51911833.81,340.8672464,0.8861178006,1.112528006
126,0.02859122135,7.942005931e-06,800,5.88239605,0.9332173242,1.688402132e+25,2.837092702e+26,51694317.51,339.4389751,0.8898463548,1.116256561
127,0.02888897357,8.02471488e-06,800,5.926712611,0.9340414669,1.695819735e+25,2.769289863e+26,51478841.29,338.0240995,0.893571006,1.119981212
128,0.02919097928,8.108605356e-06,800,5.970553171,0.934846351,1.70316721e+25,2.704788562e+26,51265389.44,336.6225165,0.8972915353,1.123701741
129,0.02949712956,8.193647099e-06,800,6.013922534,0.9356323384,1.710445777e+25,2.643281137e+26,51053947.29,335.2341297,0.9010077074,1.127417913
130,0.02980732696,8.279813043e-06,800,6.056825453,0.9363997803,1.717656625e+25,2.584497296e+26,50844499.67,333.8588396,0.9047192971,1.131129503
131,0.03012148479,8.367079107e-06,800,6.099266621,0.9371490179,1.724800916e+25,2.528201048e+26,50637032.17,332.4965515,0.9084260674,1.134836273
132,0.03043952613,8.455423925e-06,800,6.141250655,0.9378803818,1.731879783e+25,2.474183927e+26,50431529.67,331.1471661,0.9121277958,1.138538002
133,0.03076138316,8.544828655e-06,800,6.182782131,0.9385941926,1.738894335e+25,2.422263979e+26,50227978.11,329.810591,0.9158242424,1.142234448
134,0.03108699616,8.635276711e-06,800,6.223865538,0.9392907605,1.745845653e+25,2.372280288e+26,50026363.15,328.4867323,0.9195151737,1.145925379
135,0.03141631286,8.726753572e-06,800,6.264505304,0.9399703859,1.752734798e+25,2.324090178e+26,49826670.16,327.1754937,0.9232003635,1.149610569
136,0.03174928777,8.819246603e-06,800,6.304705793,0.9406333596,1.759562809e+25,2.27756882e+26,49628885.67,325.8767868,0.9268795659,1.153289772
137,0.03208588135,8.912744819e-06,800,6.34447129,0.9412799625,1.7663307e+25,2.232604462e+26,49432995.6,324.5905193,0.9305525477,1.156962753
138,0.0324260595,9.007238749e-06,800,6.383806017,0.9419104662,1.77303947e+25,2.189098312e+26,49238986.48,323.3166025,0.9342190669,1.160629273
139,0.03276979293,9.102720257e-06,800,6.42272792,0.9425258579,1.779689995e+25,2.146876238e+26,49046779.26,322.0545175,0.937880136,1.164290342
140,0.03311706926,9.199185906e-06,800,6.4612425,0.9431265031,1.786282989e+25,2.105859021e+26,48856351.92,320.8041197,0.9415357101,1.167945916
141,0.03346788104,9.296633623e-06,800,6.499353722,0.9437126392,1.792819369e+25,2.065988092e+26,48667692.28,319.5653291,0.9451855604,1.171595766
142,0.03382222338,9.395062049e-06,800,6.537065471,0.944284495,1.799300033e+25,2.027209687e+26,48480787.78,318.3380632,0.9488294663,1.175239672
143,0.03418009372,9.494470479e-06,800,6.574381542,0.9448422904,1.805725863e+25,1.98947468e+26,48295625.86,317.1222396,0.9524672097,1.178877415
144,0.03454149165,9.594858792e-06,800,6.622970591,0.9457752385,1.811850041e+25,1.88611327e+26,48056829.76,315.5542394,0.9572000531,1.183610259
145,0.03491811797,9.699477215e-06,800,6.670885549,0.9466821691,1.817904269e+25,1.794632337e+26,47821173.96,314.0068591,0.961916996,1.188327202
146,0.03530925393,9.808126092e-06,800,6.718140527,0.9475635944,1.823891044e+25,1.713092517e+26,47588435.66,312.478636,0.9666213937,1.193031599
147,0.03571421411,9.920615032e-06,800,6.764744786,0.9484199238,1.829812206e+25,1.640056686e+26,47358573.6,310.9692991,0.9713130381,1.197723244
148,0.03613232168,1.003675602e-05,800,6.810707654,0.9492515732,1.835669534e+25,1.574311907e+26,47131554.58,309.4786304,0.975991571,1.202401777
149,0.03656292001,1.015636667e-05,800,6.856038288,0.9500589578,1.841464722e+25,1.514827985e+26,46907345.55,308.0064128,0.9806566425,1.207066848
150,0.03700538309,1.027927308e-05,800,6.900745658,0.9508424891,1.847199381e+25,1.460731146e+26,46685914.07,306.5524333,0.9853079011,1.211718107
151,0.03745912279,1.040531189e-05,800,6.944838533,0.9516025721,1.852875045e+25,1.411280843e+26,46467228.37,305.1164835,0.9899449916,1.216355197
152,0.03792351944,1.053431095e-05,800,6.988319566,0.9523395072,1.85849241e+25,1.365852636e+26,46251286.9,303.6985529,0.9945669209,1.220977127
153,0.0383978468,1.066606855e-05,800,7.031180292,0.953053417,1.864050661e+25,1.323921805e+26,46038143.57,302.2989958,0.9991714789,1.225581685
154,0.03888162901,1.08004525e-05,800,7.073429112,0.9537447014,1.869551133e+25,1.285036335e+26,45827767.42,300.9176086,1.003758258,1.230168464
155,0.03937443654,1.093734348e-05,800,7.115074273,0.9544137489,1.874995111e+25,1.248814043e+26,45620128.34,299.5541938,1.008326843,1.234737049
156,0.03987588391,1.107663442e-05,800,7.156123849,0.9550609352,1.880383833e+25,1.214931516e+26,45415197.08,298.2085593,1.012876811,1.239287017
157,0.04038562679,1.121822966e-05,800,7.196585727,0.9556866234,1.885718491e+25,1.18311459e+26,45212945.02,296.8805172,1.017407735,1.243817941
158,0.04090335887,1.136204413e-05,800,7.236467598,0.9562911633,1.891000234e+25,1.153130311e+26,45013343.86,295.5698816,1.021919192,1.248329398
159,0.04142880853,1.150800237e-05,800,7.275776966,0.9568748918,1.896230168e+25,1.124780764e+26,44816366.17,294.2764724,1.02641075,1.252820956
160,0.04196173535,1.16560376e-05,800,7.314521145,0.9574381331,1.901409361e+25,1.09789744e+26,44621985.27,293.0001145,1.030881968,1.257292174
161,0.04250192678,1.180609077e-05,800,7.352707269,0.9579811998,1.906538846e+25,1.072336414e+26,44430175.09,291.7406366,1.035332404,1.26174261
162,0.04304919494,1.195810971e-05,800,7.390342284,0.9585043926,1.911619614e+25,1.047974359e+26,44240910.04,290.4978707,1.039761613,1.266171819
163,0.04360337368,1.211204825e-05,800,7.427432975,0.959008002,1.916652626e+25,1.024705733e+26,44054165.62,289.2716559,1.044169135,1.27057934
164,0.04416431567,1.226786546e-05,800,7.46398595,0.9594923083,1.921638806e+25,1.002439105e+26,43869917.2,288.0618306,1.048554521,1.274964726
165,0.04473189009,1.242552502e-05,800,7.500007677,0.959957583,1.926579045e+25,9.810958346e+25,43688141.29,286.8682404,1.052917305,1.279327511
166,0.04530598016,1.258499449e-05,800,7.535504612,0.9604040949,1.931474201e+25,9.606070197e+25,43508813.98,285.6907284,1.057257043,1.283667248
167,0.0458864814,1.274624483e-05,800,7.570497276,0.960832644,1.936324981e+25,9.408649381e+25,43331842.32,284.5286843,1.061574988,1.287985194
168,0.04647332693,1.290925748e-05,800,7.604990333,0.961243441,1.941132024e+25,9.218276097e+25,43157209.18,283.3819955,1.06587059,1.292280796
169,0.0470664548,1.307401522e-05,800,7.638989462,0.9616367129,1.945896079e+25,9.034555555e+25,42984894.52,282.2505305,1.070143373,1.296553579
170,0.04766580821,1.324050228e-05,800,7.672500204,0.9620126816,1.950617861e+25,8.857132008e+25,42814878.1,281.1341564,1.074392876,1.300803081
171,0.04827133468,1.340870408e-05,800,7.715669351,0.9626233611,1.955100665e+25,8.370984769e+25,42597631.01,279.7076528,1.079872258,1.306282464
172,0.0489039293,1.35844248e-05,800,7.757958408,0.963198851,1.959531841e+25,7.950602805e+25,42384770.94,278.3099555,1.085295472,1.311705678
173,0.04956172089,1.376714469e-05,800,7.799397037,0.9637403341,1.963913451e+25,7.583455455e+25,42175962.77,276.9388642,1.090668641,1.317078847
174,0.050242975,1.395638194e-05,800,7.840005989,0.9642488035,1.968246667e+25,7.26061531e+25,41971104.13,275.5937065,1.095992134,1.32240234
175,0.05094602998,1.415167499e-05,800,7.879806054,0.9647252666,1.972532551e+25,6.974787098e+25,41770104.74,274.2738898,1.101266092,1.327676298
176,0.05166932222,1.43525895e-05,800,7.918817469,0.9651707221,1.976772032e+25,6.719966209e+25,41572876.86,272.9788378,1.106490661,1.332900867
177,0.05241140494,1.45587236e-05,800,7.957059737,0.9655861461,1.980965908e+25,6.491209307e+25,41379334.99,271.7079891,1.111666005,1.33807621
178,0.05317095793,1.476971054e-05,800,7.994551514,0.9659724828,1.985114855e+25,6.284457338e+25,41189398.28,270.4608129,1.116792231,1.343202437
179,0.05394642311,1.498511753e-05,800,8.031296379,0.9663305337,1.989217794e+25,6.096386183e+25,41003061.25,269.2372732,1.121867456,1.348277661
180,0.05473668179,1.520463383e-05,800,8.067310512,0.9666611871,1.993275059e+25,5.924248401e+25,40820254.4,268.0369136,1.126891556,1.353301762
181,0.0555407651,1.542799031e-05,800,8.102610472,0.9669653032,1.997287033e+25,5.765780274e+25,40640905.17,266.8592577,1.131864554,1.35827476
182,0.0563578144,1.565494844e-05,800,8.137212001,0.9672437056,2.001254003e+25,5.619120326e+25,40464945.3,265.7038573,1.136786412,1.363196618
183,0.05718706962,1.588529712e-05,800,8.171130066,0.9674971843,2.005176169e+25,5.482732876e+25,40292310.16,264.5702879,1.141657051,1.368067257
184,0.05802785773,1.611884937e-05,800,8.204378919,0.9677265002,2.009053644e+25,5.355345319e+25,40122937.87,263.4581433,1.146476366,1.372886572
185,0.058879582,1.635543944e-05,800,8.236972165,0.967932389,2.012886453e+25,5.235901744e+25,39956769.54,262.3670367,1.15124422,1.377654426
186,0.05974171158,1.659491988e-05,800,8.268922827,0.9681155655,2.016674542e+25,5.123523231e+25,39793749.08,261.2966,1.155960448,1.382370653
187,0.06061377193,1.683715887e-05,800,8.300243405,0.9682767283,2.020417773e+25,5.017473905e+25,39633822.61,260.2464792,1.160624865,1.38703507
188,0.06149533643,1.70820379e-05,800,8.330945934,0.9684165628,2.024115929e+25,4.91713479e+25,39476938.16,259.2163331,1.165237279,1.391647485
189,0.06238601901,1.732944973e-05,800,8.361042048,0.9685357455,2.027768716e+25,4.821982553e+25,39323045.5,258.205832,1.169797492,1.396207698
190,0.06328546761,1.757929656e-05,800,8.390543015,0.9686349464,2.031375763e+25,4.731572439e+25,39172095.96,257.2146562,1.174305303,1.400715508
191,0.06419335856,1.783148849e-05,800,8.419459805,0.9687148324,2.034936628e+25,4.645524627e+25,39024042.33,256.2424957,1.178760509,1.405170715
192,0.06510939161,1.808594212e-05,800,8.447810442,0.968776278,2.03845076e+25,4.563369224e+25,38878801.69,255.2888061,1.183164038,1.409574244
193,0.06603331233,1.834258676e-05,800,8.475605711,0.9688199577,2.041917462e+25,4.484828343e+25,38736325.59,254.3532692,1.187515834,1.41392604
194,0.06696488291,1.860135636e-05,800,8.502855421,0.9688465156,2.045336076e+25,4.409681361e+25,38596572.38,253.4356116,1.191815676,1.418225882
195,0.06790387501,1.88621875e-05,800,8.529569213,0.9688566012,2.048705881e+25,4.337730036e+25,38459500.31,252.535559,1.196063382,1.422473588
196,0.06885006829,1.912501897e-05,800,8.567077665,0.9690669417,2.052026095e+25,4.070532595e+25,38270193.06,251.292516,1.201979826,1.428390032
197,0.06984563317,1.940156477e-05,800,8.600969003,0.9691797483,2.055108562e+25,3.876968217e+25,38095729.28,250.1469393,1.207484431,1.433894637
198,0.07087878285,1.968855079e-05,800,8.633849944,0.9692514444,2.058127373e+25,3.718213533e+25,37928347.02,249.0478617,1.212813202,1.439223408
199,0.07194406397,1.998446221e-05,800,8.665732747,0.9692856432,2.061076388e+25,3.582114935e+25,37766032.43,247.9820599,1.218025751,1.444435957
200,0.07303788997,2.028830277e-05,800,8.696669926,0.9692858166,2.063953469e+25,3.464445354e+25,37608525.76,246.9478282,1.223126913,1.449537118
201,0.07415702135,2.05991726e-05,800,8.726710594,0.9692552573,2.066756397e+25,3.36182605e+25,37455585.71,245.9435821,1.22812123,1.454531436
202,0.07529857564,2.091627101e-05,800,8.755900116,0.9691970542,2.069482885e+25,3.271551911e+25,37306988.52,244.9678525,1.233012951,1.459423157
203,0.07646001817,2.123889394e-05,800,8.784280132,0.9691140852,2.072130602e+25,3.191460756e+25,37162529.59,244.0192958,1.237805943,1.464216149
204,0.07763889834,2.156636065e-05,800,8.811884292,0.9690090647,2.074696756e+25,3.119818856e+25,37022044.24,243.0968307,1.242502972,1.468913178
205,0.07883309042,2.189808067e-05,800,8.838744007,0.9688845146,2.077178658e+25,3.055235473e+25,36885378.5,242.1994462,1.247106628,1.473516834
206,0.08004093308,2.223359252e-05,800,8.864891538,0.9687427407,2.079574003e+25,2.996596458e+25,36752373.83,241.3261014,1.251619833,1.478030039
207,0.08126099258,2.257249794e-05,800,8.890356475,0.9685858861,2.081880499e+25,2.94300472e+25,36622885.09,240.475843,1.256045226,1.482455432
208,0.08249203014,2.291445282e-05,800,8.91516604,0.9684159482,2.084095872e+25,2.89373559e+25,36496779.04,239.6477963,1.260385196,1.486795402
209,0.08373297233,2.325915898e-05,800,8.939345399,0.9682347956,2.086217878e+25,2.848199063e+25,36373932.05,238.8411495,1.26464194,1.491052146
210,0.08498288594,2.360635721e-05,800,8.962917957,0.9680441836,2.088244321e+25,2.805915145e+25,36254229.91,238.0551526,1.268817462,1.495227668
211,0.08624095506,2.395582085e-05,800,8.985905571,0.9678457661,2.090173051e+25,2.766488845e+25,36137565.7,237.2891036,1.272913632,1.499323837
212,0.08750646258,2.430735072e-05,800,9.008328772,0.967641107,2.092001984e+25,2.729592961e+25,36023838.76,236.5423415,1.276932209,1.503342415
213,0.08877877468,2.466077074e-05,800,9.030206932,0.9674316887,2.093729106e+25,2.694955356e+25,35912954.19,235.8142432,1.280874855,1.507285061
214,0.09005732742,2.501592428e-05,800,9.051558448,0.9672189206,2.095352488e+25,2.662347423e+25,35804821.9,235.1042172,1.284743159,1.511153365
215,0.091341616,2.537267111e-05,800,9.072400818,0.9670041438,2.096870285e+25,2.631575181e+25,35699355.85,234.4116983,1.288538656,1.514948862
216,0.09263118592,2.573088498e-05,800,9.092750778,0.9667886366,2.098280755e+25,2.602472873e+25,35596473.63,233.7361457,1.292262837,1.518673043
217,0.09392562575,2.60904516e-05,800,9.112624381,0.9665736183,2.099582255e+25,2.574898173e+25,35496096.33,233.077041,1.29591715,1.522327356
218,0.09522456082,2.645126689e-05,800,9.132037051,0.9663602524,2.100773255e+25,2.548726264e+25,35398147.49,232.4338821,1.299503032,1.525913238
219,0.09652764889,2.68132358e-05,800,9.151004704,0.9661496718,2.10185234e+25,2.523835743e+25,35302548.39,231.8061524,1.303022079,1.529432285
220,0.09783458175,2.717627271e-05,800,9.169544055,0.9659429872,2.102818168e+25,2.500101417e+25,35209215.49,231.1933031,1.306476142,1.532886347
221,0.09914509009,2.75403028e-05,800,9.187668344,0.9657411869,2.103669515e+25,2.477448184e+25,35118082.76,230.5949008,1.309866496,1.536276701
222,0.1004589221,2.790525613e-05,800,9.205390676,0.9655452197,2.104405305e+25,2.455805594e+25,35029085.08,230.0105178,1.313194447,1.539604652
223,0.1017758429,2.827106748e-05,800,9.222723782,0.96535599,2.105024588e+25,2.435108177e+25,34942158.58,229.4397347,1.316461314,1.54287152
224,0.1030956341,2.863767614e-05,800,9.239680036,0.9651743584,2.105526543e+25,2.415296754e+25,34857241.49,228.882146,1.319668397,1.546078603
225,0.1044180917,2.900502547e-05,800,9.264555015,0.9651254541,2.105770852e+25,2.298777477e+25,34732227.47,228.0612698,1.324418367,1.550828573
226,0.1057944028,2.938733412e-05,800,9.288116463,0.9650500262,2.105792336e+25,2.20557281e+25,34614501.45,227.2882487,1.328922795,1.555333
227,0.1072160733,2.978224258e-05,800,9.310533258,0.9649566636,2.105596553e+25,2.129918965e+25,34502959.79,226.5558358,1.333218955,1.559629161
228,0.1086758027,3.018772296e-05,800,9.331930831,0.9648524119,2.105187511e+25,2.067992502e+25,34396906.59,225.8594616,1.337329561,1.563739767
229,0.1101671755,3.060199318e-05,800,9.352422287,0.9647434691,2.104569568e+25,2.016848092e+25,34295740.71,225.1951789,1.341274428,1.567684634
230,0.1116846646,3.102351794e-05,800,9.372107162,0.9646351822,2.103747184e+25,1.974180527e+25,34198932.22,224.5595079,1.345071235,1.571481441
231,0.1132236015,3.145100042e-05,800,9.391071741,0.9645320939,2.102724743e+25,1.93818824e+25,34106020.72,223.9494257,1.348735473,1.575145679
232,0.1147801037,3.188336214e-05,800,9.409390111,0.964438023,2.101506457e+25,1.907465013e+25,34016610.58,223.3623343,1.352280525,1.57869073
233,0.1163509809,3.231971693e-05,800,9.427125502,0.964356156,2.100096307e+25,1.880913648e+25,33930363.94,222.7960154,1.355717849,1.582128054
234,0.1179336363,3.275934341e-05,800,9.44433172,0.9642891402,2.098498037e+25,1.857677737e+25,33846993.1,222.2485798,1.35905721,1.585467415
235,0.1195258878,3.320163551e-05,800,9.461053904,0.9642391746,2.096715272e+25,1.837086813e+25,33766256,221.718438,1.362306795,1.588717001
236,0.1211257929,3.364605357e-05,800,9.477329197,0.9642080854,2.09475172e+25,1.818614597e+25,33687952.66,221.2042769,1.365473303,1.591883509
237,0.1227320132,3.409222589e-05,800,9.493191274,0.9641973633,2.092610593e+25,1.801851136e+25,33611902.69,220.704912,1.36856281,1.594973016
238,0.124343485,3.453985695e-05,800,9.508669209,0.9642082448,2.09029496e+25,1.7864739e+25,33537950.3,220.2193205,1.371580541,1.597990746
239,0.1259593661,3.49887128e-05,800,9.52378827,0.9642417574,2.087807774e+25,1.77222867e+25,33465960.27,219.7466144,1.374531005,1.600941211
240,0.1275789922,3.543860895e-05,800,9.538570586,0.9642987565,2.085151901e+25,1.758914099e+25,33395814.21,219.2860162,1.377418131,1.603828337
241,0.1292018424,3.588940066e-05,800,9.553035714,0.9643799564,2.082330148e+25,1.746368691e+25,33327406.85,218.8368348,1.3802454,1.606655606
242,0.1308275115,3.634097543e-05,800,9.567201065,0.9644859534,2.079345278e+25,1.734463958e+25,33260644.85,218.3984574,1.38301588,1.609426085
243,0.1324556874,3.679324649e-05,800,9.581082286,0.9646172465,2.076200026e+25,1.723096847e+25,33195444.6,217.9703347,1.385732306,1.612142512
244,0.134086132,3.724614777e-05,800,9.594693534,0.9647742526,2.07289712e+25,1.71218208e+25,33131729.36,217.5519631,1.388397192,1.614807398
245,0.1357186692,3.769963033e-05,800,9.608047702,0.9649573192,2.069439278e+25,1.701651771e+25,33069430.13,217.1428894,1.391012782,1.617422988
246,0.1373531716,3.815365878e-05,800,9.621156634,0.965166735,2.065829226e+25,1.691448825e+25,33008482.79,216.7426926,1.393581168,1.619991374
247,0.1389895526,3.860820907e-05,800,9.634031261,0.9654027388,2.062069695e+25,1.681526694e+25,32948828.53,216.3509864,1.396104264,1.62251447
248,0.1406277586,3.906326629e-05,800,9.646681726,0.9656655258,2.058163429e+25,1.671845535e+25,32890412.14,215.9674085,1.398583873,1.624994079
249,0.142267764,3.951882333e-05,800,9.659117479,0.965955254,2.054113181e+25,1.662372861e+25,32833182.69,215.5916243,1.401021657,1.627431862
250,0.1439095654,3.997487929e-05,800,9.671347381,0.966272049,2.049921717e+25,1.653080346e+25,32777092,215.2233176,1.403419193,1.629829399
251,0.1455531791,4.043143865e-05,800,9.683379729,0.9666160076,2.045591815e+25,1.643943933e+25,32722094.86,214.8621914,1.405777967,1.632188173
252,0.1471986375,4.088851042e-05,800,9.695222362,0.9669872023,2.04112626e+25,1.634942558e+25,32668148.39,214.5079641,1.408099396,1.634509601
253,0.148845987,4.13461075e-05,800,9.706882672,0.9673856836,2.036527845e+25,1.62605867e+25,32615212.45,214.1603724,1.410384803,1.636795009
254,0.1504952856,4.1804246e-05,800,9.718367652,0.9678114827,2.031799369e+25,1.617275841e+25,32563248.36,213.819162,1.412635481,1.639045686
255,0.152146602,4.226294501e-05,800,9.729683943,0.9682646143,2.026943631e+25,1.608580556e+25,32512219.91,213.4840952,1.414852635,1.641262841
256,0.1538000137,4.272222604e-05,800,9.740837835,0.9687450779,2.021963432e+25,1.59996038e+25,32462092.33,213.1549439,1.417037433,1.643447639
257,0.1554556061,4.31821128e-05,800,9.751835332,0.9692528604,2.016861567e+25,1.591404627e+25,32412832.75,212.8314921,1.419190984,1.64560119
258,0.1571134712,4.364263089e-05,800,9.762682128,0.969787937,2.01164083e+25,1.582902975e+25,32364409.3,212.5135305,1.42131437,1.647724575
259,0.158773708,4.410380776e-05,800,9.773383654,0.970350273,2.006304001e+25,1.574447297e+25,32316792.23,212.2008639,1.4234086,1.649818806
260,0.1604364202,4.456567228e-05,800,9.783945233,0.9709398276,2.000853852e+25,1.566028039e+25,32269951.78,211.8932967,1.425474705,1.651884911
261,0.1621017185,4.502825513e-05,800,9.794371987,0.9715565539,1.995293133e+25,1.55763688e+25,32223859.65,211.5906432,1.427513665,1.653923871
262,0.1637697191,4.549158864e-05,800,9.804668554,0.9722003936,1.98962457e+25,1.549268245e+25,32178489.88,211.2927329,1.429526375,1.655936581
263,0.1654405419,4.595570607e-05,800,9.814839406,0.9728712836,1.983850881e+25,1.540916914e+25,32133817.5,210.999402,1.4315137,1.657923906
264,0.1671143098,4.642064162e-05,800,9.824888823,0.9735691563,1.977974761e+25,1.53257785e+25,32089818.42,210.710492,1.433476482,1.659886687
265,0.1687911495,4.688643042e-05,800,9.834820895,0.97429394,1.97199889e+25,1.524247102e+25,32046469.86,210.4258535,1.435415514,1.66182572
266,0.17047119,4.735310832e-05,800,9.844639546,0.9750455598,1.965925922e+25,1.515919941e+25,32003749.32,210.1453388,1.437331593,1.663741799
267,0.1721545637,4.782071215e-05,800,9.854348543,0.9758239385,1.959758491e+25,1.507593393e+25,31961635.96,209.868811,1.439225453,1.665635659
268,0.1738414055,4.828927931e-05,800,9.863951477,0.9766289962,1.953499205e+25,1.499263895e+25,31920109.26,209.5961354,1.441097824,1.66750803
269,0.1755318527,4.875884796e-05,800,9.873451798,0.9774606516,1.947150644e+25,1.490928295e+25,31879149.55,209.3271828,1.442949409,1.669359615
270,0.1772260453,4.922945702e-05,800,9.890514269,0.9784213964,1.940592583e+25,1.419054338e+25,31799269.67,208.8026697,1.446574103,1.672984309
271,0.1789934966,4.972041573e-05,800,9.906260834,0.9794156805,1.933588812e+25,1.363071965e+25,31727017.28,208.3282408,1.449868407,1.676278613
272,0.1808218136,5.022828155e-05,800,9.920954007,0.9804461559,1.926201972e+25,1.3185878e+25,31660730.83,207.892986,1.452903922,1.679314128
273,0.1827007769,5.07502158e-05,800,9.934777383,0.9815141682,1.918483815e+25,1.282802581e+25,31599336.29,207.4898527,1.455726778,1.682136984
274,0.1846217294,5.128381371e-05,800,9.947887486,0.9826205945,1.910479801e+25,1.253620654e+25,31541952.81,207.1130571,1.458375145,1.684785351
275,0.1865774961,5.182708224e-05,800,9.960414207,0.9837659294,1.902229077e+25,1.229440968e+25,31487847.95,206.7577899,1.460881038,1.687291244
276,0.1885622696,5.237840821e-05,800,9.972463419,0.9849503947,1.893764746e+25,1.209044226e+25,31436423.93,206.4201257,1.463270762,1.689680968
277,0.1905714399,5.293651109e-05,800,9.984120256,0.9861740265,1.885114465e+25,1.191504148e+25,31387199.44,206.0969043,1.465565607,1.691975813
278,0.1926014083,5.35003912e-05,800,9.995452527,0.9874367419,1.876301181e+25,1.17611793e+25,31339790.3,205.785603,1.467782635,1.694192841
279,0.1946494083,5.406928008e-05,800,10.00651391,0.9887383876,1.867343883e+25,1.162353708e+25,31293892.27,205.484224,1.469935398,1.696345604
280,0.1967133445,5.464259569e-05,800,10.01734674,0.9900787727,1.858258308e+25,1.149808886e+25,31249264.84,205.1911881,1.47203463,1.698444835
281,0.1987916565,5.521990457e-05,800,10.02798436,0.9914576913,1.849057553e+25,1.13817934e+25,31205718.37,204.9052501,1.474088802,1.700499008
282,0.2008832048,5.580089022e-05,800,10.03845305,0.9928749368,1.839752602e+25,1.127235863e+25,31163103.49,204.6254292,1.476104587,1.702514793
283,0.2029871787,5.638532742e-05,800,10.0487736,0.9943303097,1.83035276e+25,1.11680398e+25,31121300.79,204.3509413,1.478087317,1.704497523
284,0.2051030258,5.697306271e-05,800,10.05896251,0.9958236239,1.82086599e+25,1.106753755e+25,31080216.57,204.0811711,1.480041167,1.706451373
285,0.2072303911,5.756399752e-05,800,10.06903296,0.997354707,1.811299207e+25,1.096985952e+25,31039774.8,203.8156194,1.481969515,1.708379721
286,0.2093689606,5.81580446e-05,800,10.07899512,0.9989233192,1.801659013e+25,1.0874265e+25,30999916.36,203.5538981,1.483874971,1.710285177
287,0.2115184782,5.875513284e-05,800,10.08885698,1.000529183,1.791951628e+25,1.078019081e+25,30960593.68,203.2956946,1.485759623,1.712169829
288,0.2136789562,5.935526561e-05,800,10.09862559,1.002172159,1.782181952e+25,1.068722006e+25,30921765.82,203.0407403,1.487625263,1.714035469
289,0.2158504776,5.995846601e-05,800,10.10830685,1.003852119,1.772354464e+25,1.059504144e+25,30883398.69,202.7888113,1.489473373,1.715883578
290,0.2180331807,6.056477241e-05,800,10.11790568,1.005568945,1.762473317e+25,1.050342148e+25,30845463.42,202.539718,1.4913052,1.717715406
291,0.2202272466,6.117423517e-05,800,10.12742632,1.007322532,1.752542389e+25,1.041218523e+25,30807935.17,202.2932973,1.493121812,1.719532018
292,0.2224328909,6.178691414e-05,800,10.13687242,1.009112782,1.74256534e+25,1.032120362e+25,30770792.42,202.0494079,1.494924127,1.721334333
293,0.2246503561,6.24028767e-05,800,10.14624716,1.010939604,1.732545647e+25,1.023038504e+25,30734016.49,201.8079271,1.496712934,1.72312314
294,0.2268799058,6.302219606e-05,800,10.15555337,1.012802915,1.722486638e+25,1.013965909e+25,30697590.37,201.5687433,1.498488951,1.724899157
295,0.2291218216,6.364495044e-05,800,10.16479357,1.014702636,1.712391507e+25,1.004897674e+25,30661498.86,201.3317565,1.500252816,1.726663022
296,0.2313763996,6.42712221e-05,800,10.17397008,1.016638695,1.702263341e+25,9.95830458e+24,30625728.13,201.0968762,1.502005105,1.728415311
297,0.2336439481,6.490109671e-05,800,10.183085,1.018611021,1.692105127e+25,9.867621327e+24,30590265.58,200.8640194,1.503746343,1.730156549
298,0.2359247858,6.553466274e-05,800,10.19214024,1.02061955,1.681919766e+25,9.776911416e+24,30555099.24,200.6331076,1.505477028,1.731887234
299,0.2382192409,6.617201136e-05,800,10.20113762,1.022664217,1.671710082e+25,9.686171661e+24,30520218.43,200.4040707,1.507197601,1.733607807
300,0.2405276489,6.68132358e-05,800,10.21007881,1.024744962,1.661478831e+25,9.595398291e+24,30485612.67,200.1768399,1.508908497,1.735318703
301,0.2428503533,6.745843148e-05,800,10.21896539,1.026861724,1.651228701e+25,9.504594336e+24,30451272.29,199.9513516,1.510610117,1.737020323
302,0.2451877046,6.810769574e-05,800,10.22779884,1.029014446,1.64096232e+25,9.413763e+24,30417187.91,199.7275443,1.512302851,1.738713057
303,0.2475400602,6.876112784e-05,800,10.23658058,1.031203068,1.630682257e+25,9.322915551e+24,30383351.09,199.5053625,1.513987047,1.740397253
304,0.2499077831,6.941882864e-05,800,10.24531193,1.033427533,1.620391031e+25,9.232058585e+24,30349753.23,199.2847498,1.515663065,1.742073271
305,0.2522912432,7.008090088e-05,800,10.25399417,1.035687782,1.610091105e+25,9.141206115e+24,30316386.65,199.0656558,1.517331222,1.743741428
306,0.2546908157,7.07474488e-05,800,10.26262852,1.037983756,1.599784897e+25,9.050366192e+24,30283243.39,198.8480281,1.518991853,1.745402059
307,0.257106883,7.141857861e-05,800,10.27121613,1.040315395,1.589474773e+25,8.959553942e+24,30250316.34,198.6318201,1.520645255,1.747055461
308,0.2595398331,7.209439808e-05,800,10.27975811,1.042682636,1.579163053e+25,8.868782324e+24,30217598.45,198.4169855,1.522291723,1.748701929
309,0.2619900602,7.277501673e-05,800,10.28825551,1.045085417,1.568852013e+25,8.778064959e+24,30185082.95,198.2034799,1.523931542,1.750341748
310,0.264457965,7.346054583e-05,800,10.29670936,1.047523669,1.558543885e+25,8.687416885e+24,30152763.44,197.9912612,1.525564982,1.751975187
311,0.2669439543,7.415109842e-05,800,10.30512062,1.049997324,1.548240857e+25,8.596848297e+24,30120633.26,197.7802856,1.527192327,1.753602533
312,0.2694484426,7.484678962e-05,800,10.31349024,1.052506311,1.537945071e+25,8.506380624e+24,30088687.04,197.570518,1.528813801,1.755224007
313,0.2719718494,7.554773595e-05,800,10.32181911,1.055050551,1.527658638e+25,8.416025177e+24,30056918.65,197.3619182,1.530429667,1.756839873
314,0.2745146019,7.625405608e-05,800,10.33010809,1.057629966,1.517383618e+25,8.325797026e+24,30025322.53,197.1544494,1.532040162,1.758450368
315,0.2770771342,7.696587062e-05,800,10.33835801,1.060244471,1.507122039e+25,8.235710817e+24,29993893.25,196.9480762,1.533645519,1.760055725
316,0.2796598879,7.76833022e-05,800,10.34656967,1.062893977,1.496875883e+25,8.145781801e+24,29962625.66,196.7427647,1.53524596,1.761656166
317,0.2822633116,7.840647546e-05,800,10.35474382,1.065578389,1.486647096e+25,8.05602401e+24,29931514.64,196.5384813,1.536841705,1.763251911
318,0.284887862,7.913551724e-05,800,10.36288121,1.068297608,1.476437586e+25,7.966454909e+24,29900555.62,196.3351959,1.53843295,1.764843156
319,0.2875340027,7.987055631e-05,800,10.37098253,1.071051528,1.466249225e+25,7.877087786e+24,29869743.78,196.132877,1.540019906,1.766430111
320,0.2902022056,8.061172378e-05,800,10.37904847,1.073840036,1.456083846e+25,7.787937058e+24,29839074.58,195.9314946,1.541602769,1.768012975
321,0.292892951,8.135915307e-05,800,10.38707967,1.076663013,1.445943244e+25,7.699019219e+24,29808543.86,195.7310216,1.543181721,1.769591926
322,0.2956067271,8.211297975e-05,800,10.39507677,1.079520333,1.435829182e+25,7.610345041e+24,29778147.03,195.5314277,1.544756964,1.77116717
323,0.2983440317,8.287334214e-05,800,10.40304036,1.082411864,1.425743382e+25,7.521933625e+24,29747880.53,195.3326897,1.546328652,1.772738858
324,0.30110537,8.364038056e-05,800,10.41097031,1.085337447,1.415687533e+25,7.433830745e+24,29717743.91,195.1348044,1.547896776,1.774306982
325,0.3038912456,8.441423489e-05,800,10.41886633,1.088296898,1.405663357e+25,7.346088107e+24,29687737.73,194.9377756,1.549461277,1.775871483
326,0.3067021575,8.519504375e-05,800,10.42672931,1.091290042,1.39567258e+25,7.258701315e+24,29657856.71,194.7415687,1.551022397,1.777432603
327,0.3095386193,8.598294979e-05,800,10.43455991,1.094316692,1.385716863e+25,7.17167008e+24,29628096.09,194.5461524,1.552580357,1.778990563
328,0.3124011581,8.677809948e-05,800,10.44235877,1.097376658,1.375797812e+25,7.085001766e+24,29598452,194.3515012,1.554135331,1.780545537
329,0.3152903127,8.758064241e-05,800,10.45012643,1.100469739,1.365916991e+25,6.998701358e+24,29568920.39,194.1575886,1.555687505,1.782097711
330,0.3182066341,8.83907317e-05,800,10.45786342,1.103595725,1.356075916e+25,6.912777803e+24,29539497.79,193.9643918,1.557237037,1.783647242
331,0.3211506851,8.920852363e-05,800,10.46557024,1.106754399,1.346276064e+25,6.827241852e+24,29510181,193.7718898,1.558784068,1.785194274
332,0.3241230392,9.003417755e-05,800,10.47324733,1.109945531,1.336518876e+25,6.742101784e+24,29480966.68,193.5800606,1.560328754,1.78673896
333,0.3271242825,9.086785625e-05,800,10.48089511,1.113168883,1.326805749e+25,6.657370366e+24,29451852.11,193.3888863,1.561871214,1.78828142
334,0.3301550116,9.170972546e-05,800,10.48851398,1.116424203,1.31713805e+25,6.573057433e+24,29422834.35,193.1983478,1.563411582,1.789821788
335,0.3332158355,9.255995431e-05,800,10.49610432,1.11971123,1.307517107e+25,6.489174493e+24,29393910.78,193.0084278,1.564949977,1.791360183
336,0.3363073746,9.341871517e-05,800,10.51321151,1.123211754,1.297944213e+25,6.028626874e+24,29316960.99,192.5031545,1.569057585,1.795467791
337,0.3396067535,9.433520932e-05,800,10.5257693,1.126825615,1.287685544e+25,5.755517768e+24,29260999.91,192.1356989,1.572058376,1.798468582
338,0.3430414585,9.528929404e-05,800,10.53748734,1.130559352,1.277139039e+25,5.545506398e+24,29212014.72,191.8140487,1.574694537,1.801104743
339,0.3465871031,9.627419531e-05,800,10.54852409,1.134390567,1.266405867e+25,5.370271869e+24,29166873.55,191.5176395,1.577131671,1.803541876
340,0.3502303567,9.72862102e-05,800,10.55902889,1.138307629,1.255548076e+25,5.220763302e+24,29124710.17,191.2407833,1.579414859,1.805825064
341,0.3539606743,9.832240954e-05,800,10.5691199,1.142300916,1.244615245e+25,5.090302114e+24,29084838.81,190.978977,1.581580022,1.807990228
342,0.3577699436,9.938053988e-05,800,10.5788891,1.1463626,1.233646368e+25,4.973976592e+24,29046725.71,190.7287161,1.583655261,1.810065467
343,0.3616520883,0.0001004589134,800,10.5884072,1.150486367,1.222671787e+25,4.868179386e+24,29009960.03,190.4873025,1.585662302,1.812072508
344,0.365602691,0.0001015563031,800,10.59772811,1.154667146,1.211714945e+25,4.770268218e+24,28974228.64,190.2526805,1.587617761,1.814027967
345,0.3696186575,0.0001026718493,800,10.60689261,1.15890086,1.200793901e+25,4.678308978e+24,28939294.2,190.0232915,1.589534274,1.81594448
346,0.3736979358,0.0001038049822,800,10.61593148,1.16318421,1.189922554e+25,4.590886943e+24,28904977.44,189.7979583,1.591421411,1.817831617
347,0.3778392887,0.000104955358,800,10.62486781,1.167514502,1.179111624e+25,4.506973331e+24,28871144.15,189.5757997,1.593286354,1.81969656
348,0.382042109,0.0001061228081,800,10.63371892,1.1718895,1.168369418e+25,4.425814901e+24,28837693.01,189.3561504,1.595134534,1.82154474
349,0.3863062806,0.0001073073002,800,10.64249778,1.176307315,1.157702414e+25,4.34686497e+24,28804548.27,189.138513,1.596970019,1.823380225
350,0.3906320672,0.0001085089076,800,10.6512141,1.180766319,1.147115705e+25,4.269728275e+24,28771653.47,188.9225168,1.598795844,1.82520605
351,0.3950200267,0.0001097277852,800,10.65987515,1.185265076,1.136613341e+25,4.194115206e+24,28738965.7,188.70788,1.600614318,1.827024524
352,0.3994709502,0.0001109641528,800,10.66848637,1.189802287,1.126198571e+25,4.119818039e+24,28706453.01,188.4943928,1.602427161,1.828837367
353,0.4039858122,0.0001122182812,800,10.67705184,1.194376756,1.11587404e+25,4.046687708e+24,28674091.47,188.2818981,1.604235658,1.830645864
354,0.4085656254,0.0001134904515,800,10.68557447,1.198987248,1.105642163e+25,3.974616035e+24,28641863.22,188.0702786,1.606040768,1.832450974
355,0.4132103417,0.0001147806505,800,10.69405459,1.203631424,1.095507493e+25,3.903538096e+24,28609761.84,187.8594922,1.607842815,1.83425302
356,0.417921222,0.0001160892283,800,10.70249385,1.208308184,1.085471507e+25,3.833402365e+24,28577777.47,187.6494741,1.609642319,1.836052525
357,0.4226996034,0.0001174165565,800,10.71089349,1.213016441,1.075535463e+25,3.764171526e+24,28545902.4,187.4401737,1.611439686,1.837849892
358,0.4275468892,0.0001187630248,800,10.71925448,1.217755119,1.065700432e+25,3.695820802e+24,28514130.98,187.2315539,1.613235207,1.839645413
359,0.4324645398,0.0001201290388,800,10.72757751,1.222523136,1.055967338e+25,3.628333587e+24,28482458.96,187.0235868,1.615029098,1.841439304
360,0.4374540659,0.0001215150183,800,10.73586314,1.227319407,1.046336979e+25,3.561698237e+24,28450882.94,186.8162501,1.616821527,1.843231733
361,0.4425170256,0.000122921396,800,10.74411178,1.232142837,1.036810042e+25,3.495907249e+24,28419400.37,186.6095269,1.618612616,1.845022822
362,0.447655021,0.0001243486169,800,10.75232371,1.236992319,1.027387112e+25,3.430957805e+24,28388009.69,186.4034071,1.620402434,1.84681264
363,0.4528696931,0.000125797137,800,10.7604992,1.241866732,1.018068697e+25,3.366844506e+24,28356708.83,186.1978772,1.622191076,1.848601282
364,0.4581627269,0.0001272674241,800,10.76863841,1.246764947,1.008855213e+25,3.303569016e+24,28325497.37,185.9929342,1.623978545,1.850388751
365,0.4635358422,0.0001287599562,800,10.77674146,1.251685812,9.997470092e+24,3.241129995e+24,28294374.36,185.788572,1.625764875,1.852175081
366,0.4689907982,0.0001302752217,800,10.78480843,1.256628167,9.907443635e+24,3.17952732e+24,28263339.25,185.5847871,1.627550078,1.853960284
367,0.4745293921,0.00013181372,800,10.79283939,1.261590834,9.818474865e+24,3.118762089e+24,28232391.94,185.3815786,1.629334139,1.855744344
368,0.4801534574,0.0001333759604,800,10.80083439,1.266572624,9.730565282e+24,3.058833758e+24,28201532.09,185.1789444,1.631117056,1.857527262
369,0.4858648666,0.000134962463,800,10.80879343,1.271572334,9.643715753e+24,2.999742987e+24,28170759.83,184.9768854,1.632898803,1.859309008
370,0.4916655295,0.0001365737582,800,10.81671652,1.27658875,9.55792657e+24,2.941489034e+24,28140075.1,184.7754011,1.634679361,1.861089567
371,0.4975573949,0.0001382103875,800,10.82460365,1.281620646,9.473197442e+24,2.88407384e+24,28109478.69,184.5744967,1.636458666,1.862868872
372,0.5035424464,0.0001398729018,800,10.8324548,1.286666784,9.389527585e+24,2.827494454e+24,28078970.35,184.3741706,1.63823671,1.864646916
373,0.5096227103,0.000141561864,800,10.84026992,1.291725921,9.306915619e+24,2.771751491e+24,28048550.88,184.1744281,1.640013425,1.866423631
374,0.5157940682,0.0001432761301,800,10.84804231,1.296791866,9.225439276e+24,2.71687737e+24,28018245.42,183.9754342,1.641787318,1.868197523
375,0.5219629225,0.0001449897007,800,10.85567023,1.301788179,9.14628644e+24,2.663405921e+24,27988435.66,183.7796952,1.643535943,1.869946149
376,0.5281293165,0.0001467025879,800,10.86315394,1.306715198,9.069370814e+24,2.611367116e+24,27959126.76,183.587245,1.645258824,1.871669029
377,0.5342932934,0.0001484148037,800,10.87049485,1.311573357,8.994609871e+24,2.560773307e+24,27930320.58,183.3980957,1.646955676,1.873365882
378,0.540454897,0.0001501263603,800,10.87769507,1.316363167,8.921924612e+24,2.511618492e+24,27902015.02,183.2122337,1.648626451,1.875036657
379,0.5466141703,0.0001518372695,800,10.88475725,1.321085206,8.851239378e+24,2.463880649e+24,27874204.22,183.0296204,1.650271328,1.876681533
380,0.5527711559,0.0001535475433,800,10.89168434,1.325740106,8.782481669e+24,2.417532985e+24,27846881.42,182.8502115,1.65189054,1.878300746
381,0.5589258957,0.0001552571933,800,10.89847949,1.330328548,8.715582e+24,2.372539032e+24,27820037.38,182.6739462,1.653484479,1.879894684
382,0.5650784309,0.0001569662308,800,10.90514599,1.334851253,8.650473753e+24,2.328860446e+24,27793662.4,182.5007609,1.655053564,1.88146377
383,0.5712288017,0.0001586746671,800,10.91168713,1.339308975,8.587093043e+24,2.286456176e+24,27767746.03,182.330587,1.656598268,1.883008474
384,0.5773770472,0.0001603825131,800,10.91810623,1.343702499,8.525378606e+24,2.24528545e+24,27742277.9,182.1633563,1.658119069,1.884529275
385,0.5835232057,0.0001620897794,800,10.92440656,1.348032633,8.465271667e+24,2.205305882e+24,27717247.03,181.9989967,1.659616482,1.886026688
386,0.5896673146,0.0001637964763,800,10.93059135,1.352300205,8.406715857e+24,2.166477151e+24,27692642.98,181.8374399,1.661090999,1.887501205
387,0.5958094102,0.0001655026139,800,10.93666376,1.356506061,8.349657084e+24,2.128758257e+24,27668454.97,181.6786148,1.66254314,1.888953346
388,0.601949528,0.0001672082022,800,10.94262686,1.360651058,8.294043451e+24,2.092110459e+24,27644672.77,181.5224544,1.663973395,1.8903836
389,0.6096882791,0.0001693578553,800,10.94982868,1.365522623,8.228121971e+24,2.049532776e+24,27615993.4,181.3341379,1.665701441,1.892111646
390,0.617555192,0.0001715431089,800,10.95700186,1.370471327,8.16247105e+24,2.00772798e+24,27587441.11,181.1466557,1.667425399,1.893835605
391,0.6255526972,0.0001737646381,800,10.96415442,1.375412099,8.097790143e+24,1.966353163e+24,27558897.64,180.9592315,1.669152395,1.895562601
392,0.6336844815,0.0001760234671,800,10.97127802,1.380342767,8.03407152e+24,1.925550547e+24,27530409.89,180.7721731,1.670879591,1.897289796
393,0.6419538334,0.0001783205093,800,10.978369,1.385263036,7.971296388e+24,1.885385572e+24,27502001.14,180.5856336,1.672605559,1.899015765
394,0.6503638697,0.0001806566305,800,10.98542571,1.390172248,7.909450171e+24,1.845880266e+24,27473680.74,180.3996741,1.674329713,1.900739919
395,0.6589176736,0.0001830326871,800,10.99244688,1.39506954,7.84852057e+24,1.807050527e+24,27445456.67,180.2143472,1.676051543,1.902461749
396,0.6676183059,0.0001854495294,800,10.99943155,1.399954005,7.788496097e+24,1.768906855e+24,27417335.66,180.029697,1.677770611,1.904180816
397,0.6764688155,0.0001879080043,800,11.00637898,1.404824698,7.729365886e+24,1.731453188e+24,27389322.51,179.845755,1.679486595,1.905896801
398,0.6854722584,0.0001904089607,800,11.01328859,1.409680645,7.671119519e+24,1.694691131e+24,27361421.52,179.6625495,1.681199201,1.907609407
399,0.6946317013,0.0001929532503,800,11.02015995,1.414520864,7.613746817e+24,1.658618703e+24,27333635.94,179.4801018,1.682908198,1.909318404
400,0.7039502324,0.0001955417312,800,11.02699271,1.419344365,7.557237769e+24,1.623232841e+24,27305968.81,179.2984319,1.684613365,1.911023571
401,0.7134309623,0.0001981752673,800,11.0337866,1.424150162,7.501582415e+24,1.588529451e+24,27278423.02,179.1175587,1.68631449,1.912724696
402,0.7230770246,0.0002008547291,800,11.04054138,1.428937279,7.446770821e+24,1.55450174e+24,27251000.45,178.9374947,1.688011421,1.914421627
403,0.732891587,0.0002035809964,800,11.05289281,1.433878717,7.392054441e+24,1.456023506e+24,27193836.31,178.5621394,1.691559788,1.917969994
404,0.7432623437,0.0002064617621,800,11.06402611,1.438584345,7.338177652e+24,1.378141452e+24,27143680.62,178.2328034,1.694685427,1.921095633
405,0.7541192123,0.000209477559,800,11.07424755,1.443469907,7.282656072e+24,1.314591029e+24,27098729.2,177.9376402,1.697496575,1.92390678
406,0.7651045002,0.0002125290278,800,11.08354249,1.448626626,7.225813342e+24,1.262532772e+24,27058716.35,177.6749049,1.700006733,1.926416939
407,0.7760816208,0.000215578228,800,11.09207682,1.453777628,7.169919891e+24,1.21865194e+24,27022551.69,177.4374379,1.702281876,1.928692082
408,0.7870513668,0.0002186253797,800,11.10003364,1.458801238,7.115807041e+24,1.180538243e+24,26989228.08,177.218626,1.704383684,1.93079389
409,0.7980143238,0.0002216706455,800,11.1075322,1.463704069,7.063410927e+24,1.146727356e+24,26958119.31,177.0143573,1.706350486,1.932760692
410,0.8089709489,0.0002247141525,800,11.11465916,1.468491719,7.012665189e+24,1.116201673e+24,26928770.94,176.8216479,1.708210156,1.934620362
411,0.8199216056,0.0002277560016,800,11.12147824,1.473169064,6.963502847e+24,1.088243816e+24,26900850.84,176.6383169,1.709983088,1.936393294
412,0.8308665896,0.0002307962749,800,11.12803682,1.477740444,6.915857618e+24,1.062340998e+24,26874114.37,176.462758,1.711684313,1.938094519
413,0.8418061459,0.0002338350405,800,11.13437058,1.482209791,6.869664771e+24,1.038119784e+24,26848378.52,176.2937693,1.71332507,1.939735276
414,0.8527404824,0.0002368723562,800,11.1405068,1.486580723,6.824861638e+24,1.015305598e+24,26823505.76,176.130448,1.714913793,1.941323999
415,0.8636697783,0.0002399082717,800,11.14646659,1.490856604,6.781387929e+24,9.936923188e+23,26799390.82,175.9721028,1.716456927,1.942867132
416,0.8745941913,0.0002429428309,800,11.15226658,1.495040595,6.739185878e+24,9.7312276e+23,26775952,175.8181971,1.717959458,1.944369664
417,0.8855138624,0.0002459760729,800,11.15792008,1.499135683,6.698200312e+24,9.534756795e+23,26753125.48,175.6683119,1.71942527,1.945835476
418,0.8964289192,0.0002490080331,800,11.1634379,1.50314471,6.658378637e+24,9.346555828e+23,26730860.35,175.522113,1.720857443,1.947267649
419,0.9073394789,0.0002520387441,800,11.16882903,1.507070388,6.619670801e+24,9.16585128e+23,26709114.86,175.3793262,1.722258497,1.948668703
420,0.9182456498,0.0002550682361,800,11.17410101,1.510915315,6.582029198e+24,8.992018575e+23,26687855.07,175.2397287,1.723630463,1.950040669
421,0.9291475334,0.0002580965371,800,11.17926032,1.514681985,6.545408592e+24,8.824532609e+23,26667052.15,175.103131,1.724975065,1.95138527
422,0.9400452251,0.0002611236736,800,11.18431259,1.518372797,6.509766006e+24,8.662953818e+23,26646681.81,174.9693738,1.72629374,1.952703946
423,0.950938815,0.0002641496708,800,11.18926281,1.521990059,6.475060618e+24,8.506903936e+23,26626723.04,174.8383191,1.72758773,1.953997935
424,0.9618283891,0.0002671745525,800,11.19411544,1.525535998,6.441253649e+24,8.356047405e+23,26607156.91,174.7098425,1.728858147,1.955268353
425,0.9727140291,0.0002701983414,800,11.19887449,1.529012762,6.408308255e+24,8.210089111e+23,26587966.68,174.5838343,1.730105974,1.95651618
426,0.9835958135,0.0002732210593,800,11.20354365,1.532422424,6.37618943e+24,8.068772771e+23,26569137.85,174.460199,1.731332054,1.95774226
427,0.9944738174,0.0002762427271,800,11.20812633,1.535766986,6.344863901e+24,7.931856623e+23,26550656.39,174.3388447,1.732537205,1.958947411
428,1.005348113,0.0002792633648,800,11.21262569,1.539048381,6.314300031e+24,7.799125117e+23,26532509.76,174.219689,1.733722155,1.960132361
429,1.01621877,0.0002822829918,800,11.21704466,1.54226848,6.28446773e+24,7.670380704e+23,26514686.4,174.1026559,1.734887576,1.961297781
430,1.027085856,0.0002853016267,800,11.22138605,1.545429088,6.255338369e+24,7.545437129e+23,26497175.15,173.9876723,1.736034115,1.96244432
431,1.037949436,0.0002883192877,800,11.22565246,1.548531952,6.226884698e+24,7.424125615e+23,26479965.92,173.8746718,1.737162357,1.963572563
432,1.048809571,0.000291335992,800,11.22984637,1.551578762,6.199080768e+24,7.306286802e+23,26463049,173.7635907,1.738272865,1.96468307
433,1.059666323,0.0002943517565,800,11.23397014,1.554571149,6.171901855e+24,7.191770592e+23,26446415.14,173.6543683,1.739366177,1.965776383
434,1.070519751,0.0002973665975,800,11.23802602,1.557510695,6.145324403e+24,7.080437732e+23,26430055.67,173.5469475,1.740442797,1.966853002
435,1.081369911,0.0003003805308,800,11.24201613,1.560398928,6.119325945e+24,6.972155883e+23,26413962.22,173.4412735,1.74150321,1.967913416
436,1.092216858,0.0003033935716,800,11.24594254,1.563237325,6.093885058e+24,6.866801682e+23,26398126.94,173.3372948,1.742547875,1.968958081
437,1.103060645,0.0003064057348,800,11.2498072,1.566027319,6.068981296e+24,6.764255546e+23,26382542.03,173.23496,1.743577247,1.969987453
438,1.120949908,0.0003113749744,800,11.25615799,1.56671594,6.04898425e+24,6.584303895e+23,26355754.39,173.0590651,1.745349395,1.971759601
439,1.131785259,0.000314384794,800,11.25954556,1.571952831,6.012070278e+24,6.513997163e+23,26343247.97,172.9769445,1.746177998,1.972588204
440,1.149657019,0.000319349172,800,11.26558036,1.572898737,5.991125163e+24,6.351117052e+23,26318047.09,172.8114687,1.747850053,1.974260259
441,1.167517583,0.0003243104397,800,11.27119952,1.576759346,5.955855709e+24,6.217310847e+23,26295714.73,172.6648283,1.749334463,1.975744669
442,1.185368224,0.000329268951,800,11.27672202,1.580905789,5.919783236e+24,6.0870782e+23,26273759,172.520661,1.750796298,1.977206504
443,1.203209119,0.0003342247554,800,11.28217079,1.584948478,5.884819939e+24,5.958975861e+23,26252025.67,172.377954,1.752245735,1.97865594
444,1.22104038,0.0003391778834,800,11.28753649,1.588892271,5.850899525e+24,5.833699619e+23,26230580.29,172.2371378,1.753678321,1.980088527
445,1.238862145,0.0003441283735,800,11.29281372,1.592741335,5.817963602e+24,5.711628966e+23,26209460.46,172.0984593,1.755091451,1.981501657
446,1.256674566,0.0003490762684,800,11.29799975,1.596499652,5.785958435e+24,5.592968265e+23,26188688.43,171.9620644,1.756483534,1.98289374
447,1.274477809,0.0003540216137,800,11.30309376,1.600171062,5.754834159e+24,5.477806756e+23,26168276.1,171.8280316,1.757853663,1.984263869
448,1.292272042,0.000358964456,800,11.30809622,1.603759261,5.724544393e+24,5.366148328e+23,26148227.33,171.6963858,1.759201472,1.985611677
449,1.310057433,0.0003639048424,800,11.31300853,1.607267793,5.695045911e+24,5.257948301e+23,26128541.25,171.5671217,1.76052691,1.986937116
450,1.327834151,0.0003688428197,800,11.31783266,1.610700052,5.666298342e+24,5.153127301e+23,26109213.42,171.4402099,1.761830173,1.988240379
451,1.345602362,0.0003737784339,800,11.32257096,1.614059285,5.638263928e+24,5.05157774e+23,26090236.18,171.3156001,1.763111675,1.989521881
452,1.363362228,0.0003787117301,800,11.32722606,1.617348596,5.610907306e+24,4.953186052e+23,26071601.04,171.1932367,1.76437189,1.990782096
453,1.381113908,0.0003836427521,800,11.33180069,1.620570948,5.584195315e+24,4.857830914e+23,26053298.36,171.0730564,1.765611377,1.992021583
454,1.398857553,0.0003885715426,800,11.33629765,1.623729174,5.558096825e+24,4.765384771e+23,26035317.42,170.9549886,1.766830773,1.993240979
455,1.416593314,0.0003934981427,800,11.34071978,1.626825977,5.532582585e+24,4.675724236e+23,26017647.63,170.838964,1.768030709,1.994440915
456,1.434321331,0.0003984225921,800,11.34506984,1.629863936,5.507625077e+24,4.588725843e+23,26000277.99,170.7249102,1.769211853,1.995622059
457,1.452041745,0.0004033449291,800,11.34935059,1.632845516,5.483198399e+24,4.504271847e+23,25983197.83,170.6127572,1.770374852,1.996785058
458,1.469754687,0.0004082651907,800,11.35356468,1.63577307,5.45927815e+24,4.422247825e+23,25966396.48,170.5024349,1.771520359,1.997930564
459,1.487460285,0.0004131834125,800,11.35771471,1.638648843,5.435841325e+24,4.342544284e+23,25949863.53,170.3938751,1.772649014,1.99905922
460,1.505158663,0.0004180996285,800,11.36180319,1.64147498,5.412866216e+24,4.265053925e+23,25933588.42,170.2870083,1.773761473,2.000171679
461,1.522849938,0.0004230138717,800,11.36583253,1.644253531,5.390332331e+24,4.189680963e+23,25917561.82,170.1817732,1.774858311,2.001268517
462,1.540534225,0.0004279261736,800,11.36980507,1.646986453,5.368220312e+24,4.116328864e+23,25901773.89,170.0781054,1.775940142,2.002350348
463,1.558211633,0.0004328365647,800,11.37372304,1.649675615,5.346511861e+24,4.044908e+23,25886215.4,169.9759441,1.777007542,2.003417748
464,1.575882267,0.0004377450741,800,11.3775886,1.652322806,5.325189672e+24,3.975333559e+23,25870877.46,169.875231,1.778061068,2.004471274
465,1.593546227,0.0004426517298,800,11.38140384,1.654929734,5.304237371e+24,3.907524672e+23,25855751.42,169.7759093,1.779101263,2.005511468
466,1.611203612,0.0004475565588,800,11.38517072,1.657498033,5.28363945e+24,3.841404564e+23,25840828.92,169.6779241,1.780128654,2.00653886
467,1.628854513,0.000452459587,800,11.38889116,1.660029264,5.263381223e+24,3.776902255e+23,25826102.15,169.5812241,1.781143733,2.007553939
468,1.646499021,0.0004573608391,800,11.392567,1.662524921,5.243448767e+24,3.713948738e+23,25811563.33,169.4857583,1.782146994,2.0085572
469,1.664137221,0.0004622603392,800,11.39619998,1.664986434,5.223828885e+24,3.652478327e+23,25797204.89,169.3914768,1.783138918,2.009549123
470,1.681769197,0.0004671581102,800,11.39979181,1.66741517,5.204509058e+24,3.592431353e+23,25783019.95,169.2983347,1.78411994,2.010530145
471,1.699395026,0.000472054174,800,11.40334411,1.669812437,5.185477401e+24,3.533749662e+23,25769001.64,169.2062866,1.785090499,2.011500705
472,1.717014787,0.0004769485519,800,11.40685842,1.67217949,5.166722633e+24,3.476377307e+23,25755143.18,169.1152882,1.78605103,2.012461236
473,1.734628551,0.0004818412643,800,11.41033626,1.674517526,5.148234038e+24,3.420261615e+23,25741438.08,169.0252968,1.787001948,2.013412154
474,1.75223639,0.0004867323305,800,11.41377905,1.676827694,5.130001433e+24,3.365355136e+23,25727880.55,168.9362743,1.787943625,2.01435383
475,1.76983837,0.0004916217695,800,11.41718818,1.679111095,5.112015138e+24,3.311609825e+23,25714464.45,168.8481806,1.788876455,2.015286661
476,1.787434557,0.0004965095991,800,11.42056498,1.68136878,5.094265947e+24,3.258982047e+23,25701184.21,168.7609789,1.789800798,2.016211004
477,1.805025013,0.0005013958368,800,11.42391072,1.683601761,5.076745106e+24,3.207429587e+23,25688034.32,168.6746332,1.790717009,2.017127215
478,1.822609797,0.0005062804992,800,11.42722665,1.685811004,5.059444279e+24,3.156911338e+23,25675009.28,168.5891072,1.791625448,2.018035654
479,1.840188967,0.0005111636021,800,11.43051385,1.687997432,5.042355534e+24,3.107393226e+23,25662104.69,168.5043721,1.792526395,2.018936601
480,1.857762579,0.0005160451609,800,11.43377153,1.690161833,5.025471367e+24,3.058891254e+23,25649325.79,168.4204624,1.79341946,2.019829665
481,1.87533069,0.0005209251917,800,11.43700128,1.692305069,5.008784705e+24,3.01135679e+23,25636665.45,168.3373311,1.794305117,2.020715323
482,1.892893354,0.0005258037094,800,11.44020438,1.694427961,4.992288751e+24,2.964748982e+23,25624117.73,168.2549394,1.795183759,2.021593965
483,1.910450623,0.0005306807285,800,11.443382,1.696531293,4.975977012e+24,2.919031073e+23,25611677.32,168.1732523,1.796055738,2.022465944
484,1.928002546,0.0005355562626,800,11.44653526,1.698615818,4.959843292e+24,2.874168957e+23,25599339.18,168.0922367,1.796921384,2.02333159
485,1.94554917,0.0005404303249,800,11.44966521,1.700682257,4.943881677e+24,2.830130721e+23,25587098.56,168.0118614,1.797781014,2.02419122
486,1.96309054,0.0005453029278,800,11.45277285,1.7027313,4.92808652e+24,2.786887894e+23,25574951.23,167.9320988,1.798634906,2.025045112
487,1.9806267,0.0005501740833,800,11.45585912,1.704763612,4.912452428e+24,2.744411288e+23,25562892.65,167.8529189,1.799483361,2.025893567
488,1.99815769,0.0005550438027,800,11.45892494,1.706779827,4.896974253e+24,2.702674953e+23,25550918.82,167.7742954,1.800326647,2.026736853
489,2.015683549,0.000559912097,800,11.46197116,1.708780555,4.881647074e+24,2.661655225e+23,25539026.06,167.6962043,1.801165005,2.027575211
490,2.033204316,0.0005647789767,800,11.46499862,1.71076638,4.866466191e+24,2.621328284e+23,25527210.54,167.6186204,1.801998692,2.028408897
491,2.050720026,0.0005696444517,800,11.4680081,1.712737865,4.851427112e+24,2.581671904e+23,25515468.67,167.5415201,1.802827947,2.029238153
492,2.068230714,0.0005745085316,800,11.47100037,1.714695547,4.836525542e+24,2.542666372e+23,25503797.28,167.4648825,1.803652981,2.030063187
493,2.085736412,0.0005793712256,800,11.47397616,1.716639944,4.821757376e+24,2.504290664e+23,25492192.78,167.3886843,1.804474036,2.030884242
494,2.103237152,0.0005842325422,800,11.47693618,1.718571551,4.807118686e+24,2.466526634e+23,25480652.16,167.3129054,1.805291313,2.031701519
495,2.120732964,0.00058909249,800,11.4798811,1.720490846,4.792605716e+24,2.429357143e+23,25469172.52,167.2375269,1.806105007,2.032515213
496,2.138223876,0.0005939510768,800,11.48281158,1.722398285,4.778214873e+24,2.392764293e+23,25457750.68,167.162528,1.806915331,2.033325537
497,2.155709917,0.0005988083103,800,11.48572825,1.724294308,4.763942716e+24,2.356731803e+23,25446383.75,167.0878897,1.807722482,2.034132688
498,2.173191112,0.0006036641977,800,11.48863171,1.726179336,4.749785953e+24,2.321246169e+23,25435069.46,167.0135969,1.808526612,2.034936818
499,2.190667485,0.0006085187459,800,11.49152256,1.728053776,4.735741432e+24,2.286291211e+23,25423804.74,166.9396297,1.80932793,2.035738136
500,2.208139062,0.0006133719617,800,11.49440136,1.729918017,4.721806135e+24,2.251852166e+23,25412586.82,166.8659698,1.810126625,2.03653683
501,2.225605864,0.0006182238512,800,11.49726866,1.731772432,4.707977169e+24,2.217918402e+23,25401413.88,166.7926053,1.810922818,2.037333023
502,2.243067914,0.0006230744205,800,11.50215589,1.733704166,4.694175606e+24,2.143851287e+23,25379382.37,166.6479403,1.812494856,2.038905062
503,2.26052063,0.0006279223972,800,11.50670357,1.735617202,4.680418984e+24,2.0786886e+23,25359230.72,166.5156191,1.81393515,2.040345356
504,2.277964815,0.0006327680041,800,11.51097048,1.737514729,4.666712201e+24,2.020511444e+23,25340588.55,166.3932096,1.815269598,2.041679804
505,2.305095343,0.000640304262,800,11.51737225,1.737941533,4.654850719e+24,1.934764277e+23,25312181.91,166.2066838,1.817306788,2.043716994
506,2.32251964,0.0006451443445,800,11.52102159,1.739737972,4.641227142e+24,1.891579545e+23,25297056.5,166.1073662,1.818393377,2.044803583
507,2.339937543,0.0006499826509,800,11.52447147,1.742346417,4.624877336e+24,1.852452162e+23,25282945.39,166.0147089,1.819408272,2.045818478
508,2.367018051,0.0006575050141,800,11.5299367,1.743477675,4.610319699e+24,1.788931332e+23,25259733.47,165.862293,1.821080181,2.047490387
509,2.384420203,0.0006623389452,800,11.53309622,1.746270513,4.59346222e+24,1.756712919e+23,25247312.57,165.780734,1.821976097,2.048386302
510,2.411469863,0.0006698527399,800,11.53815096,1.747313074,4.579052011e+24,1.702524264e+23,25226332.38,165.6429724,1.823491394,2.0499016
511,2.438501398,0.0006773614994,800,11.54290378,1.749318522,4.561239764e+24,1.655204727e+23,25207255.58,165.5177089,1.824871409,2.051281615
512,2.46551646,0.0006848656833,800,11.54749778,1.752105204,4.540929696e+24,1.61152336e+23,25189100.55,165.3984981,1.826186683,2.052596889
513,2.49251586,0.0006923655168,800,11.55201505,1.754891006,4.520756355e+24,1.569787231e+23,25171328,165.2817986,1.827476087,2.053886293
514,2.519499945,0.0006998610958,800,11.55647086,1.757661233,4.500768791e+24,1.529689679e+23,25153854.44,165.1670625,1.828745575,2.055155781
515,2.546468987,0.0007073524964,800,11.56087642,1.76041714,4.480962298e+24,1.491011104e+23,25136620.02,165.0538966,1.829999418,2.056409623
516,2.573423209,0.0007148397803,800,11.56524076,1.763159754,4.461332552e+24,1.453578444e+23,25119576.37,164.9419833,1.831241074,2.05765128
517,2.60036279,0.0007223229971,800,11.56957123,1.765889905,4.441875592e+24,1.417255761e+23,25102684.67,164.8310679,1.832473323,2.058883529
518,2.627287875,0.0007298021875,800,11.57387381,1.768608343,4.422587529e+24,1.381934365e+23,25085913.17,164.7209416,1.833698446,2.060108652
519,2.654198584,0.0007372773843,800,11.57815345,1.771315748,4.403464565e+24,1.347526729e+23,25069235.69,164.6114327,1.834918327,2.061328533
520,2.681095011,0.0007447486141,800,11.58241424,1.774012743,4.384503017e+24,1.313962676e+23,25052630.83,164.5024007,1.836134509,2.062544714
521,2.707977234,0.0007522158983,800,11.58665962,1.776699899,4.365699326e+24,1.281183998e+23,25036080.38,164.3937259,1.837348311,2.063758517
522,2.734845315,0.000759679254,800,11.5908925,1.779377743,4.347050065e+24,1.24914384e+23,25019569.46,164.2853107,1.838560814,2.06497102
523,2.761699301,0.0007671386948,800,11.59511535,1.782046762,4.328551944e+24,1.217802205e+23,25003084.97,164.1770691,1.839772974,2.06618318
524,2.788539231,0.0007745942309,800,11.5993303,1.784707408,4.310201808e+24,1.187126017e+23,24986615.91,164.0689287,1.840985597,2.067395803
525,2.815365133,0.0007820458703,800,11.60353922,1.787360101,4.291996638e+24,1.157087802e+23,24970152.98,163.9608286,1.842199367,2.068609572
526,2.842177026,0.0007894936184,800,11.60774373,1.790005232,4.273933549e+24,1.127662791e+23,24953687.48,163.8527117,1.843414928,2.069825133
527,2.868974924,0.0007969374788,800,11.61194526,1.792643166,4.256009784e+24,1.098830814e+23,24937212.31,163.7445312,1.844632809,2.071043015
528,2.895758832,0.0008043774534,800,11.61614511,1.795274242,4.238222714e+24,1.070573811e+23,24920720.93,163.6362443,1.845853502,2.072263708
529,2.922528753,0.0008118135425,800,11.62034442,1.79789878,4.220569827e+24,1.04287563e+23,24904207.31,163.5278114,1.84707746,2.073487666
530,2.949284682,0.000819245745,800,11.62454426,1.800517077,4.203048731e+24,1.015722176e+23,24887666.15,163.4191977,1.848305089,2.074715295
531,2.976026611,0.0008266740585,800,11.62874559,1.803129411,4.185657143e+24,9.89100913e+22,24871092.64,163.3103714,1.849536756,2.075946962
532,3.002754527,0.0008340984797,800,11.63294927,1.805736044,4.168392887e+24,9.630004756e+22,24854482.33,163.2013037,1.850772806,2.077183012
533,3.029468415,0.000841519004,800,11.63715614,1.808337218,4.151253886e+24,9.374105206e+22,24837831.14,163.0919674,1.852013557,2.078423763
534,3.056168254,0.0008489356262,800,11.64136695,1.810933162,4.134238163e+24,9.123212927e+22,24821135.1,162.9823366,1.853259322,2.079669528
535,3.082854024,0.0008563483399,800,11.64558242,1.81352409,4.11734383e+24,8.877241012e+22,24804390.67,162.8723881,1.854510381,2.080920587
536,3.109525697,0.000863757138,800,11.6498032,1.816110201,4.100569087e+24,8.636109145e+22,24787594.58,162.7621005,1.855766999,2.082177205
537,3.136183246,0.0008711620128,800,11.65402994,1.818691682,4.083912214e+24,8.399739234e+22,24770743.56,162.651452,1.857029439,2.083439644
538,3.16282664,0.0008785629557,800,11.65826321,1.821268707,4.067371574e+24,8.168059698e+22,24753834.62,162.5404233,1.858297945,2.084708151
539,3.189455847,0.0008859599574,800,11.66250359,1.823841438,4.050945598e+24,7.941004013e+22,24736865.01,162.4289963,1.859572746,2.085982952
540,3.21607083,0.0008933530083,800,11.6667516,1.826410027,4.034632794e+24,7.718504159e+22,24719831.79,162.3171515,1.860854086,2.087264292
541,3.242671552,0.0009007420977,800,11.67100775,1.828974615,4.01843173e+24,7.50050457e+22,24702732.81,162.2048749,1.862142151,2.088552357
542,3.269257974,0.0009081272149,800,11.67527252,1.831535332,4.002341042e+24,7.286938471e+22,24685565.05,162.0921468,1.863437191,2.089847397
543,3.295830054,0.0009155083483,800,11.67954637,1.8340923,3.986359424e+24,7.077755774e+22,24668326.67,161.9789548,1.864739373,2.091149579
544,3.322387749,0.000922885486,800,11.68382973,1.836645631,3.970485624e+24,6.872899609e+22,24651015.27,161.8652835,1.866048903,2.092459108
545,3.348931015,0.0009302586154,800,11.68812302,1.839195429,3.954718448e+24,6.672314514e+22,24633628.55,161.7511176,1.867365983,2.093776189
546,3.375459805,0.0009376277237,800,11.69242663,1.84174179,3.939056748e+24,6.475952117e+22,24616164.72,161.6364453,1.868690778,2.095100984
547,3.401974071,0.0009449927976,800,11.69674094,1.844284801,3.923499425e+24,6.283760783e+22,24598621.74,161.5212533,1.87002347,2.096433676
548,3.428473764,0.0009523538234,800,11.70106631,1.846824543,3.908045427e+24,6.095690447e+22,24580997.69,161.405529,1.871364237,2.097774443
549,3.454958833,0.0009597107869,800,11.70540306,1.849361088,3.892693742e+24,5.911696033e+22,24563291.09,161.2892626,1.872713222,2.099123428
550,3.481429226,0.0009670636738,800,11.70975154,1.851894504,3.877443399e+24,5.731726971e+22,24545500,161.1724414,1.874070604,2.10048081
551,3.50788489,0.0009744124694,800,11.71411202,1.85442485,3.862293465e+24,5.555737143e+22,24527622.89,161.0550555,1.875436532,2.101846738
552,3.534325771,0.0009817571585,800,11.71848481,1.856952181,3.847243041e+24,5.383679515e+22,24509658.18,160.9370943,1.87681116,2.103221366
553,3.560751813,0.0009890977258,800,11.72287018,1.859476544,3.832291265e+24,5.215510168e+22,24491604.65,160.8185499,1.878194616,2.104604822
554,3.587162961,0.0009964341558,800,11.72726836,1.861997981,3.817437303e+24,5.051182025e+22,24473460.8,160.6994125,1.87958705,2.105997256
555,3.613559157,0.001003766432,800,11.7316796,1.864516529,3.802680352e+24,4.890650482e+22,24455225.44,160.5796741,1.880988589,2.107398795
556,3.639940343,0.00101109454,800,11.73610412,1.867032221,3.788019639e+24,4.733871468e+22,24436897.52,160.459328,1.88239935,2.108809556
557,3.666306462,0.001018418462,800,11.74054212,1.869545084,3.773454413e+24,4.580799204e+22,24418475.85,160.3383663,1.88381946,2.110229666
558,3.692657453,0.001025738181,800,11.74499378,1.872055139,3.758983952e+24,4.431388778e+22,24399959.45,160.2167826,1.885249035,2.11165924
559,3.718993257,0.001033053682,800,11.74945927,1.874562404,3.744607554e+24,4.285594781e+22,24381347.34,160.0945704,1.886688186,2.113098392
560,3.745313813,0.001040364948,800,11.75393875,1.877066894,3.73032454e+24,4.143373096e+22,24362638.8,159.971725,1.888137011,2.114547216
561,3.771619061,0.001047671961,800,11.75843234,1.879568617,3.71613425e+24,4.00467751e+22,24343832.96,159.8482407,1.889595615,2.11600582
562,3.79790894,0.001054974706,800,11.76294018,1.882067581,3.702036043e+24,3.869465125e+22,24324929.46,159.7241152,1.891064066,2.117474271
563,3.824183388,0.001062273163,800,11.76746236,1.884563785,3.688029297e+24,3.737686822e+22,24305927.26,159.5993416,1.892542486,2.118952691
564,3.850442344,0.001069567318,800,11.77199896,1.88705723,3.674113405e+24,3.60929962e+22,24286826.26,159.4739192,1.894030925,2.12044113
565,3.876685746,0.001076857152,800,11.77655005,1.889547911,3.660287774e+24,3.484257074e+22,24267626.01,159.3478451,1.895529459,2.121939665
566,3.902913531,0.001084142648,800,11.7811157,1.89203582,3.646551827e+24,3.362510501e+22,24248325.86,159.2211151,1.897038182,2.123448388
567,3.929125639,0.001091423789,800,11.78569593,1.894520946,3.632904999e+24,3.24401742e+22,24228926.21,159.0937317,1.898557105,2.124967311
568,3.955322007,0.001098700558,800,11.79029076,1.897003276,3.619346736e+24,3.128727823e+22,24209426.5,158.9656913,1.900086316,2.126496522
569,3.981502574,0.001105972937,800,11.7949002,1.899482794,3.605876495e+24,3.016594219e+22,24189826.64,158.8369933,1.901625864,2.12803607
570,4.007667279,0.001113240911,800,11.79952423,1.90195948,3.592493744e+24,2.907569678e+22,24170126.83,158.7076389,1.903175781,2.129585987
571,4.03381606,0.001120504461,800,11.80416283,1.904433315,3.579197958e+24,2.801606852e+22,24150327.33,158.57763,1.904736088,2.131146294
572,4.059948857,0.001127763571,800,11.80881603,1.906904343,3.565988623e+24,2.698652588e+22,24130427.51,158.4469624,1.906306881,2.132717086
573,4.086065609,0.001135018225,800,11.81348391,1.909372655,3.552865229e+24,2.598654583e+22,24110426.96,158.3156333,1.907888237,2.134298443
574,4.112166255,0.001142268404,800,11.81816645,1.911837419,3.53982925e+24,2.501563208e+22,24090325.84,158.1836439,1.909480192,2.135890398
575,4.138250734,0.001149514093,800,11.82286358,1.914297989,3.52688158e+24,2.407327641e+22,24070124.2,158.0509944,1.911082786,2.137492991
576,4.164318987,0.001156755274,800,11.82757489,1.916754156,3.514021685e+24,2.315907064e+22,24049824.36,157.9177001,1.912695881,2.139106087
577,4.190370955,0.001163991932,800,11.8323001,1.919205701,3.501249043e+24,2.227255843e+22,24029428,157.7837721,1.914319392,2.140729598
578,4.216406581,0.00117122405,800,11.83703487,1.92165448,3.488558266e+24,2.14141717e+22,24008957.71,157.6493586,1.915951561,2.142361767
579,4.242425829,0.001178451619,800,11.84177657,1.924100464,3.475948625e+24,2.058395409e+22,23988430.17,157.5145692,1.917591092,2.144001297
580,4.268428672,0.001185674631,800,11.84652544,1.926543454,3.463420147e+24,1.978106461e+22,23967842.39,157.3793842,1.919238255,2.145648461
581,4.294415083,0.001192893079,800,11.85128169,1.928983288,3.450972743e+24,1.90047747e+22,23947193.54,157.2437982,1.920893149,2.147303355
582,4.320385036,0.001200106954,800,11.85604545,1.931419837,3.438606227e+24,1.825437049e+22,23926482.8,157.1078059,1.922555872,2.148966077
583,4.346338502,0.001207316251,800,11.86081679,1.933852996,3.426320346e+24,1.752916333e+22,23905709.68,156.9714039,1.924226497,2.150636703
584,4.372275453,0.001214520959,800,11.86559575,1.936282673,3.414114793e+24,1.682848948e+22,23884874.04,156.8345914,1.92590507,2.152315276
585,4.39819586,0.001221721072,800,11.8703823,1.938708791,3.401989223e+24,1.615170935e+22,23863976.13,156.69737,1.927591603,2.154001809
586,4.424099695,0.001228916582,800,11.87517639,1.94113128,3.389943264e+24,1.549817849e+22,23843015.82,156.5597389,1.929286142,2.155696348
587,4.449986932,0.001236107481,800,11.87997793,1.943550078,3.377976516e+24,1.486729446e+22,23821993.96,156.4217037,1.930988652,2.157398858
588,4.475857542,0.001243293762,800,11.8847868,1.945965127,3.366088565e+24,1.425844428e+22,23800910.86,156.2832663,1.932699142,2.159109348
589,4.501711499,0.001250475416,800,11.88985663,1.948389274,3.354278981e+24,1.363391452e+22,23778454.16,156.1358095,1.93452441,2.160934616
590,4.527547744,0.001257652151,800,11.89488838,1.950807266,3.342545526e+24,1.303654124e+22,23756060.29,155.9887652,1.936348007,2.162758213
591,4.553366353,0.001264823987,800,11.89990359,1.953220225,3.330888938e+24,1.246694324e+22,23733797.72,155.8425831,1.938164324,2.16457453
592,4.579167453,0.001271990959,800,11.90490424,1.955628277,3.319308716e+24,1.192194971e+22,23711592.64,155.6967785,1.939979347,2.166389553
593,4.604951112,0.001279153087,800,11.90989208,1.958031356,3.307804712e+24,1.140029935e+22,23689435.85,155.551291,1.941793815,2.16820402
594,4.630717391,0.001286310386,800,11.91486862,1.960429522,3.296376479e+24,1.090082022e+22,23667318.6,155.4060631,1.943608432,2.170018638
595,4.656466345,0.001293462874,800,11.91983519,1.962822817,3.285023581e+24,1.042245407e+22,23645234.05,155.2610499,1.945423754,2.17183396
596,4.682198024,0.001300610562,800,11.92479297,1.965211274,3.273745575e+24,9.964211229e+21,23623175.76,155.1162092,1.947240306,2.173650512
597,4.707912469,0.001307753464,800,11.92974296,1.96759492,3.26254201e+24,9.525178513e+21,23601138.34,154.9715054,1.94905853,2.175468736
598,4.733609722,0.00131489159,800,11.93468605,1.969973774,3.251412428e+24,9.104503078e+21,23579117.02,154.8269075,1.95087882,2.177289026
599,4.759289818,0.00132202495,800,11.93962299,1.972347852,3.240356365e+24,8.701386145e+21,23557107.64,154.6823879,1.952701524,2.17911173
600,4.784952789,0.001329153553,800,11.94455443,1.974717164,3.229373351e+24,8.315084704e+21,23535106.95,154.5379254,1.954526915,2.180937121
601,4.810598665,0.001336277407,800,11.94948093,1.977081714,3.218462912e+24,7.944890347e+21,23513111.73,154.3934988,1.956355268,2.182765474
602,4.836227473,0.00134339652,800,11.95440295,1.979441506,3.20762457e+24,7.590140061e+21,23491119.55,154.2490921,1.95818679,2.184596996
603,4.861839238,0.001350510899,800,11.95932088,1.981796537,3.196857839e+24,7.250209454e+21,23469128.63,154.1046937,1.960021641,2.186431847
604,4.887433984,0.001357620551,800,11.96423501,1.984146804,3.186162235e+24,6.924497642e+21,23447137.03,153.9602909,1.96185999,2.188270195
605,4.913011734,0.001364725482,800,11.96914561,1.9864923,3.175537266e+24,6.612437849e+21,23425143.46,153.8158752,1.963701954,2.19011216
606,4.938572508,0.001371825697,800,11.97405286,1.988833017,3.164982439e+24,6.313491773e+21,23403147.11,153.6714411,1.965547615,2.191957821
607,4.964116327,0.001378921202,800,11.9789569,1.991168945,3.154497258e+24,6.027142774e+21,23381147.26,153.5269841,1.967397044,2.19380725
608,4.989643211,0.001386012003,800,11.98385782,1.993500072,3.144081223e+24,5.752898177e+21,23359143.54,153.3825017,1.969250282,2.195660488
609,5.01515318,0.001393098106,800,11.98875567,1.995826385,3.133733835e+24,5.490281627e+21,23337135.5,153.2379909,1.97110738,2.197517586
610,5.05290433,0.001403584536,800,11.99645909,1.997068027,3.123513046e+24,5.0886103e+21,23301580,153.0045238,1.97411506,2.200525266
611,5.078370166,0.001410658379,800,12.00126121,1.999334399,3.113298067e+24,4.860384733e+21,23280124.42,152.8636406,1.975934457,2.202344663
612,5.103819584,0.001417727662,800,12.00604574,2.001638051,3.103014223e+24,4.642243269e+21,23258717.4,152.7230763,1.977753081,2.204163287
613,5.129252644,0.001424792401,800,12.01082922,2.004500358,3.091762937e+24,4.433399476e+21,23237323.28,152.5825967,1.979573957,2.205984163
614,5.166858492,0.00143523847,800,12.0183441,2.006094199,3.080929597e+24,4.113750924e+21,23202762.22,152.3556593,1.982522579,2.208932785
615,5.192248905,0.001442291362,800,12.02305893,2.008609684,3.070339876e+24,3.930708643e+21,23181762.73,152.2177709,1.984318472,2.210728678
616,5.229774357,0.001452715099,800,12.03042781,2.010784259,3.058408821e+24,3.651864455e+21,23148020.24,151.9962086,1.98721098,2.213621186
617,5.267251158,0.001463125322,800,12.03766672,2.012303264,3.047525314e+24,3.397430546e+21,23115038.57,151.7796419,1.990046431,2.216456637
618,5.304680521,0.001473522367,800,12.04480314,2.01507929,3.034299197e+24,3.164224197e+21,23082695.19,151.5672665,1.992834876,2.219245081
619,5.342063479,0.001483906522,800,12.05190588,2.018445821,3.020087775e+24,2.947285856e+21,23050533.93,151.3560869,1.995615379,2.222025585
620,5.379400406,0.00149427789,800,12.05900051,2.021800324,3.006016995e+24,2.744329974e+21,23018371.89,151.1449022,1.998403719,2.224813925
621,5.416691414,0.001504636504,800,12.06608587,2.025142832,2.992084869e+24,2.554558352e+21,22986216.07,150.9337583,2.001199322,2.227609527
622,5.453936625,0.001514982396,800,12.07316081,2.028473433,2.978289359e+24,2.377203818e+21,22954072.61,150.7226956,2.004001677,2.230411883
623,5.49113617,0.001525315603,800,12.08022424,2.03179213,2.964628604e+24,2.211536668e+21,22921947.96,150.5117563,2.006810245,2.233220451
624,5.528290188,0.001535636163,800,12.08727509,2.035098881,2.951100853e+24,2.056861791e+21,22889848.52,150.3009827,2.009624483,2.236034689
625,5.565398826,0.001545944118,800,12.09431234,2.038393649,2.937704361e+24,1.912514923e+21,22857780.03,150.0904122,2.012443901,2.238854107
626,5.602462238,0.001556239511,800,12.10133497,2.041676405,2.924437391e+24,1.777866058e+21,22825748.32,149.8800834,2.015267992,2.241678198
627,5.639480588,0.001566522386,800,12.10834204,2.044947124,2.91129822e+24,1.65231757e+21,22793759.23,149.6700343,2.018096249,2.244506455
628,5.676454044,0.00157679279,800,12.1153326,2.04820579,2.898285131e+24,1.535300379e+21,22761817.78,149.460298,2.020928225,2.247338431
629,5.713382783,0.001587050773,800,12.12230578,2.051452391,2.885396421e+24,1.426279237e+21,22729929.82,149.250913,2.023763397,2.250173603
630,5.750266986,0.001597296385,800,12.1292607,2.054686921,2.872630401e+24,1.324743775e+21,22698099.92,149.0419091,2.026601353,2.253011558
631,5.787106843,0.001607529679,800,12.13619655,2.057909381,2.859985393e+24,1.23021433e+21,22666333.2,148.8333202,2.029441621,2.255851827
632,5.823902549,0.001617750708,800,12.14311255,2.061119776,2.847459733e+24,1.142236507e+21,22634634.11,148.6251753,2.03228379,2.258693996
633,5.860654302,0.001627959528,800,12.15000795,2.064318116,2.835051775e+24,1.060383102e+21,22603007.33,148.4175053,2.03512742,2.261537626
634,5.897362307,0.001638156197,800,12.15688127,2.067504366,2.822759882e+24,9.842604463e+20,22571461.13,148.2103644,2.037971743,2.264381949
635,5.934026781,0.001648340773,800,12.16372738,2.070678241,2.810582439e+24,9.135408203e+20,22540023.83,148.0039384,2.040814169,2.267224375
636,5.970647976,0.001658513327,800,12.17054598,2.073839782,2.798517845e+24,8.478525738e+20,22508698.24,147.7982461,2.043654391,2.270064597
637,6.007226148,0.00166867393,800,12.1773367,2.076989028,2.786564515e+24,7.868469036e+20,22477486.48,147.5933012,2.046492167,2.272902372
638,6.043761552,0.001678822653,800,12.18409916,2.080126016,2.774720883e+24,7.301987464e+20,22446390.96,147.3891195,2.04932722,2.275737426
639,6.080254449,0.001688959569,800,12.19083301,2.083250793,2.762985397e+24,6.776042873e+20,22415413.93,147.1857159,2.052159293,2.278569499
640,6.116705099,0.00169908475,800,12.19753794,2.086363408,2.751356518e+24,6.28780116e+20,22384557.67,146.9831053,2.054988116,2.281398322
641,6.153113762,0.001709198267,800,12.20422951,2.089464782,2.739832723e+24,5.833353261e+20,22353737.19,146.7807296,2.057821456,2.284231662
642,6.189480585,0.001719300163,800,12.21088939,2.092553982,2.72841251e+24,5.411834129e+20,22323054.06,146.5792558,2.060649939,2.287060145
643,6.22580585,0.001729390514,800,12.21751756,2.095631083,2.717094397e+24,5.020861101e+20,22292507.96,146.3786818,2.063473526,2.289883732
644,6.262089837,0.001739469399,800,12.22411399,2.098696175,2.705876895e+24,4.658234925e+20,22262099.57,146.179012,2.066292079,2.292702285
645,6.298332824,0.001749536895,800,12.2306787,2.101749317,2.694758585e+24,4.321911423e+20,22231829.48,145.9802504,2.069105471,2.295515677
646,6.33453509,0.001759593081,800,12.23721167,2.10479059,2.683738034e+24,4.009988392e+20,22201697.95,145.7823985,2.071913603,2.298323809
647,6.370696912,0.001769638031,800,12.24371291,2.107820079,2.672813825e+24,3.720702641e+20,22171705.54,145.5854602,2.07471635,2.301126556
648,6.406818567,0.001779671824,800,12.25018244,2.110837872,2.661984561e+24,3.452414089e+20,22141852.47,145.3894368,2.077513616,2.303923822
649,6.44290033,0.001789694536,800,12.25662026,2.113844058,2.651248861e+24,3.203601481e+20,22112139.1,145.1943307,2.080305292,2.306715498
650,6.478942475,0.001799706243,800,12.26302642,2.116838729,2.640605363e+24,2.972852234e+20,22082565.7,145.0001437,2.083091277,2.309501483
651,6.514945274,0.001809707021,800,12.26940095,2.11982198,2.630052722e+24,2.758854613e+20,22053132.44,144.8068769,2.08587148,2.312281686
652,6.550908999,0.001819696944,800,12.2757439,2.122793908,2.619589611e+24,2.560392445e+20,22023839.59,144.6145321,2.088645798,2.315056003
653,6.586833922,0.001829676089,800,12.28205532,2.125754612,2.609214721e+24,2.376335879e+20,21994687.23,144.4231097,2.091414146,2.317824352
654,6.62272031,0.001839644531,800,12.2883353,2.128704194,2.59892676e+24,2.205635003e+20,21965675.09,144.2326081,2.094176474,2.320586679
655,6.658568432,0.001849602342,800,12.29458391,2.131642761,2.588724453e+24,2.047319629e+20,21936803.52,144.0430295,2.096932671,2.323342877
656,6.694378553,0.001859549598,800,12.30080124,2.134570419,2.578606542e+24,1.900485596e+20,21908072.04,143.8543708,2.099682706,2.326092912
657,6.730150938,0.001869486372,800,12.30698741,2.13748728,2.568571786e+24,1.764297583e+20,21879480.78,143.6666328,2.102426491,2.328836697
658,6.765885849,0.001879412736,800,12.31314252,2.140393456,2.558618961e+24,1.637978956e+20,21851029.39,143.4798132,2.10516398,2.331574186
659,6.801583549,0.001889328764,800,12.31926671,2.143289062,2.548746859e+24,1.520809356e+20,21822717.44,143.2939092,2.107895139,2.334305345
660,6.837244295,0.001899234526,800,12.3253601,2.146174218,2.538954289e+24,1.412121954e+20,21794544.66,143.1089191,2.110619915,2.337030121
661,6.872868346,0.001909130096,800,12.33142286,2.149049044,2.529240078e+24,1.31129818e+20,21766510.71,142.9248405,2.113338266,2.339748472
662,6.908455957,0.001919015544,800,12.33745513,2.151913665,2.519603066e+24,1.217763282e+20,21738614.77,142.7416682,2.116050194,2.3424604
663,6.944007382,0.001928890939,800,12.34345709,2.154768204,2.510042112e+24,1.130987218e+20,21710856.83,142.559402,2.118755624,2.345165829
664,6.979522872,0.001938756353,800,12.34942891,2.157612792,2.50055609e+24,1.050475138e+20,21683235.68,142.378034,2.121454597,2.347864802
665,7.015002676,0.001948611854,800,12.35537077,2.16044756,2.491143892e+24,9.757716376e+19,21655751.16,142.1975631,2.124147053,2.350557259
666,7.050447042,0.001958457512,800,12.36128289,2.163272639,2.481804422e+24,9.06452409e+19,21628402.26,142.0179828,2.126833016,2.353243221
667,7.085856215,0.001968293393,800,12.36716545,2.166088165,2.472536605e+24,8.421251615e+19,21601188.29,141.8392885,2.129512478,2.355922684
668,7.121230438,0.001978119566,800,12.37301868,2.168894277,2.463339378e+24,7.824258714e+19,21574108.28,141.6614737,2.132185461,2.358595667
669,7.156569951,0.001987936097,800,12.37884279,2.171691112,2.454211696e+24,7.270181959e+19,21547161.69,141.4845351,2.134851943,2.361262148
670,7.191874992,0.001997743053,800,12.38463801,2.174478814,2.445152529e+24,6.755889269e+19,21520347.22,141.308464,2.13751198,2.363922186
671,7.227145798,0.0020075405,800,12.39040457,2.177257524,2.436160863e+24,6.278494183e+19,21493664.31,141.1332567,2.140165555,2.36657576
672,7.262382602,0.002017328501,800,12.39614273,2.180027388,2.427235699e+24,5.835308067e+19,21467111.62,140.9589045,2.142812727,2.369222933
673,7.297585635,0.002027107121,800,12.40185271,2.182788553,2.418376054e+24,5.423847546e+19,21440688.22,140.7854013,2.145453519,2.371863725
674,7.332755125,0.002036876424,800,12.40753479,2.185541166,2.409580962e+24,5.041810151e+19,21414393.08,140.6127403,2.148087962,2.374498168
675,7.367891299,0.002046636472,800,12.41318922,2.188285378,2.40084947e+24,4.687060583e+19,21388225.02,140.4409136,2.150716105,2.37712631
676,7.402994379,0.002056387328,800,12.41881625,2.191021338,2.392180643e+24,4.357621401e+19,21362182.9,140.269914,2.15333799,2.379748196
677,7.438064588,0.002066129052,800,12.42441617,2.193749199,2.38357356e+24,4.051660563e+19,21336265.62,140.099734,2.155953662,2.382363868
678,7.473102144,0.002075861707,800,12.42998924,2.196469114,2.375027316e+24,3.767478317e+19,21310471.84,139.9303651,2.158563186,2.384973392
679,7.508107262,0.00208558535,800,12.43553575,2.199181236,2.36654102e+24,3.503503427e+19,21284800.6,139.7618007,2.161166593,2.387576799
680,7.543080156,0.002095300043,800,12.44105591,2.201885717,2.358113797e+24,3.258275416e+19,21259250.51,139.5940318,2.163763957,2.390174163
681,7.578021037,0.002105005844,800,12.44654993,2.204582704,2.34974479e+24,3.030450685e+19,21233821.24,139.4270563,2.166355245,2.39276545
682,7.612930114,0.00211470281,800,12.45201801,2.207272348,2.341433152e+24,2.818774155e+19,21208511.47,139.2608655,2.168940525,2.395350731
683,7.647807595,0.002124390999,800,12.45746037,2.209954799,2.333178055e+24,2.622086789e+19,21183320.4,139.0954541,2.171519815,2.397930021
684,7.682653684,0.002134070468,800,12.46287723,2.212630208,2.324978686e+24,2.439313282e+19,21158247.18,138.9308165,2.174093137,2.400503343
685,7.717468583,0.002143741273,800,12.46826884,2.215298727,2.316834244e+24,2.26945567e+19,21133290.86,138.7669464,2.176660526,2.403070732
686,7.752252494,0.002153403471,800,12.47363609,2.217960546,2.308743946e+24,2.111563998e+19,21108446.53,138.6038118,2.179222423,2.405632629
687,7.787005611,0.002163057114,800,12.47897844,2.22061577,2.300707023e+24,1.964808883e+19,21083717.37,138.4414334,2.18177844,2.408188646
688,7.821728129,0.002172702258,800,12.48429619,2.223264553,2.292722719e+24,1.828391743e+19,21059102.07,138.2798026,2.184328651,2.410738856
689,7.856420244,0.002182338957,800,12.48958962,2.225907048,2.284790296e+24,1.701573046e+19,21034599.43,138.1189116,2.186873116,2.413283322
690,7.891082147,0.002191967263,800,12.49485898,2.228543405,2.276909027e+24,1.583666432e+19,21010208.18,137.958752,2.189411909,2.415822115
691,7.925714028,0.00220158723,800,12.50010454,2.231173776,2.269078203e+24,1.474035514e+19,20985927.02,137.7993153,2.191945104,2.41835531
692,7.960316074,0.002211198909,800,12.50532658,2.233798309,2.261297126e+24,1.372090865e+19,20961754.86,137.6405943,2.194472758,2.420882964
693,7.994888469,0.002220802352,800,12.51052537,2.236417154,2.253565115e+24,1.277284189e+19,20937690.21,137.4825793,2.196994967,2.423405173
694,8.029431396,0.00223039761,800,12.51570118,2.239030459,2.245881502e+24,1.18910759e+19,20913731.71,137.3252613,2.199511815,2.425922021
695,8.063945034,0.002239984732,800,12.52085429,2.24163837,2.238245632e+24,1.107090833e+19,20889878.29,137.1686332,2.202023361,2.428433566
696,8.098429562,0.002249563767,800,12.52598498,2.244241033,2.230656867e+24,1.03079617e+19,20866128.44,137.0126852,2.204529707,2.430939912
697,8.132885155,0.002259134765,800,12.53109353,2.246838592,2.22311458e+24,9.598188474e+18,20842481.06,136.8574101,2.207030913,2.433441119
698,8.167311984,0.002268697773,800,12.53618021,2.24943119,2.215618158e+24,8.937814809e+18,20818934.46,136.7027967,2.209527106,2.435937312
699,8.201710221,0.002278252839,800,12.54124531,2.252018967,2.208167003e+24,8.323351495e+18,20795487.36,136.5488367,2.212018367,2.438428573
700,8.236080034,0.002287800009,800,12.5462891,2.254602064,2.200760529e+24,7.751565992e+18,20772138.75,136.3955233,2.214504753,2.440914959
701,8.270421588,0.00229733933,800,12.55131185,2.257180617,2.193398163e+24,7.21944237e+18,20748886.98,136.2428458,2.216986388,2.443396594
702,8.304735046,0.002306870846,800,12.55631385,2.259754761,2.186079347e+24,6.724188122e+18,20725730.66,136.0907951,2.219463369,2.445873575
703,8.339020571,0.002316394603,800,12.56129536,2.262324631,2.178803533e+24,6.26321473e+18,20702668.62,135.9393635,2.221935772,2.448345978
704,8.373278319,0.002325910644,800,12.56625667,2.264890357,2.171570188e+24,5.834117254e+18,20679699.63,135.7885428,2.224403682,2.450813888
705,8.407508449,0.002335419014,800,12.57119803,2.26745207,2.164378791e+24,5.434654451e+18,20656822,135.6383221,2.226867231,2.453277437
706,8.441711114,0.002344919754,800,12.57611974,2.270009896,2.157228832e+24,5.062756288e+18,20634034.68,135.4886943,2.229326485,2.455736691
707,8.475886466,0.002354412907,800,12.58102203,2.272563959,2.150119815e+24,4.716491472e+18,20611336.11,135.3396493,2.231781567,2.458191773
708,8.510034655,0.002363898515,800,12.5859052,2.275114383,2.143051253e+24,4.394073046e+18,20588725.18,135.1911798,2.234232552,2.460642758
709,8.544155829,0.002373376619,800,12.59076948,2.277661286,2.136022675e+24,4.093838451e+18,20566200.63,135.0432775,2.236679532,2.463089737
710,8.578250133,0.002382847259,800,12.59561515,2.280204786,2.129033618e+24,3.814240578e+18,20543761.02,134.8959329,2.23912262,2.465532826
711,8.61231771,0.002392310475,800,12.60044246,2.282744999,2.122083632e+24,3.55384477e+18,20521405.12,134.749138,2.241561907,2.467972113
712,8.646358703,0.002401766306,800,12.60525166,2.285282035,2.115172276e+24,3.311317048e+18,20499131.68,134.6028845,2.243997489,2.470407694
713,8.680373249,0.002411214791,800,12.61004301,2.287816006,2.108299123e+24,3.085417856e+18,20476939.45,134.4571642,2.246429459,2.472839665
714,8.714361487,0.002420655969,800,12.61481674,2.290347017,2.101463754e+24,2.874994585e+18,20454827.16,134.3119689,2.248857917,2.475268123
715,8.748323552,0.002430089876,800,12.61957311,2.292875174,2.094665761e+24,2.678977093e+18,20432793.71,134.1672913,2.251282945,2.477693151
716,8.796189027,0.002443385841,800,12.62662634,2.294324217,2.087904779e+24,2.406150549e+18,20399444.8,133.9483133,2.254963331,2.481373537
717,8.830085726,0.002452801591,800,12.63123569,2.296756858,2.081180355e+24,2.246963843e+18,20378254.5,133.809172,2.257308152,2.483718357
718,8.863957473,0.002462210409,800,12.63583988,2.299166577,2.074492146e+24,2.09779414e+18,20357056.36,133.6699792,2.259658724,2.486068929
719,8.91166618,0.002475462828,800,12.64267564,2.301458182,2.066820742e+24,1.889359741e+18,20324917.53,133.4589469,2.263231815,2.489642021
720,8.9454753,0.00248485425,800,12.64716658,2.304277629,2.059711933e+24,1.766799187e+18,20304378.88,133.3240845,2.265521161,2.491931366
721,8.993075572,0.002498076548,800,12.65388034,2.30584001,2.052789396e+24,1.593313623e+18,20272881.36,133.1172632,2.269041049,2.495451255
722,9.02682381,0.002507451058,800,12.65828384,2.309892404,2.044416267e+24,1.491705333e+18,20252854,132.9857581,2.271284827,2.497695033
723,9.074318491,0.002520644025,800,12.66492946,2.311566059,2.037437838e+24,1.34565703e+18,20221692.79,132.7811451,2.274784831,2.501195036
724,9.121749548,0.002533819319,800,12.67142997,2.314799716,2.02883011e+24,1.216931061e+18,20191416.39,132.582342,2.2781958,2.504606005
725,9.169118946,0.002546977485,800,12.67786098,2.316315475,2.021941224e+24,1.10127807e+18,20161481.43,132.385781,2.281578373,2.507988578
726,9.216427537,0.00256011876,800,12.68421004,2.319388815,2.013442377e+24,9.978530812e+17,20132046.51,132.1925032,2.284914253,2.511324458
727,9.263676485,0.002573243468,800,12.69052164,2.322910602,2.004537238e+24,9.043370797e+17,20102805.41,132.0004982,2.288237838,2.514648044
728,9.310866331,0.002586351759,800,12.69680718,2.326428265,1.995698715e+24,8.195381458e+17,20073676.24,131.8092281,2.29155833,2.517968535
729,9.357997449,0.002599443736,800,12.70306682,2.329942168,1.986925779e+24,7.42647333e+17,20044657.92,131.618686,2.294875781,2.521285986
730,9.405070207,0.002612519502,800,12.70930078,2.333452425,1.978217674e+24,6.729316988e+17,20015749.91,131.4288681,2.298190186,2.524600391
731,9.45208497,0.002625579158,800,12.71550926,2.336959285,1.969573534e+24,6.097246261e+17,19986951.12,131.2397674,2.301501601,2.527911807
732,9.4990421,0.002638622806,800,12.72169244,2.340462898,1.960992609e+24,5.524217111e+17,19958260.74,131.0513785,2.304810053,2.531220259
733,9.545941954,0.002651650543,800,12.72785054,2.343963377,1.952474202e+24,5.00474177e+17,19929677.86,130.8636955,2.308115582,2.534525787
734,9.592784885,0.002664662468,800,12.73398377,2.347460828,1.944017638e+24,4.533841437e+17,19901201.61,130.6767127,2.31141822,2.537828425
735,9.639571242,0.002677658678,800,12.74009235,2.350955351,1.935622261e+24,4.106992762e+17,19872830.82,130.4904224,2.31471804,2.541128246
736,9.686301372,0.00269063927,800,12.7461765,2.354447038,1.927287435e+24,3.72009464e+17,19844564.46,130.3048177,2.318015097,2.544425303
737,9.732975616,0.002703604338,800,12.75223642,2.357935972,1.919012544e+24,3.369425635e+17,19816401.47,130.1198919,2.321309451,2.547719656
738,9.77959431,0.002716553975,800,12.75827234,2.361422233,1.910796986e+24,3.051612501e+17,19788341.05,129.9356395,2.324601132,2.551011338
739,9.826157788,0.002729488274,800,12.76428448,2.36490589,1.902640181e+24,2.76359184e+17,19760382.16,129.7520538,2.327890201,2.554300407
740,9.87266638,0.002742407328,800,12.77027303,2.368387007,1.894541561e+24,2.502584562e+17,19732523.73,129.5691278,2.331176723,2.557586929
741,9.919120412,0.002755311226,800,12.77623821,2.371865642,1.886500576e+24,2.266069465e+17,19704764.66,129.3868541,2.334460766,2.560870972
742,9.965520206,0.002768200057,800,12.78218023,2.375341846,1.87851669e+24,2.051761562e+17,19677104.09,129.2052273,2.337742373,2.564152579
743,10,0.002777777778,800,12.78636559,2.379797815,1.870589379e+24,1.915581233e+17,19658038.77,129.0800392,2.340009628,2.566419834
