"Время, ч","AL, матрица, ат.%","CR, матрица, ат.%","NI, матрица, ат.%"
0.0,5.2,14.2,80.60000000000001
1.024e-05,5.2,14.2,80.60000000000001
2.049024e-05,5.2,14.2,80.60000000000001
3.075073024e-05,5.2,14.2,80.60000000000001
4.102148097024e-05,5.2,14.2,80.60000000000001
5.1302502451210234e-05,5.2,14.2,80.60000000000001
6.159380495366144e-05,5.2,14.2,80.60000000000001
7.18953987586151e-05,5.2,14.2,80.60000000000001
8.220729415737373e-05,5.2,14.2,80.60000000000001
9.25295014515311e-05,5.2,14.2,80.60000000000001
0.00010286203095298264,5.2,14.2,80.60000000000001
0.00011320489298393563,5.2,14.2,80.60000000000001
0.00012355809787691955,5.2,14.2,80.60000000000001
0.0001339216559747965,5.2,14.2,80.60000000000001
0.00014429557763077127,5.2,14.2,80.60000000000001
0.000154679873208402,5.2,14.2,80.60000000000001
0.00016507455308161038,5.2,14.2,80.60000000000001
0.00017547962763469195,5.2,14.2,80.60000000000001
0.00018589510726232662,5.2,14.2,80.60000000000001
0.00019632100236958888,5.2,14.2,80.60000000000001
0.0002067573233719584,5.2,14.2,80.60000000000001
0.0002172040806953303,5.2,14.2,80.60000000000001
0.00022766128477602556,5.2,14.2,80.60000000000001
0.0002381289460608015,5.2,14.2,80.60000000000001
0.00024860707500686224,5.2,14.2,80.60000000000001
0.000259095682081869,5.2,14.2,80.60000000000001
0.0002695947777639508,5.2,14.2,80.60000000000001
0.0002801043725417147,5.2,14.2,80.60000000000001
0.0002906244769142563,5.2,14.2,80.60000000000001
0.00030115510139117047,5.2,14.2,80.60000000000001
0.00031169625649256154,5.2,14.2,80.60000000000001
0.000322247952749054,5.2,14.2,80.60000000000001
0.00033281020070180295,5.2,14.2,80.60000000000001
0.00034338301090250465,5.2,14.2,80.60000000000001
0.00035396639391340704,5.2,14.2,80.60000000000001
0.00036456036030732027,5.2,14.2,80.60000000000001
0.0003751649206676274,5.2,14.2,80.60000000000001
0.0003857800855882949,5.2,14.2,80.60000000000001
0.00039640586567388306,5.2,14.2,80.60000000000001
0.0004070422715395568,5.2,14.2,80.60000000000001
0.00041768931381109615,5.2,14.2,80.60000000000001
0.0004283470031249071,5.2,14.2,80.60000000000001
0.00043901535012803183,5.2,14.2,80.60000000000001
0.0004496943654781597,5.2,14.2,80.60000000000001
0.0004603840598436377,5.2,14.2,80.60000000000001
0.0004710844439034811,5.2,14.2,80.60000000000001
0.0004817955283473845,5.2,14.2,80.60000000000001
0.0004925173238757317,5.2,14.2,80.60000000000001
0.0005032498411996073,5.2,14.2,80.60000000000001
0.0005139930910408066,5.2,14.2,80.60000000000001
0.0005247470841318473,5.2,14.2,80.60000000000001
0.000535511831215979,5.2,14.2,80.60000000000001
0.0005462873430471948,5.2,14.2,80.60000000000001
0.0005570736303902419,5.2,14.2,80.60000000000001
0.000567870704020632,5.2,14.2,80.60000000000001
0.0005786785747246524,5.2,14.2,80.60000000000001
0.0005894972532993769,5.2,14.2,80.60000000000001
0.0006003267505526762,5.2,14.2,80.60000000000001
0.0006111670773032287,5.2,14.2,80.60000000000001
0.0006220182443805319,5.2,14.2,80.60000000000001
0.0006328802626249123,5.2,14.2,80.60000000000001
0.0006437531428875371,5.2,14.2,80.60000000000001
0.0006546368960304246,5.2,14.2,80.60000000000001
0.000665531532926455,5.2,14.2,80.60000000000001
0.0006764370644593815,5.2,14.2,80.60000000000001
0.0006873535015238409,5.2,14.2,80.60000000000001
0.0006982808550253648,5.2,14.2,80.60000000000001
0.0007092191358803901,5.2,14.2,80.60000000000001
0.0007201683550162705,5.2,14.2,80.60000000000001
0.0007311285233712868,5.2,14.2,80.60000000000001
0.0007420996518946581,5.2,14.2,80.60000000000001
0.0007530817515465528,5.2,14.2,80.60000000000001
0.0007640748332980993,5.2,14.2,80.60000000000001
0.0007750789081313973,5.2,14.2,80.60000000000001
0.0007860939870395289,5.2,14.2,80.60000000000001
0.0007971200810265684,5.2,14.2,80.60000000000001
0.0008081572011075949,5.2,14.2,80.60000000000001
0.0008192053583087023,5.2,14.2,80.60000000000001
0.0008302645636670109,5.2,14.2,80.60000000000001
0.0008413348282306777,5.2,14.2,80.60000000000001
0.0008524161630589082,5.2,14.2,80.60000000000001
0.0008635085792219671,5.2,14.2,80.60000000000001
0.0008746120878011888,5.2,14.2,80.60000000000001
0.0008857266998889898,5.2,14.2,80.60000000000001
0.0008968524265888788,5.2,14.2,80.60000000000001
0.0009079892790154675,5.2,14.2,80.60000000000001
0.0009191372682944829,5.2,14.2,80.60000000000001
0.0009302964055627773,5.2,14.2,80.60000000000001
0.00094146670196834,5.2,14.2,80.60000000000001
0.0009526481686703081,5.2,14.2,80.60000000000001
0.0009638408168389782,5.2,14.2,80.60000000000001
0.000975044657655817,5.2,14.2,80.60000000000001
0.0009862597023134725,5.2,14.2,80.60000000000001
0.0009974859620157858,5.2,14.2,80.60000000000001
0.0010087234479778013,5.2,14.2,80.60000000000001
0.0010199721714257788,5.2,14.2,80.60000000000001
0.0010312321435972044,5.2,14.2,80.60000000000001
0.0010425033757408015,5.2,14.2,80.60000000000001
0.0010537858791165422,5.2,14.2,80.60000000000001
0.0010650796649956584,5.2,14.2,80.60000000000001
0.0010763847446606538,5.2,14.2,80.60000000000001
0.0010877011294053143,5.2,14.2,80.60000000000001
0.0010990288305347195,5.2,14.2,80.60000000000001
0.001110367859365254,5.2,14.2,80.60000000000001
0.001121718227224619,5.2,14.2,80.60000000000001
0.0011330799454518435,5.2,14.2,80.60000000000001
0.0011444530253972953,5.2,14.2,80.60000000000001
0.0011558374784226924,5.2,14.2,80.60000000000001
0.001167233315901115,5.2,14.2,80.60000000000001
0.001178640549217016,5.2,14.2,80.60000000000001
0.001190059189766233,5.2,14.2,80.60000000000001
0.001201489248955999,5.2,14.2,80.60000000000001
0.001212930738204955,5.2,14.2,80.60000000000001
0.0012243836689431597,5.2,14.2,80.60000000000001
0.0012358480526121025,5.2,14.2,80.60000000000001
0.0012473239006647143,5.2,14.2,80.60000000000001
0.0012588112245653788,5.2,14.2,80.60000000000001
0.0012703100357899441,5.2,14.2,80.60000000000001
0.0012818203458257339,5.2,14.2,80.60000000000001
0.0012933421661715594,5.2,14.2,80.60000000000001
0.001304875508337731,5.2,14.2,80.60000000000001
0.0013164203838460684,5.2,14.2,80.60000000000001
0.0013279768042299145,5.2,14.2,80.60000000000001
0.0013395447810341443,5.2,14.2,80.60000000000001
0.0013511243258151782,5.2,14.2,80.60000000000001
0.001362715450140993,5.2,14.2,80.60000000000001
0.001374318165591134,5.2,14.2,80.60000000000001
0.0013859324837567249,5.2,14.2,80.60000000000001
0.0013975584162404812,5.2,14.2,80.60000000000001
0.0014091959746567217,5.2,14.2,80.60000000000001
0.0014208451706313782,5.2,14.2,80.60000000000001
0.0014325060158020093,5.2,14.2,80.60000000000001
0.0014441785218178114,5.2,14.2,80.60000000000001
0.0014558627003396292,5.2,14.2,80.60000000000001
0.0014675585630399687,5.2,14.2,80.60000000000001
0.0014792661216030084,5.2,14.2,80.60000000000001
0.0014909853877246113,5.2,14.2,80.60000000000001
0.0015027163731123358,5.2,14.2,80.60000000000001
0.001514459089485448,5.2,14.2,80.60000000000001
0.0015262135485749333,5.2,14.2,80.60000000000001
0.0015379797621235083,5.2,14.2,80.60000000000001
0.0015497577418856316,5.2,14.2,80.60000000000001
0.0015615474996275172,5.2,14.2,80.60000000000001
0.0015733490471271448,5.2,14.2,80.60000000000001
0.0015851623961742722,5.2,14.2,80.60000000000001
0.0015969875585704464,5.2,14.2,80.60000000000001
0.001608824546129017,5.2,14.2,80.60000000000001
0.0016206733706751462,5.2,14.2,80.60000000000001
0.0016325340440458216,5.2,14.2,80.60000000000001
0.0016444065780898676,5.2,14.2,80.60000000000001
0.0016562909846679576,5.2,14.2,80.60000000000001
0.0016681872756526257,5.2,14.2,80.60000000000001
0.0016800954629282783,5.2,14.2,80.60000000000001
0.0016920155583912068,5.2,14.2,80.60000000000001
0.0017039475739495985,5.2,14.2,80.60000000000001
0.0017158915215235483,5.2,14.2,80.60000000000001
0.0017278474130450721,5.2,14.2,80.60000000000001
0.0017398152604581173,5.2,14.2,80.60000000000001
0.0017517950757185757,5.2,14.2,80.60000000000001
0.0017637868707942948,5.2,14.2,80.60000000000001
0.0017757906576650895,5.2,14.2,80.60000000000001
0.0017878064483227549,5.2,14.2,80.60000000000001
0.0017998342547710783,5.2,14.2,80.60000000000001
0.0018118740890258498,5.2,14.2,80.60000000000001
0.0018239259631148764,5.2,14.2,80.60000000000001
0.001835989889077992,5.2,14.2,80.60000000000001
0.0018480658789670704,5.2,14.2,80.60000000000001
0.0018601539448460382,5.2,14.2,80.60000000000001
0.0018722540987908848,5.2,14.2,80.60000000000001
0.001884366352889676,5.2,14.2,80.60000000000001
0.0018964907192425661,5.2,14.2,80.60000000000001
0.001908627209961809,5.2,14.2,80.60000000000001
0.0019207758371717711,5.2,14.2,80.60000000000001
0.0019329366130089432,5.2,14.2,80.60000000000001
0.0019451095496219525,5.2,14.2,80.60000000000001
0.001957294659171575,5.2,14.2,80.60000000000001
0.001969491953830747,5.2,14.2,80.60000000000001
0.001981701445784578,5.2,14.2,80.60000000000001
0.0019939231472303628,5.2,14.2,80.60000000000001
0.0020061570703775932,5.2,14.2,80.60000000000001
0.002018403227447971,5.2,14.2,80.60000000000001
0.002030661630675419,5.2,14.2,80.60000000000001
0.0020429322923060946,5.2,14.2,80.60000000000001
0.0020552152245984006,5.2,14.2,80.60000000000001
0.0020675104398229995,5.2,14.2,80.60000000000001
0.0020798179502628227,5.2,14.2,80.60000000000001
0.002092137768213086,5.2,14.2,80.60000000000001
0.0021044699059812994,5.2,14.2,80.60000000000001
0.0021168143758872812,5.2,14.2,80.60000000000001
0.002129171190263169,5.2,14.2,80.60000000000001
0.0021415403614534322,5.2,14.2,80.60000000000001
0.0021539219018148863,5.2,14.2,80.60000000000001
0.0021663158237167014,5.2,14.2,80.60000000000001
0.002178722139540419,5.2,14.2,80.60000000000001
0.00219114086167996,5.2,14.2,80.60000000000001
0.0022035720025416405,5.2,14.2,80.60000000000001
0.0022160155745441826,5.2,14.2,80.60000000000001
0.002228471590118727,5.2,14.2,80.60000000000001
0.0022409400617088462,5.2,14.2,80.60000000000001
0.0022534210017705553,5.2,14.2,80.60000000000001
0.002265914422772326,5.2,14.2,80.60000000000001
0.002278420337195099,5.2,14.2,80.60000000000001
0.002290938757532294,5.2,14.2,80.60000000000001
0.002303469696289827,5.2,14.2,80.60000000000001
0.0023160131659861172,5.2,14.2,80.60000000000001
0.002328569179152104,5.2,14.2,80.60000000000001
0.002341137748331257,5.2,14.2,80.60000000000001
0.002353718886079589,5.2,14.2,80.60000000000001
0.0023663126049656693,5.2,14.2,80.60000000000001
0.0023789189175706356,5.2,14.2,80.60000000000001
0.002391537836488207,5.2,14.2,80.60000000000001
0.002404169374324696,5.2,14.2,80.60000000000001
0.002416813543699022,5.2,14.2,80.60000000000001
0.0024294703572427215,5.2,14.2,80.60000000000001
0.0024421398275999654,5.2,14.2,80.60000000000001
0.0024548219674275663,5.2,14.2,80.60000000000001
0.002467516789394995,5.2,14.2,80.60000000000001
0.0024802243061843913,5.2,14.2,80.60000000000001
0.002492944530490577,5.2,14.2,80.60000000000001
0.0025056774750210685,5.2,14.2,80.60000000000001
0.0025184231524960905,5.2,14.2,80.60000000000001
0.0025311815756485874,5.2,14.2,80.60000000000001
0.002543952757224237,5.2,14.2,80.60000000000001
0.0025567367099814616,5.2,14.2,80.60000000000001
0.0025695334466914435,5.2,14.2,80.60000000000001
0.002582342980138135,5.2,14.2,80.60000000000001
0.002595165323118274,5.2,14.2,80.60000000000001
0.0026080004884413924,5.2,14.2,80.60000000000001
0.0026208484889298344,5.2,14.2,80.60000000000001
0.002633709337418764,5.2,14.2,80.60000000000001
0.0026465830467561832,5.2,14.2,80.60000000000001
0.002659469629802939,5.2,14.2,80.60000000000001
0.0026723690994327424,5.2,14.2,80.60000000000001
0.002685281468532175,5.2,14.2,80.60000000000001
0.0026982067500007072,5.2,14.2,80.60000000000001
0.0027111449567507077,5.2,14.2,80.60000000000001
0.002724096101707458,5.2,14.2,80.60000000000001
0.0027370601978091652,5.2,14.2,80.60000000000001
0.0027500372580069746,5.2,14.2,80.60000000000001
0.0027630272952649817,5.2,14.2,80.60000000000001
0.002776030322560247,5.2,14.2,80.60000000000001
0.002789046352882807,5.2,14.2,80.60000000000001
0.0028020753992356903,5.2,14.2,80.60000000000001
0.0028151174746349266,5.2,14.2,80.60000000000001
0.0028281725921095622,5.2,14.2,80.60000000000001
0.002841240764701672,5.2,14.2,80.60000000000001
0.002854322005466374,5.2,14.2,80.60000000000001
0.0028674163274718407,5.2,14.2,80.60000000000001
0.002880523743799313,5.2,14.2,80.60000000000001
0.0028936442675431126,5.2,14.2,80.60000000000001
0.002906777911810656,5.2,14.2,80.60000000000001
0.0029199246897224675,5.2,14.2,80.60000000000001
0.0029330846144121903,5.2,14.2,80.60000000000001
0.002946257699026603,5.2,14.2,80.60000000000001
0.00295944395672563,5.2,14.2,80.60000000000001
0.002972643400682356,5.2,14.2,80.60000000000001
0.0029858560440830387,5.2,14.2,80.60000000000001
0.0029990819001271215,5.2,14.2,80.60000000000001
0.0030123209820272488,5.2,14.2,80.60000000000001
0.003025573303009276,5.2,14.2,80.60000000000001
0.0030388388763122848,5.2,14.2,80.60000000000001
0.0030521177151885967,5.2,14.2,80.60000000000001
0.003065409832903785,5.2,14.2,80.60000000000001
0.0030787152427366885,5.2,14.2,80.60000000000001
0.003092033957979424,5.2,14.2,80.60000000000001
0.0031053659919374034,5.2,14.2,80.60000000000001
0.00311871135792934,5.2,14.2,80.60000000000001
0.0031320700692872685,5.2,14.2,80.60000000000001
0.0031454421393565554,5.2,14.2,80.60000000000001
0.0031588275814959112,5.2,14.2,80.60000000000001
0.0031722264090774067,5.2,14.2,80.60000000000001
0.0031856386354864835,5.2,14.2,80.60000000000001
0.003199064274121969,5.2,14.2,80.60000000000001
0.0032125033383960905,5.2,14.2,80.60000000000001
0.0032259558417344855,5.2,14.2,80.60000000000001
0.0032394217975762196,5.2,14.2,80.60000000000001
0.003252901219373795,5.2,14.2,80.60000000000001
0.003266394120593168,5.2,14.2,80.60000000000001
0.003279900514713761,5.2,14.2,80.60000000000001
0.003293420415228474,5.2,14.2,80.60000000000001
0.003306953835643702,5.2,14.2,80.60000000000001
0.0033205007894793453,5.2,14.2,80.60000000000001
0.0033340612902688247,5.2,14.2,80.60000000000001
0.0033476353515590933,5.2,14.2,80.60000000000001
0.003361222986910652,5.2,14.2,80.60000000000001
0.0033748242098975627,5.2,14.2,80.60000000000001
0.00338843903410746,5.2,14.2,80.60000000000001
0.003402067473141567,5.2,14.2,80.60000000000001
0.0034157095406147082,5.2,14.2,80.60000000000001
0.003429365250155323,5.2,14.2,80.60000000000001
0.0034430346154054776,5.2,14.2,80.60000000000001
0.003456717650020883,5.2,14.2,80.60000000000001
0.0034704143676709035,5.2,14.2,80.60000000000001
0.0034841247820385736,5.2,14.2,80.60000000000001
0.0034978489068206117,5.2,14.2,80.60000000000001
0.0035115867557274317,5.2,14.2,80.60000000000001
0.003525338342483159,5.2,14.2,80.60000000000001
0.003539103680825641,5.2,14.2,80.60000000000001
0.003552882784506466,5.2,14.2,80.60000000000001
0.0035666756672909717,5.2,14.2,80.60000000000001
0.003580482342958262,5.2,14.2,80.60000000000001
0.0035943028253012195,5.2,14.2,80.60000000000001
0.00360813712812652,5.2,14.2,80.60000000000001
0.0036219852652546454,5.2,14.2,80.60000000000001
0.0036358472505198993,5.2,14.2,80.60000000000001
0.0036497230977704177,5.2,14.2,80.60000000000001
0.0036636128208681873,5.2,14.2,80.60000000000001
0.0036775164336890543,5.2,14.2,80.60000000000001
0.0036914339501227422,5.2,14.2,80.60000000000001
0.0037053653840728638,5.2,14.2,80.60000000000001
0.0037193107494569357,5.2,14.2,80.60000000000001
0.0037332700602063914,5.2,14.2,80.60000000000001
0.0037472433302665966,5.2,14.2,80.60000000000001
0.0037612305735968614,5.2,14.2,80.60000000000001
0.003775231804170457,5.2,14.2,80.60000000000001
0.003789247035974626,5.2,14.2,80.60000000000001
0.0038032762830105993,5.2,14.2,80.60000000000001
0.003817319559293609,5.2,14.2,80.60000000000001
0.003831376878852901,5.2,14.2,80.60000000000001
0.003845448255731753,5.2,14.2,80.60000000000001
0.003859533703987484,5.2,14.2,80.60000000000001
0.0038736332376914703,5.2,14.2,80.60000000000001
0.003887746870929161,5.2,14.2,80.60000000000001
0.003901874617800089,5.2,14.2,80.60000000000001
0.003916016492417889,5.2,14.2,80.60000000000001
0.003930172508910306,5.2,14.2,80.60000000000001
0.003944342681419216,5.2,14.2,80.60000000000001
0.0039585270241006346,5.2,14.2,80.60000000000001
0.003972725551124735,5.2,14.2,80.60000000000001
0.00398693827667586,5.2,14.2,80.60000000000001
0.004001165214952536,5.2,14.2,80.60000000000001
0.004015406380167489,5.2,14.2,80.60000000000001
0.004029661786547656,5.2,14.2,80.60000000000001
0.004043931448334204,5.2,14.2,80.60000000000001
0.004058215379782538,5.2,14.2,80.60000000000001
0.004072513595162321,5.2,14.2,80.60000000000001
0.004086826108757484,5.2,14.2,80.60000000000001
0.004101152934866241,5.2,14.2,80.60000000000001
0.0041154940878011075,5.2,14.2,80.60000000000001
0.004129849581888908,5.2,14.2,80.60000000000001
0.004144219431470797,5.2,14.2,80.60000000000001
0.004158603650902268,5.2,14.2,80.60000000000001
0.00417300225455317,5.2,14.2,80.60000000000001
0.004187415256807723,5.2,14.2,80.60000000000001
0.004201842672064531,5.2,14.2,80.60000000000001
0.004216284514736595,5.2,14.2,80.60000000000001
0.004230740799251331,5.2,14.2,80.60000000000001
0.004245211540050583,5.2,14.2,80.60000000000001
0.004259696751590633,5.2,14.2,80.60000000000001
0.004274196448342223,5.2,14.2,80.60000000000001
0.004288710644790565,5.2,14.2,80.60000000000001
0.004303239355435354,5.2,14.2,80.60000000000001
0.004317782594790789,5.2,14.2,80.60000000000001
0.004332340377385579,5.2,14.2,80.60000000000001
0.004346912717762964,5.2,14.2,80.60000000000001
0.004361499630480726,5.2,14.2,80.60000000000001
0.004376101130111207,5.2,14.2,80.60000000000001
0.004390717231241317,5.2,14.2,80.60000000000001
0.004405347948472558,5.2,14.2,80.60000000000001
0.004419993296421029,5.2,14.2,80.60000000000001
0.00443465328971745,5.2,14.2,80.60000000000001
0.0044493279430071675,5.2,14.2,80.60000000000001
0.0044640172709501744,5.2,14.2,80.60000000000001
0.004478721288221124,5.2,14.2,80.60000000000001
0.004493440009509344,5.2,14.2,80.60000000000001
0.004508173449518853,5.2,14.2,80.60000000000001
0.004522921622968372,5.2,14.2,80.60000000000001
0.004537684544591341,5.2,14.2,80.60000000000001
0.004552462229135933,5.2,14.2,80.60000000000001
0.004567254691365069,5.2,14.2,80.60000000000001
0.004582061946056435,5.2,14.2,80.60000000000001
0.004596884008002492,5.2,14.2,80.60000000000001
0.004611720892010495,5.2,14.2,80.60000000000001
0.0046265726129025055,5.2,14.2,80.60000000000001
0.004641439185515408,5.2,14.2,80.60000000000001
0.004656320624700925,5.2,14.2,80.60000000000001
0.004671216945325626,5.2,14.2,80.60000000000001
0.004686128162270951,5.2,14.2,80.60000000000001
0.004701054290433223,5.2,14.2,80.60000000000001
0.0047159953447236565,5.2,14.2,80.60000000000001
0.00473095134006838,5.2,14.2,80.60000000000001
0.004745922291408449,5.2,14.2,80.60000000000001
0.004760908213699858,5.2,14.2,80.60000000000001
0.004775909121913558,5.2,14.2,80.60000000000001
0.004790925031035472,5.2,14.2,80.60000000000001
0.004805955956066507,5.2,14.2,80.60000000000001
0.004821001912022574,5.2,14.2,80.60000000000001
0.004836062913934596,5.2,14.2,80.60000000000001
0.00485113897684853,5.2,14.2,80.60000000000001
0.004866230115825378,5.2,14.2,80.60000000000001
0.004881336345941203,5.2,14.2,80.60000000000001
0.0048964576822871425,5.2,14.2,80.60000000000001
0.0049115941399694284,5.2,14.2,80.60000000000001
0.004926745734109397,5.2,14.2,80.60000000000001
0.004941912479843506,5.2,14.2,80.60000000000001
0.004957094392323349,5.2,14.2,80.60000000000001
0.0049722914867156714,5.2,14.2,80.60000000000001
0.004987503778202386,5.2,14.2,80.60000000000001
0.005002731281980589,5.2,14.2,80.60000000000001
0.005017974013262569,5.2,14.2,80.60000000000001
0.0050332319872758305,5.2,14.2,80.60000000000001
0.005048505219263106,5.2,14.2,80.60000000000001
0.005063793724482368,5.2,14.2,80.60000000000001
0.005079097518206849,5.2,14.2,80.60000000000001
0.005094416615725055,5.2,14.2,80.60000000000001
0.005109751032340779,5.2,14.2,80.60000000000001
0.0051251007833731195,5.2,14.2,80.60000000000001
0.005140465884156492,5.2,14.2,80.60000000000001
0.005155846350040648,5.2,14.2,80.60000000000001
0.005171242196390689,5.2,14.2,80.60000000000001
0.00518665343858708,5.2,14.2,80.60000000000001
0.005202080092025667,5.2,14.2,80.60000000000001
0.005217522172117693,5.2,14.2,80.60000000000001
0.00523297969428981,5.2,14.2,80.60000000000001
0.005248452673984099,5.2,14.2,80.60000000000001
0.005263941126658083,5.2,14.2,80.60000000000001
0.005279445067784739,5.2,14.2,80.60000000000001
0.005294964512852523,5.2,14.2,80.60000000000001
0.005310499477365374,5.2,14.2,80.60000000000001
0.005326049976842737,5.2,14.2,80.60000000000001
0.005341616026819579,5.2,14.2,80.60000000000001
0.005357197642846397,5.2,14.2,80.60000000000001
0.005372794840489243,5.2,14.2,80.60000000000001
0.005388407635329731,5.2,14.2,80.60000000000001
0.0054040360429650595,5.2,14.2,80.60000000000001
0.005419680079008025,5.2,14.2,80.60000000000001
0.005435339759087032,5.2,14.2,80.60000000000001
0.005451015098846119,5.2,14.2,80.60000000000001
0.005466706113944965,5.2,14.2,80.60000000000001
0.0054824128200589095,5.2,14.2,80.60000000000001
0.005498135232878967,5.2,14.2,80.60000000000001
0.005513873368111845,5.2,14.2,80.60000000000001
0.005529627241479955,5.2,14.2,80.60000000000001
0.005545396868721433,5.2,14.2,80.60000000000001
0.005561182265590153,5.2,14.2,80.60000000000001
0.005576983447855742,5.2,14.2,80.60000000000001
0.005592800431303596,5.2,14.2,80.60000000000001
0.005608633231734899,5.2,14.2,80.60000000000001
0.005624481864966633,5.2,14.2,80.60000000000001
0.005640346346831598,5.2,14.2,80.60000000000001
0.005656226693178428,5.2,14.2,80.60000000000001
0.005672122919871605,5.2,14.2,80.60000000000001
0.0056880350427914745,5.2,14.2,80.60000000000001
0.0057039630778342645,5.2,14.2,80.60000000000001
0.005719907040912098,5.2,14.2,80.60000000000001
0.005735866947953009,5.2,14.2,80.60000000000001
0.005751842814900962,5.2,14.2,80.60000000000001
0.005767834657715863,5.2,14.2,80.60000000000001
0.0057838424923735785,5.2,14.2,80.60000000000001
0.0057998663348659526,5.2,14.2,80.60000000000001
0.005815906201200818,5.2,14.2,80.60000000000001
0.005831962107402018,5.2,14.2,80.60000000000001
0.00584803406950942,5.2,14.2,80.60000000000001
0.00586412210357893,5.2,14.2,80.60000000000001
0.00588022622568251,5.2,14.2,80.60000000000001
0.005896346451908193,5.2,14.2,80.60000000000001
0.005912482798360102,5.2,14.2,80.60000000000001
0.005928635281158463,5.2,14.2,80.60000000000001
0.005944803916439621,5.2,14.2,80.60000000000001
0.005960988720356061,5.2,14.2,80.60000000000001
0.005977189709076417,5.2,14.2,80.60000000000001
0.005993406898785494,5.2,14.2,80.60000000000001
0.00600964030568428,5.2,14.2,80.60000000000001
0.006025889945989965,5.2,14.2,80.60000000000001
0.0060421558359359554,5.2,14.2,80.60000000000001
0.006058437991771892,5.2,14.2,80.60000000000001
0.006074736429763664,5.2,14.2,80.60000000000001
0.006091051166193428,5.2,14.2,80.60000000000001
0.006107382217359622,5.2,14.2,80.60000000000001
0.006123729599576982,5.2,14.2,80.60000000000001
0.006140093329176559,5.2,14.2,80.60000000000001
0.006156473422505737,5.2,14.2,80.60000000000001
0.006172869895928244,5.2,14.2,80.60000000000001
0.006189282765824173,5.2,14.2,80.60000000000001
0.006205712048589998,5.2,14.2,80.60000000000001
0.0062221577606385884,5.2,14.2,80.60000000000001
0.006238619918399227,5.2,14.2,80.60000000000001
0.006255098538317627,5.2,14.2,80.60000000000001
0.006271593636855945,5.2,14.2,80.60000000000001
0.0062881052304928015,5.2,14.2,80.60000000000001
0.006304633335723295,5.2,14.2,80.60000000000001
0.006321177969059019,5.2,14.2,80.60000000000001
0.006337739147028078,5.2,14.2,80.60000000000001
0.006354316886175106,5.2,14.2,80.60000000000001
0.00637091120306128,5.2,14.2,80.60000000000001
0.0063875221142643416,5.2,14.2,80.60000000000001
0.006404149636378606,5.2,14.2,80.60000000000001
0.006420793786014984,5.2,14.2,80.60000000000001
0.006437454579801,5.2,14.2,80.60000000000001
0.006454132034380801,5.2,14.2,80.60000000000001
0.006470826166415182,5.2,14.2,80.60000000000001
0.006487536992581596,5.2,14.2,80.60000000000001
0.006504264529574179,5.2,14.2,80.60000000000001
0.006521008794103752,5.2,14.2,80.60000000000001
0.006537769802897856,5.2,14.2,80.60000000000001
0.006554547572700755,5.2,14.2,80.60000000000001
0.006571342120273455,5.2,14.2,80.60000000000001
0.006588153462393729,5.2,14.2,80.60000000000001
0.006604981615856122,5.2,14.2,80.60000000000001
0.006621826597471978,5.2,14.2,80.60000000000001
0.00663868842406945,5.2,14.2,80.60000000000001
0.006655567112493519,5.2,14.2,80.60000000000001
0.0066724626796060135,5.2,14.2,80.60000000000001
0.006689375142285619,5.2,14.2,80.60000000000001
0.006706304517427905,5.2,14.2,80.60000000000001
0.006723250821945333,5.2,14.2,80.60000000000001
0.006740214072767279,5.2,14.2,80.60000000000001
0.006757194286840046,5.2,14.2,80.60000000000001
0.0067741914811268854,5.2,14.2,80.60000000000001
0.0067912056726080125,5.2,14.2,80.60000000000001
0.006808236878280621,5.2,14.2,80.60000000000001
0.006825285115158901,5.2,14.2,80.60000000000001
0.006842350400274059,5.2,14.2,80.60000000000001
0.006859432750674333,5.2,14.2,80.60000000000001
0.006876532183425007,5.2,14.2,80.60000000000001
0.0068936487156084315,5.2,14.2,80.60000000000001
0.00691078236432404,5.2,14.2,80.60000000000001
0.0069279331466883635,5.2,14.2,80.60000000000001
0.006945101079835052,5.2,14.2,80.60000000000001
0.006962286180914886,5.2,14.2,80.60000000000001
0.0069794884670958,5.2,14.2,80.60000000000001
0.006996707955562895,5.2,14.2,80.60000000000001
0.0070139446635184574,5.2,14.2,80.60000000000001
0.007031198608181975,5.2,14.2,80.60000000000001
0.007048469806790155,5.2,14.2,80.60000000000001
0.007065758276596945,5.2,14.2,80.60000000000001
0.007083064034873541,5.2,14.2,80.60000000000001
0.007100387098908412,5.2,14.2,80.60000000000001
0.007117727486007319,5.2,14.2,80.60000000000001
0.007135085213493326,5.2,14.2,80.60000000000001
0.007152460298706817,5.2,14.2,80.60000000000001
0.0071698527590055225,5.2,14.2,80.60000000000001
0.007187262611764527,5.2,14.2,80.60000000000001
0.007204689874376291,5.2,14.2,80.60000000000001
0.007222134564250666,5.2,14.2,80.60000000000001
0.007239596698814916,5.2,14.2,80.60000000000001
0.00725707629551373,5.2,14.2,80.60000000000001
0.007274573371809243,5.2,14.2,80.60000000000001
0.00729208794518105,5.2,14.2,80.60000000000001
0.007309620033126229,5.2,14.2,80.60000000000001
0.007327169653159354,5.2,14.2,80.60000000000001
0.007344736822812513,5.2,14.2,80.60000000000001
0.007362321559635323,5.2,14.2,80.60000000000001
0.0073799238811949565,5.2,14.2,80.60000000000001
0.00739754380507615,5.2,14.2,80.60000000000001
0.007415181348881225,5.2,14.2,80.60000000000001
0.007432836530230105,5.2,14.2,80.60000000000001
0.007450509366760333,5.2,14.2,80.60000000000001
0.007468199876127092,5.2,14.2,80.60000000000001
0.007485908076003217,5.2,14.2,80.60000000000001
0.007503633984079219,5.2,14.2,80.60000000000001
0.007521377618063296,5.2,14.2,80.60000000000001
0.007539138995681358,5.2,14.2,80.60000000000001
0.007556918134677037,5.2,14.2,80.60000000000001
0.0075747150528117126,5.2,14.2,80.60000000000001
0.007592529767864523,5.2,14.2,80.60000000000001
0.007610362297632386,5.2,14.2,80.60000000000001
0.0076282126599300165,5.2,14.2,80.60000000000001
0.007646080872589945,5.2,14.2,80.60000000000001
0.007663966953462534,5.2,14.2,80.60000000000001
0.007681870920415994,5.2,14.2,80.60000000000001
0.007699792791336408,5.2,14.2,80.60000000000001
0.007717732584127743,5.2,14.2,80.60000000000001
0.007735690316711869,5.2,14.2,80.60000000000001
0.007753666007028579,5.2,14.2,80.60000000000001
0.007771659673035606,5.2,14.2,80.60000000000001
0.00778967133270864,5.2,14.2,80.60000000000001
0.007807701004041347,5.2,14.2,80.60000000000001
0.007825748705045387,5.2,14.2,80.60000000000001
0.00784381445375043,5.2,14.2,80.60000000000001
0.00786189826820418,5.2,14.2,80.60000000000001
0.007880000166472383,5.2,14.2,80.60000000000001
0.007898120166638854,5.2,14.2,80.60000000000001
0.007916258286805491,5.2,14.2,80.60000000000001
0.007934414545092293,5.2,14.2,80.60000000000001
0.007952588959637383,5.2,14.2,80.60000000000001
0.007970781548597018,5.2,14.2,80.60000000000001
0.007988992330145613,5.2,14.2,80.60000000000001
0.008007221322475755,5.2,14.2,80.60000000000001
0.008025468543798228,5.2,14.2,80.60000000000001
0.008043734012342022,5.2,14.2,80.60000000000001
0.008062017746354361,5.2,14.2,80.60000000000001
0.008080319764100712,5.2,14.2,80.60000000000001
0.00809864008386481,5.2,14.2,80.60000000000001
0.00811697872394867,5.2,14.2,80.60000000000001
0.008135335702672617,5.2,14.2,80.60000000000001
0.008153711038375287,5.2,14.2,80.60000000000001
0.008172104749413659,5.2,14.2,80.60000000000001
0.008190516854163069,5.2,14.2,80.60000000000001
0.008208947371017229,5.2,14.2,80.60000000000001
0.008227396318388243,5.2,14.2,80.60000000000001
0.008245863714706628,5.2,14.2,80.60000000000001
0.00826434957842133,5.2,14.2,80.60000000000001
0.00828285392799975,5.2,14.2,80.60000000000001
0.008301376781927746,5.2,14.2,80.60000000000001
0.008319918158709671,5.2,14.2,80.60000000000001
0.008338478076868378,5.2,14.2,80.60000000000001
0.008357056554945242,5.2,14.2,80.60000000000001
0.008375653611500184,5.2,14.2,80.60000000000001
0.00839426926511168,5.2,14.2,80.60000000000001
0.008412903534376787,5.2,14.2,80.60000000000001
0.00843155643791116,5.2,14.2,80.60000000000001
0.008450227994349066,5.2,14.2,80.60000000000001
0.008468918222343412,5.2,14.2,80.60000000000001
0.008487627140565753,5.2,14.2,80.60000000000001
0.008506354767706314,5.2,14.2,80.60000000000001
0.008525101122474017,5.2,14.2,80.60000000000001
0.008543866223596487,5.2,14.2,80.60000000000001
0.008562650089820082,5.2,14.2,80.60000000000001
0.008581452739909897,5.2,14.2,80.60000000000001
0.008600274192649804,5.2,14.2,80.60000000000001
0.00861911446684245,5.2,14.2,80.60000000000001
0.008637973581309289,5.2,14.2,80.60000000000001
0.008656851554890595,5.2,14.2,80.60000000000001
0.008675748406445484,5.2,14.2,80.60000000000001
0.008694664154851926,5.2,14.2,80.60000000000001
0.008713598819006775,5.2,14.2,80.60000000000001
0.008732552417825779,5.2,14.2,80.60000000000001
0.0087515249702436,5.2,14.2,80.60000000000001
0.008770516495213843,5.2,14.2,80.60000000000001
0.008789527011709052,5.2,14.2,80.60000000000001
0.00880855653872076,5.2,14.2,80.60000000000001
0.008827605095259476,5.2,14.2,80.60000000000001
0.008846672700354732,5.2,14.2,80.60000000000001
0.008865759373055084,5.2,14.2,80.60000000000001
0.008884865132428137,5.2,14.2,80.60000000000001
0.008903989997560561,5.2,14.2,80.60000000000001
0.008923133987558117,5.2,14.2,80.60000000000001
0.008942297121545671,5.2,14.2,80.60000000000001
0.008961479418667212,5.2,14.2,80.60000000000001
0.008980680898085876,5.2,14.2,80.60000000000001
0.008999901578983957,5.2,14.2,80.60000000000001
0.009019141480562938,5.2,14.2,80.60000000000001
0.009038400622043499,5.2,14.2,80.60000000000001
0.009057679022665537,5.2,14.2,80.60000000000001
0.009076976701688198,5.2,14.2,80.60000000000001
0.009096293678389883,5.2,14.2,80.60000000000001
0.009115629972068268,5.2,14.2,80.60000000000001
0.00913498560204033,5.2,14.2,80.60000000000001
0.009154360587642366,5.2,14.2,80.60000000000001
0.009173754948230004,5.2,14.2,80.60000000000001
0.009193168703178227,5.2,14.2,80.60000000000001
0.0092126018718814,5.2,14.2,80.60000000000001
0.009232054473753274,5.2,14.2,80.60000000000001
0.009251526528227022,5.2,14.2,80.60000000000001
0.009271018054755243,5.2,14.2,80.60000000000001
0.009290529072809993,5.2,14.2,80.60000000000001
0.009310059601882796,5.2,14.2,80.60000000000001
0.009329609661484675,5.2,14.2,80.60000000000001
0.009349179271146155,5.2,14.2,80.60000000000001
0.009368768450417297,5.2,14.2,80.60000000000001
0.009388377218867709,5.2,14.2,80.60000000000001
0.009408005596086571,5.2,14.2,80.60000000000001
0.009427653601682653,5.2,14.2,80.60000000000001
0.00944732125528433,5.2,14.2,80.60000000000001
0.00946700857653961,5.2,14.2,80.60000000000001
0.009486715585116145,5.2,14.2,80.60000000000001
0.009506442300701254,5.2,14.2,80.60000000000001
0.00952618874300195,5.2,14.2,80.60000000000001
0.009545954931744946,5.2,14.2,80.60000000000001
0.009565740886676687,5.2,14.2,80.60000000000001
0.009585546627563356,5.2,14.2,80.60000000000001
0.009605372174190913,5.2,14.2,80.60000000000001
0.009625217546365097,5.2,14.2,80.60000000000001
0.009645082763911456,5.2,14.2,80.60000000000001
0.00966496784667536,5.2,14.2,80.60000000000001
0.009684872814522029,5.2,14.2,80.60000000000001
0.009704797687336543,5.2,14.2,80.60000000000001
0.009724742485023873,5.2,14.2,80.60000000000001
0.00974470722750889,5.2,14.2,80.60000000000001
0.009764691934736393,5.2,14.2,80.60000000000001
0.009784696626671124,5.2,14.2,80.60000000000001
0.00980472132329779,5.2,14.2,80.60000000000001
0.009824766044621083,5.2,14.2,80.60000000000001
0.0098448308106657,5.2,14.2,80.60000000000001
0.009864915641476362,5.2,14.2,80.60000000000001
0.009885020557117832,5.2,14.2,80.60000000000001
0.009905145577674947,5.2,14.2,80.60000000000001
0.009925290723252617,5.2,14.2,80.60000000000001
0.009945456013975866,5.2,14.2,80.60000000000001
0.009965641469989838,5.2,14.2,80.60000000000001
0.009985847111459825,5.2,14.2,80.60000000000001
0.010006072958571281,5.2,14.2,80.60000000000001
0.010026319031529849,5.2,14.2,80.60000000000001
0.010046585350561374,5.2,14.2,80.60000000000001
0.010066871935911931,5.2,14.2,80.60000000000001
0.010087178807847838,5.2,14.2,80.60000000000001
0.010107505986655678,5.2,14.2,80.60000000000001
0.010127853492642329,5.2,14.2,80.60000000000001
0.010148221346134967,5.2,14.2,80.60000000000001
0.010168609567481095,5.2,14.2,80.60000000000001
0.01018901817704857,5.2,14.2,80.60000000000001
0.010209447195225612,5.2,14.2,80.60000000000001
0.01022989664242083,5.2,14.2,80.60000000000001
0.010250366539063242,5.2,14.2,80.60000000000001
0.010270856905602298,5.2,14.2,80.60000000000001
0.010291367762507893,5.2,14.2,80.60000000000001
0.010311899130270393,5.2,14.2,80.60000000000001
0.010332451029400657,5.2,14.2,80.60000000000001
0.01035302348043005,5.2,14.2,80.60000000000001
0.010373616503910471,5.2,14.2,80.60000000000001
0.010394230120414374,5.2,14.2,80.60000000000001
0.010414864350534781,5.2,14.2,80.60000000000001
0.010435519214885308,5.2,14.2,80.60000000000001
0.010456194734100189,5.2,14.2,80.60000000000001
0.010476890928834283,5.2,14.2,80.60000000000001
0.01049760781976311,5.2,14.2,80.60000000000001
0.010518345427582867,5.2,14.2,80.60000000000001
0.010539103773010443,5.2,14.2,80.60000000000001
0.010559882876783446,5.2,14.2,80.60000000000001
0.010580682759660223,5.2,14.2,80.60000000000001
0.010601503442419875,5.2,14.2,80.60000000000001
0.010622344945862288,5.2,14.2,80.60000000000001
0.010643207290808145,5.2,14.2,80.60000000000001
0.010664090498098947,5.2,14.2,80.60000000000001
0.010684994588597037,5.2,14.2,80.60000000000001
0.010705919583185628,5.2,14.2,80.60000000000001
0.010726865502768806,5.2,14.2,80.60000000000001
0.010747832368271567,5.2,14.2,80.60000000000001
0.01076882020063983,5.2,14.2,80.60000000000001
0.01078982902084046,5.2,14.2,80.60000000000001
0.010810858849861292,5.2,14.2,80.60000000000001
0.010831909708711146,5.2,14.2,80.60000000000001
0.010852981618419848,5.2,14.2,80.60000000000001
0.01087407460003826,5.2,14.2,80.60000000000001
0.01089518867463829,5.2,14.2,80.60000000000001
0.01091632386331292,5.2,14.2,80.60000000000001
0.010937480187176224,5.2,14.2,80.60000000000001
0.01095865766736339,5.2,14.2,80.60000000000001
0.010979856325030745,5.2,14.2,80.60000000000001
0.011001076181355766,5.2,14.2,80.60000000000001
0.011022317257537113,5.2,14.2,80.60000000000001
0.01104357957479464,5.2,14.2,80.60000000000001
0.011064863154369426,5.2,14.2,80.60000000000001
0.011086168017523787,5.2,14.2,80.60000000000001
0.0111074941855413,5.2,14.2,80.60000000000001
0.011128841679726833,5.2,14.2,80.60000000000001
0.011150210521406549,5.2,14.2,80.60000000000001
0.011171600731927946,5.2,14.2,80.60000000000001
0.011193012332659864,5.2,14.2,80.60000000000001
0.011214445344992514,5.2,14.2,80.60000000000001
0.011235899790337496,5.2,14.2,80.60000000000001
0.011257375690127823,5.2,14.2,80.60000000000001
0.01127887306581794,5.2,14.2,80.60000000000001
0.011300391938883748,5.2,14.2,80.60000000000001
0.01132193233082262,5.2,14.2,80.60000000000001
0.011343494263153434,5.2,14.2,80.60000000000001
0.011365077757416577,5.2,14.2,80.60000000000001
0.011386682835173982,5.2,14.2,80.60000000000001
0.011408309518009146,5.2,14.2,80.60000000000001
0.011429957827527143,5.2,14.2,80.60000000000001
0.011451627785354657,5.2,14.2,80.60000000000001
0.01147331941314,5.2,14.2,80.60000000000001
0.011495032732553128,5.2,14.2,80.60000000000001
0.011516767765285669,5.2,14.2,80.60000000000001
0.011538524533050942,5.2,14.2,80.60000000000001
0.01156030305758398,5.2,14.2,80.60000000000001
0.011582103360641551,5.2,14.2,80.60000000000001
0.01160392546400218,5.2,14.2,80.60000000000001
0.011625769389466169,5.2,14.2,80.60000000000001
0.011647635158855621,5.2,14.2,80.60000000000001
0.011669522794014462,5.2,14.2,80.60000000000001
0.011691432316808461,5.2,14.2,80.60000000000001
0.011713363749125258,5.2,14.2,80.60000000000001
0.011735317112874368,5.2,14.2,80.60000000000001
0.011757292429987229,5.2,14.2,80.60000000000001
0.011779289722417203,5.2,14.2,80.60000000000001
0.011801309012139606,5.2,14.2,80.60000000000001
0.011823350321151734,5.2,14.2,80.60000000000001
0.011845413671472871,5.2,14.2,80.60000000000001
0.011867499085144333,5.2,14.2,80.60000000000001
0.011889606584229464,5.2,14.2,80.60000000000001
0.01191173619081368,5.2,14.2,80.60000000000001
0.01193388792700448,5.2,14.2,80.60000000000001
0.011956061814931472,5.2,14.2,80.60000000000001
0.01197825787674639,5.2,14.2,80.60000000000001
0.012000476134623121,5.2,14.2,80.60000000000001
0.01202271661075773,5.2,14.2,80.60000000000001
0.012044979327368473,5.2,14.2,80.60000000000001
0.012067264306695828,5.2,14.2,80.60000000000001
0.01208957157100251,5.2,14.2,80.60000000000001
0.012111901142573496,5.2,14.2,80.60000000000001
0.012134253043716054,5.2,14.2,80.60000000000001
0.012156627296759755,5.2,14.2,80.60000000000001
0.0121790239240565,5.2,14.2,80.60000000000001
0.012201442947980541,5.2,14.2,80.60000000000001
0.012223884390928504,5.2,14.2,80.60000000000001
0.012246348275319417,5.2,14.2,80.60000000000001
0.012268834623594719,5.2,14.2,80.60000000000001
0.012291343458218296,5.2,14.2,80.60000000000001
0.012313874801676498,5.2,14.2,80.60000000000001
0.012336428676478158,5.2,14.2,80.60000000000001
0.012359005105154619,5.2,14.2,80.60000000000001
0.012381604110259757,5.2,14.2,80.60000000000001
0.01240422571437,5.2,14.2,80.60000000000001
0.012426869940084352,5.2,14.2,80.60000000000001
0.01244953681002442,5.2,14.2,80.60000000000001
0.012472226346834427,5.2,14.2,80.60000000000001
0.012494938573181243,5.2,14.2,80.60000000000001
0.012517673511754406,5.2,14.2,80.60000000000001
0.012540431185266144,5.2,14.2,80.60000000000001
0.012563211616451393,5.2,14.2,80.60000000000001
0.012586014828067827,5.2,14.2,80.60000000000001
0.012608840842895878,5.2,14.2,80.60000000000001
0.012631689683738758,5.2,14.2,80.60000000000001
0.01265456137342248,5.2,14.2,80.60000000000001
0.012677455934795885,5.2,14.2,80.60000000000001
0.012700373390730664,5.2,14.2,80.60000000000001
0.012723313764121379,5.2,14.2,80.60000000000001
0.012746277077885483,5.2,14.2,80.60000000000001
0.012769263354963355,5.2,14.2,80.60000000000001
0.012792272618318303,5.2,14.2,80.60000000000001
0.012815304890936607,5.2,14.2,80.60000000000001
0.01283836019582753,5.2,14.2,80.60000000000001
0.012861438556023341,5.2,14.2,80.60000000000001
0.012884539994579352,5.2,14.2,80.60000000000001
0.012907664534573917,5.2,14.2,80.60000000000001
0.01293081219910848,5.2,14.2,80.60000000000001
0.012953983011307573,5.2,14.2,80.60000000000001
0.012977176994318867,5.2,14.2,80.60000000000001
0.01300039417131317,5.2,14.2,80.60000000000001
0.01302363456548447,5.2,14.2,80.60000000000001
0.01304689820004994,5.2,14.2,80.60000000000001
0.013070185098249977,5.2,14.2,80.60000000000001
0.013093495283348215,5.2,14.2,80.60000000000001
0.013116828778631549,5.2,14.2,80.60000000000001
0.01314018560741017,5.2,14.2,80.60000000000001
0.013163565793017567,5.2,14.2,80.60000000000001
0.013186969358810573,5.2,14.2,80.60000000000001
0.013210396328169373,5.2,14.2,80.60000000000001
0.013233846724497532,5.2,14.2,80.60000000000001
0.013257320571222019,5.2,14.2,80.60000000000001
0.01328081789179323,5.2,14.2,80.60000000000001
0.013304338709685011,5.2,14.2,80.60000000000001
0.013327883048394686,5.2,14.2,80.60000000000001
0.01335145093144307,5.2,14.2,80.60000000000001
0.013375042382374502,5.2,14.2,80.60000000000001
0.013398657424756866,5.2,14.2,80.60000000000001
0.013422296082181614,5.2,14.2,80.60000000000001
0.013445958378263786,5.2,14.2,80.60000000000001
0.01346964433664204,5.2,14.2,80.60000000000001
0.013493353980978673,5.2,14.2,80.60000000000001
0.013517087334959642,5.2,14.2,80.60000000000001
0.013540844422294591,5.2,14.2,80.60000000000001
0.013564625266716875,5.2,14.2,80.60000000000001
0.013588429891983582,5.2,14.2,80.60000000000001
0.013612258321875556,5.2,14.2,80.60000000000001
0.013636110580197423,5.2,14.2,80.60000000000001
0.013659986690777611,5.2,14.2,80.60000000000001
0.01368388667746838,5.2,14.2,80.60000000000001
0.013707810564145837,5.2,14.2,80.60000000000001
0.013731758374709975,5.2,14.2,80.60000000000001
0.013755730133084674,5.2,14.2,80.60000000000001
0.013779725863217749,5.2,14.2,80.60000000000001
0.013803745589080957,5.2,14.2,80.60000000000001
0.013827789334670028,5.2,14.2,80.60000000000001
0.013851857124004685,5.2,14.2,80.60000000000001
0.013875948981128677,5.2,14.2,80.60000000000001
0.013900064930109795,5.2,14.2,80.60000000000001
0.013924204995039892,5.2,14.2,80.60000000000001
0.013948369200034918,5.2,14.2,80.60000000000001
0.01397255756923494,5.2,14.2,80.60000000000001
0.013996770126804163,5.2,14.2,80.60000000000001
0.014021006896930954,5.2,14.2,80.60000000000001
0.014045267903827872,5.2,14.2,80.60000000000001
0.014069553171731686,5.2,14.2,80.60000000000001
0.014093862724903405,5.2,14.2,80.60000000000001
0.014118196587628296,5.2,14.2,80.60000000000001
0.014142554784215913,5.2,14.2,80.60000000000001
0.014166937339000115,5.2,14.2,80.60000000000001
0.014191344276339104,5.2,14.2,80.60000000000001
0.01421577562061543,5.2,14.2,80.60000000000001
0.014240231396236033,5.2,14.2,80.60000000000001
0.014264711627632255,5.2,14.2,80.60000000000001
0.014289216339259874,5.2,14.2,80.60000000000001
0.014313745555599122,5.2,14.2,80.60000000000001
0.014338299301154706,5.2,14.2,80.60000000000001
0.014362877600455846,5.2,14.2,80.60000000000001
0.014387480478056288,5.2,14.2,80.60000000000001
0.01441210795853433,5.2,14.2,80.60000000000001
0.01443676006649285,5.2,14.2,80.60000000000001
0.014461436826559327,5.2,14.2,80.60000000000001
0.01448613826338587,5.2,14.2,80.60000000000001
0.01451086440164924,5.2,14.2,80.60000000000001
0.014535615266050874,5.2,14.2,80.60000000000001
0.01456039088131691,5.2,14.2,80.60000000000001
0.014585191272198211,5.2,14.2,80.60000000000001
0.014610016463470392,5.2,14.2,80.60000000000001
0.015037957381891533,5.2,14.2,80.60000000000001
0.015479182812389752,5.2,14.2,80.60000000000001
0.015946657241070236,5.2,14.2,80.60000000000001
0.016442379784637237,5.2,14.2,80.60000000000001
0.0169689488179303,5.2,14.2,80.60000000000001
0.017529274586444484,5.2,14.2,80.60000000000001
0.018126639711428336,5.2,14.2,80.60000000000001
0.018764759521554403,5.2,14.2,80.60000000000001
0.01944785480436616,5.2,14.2,80.60000000000001
0.020180739557917084,5.2,14.2,80.60000000000001
0.02096892745455304,5.2,14.2,80.60000000000001
0.021818761793214025,5.2,14.2,80.60000000000001
0.022737575147102236,5.2,14.2,80.60000000000001
0.023733886843372735,5.2,14.2,80.60000000000001
0.024817649033191364,5.2,14.2,80.60000000000001
0.026000555719033237,5.2,14.2,80.60000000000001
0.027296434114290377,5.2,14.2,80.60000000000001
0.02872174475475158,5.2,14.2,80.60000000000001
0.030296226810028998,5.2,14.2,80.60000000000001
0.0320437395167081,5.2,14.2,80.60000000000001
0.03399337184045633,5.2,14.2,80.60000000000001
0.03618092400512468,5.2,14.2,80.60000000000001
0.038650912209329286,5.2,14.2,80.60000000000001
0.04145932138055043,5.2,14.2,80.60000000000001
0.04467744644502107,5.2,14.2,80.60000000000001
0.04839734856391318,5.2,14.2,80.60000000000001
0.0527397592322999,5.2,14.2,80.60000000000001
0.05786578391309312,5.2,14.2,80.60000000000001
0.06399466174009485,5.2,14.200000000000001,80.60000000000001
0.07143146973989845,5.1999999999999975,14.2,80.60000000000001
0.0806117156424438,5.199999999999991,14.200000000000001,80.60000000000001
0.09217573289035512,5.199999999999973,14.200000000000015,80.60000000000001
0.10709803210805008,5.199999999999912,14.200000000000049,80.60000000000004
0.12692330028481014,5.199999999999721,14.20000000000016,80.60000000000012
0.15422211730632246,5.199999999999115,14.200000000000509,80.60000000000038
0.19353265624207747,5.199999999997165,14.200000000001634,80.6000000000012
0.24296946113981865,5.199999999991934,14.200000000004648,80.60000000000342
0.2908804320656738,5.199999999982651,14.200000000009998,80.60000000000736
0.33742260458741563,5.199999999969314,14.200000000017688,80.600000000013
0.38273131443846475,5.19999999995222,14.200000000027538,80.60000000002024
0.42692401956757914,5.199999999931763,14.200000000039331,80.6000000000289
0.47010331619491347,5.19999999990834,14.200000000052826,80.60000000003885
0.5123593445804822,5.199999999882313,14.200000000067824,80.60000000004986
0.5537717269297072,5.199999999853999,14.20000000008414,80.60000000006187
0.5944111425332348,5.199999999823671,14.200000000101612,80.60000000007473
0.6343406186890732,5.199999999791557,14.200000000120111,80.60000000008833
0.6736165968054302,5.199999999757856,14.200000000139527,80.60000000010261
0.7122898190864738,5.19999999972273,14.200000000159754,80.60000000011752
0.7504060708536839,5.19999999968632,14.20000000018072,80.60000000013297
0.7880068058202326,5.199999999648745,14.200000000202362,80.60000000014888
0.8251296757864758,5.199999999610103,14.200000000224607,80.6000000001653
0.8618089817699498,5.19999999957048,14.200000000247421,80.6000000001821
0.8980760601496633,5.199999999529945,14.200000000270755,80.6000000001993
0.9339596147440454,5.199999999488563,14.200000000294574,80.60000000021687
0.9694860036592743,5.199999999446386,14.20000000031885,80.60000000023476
1.0046794881041585,5.199999999403457,14.200000000343554,80.60000000025299
1.0395624490668807,5.1999999993598145,14.200000000368664,80.60000000027152
1.0741555767092976,5.1999999993154935,14.200000000394168,80.60000000029034
1.1084780365004276,5.19999999927052,14.20000000042004,80.60000000030945
1.1425476154340324,5.199999999224915,14.200000000446272,80.6000000003288
1.1763808511292126,5.199999999178704,14.200000000472851,80.60000000034844
1.2099931461632403,5.199999999131901,14.200000000499765,80.60000000036834
1.2433988696179736,5.199999999084519,14.200000000527007,80.60000000038848
1.276611447518991,5.1999999990365735,14.200000000554578,80.60000000040885
1.3096434435937174,5.199999998988073,14.200000000582461,80.60000000042946
1.3425066315663212,5.199999998939024,14.200000000610654,80.60000000045032
1.3752120600312703,5.199999998889435,14.200000000639154,80.60000000047141
1.4077701108020506,5.19999999883931,14.200000000667961,80.60000000049273
1.4401905515067683,5.1999999987886545,14.200000000697072,80.60000000051427
1.4724825830977193,5.199999998737468,14.20000000072648,80.60000000053606
1.5046548828547743,5.1999999986857555,14.200000000756189,80.60000000055805
1.5367156433852085,5.1999999986335155,14.200000000786195,80.6000000005803
1.5686726080593347,5.19999999858075,14.200000000816502,80.60000000060275
1.600533103265817,5.199999998527456,14.200000000847105,80.60000000062544
1.6323040678231067,5.199999998473633,14.20000000087801,80.60000000064835
1.6639920798426955,5.19999999841928,14.200000000909215,80.6000000006715
1.695603381304455,5.199999998364391,14.200000000940724,80.60000000069488
1.727143900574368,5.199999998308968,14.200000000972535,80.6000000007185
1.7586192730673462,5.199999998253004,14.200000001004653,80.60000000074234
1.7900348602362124,5.199999998196494,14.200000001037077,80.60000000076643
1.8213957670464904,5.199999998139437,14.200000001069816,80.60000000079074
1.8527068580797088,5.199999998081826,14.200000001102865,80.60000000081531
1.8839727723926942,5.199999998023655,14.200000001136232,80.60000000084011
1.9151979372459005,5.1999999979649205,14.200000001169919,80.60000000086515
1.9463865808028706,5.199999997905616,14.200000001203927,80.60000000089046
1.9775427438920865,5.199999997845734,14.20000000123826,80.60000000091601
2.0086702909126064,5.1999999977852704,14.200000001272924,80.6000000009418
2.039772919957863,5.199999997724217,14.200000001307922,80.60000000096787
2.0708541722233225,5.199999997662568,14.200000001343255,80.60000000099417
2.1019174407581764,5.1999999976003135,14.200000001378928,80.60000000102076
2.132965978615414,5.199999997537449,14.200000001414951,80.6000000010476
2.164002906448915,5.199999997473966,14.200000001451318,80.60000000107472
2.1950312196021278,5.199999997409856,14.200000001488041,80.6000000011021
2.2260537947286707,5.199999997345111,14.200000001525122,80.60000000112977
2.2570733959811347,5.199999997279724,14.200000001562566,80.60000000115771
2.288092680802141,5.199999997213684,14.200000001600376,80.60000000118595
2.3191119656287427,5.19999999714699,14.20000000163856,80.60000000121445
2.3501312504610246,5.199999997079636,14.200000001677113,80.60000000124326
2.3811505352990165,5.19999999701162,14.200000001716043,80.60000000127235
2.4121698201428012,5.199999996942939,14.200000001755345,80.60000000130172
2.443189104992383,5.199999996873586,14.200000001795022,80.6000000013314
2.4742083898478833,5.19999999680356,14.20000000183508,80.60000000136137
2.505227674709318,5.1999999967328545,14.200000001875523,80.60000000139162
2.536246959576748,5.199999996661467,14.200000001916353,80.60000000142217
2.567266244450242,5.199999996589392,14.200000001957564,80.60000000145304
2.5982855293298743,5.199999996516624,14.200000001999166,80.6000000014842
2.6293048142156983,5.199999996443159,14.200000002041161,80.60000000151568
2.6603240991077555,5.199999996368994,14.200000002083552,80.60000000154746
2.691343384006109,5.199999996294118,14.20000000212634,80.60000000157955
2.72236266891083,5.199999996218533,14.200000002169528,80.60000000161193
2.7533819538219726,5.199999996142227,14.20000000221312,80.60000000164466
2.784401238739566,5.199999996065198,14.200000002257118,80.60000000167769
2.8154205236636987,5.199999995987441,14.200000002301527,80.60000000171104
2.8464398085944618,5.199999995908948,14.20000000234635,80.6000000017447
2.877459093531878,5.199999995829714,14.200000002391585,80.6000000017787
2.9084783784760413,5.199999995749733,14.200000002437244,80.60000000181302
2.9394976634270202,5.199999995668999,14.200000002483321,80.60000000184769
2.970516948384858,5.199999995587506,14.200000002529828,80.60000000188266
3.001536233349633,5.199999995505246,14.200000002576763,80.60000000191799
3.0325555183213893,5.199999995422214,14.20000000262413,80.60000000195366
3.0635748033001873,5.199999995338403,14.200000002671937,80.60000000198966
3.0945940882861165,5.199999995253806,14.20000000272018,80.60000000202601
3.1256133732792093,5.199999995168417,14.20000000276887,80.60000000206271
3.1566326582795803,5.199999995082229,14.200000002818012,80.60000000209976
3.1876519432872925,5.199999994995235,14.200000002867602,80.60000000213716
3.218671228302386,5.199999994907426,14.200000002917646,80.60000000217494
3.24969051332494,5.199999994818797,14.200000002968153,80.60000000221305
3.2807097983549895,5.199999994729341,14.20000000301912,80.60000000225153
3.3117290833926796,5.199999994639049,14.200000003070556,80.6000000022904
3.3427483684380537,5.199999994547913,14.200000003122465,80.60000000232962
3.3737676534911643,5.199999994455929,14.200000003174848,80.60000000236923
3.404786938552081,5.199999994363086,14.20000000322771,80.6000000024092
3.435806223620888,5.199999994269377,14.20000000328106,80.60000000244956
3.466825508697643,5.199999994174795,14.200000003334898,80.6000000024903
3.4978447937824675,5.199999994079333,14.200000003389226,80.60000000253144
3.5288640788753702,5.199999993982979,14.200000003444051,80.60000000257297
3.5598833639764953,5.199999993885729,14.200000003499385,80.60000000261489
3.590902649085899,5.199999993787574,14.20000000355522,80.60000000265721
3.6219219342036117,5.199999993688504,14.200000003611562,80.60000000269993
3.652941219329753,5.199999993588514,14.200000003668425,80.60000000274306
3.6839605044643924,5.199999993487593,14.200000003725805,80.6000000027866
3.714979789507914,5.199999993385732,14.200000003783709,80.60000000283057
3.7459990746598195,5.199999993282925,14.200000003842145,80.60000000287492
3.7770183598204636,5.199999993179163,14.200000003901112,80.60000000291973
3.8080376449899074,5.199999993074435,14.200000003960616,80.60000000296495
3.8390569301682587,5.199999992968734,14.200000004020666,80.60000000301059
3.8700762153555655,5.199999992862052,14.200000004081263,80.60000000305668
3.901095500552004,5.199999992754379,14.200000004142414,80.60000000310322
3.932114785757592,5.199999992645707,14.200000004204123,80.60000000315017
3.9631340709724117,5.199999992536026,14.20000000426639,80.60000000319758
3.9941533561965237,5.199999992425326,14.200000004329228,80.60000000324546
4.025172641430083,5.199999992313602,14.200000004392638,80.60000000329376
4.056191926673153,5.199999992200839,14.200000004456626,80.60000000334253
4.087211211925805,5.199999992087033,14.200000004521197,80.60000000339177
4.118230497188115,5.199999991972172,14.200000004586355,80.60000000344148
4.149249782460196,5.199999991856248,14.200000004652106,80.60000000349164
4.180269067742137,5.19999999173925,14.200000004718458,80.60000000354229
4.211288353034039,5.199999991621169,14.20000000478541,80.60000000359342
4.242307638236265,5.199999991501998,14.200000004852969,80.60000000364504
4.273326923548345,5.199999991381723,14.200000004921145,80.60000000369713
4.304346208870644,5.199999991260337,14.200000004989938,80.60000000374973
4.335365494203256,5.199999991137831,14.200000005059357,80.6000000038028
4.366384779546298,5.199999991014194,14.200000005129404,80.60000000385641
4.397404064899877,5.199999990889416,14.200000005200089,80.6000000039105
4.4284233502640555,5.199999990763488,14.20000000527141,80.6000000039651
4.459442635638954,5.1999999906364,14.200000005343377,80.60000000402022
4.490461921024675,5.19999999050814,14.200000005416,80.60000000407585
4.521481206421296,5.199999990378702,14.200000005489278,80.60000000413203
4.552500491828907,5.199999990248072,14.200000005563215,80.60000000418871
4.583519777247656,5.199999990116242,14.200000005637822,80.60000000424594
4.614539062677576,5.199999989983201,14.2000000057131,80.6000000043037
4.645558348118824,5.199999989848941,14.20000000578906,80.600000004362
4.676577633571532,5.199999989713448,14.200000005865704,80.60000000442085
4.707596919035767,5.199999989576715,14.20000000594304,80.60000000448025
4.738616204511629,5.199999989438729,14.200000006021066,80.6000000045402
4.769635489999203,5.199999989299482,14.200000006099797,80.60000000460073
4.800654775498643,5.199999989158963,14.200000006179236,80.6000000046618
4.831674061010035,5.19999998901716,14.200000006259389,80.60000000472346
4.862693346533514,5.199999988874063,14.200000006340257,80.60000000478567
4.893712632069154,5.199999988729663,14.20000000642185,80.60000000484848
4.924731917617059,5.199999988583947,14.200000006504176,80.60000000491188
4.955751203177384,5.1999999884369075,14.200000006587238,80.60000000497585
4.986770488750221,5.199999988288531,14.20000000667104,80.60000000504043
5.017789774335712,5.199999988138808,14.20000000675559,80.6000000051056
5.048809059933947,5.199999987987728,14.200000006840893,80.60000000517138
5.079828345545038,5.199999987835279,14.200000006926958,80.60000000523776
5.1108476311691104,5.19999998768145,14.200000007013786,80.60000000530476
5.141866916806243,5.199999987526232,14.200000007101387,80.60000000537238
5.1728862024565725,5.1999999873696146,14.200000007189766,80.60000000544062
5.2039054881202595,5.199999987211583,14.200000007278929,80.60000000550949
5.234924773797394,5.199999987052129,14.200000007368882,80.60000000557899
5.2659440594880556,5.199999986891242,14.200000007459629,80.60000000564914
5.296963345192426,5.1999999867289075,14.200000007551175,80.60000000571992
5.327982630910614,5.1999999865651185,14.200000007643531,80.60000000579134
5.3590019166427325,5.199999986399862,14.2000000077367,80.60000000586344
5.3900212023889535,5.199999986233127,14.20000000783069,80.60000000593618
5.421040488149354,5.199999986064903,14.200000007925507,80.6000000060096
5.452059773924081,5.199999985895177,14.200000008021155,80.60000000608368
5.483079059713267,5.199999985723938,14.20000000811764,80.60000000615842
5.514098345517023,5.199999985551177,14.200000008214971,80.60000000623386
5.5451176313354935,5.199999985376881,14.200000008313152,80.60000000630997
5.576136917168804,5.199999985201038,14.20000000841219,80.60000000638678
5.607156203017102,5.199999985023637,14.200000008512092,80.60000000646427
5.638175488880514,5.199999984844668,14.200000008612863,80.60000000654247
5.669194774759159,5.199999984664118,14.200000008714508,80.60000000662137
5.70021406065315,5.199999984481975,14.200000008817035,80.600000006701
5.731233346562673,5.19999998429823,14.200000008920451,80.60000000678131
5.762252632487819,5.1999999841128695,14.20000000902476,80.60000000686237
5.793271918428758,5.19999998392588,14.20000000912997,80.60000000694416
5.8242912043855934,5.199999983737254,14.200000009236092,80.60000000702665
5.8553104903585345,5.199999983546978,14.200000009343123,80.6000000071099
5.886329776347671,5.19999998335504,14.200000009451072,80.6000000071939
5.917349062353143,5.199999983161429,14.200000009559949,80.60000000727862
5.948368348375083,5.1999999829661325,14.200000009669761,80.6000000073641
5.979387634413619,5.19999998276914,14.200000009780508,80.60000000745036
6.0104069204689345,5.1999999825704375,14.200000009892205,80.60000000753735
6.041426206541204,5.199999982370016,14.200000010004851,80.60000000762513
6.072445492630561,5.199999982167861,14.200000010118458,80.60000000771367
6.103464778737115,5.199999981963963,14.200000010233026,80.600000007803
6.13448406486105,5.199999981758308,14.200000010348566,80.60000000789313
6.165503351002491,5.199999981550885,14.200000010465086,80.60000000798404
6.196522637161566,5.1999999813416835,14.200000010582587,80.60000000807574
6.227541923338502,5.19999998113069,14.200000010701084,80.60000000816822
6.258561209533376,5.199999980917892,14.200000010820574,80.60000000826153
6.289580495746425,5.199999980703279,14.20000001094107,80.60000000835565
6.320599781977704,5.1999999804868375,14.200000011062572,80.60000000845059
6.351619068227459,5.199999980268557,14.200000011185097,80.60000000854635
6.3826383544958105,5.199999980048425,14.200000011308639,80.60000000864294
6.4136576407828905,5.199999979826429,14.200000011433215,80.60000000874035
6.444676927088895,5.199999979602557,14.200000011558824,80.60000000883862
6.475696213413975,5.1999999793767975,14.200000011685479,80.60000000893773
6.506715499758257,5.199999979149137,14.200000011813184,80.60000000903767
6.537734786121938,5.199999978919564,14.200000011941945,80.6000000091385
6.56875407250521,5.1999999786880675,14.200000012071767,80.60000000924018
6.59977335890819,5.199999978454635,14.200000012202663,80.60000000934271
6.630792645331049,5.199999978219252,14.200000012334632,80.60000000944612
6.661811931773967,5.199999977981909,14.200000012467683,80.60000000955041
6.692831218237101,5.199999977742593,14.20000001260183,80.60000000965559
6.7238505047205885,5.19999997750129,14.200000012737066,80.60000000976164
6.754869791224655,5.199999977257991,14.200000012873407,80.6000000098686
6.785889077749462,5.199999977012681,14.200000013010857,80.60000000997645
6.816908364295206,5.199999976765349,14.200000013149424,80.60000001008522
6.847927650861942,5.199999976515981,14.200000013289117,80.6000000101949
6.878946937449984,5.199999976264567,14.200000013429934,80.6000000103055
6.909966224059452,5.199999976011092,14.200000013571893,80.60000001041702
6.940985510690488,5.1999999757555475,14.200000013714991,80.60000001052946
6.972004797343291,5.199999975497918,14.20000001385924,80.60000001064284
7.003024084018039,5.1999999752381925,14.200000014004646,80.60000001075716
7.0340433707149606,5.1999999749763575,14.200000014151215,80.60000001087244
7.065062657434186,5.199999974712401,14.200000014298956,80.60000001098864
7.09608194417589,5.19999997444631,14.20000001444787,80.60000001110582
7.127101230940263,5.199999974178074,14.200000014597968,80.60000001122395
7.158120517727512,5.199999973907678,14.200000014749259,80.60000001134307
7.189139804537785,5.199999973635112,14.20000001490175,80.60000001146314
7.220159091371285,5.199999973360362,14.200000015055439,80.6000000115842
7.251178378228213,5.1999999730834165,14.200000015210342,80.60000001170624
7.282197665108758,5.199999972804262,14.200000015366465,80.60000001182928
7.313216952013071,5.1999999725228845,14.200000015523806,80.60000001195331
7.344236238941382,5.199999972239276,14.200000015682384,80.60000001207834
7.375255525893893,5.199999971953419,14.200000015842196,80.60000001220439
7.40627481287073,5.199999971665304,14.200000016003253,80.60000001233144
7.437294099872153,5.1999999713749165,14.200000016165562,80.60000001245953
7.468313386898271,5.199999971082247,14.200000016329135,80.60000001258862
7.499332673949368,5.199999970787279,14.200000016493966,80.60000001271875
7.530351961025596,5.199999970490003,14.200000016660072,80.60000001284993
7.561371248127172,5.1999999701904045,14.200000016827458,80.60000001298214
7.592390535254282,5.199999969888472,14.200000016996128,80.6000000131154
7.623409822407137,5.199999969584192,14.200000017166092,80.60000001324971
7.654429109585939,5.1999999692775525,14.200000017337356,80.6000000133851
7.685448396790848,5.19999996896854,14.200000017509923,80.60000001352154
7.7164676840221285,5.199999968657145,14.200000017683806,80.60000001365906
7.747486971279926,5.19999996834335,14.200000017859008,80.60000001379764
7.778506258564501,5.199999968027145,14.200000018035539,80.60000001393732
7.809525545876028,5.199999967708518,14.200000018213405,80.60000001407808
7.840544833214671,5.199999967387454,14.200000018392606,80.60000001421994
7.871564120580708,5.199999967063943,14.200000018573162,80.60000001436289
7.902583407974323,5.199999966737969,14.200000018755068,80.60000001450696
7.933602695395746,5.199999966409523,14.200000018938336,80.60000001465214
7.964621982845156,5.19999996607859,14.200000019122974,80.60000001479844
7.995641270322794,5.199999965745157,14.200000019308984,80.60000001494586
8.026660557828865,5.199999965409212,14.200000019496379,80.60000001509441
8.057679845363575,5.199999965070743,14.200000019685163,80.6000000152441
8.088699132927145,5.199999964729737,14.200000019875342,80.60000001539493
8.119718420519769,5.199999964386181,14.200000020066925,80.6000000155469
8.150737708141683,5.19999996404006,14.200000020259914,80.60000001570002
8.181756995793087,5.199999963691365,14.200000020454326,80.6000000158543
8.212776283474234,5.1999999633400815,14.200000020650155,80.60000001600976
8.24379557118536,5.199999962986197,14.200000020847417,80.60000001616639
8.274814858926673,5.199999962629699,14.200000021046117,80.60000001632419
8.305834146698384,5.199999962270572,14.200000021246264,80.60000001648316
8.336853434500673,5.199999961908807,14.200000021447861,80.60000001664334
8.36787272233386,5.19999996154439,14.200000021650913,80.6000000168047
8.398892010198097,5.199999961177308,14.200000021855436,80.60000001696726
8.429911298093634,5.1999999608075465,14.200000022061426,80.60000001713102
8.460930586020721,5.199999960435096,14.200000022268899,80.600000017296
8.491949873979568,5.19999996005994,14.200000022477852,80.60000001746221
8.522969161970359,5.19999995968207,14.200000022688302,80.60000001762963
8.553988449993401,5.199999959301469,14.200000022900253,80.60000001779828
8.585007738048903,5.199999958918126,14.20000002311371,80.60000001796817
8.616027026137077,5.199999958532031,14.200000023328679,80.6000000181393
8.647046314258203,5.199999958143166,14.200000023545172,80.60000001831168
8.678065602412474,5.199999957751521,14.200000023763188,80.60000001848529
8.70908489060015,5.1999999573570825,14.200000023982742,80.60000001866018
8.740104178821461,5.199999956959838,14.200000024203838,80.60000001883633
8.771123467076626,5.1999999565597745,14.200000024426481,80.60000001901373
8.802142755365924,5.19999995615688,14.20000002465068,80.60000001919244
8.83316204368962,5.199999955751141,14.200000024876442,80.60000001937242
8.864181332047908,5.199999955342545,14.20000002510377,80.60000001955369
8.89520062044104,5.199999954931077,14.200000025332676,80.60000001973624
8.926219908869268,5.199999954516728,14.200000025563167,80.6000000199201
8.957239197332825,5.199999954099482,14.200000025795248,80.60000002010527
8.988258485831988,5.1999999536793275,14.200000026028924,80.60000002029174
9.01927777436696,5.199999953256251,14.200000026264206,80.60000002047954
9.050297062938041,5.199999952830241,14.2000000265011,80.60000002066866
9.081316351545482,5.199999952401282,14.200000026739607,80.60000002085911
9.11233564018947,5.199999951969366,14.200000026979742,80.6000000210509
9.143354928870354,5.199999951534474,14.200000027221513,80.60000002124401
9.174374217588287,5.199999951096598,14.200000027464915,80.60000002143849
9.205393506343569,5.199999950655722,14.200000027709969,80.60000002163432
9.236412795136475,5.1999999502118355,14.200000027956673,80.60000002183149
9.267432083967257,5.1999999497649245,14.20000002820504,80.60000002203004
9.298451372836173,5.199999949314976,14.200000028455067,80.60000002222995
9.329470661743462,5.199999948861978,14.200000028706775,80.60000002243125
9.360489950689404,5.199999948405917,14.200000028960158,80.60000002263392
9.391509239674225,5.199999947946781,14.200000029215229,80.60000002283799
9.422528528698216,5.199999947484554,14.200000029471996,80.60000002304345
9.453547817761645,5.1999999470192275,14.200000029730464,80.6000000232503
9.484567106864757,5.199999946550786,14.200000029990642,80.60000002345858
9.515586396007832,5.199999946079218,14.200000030252536,80.60000002366824
9.546605685191158,5.19999994560451,14.200000030516149,80.60000002387933
9.577624974414977,5.19999994512665,14.20000003078149,80.60000002409187
9.608644263679572,5.199999944645622,14.200000031048571,80.60000002430581
9.639663552985201,5.1999999441614175,14.200000031317392,80.6000000245212
9.670682842332145,5.199999943674021,14.200000031587964,80.60000002473802
9.701702131720658,5.199999943183419,14.200000031860293,80.60000002495629
9.732721421151027,5.199999942689602,14.200000032134385,80.60000002517602
9.763740710623548,5.199999942192555,14.200000032410252,80.60000002539721
9.794760000138464,5.199999941692265,14.200000032687893,80.60000002561985
9.82577928969608,5.19999994118872,14.200000032967319,80.60000002584395
9.85679857929663,5.199999940681906,14.200000033248536,80.60000002606955
9.887817868940461,5.199999940171811,14.200000033531554,80.60000002629664
9.91883715862784,5.199999939658421,14.200000033816373,80.60000002652521
9.94985644835899,5.199999939141726,14.200000034103011,80.60000002675527
9.980875738134227,5.19999993862171,14.200000034391463,80.60000002698683
10.011895027953816,5.199999938098363,14.200000034681743,80.60000002721989
10.042914317818079,5.199999937571668,14.200000034973852,80.60000002745447
10.0739336077273,5.199999937041619,14.20000003526781,80.60000002769057
10.104952897681747,5.1999999365081955,14.200000035563608,80.6000000279282
10.135972187681713,5.19999993597139,14.200000035861265,80.60000002816734
10.166991477727441,5.199999935431188,14.200000036160779,80.60000002840803
10.198010767819293,5.199999934887576,14.200000036462162,80.60000002865027
10.229030057957546,5.199999934340541,14.200000036765417,80.60000002889404
10.26004934814247,5.199999933790073,14.200000037070556,80.60000002913938
10.291068638374332,5.199999933236157,14.200000037377587,80.60000002938625
10.32208792865347,5.19999993267878,14.200000037686511,80.60000002963471
10.353107218980206,5.199999932117929,14.200000037997334,80.60000002988474
10.384126509354822,5.1999999315535925,14.200000038310067,80.60000003013634
10.415145799777559,5.199999930985758,14.200000038624719,80.60000003038952
10.446165090248792,5.199999930414411,14.200000038941294,80.6000000306443
10.47718438076877,5.19999992983954,14.200000039259796,80.60000003090066
10.508203671337801,5.199999929261131,14.200000039580237,80.60000003115863
10.53922296195621,5.199999928679172,14.200000039902624,80.6000000314182
10.570242252624293,5.199999928093652,14.200000040226959,80.60000003167939
10.60126154334233,5.199999927504555,14.20000004055325,80.60000003194219
10.632280834110661,5.19999992691187,14.200000040881505,80.60000003220662
10.66330012492957,5.199999926315584,14.200000041211736,80.60000003247268
10.694319415799361,5.199999925715685,14.200000041543943,80.60000003274037
10.725338706720363,5.199999925112158,14.20000004187813,80.6000000330097
10.75635799769289,5.199999924504993,14.200000042214317,80.6000000332807
10.787377288717217,5.1999999238941745,14.200000042552496,80.60000003355333
10.818396579793712,5.199999923279694,14.200000042892686,80.60000003382763
10.849415870922643,5.199999922661534,14.200000043234887,80.60000003410359
10.880435162104337,5.199999922039683,14.200000043579106,80.60000003438121
10.911454453339102,5.199999921414131,14.200000043925352,80.60000003466052
10.942473744627252,5.199999920784862,14.200000044273631,80.60000003494152
10.973493035969096,5.199999920151866,14.20000004462395,80.60000003522418
11.004512327364976,5.199999919515128,14.200000044976315,80.60000003550856
11.035531618815233,5.199999918874637,14.200000045330738,80.60000003579462
11.066550910320114,5.199999918230379,14.200000045687217,80.6000000360824
11.097570201880002,5.199999917582343,14.200000046045764,80.60000003637188
11.128589493495209,5.199999916930513,14.200000046406386,80.6000000366631
11.159608785166071,5.19999991627488,14.200000046769087,80.60000003695603
11.190628076892919,5.19999991561543,14.200000047133878,80.6000000372507
11.221647368676038,5.199999914952149,14.200000047500765,80.60000003754708
11.252666660515786,5.199999914285026,14.200000047869754,80.60000003784522
11.283685952412476,5.1999999136140485,14.200000048240849,80.6000000381451
11.314705244366424,5.1999999129392025,14.200000048614061,80.60000003844674
11.345724536378004,5.199999912260476,14.200000048989391,80.60000003875012
11.37674382844754,5.199999911577856,14.200000049366853,80.6000000390553
11.407763120575318,5.19999991089133,14.200000049746453,80.60000003936221
11.438782412761713,5.199999910200887,14.200000050128192,80.60000003967092
11.469801705007017,5.199999909506512,14.200000050512083,80.6000000399814
11.500820997311624,5.199999908808193,14.200000050898126,80.60000004029368
11.531840289675834,5.1999999081059185,14.200000051286334,80.60000004060774
11.562859582000312,5.1999999073996745,14.200000051676714,80.60000004092362
11.593878874484789,5.199999906689449,14.200000052069269,80.60000004124129
11.624898167029919,5.199999905975229,14.20000005246401,80.60000004156076
11.655917459636045,5.199999905257003,14.200000052860936,80.60000004188205
11.686936752303417,5.1999999045347565,14.200000053260062,80.60000004220518
11.71795604503247,5.199999903808479,14.200000053661391,80.60000004253013
11.748975337823564,5.199999903078156,14.200000054064931,80.6000000428569
11.77999463067701,5.199999902343777,14.200000054470689,80.60000004318553
11.811013923593125,5.199999901605327,14.20000005487867,80.60000004351599
11.8420332165723,5.199999900862796,14.20000005528888,80.60000004384833
11.873052509614892,5.199999900116168,14.20000005570133,80.60000004418251
11.904071802721196,5.1999998993654355,14.200000056116025,80.60000004451854
11.935091095891599,5.1999998986105815,14.200000056532971,80.60000004485644
11.966110389126483,5.199999897851596,14.200000056952176,80.60000004519623
11.99712968242614,5.199999897088464,14.200000057373641,80.60000004553788
12.028148975790948,5.1999998963211755,14.200000057797379,80.60000004588144
12.059168269221319,5.199999895549716,14.200000058223397,80.60000004622688
12.090187562717546,5.199999894774074,14.2000000586517,80.60000004657422
12.121206856279965,5.199999893994237,14.200000059082294,80.60000004692347
12.152226149909028,5.199999893210194,14.200000059515187,80.60000004727462
12.183245443605026,5.199999892421929,14.200000059950385,80.60000004762769
12.21426473736831,5.199999891629432,14.200000060387893,80.60000004798268
12.245284031199288,5.199999890832689,14.200000060827723,80.60000004833958
12.276303325098276,5.199999890031689,14.200000061269874,80.60000004869843
12.307322619065618,5.19999988922642,14.200000061714361,80.60000004905922
12.338341913101733,5.199999888416867,14.200000062161186,80.60000004942195
12.369361207207035,5.19999988760302,14.200000062610355,80.60000004978663
12.400380501381758,5.199999886784864,14.200000063061873,80.60000005015327
12.431399795626369,5.199999885962389,14.200000063515757,80.60000005052186
12.462419089941227,5.199999885135583,14.200000063972004,80.6000000508924
12.493438384326687,5.19999988430443,14.200000064430624,80.60000005126496
12.524457678783106,5.19999988346892,14.200000064891622,80.60000005163946
12.555476973310881,5.199999882629041,14.200000065355004,80.60000005201596
12.586496267910405,5.1999998817847795,14.200000065820781,80.60000005239444
12.617515562582007,5.199999880936124,14.200000066288954,80.60000005277492
12.648534857326105,5.199999880083061,14.200000066759536,80.6000000531574
12.679554152143009,5.199999879225578,14.200000067232526,80.6000000535419
12.710573447033166,5.1999998783636645,14.20000006770794,80.6000000539284
12.74159274199691,5.199999877497306,14.20000006818578,80.60000005431691
12.772612037034628,5.199999876626491,14.20000006866605,80.60000005470746
12.803631332146733,5.199999875751208,14.200000069148757,80.60000005510004
12.834650627333591,5.199999874871444,14.200000069633914,80.60000005549463
12.865669922595592,5.199999873987184,14.200000070121524,80.6000000558913
12.896689217933115,5.199999873098419,14.200000070611587,80.60000005629
12.927708513346534,5.1999998722051375,14.200000071104125,80.60000005669073
12.95872780883622,5.199999871307324,14.200000071599128,80.60000005709355
12.989747104402566,5.199999870404967,14.20000007209661,80.60000005749842
13.020766400046028,5.199999869498055,14.200000072596582,80.60000005790536
13.051785695766933,5.199999868586576,14.200000073099043,80.60000005831438
13.082804991565672,5.199999867670516,14.200000073604008,80.60000005872547
13.113824287442666,5.199999866749865,14.200000074111474,80.60000005913865
13.14484358339827,5.1999998658246085,14.200000074621451,80.60000005955395
13.175862879432868,5.1999998648947345,14.200000075133948,80.60000005997132
13.206882175546937,5.199999863960232,14.200000075648969,80.6000000603908
13.237901471740782,5.199999863021088,14.200000076166527,80.60000006081238
13.268920768014873,5.1999998620772905,14.200000076686617,80.60000006123609
13.299940064369565,5.199999861128828,14.20000007720926,80.60000006166192
13.330959360805263,5.1999998601756845,14.200000077734451,80.60000006208988
13.361978657322373,5.1999998592178525,14.200000078262198,80.60000006251995
13.392997953921281,5.199999858255317,14.200000078792513,80.60000006295218
13.424017250602386,5.199999857288066,14.200000079325397,80.60000006338653
13.455036547366088,5.199999856316089,14.200000079860864,80.60000006382305
13.486055844212807,5.199999855339372,14.200000080398912,80.6000000642617
13.517075141142971,5.199999854357903,14.200000080939551,80.60000006470254
13.548094438156998,5.199999853371671,14.200000081482788,80.60000006514554
13.579113735255257,5.199999852380662,14.20000008202863,80.6000000655907
13.610133032438155,5.199999851384864,14.200000082577086,80.60000006603805
13.641152329706104,5.199999850384267,14.200000083128156,80.60000006648758
13.672171627059527,5.199999849378856,14.200000083681848,80.60000006693929
13.703190924498841,5.199999848368622,14.200000084238177,80.60000006739321
13.734210222024437,5.199999847353549,14.200000084797141,80.60000006784931
13.765229519636733,5.199999846333628,14.200000085358749,80.60000006830762
13.796248817336137,5.199999845308845,14.200000085923003,80.60000006876815
13.827268115123111,5.199999844279189,14.200000086489917,80.60000006923089
13.858287412998012,5.1999998432446475,14.200000087059497,80.60000006969585
13.8893067109613,5.199999842205207,14.200000087631745,80.60000007016305
13.92032600901333,5.199999841160858,14.200000088206666,80.60000007063249
13.95134530715462,5.199999840111587,14.200000088784275,80.60000007110413
13.982364605385547,5.199999839057381,14.200000089364572,80.60000007157805
14.013383903706497,5.199999837998228,14.200000089947565,80.60000007205421
14.044403202117955,5.1999998369341185,14.200000090533257,80.60000007253262
14.075422500620288,5.199999835865037,14.200000091121662,80.6000000730133
14.106441799213956,5.199999834790973,14.20000009171278,80.60000007349625
14.137461097899397,5.1999998337119155,14.200000092306622,80.60000007398146
14.168480396677008,5.199999832627851,14.200000092903192,80.60000007446895
14.199499695547225,5.199999831538768,14.200000093502496,80.60000007495873
14.230518994510504,5.1999998304446535,14.200000094104546,80.60000007545081
14.261538293567215,5.199999829345496,14.200000094709337,80.60000007594516
14.292557592717868,5.1999998282412845,14.200000095316886,80.60000007644183
14.323576891962839,5.1999998271320065,14.200000095927196,80.60000007694079
14.35459619130258,5.199999826017648,14.200000096540272,80.60000007744208
14.385615490737536,5.1999998248982,14.200000097156126,80.60000007794568
14.41663479026807,5.199999823773648,14.200000097774756,80.6000000784516
14.447654089894693,5.199999822643981,14.200000098396174,80.60000007895984
14.478673389617814,5.199999821509187,14.200000099020382,80.60000007947043
14.509692689437871,5.199999820369254,14.200000099647395,80.60000007998335
14.540711989355332,5.19999981922417,14.20000010027721,80.60000008049862
14.57173128937062,5.199999818073925,14.20000010090984,80.60000008101623
14.602750589484224,5.199999816918502,14.20000010154529,80.60000008153621
14.633769889696522,5.199999815757894,14.200000102183562,80.60000008205854
14.664789190007964,5.199999814592087,14.200000102824669,80.60000008258325
14.695808490419049,5.199999813421069,14.20000010346861,80.60000008311033
14.726827790930141,5.199999812244828,14.200000104115402,80.60000008363977
14.757847091541741,5.1999998110633525,14.20000010476504,80.60000008417161
14.788866392254295,5.199999809876631,14.200000105417535,80.60000008470584
14.819885693068207,5.19999980868465,14.200000106072896,80.60000008524246
14.850904993983967,5.1999998074874,14.200000106731128,80.60000008578147
14.88192429500202,5.1999998062848665,14.200000107392235,80.6000000863229
14.912943596122831,5.199999805077039,14.200000108056225,80.60000008686674
14.943962897346873,5.199999803863905,14.200000108723104,80.600000087413
14.974982198674523,5.199999802645454,14.200000109392882,80.60000008796166
15.006001500106295,5.199999801421673,14.200000110065561,80.60000008851277
15.037020801642612,5.19999980019255,14.200000110741149,80.6000000890663
15.06804010328397,5.199999798958074,14.20000011141965,80.60000008962227
15.09905940503079,5.199999797718231,14.20000011210107,80.60000009018069
15.130078706883554,5.199999796473012,14.200000112785421,80.60000009074156
15.161098008842663,5.199999795222405,14.200000113472711,80.60000009130488
15.192117310908637,5.199999793966395,14.200000114162936,80.60000009187067
15.223136613081959,5.199999792704973,14.20000011485611,80.60000009243892
15.254155915363066,5.199999791438127,14.200000115552234,80.60000009300964
15.2851752177524,5.199999790165843,14.200000116251315,80.60000009358284
15.31619452025045,5.199999788888112,14.200000116953365,80.60000009415852
15.34721382285769,5.199999787604921,14.20000011765839,80.60000009473669
15.378233125574576,5.199999786316258,14.20000011836639,80.60000009531734
15.409252428401546,5.199999785022111,14.200000119077377,80.60000009590051
15.440271731339118,5.19999978372247,14.200000119791357,80.60000009648618
15.471291034387743,5.199999782417321,14.200000120508333,80.60000009707436
15.502310337547861,5.199999781106653,14.20000012122831,80.60000009766503
15.533329640820014,5.1999997797904545,14.200000121951298,80.60000009825825
15.564348944204676,5.199999778468714,14.200000122677306,80.60000009885397
15.595368247702234,5.19999977714142,14.200000123406333,80.60000009945225
15.626387551313197,5.19999977580856,14.200000124138388,80.60000010005307
15.657406855038033,5.199999774470122,14.20000012487348,80.6000001006564
15.688426158877249,5.199999773126094,14.200000125611615,80.6000001012623
15.719445462831333,5.199999771776466,14.200000126352796,80.60000010187073
15.750464766900745,5.199999770421225,14.20000012709703,80.60000010248174
15.781484071085963,5.199999769060359,14.200000127844328,80.60000010309531
15.812503375387482,5.199999767693859,14.200000128594692,80.60000010371144
15.843522679805805,5.19999976632171,14.200000129348128,80.60000010433016
15.874541984341368,5.199999764943902,14.200000130104645,80.60000010495145
15.905561288994654,5.199999763560423,14.200000130864247,80.60000010557533
15.936580593766159,5.199999762171261,14.200000131626938,80.60000010620179
15.967599898656404,5.1999997607764055,14.200000132392729,80.60000010683086
15.998619203665829,5.199999759375843,14.200000133161625,80.60000010746253
16.02963850879497,5.199999757969563,14.20000013393363,80.60000010809681
16.06065781404425,5.199999756557554,14.200000134708752,80.6000001087337
16.091677119414193,5.199999755139804,14.200000135486999,80.6000001093732
16.122696424905318,5.199999753716302,14.20000013626837,80.60000011001533
16.153715730518087,5.199999752287036,14.200000137052882,80.60000011066009
16.18473503625301,5.199999750851995,14.200000137840535,80.60000011130747
16.215754342110586,5.199999749411166,14.200000138631335,80.6000001119575
16.24677364809129,5.199999747964538,14.20000013942529,80.60000011261018
16.277792954195604,5.199999746512099,14.200000140222402,80.60000011326551
16.308812260424038,5.199999745053841,14.200000141022686,80.60000011392347
16.3398315667771,5.199999743589746,14.200000141826138,80.60000011458412
16.37085087325528,5.199999742119807,14.20000014263277,80.60000011524741
16.40187017985912,5.199999740644012,14.20000014344259,80.60000011591339
16.43288948658908,5.199999739162349,14.2000001442556,80.60000011658205
16.463908793445622,5.199999737674807,14.200000145071808,80.60000011725339
16.49492810042934,5.199999736181372,14.20000014589122,80.60000011792741
16.52594740754065,5.199999734682035,14.20000014671384,80.60000011860413
16.556966714780113,5.199999733176783,14.200000147539676,80.60000011928355
16.587986022148232,5.199999731665607,14.200000148368735,80.60000011996566
16.619005329645482,5.199999730148493,14.200000149201022,80.60000012065048
16.650024637272402,5.199999728625429,14.200000150036546,80.60000012133803
16.68104394502953,5.199999727096408,14.200000150875312,80.60000012202828
16.71206325291732,5.199999725561413,14.20000015171732,80.60000012272126
16.743082560936283,5.199999724020435,14.200000152562584,80.60000012341698
16.774101869086973,5.199999722473462,14.200000153411107,80.60000012411544
16.805121177369816,5.199999720920485,14.200000154262895,80.60000012481662
16.83614048578543,5.1999997193614895,14.200000155117957,80.60000012552055
16.867159794334277,5.199999717796465,14.200000155976293,80.60000012622724
16.898179103016908,5.199999716225399,14.200000156837914,80.60000012693669
16.92919841183384,5.199999714648283,14.200000157702824,80.6000001276489
16.960217720785504,5.199999713065103,14.200000158571033,80.60000012836386
16.991237029872543,5.199999711475849,14.200000159442542,80.60000012908162
17.02225633909542,5.199999709880508,14.20000016031736,80.60000012980213
17.053275648454626,5.199999708279072,14.200000161195492,80.60000013052544
17.084294957950696,5.199999706671526,14.200000162076948,80.60000013125152
17.115314267584175,5.199999705057858,14.200000162961727,80.60000013198041
17.146333577355584,5.199999703438061,14.200000163849838,80.6000001327121
17.177352887265435,5.1999997018121205,14.200000164741292,80.6000001334466
17.208372197314247,5.199999700180025,14.200000165636087,80.60000013418389
17.239391507502596,5.199999698541764,14.200000166534233,80.60000013492402
17.270410817830932,5.199999696897327,14.200000167435741,80.60000013566693
17.301430128299863,5.199999695246701,14.200000168340607,80.60000013641269
17.332449438909865,5.199999693589877,14.200000169248844,80.60000013716127
17.363468749661457,5.19999969192684,14.200000170160457,80.6000001379127
17.394488060555226,5.199999690257582,14.200000171075452,80.60000013866697
17.425507371591653,5.199999688582091,14.200000171993832,80.60000013942408
17.456526682771322,5.199999686900354,14.200000172915608,80.60000014018404
17.487545994094724,5.1999996852123616,14.200000173840783,80.60000014094686
17.51856530556242,5.199999683518102,14.200000174769364,80.60000014171254
17.54958461717496,5.199999681817563,14.200000175701359,80.60000014248108
17.58060392893283,5.199999680110735,14.200000176636765,80.6000001432525
17.61162324083659,5.199999678397605,14.200000177575603,80.6000001440268
17.64264255288677,5.199999676678164,14.200000178517866,80.60000014480397
17.673661865083968,5.199999674952398,14.200000179463565,80.60000014558403
17.70468117742867,5.199999673220297,14.200000180412708,80.600000146367
17.735700489921452,5.199999671481851,14.200000181365297,80.60000014715285
17.766719802562825,5.199999669737046,14.20000018232134,80.60000014794161
17.797739115353295,5.199999667985874,14.200000183280844,80.60000014873327
17.82875842829348,5.199999666228321,14.200000184243816,80.60000014952786
17.859777741383898,5.199999664464378,14.20000018521026,80.60000015032536
17.89079705462512,5.199999662694031,14.200000186180178,80.60000015112578
17.92181636801767,5.199999660917273,14.200000187153583,80.60000015192914
17.9528356815621,5.199999659134089,14.20000018813048,80.60000015273543
17.983854995258987,5.19999965734447,14.20000018911087,80.60000015354466
18.014874309108823,5.199999655548402,14.20000019009476,80.60000015435685
18.04589362311219,5.199999653745879,14.200000191082163,80.60000015517195
18.076912937269633,5.199999651936884,14.200000192073075,80.60000015599003
18.107932251581747,5.19999965012141,14.200000193067513,80.60000015681108
18.138951566049045,5.199999648299445,14.200000194065474,80.6000001576351
18.169970880672093,5.199999646470976,14.200000195066965,80.60000015846207
18.200990195451443,5.1999996446359935,14.200000196071999,80.60000015929201
18.232009510387684,5.199999642794487,14.200000197080573,80.60000016012494
18.26302882548137,5.1999996409464435,14.200000198092697,80.60000016096086
18.294048140733015,5.199999639091853,14.200000199108379,80.60000016179977
18.325067456143184,5.199999637230705,14.200000200127622,80.60000016264168
18.356086771712476,5.199999635362986,14.200000201150429,80.60000016348658
18.387106087441396,5.199999633488686,14.200000202176813,80.6000001643345
18.41812540333054,5.199999631607797,14.200000203206779,80.60000016518542
18.449144719380545,5.199999629720304,14.200000204240325,80.60000016603937
18.480164035591855,5.199999627826199,14.200000205277465,80.60000016689634
18.511183351965112,5.199999625925468,14.200000206318206,80.60000016775632
18.542202668500863,5.199999624018101,14.200000207362548,80.60000016861935
18.573221985199655,5.199999622104088,14.200000208410495,80.60000016948543
18.604241302062082,5.199999620183417,14.200000209462063,80.60000017035452
18.635260619088744,5.199999618256077,14.20000021051725,80.60000017122667
18.66627993628014,5.1999996163220565,14.200000211576066,80.60000017210187
18.697299253636853,5.199999614381345,14.20000021263851,80.60000017298015
18.728318571159495,5.199999612433932,14.2000002137046,80.60000017386146
18.759337888848613,5.199999610479806,14.200000214774331,80.60000017474587
18.790357206704805,5.199999608518956,14.20000021584771,80.60000017563334
18.821376524728645,5.199999606551371,14.200000216924746,80.60000017652389
18.852395842920693,5.199999604577041,14.20000021800545,80.60000017741751
18.883415161281558,5.199999602595954,14.200000219089818,80.60000017831423
18.914434479811803,5.199999600608098,14.200000220177863,80.60000017921404
18.94545379851194,5.199999598613464,14.200000221269585,80.60000018011695
18.97647311738262,5.19999959661204,14.200000222364995,80.60000018102296
19.00749243642441,5.199999594603815,14.200000223464098,80.60000018193209
19.038511755637956,5.199999592588779,14.200000224566898,80.60000018284433
19.069531075023733,5.19999959056692,14.200000225673397,80.60000018375968
19.100550394582402,5.199999588538227,14.20000022678361,80.60000018467817
19.1315697143145,5.199999586502691,14.200000227897538,80.60000018559977
19.162589034220623,5.199999584460299,14.200000229015187,80.60000018652451
19.19360835420162,5.19999958241104,14.200000230136562,80.6000001874524
19.22462767445757,5.199999580354905,14.20000023126167,80.60000018838342
19.25564699488932,5.199999578291881,14.200000232390517,80.6000001893176
19.28666631549746,5.199999576221959,14.200000233523108,80.60000019025493
19.317685636282558,5.199999574145126,14.200000234659448,80.60000019119542
19.34870495724522,5.199999572061373,14.200000235799548,80.60000019213908
19.37972427838603,5.1999995699706885,14.200000236943408,80.6000001930859
19.410743599705597,5.1999995678730615,14.200000238091038,80.6000001940359
19.44176292120453,5.19999956576848,14.200000239242438,80.60000019498908
19.472782242883397,5.199999563656936,14.20000024039762,80.60000019594544
19.503801564742776,5.199999561538418,14.200000241556587,80.600000196905
19.53482088678328,5.1999995594129125,14.200000242719343,80.60000019786774
19.565840209005543,5.199999557280409,14.200000243885896,80.60000019883368
19.596859531410114,5.199999555140901,14.200000245056255,80.60000019980285
19.62787885399762,5.199999552994374,14.20000024623042,80.6000002007752
19.65889817676871,5.1999995508408166,14.200000247408404,80.60000020175077
19.68991749972389,5.19999954868022,14.200000248590202,80.60000020272957
19.720936822863827,5.199999546512573,14.20000024977583,80.6000002037116
19.751956146189084,5.199999544337865,14.200000250965283,80.60000020469685
19.78297546970031,5.1999995421560845,14.200000252158581,80.60000020568535
19.813994793398084,5.199999539967221,14.200000253355721,80.60000020667705
19.845014117282957,5.199999537771263,14.200000254556707,80.60000020767202
19.87603344135561,5.199999535568201,14.200000255761552,80.60000020867024
19.907052765616676,5.1999995333580245,14.200000256970252,80.60000020967173
19.93807209006672,5.199999531140721,14.200000258182822,80.60000021067646
19.96909141470635,5.199999528916281,14.200000259399264,80.60000021168446
20.00011073953617,5.199999526684693,14.20000026061958,80.60000021269573
20.0311300645568,5.199999524445947,14.200000261843785,80.60000021371026
20.06214938976884,5.1999995222000335,14.200000263071876,80.60000021472808
20.093168715172922,5.199999519946939,14.200000264303863,80.6000002157492
20.12418804076965,5.1999995176866545,14.20000026553975,80.6000002167736
20.155207366559644,5.199999515419169,14.200000266779547,80.60000021780128
20.18622669254355,5.199999513144472,14.200000268023249,80.60000021883228
20.21724601872196,5.199999510862552,14.200000269270877,80.60000021986657
20.24826534509548,5.1999995085733985,14.200000270522423,80.60000022090418
20.279284671664733,5.199999506277002,14.200000271777903,80.6000002219451
20.310303998430374,5.199999503973351,14.200000273037316,80.60000022298934
20.341323325392988,5.199999501662433,14.20000027430067,80.60000022403689
20.372342652553233,5.1999994993442415,14.200000275567968,80.6000002250878
20.40336197991168,5.199999497018763,14.20000027683922,80.60000022614201
20.434381307468975,5.199999494685988,14.200000278114434,80.60000022719957
20.46540063522574,5.1999994923459045,14.200000279393606,80.60000022826048
20.49641996318259,5.199999489998503,14.200000280676752,80.60000022932473
20.527439291340194,5.1999994876437725,14.20000028196387,80.60000023039235
20.558458619699156,5.199999485281703,14.200000283254969,80.60000023146333
20.589477948260104,5.199999482912283,14.200000284550054,80.60000023253767
20.62049727702363,5.199999480535502,14.200000285849136,80.60000023361536
20.651516605990395,5.199999478151349,14.200000287152209,80.60000023469644
20.682535935161045,5.199999475759815,14.200000288459288,80.6000002357809
20.71355526453622,5.199999473360887,14.20000028977038,80.60000023686872
20.744574594116532,5.199999470954557,14.200000291085482,80.60000023795996
20.775593923902587,5.199999468540813,14.200000292404605,80.60000023905458
20.80661325389503,5.199999466119646,14.200000293727754,80.6000002401526
20.837632584094553,5.199999463691043,14.200000295054934,80.60000024125402
20.868651914501775,5.199999461254995,14.200000296386156,80.60000024235885
20.899671245117275,5.199999458811491,14.200000297721418,80.6000002434671
20.930690575941735,5.19999945636052,14.200000299060733,80.60000024457874
20.961709906975795,5.199999453902073,14.200000300404097,80.60000024569382
20.99272923822006,5.199999451436138,14.200000301751523,80.60000024681234
21.023748569675217,5.199999448962704,14.200000303103014,80.60000024793428
21.054767901341872,5.199999446481763,14.200000304458577,80.60000024905966
21.085787233220714,5.199999443993303,14.20000030581822,80.60000025018847
21.11680656531233,5.199999441497312,14.20000030718194,80.60000025132075
21.14782589761741,5.199999438993782,14.20000030854975,80.60000025245645
21.178845230136552,5.199999436482702,14.200000309921656,80.60000025359564
21.209864562870496,5.199999433964059,14.200000311297659,80.60000025473828
21.24088389581979,5.199999431437847,14.20000031267777,80.60000025588438
21.271903228985114,5.199999428904052,14.200000314061992,80.60000025703395
21.302922562367115,5.199999426362663,14.200000315450328,80.60000025818701
21.333941895966472,5.199999423813673,14.200000316842784,80.60000025934355
21.364961229783823,5.199999421257069,14.20000031823937,80.60000026050356
21.395980563819784,5.199999418692842,14.200000319640088,80.60000026166708
21.426999898075053,5.19999941612098,14.200000321044948,80.60000026283407
21.45801923255026,5.199999413541474,14.200000322453946,80.60000026400458
21.489038567246048,5.199999410954312,14.200000323867101,80.60000026517858
21.52005790216311,5.199999408359486,14.200000325284407,80.6000002663561
21.551077237302056,5.199999405756983,14.200000326705876,80.60000026753714
21.582096572663584,5.199999403146793,14.200000328131509,80.6000002687217
21.61311590824834,5.199999400528908,14.200000329561316,80.60000026990977
21.644135244056944,5.199999397903316,14.200000330995302,80.60000027110138
21.675154580090112,5.199999395270004,14.200000332433472,80.60000027229653
21.706173916348487,5.199999392628966,14.200000333875826,80.60000027349521
21.737193252832746,5.19999938998019,14.200000335322379,80.60000027469742
21.768212589543506,5.199999387323665,14.20000033677313,80.6000002759032
21.799231926481454,5.19999938465938,14.200000338228087,80.60000027711254
21.83025126364727,5.199999381987327,14.200000339687255,80.60000027832541
21.861270601041603,5.199999379307493,14.200000341150638,80.60000027954187
21.892289938665133,5.199999376619871,14.200000342618246,80.60000028076189
21.92330927651849,5.199999373924447,14.20000034409008,80.60000028198547
21.954328614602378,5.199999371221212,14.200000345566147,80.60000028321264
21.985347952917433,5.1999993685101575,14.200000347046455,80.60000028444338
22.01636729146438,5.19999936579127,14.200000348531006,80.60000028567774
22.04738663024384,5.199999363064543,14.200000350019806,80.60000028691564
22.07840596925654,5.199999360329962,14.200000351512863,80.60000028815718
22.10942530850309,5.1999993575875205,14.20000035301018,80.6000002894023
22.140444647984193,5.199999354837205,14.200000354511763,80.60000029065102
22.171463987700506,5.199999352079007,14.20000035601762,80.60000029190337
22.202483327652693,5.1999993493129155,14.20000035752775,80.60000029315934
22.233502667841492,5.199999346538921,14.200000359042168,80.60000029441892
22.264522008267516,5.199999343757013,14.200000360560871,80.60000029568212
22.295541348931458,5.199999340967181,14.20000036208387,80.60000029694895
22.32656068983403,5.199999338169415,14.200000363611165,80.60000029821943
22.357580030975875,5.199999335363704,14.200000365142767,80.60000029949353
22.388599372357703,5.199999332550038,14.200000366678683,80.60000030077128
22.419618713980153,5.199999329728408,14.200000368218909,80.60000030205268
22.450638055843932,5.199999326898802,14.200000369763464,80.60000030333774
22.481657397949704,5.199999324061212,14.20000037131234,80.60000030462645
22.512676740298172,5.199999321215625,14.200000372865548,80.60000030591883
22.543696082890055,5.199999318362032,14.200000374423096,80.60000030721487
22.574715425725994,5.199999315500422,14.200000375984986,80.6000003085146
22.605734768806656,5.199999312630788,14.200000377551225,80.60000030981799
22.636754112132774,5.1999993097531165,14.20000037912182,80.60000031112506
22.667773455705003,5.199999306867398,14.200000380696773,80.60000031243582
22.698792799524043,5.199999303973623,14.200000382276093,80.60000031375029
22.7298121435906,5.199999301071782,14.200000383859779,80.60000031506844
22.760831487905367,5.199999298161862,14.200000385447845,80.6000003163903
22.79185083246899,5.199999295243855,14.20000038704029,80.60000031771585
22.822870177282212,5.1999992923177505,14.200000388637127,80.60000031904512
22.85388952234568,5.199999289383539,14.200000390238351,80.6000003203781
22.88490886766017,5.1999992864412095,14.200000391843975,80.60000032171482
22.91592821322631,5.199999283490751,14.200000393454001,80.60000032305526
22.94694755904476,5.199999280532156,14.200000395068441,80.6000003243994
22.97796690511626,5.199999277565412,14.20000039668729,80.6000003257473
23.00898625144155,5.199999274590509,14.200000398310559,80.60000032709893
23.040005598021278,5.199999271607437,14.200000399938254,80.60000032845431
23.071024944856156,5.199999268616187,14.200000401570378,80.60000032981344
23.102044291946886,5.199999265616747,14.20000040320694,80.60000033117632
23.133063639294146,5.1999992626091105,14.20000040484794,80.60000033254295
23.164082986898663,5.199999259593264,14.200000406493388,80.60000033391334
23.195102334761152,5.199999256569197,14.200000408143287,80.60000033528752
23.226121682882273,5.1999992535369035,14.200000409797644,80.60000033666546
23.257141031262773,5.1999992504963695,14.200000411456468,80.60000033804717
23.288160379903346,5.199999247447586,14.200000413119756,80.60000033943267
23.319179728804684,5.1999992443905425,14.200000414787517,80.60000034082194
23.35019907796754,5.19999924132523,14.20000041645976,80.60000034221501
23.381218427392575,5.199999238251639,14.200000418136485,80.60000034361188
23.412237777080467,5.1999992351697575,14.200000419817702,80.60000034501253
23.44325712703201,5.199999232079576,14.200000421503411,80.600000346417
23.47427647724784,5.199999228981085,14.200000423193625,80.60000034782529
23.50529582772872,5.199999225874275,14.200000424888342,80.60000034923738
23.53631517847536,5.199999222759136,14.200000426587572,80.60000035065329
23.56733452948844,5.1999992196356555,14.200000428291318,80.60000035207302
23.598353880768727,5.199999216503826,14.200000429999585,80.6000003534966
23.629373232316908,5.199999213363636,14.20000043171238,80.60000035492398
23.660392584133678,5.1999992102150765,14.200000433429707,80.60000035635522
23.691411936219755,5.199999207058138,14.200000435151575,80.6000003577903
23.72243128857585,5.1999992038928085,14.200000436877982,80.60000035922921
23.75345064120272,5.19999920071908,14.200000438608942,80.60000036067197
23.784469994101055,5.1999991975369415,14.200000440344452,80.6000003621186
23.815489347271566,5.199999194346383,14.200000442084526,80.6000003635691
23.846508700715034,5.199999191147395,14.200000443829161,80.60000036502343
23.8775280544321,5.199999187939967,14.200000445578368,80.60000036648167
23.908547408423523,5.19999918472409,14.200000447332151,80.60000036794376
23.939566762690067,5.199999181499753,14.200000449090513,80.60000036940973
23.970586117232433,5.199999178266947,14.200000450853464,80.60000037087958
24.001605472051306,5.199999175025661,14.200000452621007,80.60000037235334
24.032624827147426,5.199999171775885,14.200000454393141,80.60000037383097
24.06364418252152,5.19999916851761,14.200000456169882,80.6000003753125
24.094663538174327,5.1999991652508255,14.200000457951232,80.60000037679794
24.125682894106603,5.199999161975523,14.200000459737188,80.60000037828729
24.156702250319036,5.19999915869169,14.200000461527768,80.60000037978054
24.187721606812396,5.199999155399318,14.200000463322974,80.60000038127771
24.218740963587358,5.199999152098397,14.200000465122804,80.6000003827788
24.249760320644715,5.199999148788917,14.200000466927264,80.60000038428382
24.280779677985155,5.19999914547087,14.20000046873637,80.60000038579275
24.311799035609425,5.199999142144242,14.200000470550117,80.60000038730564
24.342818393518264,5.199999138809027,14.200000472368519,80.60000038882245
24.373837751712415,5.199999135465213,14.20000047419157,80.60000039034321
24.404857110192573,5.19999913211279,14.200000476019284,80.60000039186792
24.43587646895955,5.19999912875175,14.200000477851663,80.60000039339658
24.466895828013996,5.199999125382082,14.200000479688713,80.60000039492921
24.497915187356686,5.199999122003775,14.200000481530441,80.60000039646577
24.528934546988364,5.19999911861682,14.20000048337685,80.60000039800632
24.559953906909822,5.199999115221209,14.200000485227946,80.60000039955084
24.590973267121726,5.19999911181693,14.200000487083733,80.60000040109934
24.621992627624806,5.199999108403974,14.20000048894422,80.6000004026518
24.653011988419888,5.19999910498233,14.200000490809405,80.60000040420826
24.68403134950767,5.199999101551988,14.200000492679301,80.60000040576871
24.71505071088888,5.199999098112942,14.200000494553914,80.60000040733316
24.74607007256432,5.199999094665178,14.20000049643324,80.60000040890158
24.777089434534663,5.199999091208688,14.200000498317292,80.60000041047401
24.80810879680073,5.199999087743462,14.200000500206073,80.60000041205046
24.839128159363227,5.199999084269489,14.200000502099586,80.60000041363092
24.870147522222886,5.199999080786761,14.20000050399784,80.6000004152154
24.901166885380476,5.199999077295267,14.200000505900837,80.6000004168039
24.932186248836757,5.199999073794999,14.200000507808586,80.6000004183964
24.963205612592464,5.199999070285944,14.20000050972109,80.60000041999297
24.994224976648372,5.199999066768095,14.200000511638352,80.60000042159355
25.025244341005205,5.199999063241442,14.200000513560385,80.60000042319817
25.056263705663714,5.1999990597059735,14.200000515487183,80.60000042480684
25.087283070624665,5.199999056161682,14.20000051741876,80.60000042641956
25.118302435888832,5.199999052608556,14.200000519355116,80.60000042803632
25.14932180135724,5.1999990490465855,14.20000052129626,80.60000042965716
25.180341167230115,5.199999045475764,14.200000523242199,80.60000043128204
25.211360533408435,5.199999041896077,14.20000052519293,80.60000043291099
25.24237989989301,5.199999038307519,14.200000527148465,80.60000043454401
25.27339926668457,5.199999034710077,14.200000529108808,80.60000043618112
25.304418633783897,5.199999031103742,14.200000531073961,80.60000043782229
25.335438001191736,5.199999027488507,14.200000533043935,80.60000043946755
25.366457368908833,5.199999023864359,14.200000535018727,80.60000044111692
25.397476736935996,5.1999990202312905,14.200000536998353,80.60000044277035
25.428496105273936,5.19999901658929,14.20000053898281,80.6000004444279
25.459515473923496,5.199999012938349,14.200000540972106,80.60000044608955
25.490534842885385,5.199999009278458,14.200000542966244,80.6000004477553
25.5215542121604,5.199999005609607,14.200000544965233,80.60000044942515
25.552573581749275,5.199999001931785,14.200000546969074,80.60000045109913
25.583592951652783,5.199998998244985,14.200000548977773,80.60000045277724
25.614612321871718,5.199998994549195,14.20000055099134,80.60000045445946
25.645631692406802,5.199998990844406,14.200000553009776,80.60000045614582
25.676651063258856,5.19999898713061,14.200000555033085,80.6000004578363
25.707670434428604,5.199998983407794,14.200000557061276,80.60000045953093
25.738689805916845,5.199998979675951,14.20000055909435,80.6000004612297
25.769709177724337,5.199998975935071,14.200000561132315,80.60000046293261
25.800728549851883,5.199998972185143,14.200000563175175,80.60000046463969
25.831747922300277,5.199998968426159,14.200000565222936,80.6000004663509
25.862767295070253,5.199998964658108,14.2000005672756,80.60000046806628
25.893786668162583,5.199998960880984,14.200000569333179,80.60000046978584
25.92480604157805,5.199998957094771,14.200000571395671,80.60000047150956
25.955825415317417,5.199998953299464,14.200000573463086,80.60000047323746
25.98684478938153,5.199998949495052,14.200000575535428,80.60000047496952
26.017864163771097,5.199998945681526,14.200000577612698,80.60000047670577
26.048883538486937,5.199998941858876,14.200000579694908,80.60000047844622
26.07990291352981,5.199998938027093,14.200000581782056,80.60000048019084
26.110922288900525,5.1999989341861665,14.200000583874154,80.60000048193969
26.141941664599823,5.199998930336088,14.200000585971203,80.60000048369271
26.172961040628522,5.199998926476847,14.200000588073209,80.60000048544995
26.203980416987402,5.199998922608433,14.200000590180176,80.60000048721139
26.234999793677193,5.19999891873084,14.200000592292112,80.60000048897706
26.26601917069882,5.199998914844054,14.20000059440902,80.60000049074692
26.297038548052917,5.199998910948068,14.200000596530904,80.60000049252103
26.328057925740364,5.199998907042872,14.200000598657772,80.60000049429937
26.359077303761932,5.199998903128457,14.200000600789625,80.60000049608192
26.39009668211839,5.199998899204813,14.200000602926476,80.6000004978687
26.421116060810547,5.199998895271929,14.200000605068322,80.60000049965976
26.452135439839193,5.199998891329798,14.200000607215172,80.60000050145503
26.483154819205115,5.19999888737841,14.200000609367027,80.60000050325456
26.514174198909085,5.199998883417754,14.200000611523897,80.60000050505836
26.545193578951903,5.199998879447822,14.200000613685788,80.6000005068664
26.576212959334377,5.199998875468602,14.200000615852698,80.6000005086787
26.607232340057312,5.199998871480088,14.20000061802464,80.60000051049528
26.638251721121488,5.199998867482269,14.200000620201614,80.60000051231611
26.66927110252771,5.199998863475134,14.20000062238363,80.60000051414123
26.70029048427677,5.199998859458676,14.200000624570682,80.60000051597063
26.731309866369504,5.199998855432883,14.20000062676279,80.60000051780433
26.762329248806644,5.199998851397749,14.20000062895995,80.60000051964231
26.793348631589055,5.19999884735326,14.200000631162165,80.60000052148457
26.824368014717454,5.199998843299411,14.20000063336945,80.60000052333113
26.85538739819274,5.19999883923619,14.2000006355818,80.60000052518201
26.88640678201566,5.199998835163588,14.200000637799226,80.60000052703718
26.917426166187017,5.1999988310815946,14.20000064002173,80.60000052889667
26.948445550707632,5.199998826990202,14.20000064224932,80.60000053076048
26.979464935578324,5.1999988228894,14.200000644481998,80.6000005326286
27.010484320799847,5.19999881877918,14.200000646719769,80.60000053450105
27.04150370637306,5.199998814659532,14.200000648962641,80.60000053637782
27.07252309229875,5.199998810530445,14.200000651210615,80.60000053825894
27.103542478577683,5.199998806391912,14.200000653463698,80.60000054014439
27.134561865210763,5.199998802243923,14.200000655721901,80.60000054203418
27.165581252198688,5.199998798086466,14.200000657985221,80.6000005439283
27.196600639542346,5.199998793919536,14.200000660253668,80.6000005458268
27.227620027242544,5.1999987897431215,14.200000662527238,80.60000054772965
27.258639415300102,5.199998785557212,14.200000664805948,80.60000054963685
27.289658803715806,5.199998781361799,14.200000667089792,80.60000055154842
27.32067819249045,5.199998777156873,14.200000669378788,80.60000055346434
27.351697581624922,5.1999987729424255,14.200000671672926,80.60000055538465
27.382716971119965,5.199998768718446,14.200000673972223,80.60000055730934
27.413736360976436,5.199998764484926,14.20000067627668,80.6000005592384
27.444755751195125,5.199998760241855,14.200000678586303,80.60000056117185
27.475775141776854,5.199998755989225,14.200000680901095,80.60000056310967
27.5067945327224,5.199998751727026,14.200000683221061,80.60000056505191
27.537813924032672,5.199998747455249,14.200000685546208,80.60000056699855
27.568833315708435,5.199998743173882,14.200000687876535,80.60000056894958
27.599852707750543,5.19999873888292,14.20000069021206,80.60000057090502
27.630872100159813,5.199998734582351,14.200000692552772,80.60000057286487
27.661891492937034,5.199998730272166,14.200000694898687,80.60000057482914
27.692910886083034,5.199998725952358,14.200000697249807,80.60000057679784
27.72393027959867,5.199998721622913,14.200000699606136,80.60000057877095
27.754949673484752,5.199998717283826,14.20000070196768,80.6000005807485
27.785969067742087,5.199998712935085,14.200000704334443,80.60000058273047
27.816988462371523,5.199998708576682,14.200000706706431,80.6000005847169
27.84800785737389,5.199998704208608,14.20000070908365,80.60000058670774
27.879027252749985,5.199998699830852,14.200000711466101,80.60000058870304
27.910046648500675,5.199998695443406,14.200000713853795,80.6000005907028
27.941066044626787,5.199998691046261,14.20000071624673,80.600000592707
27.972085441129167,5.199998686639406,14.200000718644917,80.60000059471568
28.003104838008593,5.199998682222834,14.200000721048358,80.6000005967288
28.034124235265924,5.199998677796534,14.200000723457057,80.60000059874642
28.065143632902004,5.199998673360499,14.200000725871023,80.60000060076848
28.09616303091761,5.199998668914716,14.200000728290258,80.60000060279502
28.127182429313653,5.199998664459179,14.200000730714763,80.60000060482606
28.15820182809094,5.199998659993877,14.200000733144552,80.60000060686157
28.189221227250314,5.199998655518801,14.200000735579623,80.60000060890158
28.22024062679261,5.199998651033944,14.200000738019986,80.60000061094608
28.251260026718636,5.199998646539293,14.200000740465644,80.60000061299506
28.282279427029284,5.19999864203484,14.200000742916597,80.60000061504856
28.31329882772536,5.1999986375205784,14.200000745372854,80.60000061710657
28.34431822880773,5.199998632996496,14.200000747834421,80.60000061916908
28.375337630277183,5.199998628462586,14.200000750301307,80.6000006212361
28.40635703213456,5.199998623918835,14.200000752773503,80.60000062330765
28.437376434380756,5.199998619365238,14.200000755251027,80.60000062538373
28.4683958370166,5.1999986148017845,14.200000757733882,80.60000062746433
28.49941524004291,5.199998610228464,14.200000760222068,80.60000062954946
28.530434643460577,5.19999860564527,14.200000762715593,80.60000063163913
28.561454047270416,5.199998601052191,14.200000765214464,80.60000063373334
28.592473451473282,5.199998596449218,14.200000767718675,80.6000006358321
28.62349285607003,5.199998591836341,14.200000770228247,80.60000063793541
28.65451226106149,5.199998587213554,14.200000772743177,80.60000064004326
28.685531666448522,5.199998582580847,14.200000775263469,80.60000064215569
28.716551072231965,5.199998577938207,14.200000777789127,80.60000064427267
28.74757047841269,5.199998573285629,14.20000078032016,80.60000064639421
28.778589884991558,5.199998568623102,14.20000078285657,80.60000064852034
28.809609291969373,5.1999985639506185,14.200000785398364,80.60000065065101
28.840628699347015,5.199998559268167,14.200000787945545,80.60000065278629
28.8716481071253,5.199998554575739,14.200000790498116,80.60000065492613
28.90266751530514,5.199998549873327,14.20000079305609,80.60000065707058
28.93368692388736,5.199998545160919,14.200000795619461,80.60000065921962
28.964706332872847,5.199998540438509,14.200000798188242,80.60000066137324
28.995725742262422,5.1999985357060865,14.200000800762433,80.60000066353147
29.026745152056943,5.199998530963642,14.200000803342045,80.60000066569431
29.057764562257248,5.199998526211166,14.200000805927074,80.60000066786176
29.088783972864263,5.199998521448651,14.200000808517533,80.60000067003381
29.11980338387881,5.199998516676087,14.200000811113423,80.6000006722105
29.150822795301732,5.1999985118934635,14.200000813714746,80.6000006743918
29.18184220713392,5.199998507100774,14.200000816321515,80.60000067657771
29.21286161937623,5.1999985022980075,14.200000818933727,80.60000067876827
29.24388103202957,5.199998497485156,14.200000821551395,80.60000068096345
29.274900445094733,5.199998492662209,14.200000824174513,80.60000068316327
29.3059198585726,5.199998487829159,14.200000826803095,80.60000068536775
29.336939272464054,5.199998482985996,14.200000829437146,80.60000068757685
29.367958686769928,5.19999847813271,14.200000832076661,80.60000068979063
29.398978101491156,5.199998473269296,14.200000834721656,80.60000069200905
29.42999751662854,5.199998468395741,14.200000837372128,80.60000069423214
29.461016932083275,5.199998463512035,14.200000840028085,80.60000069645989
29.49203634805563,5.199998458618173,14.200000842689533,80.60000069869228
29.523055764446745,5.199998453714143,14.200000845356476,80.60000070092939
29.554075181257502,5.199998448799937,14.200000848028921,80.60000070317115
29.585094598488787,5.199998443875545,14.20000085070687,80.60000070541759
29.61611401614147,5.19999843894096,14.200000853390327,80.60000070766871
29.647133434216457,5.1999984339961705,14.200000856079296,80.60000070992453
29.678152852714614,5.19999842904117,14.200000858773787,80.60000071218505
29.70917227163677,5.199998424075946,14.2000008614738,80.60000071445026
29.74019169098384,5.199998419100494,14.20000086417934,80.60000071672016
29.771211110756663,5.199998414114801,14.200000866890417,80.60000071899478
29.80223053095614,5.19999840911886,14.20000086960703,80.60000072127411
29.833249951583145,5.1999984041126615,14.200000872329188,80.60000072355815
29.86426937263854,5.199998399096197,14.200000875056896,80.60000072584691
29.895288794123246,5.199998394069456,14.200000877790151,80.6000007281404
29.926308216038098,5.199998389032432,14.200000880528965,80.60000073043861
29.95732763838399,5.199998383985113,14.200000883273345,80.60000073274153
29.988347061161814,5.199998378927492,14.200000886023286,80.60000073504922
30.019366484372462,5.199998373859561,14.200000888778808,80.60000073736163
30.05038590801681,5.199998368781308,14.200000891539899,80.60000073967879
30.081405332095706,5.199998363692726,14.200000894306575,80.6000007420007
30.112424756610075,5.199998358593804,14.200000897078835,80.60000074432736
30.143444181560792,5.1999983534845375,14.20000089985669,80.60000074665878
30.174463606948777,5.199998348364913,14.200000902640136,80.60000074899494
30.205483032774833,5.199998343234924,14.200000905429189,80.60000075133588
30.236502459039936,5.199998338094561,14.200000908223842,80.6000007536816
30.267521885744898,5.199998332943814,14.200000911024107,80.60000075603207
30.298541312890706,5.199998327782676,14.200000913829989,80.60000075838734
30.329560740478126,5.199998322611136,14.200000916641486,80.60000076074738
30.36058016850816,5.199998317429186,14.20000091945861,80.6000007631122
30.391599596981635,5.199998312236817,14.200000922281367,80.60000076548181
30.422619025899493,5.199998307034019,14.200000925109757,80.60000076785623
30.45363845526256,5.199998301820787,14.200000927943785,80.60000077023544
30.484657885071794,5.1999982965971085,14.200000930783455,80.60000077261944
30.515677315328052,5.1999982913629745,14.200000933628775,80.60000077500825
30.546696746032282,5.199998286118377,14.20000093647975,80.60000077740187
30.577716177185298,5.199998280863307,14.200000939336382,80.60000077980031
30.608735608788063,5.199998275597755,14.200000942198676,80.60000078220358
30.63975504084142,5.199998270321715,14.200000945066641,80.60000078461165
30.670774473346306,5.199998265035174,14.200000947940275,80.60000078702456
30.70179390630362,5.199998259738125,14.200000950819586,80.60000078944229
30.732813339714255,5.19999825443056,14.200000953704578,80.60000079186487
30.76383277357913,5.199998249112469,14.200000956595261,80.60000079429227
30.79485220789912,5.199998243783844,14.200000959491632,80.60000079672453
30.82587164267515,5.199998238444675,14.2000009623937,80.60000079916163
30.856891077908045,5.199998233094952,14.200000965301465,80.60000080160358
30.887910513598804,5.199998227734669,14.20000096821494,80.60000080405038
30.918929949748268,5.199998222363816,14.200000971134127,80.60000080650205
30.949949386357414,5.199998216982384,14.200000974059023,80.6000008089586
30.980968823427094,5.199998211590364,14.200000976989646,80.60000081141999
31.01198826095823,5.199998206187748,14.200000979925989,80.60000081388627
31.043007698951747,5.199998200774525,14.20000098286806,80.60000081635741
31.074027137408496,5.199998195350688,14.20000098581587,80.60000081883344
31.105046576329443,5.199998189916228,14.200000988769416,80.60000082131435
31.13606601571548,5.199998184471136,14.200000991728706,80.60000082380016
31.167085455567506,5.199998179015403,14.200000994693744,80.60000082629085
31.198104895886434,5.199998173549021,14.200000997664533,80.60000082878645
31.229124336673195,5.19999816807198,14.200001000641082,80.60000083128693
31.260143777928683,5.199998162584271,14.200001003623393,80.60000083379234
31.291163219653843,5.199998157085887,14.20000100661147,80.60000083630264
31.322182661849556,5.199998151576817,14.200001009605323,80.60000083881786
31.35320210451678,5.199998146057054,14.200001012604947,80.600000841338
31.384221547656395,5.1999981405265885,14.200001015610352,80.60000084386306
31.415240991269304,5.199998134985411,14.200001018621547,80.60000084639304
31.446260435356418,5.199998129433514,14.200001021638531,80.60000084892795
31.47727987981901,5.199998123870887,14.200001024661308,80.60000085146781
31.508299324857365,5.199998118297524,14.200001027689888,80.60000085401259
31.539318770372706,5.199998112713413,14.200001030724273,80.60000085656232
31.570338216365933,5.199998107118548,14.200001033764467,80.60000085911699
31.601357662838055,5.199998101512918,14.200001036810473,80.60000086167662
31.63237710978989,5.199998095896515,14.2000010398623,80.60000086424118
31.663396557222384,5.199998090269331,14.200001042919949,80.60000086681072
31.694416005136485,5.199998084631356,14.200001045983427,80.60000086938521
31.725435453533123,5.199998078982582,14.200001049052736,80.60000087196468
31.75645490241324,5.199998073323001,14.200001052127883,80.60000087454911
31.78747435177764,5.199998067652603,14.200001055208874,80.60000087713853
31.818493801627387,5.19999806197138,14.200001058295712,80.60000087973292
31.84951325196332,5.199998056279323,14.200001061388399,80.60000088233228
31.88053270278643,5.199998050576422,14.200001064486942,80.60000088493663
31.91155215409761,5.199998044862672,14.20000106759135,80.60000088754597
31.94257160589784,5.19999803913806,14.20000107070162,80.60000089016032
31.973591058188017,5.199998033402578,14.200001073817761,80.60000089277966
32.00461051096901,5.199998027656219,14.200001076939778,80.600000895404
32.03562996424188,5.199998021898974,14.20000108006767,80.60000089803336
32.06664941800746,5.199998016130835,14.200001083201453,80.60000090066771
32.0976688722667,5.199998010351791,14.200001086341121,80.60000090330709
32.12868832692087,5.199998004561834,14.200001089486683,80.60000090595149
32.159707782170294,5.199997998760957,14.200001092638143,80.6000009086009
32.19072723791621,5.199997992949149,14.200001095795503,80.60000091125534
32.221746694159464,5.1999979871264035,14.200001098958776,80.60000091391481
32.252766150901124,5.199997981292711,14.200001102127956,80.60000091657933
32.28378560814209,5.199997975448061,14.200001105303059,80.60000091924888
32.31480506588327,5.199997969592447,14.200001108484075,80.60000092192348
32.345824524125604,5.19999796372586,14.200001111671021,80.60000092460312
32.37684398287001,5.199997957848291,14.2000011148639,80.60000092728781
32.40786344211748,5.199997951959731,14.20000111806271,80.60000092997755
32.43888290186897,5.199997946060172,14.200001121267464,80.60000093267237
32.46990236212533,5.199997940149605,14.200001124478161,80.60000093537224
32.50092182288759,5.199997934228021,14.200001127694806,80.60000093807717
32.53194128415668,5.199997928295413,14.200001130917405,80.60000094078718
32.562960745933545,5.19999792235177,14.200001134145964,80.60000094350227
32.59398020821906,5.199997916397085,14.200001137380486,80.60000094622242
32.62499967101427,5.199997910431349,14.200001140620975,80.60000094894768
32.65601913432005,5.199997904454552,14.200001143867436,80.60000095167801
32.68703859813739,5.199997898466687,14.200001147119872,80.60000095441345
32.71805806246725,5.199997892467745,14.200001150378291,80.60000095715397
32.7490775273105,5.199997886457717,14.200001153642697,80.60000095989959
32.780096992668184,5.199997880436595,14.200001156913093,80.60000096265031
32.81111645854122,5.19999787440437,14.200001160189485,80.60000096540615
32.84213592493053,5.1999978683610335,14.200001163471876,80.60000096816708
32.873155391837045,5.199997862306578,14.20000116676027,80.60000097093315
32.90417485926183,5.199997856240992,14.200001170054675,80.60000097370434
32.93519432720571,5.1999978501642685,14.200001173355092,80.60000097648063
32.96621379566975,5.1999978440764005,14.20000117666153,80.60000097926206
32.9972332646548,5.199997837977378,14.200001179973992,80.60000098204863
33.02825273406214,5.199997831867191,14.20000118329248,80.60000098484032
33.05927220409218,5.199997825745833,14.200001186616998,80.60000098763716
33.09029167464615,5.199997819613294,14.200001189947553,80.60000099043916
33.12131114572503,5.199997813469567,14.200001193284152,80.60000099324628
33.15233061732971,5.1999978073146425,14.200001196626793,80.60000099605857
33.18335008946125,5.199997801148513,14.200001199975487,80.600000998876
33.214369562120545,5.199997794971168,14.200001203330237,80.6000010016986
33.24538903530857,5.199997788782599,14.200001206691043,80.60000100452636
33.27640850902626,5.199997782582798,14.20000121005792,80.60000100735928
33.3074279832746,5.199997776371759,14.200001213430857,80.60000101019739
33.33844745805454,5.19999777014947,14.200001216809873,80.60000101304065
33.36946693336707,5.199997763915923,14.200001220194963,80.6000010158891
33.40048640921316,5.1999977576711105,14.200001223586137,80.60000101874274
33.4315058855937,5.199997751415024,14.2000012269834,80.60000102160157
33.46252536250973,5.199997745147655,14.200001230386755,80.60000102446558
33.49354483996222,5.199997738868993,14.200001233796206,80.6000010273348
33.524564317952084,5.199997732579032,14.200001237211755,80.60000103020921
33.55558379648035,5.199997726277763,14.200001240633409,80.60000103308883
33.58660327554796,5.199997719965176,14.200001244061175,80.60000103597365
33.61762275515586,5.199997713641264,14.200001247495052,80.6000010388637
33.64864223520534,5.199997707306018,14.20000125093505,80.60000104175893
33.67966171589678,5.199997700959429,14.200001254381176,80.6000010446594
33.710681197131485,5.19999769460149,14.200001257833422,80.60000104756509
33.741700678910334,5.199997688232189,14.200001261291806,80.600001050476
33.77272016123436,5.199997681851522,14.200001264756324,80.60000105339216
33.80373964410451,5.199997675459478,14.200001268226986,80.60000105631353
33.83475912752179,5.199997669056049,14.200001271703794,80.60000105924016
33.865778611487194,5.199997662641227,14.200001275186752,80.60000106217203
33.89679809600167,5.199997656215001,14.200001278675867,80.60000106510914
33.92781758106616,5.199997649777367,14.200001282171137,80.6000010680515
33.9588370666817,5.199997643328312,14.200001285672576,80.60000107099911
33.98985655284922,5.19999763686783,14.20000128918018,80.60000107395199
34.02087603956973,5.199997630395913,14.200001292693962,80.60000107691012
34.05189552684417,5.199997623912551,14.200001296213918,80.60000107987352
34.08291501467357,5.199997617417736,14.200001299740055,80.60000108284221
34.113934503058886,5.19999761091146,14.200001303272384,80.60000108581616
34.144953992001106,5.199997604393714,14.200001306810902,80.60000108879538
34.17597348150123,5.199997597864491,14.200001310355617,80.60000109177989
34.20699297156021,5.19999759132378,14.200001313906533,80.6000010947697
34.23801246217902,5.199997584771574,14.20000131746365,80.60000109776477
34.26903195335868,5.199997578207865,14.200001321026981,80.60000110076516
34.300051445100195,5.199997571632644,14.200001324596522,80.60000110377084
34.33107093740451,5.199997565045903,14.200001328172284,80.60000110678182
34.36209043027261,5.199997558447633,14.200001331754267,80.6000011097981
34.39310992370551,5.199997551837825,14.20000133534248,80.6000011128197
34.42412941770415,5.199997545216473,14.200001338936923,80.6000011158466
34.45514891226957,5.199997538583566,14.200001342537604,80.60000111887882
34.48616840740275,5.199997531939095,14.200001346144528,80.60000112191638
34.517187903104656,5.199997525283055,14.200001349757695,80.60000112495925
34.548207399376274,5.199997518615436,14.200001353377111,80.60000112800745
34.57922689621866,5.199997511936229,14.200001357002783,80.60000113106098
34.61024639363276,5.199997505245425,14.200001360634715,80.60000113411986
34.64126589161953,5.199997498543017,14.200001364272907,80.60000113718408
34.67228539018004,5.199997491828996,14.20000136791737,80.60000114025362
34.70330488931526,5.199997485103355,14.200001371568108,80.60000114332854
34.734324389026156,5.199997478366083,14.200001375225119,80.6000011464088
34.76534388931379,5.1999974716171735,14.20000137888841,80.60000114949442
34.79636339017912,5.199997464856619,14.20000138255799,80.60000115258539
34.82738289162311,5.1999974580844075,14.20000138623386,80.60000115568174
34.85840239364677,5.199997451300534,14.200001389916023,80.60000115878344
34.88942189625107,5.199997444504989,14.200001393604486,80.60000116189052
34.92044139943712,5.199997437697765,14.200001397299253,80.600001165003
34.95146090320581,5.199997430878851,14.200001401000325,80.60000116812083
34.982480407558235,5.199997424048242,14.200001404707715,80.60000117124405
35.01349991249535,5.199997417205927,14.200001408421423,80.60000117437265
35.04451941801812,5.199997410351899,14.20000141214145,80.60000117750666
35.07553892412759,5.19999740348615,14.2000014158678,80.60000118064605
35.10655843082474,5.199997396608671,14.200001419600486,80.60000118379085
35.13757793811061,5.199997389719453,14.200001423339504,80.60000118694104
35.168597445986194,5.19999738281849,14.200001427084864,80.60000119009665
35.199616954452495,5.19999737590577,14.200001430836561,80.60000119325767
35.23063646351049,5.199997368981289,14.200001434594611,80.6000011964241
35.26165597316123,5.199997362045035,14.200001438359017,80.60000119959595
35.292675483405695,5.199997355097001,14.200001442129775,80.60000120277321
35.32369499424491,5.199997348137179,14.2000014459069,80.60000120595592
35.354714505679915,5.199997341165561,14.200001449690387,80.60000120914405
35.38573401771167,5.199997334182139,14.200001453480246,80.60000121233762
35.41675353034121,5.199997327186902,14.200001457276478,80.60000121553662
35.44777304356956,5.199997320179845,14.200001461079093,80.60000121874107
35.47879255739768,5.199997313160958,14.200001464888087,80.60000122195096
35.50981207182662,5.199997306130233,14.200001468703475,80.6000012251663
35.54083158685742,5.199997299087662,14.200001472525253,80.60000122838709
35.571851102491074,5.199997292033236,14.200001476353426,80.60000123161333
35.6028706187286,5.199997284966947,14.200001480188003,80.60000123484505
35.63389013557097,5.199997277888787,14.200001484028988,80.60000123808221
35.66490965301923,5.1999972707987485,14.200001487876381,80.60000124132488
35.69592917107441,5.1999972636968215,14.200001491730191,80.60000124457298
35.72694868973748,5.199997256582998,14.200001495590417,80.60000124782658
35.757968209009555,5.199997249457271,14.200001499457068,80.60000125108566
35.7889877288916,5.199997242319632,14.200001503330148,80.60000125435022
35.82000724938462,5.199997235170072,14.200001507209661,80.60000125762026
35.85102677048966,5.199997228008582,14.20000151109561,80.60000126089581
35.88204629220771,5.199997220835157,14.200001514988001,80.60000126417684
35.913065814539856,5.199997213649785,14.200001518886834,80.60000126746338
35.94408533748706,5.199997206452458,14.200001522792121,80.60000127075541
35.97510486105034,5.199997199243172,14.200001526703865,80.60000127405296
36.00612438523077,5.199997192021915,14.200001530622064,80.60000127735603
36.03714391002939,5.199997184788678,14.200001534546727,80.6000012806646
36.068163435447154,5.199997177543455,14.200001538477858,80.60000128397868
36.09918296148514,5.199997170286238,14.200001542415464,80.6000012872983
36.13020248814438,5.199997163017017,14.200001546359541,80.60000129062344
36.161222015425835,5.199997155735785,14.200001550310102,80.60000129395412
36.192241543330624,5.199997148442534,14.20000155426715,80.60000129729032
36.223261071859724,5.1999971411372545,14.200001558230685,80.60000130063206
36.25428060101415,5.199997133819939,14.200001562200718,80.60000130397934
36.28530013079496,5.1999971264905795,14.200001566177246,80.60000130733218
36.316319661203195,5.1999971191491685,14.200001570160278,80.60000131069054
36.34733919223991,5.199997111795696,14.200001574149818,80.6000013140545
36.378358723906096,5.199997104430156,14.200001578145866,80.60000131742397
36.409378256202785,5.199997097052537,14.200001582148433,80.60000132079904
36.44039778913103,5.199997089662834,14.200001586157521,80.60000132417964
36.47141732269185,5.199997082261038,14.200001590173134,80.60000132756583
36.502436856886334,5.19999707484714,14.200001594195275,80.60000133095758
36.53345639171546,5.199997067421132,14.200001598223952,80.60000133435491
36.56447592718029,5.199997059983008,14.200001602259164,80.60000133775783
36.59549546328186,5.199997052532756,14.20000160630092,80.60000134116633
36.626515000021215,5.19999704507037,14.200001610349222,80.6000013445804
36.65753453739934,5.199997037595842,14.200001614404073,80.60000134800008
36.688554075417315,5.199997030109163,14.200001618465482,80.60000135142535
36.71957361407622,5.199997022610326,14.20000162253345,80.60000135485622
36.750593153377025,5.199997015099322,14.200001626607984,80.6000013582927
36.781612693320824,5.199997007576143,14.200001630689085,80.60000136173477
36.81263223390868,5.199997000040781,14.200001634776758,80.60000136518246
36.84365177514156,5.199996992493228,14.20000163887101,80.60000136863576
36.87467131702056,5.199996984933476,14.200001642971841,80.60000137209468
36.90569085954673,5.199996977361514,14.200001647079258,80.60000137555923
36.9367104027211,5.199996969777339,14.200001651193267,80.6000013790294
36.96772994654468,5.199996962180939,14.200001655313871,80.6000013825052
36.99874949101854,5.199996954572306,14.200001659441073,80.60000138598662
37.029769036143776,5.199996946951435,14.200001663574877,80.60000138947369
37.06078858192139,5.199996939318314,14.20000166771529,80.60000139296639
37.09180812835243,5.199996931672938,14.200001671862314,80.60000139646475
37.12282767543799,5.199996924015298,14.200001676015958,80.60000139996875
37.153847223179085,5.199996916345385,14.20000168017622,80.60000140347839
37.18486677157676,5.1999969086631905,14.200001684343109,80.6000014069937
37.21588632063206,5.199996900968708,14.200001688516622,80.60000141051466
37.24690587034611,5.199996893261928,14.200001692696773,80.6000014140413
37.2779254207199,5.199996885542844,14.200001696883561,80.6000014175736
37.30894497175451,5.199996877811446,14.200001701076989,80.60000142111157
37.339964523450966,5.199996870067728,14.200001705277069,80.6000014246552
37.37098407581034,5.1999968623116795,14.200001709483795,80.60000142820452
37.402003628833675,5.199996854543294,14.200001713697175,80.60000143175954
37.43302318252207,5.199996846762564,14.200001717917221,80.60000143532021
37.46404273687652,5.199996838969479,14.200001722143925,80.6000014388866
37.495062291898144,5.199996831164033,14.200001726377302,80.60000144245866
37.52608184758797,5.199996823346218,14.200001730617348,80.60000144603643
37.55710140394706,5.199996815516025,14.20000173486407,80.60000144961991
37.58812096097645,5.199996807673447,14.200001739117477,80.60000145320907
37.61914051867727,5.199996799818473,14.20000174337757,80.60000145680397
37.65016007705051,5.1999967919511,14.200001747644347,80.60000146040456
37.68117963609724,5.199996784071315,14.20000175191782,80.60000146401086
37.712199195818556,5.199996776179113,14.200001756197993,80.60000146762289
37.743218756215484,5.1999967682744845,14.20000176048487,80.60000147124065
37.774238317289125,5.199996760357422,14.200001764778452,80.60000147486413
37.80525787904054,5.199996752427917,14.20000176907875,80.60000147849334
37.83627744147077,5.199996744485963,14.200001773385756,80.60000148212828
37.867297004580955,5.199996736531549,14.200001777699484,80.60000148576897
37.898316568372074,5.19999672856467,14.200001782019939,80.60000148941539
37.929336132845215,5.199996720585317,14.200001786347121,80.60000149306757
37.960355698001464,5.199996712593482,14.200001790681036,80.60000149672548
37.9913752638419,5.1999967045891555,14.200001795021686,80.60000150038917
38.02239483036758,5.199996696572331,14.200001799369078,80.6000015040586
38.05341439757961,5.199996688543001,14.20000180372322,80.60000150773378
38.084433965479015,5.1999966805011555,14.200001808084107,80.60000151141473
38.11545353406687,5.1999966724467885,14.200001812451749,80.60000151510145
38.146473103344256,5.19999666437989,14.200001816826152,80.60000151879396
38.17749267331223,5.1999966563004545,14.200001821207314,80.60000152249222
38.2085122439719,5.199996648208471,14.200001825595246,80.60000152619628
38.23953181532432,5.199996640103934,14.200001829989944,80.60000152990612
38.27055138737056,5.199996631986835,14.200001834391424,80.60000153362175
38.301570960111746,5.1999966238571655,14.20000183879968,80.60000153734315
38.33259053354889,5.199996615714917,14.200001843214723,80.60000154107037
38.36361010768308,5.199996607560083,14.200001847636553,80.60000154480336
38.394629682515415,5.199996599392654,14.200001852065178,80.60000154854217
38.425649258046946,5.199996591212623,14.200001856500597,80.60000155228678
38.45666883427881,5.199996583019982,14.200001860942818,80.6000015560372
38.48768841121206,5.199996574814722,14.200001865391842,80.60000155979343
38.518707988847744,5.199996566596837,14.200001869847679,80.6000015635555
38.54972756718697,5.199996558366317,14.200001874310328,80.60000156732336
38.58074714623081,5.199996550123155,14.200001878779798,80.60000157109705
38.611766725980374,5.199996541867343,14.200001883256089,80.60000157487657
38.64278630643673,5.199996533598872,14.200001887739203,80.60000157866193
38.673805887600956,5.1999965253177365,14.20000189222915,80.6000015824531
38.704825469474116,5.1999965170239255,14.200001896725936,80.60000158625013
38.73584505205739,5.199996508717434,14.200001901229559,80.60000159005301
38.76686463535177,5.199996500398251,14.200001905740024,80.60000159386172
38.7978842193584,5.199996492066371,14.200001910257336,80.60000159767628
38.828903804078294,5.199996483721787,14.200001914781504,80.6000016014967
38.85992338951261,5.199996475364487,14.200001919312527,80.60000160532299
38.89094297566238,5.199996466994467,14.200001923850412,80.60000160915513
38.921962562528755,5.199996458611715,14.200001928395158,80.60000161299313
38.952982150112796,5.199996450216228,14.20000193294678,80.60000161683699
38.98400173841558,5.199996441807995,14.200001937505267,80.60000162068674
39.01502132743822,5.199996433387009,14.200001942070637,80.60000162454234
39.046040917181784,5.1999964249532615,14.200001946642887,80.60000162840385
39.07706050764741,5.199996416506745,14.200001951222024,80.60000163227123
39.108080098836155,5.199996408047451,14.200001955808053,80.6000016361445
39.13909969074911,5.1999963995753715,14.200001960400973,80.60000164002365
39.17011928338741,5.1999963910905,14.20000196500079,80.6000016439087
39.2011388767521,5.199996382592827,14.200001969607515,80.60000164779966
39.23215847084433,5.199996374082347,14.200001974221143,80.6000016516965
39.26317806566513,5.199996365559049,14.200001978841687,80.60000165559926
39.29419766121566,5.199996357022927,14.200001983469143,80.60000165950794
39.325217257497,5.199996348473974,14.20000198810352,80.6000016634225
39.35623685451026,5.199996339912179,14.20000199274482,80.60000166734301
39.387256452256565,5.199996331337537,14.200001997393052,80.60000167126941
39.41827605073695,5.199996322750038,14.200002002048212,80.60000167520175
39.44929564995251,5.199996314149676,14.200002006710314,80.60000167914001
39.48031524990443,5.199996305536441,14.20000201137935,80.60000168308422
39.511334850593734,5.199996296910327,14.200002016055336,80.60000168703434
39.54235445202158,5.199996288271326,14.200002020738268,80.60000169099041
39.573374054189046,5.19999627961943,14.200002025428155,80.60000169495241
39.604393657097205,5.199996270954631,14.200002030125003,80.60000169892037
39.63541326074722,5.19999626227692,14.20000203482881,80.60000170289428
39.6664328651402,5.19999625358629,14.20000203953958,80.60000170687414
39.69745247027721,5.199996244882734,14.200002044257323,80.60000171085994
39.728472076159335,5.1999962361662435,14.200002048982045,80.60000171485171
39.75949168278777,5.19999622743681,14.200002053713739,80.60000171884944
39.79051129016354,5.199996218694427,14.200002058452418,80.60000172285315
39.821530898287776,5.199996209939084,14.200002063198086,80.60000172686284
39.85255050716165,5.199996201170777,14.200002067950743,80.60000173087847
39.88357011678619,5.199996192389496,14.200002072710397,80.6000017349001
39.91458972716255,5.199996183595233,14.20000207747705,80.60000173892772
39.94560933829184,5.19999617478798,14.200002082250704,80.60000174296131
39.97662895017518,5.199996165967731,14.200002087031368,80.6000017470009
40.00764856281364,5.199996157134476,14.200002091819048,80.60000175104648
40.03866817620839,5.199996148288208,14.20000209661374,80.60000175509805
40.06968779036051,5.19999613942892,14.200002101415453,80.60000175915563
40.10070740527112,5.1999961305566025,14.200002106224192,80.60000176321921
40.13172702094135,5.19999612167125,14.200002111039959,80.60000176728879
40.162746637372315,5.199996112772852,14.200002115862759,80.60000177136439
40.1937662545651,5.199996103861403,14.200002120692599,80.60000177544599
40.22478587252089,5.1999960949368935,14.200002125529476,80.60000177953364
40.25580549124078,5.199996085999317,14.200002130373399,80.60000178362728
40.28682511072583,5.199996077048665,14.200002135224373,80.60000178772697
40.31784473097726,5.199996068084929,14.200002140082402,80.60000179183267
40.3488643519961,5.199996059108103,14.200002144947488,80.60000179594441
40.37988397378351,5.199996050118179,14.200002149819635,80.60000180006219
40.41090359634061,5.1999960411151465,14.20000215469885,80.60000180418601
40.44192321966854,5.199996032099001,14.200002159585138,80.60000180831585
40.47294284366869,5.199996023069733,14.200002164478494,80.60000181245177
40.50396246854157,5.199996014027336,14.200002169378934,80.60000181659373
40.53498209418866,5.199996004971801,14.200002174286455,80.60000182074174
40.56600172061106,5.19999599590312,14.200002179201066,80.60000182489581
40.59702134780991,5.199995986821286,14.200002184122765,80.60000182905596
40.628040975786305,5.199995977726292,14.200002189051562,80.60000183322215
40.65906060454141,5.199995968618129,14.200002193987457,80.60000183739442
40.69008023407633,5.199995959496789,14.200002198930456,80.60000184157275
40.7210998643922,5.199995950362266,14.200002203880564,80.60000184575718
40.75211949549017,5.199995941214549,14.20000220883778,80.60000184994766
40.78313912737136,5.199995932053635,14.200002213802115,80.60000185414424
40.81415876003684,5.199995922879511,14.200002218773571,80.60000185834691
40.84517839348784,5.199995913692174,14.20000222375215,80.60000186255567
40.87619802772543,5.1999959044916135,14.200002228737857,80.60000186677053
40.907217662750725,5.199995895277822,14.200002233730698,80.60000187099148
40.938237298564935,5.199995886050791,14.200002238730674,80.60000187521854
40.969256935169156,5.199995876810516,14.200002243737798,80.60000187945168
41.00027657256455,5.199995867556987,14.200002248752059,80.60000188369095
41.03129621075219,5.199995858290196,14.200002253773473,80.60000188793633
41.06231584973321,5.199995849010135,14.200002258802039,80.60000189218783
41.093335489508796,5.199995839716797,14.20000226383776,80.60000189644543
41.12435513008007,5.199995830410175,14.200002268880649,80.60000190070917
41.15537477144817,5.199995821090261,14.200002273930698,80.60000190497905
41.186394413614266,5.199995811757045,14.200002278987919,80.60000190925504
41.21741405657943,5.199995802410523,14.200002284052315,80.60000191353716
41.248433700344854,5.199995793050684,14.200002289123887,80.60000191782542
41.27945334491167,5.199995783677524,14.200002294202644,80.60000192211983
41.310472990281,5.199995774291032,14.200002299288583,80.60000192642039
41.34149263645403,5.199995764891201,14.200002304381718,80.60000193072709
41.37251228343184,5.199995755478024,14.200002309482043,80.60000193503993
41.40353193121561,5.199995746051493,14.200002314589568,80.60000193935895
41.4345515798065,5.199995736611599,14.200002319704296,80.6000019436841
41.465571229205615,5.1999957271583375,14.200002324826233,80.60000194801543
41.496590879414114,5.199995717691698,14.200002329955375,80.60000195235293
41.52761053043315,5.199995708211675,14.200002335091739,80.60000195669659
41.55863018226392,5.199995698718258,14.200002340235319,80.60000196104642
41.58964983490749,5.199995689211441,14.200002345386117,80.60000196540244
41.62066948836506,5.199995679691217,14.200002350544153,80.60000196976463
41.65168914263772,5.199995670157578,14.200002355709412,80.60000197413301
41.68270879772666,5.199995660610514,14.20000236088191,80.60000197850758
41.71372845363304,5.199995651050021,14.200002366061648,80.60000198288833
41.744748110357996,5.1999956414760895,14.20000237124863,80.60000198727528
41.77576776790271,5.1999956318887115,14.200002376442859,80.60000199166844
41.80678742626827,5.199995622287879,14.200002381644335,80.60000199606779
41.83780708545589,5.199995612673587,14.200002386853075,80.60000200047334
41.86882674546671,5.199995603045824,14.200002392069072,80.60000200488511
41.899846406301855,5.199995593404585,14.200002397292334,80.60000200930308
41.930866067962505,5.199995583749863,14.200002402522859,80.60000201372728
41.9618857304498,5.1999955740816475,14.200002407760662,80.6000020181577
41.99290539376492,5.1999955643999325,14.200002413005741,80.60000202259432
42.02392505790898,5.199995554704712,14.200002418258098,80.60000202703719
42.05494472288318,5.199995544995974,14.200002423517741,80.60000203148628
42.085964388688666,5.199995535273716,14.200002428784671,80.60000203594161
42.116984055326576,5.199995525537926,14.200002434058897,80.60000204040317
42.148003722798094,5.199995515788599,14.200002439340418,80.60000204487099
42.179023391104394,5.1999955060257275,14.200002444629241,80.60000204934504
42.21004306024658,5.199995496249302,14.200002449925368,80.60000205382534
42.241062730225856,5.199995486459316,14.200002455228805,80.60000205831189
42.2720824010434,5.199995476655763,14.200002460539555,80.60000206280469
42.303102072700305,5.199995466838633,14.200002465857619,80.60000206730375
42.33412174519781,5.19999545700792,14.200002471183007,80.60000207180907
42.365141418537064,5.199995447163616,14.200002476515717,80.60000207632066
42.3961610927192,5.199995437305714,14.200002481855762,80.60000208083852
42.4271807677454,5.199995427434205,14.200002487203134,80.60000208536266
42.45820044361684,5.199995417549083,14.20000249255785,80.60000208989307
42.48922012033464,5.199995407650338,14.200002497919902,80.60000209442975
42.52023979790002,5.199995397737965,14.200002503289305,80.60000209897274
42.55125947631417,5.199995387811956,14.200002508666055,80.60000210352199
42.582279155578185,5.199995377872303,14.200002514050155,80.60000210807755
42.613298835693286,5.199995367918997,14.200002519441618,80.60000211263937
42.64431851666062,5.199995357952032,14.20000252484044,80.60000211720752
42.67533819848137,5.199995347971401,14.200002530246628,80.60000212178198
42.70635788115671,5.199995337977096,14.200002535660186,80.60000212636271
42.73737756468776,5.199995327969107,14.200002541081117,80.60000213094978
42.76839724907574,5.19999531794743,14.20000254650943,80.60000213554315
42.79941693432186,5.199995307912055,14.20000255194512,80.60000214014282
42.83043662042721,5.1999952978629755,14.2000025573882,80.60000214474883
42.86145630739302,5.199995287800184,14.200002562838668,80.60000214936115
42.892475995220465,5.199995277723674,14.20000256829653,80.6000021539798
42.9234956839107,5.199995267633435,14.200002573761788,80.60000215860478
42.95451537346491,5.19999525752946,14.200002579234452,80.60000216323608
42.98553506388425,5.199995247411745,14.200002584714522,80.60000216787373
43.01655475516992,5.199995237280279,14.200002590202002,80.60000217251772
43.047574447323086,5.199995227135055,14.200002595696896,80.60000217716805
43.078594140344954,5.199995216976066,14.200002601199206,80.60000218182472
43.10961383423671,5.199995206803305,14.200002606708939,80.60000218648776
43.14063352899946,5.199995196616764,14.200002612226099,80.60000219115715
43.171653224634454,5.199995186416435,14.20000261775069,80.60000219583287
43.202672921142884,5.19999517620231,14.200002623282717,80.60000220051498
43.23369261852588,5.199995165974383,14.200002628822181,80.60000220520344
43.26471231678461,5.199995155732646,14.200002634369085,80.60000220989826
43.29573201592033,5.19999514547709,14.200002639923436,80.60000221459947
43.32675171593417,5.19999513520771,14.20000264548524,80.60000221930706
43.35777141682734,5.199995124924497,14.2000026510545,80.60000222402101
43.38879111860099,5.199995114627443,14.200002656631213,80.60000222874135
43.41981082125637,5.1999951043165415,14.200002662215391,80.60000223346806
43.45083052479466,5.1999950939917845,14.200002667807038,80.60000223820117
43.48185022921698,5.199995083653166,14.20000267340615,80.60000224294069
43.51286993452454,5.199995073300675,14.20000267901274,80.60000224768659
43.54388964071856,5.199995062934307,14.200002684626812,80.60000225243888
43.57490934780022,5.199995052554054,14.200002690248361,80.60000225719759
43.605929055770666,5.199995042159908,14.200002695877401,80.60000226196269
43.63694876453145,5.199995031751861,14.200002701513927,80.60000226673421
43.667968474283164,5.199995021329907,14.200002707157951,80.60000227151214
43.698988184927295,5.199995010894037,14.200002712809473,80.6000022762965
43.73000789646497,5.199995000444245,14.200002718468498,80.60000228108726
43.761027608897436,5.199994989980521,14.200002724135027,80.60000228588446
43.79204732222591,5.199994979502861,14.200002729809066,80.60000229068807
43.82306703645151,5.199994969011256,14.200002735490624,80.60000229549811
43.85408675157548,5.199994958505698,14.200002741179699,80.60000230031461
43.88510646749933,5.199994947986179,14.200002746876294,80.60000230513754
43.9161261844236,5.199994937452693,14.200002752580417,80.6000023099669
43.94714590224984,5.199994926905231,14.20000275829207,80.6000023148027
43.97816562097924,5.199994916343788,14.200002764011261,80.60000231964494
44.009185340613,5.199994905768354,14.200002769737985,80.60000232449366
44.04020506115231,5.199994895178923,14.200002775472257,80.60000232934883
44.07122478259835,5.199994884575487,14.20000278121407,80.60000233421044
44.102244504952374,5.199994873958038,14.200002786963436,80.60000233907853
44.13326422821552,5.199994863326569,14.20000279272036,80.60000234395307
44.16428395238905,5.1999948526810735,14.200002798484837,80.60000234883408
44.1953036774741,5.1999948420215425,14.200002804256881,80.60000235372158
44.22632340347192,5.199994831347969,14.200002810036485,80.60000235861555
44.25734313038365,5.199994820660347,14.200002815823664,80.60000236351598
44.288362858210576,5.1999948099586675,14.200002821618416,80.60000236842292
44.31938258695387,5.1999947992429245,14.200002827420747,80.60000237333634
44.35040231661472,5.199994788513108,14.20000283323066,80.60000237825624
44.38142204719435,5.199994777769213,14.200002839048157,80.60000238318264
44.41244177869397,5.199994767011231,14.200002844873246,80.60000238811553
44.44346151111476,5.199994756239155,14.200002850705928,80.60000239305492
44.47448124445797,5.199994745452977,14.200002856546213,80.60000239800081
44.50550097872478,5.199994734652691,14.200002862394095,80.60000240295322
44.53652071391644,5.199994723838288,14.200002868249584,80.60000240791213
44.56754045003407,5.199994713009761,14.200002874112682,80.60000241287756
44.59856018707894,5.1999947021671025,14.200002879983398,80.60000241784951
44.62957992505228,5.199994691310305,14.200002885861727,80.60000242282797
44.66059966395529,5.199994680439363,14.200002891747681,80.60000242781295
44.69161940378917,5.199994669554267,14.200002897641262,80.60000243280447
44.7226391445551,5.199994658655009,14.200002903542469,80.60000243780252
44.75365888625435,5.199994647741583,14.200002909451308,80.60000244280711
44.784678628888116,5.199994636813981,14.200002915367794,80.60000244781821
44.81569837245762,5.199994625872198,14.200002921291915,80.60000245283588
44.84671811696404,5.199994614916222,14.200002927223682,80.6000024578601
44.87773786240867,5.19999460394605,14.200002933163097,80.60000246289086
44.90875760879265,5.199994592961672,14.200002939110165,80.60000246792816
44.9397773561172,5.1999945819630815,14.200002945064893,80.60000247297204
44.97079710438357,5.199994570950271,14.200002951027285,80.60000247802243
45.00181685359297,5.199994559923233,14.20000295699734,80.60000248307942
45.03283660374667,5.1999945488819606,14.200002962975061,80.60000248814299
45.06385635484576,5.199994537826446,14.200002968960456,80.6000024932131
45.09487610689155,5.199994526756682,14.200002974953533,80.60000249828978
45.12589585988528,5.199994515672661,14.200002980954284,80.60000250337305
45.15691561382813,5.199994504574375,14.200002986962726,80.6000025084629
45.18793536872132,5.199994493461819,14.200002992978856,80.60000251355932
45.21895512456612,5.199994482334984,14.200002999002676,80.60000251866234
45.24997488136369,5.199994471193862,14.200003005034196,80.60000252377193
45.280994639115285,5.199994460038446,14.200003011073415,80.60000252888814
45.31201439782214,5.199994448868729,14.200003017120338,80.60000253401094
45.34303415748544,5.199994437684705,14.200003023174968,80.60000253914032
45.37405391810648,5.199994426486364,14.200003029237315,80.60000254427632
45.40507367968644,5.1999944152737,14.200003035307377,80.60000254941893
45.43609344222654,5.1999944040467065,14.200003041385155,80.60000255456814
45.467113205728026,5.199994392805374,14.200003047470663,80.60000255972396
45.498132970192145,5.199994381549698,14.200003053563895,80.60000256488641
45.52915273562007,5.1999943702796685,14.200003059664862,80.60000257005548
45.56017250201307,5.199994358995279,14.200003065773565,80.60000257523116
45.59119226937235,5.199994347696524,14.200003071890006,80.60000258041346
45.62221203769919,5.199994336383393,14.20000307801419,80.60000258560241
45.6532318069948,5.199994325055882,14.200003084146125,80.600002590798
45.6842515772604,5.19999431371398,14.20000309028581,80.60000259600021
45.71527134849723,5.199994302357683,14.20000309643325,80.60000260120907
45.74629112070656,5.199994290986982,14.200003102588449,80.60000260642457
45.777310893889556,5.199994279601871,14.20000310875141,80.60000261164672
45.80833066804748,5.199994268202341,14.200003114922144,80.60000261687551
45.83935044318155,5.1999942567883854,14.200003121100647,80.60000262211096
45.87037021929305,5.199994245359997,14.200003127286923,80.60000262735308
45.901389996383244,5.199994233917168,14.20000313348098,80.60000263260186
45.93240977445327,5.199994222459891,14.200003139682815,80.60000263785729
45.96342955350443,5.1999942109881605,14.200003145892442,80.6000026431194
45.99444933353792,5.199994199501968,14.200003152109858,80.60000264838818
46.02546911455501,5.1999941880013045,14.200003158335067,80.60000265366362
46.05648889655691,5.1999941764861655,14.200003164568079,80.60000265894575
46.08750867954491,5.199994164956542,14.20000317080889,80.60000266423457
46.11852846352022,5.199994153412428,14.200003177057507,80.60000266953007
46.14954824848408,5.199994141853815,14.200003183313935,80.60000267483225
46.18056803443775,5.199994130280697,14.200003189578178,80.60000268014113
46.211587821382466,5.1999941186930645,14.200003195850238,80.6000026854567
46.24260760931948,5.199994107090912,14.200003202130118,80.60000269077896
46.27362739825001,5.199994095474233,14.20000320841783,80.60000269610794
46.304647188175316,5.199994083843018,14.200003214713364,80.60000270144361
46.335666979096665,5.199994072197262,14.200003221016736,80.600002706786
46.36668677101526,5.199994060536955,14.200003227327942,80.6000027121351
46.39770656393237,5.1999940488620915,14.200003233646994,80.60000271749091
46.428726357849214,5.199994037172664,14.200003239973888,80.60000272285345
46.45974615276711,5.1999940254686665,14.20000324630863,80.6000027282227
46.490765948687255,5.199994013750089,14.200003252651229,80.60000273359869
46.52178574561092,5.199994002016927,14.200003259001681,80.60000273898139
46.55280554353934,5.199993990269172,14.200003265359992,80.60000274437084
46.58382534247381,5.199993978506816,14.200003271726173,80.60000274976701
46.61484514241551,5.199993966729853,14.200003278100217,80.60000275516992
46.64586494336572,5.199993954938275,14.200003284482138,80.6000027605796
46.67688474532572,5.199993943132075,14.200003290871932,80.600002765996
46.707904548296725,5.199993931311245,14.200003297269607,80.60000277141914
46.738924352279994,5.199993919475779,14.200003303675166,80.60000277684905
46.76994415727681,5.199993907625671,14.200003310088613,80.60000278228571
46.800963963288375,5.199993895760911,14.20000331650995,80.60000278772914
46.831983770315986,5.199993883881492,14.200003322939187,80.60000279317931
46.86300357836087,5.199993871987408,14.200003329376317,80.60000279863627
46.89402338742435,5.199993860078651,14.200003335821354,80.6000028041
46.9250431975076,5.199993848155215,14.200003342274295,80.6000028095705
46.956063008611906,5.199993836217091,14.20000334873515,80.60000281504776
46.98708282073858,5.199993824264274,14.200003355203918,80.60000282053181
47.0181026338888,5.199993812296755,14.200003361680604,80.60000282602265
47.049122448063876,5.199993800314527,14.200003368165214,80.60000283152026
47.08014226326505,5.199993788317584,14.200003374657749,80.60000283702466
47.11116207949361,5.1999937763059165,14.200003381158217,80.60000284253587
47.142181896750806,5.19999376427952,14.200003387666618,80.60000284805386
47.17320171503785,5.199993752238385,14.200003394182955,80.60000285357866
47.204221534356066,5.199993740182506,14.200003400707237,80.60000285911026
47.23524135470666,5.199993728111874,14.200003407239462,80.60000286464867
47.26626117609094,5.1999937160264835,14.200003413779635,80.60000287019389
47.297280998510196,5.199993703926326,14.200003420327764,80.60000287574591
47.32830082196564,5.199993691811396,14.200003426883848,80.60000288130476
47.35932064645855,5.199993679681684,14.200003433447892,80.60000288687043
47.39034047199027,5.199993667537186,14.200003440019904,80.60000289244292
47.42136029856191,5.199993655377892,14.200003446599881,80.60000289802223
47.45238012617484,5.199993643203795,14.200003453187831,80.60000290360837
47.48339995483036,5.199993631014889,14.200003459783762,80.60000290920135
47.51441978452968,5.199993618811167,14.20000346638767,80.60000291480117
47.54543961527413,5.199993606592621,14.200003472999562,80.60000292040782
47.57645944706492,5.199993594359244,14.200003479619442,80.60000292602132
47.60747927990333,5.199993582111027,14.200003486247311,80.60000293164167
47.63849911379063,5.199993569847967,14.200003492883178,80.60000293726885
47.669518948728104,5.199993557570054,14.200003499527044,80.6000029429029
47.70053878471697,5.199993545277281,14.200003506178913,80.6000029485438
47.73155862175857,5.199993532969641,14.200003512838787,80.60000295419158
47.76257845985415,5.199993520647127,14.200003519506676,80.6000029598462
47.79359829900498,5.199993508309733,14.200003526182575,80.60000296550768
47.824618139212355,5.19999349595745,14.200003532866498,80.60000297117605
47.85563798047759,5.199993483590271,14.200003539558438,80.60000297685129
47.8866578228019,5.199993471208191,14.200003546258404,80.6000029825334
47.91767766618662,5.1999934588112,14.200003552966404,80.6000029882224
47.94869751063296,5.199993446399291,14.200003559682434,80.60000299391828
47.979717356142245,5.19999343397246,14.200003566406503,80.60000299962104
48.010737202715724,5.1999934215306975,14.200003573138614,80.60000300533069
48.0417570503547,5.199993409073996,14.200003579878768,80.60000301104724
48.07277689906045,5.199993396602349,14.200003586626972,80.60000301677069
48.10379674883422,5.199993384115751,14.200003593383226,80.60000302250103
48.13481659967734,5.199993371614191,14.20000360014754,80.60000302823826
48.165836451591026,5.199993359097666,14.200003606919914,80.60000303398243
48.19685630457665,5.199993346566167,14.200003613700352,80.60000303973348
48.227876158635425,5.199993334019686,14.200003620488857,80.60000304549145
48.25889601376867,5.1999933214582175,14.200003627285435,80.60000305125634
48.28991586997764,5.199993308881753,14.200003634090086,80.60000305702816
48.320935727263674,5.199993296290287,14.200003640902818,80.6000030628069
48.3519555855283,5.199993283683811,14.200003647723634,80.60000306859256
48.38297544497225,5.199993271062318,14.200003654552534,80.60000307438516
48.41399530549708,5.199993258425801,14.200003661389527,80.60000308018466
48.445015167104074,5.1999932457742535,14.200003668234618,80.60000308599113
48.47603502979455,5.1999932331076675,14.200003675087803,80.60000309180452
48.50705489356977,5.1999932204260375,14.200003681949088,80.60000309762488
48.53807475843102,5.199993207729355,14.200003688818482,80.60000310345217
48.56909462437963,5.199993195017612,14.20000369569599,80.6000031092864
48.60011449141686,5.199993182290804,14.200003702581604,80.60000311512759
48.63113435954398,5.199993169548922,14.20000370947534,80.60000312097574
48.662154228762326,5.199993156791959,14.200003716377196,80.60000312683084
48.693174099073154,5.19999314401991,14.200003723287175,80.6000031326929
48.724193970477764,5.199993131232764,14.200003730205282,80.60000313856195
48.75521384297746,5.199993118430517,14.200003737131528,80.60000314443796
48.78623371657357,5.199993105613162,14.200003744065903,80.60000315032093
48.81725359126732,5.199993092780691,14.200003751008422,80.60000315621089
48.848273467060054,5.199993079933095,14.200003757959081,80.60000316210783
48.87929334395306,5.19999306707037,14.20000376491789,80.60000316801175
48.9103132219476,5.199993054192508,14.200003771884854,80.60000317392264
48.94133310104501,5.199993041299502,14.200003778859967,80.60000317984053
48.97235298124657,5.1999930283913445,14.20000378584324,80.60000318576542
49.00337286255356,5.199993015468028,14.200003792834679,80.60000319169728
49.03439274496735,5.199993002529546,14.200003799834285,80.60000319763617
49.065412628489184,5.199992989575892,14.200003806842057,80.60000320358205
49.09643251312037,5.199992976607057,14.200003813858006,80.60000320953493
49.12745239886221,5.199992963623036,14.20000382088213,80.60000321549484
49.15847228571601,5.199992950623823,14.200003827914436,80.60000322146175
49.1894921736831,5.199992937609407,14.20000383495493,80.60000322743565
49.220512062764726,5.199992924579785,14.200003842003614,80.6000032334166
49.2515319529622,5.199992911534946,14.200003849060487,80.60000323940457
49.28255184427683,5.1999928984748855,14.200003856125557,80.60000324539955
49.31357173670995,5.199992885399598,14.200003863198829,80.60000325140157
49.34459163026283,5.199992872309073,14.200003870280304,80.60000325741062
49.375611524936815,5.199992859203305,14.200003877369987,80.60000326342671
49.40663142073321,5.199992846082287,14.200003884467883,80.60000326944983
49.43765131765335,5.199992832946012,14.200003891573992,80.60000327548
49.468671215698464,5.199992819794471,14.200003898688324,80.6000032815172
49.49969111486985,5.1999928066276615,14.200003905810876,80.60000328756146
49.53071101516887,5.199992793445573,14.200003912941655,80.60000329361276
49.56173091659683,5.199992780248198,14.200003920080665,80.60000329967114
49.59275081915503,5.199992767035533,14.200003927227907,80.60000330573655
49.62377072284477,5.1999927538075665,14.20000393438339,80.60000331180905
49.654790627667374,5.199992740564294,14.200003941547115,80.60000331788859
49.68581053362414,5.199992727305709,14.20000394871908,80.60000332397522
49.71683044071642,5.1999927140318025,14.200003955899302,80.60000333006889
49.747850348945505,5.199992700742571,14.20000396308777,80.60000333616966
49.778870258312686,5.199992687438003,14.2000039702845,80.60000334227749
49.809890168819294,5.199992674118095,14.200003977489489,80.60000334839242
49.840910080466685,5.199992660782836,14.20000398470274,80.60000335451443
49.87192999325611,5.199992647432223,14.200003991924259,80.60000336064353
49.90294990718893,5.199992634066249,14.20000399915405,80.6000033667797
49.93396982226639,5.199992620684904,14.20000400639212,80.60000337292298
49.964989738489884,5.199992607288183,14.200004013638468,80.60000337907334
49.9960096558607,5.199992593876079,14.200004020893092,80.60000338523083
50.02702957438015,5.199992580448584,14.20000402815601,80.6000033913954
50.05804949404959,5.199992567005691,14.200004035427217,80.6000033975671
50.08906941487031,5.199992553547395,14.200004042706716,80.60000340374589
50.12008933684363,5.199992540073688,14.200004049994513,80.6000034099318
50.15110925997086,5.199992526584561,14.200004057290617,80.60000341612482
50.18212918425337,5.1999925130800095,14.200004064595017,80.60000342232497
50.213149109692424,5.199992499560026,14.200004071907731,80.60000342853225
50.2441690362894,5.199992486024603,14.200004079228759,80.60000343474664
50.27518896404557,5.199992472473733,14.2000040865581,80.60000344096817
50.306208892962296,5.199992458907411,14.200004093895762,80.60000344719683
50.33722882304087,5.199992445325627,14.20000410124175,80.60000345343262
50.36824875428262,5.1999924317283766,14.200004108596065,80.60000345967556
50.39926868668889,5.199992418115652,14.200004115958711,80.60000346592564
50.430288620261,5.199992404487447,14.200004123329693,80.60000347218286
50.46130855500031,5.199992390843754,14.200004130709013,80.60000347844723
50.492328490908086,5.199992377184565,14.200004138096672,80.60000348471877
50.52334842798569,5.199992363509874,14.200004145492684,80.60000349099744
50.55436836623441,5.199992349819675,14.200004152897039,80.6000034972833
50.58538830565561,5.19999233611396,14.200004160309753,80.60000350357629
50.616408246250614,5.1999923223927205,14.200004167730821,80.60000350987646
50.647428188020804,5.199992308655953,14.200004175160249,80.60000351618379
50.678448130967446,5.199992294903648,14.200004182598047,80.6000035224983
50.70946807509187,5.1999922811358,14.20000419004421,80.60000352882
50.74048802039544,5.199992267352401,14.200004197498744,80.60000353514886
50.77150796687948,5.199992253553443,14.200004204961658,80.6000035414849
50.802527914545344,5.199992239738924,14.200004212432946,80.60000354782812
50.83354786339431,5.199992225908829,14.200004219912621,80.60000355417856
50.86456781342773,5.199992212063158,14.200004227400683,80.60000356053617
50.89558776464696,5.199992198201901,14.200004234897134,80.60000356690095
50.92660771705336,5.199992184325053,14.200004242401981,80.60000357327297
50.957627670648236,5.199992170432605,14.200004249915226,80.60000357965217
50.98864762543292,5.19999215652455,14.200004257436873,80.60000358603858
51.019667581408726,5.199992142600883,14.200004264966925,80.60000359243219
51.05068753857706,5.199992128661596,14.200004272505387,80.60000359883301
51.081707496939224,5.199992114706682,14.200004280052262,80.60000360524106
51.11272745649653,5.199992100736134,14.200004287607552,80.60000361165632
51.143747417250324,5.199992086749946,14.200004295171262,80.6000036180788
51.174767379201995,5.19999207274811,14.200004302743396,80.6000036245085
51.20578734235284,5.1999920587306185,14.20000431032396,80.60000363094542
51.23680730670424,5.199992044697465,14.200004317912954,80.60000363738958
51.2678272722575,5.1999920306486445,14.200004325510381,80.60000364384096
51.29884723901395,5.199992016584149,14.20000433311625,80.6000036502996
51.329867206974974,5.19999200250397,14.200004340730562,80.60000365676547
51.3608871761419,5.199991988408104,14.200004348353318,80.60000366323858
51.391907146516104,5.19999197429654,14.200004355984522,80.60000366971893
51.42292711809887,5.199991960169275,14.200004363624183,80.60000367620654
51.45394709089159,5.199991946026298,14.200004371272302,80.6000036827014
51.48496706489558,5.199991931867606,14.20000437892888,80.60000368920352
51.51598704011219,5.199991917693191,14.20000438659392,80.6000036957129
51.54700701654278,5.199991903503043,14.200004394267433,80.60000370222953
51.5780269941887,5.19999188929716,14.200004401949414,80.60000370875342
51.609046973051306,5.199991875075532,14.200004409639872,80.6000037152846
51.64006695313192,5.1999918608381535,14.20000441733881,80.60000372182303
51.67108693443194,5.199991846585015,14.200004425046227,80.60000372836875
51.70210691695263,5.199991832316114,14.200004432762134,80.60000373492176
51.73312690069546,5.19999181803144,14.200004440486532,80.60000374148203
51.76414688566172,5.199991803730987,14.200004448219424,80.60000374804959
51.79516687185272,5.19999178941475,14.200004455960812,80.60000375462444
51.826186859269875,5.19999177508272,14.200004463710702,80.60000376120658
51.85720684791452,5.19999176073489,14.200004471469097,80.60000376779601
51.88822683778798,5.199991746371255,14.200004479236,80.60000377439275
51.91924682889168,5.1999917319918065,14.200004487011414,80.60000378099677
51.95026682122689,5.199991717596538,14.200004494795346,80.60000378760812
51.98128681479505,5.199991703185446,14.200004502587795,80.60000379422677
52.01230680959745,5.199991688758515,14.200004510388773,80.60000380085272
52.04332680563545,5.199991674315747,14.200004518198275,80.60000380748598
52.074346802910455,5.199991659857131,14.200004526016308,80.60000381412657
52.10536680142381,5.199991645382661,14.200004533842868,80.60000382077448
52.13638680117683,5.199991630892329,14.200004541677977,80.60000382742969
52.16740680217094,5.199991616386131,14.200004549521623,80.60000383409225
52.19842680440748,5.199991601864058,14.200004557373813,80.60000384076214
52.2294468078878,5.199991587326103,14.200004565234552,80.60000384743935
52.26046681261322,5.1999915727722605,14.200004573103845,80.6000038541239
52.291486818585156,5.199991558202523,14.200004580981693,80.60000386081579
52.32250682580495,5.199991543616882,14.2000045888681,80.60000386751503
52.353526834274,5.199991529015333,14.200004596763073,80.6000038742216
52.384546843993604,5.199991514397868,14.20000460466661,80.60000388093552
52.415566854965164,5.199991499764481,14.20000461257872,80.6000038876568
52.446586867190035,5.199991485115165,14.200004620499405,80.60000389438542
52.477606880669626,5.199991470449912,14.200004628428667,80.60000390112143
52.508626895405236,5.199991455768717,14.20000463636651,80.60000390786477
52.53964691139826,5.199991441071572,14.200004644312939,80.6000039146155
52.57066692865008,5.19999142635847,14.200004652267959,80.60000392137357
52.601686947162015,5.199991411629405,14.200004660231569,80.60000392813902
52.63270696693547,5.19999139688437,14.200004668203775,80.60000393491185
52.66372698797179,5.199991382123358,14.200004676184582,80.60000394169207
52.69474701027236,5.199991367346361,14.200004684173992,80.60000394847965
52.725767033838565,5.199991352553374,14.20000469217201,80.60000395527462
52.75678705867176,5.199991337744389,14.20000470017864,80.60000396207697
52.78780708477332,5.1999913229194,14.20000470819388,80.60000396888671
52.81882711214467,5.199991308078402,14.200004716217746,80.60000397570386
52.849847140787105,5.199991293221383,14.200004724250226,80.60000398252839
52.880867170702025,5.1999912783483415,14.200004732291335,80.60000398936033
52.91188720189077,5.1999912634592675,14.200004740341072,80.60000399619966
52.94290723435476,5.199991248554155,14.200004748399442,80.60000400304641
52.973927268095416,5.199991233632998,14.200004756466447,80.60000400990054
53.00494730311402,5.199991218695788,14.200004764542093,80.60000401676211
53.035967339412,5.199991203742521,14.200004772626384,80.6000040236311
53.06698737699068,5.199991188773188,14.200004780719318,80.60000403050749
53.098007415851484,5.199991173787783,14.200004788820909,80.60000403739132
53.12902745599577,5.199991158786299,14.20000479693115,80.60000404428254
53.160047497424934,5.199991143768728,14.200004805050051,80.60000405118122
53.19106754014033,5.199991128735066,14.20000481317761,80.60000405808732
53.22208758414337,5.199991113685304,14.200004821313836,80.60000406500086
53.25310762943539,5.199991098619437,14.200004829458734,80.60000407192183
53.284127676017796,5.199991083537456,14.200004837612301,80.60000407885025
53.315147723892,5.199991068439354,14.200004845774547,80.6000040857861
53.346167773059335,5.199991053325128,14.200004853945472,80.6000040927294
53.37718782352119,5.199991038194767,14.200004862125077,80.60000409968015
53.40820787527897,5.199991023048267,14.200004870313371,80.60000410663837
53.439227928334034,5.19999100788562,14.200004878510352,80.60000411360403
53.470247982687766,5.1999909927068195,14.200004886716034,80.60000412057715
53.50126803834156,5.19999097751186,14.20000489493041,80.60000412755774
53.53228809529681,5.199990962300731,14.200004903153488,80.60000413454577
53.56330815355491,5.19999094707343,14.200004911385273,80.60000414154129
53.59432821311721,5.199990931829948,14.20000491962576,80.60000414854429
53.62534827398518,5.199990916570279,14.200004927874964,80.60000415555476
53.65636833616011,5.199990901294416,14.200004936132887,80.60000416257269
53.687388399643396,5.199990886002352,14.200004944399524,80.60000416959812
53.718408464436465,5.199990870694081,14.200004952674886,80.60000417663103
53.74942853054066,5.199990855369595,14.200004960958976,80.60000418367143
53.780448597957424,5.199990840028888,14.200004969251792,80.60000419071932
53.81146866668813,5.1999908246719535,14.200004977553347,80.6000041977747
53.84248873673419,5.199990809298785,14.200004985863634,80.60000420483759
53.87350880809696,5.199990793909375,14.200004994182667,80.60000421190796
53.90452888077784,5.199990778503716,14.20000500251044,80.60000421898584
53.93554895477823,5.1999907630818045,14.200005010846963,80.60000422607123
53.966569030099514,5.19999074764363,14.200005019192242,80.60000423316413
53.9975891067431,5.199990732189187,14.20000502754627,80.60000424026454
54.02860918471035,5.199990716718471,14.200005035909061,80.60000424737247
54.0596292640027,5.199990701231473,14.200005044280614,80.60000425448791
54.09064934462155,5.199990685728186,14.200005052660932,80.60000426161088
54.12166942656824,5.199990670208603,14.20000506105002,80.60000426874137
54.15268950984423,5.199990654672719,14.200005069447883,80.6000042758794
54.18370959445086,5.199990639120528,14.200005077854518,80.60000428302494
54.21472968038958,5.19999062355202,14.200005086269938,80.60000429017803
54.245749767661785,5.199990607967191,14.200005094694143,80.60000429733867
54.27676985626882,5.199990592366033,14.200005103127133,80.60000430450684
54.30778994621212,5.199990576748541,14.200005111568913,80.60000431168255
54.33881003749311,5.199990561114705,14.200005120019494,80.6000043188658
54.36983013011319,5.199990545464521,14.200005128478866,80.6000043260566
54.40085022407372,5.199990529797983,14.200005136947045,80.60000433325497
54.43187031937611,5.199990514115081,14.20000514542403,80.60000434046088
54.46289041602181,5.1999904984158105,14.200005153909819,80.60000434767437
54.49391051401214,5.199990482700166,14.200005162404425,80.6000043548954
54.524930613348566,5.1999904669681385,14.200005170907845,80.60000436212403
54.55595071403241,5.199990451219722,14.200005179420087,80.60000436936019
54.58697081606517,5.199990435454909,14.20000518794115,80.60000437660393
54.61799091944822,5.1999904196736955,14.200005196471041,80.60000438385526
54.64901102418298,5.199990403876072,14.200005205009763,80.60000439111417
54.68003113027085,5.199990388062035,14.200005213557318,80.60000439838065
54.71105123771322,5.1999903722315715,14.200005222113713,80.60000440565472
54.74207134651152,5.1999903563846805,14.20000523067895,80.60000441293637
54.77309145666713,5.199990340521355,14.20000523925303,80.60000442022562
54.80411156818147,5.199990324641587,14.200005247835959,80.60000442752245
54.835131681055984,5.199990308745369,14.200005256427739,80.60000443482689
54.86615179529205,5.199990292832696,14.200005265028375,80.60000444213892
54.897171910891096,5.199990276903561,14.200005273637869,80.60000444945857
54.928192027854465,5.199990260957956,14.200005282256228,80.60000445678581
54.959212146183695,5.199990244995876,14.20000529088345,80.60000446412067
54.9902322658801,5.199990229017313,14.200005299519544,80.60000447146314
55.021252386945086,5.199990213022262,14.200005308164512,80.60000447881322
55.05227250938014,5.199990197010715,14.200005316818359,80.60000448617093
55.08329263318662,5.199990180982664,14.20000532548108,80.60000449353626
55.11431275836595,5.199990164938106,14.200005334152689,80.60000450090921
55.14533288491954,5.199990148877031,14.200005342833185,80.60000450828979
55.176353012848836,5.199990132799435,14.200005351522574,80.600004515678
55.20737314215525,5.199990116705309,14.200005360220857,80.60000452307384
55.23839327284016,5.199990100594648,14.200005368928037,80.6000045304773
55.26941340490502,5.199990084467444,14.200005377644114,80.60000453788845
55.30043353835121,5.199990068323692,14.200005386369105,80.6000045453072
55.331453673180164,5.1999900521633835,14.200005395103002,80.60000455273362
55.36247380939331,5.199990035986513,14.200005403845811,80.60000456016768
55.39349394699205,5.199990019793074,14.200005412597532,80.60000456760939
55.42451408587809,5.19999000358306,14.200005421358181,80.60000457505876
55.45553422625231,5.199989987356464,14.200005430127746,80.6000045825158
55.486554368016414,5.199989971113278,14.20000543890624,80.60000458998047
55.51757451117185,5.199989954853497,14.200005447693668,80.60000459745284
55.54859465572,5.199989938577114,14.200005456490022,80.60000460493286
55.579614801662295,5.199989922284122,14.200005465295318,80.60000461242056
55.61063494900012,5.1999899059745145,14.200005474109552,80.60000461991594
55.641655097734976,5.199989889648285,14.200005482932735,80.60000462741898
55.672675247868206,5.199989873305428,14.200005491764864,80.60000463492972
55.7036953994013,5.199989856945937,14.200005500605942,80.60000464244811
55.73471555233565,5.199989840569803,14.200005509455977,80.60000464997422
55.76573570667269,5.199989824177019,14.20000551831497,80.60000465750801
55.79675586241384,5.199989807767581,14.200005527182924,80.6000046650495
55.827776019560545,5.199989791341482,14.200005536059845,80.60000467259867
55.85879617811422,5.1999897748987145,14.200005544945734,80.60000468015556
55.88981633807627,5.199989758439273,14.200005553840597,80.60000468772013
55.92083649944815,5.199989741963148,14.200005562744433,80.60000469529241
55.95185666223131,5.199989725470337,14.20000557165725,80.60000470287241
55.98287682642716,5.19998970896083,14.200005580579052,80.60000471046011
56.01389699203709,5.199989692434623,14.20000558950984,80.60000471805554
56.04491715906259,5.1999896758917075,14.20000559844962,80.60000472565866
56.07593732750511,5.199989659332077,14.200005607398392,80.60000473326954
56.106957497366025,5.199989642755725,14.20000561635616,80.60000474088811
56.13797766864681,5.199989626162646,14.200005625322929,80.60000474851444
56.168997841348876,5.1999896095528335,14.200005634298703,80.60000475614845
56.20001801547365,5.199989592926279,14.200005643283484,80.60000476379024
56.23103819102259,5.199989576282977,14.200005652277278,80.60000477143974
56.262058367997085,5.199989559622923,14.200005661280088,80.60000477909699
56.293078546398604,5.199989542946106,14.200005670291912,80.60000478676199
56.32409872622862,5.199989526252524,14.20000567931276,80.60000479443472
56.35511890748853,5.199989509542166,14.200005688342635,80.6000048021152
56.38613909017979,5.199989492815028,14.20000569738154,80.60000480980342
56.417159274303835,5.199989476071104,14.200005706429472,80.60000481749942
56.44817945986206,5.199989459310387,14.200005715486444,80.60000482520317
56.479199646855974,5.1999894425328685,14.200005724552453,80.60000483291468
56.51021983528697,5.1999894257385435,14.20000573362751,80.60000484063394
56.54124002515649,5.199989408927406,14.200005742711607,80.60000484836098
56.572260216466,5.199989392099448,14.20000575180476,80.6000048560958
56.60328040921695,5.199989375254664,14.200005760906965,80.60000486383836
56.63430060341071,5.199989358393048,14.200005770018223,80.60000487158872
56.665320799048835,5.199989341514591,14.200005779138545,80.60000487934687
56.69634099613269,5.199989324619289,14.20000578826793,80.60000488711279
56.727361194663715,5.199989307707133,14.200005797406384,80.60000489488648
56.75838139464341,5.199989290778119,14.200005806553905,80.60000490266798
56.78940159607316,5.199989273832239,14.200005815710504,80.60000491045726
56.82042179895444,5.199989256869486,14.20000582487618,80.60000491825433
56.85144200328874,5.199989239889856,14.200005834050941,80.60000492605921
56.882462209077424,5.199989222893339,14.20000584323478,80.60000493387189
56.91348241632197,5.19998920587993,14.200005852427713,80.60000494169235
56.94450262502382,5.199989188849624,14.200005861629739,80.60000494952064
56.97552283518444,5.199989171802411,14.200005870840855,80.60000495735673
57.00654304680527,5.1999891547382875,14.200005880061074,80.60000496520064
57.03756325988778,5.199989137657246,14.200005889290395,80.60000497305235
57.068583474433375,5.19998912055928,14.200005898528822,80.6000049809119
57.099603690443516,5.199989103444382,14.200005907776358,80.60000498877926
57.13062390791968,5.199989086312547,14.200005917033007,80.60000499665445
57.16164412686334,5.199989069163767,14.20000592629877,80.60000500453745
57.19266434727591,5.199989051998036,14.200005935573657,80.60000501242831
57.22368456915883,5.199989034815348,14.200005944857667,80.60000502032698
57.25470479251359,5.199989017615698,14.200005954150804,80.6000050282335
57.28572501734161,5.199989000399075,14.20000596345307,80.60000503614786
57.31674524364439,5.1999889831654755,14.200005972764467,80.60000504407006
57.34776547142333,5.199988965914894,14.200005982085006,80.6000050520001
57.37878570067989,5.199988948647322,14.200005991414683,80.600005059938
57.40980593141555,5.199988931362752,14.200006000753504,80.60000506788374
57.4408261636318,5.199988914061181,14.200006010101479,80.60000507583733
57.471846397330076,5.199988896742599,14.200006019458597,80.6000050837988
57.502866632511825,5.199988879407001,14.200006028824877,80.60000509176812
57.5338868691785,5.199988862054381,14.20000603820031,80.6000050997453
57.56490710733157,5.199988844684732,14.200006047584907,80.60000510773035
57.59592734697245,5.199988827298047,14.20000605697867,80.60000511572328
57.62694758810269,5.199988809894322,14.2000060663816,80.60000512372407
57.65796783072369,5.199988792473546,14.200006075793702,80.60000513173276
57.68898807483691,5.199988775035715,14.20000608521498,80.6000051397493
57.72000832044385,5.199988757580823,14.20000609464544,80.60000514777373
57.75102856754594,5.1999887401088625,14.20000610408508,80.60000515580606
57.78204881614467,5.199988722619828,14.200006113533906,80.60000516384626
57.81306906624144,5.199988705113713,14.20000612299192,80.60000517189437
57.844089317837785,5.199988687590508,14.200006132459128,80.60000517995036
57.87510957093508,5.199988670050212,14.200006141935534,80.60000518801425
57.9061298255349,5.199988652492814,14.20000615142114,80.60000519608604
57.93715008163867,5.199988634918308,14.20000616091595,80.60000520416575
57.96817033914815,5.1999886173266905,14.200006170419964,80.60000521225335
57.999190598264214,5.199988599717951,14.200006179933188,80.60000522034886
58.03021085888863,5.199988582092086,14.20000618945563,80.60000522845229
58.061231121022864,5.199988564449088,14.200006198987285,80.60000523656363
58.09225138466839,5.19998854678895,14.200006208528166,80.60000524468288
58.12327164982663,5.199988529111666,14.200006218078265,80.60000525281006
58.15429191649912,5.199988511417231,14.200006227637592,80.60000526094517
58.18531218468728,5.199988493705636,14.200006237206155,80.60000526908821
58.21633245439258,5.199988475976875,14.200006246783953,80.60000527723918
58.24735272561653,5.199988458230943,14.200006256370983,80.60000528539808
58.27837299836058,5.199988440467832,14.200006265967257,80.60000529356492
58.30939327262625,5.199988422687537,14.200006275572777,80.60000530173969
58.340413548414894,5.199988404890051,14.200006285187545,80.60000530992241
58.37143382572811,5.199988387075366,14.200006294811566,80.60000531811306
58.402454104567305,5.199988369243478,14.20000630444484,80.60000532631169
58.43347438493398,5.199988351394379,14.200006314087371,80.60000533451826
58.46449466682963,5.199988333528062,14.200006323739167,80.60000534273277
58.49551495025566,5.199988315644522,14.200006333400228,80.60000535095526
58.52653523521359,5.199988297743753,14.200006343070562,80.60000535918569
58.55755552170492,5.199988279825746,14.200006352750163,80.60000536742409
58.588575809731104,5.199988261890496,14.20000636243904,80.60000537567046
58.61959609929363,5.199988243937998,14.2000063721372,80.6000053839248
58.65061639039396,5.1999882259682435,14.20000638184464,80.60000539218711
58.68163668303358,5.199988207981225,14.200006391561368,80.6000054004574
58.712656977213975,5.19998818997694,14.200006401287387,80.60000540873567
58.74367727293664,5.19998817195538,14.200006411022695,80.60000541702192
58.774697570203024,5.199988153916537,14.200006420767302,80.60000542531616
58.80571786901459,5.199988135860407,14.200006430521208,80.60000543361838
58.83673816937288,5.199988117786982,14.200006440284419,80.6000054419286
58.867758471279366,5.199988099696256,14.200006450056938,80.6000054502468
58.898778774735526,5.199988081588223,14.200006459838763,80.60000545857302
58.92979907974279,5.199988063462876,14.200006469629908,80.60000546690722
58.96081938630271,5.199988045320208,14.200006479430366,80.60000547524943
58.99183969441669,5.199988027160215,14.200006489240147,80.60000548359963
59.022860004086304,5.199988008982888,14.200006499059247,80.60000549195787
59.053880315313,5.1999879907882205,14.200006508887677,80.6000055003241
59.08490062809828,5.199987972576208,14.200006518725441,80.60000550869835
59.115920942443594,5.199987954346844,14.200006528572537,80.60000551708062
59.14694125835046,5.19998793610012,14.200006538428973,80.6000055254709
59.17796157582034,5.199987917836031,14.200006548294747,80.60000553386922
59.20898189485475,5.1999878995545705,14.20000655816987,80.60000554227555
59.240002215455156,5.199987881255732,14.200006568054334,80.60000555068993
59.27102253762308,5.199987862939509,14.200006577948155,80.60000555911233
59.302042861360015,5.199987844605895,14.20000658785133,80.60000556754278
59.333063186667424,5.199987826254883,14.200006597763862,80.60000557598126
59.36408351354679,5.199987807886469,14.200006607685758,80.60000558442778
59.39510384199961,5.1999877895006446,14.200006617617017,80.60000559288234
59.42612417202741,5.199987771097402,14.200006627557649,80.60000560134495
59.45714450363162,5.199987752676738,14.200006637507649,80.60000560981561
59.48816483681385,5.199987734238644,14.200006647467026,80.60000561829432
59.51918517157548,5.199987715783115,14.200006657435779,80.60000562678111
59.55020550791803,5.199987697310144,14.200006667413916,80.60000563527593
59.58122584584302,5.199987678819724,14.200006677401438,80.60000564377884
59.61224618535193,5.199987660311848,14.20000668739835,80.6000056522898
59.643266526446254,5.199987641786512,14.200006697404657,80.60000566080883
59.674286869127506,5.199987623243708,14.200006707420357,80.60000566933594
59.705307213397134,5.19998760468343,14.20000671744546,80.60000567787111
59.736327559256665,5.199987586105672,14.20000672747996,80.60000568641436
59.767347906707634,5.199987567510426,14.200006737523871,80.6000056949657
59.79836825575152,5.199987548897688,14.20000674757719,80.60000570352513
59.82938860638979,5.19998753026745,14.20000675763992,80.60000571209262
59.86040895862398,5.199987511619705,14.200006767712066,80.60000572066824
59.891429312455585,5.199987492954449,14.20000677779364,80.6000057292519
59.9224496678861,5.199987474271674,14.200006787884629,80.60000573784369
59.953470024917024,5.199987455571373,14.200006797985049,80.60000574644359
59.98449038354988,5.199987436853541,14.200006808094894,80.60000575505157
60.01551074378615,5.199987418118171,14.200006818214176,80.60000576366765
60.046531105627345,5.1999873993652574,14.200006828342895,80.60000577229185
60.077551469074926,5.199987380594792,14.200006838481055,80.60000578092415
60.10857183413049,5.1999873618067705,14.200006848628654,80.60000578956458
60.13959220079545,5.199987343001186,14.200006858785708,80.6000057982131
60.17061256907135,5.19998732417803,14.200006868952206,80.60000580686977
60.2016329389597,5.1999873053373,14.20000687912816,80.60000581553453
60.232653310462005,5.1999872864789864,14.200006889313569,80.60000582420744
60.263673683579746,5.199987267603083,14.200006899508441,80.60000583288847
60.294694058314484,5.1999872487095855,14.200006909712778,80.60000584157764
60.32571443466769,5.199987229798487,14.200006919926581,80.60000585027494
60.35673481264088,5.19998721086978,14.200006930149856,80.60000585898037
60.387755192235566,5.199987191923459,14.200006940382604,80.60000586769394
60.41877557345327,5.199987172959517,14.20000695062483,80.60000587641565
60.44979595629546,5.199987153977948,14.200006960876536,80.60000588514552
60.48081634076374,5.1999871349787465,14.200006971137727,80.60000589388352
60.51183672685951,5.199987115961904,14.200006981408405,80.60000590262969
60.54285711458432,5.199987096927417,14.200006991688577,80.60000591138402
60.573877503939705,5.199987077875277,14.200007001978241,80.60000592014649
60.60489789492715,5.199987058805478,14.200007012277402,80.60000592891711
60.6359182875482,5.199987039718015,14.200007022586068,80.60000593769591
60.66693868180433,5.1999870206128795,14.200007032904235,80.6000059464829
60.697959077697085,5.199987001490068,14.200007043231913,80.60000595527802
60.72897947522795,5.19998698234957,14.2000070535691,80.60000596408133
60.759999874398495,5.1999869631913835,14.200007063915804,80.6000059728928
60.791020275210215,5.1999869440154995,14.200007074272026,80.60000598171247
60.82204067766461,5.199986924821912,14.200007084637766,80.60000599054032
60.85306108176319,5.199986905610617,14.200007095013037,80.60000599937635
60.88408148750751,5.199986886381605,14.200007105397836,80.60000600822056
60.915101894899045,5.199986867134871,14.20000711579216,80.60000601707297
60.94612230393937,5.1999868478704085,14.200007126196024,80.60000602593357
60.977142714629935,5.199986828588212,14.200007136609427,80.60000603480236
61.00816312697231,5.199986809288274,14.200007147032368,80.60000604367936
61.039183540968,5.199986789970589,14.200007157464858,80.60000605256455
61.070203956618506,5.19998677063515,14.200007167906897,80.60000606145795
61.101224373925376,5.199986751281953,14.200007178358486,80.60000607035956
61.132244792890155,5.199986731910988,14.20000718881963,80.60000607926938
61.163265213514315,5.19998671252225,14.200007199290335,80.60000608818741
61.19428563579943,5.199986693115735,14.200007209770598,80.60000609711366
61.22530605974699,5.199986673691433,14.200007220260433,80.60000610604814
61.25632648535852,5.19998665424934,14.200007230759832,80.60000611499083
61.287346912635556,5.1999866347894494,14.200007241268803,80.60000612394175
61.31836734157962,5.199986615311755,14.200007251787353,80.60000613290089
61.349387772192244,5.199986595816251,14.200007262315479,80.60000614186828
61.38040820447495,5.199986576302929,14.200007272853188,80.60000615084388
61.41142863842931,5.199986556771784,14.200007283400485,80.60000615982773
61.44244907405675,5.19998653722281,14.20000729395737,80.60000616881982
61.47346951135889,5.199986517656001,14.200007304523846,80.60000617782015
61.50448995033721,5.1999864980713495,14.200007315099917,80.60000618682874
61.535510390993245,5.19998647846885,14.200007325685588,80.60000619584557
61.56653083332852,5.199986458848496,14.200007336280862,80.60000620487064
61.59755127734459,5.1999864392102815,14.20000734688574,80.60000621390398
61.628571723043,5.1999864195542,14.20000735750023,80.60000622294557
61.65959217042526,5.199986399880245,14.200007368124332,80.60000623199542
61.690612619492896,5.1999863801884105,14.200007378758048,80.60000624105355
61.72163307024745,5.1999863604786905,14.200007389401387,80.60000625011993
61.7526535226904,5.199986340751078,14.200007400054343,80.60000625919457
61.78367397682334,5.199986321005567,14.200007410716928,80.6000062682775
61.81469443264782,5.199986301242151,14.200007421389143,80.6000062773687
61.84571489016536,5.199986281460825,14.20000743207099,80.60000628646819
61.87673534937748,5.19998626166158,14.200007442762475,80.60000629557594
61.90775581028571,5.199986241844414,14.200007453463598,80.600006304692
61.93877627289158,5.199986222009316,14.20000746417436,80.60000631381632
61.96979673719665,5.199986202156282,14.200007474894772,80.60000632294894
62.00081720320246,5.199986182285307,14.200007485624832,80.60000633208986
62.03183767091056,5.199986162396383,14.200007496364545,80.60000634123907
62.06285814032246,5.199986142489504,14.200007507113915,80.60000635039658
62.09387861143969,5.199986122564663,14.200007517872942,80.6000063595624
62.12489908426378,5.199986102621856,14.200007528641637,80.60000636873652
62.15591955879634,5.199986082661074,14.200007539419996,80.60000637791893
62.186940035038845,5.199986062682314,14.20000755020802,80.60000638710967
62.21796051299285,5.199986042685566,14.200007561005723,80.60000639630871
62.248980992659945,5.199986022670826,14.200007571813098,80.60000640551608
62.280001474041605,5.199986002638088,14.200007582630153,80.60000641473177
62.31102195713942,5.199985982587344,14.200007593456892,80.60000642395576
62.34204244195486,5.19998596251859,14.200007604293315,80.6000064331881
62.373062928489574,5.199985942431818,14.200007615139429,80.60000644242875
62.40408341674503,5.199985922327023,14.200007625995239,80.60000645167774
62.435103906722816,5.1999859022041965,14.20000763686074,80.60000646093506
62.466124398424455,5.199985882063334,14.200007647735942,80.60000647020073
62.49714489185148,5.199985861904431,14.20000765862085,80.60000647947471
62.52816538700551,5.199985841727478,14.200007669515463,80.60000648875706
62.55918588388803,5.19998582153247,14.200007680419782,80.60000649804775
62.59020638250056,5.199985801319402,14.200007691333818,80.60000650734678
62.62122688284471,5.199985781088266,14.200007702257567,80.60000651665416
62.652247384921964,5.199985760839056,14.200007713191038,80.6000065259699
62.683267888733916,5.199985740571766,14.200007724134231,80.600006535294
62.71428839428214,5.19998572028639,14.200007735087148,80.60000654462647
62.74530890156821,5.199985699982922,14.200007746049797,80.60000655396729
62.7763294105936,5.199985679661356,14.20000775702218,80.60000656331646
62.8073499213599,5.199985659321685,14.200007768004294,80.60000657267402
62.83837043386859,5.199985638963903,14.200007778996152,80.60000658203994
62.86939094812132,5.199985618588004,14.200007789997748,80.60000659141424
62.900411464119586,5.199985598193982,14.200007801009097,80.60000660079693
62.93143198186494,5.199985577781829,14.20000781203019,80.60000661018798
62.96245250135898,5.199985557351541,14.20000782306104,80.60000661958742
62.993473022603254,5.199985536903111,14.20000783410164,80.60000662899525
63.024493545599285,5.1999855164365325,14.200007845152008,80.60000663841146
63.055514070348636,5.1999854959517995,14.20000785621213,80.60000664783607
63.08653459685286,5.199985475448905,14.200007867282022,80.60000665726908
63.11755512511356,5.199985454927845,14.200007878361683,80.60000666671047
63.14857565513226,5.199985434388611,14.200007889451117,80.60000667616028
63.1795961869105,5.199985413831198,14.200007900550327,80.60000668561848
63.21061672044986,5.1999853932555995,14.200007911659315,80.60000669508509
63.2416372557519,5.19998537266181,14.200007922778088,80.6000067045601
63.2726577928182,5.199985352049822,14.200007933906644,80.60000671404353
63.303678331650275,5.199985331419629,14.200007945044991,80.60000672353537
63.33469887224971,5.199985310771226,14.200007956193131,80.60000673303564
63.365719414618056,5.1999852901046095,14.20000796735106,80.60000674254432
63.39673995875685,5.199985269419765,14.200007978518798,80.60000675206143
63.427760504667674,5.199985248716694,14.200007989696333,80.60000676158697
63.45878105235215,5.199985227995388,14.200008000883676,80.60000677112093
63.489801601811784,5.19998520725584,14.200008012080827,80.60000678066332
63.52082215304814,5.199985186498046,14.200008023287792,80.60000679021417
63.551842706062786,5.199985165721997,14.200008034504568,80.60000679977344
63.58286326085727,5.199985144927688,14.200008045731169,80.60000680934114
63.61388381743319,5.1999851241151145,14.200008056967588,80.60000681891731
63.64490437579216,5.199985103284268,14.200008068213835,80.6000068285019
63.675924935935605,5.199985082435143,14.200008079469908,80.60000683809496
63.70694549786521,5.199985061567733,14.200008090735814,80.60000684769646
63.73796606158248,5.199985040682033,14.200008102011557,80.60000685730641
63.76898662708905,5.199985019778034,14.20000811329714,80.60000686692483
63.80000719438642,5.199984998855734,14.20000812459256,80.60000687655172
63.83102776347621,5.199984977915125,14.200008135897832,80.60000688618705
63.86204833435994,5.1999849569561984,14.200008147212948,80.60000689583086
63.89306890703922,5.199984935978952,14.200008158537916,80.60000690548314
63.92408948151559,5.199984914983377,14.20000816987274,80.60000691514388
63.95511005779063,5.199984893969468,14.200008181217424,80.6000069248131
63.98613063586597,5.199984872937219,14.20000819257197,80.6000069344908
64.01715121574311,5.199984851886623,14.20000820393638,80.600006944177
64.04817179742365,5.199984830817675,14.200008215310659,80.60000695387166
64.07919238090913,5.199984809730369,14.200008226694807,80.60000696357483
64.11021296620116,5.199984788624697,14.200008238088833,80.60000697328647
64.14123355330133,5.199984767500656,14.200008249492738,80.6000069830066
64.17225414221122,5.199984746358236,14.200008260906518,80.60000699273525
64.20327473293234,5.1999847251974325,14.200008272330189,80.60000700247238
64.23429532546629,5.199984704018241,14.200008283763749,80.60000701221801
64.2653159198147,5.199984682820653,14.200008295207198,80.60000702197215
64.29633651597909,5.199984661604663,14.20000830666054,80.6000070317348
64.327357113961,5.199984640370265,14.20000831812378,80.60000704150596
64.3583777137621,5.199984619117455,14.200008329596924,80.60000705128563
64.38939831538393,5.199984597846222,14.20000834107997,80.60000706107381
64.4204189188281,5.199984576556564,14.200008352572926,80.60000707087052
64.45143952409616,5.199984555248474,14.200008364075794,80.60000708067572
64.48246013118964,5.199984533921944,14.200008375588574,80.60000709048948
64.51348074011024,5.19998451257697,14.200008387111273,80.60000710031176
64.54450135085945,5.199984491213545,14.200008398643893,80.60000711014257
64.57552196343886,5.199984469831664,14.200008410186435,80.6000071199819
64.60654257785006,5.1999844484313185,14.200008421738907,80.60000712982978
64.63756319409462,5.199984427012504,14.200008433301308,80.60000713968618
64.66858381217415,5.199984405575214,14.200008444873646,80.60000714955113
64.69960443209028,5.199984384119443,14.200008456455917,80.60000715942464
64.73062505384452,5.199984362645184,14.20000846804813,80.60000716930669
64.76164567743848,5.199984341152431,14.200008479650291,80.60000717919728
64.79266630287374,5.199984319641179,14.200008491262395,80.60000718909642
64.82368693015188,5.199984298111419,14.200008502884451,80.60000719900412
64.85470755927446,5.199984276563149,14.20000851451646,80.60000720892039
64.88572819024316,5.199984254996359,14.200008526158426,80.60000721884522
64.91674882305948,5.199984233411045,14.200008537810355,80.60000722877861
64.94776945772504,5.1999842118072,14.20000854947224,80.60000723872056
64.97879009424138,5.199984190184819,14.200008561144099,80.60000724867108
65.00981073261015,5.199984168543895,14.200008572825926,80.60000725863019
65.04083137283294,5.199984146884422,14.200008584517725,80.60000726859785
65.07185201491136,5.199984125206393,14.2000085962195,80.60000727857411
65.1028726588469,5.199984103509805,14.200008607931258,80.60000728855894
65.13389330464126,5.199984081794648,14.200008619652996,80.60000729855236
65.16491395229598,5.199984060060919,14.200008631384723,80.60000730855435
65.1959346018127,5.199984038308609,14.200008643126438,80.60000731856496
65.22695525319293,5.199984016537714,14.200008654878143,80.60000732858414
65.25797590643829,5.199983994748228,14.20000866663985,80.60000733861192
65.28899656155043,5.199983972940143,14.200008678411551,80.6000073486483
65.32001721853092,5.199983951113456,14.200008690193258,80.60000735869328
65.35103787738134,5.199983929268157,14.20000870198497,80.60000736874687
65.3820585381033,5.199983907404242,14.20000871378669,80.60000737880907
65.41307920069833,5.199983885521706,14.200008725598426,80.60000738887987
65.44409986516808,5.199983863620542,14.200008737420175,80.60000739895928
65.47512053151418,5.1999838417007425,14.200008749251941,80.60000740904731
65.50614119973817,5.199983819762302,14.20000876109373,80.60000741914396
65.53716186984168,5.199983797805217,14.20000877294555,80.60000742924923
65.5681825418263,5.1999837758294785,14.200008784807391,80.60000743936313
65.59920321569363,5.19998375383508,14.200008796679267,80.60000744948566
65.63022389144525,5.199983731822018,14.20000880856118,80.60000745961679
65.66124456908275,5.199983709790285,14.20000882045313,80.60000746975659
65.69226524860781,5.199983687739874,14.20000883235512,80.60000747990502
65.72328593002197,5.19998366567078,14.200008844267156,80.60000749006207
65.75430661332683,5.199983643582998,14.200008856189243,80.60000750022776
65.78532729852402,5.199983621476521,14.200008868121378,80.60000751040211
65.81634798561511,5.1999835993513415,14.200008880063569,80.6000075205851
65.84736867460177,5.199983577207455,14.200008892015815,80.60000753077674
65.87838936548552,5.199983555044856,14.200008903978127,80.60000754097703
65.909410058268,5.199983532863536,14.200008915950498,80.60000755118597
65.9404307529508,5.1999835106634915,14.200008927932938,80.60000756140357
65.97145144953556,5.1999834884447145,14.200008939925452,80.60000757162985
66.00247214802384,5.199983466207201,14.200008951928039,80.60000758186476
66.03349284841731,5.199983443950942,14.200008963940705,80.60000759210834
66.0645135507175,5.199983421675934,14.200008975963446,80.60000760236062
66.0955342549261,5.1999833993821705,14.200008987996274,80.60000761262157
66.12655496104463,5.1999833770696435,14.200009000039188,80.60000762289117
66.15757566907476,5.199983354738349,14.200009012092195,80.60000763316945
66.18859637901808,5.199983332388282,14.20000902415529,80.60000764345642
66.21961709087616,5.199983310019433,14.20000903622849,80.60000765375209
66.25063780465072,5.199983287631799,14.200009048311784,80.60000766405642
66.2816585203433,5.199983265225371,14.200009060405183,80.60000767436945
66.31267923795549,5.199983242800147,14.200009072508687,80.60000768469116
66.34369995748888,5.199983220356116,14.200009084622303,80.60000769502157
66.37472067894514,5.199983197893277,14.20000909674603,80.60000770536068
66.40574140232589,5.19998317541162,14.200009108879874,80.6000077157085
66.4367621276327,5.199983152911142,14.200009121023838,80.60000772606502
66.46778285486722,5.199983130391833,14.200009133177922,80.60000773643024
66.49880358403108,5.199983107853691,14.200009145342134,80.60000774680418
66.52982431512584,5.199983085296708,14.200009157516478,80.6000077571868
66.56084504815314,5.199983062720878,14.200009169700948,80.60000776757818
66.5918657831146,5.199983040126196,14.200009181895556,80.60000777797825
66.62288652001182,5.199983017512654,14.200009194100305,80.60000778838705
66.65390725884642,5.199982994880249,14.200009206315196,80.60000779880457
66.68492799962006,5.1999829722289705,14.200009218540227,80.6000078092308
66.71594874233429,5.199982949558817,14.200009230775409,80.60000781966578
66.74696948699078,5.1999829268697795,14.200009243020745,80.60000783010948
66.77799023359111,5.199982904161855,14.200009255276234,80.60000784056191
66.80901098213695,5.199982881435034,14.200009267541883,80.60000785102308
66.84003173262988,5.199982858689312,14.200009279817689,80.600007861493
66.87105248507157,5.199982835924683,14.200009292103664,80.60000787197166
66.90207323946356,5.1999828131411405,14.200009304399803,80.60000788245905
66.93309399580754,5.199982790338678,14.200009316706113,80.6000078929552
66.9641147541051,5.199982767517293,14.2000093290226,80.60000790346011
66.99513551435787,5.1999827446769755,14.200009341349261,80.60000791397376
67.02615627656748,5.19998272181772,14.200009353686106,80.60000792449617
67.05717704073554,5.199982698939523,14.200009366033134,80.60000793502734
67.08819780686366,5.199982676042375,14.20000937839035,80.60000794556727
67.11921857495349,5.199982653126273,14.200009390757751,80.60000795611597
67.1502393450067,5.199982630191209,14.200009403135352,80.60000796667343
67.18126011702483,5.199982607237178,14.200009415523146,80.60000797723967
67.21228089100954,5.199982584264174,14.20000942792114,80.60000798781468
67.24330166696247,5.199982561272191,14.200009440329337,80.60000799839847
67.27432244488521,5.199982538261223,14.200009452747741,80.60000800899103
67.30534322477943,5.199982515231262,14.200009465176356,80.60000801959238
67.33636400664672,5.199982492182305,14.20000947761518,80.6000080302025
67.36738479048877,5.199982469114343,14.20000949006422,80.60000804082144
67.39840557630711,5.1999824460273745,14.200009502523484,80.60000805144915
67.42942636410349,5.199982422921388,14.200009514992965,80.60000806208565
67.46044715387944,5.199982399796381,14.200009527472673,80.60000807273094
67.49146794563663,5.199982376652348,14.200009539962611,80.60000808338505
67.52248873937671,5.199982353489281,14.200009552462781,80.60000809404794
67.55350953510128,5.199982330307174,14.200009564973188,80.60000810471963
67.58453033281202,5.199982307106023,14.200009577493827,80.60000811540016
67.61555113251052,5.199982283885819,14.200009590024711,80.60000812608948
67.6465719341984,5.199982260646559,14.20000960256584,80.60000813678761
67.67759273787732,5.199982237388234,14.200009615117215,80.60000814749455
67.70861354354889,5.199982214110841,14.200009627678845,80.60000815821031
67.73963435121478,5.1999821908143735,14.200009640250727,80.6000081689349
67.77065516087663,5.199982167498824,14.200009652832868,80.60000817966831
67.80167597253605,5.199982144164188,14.200009665425267,80.60000819041055
67.83269678619467,5.199982120810458,14.20000967802793,80.60000820116161
67.86371760185416,5.199982097437628,14.200009690640861,80.60000821192152
67.89473841951612,5.199982074045694,14.200009703264064,80.60000822269025
67.92575923918221,5.199982050634649,14.200009715897538,80.60000823346782
67.95678006085409,5.199982027204486,14.200009728541287,80.60000824425423
67.98780088453336,5.1999820037552,14.200009741195318,80.60000825504949
68.01882171022164,5.199981980286786,14.200009753859632,80.60000826585359
68.04984253792063,5.199981956799235,14.200009766534233,80.60000827666653
68.08086336763196,5.199981933292545,14.200009779219123,80.60000828748834
68.1118841993572,5.1999819097667075,14.200009791914306,80.600008298319
68.14290503309807,5.199981886221716,14.200009804619784,80.6000083091585
68.1739258688562,5.199981862657566,14.20000981733556,80.60000832000688
68.20494670663322,5.199981839074252,14.200009830061639,80.60000833086411
68.23596754643077,5.199981815471766,14.200009842798023,80.60000834173022
68.2669883882505,5.199981791850104,14.200009855544717,80.60000835260517
68.29800923209405,5.199981768209258,14.200009868301722,80.60000836348902
68.32903007796305,5.199981744549224,14.200009881069043,80.60000837438173
68.36005092585918,5.199981720869997,14.20000989384668,80.60000838528332
68.39107177578404,5.199981697171567,14.200009906634639,80.60000839619379
68.42209262773932,5.199981673453931,14.20000991943292,80.60000840711314
68.45311348172665,5.199981649717083,14.200009932241532,80.60000841804138
68.48413433774768,5.199981625961016,14.200009945060474,80.60000842897851
68.51515519580406,5.199981602185724,14.200009957889748,80.60000843992454
68.54617605589743,5.199981578391203,14.200009970729363,80.60000845087943
68.57719691802943,5.199981554577444,14.200009983579315,80.60000846184325
68.60821778220172,5.199981530744443,14.200009996439613,80.60000847281594
68.63923864841594,5.199981506892194,14.200010009310255,80.60000848379755
68.6702595166738,5.199981483020691,14.20001002219125,80.60000849478806
68.70128038697689,5.199981459129929,14.200010035082594,80.60000850578749
68.73230125932687,5.199981435219899,14.200010047984296,80.60000851679581
68.76332213372542,5.199981411290597,14.200010060896359,80.60000852781303
68.79434301017413,5.199981387342018,14.200010073818781,80.60000853883919
68.82536388867467,5.199981363374154,14.200010086751572,80.60000854987427
68.85638476922871,5.199981339387001,14.20001009969473,80.60000856091827
68.88740565183794,5.199981315380552,14.20001011264826,80.60000857197119
68.91842653650396,5.199981291354802,14.200010125612167,80.60000858303303
68.94944742322845,5.1999812673097425,14.20001013858645,80.60000859410381
68.98046831201307,5.199981243245371,14.200010151571114,80.60000860518352
69.01148920285947,5.199981219161678,14.200010164566166,80.60000861627216
69.04251009576932,5.199981195058662,14.200010177571604,80.60000862736973
69.07353099074427,5.199981170936313,14.200010190587431,80.60000863847625
69.10455188778596,5.199981146794628,14.200010203613655,80.60000864959171
69.13557278689602,5.199981122633599,14.200010216650277,80.60000866071613
69.16659368807618,5.199981098453221,14.200010229697298,80.60000867184948
69.19761459132803,5.199981074253487,14.200010242754724,80.60000868299178
69.2286354966533,5.199981050034394,14.200010255822553,80.60000869414306
69.2596564040536,5.199981025795932,14.200010268900797,80.60000870530327
69.2906773135306,5.199981001538098,14.20001028198945,80.60000871647244
69.32169822508598,5.199980977260886,14.200010295088521,80.60000872765059
69.35271913872137,5.199980952964288,14.20001030819801,80.6000087388377
69.38374005443848,5.1999809286483,14.200010321317924,80.60000875003377
69.41476097223894,5.199980904312916,14.200010334448265,80.60000876123881
69.44578189212437,5.199980879958129,14.200010347589032,80.60000877245284
69.47680281409653,5.1999808555839335,14.200010360740233,80.60000878367583
69.50782373815699,5.199980831190324,14.20001037390187,80.60000879490781
69.53884466430748,5.199980806777294,14.200010387073938,80.60000880614876
69.56986559254963,5.199980782344839,14.200010400256454,80.6000088173987
69.60088652288513,5.199980757892952,14.200010413449416,80.60000882865764
69.63190745531561,5.199980733421626,14.200010426652824,80.60000883992555
69.66292838984276,5.199980708930857,14.20001043986668,80.60000885120246
69.69394932646829,5.199980684420638,14.200010453090995,80.60000886248837
69.72497026519379,5.199980659890964,14.200010466325766,80.60000887378327
69.75599120602097,5.199980635341827,14.200010479570993,80.60000888508718
69.78701214895146,5.199980610773226,14.200010492826692,80.60000889640008
69.81803309398698,5.1999805861851485,14.20001050609285,80.600008907722
69.8490540411292,5.199980561577593,14.200010519369483,80.60000891905293
69.88007499037974,5.1999805369505525,14.200010532656588,80.60000893039286
69.91109594174033,5.1999805123040215,14.200010545954164,80.60000894174182
69.9421168952126,5.199980487637994,14.200010559262225,80.60000895309977
69.97313785079825,5.199980462952462,14.200010572580766,80.60000896446678
70.00415880849891,5.199980438247423,14.200010585909792,80.60000897584278
70.03517976831631,5.19998041352287,14.20001059924931,80.60000898722782
70.0662007302521,5.199980388778795,14.200010612599314,80.6000089986219
70.09722169430793,5.199980364015195,14.200010625959822,80.60000901002499
70.12824266048548,5.199980339232062,14.20001063933082,80.60000902143712
70.15926362878648,5.199980314429393,14.200010652712326,80.60000903285828
70.1902845992125,5.199980289607177,14.200010666104331,80.60000904428848
70.22130557176531,5.199980264765413,14.200010679506844,80.60000905572774
70.25232654644655,5.199980239904094,14.200010692919868,80.60000906717603
70.28334752325787,5.1999802150232135,14.200010706343408,80.60000907863338
70.314368502201,5.199980190122765,14.200010719777467,80.60000909009976
70.34538948327759,5.199980165202743,14.20001073322204,80.60000910157521
70.37641046648933,5.1999801402631425,14.200010746677142,80.60000911305971
70.40743145183787,5.1999801153039575,14.200010760142767,80.60000912455327
70.4384524393249,5.19998009032518,14.20001077361892,80.60000913605589
70.46947342895211,5.199980065326808,14.20001078710561,80.60000914756758
70.50049442072121,5.199980040308832,14.200010800602833,80.60000915908833
70.53151541463383,5.199980015271247,14.200010814110598,80.60000917061816
70.56253641069166,5.199979990214048,14.200010827628901,80.60000918215705
70.59355740889643,5.1999799651372305,14.20001084115775,80.60000919370502
70.62457840924978,5.1999799400407865,14.200010854697151,80.60000920526207
70.65559941175339,5.199979914924709,14.200010868247098,80.6000092168282
70.68662041640894,5.199979889788995,14.200010881807604,80.60000922840341
70.71764142321811,5.1999798646336375,14.200010895378664,80.60000923998768
70.74866243218261,5.1999798394586305,14.200010908960287,80.60000925158108
70.77968344330412,5.199979814263968,14.200010922552472,80.60000926318355
70.81070445658428,5.199979789049644,14.200010936155227,80.60000927479513
70.84172547202485,5.199979763815654,14.200010949768552,80.6000092864158
70.87274648962749,5.19997973856199,14.200010963392447,80.60000929804556
70.90376750939387,5.199979713288648,14.200010977026919,80.60000930968442
70.93478853132565,5.199979687995621,14.200010990671974,80.6000093213324
70.9658095554246,5.199979662682905,14.200011004327612,80.60000933298949
70.99683058169231,5.199979637350492,14.20001101799383,80.60000934465567
71.02785161013057,5.199979611998376,14.200011031670643,80.60000935633099
71.05887264074096,5.1999795866265535,14.200011045358044,80.6000093680154
71.08989367352527,5.199979561235017,14.200011059056042,80.60000937970895
71.12091470848517,5.19997953582376,14.200011072764637,80.6000093914116
71.15193574562231,5.199979510392779,14.200011086483833,80.6000094031234
71.18295678493841,5.199979484942065,14.200011100213633,80.6000094148443
71.21397782643514,5.199979459471614,14.200011113954044,80.60000942657433
71.24499887011422,5.199979433981422,14.200011127705062,80.60000943831352
71.27601991597736,5.19997940847148,14.200011141466698,80.60000945006183
71.30704096402616,5.199979382941784,14.200011155238949,80.60000946181927
71.3380620142624,5.199979357392327,14.200011169021817,80.60000947358586
71.36908306668779,5.199979331823105,14.200011182815315,80.60000948536158
71.40010412130395,5.19997930623411,14.20001119661943,80.60000949714646
71.43112517811262,5.199979280625337,14.200011210434182,80.60000950894049
71.46214623711546,5.19997925499678,14.200011224259562,80.60000952074365
71.49316729831418,5.199979229348434,14.200011238095584,80.60000953255599
71.52418836171051,5.199979203680293,14.200011251942238,80.60000954437747
71.55520942730612,5.1999791779923505,14.200011265799537,80.60000955620812
71.5862304951027,5.199979152284602,14.200011279667478,80.60000956804791
71.61725156510204,5.1999791265570385,14.20001129354607,80.60000957989689
71.64827263730571,5.199979100809657,14.20001130743531,80.60000959175504
71.67929371171547,5.199979075042452,14.200011321335207,80.60000960362234
71.71031478833302,5.1999790492554165,14.20001133524576,80.60000961549882
71.74133586716006,5.199979023448545,14.200011349166974,80.60000962738448
71.77235694819827,5.199978997621831,14.200011363098849,80.6000096392793
71.80337803144937,5.199978971775271,14.200011377041394,80.60000965118334
71.83439911691507,5.199978945908857,14.200011390994607,80.60000966309654
71.865420204597,5.199978920022582,14.200011404958495,80.60000967501892
71.89644129449694,5.199978894116444,14.200011418933059,80.60000968695049
71.92746238661657,5.199978868190433,14.200011432918297,80.60000969889127
71.95848348095763,5.199978842244547,14.200011446914223,80.60000971084122
71.98950457752174,5.199978816278779,14.200011460920834,80.6000097228004
72.02052567631068,5.1999787902931205,14.20001147493813,80.60000973476875
72.05154677732611,5.199978764287569,14.200011488966119,80.60000974674631
72.08256788056978,5.199978738262118,14.200011503004802,80.60000975873308
72.11358898604338,5.199978712216761,14.20001151705418,80.60000977072906
72.14461009374861,5.199978686151492,14.200011531114262,80.60000978273425
72.17563120368716,5.199978660066306,14.200011545185049,80.60000979474864
72.20665231586075,5.199978633961198,14.20001155926654,80.60000980677226
72.23767343027114,5.19997860783616,14.200011573358745,80.60000981880509
72.26869454692,5.199978581691187,14.200011587461658,80.60000983084716
72.29971566580896,5.199978555526275,14.20001160157529,80.60000984289843
72.43933698067013,5.1999784368056385,14.200011665597176,80.60000989759719
72.57895834207642,5.199978317643641,14.200011729870212,80.60000995248615
72.71857975019962,5.199978198077256,14.200011794360497,80.60001000756225
72.85820120519845,5.199978078106116,14.200011859068226,80.60001006282566
72.99782270723162,5.199977957729858,14.200011923993586,80.60001011827656
73.137444256458,5.1999778369481175,14.200011989136774,80.60001017391511
73.27706585303683,5.199977715760534,14.200012054497979,80.60001022974149
73.4166874971272,5.1999775941667465,14.200012120077387,80.60001028575586
73.5563091888885,5.1999774721663945,14.200012185875194,80.60001034195841
73.69593092848051,5.1999773497591155,14.200012251891591,80.6000103983493
73.83555271606262,5.19997722694455,14.200012318126767,80.60001045492868
73.9751745517948,5.199977103722335,14.200012384580916,80.60001051169675
74.11479643583682,5.1999769800921065,14.200012451254226,80.60001056865367
74.25441836834882,5.199976856053501,14.20001251814689,80.60001062579961
74.39404034903474,5.19997673160615,14.200012585259111,80.60001068313474
74.53366237896769,5.199976606749685,14.200012652591083,80.60001074065923
74.67328445785172,5.199976481483732,14.200012720142993,80.60001079837326
74.81290658584746,5.1999763558079195,14.200012787915053,80.60001085627702
74.95252876311582,5.1999762297218695,14.20001285590746,80.60001091437067
75.09215098981778,5.199976103225199,14.200012924120415,80.60001097265439
75.2317732661146,5.199975976317527,14.200012992554123,80.60001103112835
75.37139559216746,5.199975848998462,14.200013061208793,80.60001108979274
75.51101796813762,5.1999757212676165,14.200013130084631,80.60001114864775
75.65064039418665,5.199975593124595,14.200013199181852,80.60001120769356
75.79026287047643,5.199975464568998,14.200013268500664,80.60001126693034
75.92988539716865,5.1999753356004215,14.200013338041284,80.6000113263583
76.06950797442573,5.199975206218461,14.200013407803933,80.60001138597761
76.20913060240945,5.1999750764227075,14.200013477788827,80.60001144578847
76.34875328128238,5.199974946212744,14.200013547996187,80.60001150579107
76.48837601120715,5.199974815588153,14.20001361842624,80.60001156598561
76.62799879234629,5.199974684548512,14.200013689079208,80.60001162637228
76.7676216248625,5.199974553093396,14.200013759955324,80.60001168695128
76.90724450891926,5.1999744212223735,14.200013831054816,80.60001174772282
77.04686744467934,5.199974288935013,14.200013902377917,80.60001180868707
77.18649043230644,5.199974156230875,14.200013973924861,80.60001186984427
77.32611347196391,5.19997402310952,14.200014045695886,80.60001193119459
77.4657365638152,5.199973889570501,14.200014117691225,80.60001199273827
77.60535970802475,5.199973755613374,14.200014189911128,80.6000120544755
77.74498290475606,5.199973621237682,14.200014262355829,80.60001211640649
77.88460615417374,5.199973486442974,14.200014335025577,80.60001217853146
78.02422945644213,5.199973351228791,14.20001440792061,80.6000122408506
78.16385281172579,5.199973215594673,14.200014481041185,80.60001230336414
78.30347622018951,5.199973079540154,14.200014554387549,80.60001236607229
78.44309968199833,5.199972943064768,14.20001462795995,80.60001242897528
78.5827231973173,5.199972806168047,14.200014701758636,80.60001249207332
78.72234676631189,5.199972668849514,14.20001477578387,80.60001255536662
78.86197038914743,5.199972531108699,14.200014850035899,80.6000126188554
79.0015940659897,5.199972392945122,14.200014924514983,80.60001268253988
79.14121779700464,5.199972254358305,14.200014999221377,80.60001274642032
79.28084158235818,5.199972115347764,14.200015074155342,80.60001281049689
79.42046542221684,5.199971975913017,14.200015149317139,80.60001287476985
79.56008931674673,5.199971836053578,14.200015224707025,80.60001293923939
79.69971326611477,5.199971695768959,14.20001530032526,80.60001300390579
79.8393372704878,5.19997155505867,14.200015376172109,80.60001306876923
79.9789613300327,5.19997141392222,14.200015452247838,80.60001313382995
80.11858544491686,5.199971272359116,14.20001552855271,80.60001319908817
80.25820961530736,5.1999711303688665,14.200015605086985,80.60001326454415
80.39783384137219,5.19997098795097,14.200015681850935,80.6000133301981
80.53745812327908,5.199970845104936,14.200015758844826,80.60001339605024
80.67708246119615,5.199970701830263,14.200015836068921,80.60001346210082
80.81670685529144,5.199970558126452,14.20001591352349,80.60001352835006
80.95633130573331,5.199970413993003,14.2000159912088,80.6000135947982
81.09595581269019,5.199970269429415,14.200016069125127,80.60001366144546
81.23558037633131,5.199970124435185,14.200016147272725,80.60001372829208
81.37520499682546,5.199969979009812,14.200016225651876,80.60001379533831
81.51482967434168,5.1999698331527915,14.20001630426285,80.60001386258435
81.65445440904949,5.199969686863618,14.200016383105913,80.60001393003047
81.79407920111844,5.199969540141788,14.200016462181331,80.60001399767688
81.93370405071819,5.199969392986795,14.200016541489383,80.60001406552382
82.07332895801879,5.199969245398135,14.20001662103034,80.60001413357153
82.21295392319074,5.199969097375299,14.200016700804467,80.60001420182023
82.352578946404,5.199968948917783,14.200016780812035,80.60001427027018
82.49220402782935,5.199968800025078,14.200016861053324,80.6000143389216
82.6318291676376,5.199968650696677,14.2000169415286,80.60001440777472
82.77145436599943,5.199968500932075,14.200017022238137,80.60001447682978
82.91107962308637,5.199968350730759,14.2000171031822,80.60001454608704
83.05070493906945,5.1999682000922265,14.200017184361075,80.6000146155467
83.19033031412054,5.1999680490159665,14.200017265775017,80.600014685209
83.32995574841146,5.199967897501473,14.20001734742431,80.60001475507421
83.46958124211405,5.199967745548237,14.200017429309222,80.60001482514254
83.60920679540051,5.199967593155751,14.200017511430024,80.60001489541422
83.74883240844306,5.1999674403235066,14.200017593786987,80.60001496588951
83.8884580814144,5.199967287050996,14.200017676380389,80.60001503656862
84.02808381448746,5.1999671333377115,14.200017759210496,80.6000151074518
84.16770960783492,5.199966979183147,14.200017842277578,80.60001517853928
84.30733546163009,5.1999668245867925,14.200017925581912,80.60001524983129
84.44696137604646,5.199966669548144,14.200018009123767,80.60001532132809
84.58658735125726,5.199966514066691,14.200018092903413,80.6000153930299
84.72621338743657,5.199966358141929,14.20001817692112,80.60001546493694
84.86583948475823,5.199966201773351,14.200018261177163,80.60001553704949
85.00546564339655,5.199966044960451,14.200018345671811,80.60001560936773
85.14509186352586,5.199965887702724,14.200018430405336,80.60001568189195
85.28471814532061,5.199965729999663,14.200018515378002,80.60001575462233
85.42434448895558,5.199965571850762,14.20001860059009,80.60001582755915
85.56397089460593,5.199965413255518,14.20001868604186,80.60001590070263
85.70359736244666,5.199965254213425,14.200018771733586,80.60001597405298
85.84322389265314,5.19996509472398,14.200018857665539,80.60001604761048
85.98285048540102,5.199964934786678,14.20001894383799,80.60001612137533
86.12247714086595,5.199964774401017,14.200019030251198,80.60001619534778
86.2621038592239,5.199964613566492,14.200019116905443,80.60001626952807
86.40173064065111,5.199964452282602,14.200019203800993,80.60001634391641
86.54135748532383,5.199964290548845,14.200019290938107,80.60001641851304
86.68098439341847,5.199964128364718,14.200019378317064,80.60001649331822
86.82061136511213,5.1999639657297205,14.200019465938125,80.60001656833215
86.96023840058159,5.199963802643351,14.200019553801562,80.60001664355508
87.09986550000414,5.1999636391051105,14.200019641907641,80.60001671898725
87.23949266355706,5.1999634751144965,14.200019730256628,80.60001679462887
87.37911989141749,5.199963310671013,14.200019818848794,80.60001687048019
87.51874718376352,5.1999631457741575,14.2000199076844,80.60001694654144
87.65837454077317,5.199962980423433,14.200019996763716,80.60001702281285
87.7980019626244,5.199962814618342,14.200020086087006,80.60001709929465
87.93762944949563,5.199962648358387,14.20002017565454,80.60001717598708
88.07725700156519,5.19996248164307,14.200020265466575,80.60001725289035
88.21688461901203,5.199962314471895,14.20002035552339,80.60001733000472
88.35651230201503,5.199962146844364,14.200020445825237,80.6000174073304
88.49614005075327,5.199961978759985,14.20002053637239,80.60001748486762
88.63577253537345,5.199961810212607,14.20002062716815,80.60001756261924
88.77540508419948,5.199961641207363,14.20002071820976,80.60001764058288
88.91503769740598,5.199961471743756,14.20002080949748,80.60001771875876
89.05467037516777,5.199961301821293,14.200020901031573,80.60001779714713
89.19430311765953,5.199961131439482,14.200020992812307,80.60001787574821
89.33393592505668,5.199960960597829,14.200021084839939,80.60001795456223
89.4735687975342,5.199960789295843,14.200021177114735,80.60001803358942
89.61320173526771,5.199960617533031,14.200021269636956,80.60001811283001
89.7528347384331,5.1999604453089034,14.200021362406867,80.60001819228422
89.89246780720602,5.19996027262297,14.20002145542473,80.6000182719523
90.03210094176274,5.199960099474739,14.200021548690803,80.60001835183445
90.17173414227922,5.199959925863723,14.200021642205348,80.60001843193093
90.31136740893221,5.1999597517894305,14.200021735968631,80.60001851224195
90.45100074189831,5.199959577251375,14.20002182998091,80.60001859276771
90.59063414135409,5.199959402249068,14.200021924242446,80.60001867350849
90.73026760747672,5.199959226782021,14.200022018753497,80.60001875446447
90.86990114044335,5.199959050849749,14.20002211351433,80.60001883563592
91.0095347404313,5.199958874451765,14.200022208525198,80.60001891702304
91.14916840761826,5.199958697587581,14.20002230378636,80.60001899862606
91.28880214218188,5.199958520256715,14.20002239929808,80.60001908044521
91.42843594430008,5.199958342458679,14.200022495060615,80.6000191624807
91.56806981415089,5.19995816419299,14.200022591074223,80.60001924473279
91.70770375191303,5.1999579854591635,14.200022687339164,80.60001932720166
91.84733775776452,5.199957806256717,14.200022783855692,80.6000194098876
91.9871930167737,5.199957626299826,14.200022880777748,80.60001949292243
92.12704834263945,5.199957445871844,14.200022977952726,80.60001957617543
92.26690373553706,5.199957264972312,14.200023075380857,80.60001965964683
92.40675919520962,5.19995708360074,14.200023173062407,80.60001974333686
92.54661472269699,5.199956901756642,14.200023270997642,80.60001982724572
92.68647031774275,5.199956719439537,14.200023369186809,80.60001991137365
92.82632598052267,5.199956536648942,14.200023467630174,80.60001999572088
92.96618171121305,5.199956353384376,14.200023566327987,80.60002008028763
93.10603750999007,5.199956169645358,14.200023665280511,80.60002016507413
93.24589337702986,5.199955985431407,14.200023764488003,80.60002025008059
93.38574931250938,5.199955800742042,14.200023863950717,80.60002033530725
93.52560531660505,5.199955615576783,14.200023963668906,80.60002042075432
93.66546138949401,5.199955429935155,14.20002406364283,80.60002050642201
93.80531753135358,5.199955243816675,14.200024163872746,80.60002059231057
93.94517374236064,5.199955057220866,14.200024264358904,80.60002067842022
94.08503002269293,5.199954870147251,14.200024365101562,80.60002076475119
94.22488637252796,5.199954682595352,14.200024466100977,80.60002085130367
94.36474279204376,5.199954494564692,14.200024567357403,80.6000209380779
94.50459928141842,5.199954306054797,14.20002466887109,80.60002102507411
94.64445584082966,5.199954117065187,14.200024770642294,80.60002111229252
94.78431247045648,5.1999539275953905,14.200024872671268,80.60002119973333
94.92416917047714,5.199953737644931,14.20002497495827,80.6000212873968
95.06402594107028,5.199953547213334,14.20002507750355,80.60002137528312
95.2038827824151,5.199953356300127,14.200025180307364,80.60002146339251
95.34373969469037,5.199953164904835,14.200025283369957,80.6000215517252
95.4840014294024,5.199952972470285,14.20002538699136,80.60002164053836
95.6242632340755,5.199952779549904,14.200025490873552,80.60002172957654
95.76452510888636,5.199952586143219,14.200025595016788,80.60002181883999
95.9047870540119,5.199952392249751,14.200025699421326,80.60002190832893
96.04504906962934,5.199952197869026,14.200025804087419,80.60002199804356
96.18531115591594,5.199952003000571,14.200025909015318,80.60002208798412
96.32557331304912,5.1999518076439095,14.200026014205278,80.60002217815081
96.46583554120663,5.19995161179857,14.200026119657549,80.60002226854388
96.60609784056601,5.199951415464078,14.200026225372389,80.60002235916353
96.74636021130561,5.19995121863996,14.200026331350044,80.60002245001
96.88662265360335,5.199951021325745,14.20002643759077,80.60002254108348
97.02688516763783,5.199950823520961,14.20002654409482,80.60002263238421
97.16714775358732,5.199950625225136,14.200026650862444,80.60002272391242
97.30741041163066,5.199950426437798,14.200026757893891,80.60002281566831
97.44767314194644,5.199950227158479,14.200026865189418,80.6000229076521
97.58793594471375,5.1999500273867065,14.200026972749269,80.60002299986402
97.72819882011186,5.199949827122014,14.200027080573701,80.60002309230428
97.86846176832016,5.199949626363929,14.200027188662961,80.60002318497311
98.0087247895183,5.199949425111984,14.2000272970173,80.60002327787072
98.14898788388577,5.199949223365711,14.200027405636966,80.60002337099732
98.2892510516025,5.199949021124642,14.200027514522212,80.60002346435314
98.42951429284878,5.19994881838831,14.200027623673286,80.6000235579384
98.56977760780461,5.199948615156248,14.200027733090437,80.60002365175332
98.71004099665036,5.1999484114279895,14.200027842773915,80.60002374579808
98.85030445956649,5.199948207203067,14.200027952723968,80.60002384007296
98.99056799673392,5.199948002481017,14.200028062940845,80.60002393457813
99.1313933406059,5.1999477964375025,14.200028173868334,80.60002402969417
99.27221875799873,5.199947589891932,14.200028285065294,80.60002412504276
99.41304424909154,5.199947382843833,14.20002839653197,80.6000242206242
99.55386981406392,5.199947175292738,14.200028508268614,80.60002431643865
99.69469545309558,5.199946967238179,14.200028620275473,80.60002441248635
99.83552116636608,5.199946758679685,14.200028732552802,80.6000245087675
99.9763469540555,5.19994654961679,14.200028845100848,80.60002460528236
100.11717281634407,5.199946340049025,14.200028957919866,80.60002470203112
100.25799875341201,5.199946129975921,14.200029071010098,80.60002479901398
100.39882476543991,5.199945919397017,14.200029184371795,80.60002489623119
100.5396508526083,5.199945708311839,14.200029298005207,80.60002499368295
100.68047701509806,5.199945496719926,14.200029411910586,80.60002509136949
100.82130325309014,5.199945284620811,14.200029526088178,80.60002518929102
100.96212956676577,5.199945072014029,14.200029640538228,80.60002528744774
101.10295595630593,5.199944858899115,14.200029755260987,80.6000253858399
101.24378242189238,5.199944645275604,14.200029870256708,80.60002548446768
101.38460896370673,5.199944431143034,14.200029985525628,80.60002558333133
101.52543558193081,5.199944216500939,14.200030101067998,80.60002568243107
101.66626227674652,5.19994400134886,14.200030216884072,80.60002578176707
101.80708904833605,5.1999437856863295,14.20003033297409,80.60002588133959
101.94791589688151,5.199943569512888,14.2000304493383,80.60002598114882
102.08874282256579,5.199943352828073,14.20003056597695,80.60002608119497
102.22956982557135,5.199943135631423,14.200030682890288,80.60002618147828
102.370396906081,5.199942917922478,14.200030800078551,80.60002628199896
102.51122406427756,5.199942699700776,14.200030917541994,80.60002638275722
102.65205130034421,5.1999424809658565,14.200031035280864,80.60002648375328
102.79357564124732,5.199942260629533,14.200031153880884,80.60002658548959
102.9351000595137,5.199942039773969,14.200031272759558,80.60002668746648
103.07662455532572,5.1999418183987,14.200031391917134,80.60002678968416
103.21814912886619,5.199941596503259,14.200031511353858,80.60002689214288
103.35967378031785,5.199941374087183,14.200031631069981,80.60002699484284
103.50119850986358,5.199941151150005,14.200031751065751,80.60002709778425
103.64272331768679,5.199940927691263,14.200031871341409,80.60002720096733
103.78424820397052,5.199940703710492,14.20003199189721,80.6000273043923
103.92577316889826,5.19994047920723,14.200032112733405,80.60002740805936
104.06729821265397,5.199940254181012,14.200032233850232,80.60002751196875
104.2088233354208,5.199940028631377,14.200032355247941,80.60002761612068
104.35034853738296,5.199939802557862,14.200032476926777,80.60002772051536
104.49187381872471,5.1999395759600056,14.200032598886992,80.600027825153
104.63339917963027,5.199939348837345,14.200032721128828,80.60002793003382
104.77492462028405,5.1999391211894235,14.200032843652533,80.60002803515805
104.91645014087071,5.199938893015775,14.200032966458348,80.60002814052586
105.0579757415749,5.199938664315942,14.200033089546526,80.60002824613754
105.19950142258156,5.199938435089466,14.200033212917305,80.60002835199323
105.34102718407594,5.199938205335885,14.200033336570936,80.60002845809318
105.48255302624307,5.199937975054742,14.200033460507658,80.6000285644376
105.62407894926827,5.1999377442455765,14.200033584727723,80.6000286710267
105.76560495333746,5.1999375129079315,14.200033709231372,80.6000287778607
105.90713103863622,5.19993728104135,14.200033834018852,80.6000288849398
106.04865720535037,5.199937048645372,14.200033959090403,80.60002899226423
106.19018345366615,5.199936815719542,14.200034084446264,80.60002909983419
106.33170978376963,5.199936582263404,14.200034210086693,80.6000292076499
106.47405065001129,5.199936346926885,14.200034336738247,80.60002931633488
106.6163915977456,5.19993611105301,14.200034463678135,80.60002942526884
106.75873262715875,5.199935874641317,14.20003459090661,80.60002953445206
106.90107373843713,5.1999356376913415,14.20003471842392,80.60002964388474
107.04341493176764,5.199935400202621,14.200034846230308,80.60002975356707
107.18575620733675,5.199935162174694,14.200034974326027,80.60002986349927
107.3280975653315,5.199934923607098,14.200035102711315,80.60002997368159
107.47043900593872,5.199934684499372,14.200035231386424,80.60003008411421
107.61278052934581,5.199934444851053,14.200035360351599,80.60003019479734
107.75512213573997,5.199934204661684,14.200035489607085,80.60003030573122
107.89746382530889,5.1999339639308015,14.200035619153129,80.60003041691607
108.03980559824018,5.1999337226579465,14.200035748989976,80.60003052835208
108.1821474547218,5.199933480842659,14.20003587911787,80.60003064003946
108.32448939494154,5.199933238484481,14.20003600953706,80.60003075197845
108.46683141908778,5.199932995582951,14.200036140247786,80.60003086416927
108.60917352734884,5.199932752137613,14.200036271250294,80.60003097661209
108.75151571991323,5.1999325081480094,14.20003640254483,80.60003108930715
108.89385799696944,5.19993226361368,14.200036534131637,80.60003120225468
109.03620035870634,5.199932018534168,14.20003666601096,80.60003131545488
109.17854280531304,5.199931772909018,14.20003679818304,80.60003142890795
109.32088533697858,5.199931526737772,14.200036930648126,80.6000315426141
109.46322795389219,5.199931280019975,14.200037063406459,80.60003165657356
109.60557065624329,5.199931032755169,14.200037196458283,80.60003177078656
109.7479134442217,5.1999307849429,14.200037329803838,80.60003188525326
109.89025631801692,5.199930536582713,14.200037463443369,80.60003199997392
110.03259927781914,5.199930287674152,14.200037597377117,80.60003211494873
110.1749423238184,5.199930038216763,14.200037731605326,80.6000322301779
110.31820248361531,5.199929786595897,14.200037866996798,80.6000323464073
110.4614627295162,5.199929534418186,14.200038002687029,80.60003246289477
110.60472306171195,5.199929281683168,14.200038138676266,80.60003257964057
110.74798348039354,5.1999290283903825,14.200038274964754,80.60003269664486
110.89124398575208,5.199928774539366,14.200038411552743,80.60003281390789
111.0345045779785,5.199928520129659,14.200038548440478,80.60003293142987
111.17776525726443,5.199928265160801,14.200038685628202,80.60003304921099
111.32102602380105,5.199928009632344,14.200038823116149,80.60003316725151
111.46428687778042,5.199927753543789,14.200038960904603,80.6000332855516
111.60754781939438,5.199927496894715,14.200039098993775,80.6000334041115
111.75080884883475,5.1999272396846505,14.200039237383919,80.60003352293144
111.8940699662938,5.199926981913137,14.200039376075276,80.60003364201158
112.03733117196384,5.199926723579717,14.2000395150681,80.60003376135218
112.18059246603711,5.199926464683929,14.200039654362625,80.60003388095345
112.32385384870658,5.199926205225319,14.200039793959105,80.60003400081558
112.46711532016481,5.199925945203427,14.200039933857775,80.6000341209388
112.6103768806049,5.1999256846177975,14.200040074058883,80.60003424132331
112.75363853021975,5.199925423467972,14.200040214562677,80.60003436196935
112.89690026920287,5.199925161753497,14.200040355369396,80.60003448287712
113.04016209774744,5.199924899473913,14.200040496479282,80.60003460404681
113.18342401604734,5.199924636628768,14.200040637892581,80.60003472547865
113.32668602429605,5.199924373217605,14.200040779609536,80.60003484717286
113.46994812268746,5.199924109239968,14.200040921630386,80.60003496912964
113.61321031141566,5.199923844695404,14.200041063955378,80.60003509134923
113.75647259067485,5.199923579583459,14.200041206584753,80.60003521383179
113.89973496065954,5.199923313903677,14.200041349518756,80.60003533657756
114.04299742156408,5.199923047655607,14.200041492757617,80.60003545958678
114.18726712558458,5.199922778959017,14.200041637312882,80.6000355837281
114.33153692062889,5.199922509685197,14.200041782177808,80.600035708137
114.4758068068927,5.199922239833687,14.200041927352641,80.60003583281367
114.62007678457188,5.199921969404022,14.200042072837626,80.60003595775835
114.76434685386248,5.199921698395743,14.200042218633014,80.60003608297124
114.90861701496081,5.1999214268083875,14.200042364739044,80.60003620845258
115.05288726806323,5.199921154641497,14.200042511155967,80.60003633420254
115.19715761336607,5.1999208818946085,14.200042657884024,80.60003646022138
115.3414280510663,5.199920608567265,14.200042804923466,80.60003658650928
115.48569858136041,5.199920334659004,14.200042952274536,80.60003671306646
115.62996920444584,5.199920060169369,14.20004309993748,80.60003683989315
115.77423992051936,5.1999197850979,14.20004324791254,80.60003696698956
115.91851072977835,5.199919509444138,14.200043396199957,80.6000370943559
116.06278163242034,5.199919233207625,14.200043544799987,80.60003722199238
116.20705262864294,5.199918956387903,14.20004369371287,80.60003734989922
116.35132371864397,5.199918678984517,14.200043842938841,80.60003747807664
116.49559490262125,5.1999184009970065,14.200043992478156,80.60003760652484
116.63986618077305,5.199918122424915,14.20004414233105,80.60003773524403
116.78413755329733,5.199917843267788,14.200044292497774,80.60003786423444
116.92840902039272,5.199917563525169,14.200044442978566,80.60003799349627
117.07268058225759,5.199917283196602,14.200044593773672,80.60003812302973
117.21695223909074,5.19991700228163,14.200044744883334,80.60003825283503
117.36122399109117,5.1999167207798,14.200044896307793,80.6000383829124
117.5054958384575,5.199916438690657,14.200045048047294,80.60003851326205
117.64976778138944,5.199916156013745,14.200045200102082,80.60003864388418
117.79403982008604,5.199915872748612,14.20004535247239,80.600038774779
117.93831195474675,5.199915588894803,14.20004550515847,80.60003890594672
118.08367094985107,5.199915302304763,14.20004565931548,80.60003903837976
118.22903004160696,5.19991501511622,14.200045813793526,80.60003917109026
118.37438922982523,5.1999147273287125,14.200045968592862,80.60003930407842
118.51974851470709,5.199914438941778,14.200046123713719,80.6000394373445
118.66510789645405,5.199914149954954,14.200046279156355,80.6000395708887
118.810467375268,5.199913860367779,14.20004643492102,80.60003970471121
118.95582695135076,5.19991357017979,14.20004659100795,80.60003983881225
119.10118662490414,5.199913279390527,14.200046747417398,80.60003997319207
119.24654639613057,5.199912987999529,14.200046904149605,80.60004010785087
119.39190626523221,5.1999126960063355,14.200047061204824,80.60004024278884
119.53726623241164,5.199912403410485,14.20004721858329,80.60004037800623
119.68262629787134,5.199912110211519,14.200047376285257,80.60004051350322
119.82798646181408,5.199911816408979,14.20004753431097,80.60004064928006
119.97334672444298,5.199911522002402,14.200047692660666,80.60004078533693
120.11870708596122,5.199911226991332,14.200047851334599,80.60004092167406
120.26406754657192,5.199910931375311,14.20004801033301,80.60004105829168
120.40942810647849,5.199910635153879,14.200048169656146,80.60004119518997
120.55478876588442,5.199910338326579,14.200048329304249,80.60004133236917
120.70014952499359,5.199910040892953,14.200048489277558,80.60004146982949
120.84551038400981,5.199909742852545,14.200048649576324,80.60004160757113
120.99087134313707,5.199909444204897,14.20004881020079,80.60004174559431
121.13623240257961,5.199909144949552,14.2000489711512,80.60004188389924
121.28159356254181,5.199908845086054,14.200049132427797,80.60004202248615
121.4269548232282,5.199908544613948,14.20004929403082,80.60004216135523
121.57231618484322,5.19990824353278,14.200049455960514,80.6000423005067
121.71767764759183,5.19990794184209,14.200049618217122,80.6000424399408
121.86303921167907,5.199907639541429,14.200049780800894,80.60004257965767
122.0084008773099,5.199907336630338,14.20004994371206,80.60004271965761
122.15492008362654,5.199907030686678,14.200050108253285,80.60004286106005
122.30143939197485,5.199906724121903,14.200050273127637,80.60004300275045
122.44795880256221,5.19990641693555,14.20005043833537,80.60004314472909
122.59447831559612,5.199906109127152,14.200050603876724,80.60004328699613
122.74099793128431,5.199905800696247,14.200050769751952,80.6000434295518
122.88751764983455,5.1999054916423715,14.200050935961297,80.60004357239633
123.03403747145491,5.199905181965062,14.20005110250501,80.60004371552994
123.18055739635328,5.199904871663856,14.20005126938334,80.6000438589528
123.32707742473835,5.199904560738291,14.200051436596524,80.60004400266519
123.47359755681839,5.199904249187905,14.20005160414482,80.60004414666727
123.62011779280205,5.199903937012236,14.200051772028468,80.60004429095929
123.76663813289797,5.1999036242108225,14.200051940247713,80.60004443554146
123.91315857731507,5.199903310783204,14.200052108802808,80.60004458041399
124.05967912626252,5.199902996728919,14.20005227769399,80.60004472557709
124.20619977994956,5.199902682047506,14.20005244692151,80.60004487103099
124.35272053858542,5.199902366738509,14.200052616485612,80.60004501677588
124.49924140237981,5.199902050801463,14.200052786386545,80.600045162812
124.64576237154226,5.199901734235912,14.200052956624546,80.60004530913955
124.7922834462828,5.199901417041396,14.200053127199869,80.60004545575875
124.93880462681126,5.199901099217455,14.200053298112753,80.6000456026698
125.08532591333801,5.199900780763632,14.200053469363445,80.60004574987292
125.23184730607325,5.199900461679469,14.200053640952188,80.60004589736835
125.37836880522735,5.199900141964506,14.200053812879226,80.60004604515628
125.52489041101083,5.199899821618289,14.200053985144804,80.6000461932369
125.67141212363472,5.199899500640357,14.20005415774917,80.60004634161048
125.81793394330997,5.199899179030256,14.200054330692561,80.6000464902772
125.96445587024735,5.199898856787528,14.200054503975224,80.60004663923725
126.11097790465841,5.1998985339117185,14.200054677597398,80.60004678849089
126.25872051271232,5.199898207702358,14.200054853011219,80.60004693928641
126.40646322891882,5.199897880848392,14.200055028770725,80.60004709038088
126.5542060534916,5.199897553349356,14.200055204876168,80.60004724177448
126.70194898664504,5.199897225204783,14.200055381327806,80.6000473934674
126.84969202859334,5.199896896414206,14.200055558125882,80.6000475454599
126.99743517955083,5.19989656697716,14.200055735270642,80.6000476977522
127.14517843973235,5.19989623689318,14.200055912762336,80.6000478503445
127.29292180935228,5.1998959061617995,14.200056090601212,80.60004800323699
127.44066528862564,5.199895574782556,14.20005626878752,80.60004815642992
127.5884088777676,5.199895242754984,14.200056447321504,80.60004830992351
127.73615257699312,5.199894910078619,14.200056626203416,80.60004846371797
127.88389638651779,5.199894576752997,14.2000568054335,80.6000486178135
128.03164030655708,5.199894242777655,14.200056985012004,80.60004877221034
128.1793843373266,5.199893908152131,14.200057164939178,80.60004892690868
128.3271284790422,5.199893572875961,14.200057345215264,80.60004908190878
128.47487273191973,5.199893236948683,14.200057525840515,80.6000492372108
128.62261709617545,5.199892900369836,14.200057706815173,80.600049392815
128.77036157202556,5.199892563138955,14.200057888139483,80.60004954872156
128.91810615968643,5.1998922252555815,14.200058069813693,80.60004970493073
129.0658508593749,5.199891886719253,14.20005825183805,80.60004986144268
129.21359567130753,5.19989154752951,14.200058434212801,80.60005001825769
129.3613405957013,5.19989120768589,14.200058616938188,80.60005017537593
129.50908563277326,5.199890867187934,14.200058800014459,80.60005033279761
129.65683078274054,5.199890526035182,14.20005898344186,80.60005049052296
129.8045760458206,5.199890184227176,14.200059167220633,80.60005064855218
129.95232142223082,5.199889841763453,14.200059351351028,80.60005080688552
130.10006691218882,5.199889498643557,14.200059535833285,80.60005096552317
130.24781251591259,5.199889154867029,14.200059720667651,80.60005112446532
130.39555823361994,5.19988881043341,14.200059905854367,80.60005128371223
130.54458097628643,5.199888462354022,14.200060093000303,80.60005144464569
130.69360383380823,5.1998881136052,14.200060280505209,80.60005160588959
130.84262680640674,5.199887764186475,14.20006046836933,80.60005176744419
130.99164989430332,5.19988741409738,14.200060656592925,80.6000519293097
131.14067309771931,5.199887063337443,14.200060845176235,80.60005209148632
131.2896964168764,5.199886711906197,14.200061034119521,80.60005225397428
131.4387198519962,5.199886359803175,14.200061223423022,80.6000524167738
131.58774340330083,5.19988600702791,14.200061413086992,80.6000525798851
131.7367670710123,5.199885653579931,14.200061603111683,80.6000527433084
131.8857908553529,5.199885299458775,14.200061793497337,80.60005290704389
132.03481475654507,5.199884944663973,14.200061984244211,80.60005307109182
132.18383877481116,5.199884589195061,14.20006217535255,80.60005323545238
132.332862910374,5.199884233051569,14.200062366822602,80.60005340012583
132.48188716345638,5.1998838762330335,14.200062558654617,80.60005356511235
132.63091153428144,5.199883518738992,14.20006275084884,80.60005373041217
132.77993602307228,5.199883160568974,14.200062943405525,80.6000538960255
132.92896063005233,5.199882801722517,14.200063136324914,80.60005406195256
133.07798535544495,5.19988244219916,14.20006332960726,80.60005422819359
133.22701019947385,5.199882081998433,14.20006352325281,80.60005439474875
133.3760351623628,5.1998817211198745,14.200063717261802,80.60005456161832
133.52506024433583,5.199881359563023,14.200063911634498,80.60005472880248
133.67408544561687,5.199880997327414,14.200064106371132,80.60005489630146
133.82311076643015,5.199880634412584,14.200064301471963,80.60005506411545
133.97213620700012,5.1998802708180705,14.200064496937232,80.6000552322447
134.1211617675515,5.199879906543412,14.200064692767182,80.60005540068941
134.27018744830892,5.199879541588146,14.20006488896206,80.6000555694498
134.41921324949715,5.1998791759518115,14.200065085522121,80.60005573852607
134.56823917134142,5.1998788096339466,14.2000652824476,80.60005590791846
134.71859287487297,5.1998784393583914,14.200065481499689,80.60005607914192
134.868946700126,5.199878068388166,14.20006568092424,80.60005625068759
135.019300647329,5.199877696722798,14.20006588072151,80.60005642255568
135.16965471671114,5.199877324361815,14.200066080891752,80.60005659474643
135.32000890850105,5.199876951304743,14.200066281435216,80.60005676726004
135.47036322292786,5.199876577551112,14.200066482352153,80.60005694009674
135.62071766022075,5.199876203100451,14.200066683642815,80.60005711325672
135.7710722206094,5.199875827952287,14.200066885307455,80.60005728674025
135.9214269043232,5.19987545210615,14.200067087346321,80.60005746054753
136.07178171159202,5.199875075561571,14.200067289759671,80.60005763467876
136.22213664264564,5.1998746983180775,14.200067492547747,80.60005780913417
136.3724916977141,5.199874320375201,14.200067695710805,80.60005798391398
136.52284687702777,5.199873941732472,14.200067899249092,80.60005815901845
136.6732021808169,5.1998735623894214,14.200068103162863,80.60005833444772
136.82355760931202,5.199873182345578,14.200068307452362,80.60005851020206
136.9739131627437,5.199872801600476,14.200068512117845,80.60005868628168
137.12426884134263,5.199872420153647,14.200068717159558,80.6000588626868
137.27462464534028,5.199872038004622,14.200068922577755,80.60005903941763
137.42498057496726,5.199871655152933,14.20006912837268,80.60005921647438
137.57533663045515,5.199871271598113,14.200069334544585,80.60005939385731
137.7256928120355,5.199870887339695,14.200069541093724,80.60005957156659
137.87604911993975,5.199870502377212,14.200069748020333,80.60005974960245
138.0264055543997,5.199870116710198,14.200069955324675,80.60005992796513
138.17676211564722,5.199869730338188,14.20007016300699,80.60006010665482
138.32711880391443,5.199869343260715,14.20007037106753,80.60006028567174
138.47747561943342,5.199868955477313,14.20007057950654,80.60006046501614
138.6278325624368,5.199868566987518,14.200070788324274,80.60006064468821
138.77818963315693,5.199868177790864,14.200070997520974,80.60006082468816
138.92854683182654,5.199867787886888,14.200071207096892,80.60006100501622
139.08027761577992,5.199867393700514,14.20007141897363,80.60006118732585
139.23200852894618,5.199866998792885,14.200071631237055,80.60006136997006
139.38373957156216,5.1998666031635254,14.200071843887411,80.60006155294907
139.5354707438645,5.1998662068119605,14.200072056924961,80.60006173626309
139.68720204609022,5.199865809737713,14.200072270349956,80.60006191991233
139.83893347847666,5.199865411940309,14.200072484162652,80.60006210389705
139.9906650412612,5.199865013419271,14.200072698363295,80.60006228821743
140.14239673468145,5.1998646141741265,14.200072912952146,80.60006247287373
140.2941285589748,5.1998642142044,14.200073127929455,80.60006265786615
140.44586051437932,5.199863813509617,14.200073343295472,80.6000628431949
140.5975926011328,5.199863412089304,14.200073559050455,80.60006302886025
140.74932481947366,5.199863009942988,14.200073775194655,80.60006321486235
140.90105716964013,5.199862607070195,14.200073991728324,80.60006340120148
141.0527896518703,5.199862203470453,14.200074208651714,80.60006358787784
141.20452226640325,5.199861799143289,14.200074425965076,80.60006377489164
141.35625501347755,5.199861394088229,14.200074643668664,80.60006396224311
141.50798789333206,5.1998609883048035,14.200074861762731,80.60006414993246
141.6597209062059,5.1998605817925405,14.20007508024753,80.60006433795994
141.8114540523383,5.199860174550967,14.200075299123302,80.60006452632574
141.96318733196867,5.199859766579613,14.20007551839031,80.60006471503007
142.11492074533675,5.199859357878008,14.200075738048797,80.6000649040732
142.26665429268186,5.199858948445682,14.200075958099024,80.6000650934553
142.41838797424433,5.199858538282163,14.200076178541233,80.6000652831766
142.57012179026404,5.1998581273869835,14.200076399375677,80.60006547323734
142.721855740981,5.199857715759673,14.200076620602605,80.60006566363772
142.8735898266355,5.199857303399762,14.200076842222268,80.60006585437797
143.02532404746822,5.199856890306781,14.200077064234918,80.6000660454583
143.17705840371985,5.199856476480264,14.200077286640806,80.60006623687893
143.32879289563093,5.19985606191974,14.200077509440176,80.60006642864008
143.4819424486797,5.1998556427452085,14.200077734718267,80.60006662253653
143.6350921388529,5.19985522282196,14.200077960397723,80.60006681678031
143.78824196639582,5.199854802149514,14.200078186478803,80.60006701137168
143.9413919315539,5.199854380727392,14.20007841296177,80.60006720631083
144.09454203457267,5.199853958555112,14.200078639846868,80.60006740159803
144.24769227569797,5.1998535356321955,14.200078867134364,80.60006759723343
144.4008426551757,5.199853111958164,14.200079094824511,80.60006779321732
144.5539931732518,5.1998526875325375,14.200079322917558,80.6000679895499
144.70714383017253,5.199852262354837,14.200079551413769,80.6000681862314
144.86029462618433,5.199851836424585,14.200079780313393,80.60006838326203
145.01344556153362,5.199851409741305,14.200080009616691,80.600068580642
145.16659663646718,5.199850982304516,14.200080239323912,80.60006877837156
145.31974785123168,5.199850554113743,14.200080469435312,80.60006897645094
145.47289920607417,5.199850125168509,14.200080699951148,80.60006917488035
145.626050701242,5.199849695468337,14.20008093087167,80.60006937366
145.77920233698245,5.19984926501275,14.200081162197137,80.60006957279012
145.93235411354286,5.199848833801272,14.2000813939278,80.60006977227093
146.08550603117084,5.199848401833427,14.200081626063913,80.60006997210266
146.23865809011414,5.199847969108742,14.200081858605731,80.60007017228553
146.39181029062098,5.199847535626739,14.200082091553506,80.60007037281976
146.54496263293942,5.199847101386943,14.20008232490749,80.60007057370558
146.69811511731734,5.199846666388882,14.200082558667942,80.60007077494318
146.85126774400354,5.1998462306320805,14.200082792835108,80.6000709765328
147.00442051324634,5.199845794116063,14.200083027409246,80.60007117847469
147.15757342529454,5.199845356840359,14.200083262390603,80.60007138076904
147.31072648039728,5.199844918804493,14.20008349777944,80.60007158341607
147.46387967880332,5.199844480007991,14.200083733576003,80.60007178641601
147.617033020762,5.199844040450384,14.200083969780545,80.60007198976908
147.77018650652252,5.199843600131198,14.200084206393319,80.6000721934755
147.92479273107122,5.199843154859205,14.200084445666525,80.60007239947427
148.0793991010925,5.199842708810151,14.20008468535626,80.60007260583359
148.23400561684065,5.1998422619835525,14.20008492546278,80.60007281255366
148.38861227857,5.1998418143789245,14.200085165986346,80.60007301963473
148.54321908653532,5.199841365995779,14.200085406927215,80.600073227077
148.69782604099126,5.199840916833636,14.200085648285645,80.60007343488071
148.85243314219258,5.199840466892012,14.200085890061901,80.60007364304609
149.0070403903944,5.199840016170421,14.200086132256223,80.60007385157336
149.16164778585195,5.19983956466838,14.200086374868887,80.60007406046273
149.3162553288205,5.199839112385409,14.200086617900142,80.60007426971445
149.47086301955545,5.199838659321024,14.200086861350247,80.60007447932873
149.62547085831275,5.199838205474742,14.200087105219458,80.6000746893058
149.78007884534804,5.199837750846083,14.200087349508033,80.60007489964589
149.9346869809172,5.1998372954345635,14.200087594216232,80.6000751103492
150.08929526527663,5.199836839239704,14.200087839344308,80.60007532141599
150.24390369868254,5.199836382261022,14.200088084892517,80.60007553284646
150.39851228139153,5.199835924498039,14.200088330861115,80.60007574464085
150.55312101366002,5.199835465950273,14.20008857725036,80.60007595679937
150.70772989574473,5.199835006617245,14.200088824060511,80.60007616932225
150.86233892790284,5.199834546498475,14.200089071291819,80.6000763822097
151.01694811039118,5.199834085593484,14.200089318944539,80.60007659546199
151.17155744346715,5.199833623901793,14.200089567018933,80.60007680907928
151.32616692738827,5.199833161422923,14.200089815515252,80.60007702306183
151.48077656241196,5.199832698156396,14.200090064433748,80.60007723740985
151.63538634879612,5.1998322341017325,14.200090313774682,80.60007745212359
151.78999628679838,5.199831769258456,14.200090563538307,80.60007766720324
151.94460637667706,5.199831303626089,14.200090813724872,80.60007788264903
152.09921661869012,5.199830837204155,14.200091064334641,80.6000780984612
152.25382701309604,5.199830369992176,14.200091315367864,80.60007831463996
152.40843756015354,5.199829901989676,14.200091566824794,80.60007853118553
152.5645351766199,5.199829428680038,14.200091821132183,80.60007875018778
152.72063294762162,5.199828954563627,14.200092075871988,80.60007896956438
152.8767308734226,5.199828479639952,14.200092331044466,80.60007918931558
153.0328289542867,5.1998280039085225,14.200092586649887,80.60007940944159
153.1889271904782,5.199827527368852,14.20009284268851,80.60007962994263
153.34502558226126,5.199827050020452,14.200093099160593,80.60007985081896
153.50112412990038,5.199826571862832,14.200093356066395,80.60008007207078
153.65722283366014,5.199826092895506,14.200093613406182,80.60008029369831
153.8133216938054,5.199825613117986,14.200093871180206,80.6000805157018
153.96942071060096,5.199825132529786,14.200094129388734,80.60008073808149
154.1255198843119,5.199824651130418,14.200094388032024,80.60008096083754
154.28161921520373,5.199824168919394,14.200094647110332,80.60008118397027
154.4377187035417,5.19982368589623,14.200094906623923,80.60008140747985
154.5938183495915,5.199823202060438,14.200095166573051,80.60008163136652
154.7499181536187,5.199822717411534,14.20009542695798,80.60008185563049
154.9060181158892,5.199822231949032,14.200095687778964,80.600082080272
155.0621182366694,5.199821745672447,14.200095949036266,80.60008230529128
155.2182185162251,5.199821258581294,14.200096210730138,80.60008253068857
155.37431895482288,5.19982077067509,14.20009647286085,80.60008275646406
155.5304195527293,5.1998202819533486,14.200096735428646,80.600082982618
155.686520310211,5.199819792415587,14.200096998433798,80.60008320915063
155.8426212275348,5.199819302061322,14.200097261876554,80.60008343606212
155.99872230496788,5.199818810890071,14.200097525757174,80.60008366335275
156.1548235427774,5.19981831890135,14.200097790075919,80.60008389102273
156.31092494123067,5.199817826094677,14.200098054833044,80.60008411907228
156.46702650059498,5.199817332469569,14.200098320028806,80.60008434750162
156.6231282211384,5.199816838025545,14.200098585663465,80.60008457631099
156.7792301031283,5.199816342762122,14.200098851737271,80.6000848055006
156.935332146833,5.199815846678821,14.200099118250487,80.60008503507069
157.0929526294132,5.199815344934136,14.20009938780411,80.60008526726176
157.25057327580805,5.199814842352564,14.200099657806259,80.60008549984119
157.4081940862916,5.199814338933605,14.200099928257192,80.6000857328092
157.5658150611374,5.199813834676767,14.200100199157179,80.60008596616606
157.72343620061955,5.199813329581555,14.200100470506477,80.60008619991197
157.88105750501225,5.199812823647478,14.200100742305352,80.60008643404717
158.03867897458989,5.1998123168740396,14.200101014554068,80.60008666857189
158.1963006096269,5.1998118092607495,14.200101287252883,80.60008690348637
158.35392241039781,5.199811300807113,14.20010156040207,80.60008713879081
158.51154437717764,5.199810791512639,14.20010183400188,80.60008737448548
158.66916650986138,5.199810281376838,14.200102108052585,80.60008761057058
158.8267888094839,5.199809770399212,14.200102382554439,80.60008784704635
158.9844112759407,5.199809258579275,14.20010265750771,80.60008808391301
159.1420339095072,5.199808745916533,14.200102932912658,80.6000883211708
159.29965671045923,5.199808232410497,14.200103208769546,80.60008855881996
159.45727967907217,5.199807718060676,14.200103485078635,80.60008879686069
159.6149028156222,5.199807202866579,14.200103761840186,80.60008903529324
159.77252612038544,5.199806686827718,14.200104039054459,80.60008927411782
159.93014959363822,5.199806169943601,14.200104316721715,80.60008951333468
160.08777323565684,5.199805652213743,14.200104594842216,80.60008975294404
160.24539704671793,5.199805133637651,14.200104873416228,80.60008999294612
160.40302102709816,5.199804614214838,14.200105152444001,80.60009023334116
160.56064517707463,5.199804093944816,14.200105431925806,80.60009047412939
160.71826949692434,5.199803572827097,14.200105711861896,80.600090715311
160.87589398692458,5.199803050861193,14.200105992252535,80.60009095688628
161.03351864735268,5.199802528046616,14.20010627309798,80.60009119885541
161.1911434784863,5.199802004382882,14.200106554398491,80.60009144121862
161.3487684806031,5.1998014798695005,14.200106836154333,80.60009168397617
161.506393653981,5.199800954505987,14.200107118365763,80.60009192712825
161.66401899851815,5.199800428291857,14.20010740103303,80.60009217067513
161.8231915230748,5.199799896045335,14.200107686939628,80.60009241701503
161.98236422149603,5.199799362930423,14.200107973311587,80.60009266375798
162.14153709406602,5.199798828946619,14.200108260149182,80.6000929109042
162.30071014106875,5.199798294093426,14.200108547452682,80.60009315845389
162.459883362789,5.199797758370344,14.200108835222347,80.6000934064073
162.61905675951112,5.199797221776873,14.200109123458446,80.60009365476468
162.77823033152032,5.199796684312516,14.200109412161241,80.60009390352624
162.93740407910127,5.199796145976776,14.200109701331002,80.60009415269222
163.09657800253913,5.199795606769153,14.200109990967988,80.60009440226285
163.25575210211932,5.199795066689152,14.200110281072472,80.60009465223837
163.41492637812715,5.199794525736275,14.20011057164472,80.60009490261902
163.57410083084835,5.199793983910024,14.200110862684989,80.60009515340498
163.73327546056876,5.199793441209906,14.20011115419355,80.60009540459654
163.89245026757428,5.1997928976354215,14.200111446170663,80.60009565619391
164.051625252151,5.199792353186077,14.200111738616597,80.60009590819732
164.21080041458546,5.199791807861375,14.200112031531614,80.60009616060701
164.3699757551637,5.199791261660824,14.200112324915976,80.6000964134232
164.5291512741726,5.1997907145839255,14.20011261876995,80.60009666664612
164.68832697189904,5.199790166630186,14.200112913093799,80.60009692027602
164.84750284862972,5.199789617799112,14.200113207887789,80.6000971743131
165.00667890465186,5.19978906809021,14.200113503152176,80.6000974287576
165.16585514025252,5.199788517502986,14.200113798887232,80.60009768360979
165.32503155571933,5.199787966036946,14.200114095093216,80.60009793886984
165.48420815133994,5.199787413691599,14.200114391770391,80.60009819453802
165.64338492740208,5.19978686046645,14.200114688919019,80.60009845061454
165.80256188419355,5.199786306361007,14.200114986539367,80.60009870709963
165.96173902200277,5.1997857513747805,14.200115284631693,80.60009896399353
166.1209163411175,5.1997851955072765,14.200115583196258,80.60009922129647
166.2800938418265,5.199784638758004,14.200115882233327,80.60009947900866
166.4392715244183,5.199784081126473,14.200116181743159,80.60009973713036
166.6000227854072,5.199783517082742,14.200116484695924,80.60009999822132
166.76077423083618,5.1997829521382215,14.200116788131384,80.6001002597304
166.92152586100016,5.199782386292403,14.200117092049808,80.6001005216578
167.08227767619434,5.199781819544784,14.20011739645146,80.60010078400374
167.2430296767143,5.199781251894861,14.200117701336618,80.60010104676853
167.40378186285548,5.199780683342129,14.200118006705543,80.60010130995234
167.56453423491354,5.199780113886085,14.200118312558505,80.60010157355542
167.7252867931846,5.199779543526225,14.200118618895774,80.600101837578
167.88603953758434,5.19977897226205,14.20011892571762,80.60010210202033
168.0467924691695,5.199778400093051,14.200119233024305,80.60010236688264
168.2075455878564,5.199777827018731,14.200119540816104,80.60010263216518
168.36829889394164,5.199777253038585,14.200119849093278,80.60010289786814
168.52905238772195,5.199776678152113,14.2001201578561,80.60010316399179
168.68980606949393,5.199776102358814,14.200120467104835,80.60010343053635
168.85055993955498,5.199775525658228,14.20012077683971,80.60010369750205
169.0113139982023,5.199774948049728,14.200121087061115,80.60010396488916
169.17206824573321,5.199774369532943,14.200121397769195,80.60010423269787
169.33282268244548,5.199773790107328,14.200121708964256,80.60010450092841
169.4935773086367,5.199773209772383,14.200122020646559,80.60010476958107
169.65433212460474,5.199772628527611,14.200122332816381,80.60010503865601
169.81508713064764,5.1997720463725114,14.200122645473984,80.6001053081535
169.97584232706367,5.199771463306586,14.200122958619628,80.60010557807378
170.13659771415146,5.1997708793293365,14.20012327225359,80.60010584841709
170.29735329220935,5.199770294440264,14.20012358637613,80.60010611918361
170.45810906153616,5.19976970863887,14.200123900987508,80.60010639037363
170.61886502243075,5.1997691219246605,14.200124216088,80.60010666198734
170.77962117519215,5.199768534297136,14.200124531677863,80.60010693402499
170.9403775197393,5.1997679457558,14.200124847757362,80.60010720648684
171.10113405713233,5.199767356300155,14.200125164326769,80.60010747937308
171.26189078729038,5.199766765929705,14.200125481386342,80.60010775268395
171.4226477105132,5.199766174643956,14.20012579893635,80.60010802641969
171.58500251829108,5.199765576547606,14.200126120142837,80.60010830330955
171.74735752193345,5.199764977516658,14.200126441850095,80.60010858063325
171.90971272174724,5.199764377550601,14.20012676405839,80.60010885839101
172.07206811803908,5.199763776648926,14.200127086768008,80.60010913658306
172.23442371111602,5.199763174811125,14.200127409979208,80.60010941520966
172.39677950128524,5.199762572036687,14.200127733692266,80.60010969427105
172.55913548885414,5.199761968325105,14.200128057907454,80.60010997376745
172.72149167413002,5.19976136367587,14.200128382625039,80.60011025369909
172.8838480574205,5.199760758088474,14.200128707845296,80.60011053406623
173.0462046390334,5.19976015156241,14.200129033568496,80.6001108148691
173.20856141927683,5.199759544097172,14.200129359794907,80.60011109610792
173.37091839845874,5.19975893569225,14.200129686524804,80.60011137778295
173.53327557688772,5.1997583263471405,14.20013001375845,80.60011165989441
173.69563295487228,5.1997577160613355,14.20013034149612,80.60011194244254
173.857990532721,5.199757104834329,14.200130669738083,80.6001122254276
174.02034831074278,5.199756492665615,14.200130998484608,80.60011250884978
174.18270628924645,5.19975587955469,14.200131327735965,80.60011279270934
174.34506446854127,5.1997552655010475,14.20013165749242,80.60011307700653
174.50742284893659,5.1997546505041825,14.20013198775425,80.60011336174156
174.66978143074175,5.199754034563592,14.20013231852172,80.60011364691468
174.8321402142665,5.199753417678773,14.200132649795094,80.60011393252613
174.99449919982092,5.199752799849218,14.200132981574647,80.60011421857614
175.1568583877149,5.199752181074427,14.200133313860649,80.60011450506492
175.31921777787767,5.199751561353897,14.200133646653363,80.60011479199274
175.48157737138138,5.199750940687121,14.200133979953058,80.60011507935982
175.6439371681556,5.1997503190736,14.200134313760005,80.6001153671664
175.80629716851095,5.199749696512831,14.200134648074469,80.6001156554127
175.96865737275832,5.199749073004313,14.200134982896717,80.60011594409897
176.13101778120867,5.1997484485475445,14.20013531822702,80.60011623322544
176.2933783941734,5.1997478231420695,14.2001356540656,80.60011652279233
176.45735932093788,5.19974719052764,14.200135993774198,80.60011681569816
176.62134045526312,5.1997465569444525,14.200136334001817,80.60011710905373
176.78532179746765,5.199745922391943,14.200136674748773,80.60011740285928
176.94930334787023,5.199745286869599,14.20013701601534,80.60011769711505
177.11328510678965,5.1997446503769025,14.200137357801795,80.60011799182129
177.27726707454494,5.199744012913341,14.200137700108408,80.60011828697824
177.44124925145516,5.1997433744784,14.200138042935457,80.60011858258615
177.6052316378397,5.199742735071566,14.200138386283218,80.60011887864522
177.76921423401814,5.199742094692325,14.200138730151963,80.60011917515571
177.9331970403101,5.199741453340165,14.200139074541957,80.60011947211788
178.09718005703562,5.199740811014572,14.200139419453489,80.60011976953194
178.26116328451454,5.199740167715035,14.20013976488682,80.60012006739814
178.42514672306706,5.199739523441041,14.20014011084223,80.60012036571673
178.58913037301363,5.199738878192078,14.200140457319987,80.60012066448795
178.75311423467494,5.199738231967635,14.200140804320371,80.600120963712
178.91709830837172,5.1997375847672025,14.200141151843646,80.60012126338916
179.08108259442466,5.1997369365902655,14.20014149989009,80.60012156351965
179.2450670931548,5.199736287436318,14.200141848459975,80.6001218641037
179.4090518048834,5.1997356373048484,14.200142197553568,80.60012216514158
179.57303672993206,5.199734986195346,14.200142547171147,80.60012246663351
179.737021868622,5.199734334107302,14.20014289731298,80.60012276857972
179.90100722127536,5.199733681040207,14.20014324797934,80.60012307098046
180.0649927882138,5.1997330269935516,14.2001435991705,80.60012337383596
180.2289785697595,5.199732371966828,14.200143950886734,80.60012367714644
180.3929645662345,5.199731715959528,14.200144303128301,80.60012398091216
180.55695077796162,5.199731058971144,14.200144655895489,80.60012428513336
180.7209372052633,5.199730401001167,14.200145009188553,80.60012458981028
180.88492384846217,5.199729742049092,14.20014536300777,80.60012489494314
181.04891070788128,5.199729082114411,14.200145717353413,80.60012520053218
181.21289778384374,5.199728421196615,14.200146072225747,80.60012550657764
181.3785259158582,5.199727752662357,14.200146431186456,80.60012581615119
181.54415426771692,5.199727083124176,14.200146790685,80.60012612619083
181.70978283975091,5.199726412581554,14.200147150721666,80.60012643669678
181.87541163229113,5.199725741033968,14.200147511296723,80.60012674766931
182.04104064566872,5.199725068480901,14.20014787241045,80.60012705910864
182.20666988021486,5.19972439492183,14.200148234063132,80.60012737101503
182.37229933626145,5.199723720356237,14.200148596255039,80.60012768338872
182.53792901413985,5.199723044783602,14.20014895898645,80.60012799622996
182.70355891418194,5.199722368203406,14.200149322257637,80.60012830953896
182.86918903672003,5.199721690615131,14.200149686068888,80.60012862331598
183.03481938208606,5.199721012018258,14.20015005042047,80.60012893756128
183.20044995061266,5.1997203324122685,14.20015041531266,80.60012925227507
183.36608074263214,5.199719651796647,14.20015078074574,80.60012956745761
183.53171175847734,5.199718970170874,14.200151146719978,80.60012988310915
183.6973429984813,5.199718287534433,14.200151513235657,80.60013019922991
183.862974462977,5.199717603886809,14.200151880293047,80.60013051582014
184.02860615229767,5.199716919227483,14.200152247892426,80.6001308328801
184.19423806677682,5.19971623355594,14.200152616034067,80.60013115041
184.35987020674807,5.199715546871666,14.200152984718251,80.60013146841008
184.52550257254512,5.199714859174144,14.20015335394525,80.60013178688061
184.6911351645019,5.199714170462858,14.200153723715333,80.60013210582181
184.85676798295265,5.199713480737295,14.200154094028782,80.60013242523392
185.0224010282317,5.199712789996994,14.200154464885815,80.6001327451172
185.18803430067322,5.199712098241278,14.200154836286865,80.60013306547185
185.35366780061207,5.199711405469797,14.20015520823205,80.60013338629814
185.51930152838293,5.199710711681983,14.200155580721693,80.60013370759633
185.68493548432076,5.199710016877323,14.200155953756068,80.60013402936661
185.85056966876084,5.1997093210553045,14.200156327335453,80.60013435160924
186.01620408203843,5.199708624215413,14.200156701460118,80.60013467432448
186.18183872448924,5.199707926357139,14.200157076130335,80.60013499751253
186.34747359644865,5.199707227479969,14.20015745134638,80.60013532117365
186.51476874684343,5.199706520558494,14.200157830880054,80.60013564856146
186.68206413031513,5.199705812596551,14.200158210971109,80.60013597643234
186.84935974720773,5.199705103593614,14.200158591619823,80.60013630478656
187.01665559786508,5.199704393549157,14.200158972826479,80.60013663362436
187.18395168263137,5.199703682462656,14.20015935459136,80.600136962946
187.35124800185127,5.199702970333583,14.200159736914738,80.60013729275168
187.51854455586877,5.199702257161416,14.200160119796903,80.60013762304168
187.6858413450288,5.199701542945627,14.200160503238129,80.60013795381624
187.85313836967612,5.199700827685694,14.200160887238692,80.60013828507562
188.02043563015604,5.199700111381093,14.20016127179888,80.60013861682003
188.18773312681347,5.199699394031299,14.200161656918969,80.60013894904974
188.355030859994,5.199698675635791,14.200162042599235,80.60013928176497
188.52232883004325,5.199697956194044,14.200162428839958,80.600139614966
188.68962703730688,5.1996972357055355,14.20016281564142,80.60013994865305
188.85692548213083,5.1996965141697435,14.200163203003896,80.60014028282636
189.02422416486115,5.199695791586147,14.20016359092767,80.60014061748618
189.19152308584415,5.199695067954224,14.200163979413013,80.60014095263276
189.3588222454264,5.1996943432734515,14.200164368460207,80.60014128826634
189.52612164395427,5.19969361754331,14.20016475806953,80.60014162438716
189.69342128177482,5.199692890763279,14.200165148241256,80.60014196099546
189.8607211592349,5.199692162932838,14.200165538975668,80.6001422980915
190.02802127668153,5.1996914340514655,14.200165930273043,80.6001426356755
190.19532163446212,5.199690704118644,14.20016632213365,80.60014297374771
190.36262223292434,5.199689973133853,14.200166714557778,80.60014331230838
190.52992307241558,5.199689241096574,14.200167107545694,80.60014365135773
190.69722415328386,5.199688508006289,14.20016750109768,80.60014399089603
190.86452547587717,5.199687773862477,14.200167895214012,80.60014433092351
191.03182704054382,5.199687038664623,14.200168289894963,80.6001446714404
191.19912884763204,5.199686302412208,14.200168685140813,80.60014501244697
191.36643089749052,5.199685565104714,14.200169080951836,80.60014535394345
191.5354110728868,5.199684819325867,14.200169481309304,80.60014569936482
191.70439149489306,5.199684072469614,14.200169882243907,80.60014604528648
191.87337216386624,5.199683324535425,14.200170283755922,80.60014639170865
192.04235308016374,5.199682575522768,14.200170685845636,80.6001467386316
192.21133424414296,5.199681825431111,14.200171088513331,80.60014708605556
192.38031565616163,5.1996810742599235,14.200171491759289,80.60014743398078
192.54929731657745,5.199680322008675,14.200171895583797,80.60014778240753
192.71827922574846,5.199679568676834,14.200172299987132,80.60014813133604
192.88726138403285,5.199678814263872,14.20017270496958,80.60014848076655
193.05624379178892,5.199678058769258,14.200173110531427,80.60014883069931
193.22522644937538,5.199677302192464,14.200173516672951,80.60014918113458
193.3942093571509,5.199676544532961,14.200173923394432,80.6001495320726
193.5631925154742,5.199675785790219,14.200174330696155,80.60014988351362
193.7321759247046,5.19967502596371,14.200174738578406,80.60015023545787
193.90115958520116,5.1996742650529075,14.200175147041458,80.60015058790565
194.07014349732341,5.199673503057283,14.2001755560856,80.60015094085712
194.23912766143087,5.199672739976308,14.200175965711109,80.60015129431258
194.4081120778833,5.199671975809457,14.200176375918266,80.60015164827227
194.5770967470408,5.199671210556203,14.200176786707356,80.60015200273645
194.7460816692636,5.19967044421602,14.20017719807865,80.60015235770533
194.9150668449116,5.199669676788381,14.20017761003244,80.60015271317917
195.08405227434562,5.199668908272762,14.200178022569002,80.60015306915824
195.25303795792635,5.199668138668636,14.200178435688612,80.60015342564274
195.42202389601457,5.199667367975478,14.200178849391557,80.60015378263297
195.59101008897125,5.199666596192767,14.20017926367811,80.60015414012912
195.7599965371576,5.1996658233199735,14.20017967854856,80.60015449813147
195.92898324093517,5.199665049356577,14.200180094003178,80.60015485664024
196.09797020066515,5.199664274302053,14.200180510042246,80.6001552156557
196.26695741670957,5.199663498155878,14.200180926666043,80.60015557517808
196.43594488943035,5.199662720917528,14.200181343874846,80.60015593520762
196.6049326191893,5.199661942586483,14.200181761668937,80.60015629574457
196.77561507747845,5.1996611553357415,14.20018218424968,80.60015666041458
196.946297796931,5.199660366969212,14.200182607428074,80.60015702560271
197.11698077791817,5.199659577486358,14.200183031204414,80.60015739130924
197.28766402081115,5.1996587868866415,14.200183455578971,80.60015775753439
197.4583475259814,5.1996579951695265,14.200183880552045,80.60015812427844
197.6290312938004,5.199657202334477,14.200184306123917,80.6001584915416
197.79971532464012,5.1996564083809576,14.200184732294868,80.60015885932417
197.9703996188726,5.1996556133084315,14.200185159065196,80.60015922762638
198.14108417686978,5.199654817116362,14.200185586435172,80.60015959644846
198.311768999004,5.199654019804216,14.20018601440509,80.60015996579068
198.4824540856479,5.199653221371459,14.200186442975237,80.6001603356533
198.6531394371742,5.199652421817555,14.200186872145892,80.60016070603655
198.8238250539557,5.199651621141972,14.200187301917344,80.60016107694068
198.99451093636551,5.199650819344175,14.200187732289873,80.60016144836595
199.1651970847769,5.199650016423631,14.20018816326377,80.6001618203126
199.3358834995633,5.199649212379807,14.200188594839315,80.60016219278087
199.50657018109834,5.199648407212171,14.200189027016794,80.60016256577104
199.67725712975573,5.199647600920191,14.200189459796487,80.60016293928332
199.84794434590958,5.199646793503333,14.200189893178683,80.60016331331798
200.01863182993384,5.199645984961067,14.20019032716366,80.60016368787527
200.18931958220304,5.199645175292861,14.200190761751708,80.60016406295543
200.36000760309162,5.199644364498185,14.200191196943104,80.6001644385587
200.53069589297417,5.199643552576508,14.200191632738136,80.60016481468536
200.7013844522256,5.1996427395273,14.200192069137083,80.60016519133562
200.8720732812209,5.19964192535003,14.200192506140228,80.60016556850974
201.0427623803355,5.19964111004417,14.200192943747853,80.60016594620798
201.21345174994465,5.19964029360919,14.200193381960243,80.60016632443056
201.38414139042402,5.1996394760445614,14.200193820777681,80.60016670317776
201.5548313021492,5.199638657349754,14.200194260200446,80.6001670824498
201.72552148549653,5.199637837524243,14.200194700228822,80.60016746224694
201.89621194084174,5.199637016567497,14.200195140863084,80.60016784256942
202.06861259712605,5.199636186232117,14.200195586529862,80.60016822723803
202.24101352982836,5.199635354741647,14.200196032815308,80.60016861244304
202.41341473933446,5.199634522095546,14.200196479719704,80.60016899818476
202.58581622602998,5.199633688293269,14.200196927243347,80.60016938446338
202.75821799030092,5.199632853334276,14.200197375386525,80.6001697712792
202.9306200325332,5.199632017218024,14.200197824149525,80.60017015863245
203.10302235311318,5.199631179943971,14.200198273532635,80.6001705465234
203.27542495242727,5.199630341511578,14.200198723536145,80.60017093495227
203.4478278308622,5.199629501920304,14.200199174160346,80.60017132391934
203.62023098880488,5.199628661169607,14.200199625405524,80.60017171342486
203.79263442664205,5.199627819258948,14.200200077271965,80.60017210346908
203.9650381447613,5.199626976187787,14.200200529759957,80.60017249405226
204.13744214354975,5.199626131955585,14.200200982869793,80.60017288517463
204.309846423395,5.199625286561805,14.200201436601754,80.60017327683644
204.48225098468467,5.199624440005905,14.200201890956132,80.60017366903797
204.65465582780675,5.199623592287347,14.200202345933208,80.60017406177944
204.82706095314973,5.199622743405595,14.200202801533276,80.60017445506114
204.99946636110136,5.199621893360112,14.200203257756622,80.60017484888327
205.17187205205045,5.199621042150358,14.200203714603523,80.60017524324611
205.3442780263856,5.199620189775798,14.200204172074276,80.60017563814993
205.51668428449554,5.199619336235896,14.200204630169166,80.60017603359493
205.68909082676944,5.199618481530114,14.200205088888476,80.60017642958141
205.86149765359647,5.1996176256579165,14.200205548232493,80.60017682610959
206.03390476536583,5.19961676861877,14.200206008201496,80.60017722317974
206.20631216246738,5.199615910412138,14.20020646879578,80.60017762079208
206.37871984529082,5.199615051037485,14.20020693001563,80.60017801894689
206.55112781422594,5.199614190494277,14.200207391861325,80.6001784176444
206.72353606966303,5.199613328781981,14.200207854333152,80.60017881688488
206.89594461199226,5.199612465900063,14.200208317431395,80.60017921666855
207.06835344160422,5.1996116018479865,14.20020878115634,80.60017961699567
207.24076255888957,5.199610736625223,14.200209245508278,80.60018001786649
207.4148963206151,5.199609861554163,14.200209715144304,80.60018042330152
207.58903037473905,5.199608985287791,14.200210185420506,80.6001808292917
207.763164721662,5.199608107825561,14.200210656337168,80.60018123583728
207.9372993617847,5.199607229166922,14.200211127894589,80.6001816429385
208.11143429550782,5.199606349311329,14.200211600093054,80.60018205059562
208.28556952323285,5.199605468258235,14.200212072932858,80.60018245880892
208.45970504536078,5.19960458600709,14.200212546414292,80.60018286757862
208.63384086229308,5.199603702557353,14.20021302053765,80.60018327690499
208.80797697443137,5.199602817908473,14.20021349530322,80.60018368678831
208.98211338217752,5.199601932059909,14.200213970711292,80.6001840972288
209.15625008593372,5.199601045011111,14.200214446762164,80.60018450822672
209.3303870861019,5.199600156761537,14.200214923456118,80.60018491978235
209.50452438308463,5.199599267310643,14.200215400793448,80.60018533189591
209.67866197728435,5.199598376657883,14.200215878774443,80.60018574456768
209.85279986910385,5.199597484802713,14.200216357399395,80.60018615779789
210.02693805894623,5.199596591744592,14.200216836668595,80.6001865715868
210.2010765472143,5.199595697482973,14.200217316582329,80.6001869859347
210.3752153343117,5.199594802017318,14.200217797140887,80.60018740084179
210.54935442064172,5.19959390534708,14.200218278344561,80.60018781630835
210.72349380660808,5.19959300747172,14.200218760193643,80.60018823233463
210.89763349261472,5.1995921083906955,14.200219242688409,80.60018864892089
211.07177347906568,5.199591208103463,14.200219725829161,80.60018906606737
211.245913766365,5.199590306609485,14.200220209616182,80.60018948377433
211.42005435491743,5.199589403908219,14.200220694049758,80.60018990204202
211.59419524512737,5.199588499999124,14.200221179130187,80.6001903208707
211.7683364373996,5.1995875948816614,14.200221664857748,80.60019074026059
211.94247793213924,5.199586688555292,14.20022215123273,80.60019116021198
212.11661972975148,5.199585781019475,14.200222638255426,80.6001915807251
212.29076183064146,5.199584872273671,14.200223125926112,80.60019200180022
212.46490423521496,5.199583962317343,14.200223614245086,80.60019242343756
212.63904694387745,5.199583051149952,14.200224103212634,80.60019284563742
212.81492780214992,5.19958212965376,14.20022459772165,80.6001932726246
212.9908089695521,5.199581206921114,14.200225092892834,80.60019370018605
213.16669044649953,5.199580282951463,14.20022558872648,80.60019412832206
213.34257223340876,5.199579357744253,14.200226085222885,80.60019455703286
213.5184543306961,5.1995784312989315,14.200226582382342,80.60019498631873
213.6943367387783,5.199577503614945,14.200227080205142,80.60019541617991
213.87021945807192,5.199576574691744,14.20022757869158,80.60019584661667
214.04610248899394,5.1995756445287755,14.200228077841953,80.60019627762927
214.22198583196146,5.1995747131254895,14.200228577656556,80.60019670921795
214.39786948739197,5.199573780481334,14.200229078135681,80.60019714138298
214.5737534557028,5.199572846595759,14.200229579279622,80.60019757412462
214.7496377373119,5.1995719114682135,14.200230081088671,80.60019800744311
214.92552233263712,5.1995709750981485,14.200230583563119,80.60019844133873
215.10140724209631,5.199570037485016,14.200231086703266,80.60019887581171
215.27729246610795,5.199569098628264,14.200231590509398,80.60019931086234
215.45317800509065,5.199568158527348,14.200232094981818,80.60019974649083
215.6290638594628,5.199567217181716,14.200232600120804,80.60020018269748
215.8049500296433,5.199566274590821,14.200233105926657,80.60020061948252
215.98083651605123,5.199565330754117,14.200233612399666,80.60020105684622
216.156723319106,5.199564385671055,14.200234119540124,80.60020149478882
216.33261043922678,5.199563439341089,14.200234627348324,80.60020193331059
216.50849787683316,5.199562491763673,14.20023513582455,80.60020237241177
216.68438563234506,5.19956154293826,14.200235644969105,80.60020281209263
216.86027370618228,5.199560592864303,14.200236154782278,80.60020325235342
217.03616209876523,5.199559641541261,14.20023666526435,80.60020369319439
217.21205081051417,5.199558688968584,14.200237176415625,80.6002041346158
217.38793984184952,5.19955773514573,14.200237688236381,80.6002045766179
217.56382919319205,5.199556780072154,14.200238200726915,80.60020501920093
217.73971886496287,5.199555823747311,14.200238713887515,80.60020546236517
217.9156088575828,5.1995548661706605,14.200239227718473,80.60020590611087
218.09149917147323,5.199553907341657,14.200239742220077,80.60020635043827
218.26914028271605,5.199552937692382,14.200240262526384,80.60020679978123
218.44678172059577,5.199551966764594,14.200240783517343,80.60020724971805
218.62442348554427,5.19955099455774,14.20024130519325,80.600207700249
218.8020655779938,5.199550021071254,14.200241827554407,80.60020815137435
218.9797079983768,5.199549046304585,14.200242350601112,80.6002086030943
219.1573507471259,5.199548070257173,14.200242874333654,80.60020905540917
219.33499382467372,5.19954709292846,14.20024339875234,80.6002095083192
219.51263723145334,5.199546114317891,14.200243923857462,80.60020996182465
219.6902809678981,5.199545134424909,14.200244449649317,80.60021041592577
219.86792503444107,5.199544153248958,14.200244976128198,80.60021087062285
220.04556943151593,5.199543170789483,14.200245503294406,80.6002113259161
220.22321415955653,5.199542187045929,14.20024603114824,80.60021178180583
220.40085921899674,5.19954120201774,14.200246559689985,80.60021223829227
220.57850461027064,5.1995402157043635,14.200247088919951,80.60021269537569
220.75615033381268,5.199539228105245,14.200247618838425,80.60021315305633
220.93379639005724,5.199538239219828,14.200248149445699,80.60021361133447
221.11144277943922,5.199537249047564,14.200248680742074,80.60021407021037
221.2890895023933,5.199536257587897,14.200249212727844,80.60021452968425
221.46673655935473,5.199535264840274,14.200249745403305,80.60021498975642
221.6443839507587,5.199534270804144,14.200250278768747,80.6002154504271
221.82203167704074,5.199533275478956,14.20025081282447,80.60021591169657
221.99967973863664,5.199532278864157,14.200251347570758,80.60021637356508
222.1773281359822,5.199531280959197,14.200251883007917,80.60021683603289
222.35497686951314,5.199530281763525,14.200252419136234,80.60021729910024
222.53262593966613,5.199529281276588,14.200252955956005,80.6002177627674
222.71027534687735,5.19952827949784,14.200253493467521,80.60021822703463
222.8879250915836,5.19952727642673,14.200254031671081,80.6002186919022
223.0655751742216,5.199526272062708,14.200254570566967,80.60021915737032
223.2432255952284,5.199525266405226,14.200255110155485,80.60021962343929
223.4208763550411,5.199524259453734,14.200255650436915,80.60022009010935
223.59852745409705,5.199523251207687,14.200256191411556,80.60022055738077
223.77794121326832,5.199522231638828,14.200256738460041,80.60022102990114
223.95735531738606,5.199521210748483,14.200257286216154,80.60022150303536
224.13676976689862,5.1995201885360895,14.200257834680194,80.60022197678371
224.3161845622548,5.199519165001084,14.200258383852463,80.60022245114645
224.49559970390357,5.199518140142902,14.20025893373326,80.60022292612383
224.67501519229418,5.199517113960985,14.200259484322883,80.60022340171614
224.85443102787576,5.199516086454766,14.200260035621637,80.6002238779236
225.03384721109782,5.199515057623689,14.200260587629817,80.6002243547465
225.21326374241045,5.199514027467188,14.200261140347726,80.60022483218509
225.39268062226333,5.199512995984705,14.200261693775657,80.60022531023964
225.57209785110643,5.19951196317568,14.200262247913914,80.60022578891041
225.7515154293904,5.19951092903955,14.200262802762795,80.60022626819764
225.93093335756564,5.199509893575758,14.200263358322598,80.60022674810165
226.11035163608275,5.199508856783745,14.200263914593622,80.60022722862263
226.2897702653927,5.1995078186629495,14.200264471576162,80.60022770976089
226.4691892459467,5.199506779212816,14.20026502927052,80.60022819151666
226.6486085781958,5.199505738432783,14.200265587676991,80.60022867389023
226.82802826259163,5.199504696322294,14.200266146795876,80.60022915688182
227.00744829958595,5.199503652880794,14.200266706627465,80.60022964049173
227.18686868963061,5.199502608107722,14.200267267172062,80.60023012472021
227.36628943317763,5.199501562002524,14.200267828429963,80.60023060956752
227.54571053067943,5.199500514564645,14.200268390401463,80.60023109503389
227.72513198258835,5.199499465793525,14.200268953086859,80.60023158111962
227.90455378935692,5.199498415688611,14.200269516486443,80.60023206782493
228.08397595143794,5.199497364249347,14.200270080600518,80.60023255515013
228.26339846928465,5.199496311475178,14.200270645429377,80.60023304309544
228.4428213433505,5.199495257365553,14.20027121097332,80.60023353166113
228.62224457408846,5.1994942019199115,14.200271777232631,80.60023402084747
228.8016681619524,5.199493145137706,14.200272344207617,80.60023451065467
228.98109210739597,5.19949208701838,14.200272911898566,80.60023500108305
229.16051641087336,5.199491027561381,14.200273480305778,80.60023549213284
229.34171451728358,5.199489956267856,14.200274055061938,80.6002359886702
229.52291298777845,5.199488883608957,14.20027463054919,80.60023648584185
229.70411182282353,5.199487809584119,14.20027520676783,80.60023698364805
229.88531102288462,5.199486734192771,14.200275783718173,80.60023748208906
230.06651058842778,5.199485657434347,14.20027636140051,80.60023798116515
230.24771051991934,5.19948457930828,14.20027693981515,80.60023848087656
230.42891081782568,5.199483499814002,14.200277518962393,80.6002389812236
230.6101114826133,5.199482418950947,14.200278098842542,80.60023948220652
230.7913125147491,5.199481336718552,14.200278679455897,80.60023998382555
230.97251391470002,5.1994802531162465,14.200279260802763,80.60024048608099
231.15371568293358,5.199479168143468,14.200279842883434,80.6002409889731
231.33491781991708,5.199478081799653,14.200280425698223,80.60024149250212
231.51612032611786,5.199476994084235,14.200281009247423,80.60024199666834
231.6973232020043,5.1994759049966515,14.200281593531333,80.60024250147202
231.87852644804406,5.199474814536337,14.200282178550259,80.6002430069134
232.05973006470538,5.19947372270273,14.200282764304498,80.60024351299278
232.24093405245657,5.199472629495266,14.20028335079435,80.60024401971037
232.42213841176647,5.199471534913384,14.200283938020123,80.6002445270665
232.6033431431037,5.199470438956522,14.200284525982104,80.60024503506138
232.78454824693745,5.199469341624116,14.200285114680602,80.60024554369528
232.96575372373675,5.199468242915606,14.200285704115911,80.60024605296849
233.14695957397103,5.199467142830433,14.200286294288333,80.60024656288122
233.3281657981099,5.199466041368033,14.20028688519817,80.60024707343379
233.50937239662318,5.199464938527849,14.200287476845713,80.60024758462644
233.69057936998098,5.199463834309319,14.200288069231265,80.60024809645941
233.87178671865334,5.199462728711884,14.200288662355126,80.60024860893299
234.0529944431107,5.1994616217349865,14.200289256217587,80.60024912204742
234.2342025438235,5.199460513378066,14.200289850818958,80.60024963580298
234.41541102126263,5.199459403640565,14.200290446159524,80.60025015019991
234.59661987589914,5.199458292521926,14.200291042239597,80.60025066523848
234.77782910820414,5.199457180021589,14.200291639059456,80.60025118091896
234.96082262482946,5.199456055159739,14.200292242509393,80.60025170233087
235.14381652553345,5.199454928887721,14.200292846714374,80.6002522243979
235.32681081079937,5.19945380120496,14.200293451674693,80.60025274712035
235.50980548111022,5.199452672110887,14.200294057390664,80.60025327049844
235.69280053695007,5.199451541604927,14.20029466386259,80.60025379453248
235.87579597880276,5.199450409686509,14.200295271090772,80.60025431922271
236.05879180715235,5.199449276355166,14.200295879075417,80.60025484456942
236.24178802248295,5.199448141610014,14.200296487817136,80.60025537057285
236.4247846252792,5.199447005450797,14.200297097315923,80.60025589723327
236.60778161602576,5.1994458678768405,14.200297707572185,80.60025642455098
236.79077899520743,5.199444728887573,14.200298318586233,80.6002569525262
236.97377676330944,5.199443588482426,14.20029893035836,80.60025748115922
237.15677492081696,5.19944244666083,14.200299542888873,80.6002580104503
237.3397734682156,5.199441303422218,14.200300156178084,80.6002585403997
237.5227724059908,5.199440158766021,14.200300770226281,80.6002590710077
237.7057717346286,5.199439012691671,14.200301385033779,80.60025960227455
237.88877145461498,5.1994378651985995,14.200302000600873,80.60026013420052
238.07177156643624,5.199436716286241,14.200302616927871,80.6002606667859
238.25477207057875,5.19943556595403,14.200303234015069,80.6002612000309
238.43777296752955,5.199434414201398,14.200303851862772,80.60026173393582
238.62077425777514,5.199433261027781,14.200304470471286,80.60026226850093
238.80377594180285,5.199432106432611,14.200305089840908,80.60026280372648
238.98677802009976,5.1994309504153255,14.200305709971941,80.60026333961274
239.16978049315344,5.19942979297536,14.20030633086468,80.60026387615996
239.3527833614514,5.199428634112149,14.200306952519437,80.60026441336842
239.53578662548173,5.199427473825128,14.200307574936504,80.60026495123836
239.71879028573247,5.1994263121137365,14.200308198116184,80.60026548977008
239.90179434269186,5.199425148977409,14.20030882205878,80.60026602896382
240.08479879684833,5.199423984415583,14.200309446764589,80.60026656881982
240.2678036486907,5.199422818427697,14.200310072233913,80.60026710933839
240.45080889870752,5.199421651013188,14.200310698467044,80.60026765051977
240.63560830577066,5.199420470700814,14.200311331617455,80.60026819768173
240.82040811778967,5.19941928893257,14.200311965547327,80.60026874552011
241.00520833526568,5.199418105707881,14.200312600256982,80.60026929403514
241.19000895870062,5.199416921026169,14.20031323574672,80.60026984322711
241.37480998859624,5.19941573488686,14.200313872016851,80.6002703930963
241.5596114254546,5.199414547289375,14.20031450906768,80.60027094364295
241.74441326977785,5.199413358233137,14.200315146899516,80.60027149486734
241.92921552206857,5.199412167717575,14.200315785512666,80.60027204676976
242.11401818282917,5.199410975742112,14.200316424907433,80.60027259935045
242.2988212525629,5.199409782306173,14.200317065084128,80.60027315260969
242.48362473177252,5.199408587409186,14.200317706043055,80.60027370654777
242.66842862096146,5.199407391050575,14.200318347784519,80.60027426116491
242.85323292063293,5.199406193229768,14.200318990308828,80.60027481646141
243.0380376312911,5.1994049939461915,14.200319633616287,80.60027537243752
243.2228427534395,5.1994037931992745,14.200320277707199,80.60027592909353
243.40764828758233,5.199402590988445,14.200320922581874,80.60027648642968
243.5924542342238,5.199401387313128,14.200321568240613,80.60027704444626
243.7772605938685,5.199400182172755,14.200322214683716,80.60027760314352
243.9620673670209,5.199398975566756,14.200322861911497,80.60027816252176
244.14687455418598,5.199397767494558,14.200323509924253,80.60027872258118
244.33168215586895,5.199396557955594,14.200324158722294,80.60027928332212
244.5164901725752,5.1993953469492915,14.20032480830592,80.60027984474478
244.70129860480998,5.199394134475083,14.200325458675433,80.60028040684948
244.88610745307918,5.199392920532399,14.200326109831144,80.60028096963646
245.07091671788868,5.199391705120672,14.200326761773347,80.60028153310598
245.25572639974442,5.199390488239334,14.200327414502349,80.60028209725832
245.440536499153,5.199389269887815,14.20032806801845,80.60028266209373
245.6253470166208,5.19938805006555,14.200328722321956,80.60028322761251
245.8101579526546,5.199386828771972,14.200329377413171,80.60028379381485
245.99496930776115,5.199385606006514,14.20033003329239,80.6002843607011
246.1797810824479,5.199384381768611,14.200330689959923,80.60028492827146
246.36639632593383,5.199383144085039,14.200331353838033,80.60028550207693
246.55301199616383,5.199381904899001,14.200332018520525,80.60028607658047
246.73962809365804,5.199380664209915,14.20033268400771,80.60028665178237
246.9262446189368,5.1993794220171985,14.200333350299893,80.60028722768291
247.11286157252093,5.199378178320274,14.200334017397386,80.60028780428235
247.29947895493066,5.199376933118559,14.200334685300497,80.60028838158094
247.48609676668752,5.199375686411475,14.200335354009535,80.60028895957899
247.67271500831254,5.199374438198441,14.200336023524812,80.60028953827675
247.859333680327,5.199373188478878,14.200336693846635,80.60029011767449
248.04595278325272,5.199371937252211,14.200337364975315,80.60029069777246
248.2325723176114,5.1993706845178576,14.200338036911155,80.60029127857099
248.4191922839251,5.199369430275243,14.200338709654467,80.6002918600703
248.6058126827158,5.199368174523788,14.200339383205558,80.60029244227064
248.79243351450617,5.199366917262917,14.200340057564736,80.60029302517235
248.9790547798187,5.199365658492052,14.200340732732306,80.60029360877564
249.16567647917665,5.199364398210619,14.200341408708578,80.6002941930808
249.3522986131028,5.199363136418042,14.200342085493855,80.6002947780881
249.53892118212022,5.1993618731137445,14.20034276308845,80.6002953637978
249.7255441867526,5.199360608297153,14.200343441492667,80.60029595021018
249.9121676275235,5.199359341967693,14.200344120706813,80.6002965373255
250.09879150495684,5.199358074124789,14.200344800731187,80.60029712514402
250.28541581957674,5.199356804767868,14.200345481566105,80.60029771366602
250.4720405719075,5.199355533896358,14.200346163211867,80.60029830289177
250.65866576247353,5.1993542615096855,14.200346845668783,80.60029889282153
250.84529139179975,5.199352987607279,14.200347528937149,80.60029948345557
251.03191746041085,5.199351712188565,14.20034821301728,80.60030007479415
251.21854396883202,5.199350435252972,14.200348897909478,80.60030066683754
251.4051709175886,5.199349156799932,14.200349583614043,80.60030125958603
251.591798307206,5.19934787682887,14.200350270131286,80.60030185303985
251.77842613820982,5.199346595339218,14.200350957461508,80.60030244719927
251.96505441112618,5.199345312330407,14.20035164560501,80.60030304206458
252.1534949468099,5.1993440153165995,14.20035234125856,80.60030364342484
252.34193593196554,5.199342716752835,14.200353037741879,80.60030424550528
252.53037736713256,5.199341416638529,14.200353735055273,80.60030484830621
252.71881925285052,5.1993401149730945,14.200354433199061,80.60030545182785
252.90726158965936,5.19933881175595,14.200355132173554,80.6003060560705
253.09570437809916,5.1993375069865095,14.200355831979058,80.60030666103444
253.28414761871016,5.19933620066419,14.20035653261589,80.60030726671992
253.47259131203293,5.199334892788408,14.20035723408436,80.60030787312724
253.66103545860793,5.199333583358581,14.200357936384775,80.60030848025664
253.84948005897635,5.199332272374127,14.200358639517448,80.60030908810842
254.0379251136792,5.199330959834465,14.200359343482694,80.60030969668284
254.22637062325776,5.19932964573901,14.200360048280816,80.60031030598017
254.4148165882537,5.199328330087185,14.200360753912122,80.6003109160007
254.6032630092087,5.199327012878408,14.200361460376934,80.60031152674466
254.7917098866648,5.199325694112097,14.200362167675548,80.60031213821235
254.98015722116418,5.199324373787676,14.200362875808281,80.60031275040404
255.1686050132492,5.199323051904562,14.200363584775436,80.60031336332001
255.35705326346235,5.199321728462178,14.200364294577328,80.60031397696049
255.54550197234664,5.199320403459945,14.200365005214266,80.6003145913258
255.73395114044487,5.199319076897285,14.200365716686553,80.60031520641616
255.92240076830038,5.199317748773621,14.2003664289945,80.60031582223188
256.11085085645647,5.199316419088374,14.20036714213841,80.6003164387732
256.29930140545696,5.199315087840969,14.200367856118598,80.60031705604042
256.4877524158454,5.199313755030829,14.200368570935368,80.6003176740338
256.67620388816607,5.199312420657377,14.200369286589027,80.6003182927536
256.8646558229632,5.19931108472004,14.200370003079884,80.60031891220008
257.0531082207813,5.19930974721824,14.200370720408243,80.60031953237352
257.2415610821649,5.1993084081514045,14.200371438574408,80.60032015327418
257.430014407659,5.199307067518958,14.200372157578691,80.60032077490236
257.61846819780845,5.199305725320326,14.200372877421398,80.60032139725828
257.8069224531589,5.199304381554938,14.200373598102829,80.60032202034225
257.9971972866496,5.199303023213626,14.200374326599965,80.60032265018641
258.1874725933083,5.1993016632739835,14.20037505595273,80.6003232807733
258.3777483736943,5.199300301735421,14.200375786161434,80.60032391210315
258.5680246283672,5.199298938597349,14.200376517226394,80.60032454417626
258.75830135788664,5.199297573859181,14.200377249147921,80.6003251769929
258.94857856281254,5.199296207520329,14.200377981926335,80.60032581055334
259.1388562437051,5.199294839580207,14.20037871556194,80.60032644485786
259.3291344011247,5.199293470038226,14.200379450055056,80.60032707990672
259.51941303522676,5.199292098893804,14.200380185405987,80.6003277157002
259.7096921473823,5.199290726146351,14.200380921615052,80.6003283522386
259.89997173774714,5.199289351795281,14.200381658682565,80.60032898952215
260.0902518068826,5.199287975840012,14.200382396608834,80.60032962755115
260.2805323553502,5.199286598279959,14.200383135394171,80.60033026632587
260.4708133837113,5.199285219114537,14.200383875038888,80.60033090584658
260.661094892528,5.199283838343163,14.200384615543296,80.60033154611355
260.8513768823623,5.199282455965254,14.200385356907704,80.60033218712704
261.0416593537765,5.199281071980227,14.20038609913243,80.60033282888735
261.231942307333,5.1992796863875,14.200386842217776,80.60033347139472
261.4222257435946,5.199278299186491,14.200387586164062,80.60033411464944
261.6125096631241,5.199276910376618,14.200388330971583,80.6003347586518
261.80279406648486,5.199275519957301,14.200389076640663,80.60033540340203
261.99307895423993,5.199274127927959,14.200389823171605,80.60033604890043
262.1833643269529,5.199272734288011,14.200390570564721,80.60033669514726
262.37365018518784,5.19927133903688,14.200391318820321,80.60033734214281
262.5639365295083,5.1992699421739825,14.200392067938708,80.60033798988731
262.7542233604787,5.199268543698744,14.200392817920196,80.60033863838106
262.94451067866333,5.199267143610583,14.200393568765094,80.60033928762432
263.1347984846269,5.199265741908922,14.200394320473706,80.60033993761738
263.32508677893406,5.199264338593186,14.200395073046343,80.60034058836048
263.51537556214987,5.199262933662794,14.200395826483309,80.6003412398539
263.7056648348397,5.199261527117172,14.200396580784917,80.60034189209792
263.8977825580785,5.199260105413038,14.200397343214116,80.60034255137285
264.08990077917895,5.199258682061322,14.200398106525276,80.6003432114134
264.282019498721,5.199257257061433,14.200398870718697,80.60034387221987
264.4741387172845,5.199255830412779,14.200399635794708,80.60034453379251
264.6662584354494,5.199254402114769,14.200400401753619,80.60034519613161
264.8583786537962,5.199252972166813,14.20040116859575,80.60034585923744
265.0504993729055,5.199251540568319,14.200401936321406,80.60034652311028
265.24262059335825,5.1992501073187,14.200402704930912,80.60034718775039
265.43474231573526,5.199248672417364,14.200403474424576,80.60034785315806
265.62686454061793,5.199247235863724,14.200404244802712,80.60034851933356
265.8189872685876,5.1992457976571895,14.200405016065638,80.60034918627717
266.0111105002259,5.199244357797175,14.20040578821366,80.60034985398916
266.20323423611495,5.199242916283091,14.200406561247103,80.60035052246981
266.39535847683663,5.199241473114351,14.200407335166268,80.60035119171938
266.5874832229735,5.199240028290369,14.200408109971477,80.60035186173815
266.7796084751078,5.199238581810558,14.200408885663037,80.6003525325264
266.97173423382225,5.199237133674331,14.200409662241265,80.60035320408441
267.16386049970004,5.199235683881106,14.200410439706468,80.60035387641243
267.3559872733243,5.199234232430295,14.200411218058964,80.60035454951074
267.54811455527835,5.199232779321316,14.200411997299058,80.60035522337962
267.74024234614575,5.199231324553582,14.200412777427063,80.60035589801934
267.9323706465105,5.199229868126513,14.200413558443294,80.60035657343019
268.1244994569565,5.199228410039523,14.200414340348061,80.60035724961241
268.31662877806804,5.19922695029203,14.200415123141674,80.6003579265663
268.5087586104295,5.199225488883453,14.20041590682444,80.60035860429211
268.70088895462555,5.199224025813209,14.200416691396672,80.60035928279012
268.89301981124123,5.199222561080718,14.200417476858682,80.6003599620606
269.0851511808617,5.199221094685398,14.200418263210778,80.60036064210382
269.2772830640722,5.199219626626668,14.200419050453267,80.60036132292007
269.469415461458,5.199218156903949,14.200419838586464,80.60036200450959
269.66154837360517,5.199216685516661,14.200420627610674,80.60036268687266
269.8555171982014,5.199215198376549,14.200421425080624,80.60036337654283
270.04948654638025,5.199213709538739,14.200422223459313,80.60036406700195
270.24345641874254,5.1992122190026375,14.200423022747069,80.6003647582503
270.43742681588907,5.19921072676765,14.200423822944206,80.60036545028815
270.63139773842113,5.199209232833183,14.200424624051037,80.60036614311579
270.82536918694035,5.199207737198643,14.200425426067875,80.60036683673349
271.0193411620479,5.199206239863436,14.200426228995045,80.60036753114153
271.2133136643457,5.19920474082697,14.200427032832858,80.60036822634017
271.40728669443615,5.199203240088654,14.20042783758163,80.60036892232971
271.6012602529212,5.199201737647893,14.20042864324168,80.60036961911042
271.7952343404035,5.1992002335041,14.200429449813317,80.60037031668259
271.9892089574856,5.199198727656682,14.200430257296864,80.60037101504646
272.1831841047706,5.199197220105048,14.200431065692628,80.60037171420232
272.37715978286144,5.19919571084861,14.20043187500093,80.60037241415046
272.57113599236163,5.1991941998867786,14.200432685222081,80.60037311489114
272.7651127338747,5.199192687218964,14.200433496356393,80.60037381642464
272.95909000800435,5.199191172844577,14.200434308404184,80.60037451875124
273.1530678153547,5.199189656763032,14.200435121365764,80.6003752218712
273.3470461565301,5.1991881389737395,14.200435935241451,80.6003759257848
273.5410250321348,5.199186619476112,14.200436750031553,80.60037663049233
273.73500444277346,5.199185098269565,14.200437565736385,80.60037733599405
273.928984389051,5.199183575353512,14.200438382356259,80.60037804229023
274.1229648715724,5.199182050727366,14.200439199891488,80.60037874938115
274.31694589094315,5.199180524390541,14.200440018342386,80.60037945726708
274.51092744776884,5.1991789963424555,14.20044083770926,80.60038016594828
274.7049095426551,5.199177466582522,14.200441657992426,80.60038087542505
274.89889217620805,5.1991759351101585,14.200442479192194,80.60038158569765
275.09287534903365,5.199174401924781,14.200443301308876,80.60038229676634
275.2868590617382,5.199172867025806,14.200444124342779,80.60038300863141
275.48084331492856,5.199171330412652,14.20044494829422,80.60038372129313
275.6748281092115,5.199169792084736,14.200445773163503,80.60038443475176
275.8706558969516,5.199168237397911,14.200446606802963,80.60038515579913
276.06648423505277,5.199166680962416,14.200447441378412,80.60038587765918
276.2623131241371,5.199165122777659,14.200448276890167,80.60038660033217
276.45814256482737,5.19916356284304,14.200449113338557,80.6003873238184
276.6539725577463,5.199162001157964,14.20044995072389,80.60038804811815
276.84980310351676,5.199160437721834,14.200450789046485,80.60038877323169
277.0456342027622,5.1991588725340545,14.20045162830666,80.60038949915929
277.2414658561058,5.199157305594031,14.200452468504738,80.60039022590124
277.43729806417133,5.1991557369011705,14.200453309641025,80.6003909534578
277.6331308275828,5.199154166454877,14.20045415171585,80.60039168182928
277.8289641469642,5.199152594254557,14.200454994729519,80.60039241101592
278.02479802293976,5.19915102029962,14.200455838682352,80.60039314101803
278.220632456134,5.199149444589471,14.20045668357467,80.60039387183586
278.4164674471719,5.199147867123518,14.200457529406785,80.6003946034697
278.61230299667835,5.19914628790117,14.200458376179009,80.60039533591981
278.8081391052786,5.199144706921836,14.200459223891663,80.6003960691865
279.00397577359786,5.199143124184926,14.200460072545058,80.60039680327003
279.19981300226203,5.1991415396898475,14.20046092213951,80.60039753817064
279.3956507918966,5.199139953436013,14.200461772675336,80.60039827388866
279.5914891431282,5.199138365422832,14.200462624152843,80.60039901042433
279.7873280565826,5.199136775649716,14.200463476572352,80.60039974777793
279.9831675328868,5.199135184116075,14.200464329934173,80.60040048594975
280.17900757266744,5.199133590821326,14.200465184238626,80.60040122494006
280.3748481765513,5.199131995764876,14.200466039486018,80.6004019647491
280.5706893451655,5.199130398946142,14.200466895676659,80.6004027053772
280.7665310791376,5.199128800364536,14.200467752810871,80.6004034468246
280.96237337909497,5.199127200019472,14.200468610888962,80.60040418909156
281.1582162456657,5.199125597910363,14.200469469911242,80.60040493217839
281.3540596794779,5.199123994036627,14.200470329878023,80.60040567608536
281.5499036811597,5.199122388397677,14.200471190789624,80.6004064208127
281.7475973998057,5.199120765799163,14.200472060792906,80.60040717340793
281.94529169604056,5.199119141400763,14.200472931759567,80.60040792683967
282.1429865705085,5.199117515201877,14.200473803689917,80.6004086811082
282.3406820238544,5.199115887201905,14.200474676584276,80.60040943621381
282.5383780567228,5.199114257400249,14.200475550442961,80.60041019215679
282.7360746697585,5.199112625796311,14.2004764252663,80.6004109489374
282.9337718636068,5.1991109923894925,14.200477301054605,80.6004117065559
283.1314696389131,5.199109357179197,14.200478177808195,80.60041246501261
283.3291679963231,5.199107720164826,14.20047905552739,80.60041322430777
283.5268669364827,5.199106081345786,14.200479934212506,80.60041398444172
283.7245664600379,5.199104440721479,14.200480813863864,80.60041474541467
283.92226656763495,5.199102798291309,14.200481694481779,80.60041550722691
284.1199672599204,5.1991011540546825,14.20048257606657,80.60041626987875
284.3176685375409,5.199099508011005,14.200483458618551,80.60041703337045
284.5153704011435,5.199097860159682,14.200484342138042,80.60041779770228
284.7130728513755,5.1990962105001195,14.200485226625359,80.60041856287452
284.9107758888843,5.199094559031726,14.200486112080812,80.60041932888747
285.1084795143175,5.199092905753909,14.200486998504728,80.60042009574137
285.30618372832294,5.199091250666075,14.200487885897417,80.60042086343651
285.5038885315485,5.199089593767633,14.20048877425919,80.60042163197318
285.7015939246429,5.199087935057992,14.200489663590371,80.60042240135164
285.89929990825436,5.199086274536563,14.200490553891267,80.60042317157216
286.09700648303175,5.199084612202753,14.200491445162196,80.60042394263505
286.294713649624,5.199082948055976,14.200492337403478,80.60042471454054
286.49242140868046,5.199081282095638,14.200493230615422,80.60042548728894
286.69012976085037,5.199079614321154,14.200494124798336,80.60042626088051
286.88783870678367,5.199077944731935,14.200495019952541,80.60042703531552
287.08554824713,5.199076273327395,14.200495916078351,80.60042781059425
287.2832583825394,5.199074600106944,14.200496813176077,80.60042858671697
287.4809691136623,5.199072925069998,14.20049771124603,80.60042936368397
287.67868044114897,5.199071248215968,14.200498610288529,80.60043014149551
287.87824788358216,5.199069553772839,14.200499518759669,80.6004309274675
288.07781593257306,5.1990678574771785,14.200500428222323,80.6004317143005
288.2773845887883,5.199066159328383,14.200501338676814,80.6004325019948
288.4769538528954,5.199064459325852,14.200502250123456,80.60043329055068
288.6765237255618,5.199062757468986,14.200503162562574,80.60043407996844
288.8760942074554,5.199061053757185,14.200504075994482,80.60043487024832
289.07566529924384,5.199059348189849,14.20050499041951,80.60043566139063
289.27523700159566,5.199057640766378,14.200505905837968,80.60043645339564
289.474809315179,5.1990559314861775,14.200506822250178,80.60043724626365
289.6743822406627,5.199054220348648,14.200507739656459,80.6004380399949
289.8739557787155,5.19905250735319,14.200508658057128,80.60043883458968
290.0735299300067,5.199050792499209,14.200509577452507,80.60043963004829
290.27310469520535,5.1990490757861085,14.200510497842911,80.60044042637098
290.47268007498127,5.199047357213292,14.200511419228656,80.60044122355805
290.672256070004,5.1990456367801645,14.200512341610066,80.60044202160977
290.87183268094356,5.199043914486131,14.200513264987451,80.60044282052642
291.07140990847034,5.199042190330597,14.200514189361133,80.60044362030827
291.2709877532547,5.1990404643129695,14.200515114731424,80.60044442095561
291.47056621596744,5.199038736432654,14.200516041098643,80.6004452224687
291.6701452972791,5.199037006689059,14.20051696846311,80.60044602484784
291.8697249978613,5.199035275081591,14.200517896825133,80.60044682809327
292.06930531838486,5.1990335416096585,14.200518826185036,80.6004476322053
292.268886259522,5.1990318062726715,14.200519756543125,80.6004484371842
292.4684678219439,5.199030069070036,14.200520687899726,80.60044924303024
292.6680500063231,5.199028330001165,14.200521620255143,80.60045004974369
292.8676328133316,5.1990265890654666,14.200522553609698,80.60045085732483
293.06721624364184,5.199024846262352,14.200523487963704,80.60045166577395
293.26680029792664,5.199023101591234,14.20052442331747,80.6004524750913
293.46638497685893,5.199021355051521,14.200525359671317,80.60045328527717
293.6659702811117,5.199019606642626,14.200526297025556,80.60045409633182
293.8655562113585,5.199017856363962,14.200527235380497,80.60045490825554
294.067004348239,5.1990160878547815,14.200528183507394,80.60045572863783
294.2684531217952,5.199014317439605,14.200529132654383,80.60045654990601
294.4699025327177,5.19901254511783,14.20053008282178,80.60045737206039
294.67135258169696,5.1990107708888535,14.200531034009911,80.60045819510123
294.8728032694241,5.199008994752077,14.200531986219097,80.60045901902882
295.07425459659004,5.1990072167069,14.200532939449658,80.60045984384344
295.2757065638861,5.199005436752721,14.200533893701914,80.60046066954536
295.47715917200395,5.199003654888938,14.200534848976181,80.60046149613488
295.67861242163536,5.199001871114954,14.200535805272779,80.60046232361226
295.8800663134725,5.199000085430173,14.200536762592037,80.60046315197779
296.0815208482075,5.198998297833992,14.200537720934264,80.60046398123174
296.2829760265328,5.198996508325815,14.200538680299783,80.60046481137441
296.48443184914123,5.198994716905045,14.200539640688909,80.60046564240605
296.685888316726,5.198992923571087,14.200540602101963,80.60046647432695
296.88734542997975,5.198991128323341,14.200541564539263,80.6004673071374
297.08880318959626,5.198989331161214,14.200542528001122,80.60046814083766
297.2902615962689,5.198987532084111,14.200543492487869,80.60046897542802
297.4917206506917,5.198985731091436,14.200544457999806,80.60046981090876
297.6931803535587,5.198983928182595,14.200545424537264,80.60047064728015
297.8946407055642,5.198982123356996,14.200546392100552,80.60047148454245
298.09610170740274,5.198980316614043,14.200547360689983,80.60047232269596
298.29756335976913,5.1989785079531465,14.200548330305878,80.60047316174096
298.49902566335845,5.198976697373712,14.200549300948555,80.60047400167774
298.7004886188657,5.198974884875149,14.200550272618326,80.60047484250651
298.9019522269865,5.198973070456867,14.200551245315507,80.60047568422762
299.10341648841654,5.198971254118274,14.20055221904041,80.60047652684132
299.3048814038517,5.19896943585878,14.200553193793356,80.60047737034786
299.506346973988,5.198967615677797,14.200554169574655,80.60047821474755
299.70781319952187,5.198965793574735,14.200555146384621,80.60047906004064
299.90928008115003,5.1989639695490055,14.20055612422357,80.60047990622743
300.11261497134797,5.198962126657828,14.200557112174291,80.60048076116789
300.3159505288138,5.19896028180699,14.20055810117379,80.60048161701923
300.51928675426166,5.198958434995888,14.20055909122239,80.60048247378172
300.7226236484059,5.198956586223922,14.20056008232041,80.60048333145566
300.92596121196124,5.198954735490486,14.20056107446817,80.60048419004134
301.1292994456426,5.19895288279498,14.200562067665995,80.60048504953903
301.33263835016504,5.198951028136801,14.200563061914204,80.60048590994899
301.535977926244,5.198949171515352,14.200564057213114,80.60048677127153
301.7393181745947,5.198947312930028,14.200565053563047,80.60048763350693
301.94265909593304,5.198945452380233,14.200566050964328,80.60048849665544
302.1460006909752,5.198943589865367,14.20056704941727,80.60048936071736
302.3493429604373,5.19894172538483,14.200568048922193,80.60049022569298
302.5526859050359,5.198939858938026,14.20056904947942,80.60049109158255
302.7560295254877,5.198937990524356,14.200570051089265,80.60049195838637
302.9593738225095,5.198936120143221,14.20057105375205,80.60049282610473
303.1627187968187,5.19893424779403,14.200572057468092,80.60049369473788
303.3660644491326,5.198932373476181,14.200573062237707,80.60049456428611
303.5694107801689,5.1989304971890835,14.200574068061215,80.6004954347497
303.7727577906454,5.19892861893214,14.200575074938932,80.60049630612893
303.97610548128023,5.198926738704754,14.200576082871175,80.60049717842406
304.1794538527919,5.198924856506336,14.20057709185826,80.60049805163541
304.3828029058987,5.198922972336289,14.200578101900504,80.6004989257632
304.5861526413195,5.198921086194024,14.200579112998227,80.60049980080774
304.7895030597735,5.198919198078944,14.200580125151738,80.60050067676931
304.9928541619797,5.198917307990461,14.20058113836136,80.60050155364817
305.1962059486577,5.198915415927983,14.2005821526274,80.60050243144462
305.399558420527,5.198913521890917,14.200583167950178,80.60050331015891
305.6029115783077,5.198911625878676,14.200584184330008,80.60050418979132
305.80626542272006,5.198909727890666,14.200585201767208,80.60050507034214
306.00961995448444,5.198907827926304,14.200586220262085,80.60050595181161
306.2129751743215,5.198905925984995,14.20058723981496,80.60050683420005
306.418203942622,5.1989040045131985,14.200588269835531,80.60050772565127
306.6234334106858,5.19890208102669,14.200589300934304,80.600508618039
306.8286635792516,5.198900155524867,14.200590333111604,80.60050951136353
307.0338944486351,5.198898228007131,14.200591366367751,80.60051040562512
307.2391260204222,5.198896298472873,14.200592400703066,80.60051130082407
307.4443582949289,5.198894366921493,14.200593436117872,80.60051219696062
307.64959127289495,5.198892433352389,14.200594472612488,80.60051309403512
307.8548249550604,5.198890497764965,14.200595510187233,80.6005139920478
308.06005934216523,5.1988885601586174,14.200596548842432,80.60051489099895
308.26529443494974,5.198886620532747,14.200597588578395,80.60051579088886
308.47053023415475,5.198884678886754,14.20059862939545,80.6005166917178
308.6757667405209,5.198882735220043,14.200599671293915,80.60051759348605
308.8810039547895,5.198880789532014,14.200600714274106,80.60051849619387
309.08624187770175,5.198878841822068,14.200601758336342,80.60051939984159
309.291480509999,5.198876892089611,14.20060280348094,80.60052030442945
309.4967198524235,5.198874940334046,14.200603849708227,80.60052120995773
309.7019599057169,5.198872986554777,14.20060489701851,80.60052211642672
309.9072006706215,5.198871030751208,14.200605945412109,80.60052302383667
310.11244214787996,5.198869072922746,14.200606994889348,80.60052393218791
310.31768433823464,5.198867113068795,14.200608045450533,80.60052484148066
310.52292724242886,5.1988651511887625,14.200609097095986,80.60052575171525
310.7281708612058,5.198863187282054,14.200610149826026,80.60052666289192
310.93341519530884,5.198861221348081,14.200611203640968,80.60052757501094
311.1386602454813,5.198859253386247,14.20061225854112,80.60052848807263
311.3439060124673,5.198857283395963,14.200613314526805,80.60052940207723
311.5491524970108,5.198855311376638,14.200614371598341,80.60053031702502
311.7543996998563,5.198853337327679,14.200615429756036,80.60053123291628
311.9596476217483,5.1988513612485,14.200616489000204,80.60053214975129
312.16489626343173,5.1988493831385085,14.200617549331163,80.60053306753032
312.37014562565156,5.198847402997119,14.200618610749228,80.60053398625365
312.57727382292546,5.198845402667431,14.200619682987032,80.60053491434553
312.78440275294673,5.198843400267812,14.200620756332553,80.60053584339964
312.991532416479,5.198841395797661,14.200621830786117,80.60053677341622
313.19866281428625,5.198839389256376,14.200622906348045,80.60053770439558
313.4057939471326,5.1988373806433525,14.200623983018662,80.60053863633799
313.6129258157827,5.1988353699579894,14.20062506079828,80.60053956924374
313.8200584210009,5.198833357199687,14.200626139687229,80.60054050311308
314.02719176355225,5.198831342367844,14.20062721968582,80.60054143794633
314.2343258442016,5.198829325461859,14.20062830079438,80.60054237374376
314.4414606637144,5.198827306481136,14.200629383013228,80.60054331050563
314.6485962228561,5.198825285425073,14.200630466342679,80.60054424823224
314.8557325223928,5.1988232622930735,14.200631550783054,80.60054518692388
315.0628695630906,5.198821237084539,14.200632636334676,80.60054612658078
315.2700073457159,5.198819209798874,14.200633722997857,80.60054706720327
315.47714587103474,5.19881718043548,14.200634810772922,80.60054800879159
315.684285139814,5.198815148993761,14.200635899660178,80.60054895134606
315.8914251528209,5.198813115473124,14.200636989659953,80.60054989486693
316.0985659108227,5.1988110798729705,14.200638080772562,80.60055083935447
316.3057074145866,5.198809042192709,14.200639172998322,80.60055178480897
316.51284966488043,5.198807002431743,14.200640266337542,80.6005527312307
316.71999266247224,5.198804960589483,14.20064136079055,80.60055367861997
316.92713640813,5.198802916665334,14.200642456357656,80.60055462697702
317.13428090262227,5.198800870658704,14.200643553039175,80.60055557630213
317.34142614671754,5.198798822569,14.200644650835425,80.60055652659557
317.5485721411848,5.198796772395633,14.200645749746721,80.60055747785765
317.7557188867931,5.198794720138014,14.200646849773376,80.60055843008861
317.9628663843117,5.198792665795549,14.200647950915707,80.60055938328874
318.1700146345105,5.198790609367652,14.200649053174027,80.60056033745833
318.37716363815895,5.198788550853731,14.200650156548647,80.60056129259763
318.58431339602714,5.198786490253203,14.200651261039887,80.60056224870691
318.793347042944,5.198784408795218,14.200652376708964,80.60056321449582
319.0023814568264,5.198782325211332,14.200653493515683,80.60056418127299
319.2114166384637,5.198780239500943,14.200654611460362,80.6005651490387
319.4204525886453,5.198778151663447,14.200655730543321,80.60056611779322
319.6294893081611,5.198776061698246,14.20065685076489,80.60056708753687
319.8385267978009,5.198773969604736,14.20065797212538,80.60056805826989
320.04756505835496,5.1987718753823176,14.200659094625115,80.60056902999257
320.2566040906137,5.198769779030392,14.20066021826441,80.6005700027052
320.4656438953678,5.198767680548358,14.200661343043592,80.60057097640805
320.67468447340804,5.19876557993562,14.200662468962975,80.6005719511014
320.8837258255258,5.198763477191578,14.200663596022881,80.60057292678555
321.0927679525123,5.198761372315635,14.200664724223625,80.60057390346074
321.3018108551593,5.198759265307195,14.200665853565528,80.60057488112727
321.51085453425844,5.19875715616566,14.20066698404891,80.60057585978542
321.7198989906021,5.198755044890435,14.20066811567408,80.60057683943549
321.92894422498256,5.198752931480924,14.200669248441367,80.60057782007772
322.13799023819223,5.198750815936534,14.200670382351083,80.60057880171239
322.34703703102423,5.19874869825667,14.20067151740354,80.60057978433979
322.55608460427146,5.1987465784407405,14.200672653599064,80.6005807679602
322.7651329587272,5.19874445648815,14.200673790937962,80.60058175257389
322.974182095185,5.198742332398307,14.200674929420554,80.60058273818113
323.1832320144385,5.198740206170621,14.200676069047159,80.60058372478223
323.39228271728183,5.1987380778045,14.200677209818085,80.60058471237741
323.6013342045092,5.198735947299353,14.200678351733654,80.600585700967
323.81038647691537,5.198733814654591,14.200679494794171,80.60058669055124
324.0194395352947,5.198731679869623,14.20068063899996,80.60058768113042
324.22849338044216,5.198729542943862,14.200681784351335,80.60058867270482
324.43754801315293,5.198727403876719,14.200682930848604,80.60058966527468
324.6466034342224,5.1987252626676055,14.200684078492081,80.6005906588403
324.85565964444635,5.198723119315934,14.200685227282083,80.60059165340199
325.0647166446207,5.198720973821121,14.200686377218918,80.60059264895996
325.2756623756357,5.198718806768424,14.200687538708417,80.60059365452315
325.4866089099087,5.198716637532525,14.20068870136619,80.60059466110128
325.6975562482552,5.198714466112821,14.200689865192546,80.60059566869462
325.9085043914909,5.1987122925087155,14.200691030187818,80.60059667730346
326.11945334043196,5.198710116719607,14.200692196352316,80.60059768692808
326.330403095895,5.198707938744896,14.200693363686364,80.60059869756874
326.5413536586964,5.198705758583985,14.200694532190283,80.60059970922573
326.75230502965303,5.1987035762362765,14.200695701864385,80.60060072189934
326.96325720958237,5.198701391701173,14.200696872708995,80.60060173558983
327.1742101993013,5.198699204978078,14.20069804472443,80.60060275029748
327.3851639996277,5.198697016066395,14.200699217911009,80.60060376602259
327.59611861137904,5.1986948249655285,14.200700392269042,80.60060478276543
327.8070740353738,5.198692631674884,14.200701567798852,80.60060580052625
328.01803027242994,5.198690436193869,14.200702744500756,80.60060681930537
328.2289873233662,5.198688238521888,14.200703922375071,80.60060783910303
328.43994518900104,5.198686038658348,14.200705101422114,80.60060885991953
328.6509038701537,5.198683836602656,14.200706281642194,80.60060988175515
328.86186336764337,5.198681632354222,14.200707463035636,80.60061090461015
329.0728236822896,5.198679425912453,14.200708645602752,80.6006119284848
329.28378481491205,5.198677217276759,14.200709829343852,80.6006129533794
329.4947467663309,5.198675006446551,14.200711014259257,80.6006139792942
329.70570953736615,5.1986727934212364,14.200712200349278,80.60061500622948
329.91667312883817,5.19867057820023,14.20071338761423,80.60061603418553
330.1276375415678,5.19866836078294,14.20071457605443,80.60061706316263
330.338602776376,5.198666141168782,14.200715765670187,80.60061809316103
330.54956883408363,5.198663919357167,14.200716956461818,80.60061912418102
330.7605357155125,5.198661695347508,14.200718148429631,80.60062015622287
330.97150342148404,5.198659469139219,14.200719341573942,80.60062118928684
331.18247195282,5.198657240731716,14.200720535895062,80.60062222337322
331.3934413103426,5.198655010124413,14.200721731393301,80.60062325848229
331.6063040318408,5.198652757267189,14.200722938814527,80.60062430391828
331.8191675933977,5.1986505021693485,14.200724147434714,80.60062535039594
332.03203199585556,5.198648244830295,14.200725357254177,80.60062639791553
332.2448972400574,5.1986459852494304,14.20072656827324,80.60062744647733
332.45776332684596,5.198643723426157,14.20072778049222,80.60062849608163
332.6706302570646,5.198641459359877,14.200728993911433,80.60062954672868
332.88349803155654,5.1986391930499956,14.200730208531198,80.6006305984188
333.09636665116545,5.198636924495916,14.200731424351835,80.60063165115226
333.30923611673506,5.198634653697043,14.200732641373657,80.6006327049293
333.5221064291098,5.198632380652782,14.200733859596983,80.60063375975024
333.73497758913373,5.1986301053625406,14.200735079022134,80.60063481561532
333.94784959765167,5.1986278278257245,14.200736299649419,80.60063587252486
334.1607224555082,5.19862554804174,14.200737521479162,80.6006369304791
334.3735961635488,5.198623266009998,14.200738744511673,80.60063798947833
334.5864707226185,5.198620981729903,14.20073996874727,80.60063904952283
334.799346133563,5.198618695200866,14.20074119418626,80.60064011061287
335.0122223972281,5.198616406422299,14.200742420828973,80.60064117274872
335.2250995144597,5.1986141153936085,14.200743648675711,80.60064223593069
335.4379774861042,5.198611822114209,14.200744877726798,80.60064330015899
335.6508563130083,5.198609526583509,14.200746107982539,80.60064436543395
335.86373599601865,5.19860722880092,14.20074733944325,80.60064543175582
336.07661653598234,5.19860492876586,14.200748572109248,80.60064649912489
336.2894979337464,5.198602626477738,14.200749805980841,80.60064756754142
336.5023801901586,5.198600321935969,14.200751041058341,80.60064863700569
336.71526330606645,5.198598015139967,14.200752277342065,80.60064970751797
336.9281472823179,5.198595706089149,14.200753514832323,80.60065077907853
337.14103211976146,5.198593394782929,14.200754753529424,80.60065185168764
337.3539178192454,5.198591081220724,14.200755993433683,80.6006529253456
337.5668043816184,5.1985887654019525,14.20075723454541,80.60065400005264
337.7815887446462,5.198586426650574,14.200758487945428,80.600655085404
337.9963739850022,5.198584085601069,14.200759742575153,80.60065617182379
338.2111601035557,5.198581742252841,14.200760998434896,80.60065725931226
338.42594710117663,5.198579396605293,14.200762255524982,80.60065834786973
338.64073497873517,5.19857704865783,14.200763513845724,80.60065943749645
338.8555237371014,5.198574698409857,14.200764773397436,80.6006605281927
339.0703133771458,5.1985723458607795,14.200766034180443,80.60066161995879
339.2851038997394,5.198569991010003,14.200767296195055,80.60066271279493
339.49989530575317,5.198567633856937,14.20076855944159,80.60066380670148
339.7146875960584,5.1985652744009885,14.200769823920368,80.60066490167864
339.92948077152636,5.198562912641565,14.200771089631697,80.60066599772674
340.1442748330293,5.198560548578075,14.200772356575895,80.60066709484603
340.35906978143896,5.198558182209929,14.200773624753282,80.6006681930368
340.57386561762746,5.198555813536536,14.200774894164168,80.6006692922993
340.7886623424676,5.198553442557309,14.20077616480887,80.60067039263382
341.003459956832,5.198551069271655,14.200777436687698,80.60067149404064
341.2182584615935,5.198548693678991,14.200778709800964,80.60067259652004
341.4330578576255,5.198546315778728,14.200779984148989,80.60067370007229
341.6478581458013,5.198543935570278,14.200781259732082,80.60067480469763
341.86265932699484,5.198541553053055,14.200782536550552,80.60067591039639
342.0774614020801,5.198539168226476,14.200783814604717,80.6006770171688
342.29226437193097,5.198536781089953,14.200785093894886,80.60067812501516
342.50706823742206,5.198534391642904,14.20078637442137,80.60067923393572
342.72187299942806,5.198531999884745,14.20078765618448,80.60068034393078
342.93667865882395,5.198529605814891,14.20078893918453,80.60068145500058
343.15148521648484,5.198527209432762,14.20079022342183,80.60068256714541
343.3662926732861,5.198524810737775,14.20079150889669,80.60068368036553
343.58110103010335,5.1985224097293505,14.200792795609418,80.60068479466122
343.7959102878126,5.1985200064069055,14.200794083560323,80.60068591003278
344.0107204472899,5.198517600769861,14.200795372749717,80.60068702648041
344.227432671093,5.198515171485749,14.200796674609705,80.60068815390454
344.44414581169775,5.198512739844728,14.200797977730822,80.60068928242445
344.6608598700021,5.198510305846204,14.200799282113378,80.60069041204042
344.87757484690366,5.198507869489587,14.200800587757689,80.60069154275273
345.09429074330035,5.198505430774285,14.200801894664078,80.60069267456164
345.3110075600909,5.198502989699703,14.200803202832848,80.60069380746745
345.52772529817355,5.198500546265255,14.200804512264328,80.60069494147042
345.7444439584472,5.198498100470348,14.20080582295882,80.60069607657083
345.9611635418108,5.198495652314393,14.200807134916646,80.60069721276896
346.1778840491636,5.198493201796801,14.200808448138117,80.60069835006509
346.3946054814054,5.198490748916983,14.200809762623551,80.60069948845947
346.6113278394357,5.198488293674354,14.200811078373258,80.60070062795239
346.82805112415457,5.198485836068325,14.20081239538755,80.60070176854413
347.0447753364626,5.198483376098309,14.20081371366674,80.60070291023496
347.2615004772601,5.198480913763723,14.200815033211143,80.60070405302513
347.4782265474478,5.1984784490639795,14.200816354021068,80.60070519691496
347.69495354792673,5.198475981998496,14.20081767609683,80.60070634190467
347.91168147959826,5.198473512566687,14.200818999438738,80.60070748799457
348.1284103433637,5.198471040767971,14.2008203240471,80.60070863518493
348.3451401401249,5.198468566601764,14.200821649922233,80.60070978347599
348.5618708707838,5.198466090067486,14.200822977064446,80.60071093286807
348.7786025362426,5.198463611164553,14.200824305474043,80.6007120833614
348.9953351374038,5.198461129892388,14.200825635151343,80.60071323495627
349.2120686751702,5.198458646250409,14.200826966096644,80.60071438765294
349.4288031504447,5.198456160238037,14.200828298310267,80.60071554145169
349.6455385641305,5.198453671854694,14.20082963179251,80.60071669635279
349.86227491713083,5.198451181099802,14.20083096654369,80.60071785235651
350.0790122103498,5.198448687972783,14.200832302564107,80.6007190094631
350.29575044469107,5.198446192473059,14.200833639854075,80.60072016767286
350.51248962105893,5.198443694600058,14.200834978413898,80.60072132698605
350.7311349579405,5.198441172354255,14.20083633003264,80.60072249761309
350.9497812524931,5.198438647692117,14.20083768294427,80.60072366936362
351.1684285056424,5.198436120613055,14.20083903714911,80.60072484223784
351.3870767183152,5.19843359111648,14.200840392647466,80.60072601623605
351.6057258914378,5.198431059201806,14.200841749439656,80.60072719135853
351.8243760259374,5.1984285248684445,14.200843107525987,80.60072836760557
352.04302712274114,5.198425988115809,14.200844466906782,80.60072954497741
352.2616791827764,5.198423448943314,14.200845827582345,80.60073072347433
352.480332206971,5.198420907350373,14.20084718955299,80.60073190309663
352.69898619625286,5.198418363336403,14.200848552819034,80.60073308384457
352.91764115154996,5.198415816900819,14.200849917380781,80.6007342657184
353.13629707379073,5.198413268043037,14.200851283238547,80.60073544871842
353.3549539639038,5.198410716762774,14.20085265039235,80.60073663284489
353.5736118228182,5.198408163058548,14.200854018843376,80.60073781809808
353.7922706514632,5.198405606930682,14.200855388591055,80.60073900447826
354.010930450768,5.198403048378292,14.200856759635997,80.60074019198571
354.2295912216623,5.198400487400798,14.200858131978505,80.6007413806207
354.44825296507605,5.1983979239976215,14.200859505618887,80.60074257038349
354.6669156819395,5.198395358168183,14.200860880557459,80.60074376127434
354.8855793731828,5.198392789911904,14.200862256794519,80.60074495329359
355.1042440397366,5.198390219228209,14.200863634330387,80.60074614644141
355.3229096825319,5.198387646116519,14.200865013165359,80.60074734071812
355.5415763024997,5.1983850705762595,14.20086639329975,80.60074853612399
355.76024390057137,5.1983824926068545,14.200867774733862,80.60074973265928
355.97891247767836,5.198379912207729,14.200869157468007,80.60075093032427
356.1975820347528,5.198377329378309,14.200870541502486,80.6007521291192
356.4162525727267,5.198374744118022,14.200871926837605,80.60075332904437
356.63492409253234,5.198372156426295,14.200873313473675,80.60075453010003
356.8535965951024,5.198369566302555,14.200874701410992,80.60075573228646
357.0741791905885,5.198366951090839,14.200876102789897,80.60075694611926
357.2947627850954,5.198364333403321,14.200877505493484,80.60075816110319
357.515347379578,5.198361713239417,14.200878909522057,80.60075937723852
357.73593297499184,5.198359090598545,14.200880314875938,80.60076059452552
357.95651957229245,5.198356465480117,14.200881721555431,80.60076181296445
358.17710717243597,5.198353837883553,14.200883129560852,80.60076303255559
358.3976957763785,5.19835120780827,14.200884538892506,80.60076425329923
358.6182853850763,5.198348575253686,14.200885949550706,80.60076547519562
358.83887599948616,5.1983459402192205,14.200887361535761,80.60076669824502
359.059467620565,5.198343302704294,14.200888774847984,80.60076792244773
359.28006024926987,5.198340662708325,14.20089018948768,80.600769147804
359.5006538865582,5.198338020230735,14.200891605455162,80.6007703743141
359.7212485333879,5.198335375270946,14.200893022750732,80.60077160197832
359.9418441907167,5.198332727828381,14.200894441374704,80.60077283079691
360.1624408595028,5.198330077902464,14.200895861327382,80.60077406077015
360.3830385407045,5.198327425492617,14.200897282609079,80.6007752918983
360.6036372352805,5.198324770598264,14.20089870522009,80.60077652418165
360.8242369441897,5.198322113218832,14.200900129160738,80.60077775762043
361.0448376683912,5.198319453353746,14.200901554431317,80.60077899221494
361.26543940884443,5.198316791002431,14.200902981032135,80.60078022796544
361.4860421665093,5.198314126164318,14.200904408963499,80.60078146487218
361.7066459423452,5.19831145883883,14.200905838225717,80.60078270293545
361.9272507373125,5.1983087890254,14.200907268819089,80.6007839421555
362.1478565523716,5.1983061167234546,14.200908700743922,80.60078518253262
362.36846338848295,5.198303441932424,14.20091013400052,80.60078642406705
362.58907124660743,5.198300764651739,14.200911568589186,80.60078766675908
362.80968012770626,5.198298084880832,14.200913004510221,80.60078891060894
363.0302900327408,5.198295402619133,14.200914441763935,80.60079015561693
363.2509009626725,5.1982927178660745,14.200915880350623,80.6007914017833
363.4734257699348,5.198290007299225,14.200917332767244,80.60079265993353
363.6959516189781,5.198287294196499,14.200918786540662,80.60079391926284
363.9184785107871,5.198284578557318,14.20092024167118,80.6007951797715
364.14100644634686,5.198281860381101,14.200921698159114,80.60079644145979
364.36353542664256,5.198279139667269,14.200923156004766,80.60079770432796
364.58606545265985,5.198276416415247,14.200924615208448,80.60079896837631
364.80859652538436,5.198273690624455,14.200926075770468,80.60080023360507
365.0311286458022,5.198270962294318,14.200927537691129,80.60080150001455
365.25366181489954,5.198268231424259,14.200929000970744,80.60080276760499
365.476196033663,5.198265498013703,14.200930465609614,80.60080403637669
365.6987313030792,5.198262762062076,14.200931931608052,80.60080530632987
365.9212676241353,5.198260023568805,14.200933398966361,80.60080657746484
366.14380499781845,5.198257282533316,14.200934867684847,80.60080784978183
366.3663434251164,5.198254538955036,14.200936337763812,80.60080912328115
366.5888829070166,5.198251792833394,14.200937809203568,80.60081039796304
366.81142344450734,5.198249044167818,14.20093928200441,80.60081167382778
367.0339650385767,5.19824629295774,14.20094075616665,80.6008129508756
367.2565076902133,5.198243539202588,14.200942231690588,80.60081422910682
367.47905140040587,5.198240782901796,14.20094370857653,80.60081550852168
367.70159617014343,5.198238024054793,14.200945186824775,80.60081678912043
367.92414200041515,5.198235262661013,14.200946666435636,80.60081807090336
368.1466888922107,5.198232498719888,14.200948147409399,80.60081935387072
368.3692368465195,5.198229732230853,14.200949629746376,80.60082063802277
368.5917858643317,5.198226963193342,14.200951113446871,80.60082192335979
368.81433594663775,5.198224191606791,14.200952598511178,80.60082320988204
369.0368870944279,5.198221417470635,14.200954084939601,80.60082449758977
369.2594393086929,5.198218640784312,14.200955572732443,80.60082578648324
369.4819925904239,5.198215861547258,14.200957061890001,80.60082707656274
369.704546940612,5.198213079758911,14.200958552412576,80.60082836782851
369.92901881354106,5.19821027142036,14.20096005715909,80.60082967142054
370.1534917724537,5.1982074604852775,14.20096156329483,80.6008309762199
370.3779658183652,5.1982046469530845,14.200963070820094,80.60083228222682
370.6024409522905,5.19820183082321,14.200964579735192,80.6008335894416
370.82691717524506,5.198199012095081,14.200966090040426,80.60083489786449
371.05139448824474,5.198196190768126,14.200967601736103,80.60083620749577
371.2758728923054,5.198193366841773,14.200969114822529,80.6008375183357
371.50035238844345,5.1981905403154505,14.200970629300008,80.60083883038453
371.72483297767525,5.19818771118859,14.20097214516884,80.60084014364257
371.9493146610174,5.198184879460621,14.200973662429336,80.60084145811004
372.1737974394871,5.1981820451309755,14.200975181081791,80.60084277378724
372.39828131410167,5.198179208199086,14.200976701126514,80.6008440906744
372.6227662858783,5.198176368664386,14.200978222563803,80.60084540877182
372.847252355835,5.198173526526307,14.200979745393965,80.60084672807972
373.07173952498965,5.198170681784286,14.2009812696173,80.60084804859842
373.2962277943604,5.198167834437755,14.200982795234108,80.60084937032815
373.52071716496584,5.1981649844861515,14.20098432224469,80.60085069326917
373.74520763782476,5.198162131928914,14.200985850649342,80.60085201742174
373.96969921395583,5.198159276765476,14.200987380448375,80.60085334278615
374.19419189437855,5.198156418995278,14.20098891164208,80.60085466936265
374.4186856801122,5.198153558617757,14.200990444230763,80.60085599715148
374.64318057217673,5.198150695632353,14.200991978214716,80.60085732615293
374.8676765715921,5.198147830038506,14.200993513594243,80.60085865636725
375.0921736793784,5.198144961835657,14.200995050369642,80.6008599877947
375.31667189655593,5.198142091023248,14.200996588541203,80.60086132043554
375.54117122414596,5.198139217600721,14.200998128109235,80.60086265429005
375.7656716631688,5.198136341567518,14.20099966907403,80.60086398935844
375.9901732146461,5.198133462923084,14.201001211435885,80.60086532564104
376.2146758795993,5.198130581666862,14.201002755195095,80.60086666313804
376.4410995820854,5.198127673113484,14.201004313577888,80.60086801330863
376.66752441623254,5.1981247619023545,14.20100587338263,80.60086936471502
376.8939503830864,5.19812184803291,14.201007434609616,80.60087071735748
377.120377483693,5.198118931504585,14.201008997259152,80.60087207123627
377.34680571909854,5.198116012316809,14.201010561331543,80.60087342635165
377.5732350903498,5.198113090469019,14.20101212682708,80.6008747827039
377.79966559849356,5.198110165960651,14.201013693746079,80.60087614029328
378.02609724457665,5.198107238791139,14.201015262088829,80.60087749912003
378.25253002964666,5.198104308959922,14.20101683185563,80.60087885918445
378.4789639547511,5.198101376466436,14.201018403046795,80.60088022048677
378.7053990209378,5.198098441310119,14.201019975662607,80.60088158302727
378.9318352292547,5.198095503490411,14.20102154970338,80.60088294680621
379.15827258075024,5.198092563006751,14.201023125169401,80.60088431182385
379.3847110764728,5.198089619858581,14.201024702060977,80.60088567808043
379.6111507174714,5.1980866740453395,14.201026280378398,80.60088704557626
379.83759150479506,5.198083725566471,14.20102786012197,80.60088841431156
380.06403343949296,5.198080774421418,14.201029441291988,80.6008897842866
380.29047652261477,5.198077820609621,14.201031023888744,80.60089115550164
380.5169207552103,5.198074864130527,14.20103260791254,80.60089252795693
380.7433661383296,5.19807190498358,14.201034193363668,80.60089390165275
380.96981267302283,5.198068943168225,14.201035780242425,80.60089527658936
381.19626036034083,5.198065978683911,14.20103736854911,80.60089665276698
381.4227092013341,5.198063011530082,14.201038958284013,80.6008980301859
381.64915919705396,5.198060041706187,14.20104054944743,80.60089940884639
381.8756103485514,5.198057069211675,14.201042142039658,80.60090078874866
382.1020626568784,5.198054094045995,14.201043736060987,80.60090216989302
382.32851612308633,5.198051116208596,14.201045331511713,80.60090355227969
382.55497074822733,5.198048135698929,14.201046928392124,80.60090493590894
382.78142653335397,5.198045152516448,14.20104852670252,80.60090632078104
383.00980674802213,5.198042141279373,14.201050140041746,80.60090771867888
383.23818814153543,5.198039127322806,14.20105175483592,80.60090911784128
383.4665707149709,5.198036110646189,14.201053371085345,80.60091051826846
383.6949544694061,5.198033091248963,14.201054988790323,80.60091191996072
383.92333940591897,5.198030069130567,14.201056607951143,80.60091332291829
384.15172552558715,5.198027044290445,14.201058228568103,80.60091472714144
384.3801128294892,5.19802401672804,14.201059850641506,80.60091613263045
384.60850131870365,5.198020986442795,14.20106147417165,80.60091753938555
384.83689099430904,5.198017953434154,14.201063099158825,80.60091894740702
385.06528185738426,5.198014917701563,14.201064725603329,80.6009203566951
385.29367390900865,5.198011879244467,14.201066353505462,80.60092176725007
385.52206715026193,5.198008838062687,14.201067982865146,80.60092317907217
385.7504615822237,5.198005794154544,14.201069613683782,80.60092459216168
385.97885720597407,5.198002747520618,14.20107124596056,80.60092600651882
386.2072540225931,5.197999698159978,14.201072879696142,80.60092742214388
386.4356520331613,5.197996646072074,14.201074514890818,80.60092883903711
386.66405123875944,5.197993591256359,14.201076151544886,80.60093025719875
386.8924516404686,5.1979905337122805,14.201077789658637,80.60093167662909
387.1208532393701,5.197987473439291,14.201079429232363,80.60093309732834
387.34925603654534,5.197984410436845,14.201081070266358,80.6009345192968
387.5776600330762,5.197981344704395,14.201082712760913,80.60093594253469
387.80606523004434,5.197978276241395,14.201084356716317,80.60093736704228
388.03447162853223,5.197975205047301,14.201086002132863,80.60093879281985
388.2628792296224,5.197972131121568,14.201087649010837,80.6009402198676
388.4912880343974,5.197969054463652,14.201089297350537,80.60094164818581
388.71969804394035,5.19796597507301,14.201090947152242,80.60094307777474
388.9481092593346,5.197962892949103,14.201092598416249,80.60094450863464
389.1765216816635,5.197959808091386,14.201094251142846,80.60094594076577
389.40686180190414,5.197956694434795,14.201095919296472,80.60094738626873
389.63720314861393,5.197953577997018,14.201097588938028,80.60094883306496
389.8675457229015,5.197950458777507,14.201099260067815,80.60095028115468
390.0978895258761,5.197947336775708,14.20110093268612,80.60095173053817
390.3282345586474,5.19794421199107,14.20110260679324,80.6009531812157
390.5585808223249,5.197941084423044,14.201104282389473,80.60095463318748
390.788928318019,5.197937954071079,14.201105959475102,80.6009560864538
391.01927704683953,5.197934820934627,14.20110763805043,80.60095754101494
391.2496270098974,5.197931685013141,14.201109318115746,80.60095899687111
391.47997820830346,5.1979285463060725,14.201110999671338,80.60096045402258
391.7103306431685,5.197925404812876,14.201112682717504,80.60096191246961
391.94068431560385,5.197922260533005,14.201114367254524,80.60096337221248
392.17103922672106,5.197919113465916,14.201116053282703,80.60096483325138
392.40139537763207,5.197915963611063,14.20111774080232,80.60096629558662
392.6317527694488,5.197912810967905,14.201119429813671,80.60096775921842
392.8621114032835,5.197909655535899,14.20112112031704,80.60096922414705
393.09247128024884,5.197906497314502,14.201122812312725,80.60097069037278
393.32283240145756,5.197903336303175,14.201124505801005,80.60097215789582
393.55319476802265,5.1979001725013765,14.201126200782172,80.60097362671645
393.7835583810573,5.197897005908567,14.201127897256512,80.60097509683493
394.0139232416752,5.197893836524209,14.201129595224318,80.60097656825147
394.24428935099024,5.1978906643477645,14.201131294685872,80.60097804096637
394.4746567101163,5.1978874893786955,14.20113299564146,80.60097951497984
394.70502532016764,5.197884311616466,14.201134698091373,80.60098099029216
394.93539518225884,5.197881131060543,14.201136402035889,80.60098246690357
395.1657662975046,5.197877947710388,14.201138107475298,80.60098394481432
395.39613866702035,5.197874761565468,14.201139814409885,80.60098542402466
395.6265122919209,5.197871572625251,14.201141522839933,80.6009869045348
395.85688717332204,5.197868380889205,14.201143232765729,80.60098838634507
396.0891929203431,5.197865159576248,14.201144958534801,80.60098988188895
396.32149994410514,5.1978619354193825,14.201146685825341,80.60099137875527
396.5538082457503,5.197858708418068,14.201148414637633,80.6009928769443
396.7861178264203,5.1978554785717614,14.201150144971969,80.60099437645627
397.018428687257,5.197852245879922,14.201151876828636,80.60099587729144
397.25074082940307,5.197849010342008,14.201153610207928,80.60099737945006
397.48305425400105,5.197845771957479,14.201155345110125,80.6009988829324
397.7153689621939,5.197842530726203,14.201157081535124,80.60100038773868
397.9476849551249,5.197839286646417,14.201158819484405,80.60100189386918
398.1800022339374,5.197836039718813,14.201160558957056,80.60100340132414
398.412320799775,5.19783278994244,14.201162299953769,80.6010049101038
398.6446406537818,5.197829537316767,14.20116404247482,80.6010064202084
398.87696179710184,5.197826281841253,14.2011657865205,80.60100793163825
399.1092842308797,5.197823023515367,14.201167532091096,80.60100944439354
399.3416079562599,5.197819762338575,14.201169279186892,80.60101095847455
399.57393297438756,5.197816498310342,14.20117102780817,80.60101247388148
399.8062592864079,5.197813231430138,14.201172777955215,80.60101399061465
400.03858689346595,5.197809961697431,14.201174529628311,80.60101550867425
400.2709157967078,5.19780668911169,14.201176282827744,80.60101702806057
400.5032459972794,5.1978034136723865,14.201178037553788,80.60101854877382
400.73557749632675,5.197800135378991,14.201179793806734,80.60102007081427
400.96791029499616,5.197796854230974,14.201181551586858,80.60102159418217
401.2002443944347,5.19779357022781,14.201183310894445,80.60102311887775
401.4325797957891,5.197790283368971,14.201185071729775,80.60102464490126
401.66491650020646,5.197786993653932,14.201186834093127,80.60102617225294
401.8972545088344,5.197783701082169,14.201188597984785,80.60102770093305
402.1295938228203,5.197780405653155,14.201190363405022,80.60102923094182
402.36193444331235,5.197777107366369,14.201192130354123,80.6010307622795
402.5962089861354,5.197773778738637,14.201193913555258,80.6010323077061
402.8304848564111,5.197770447204366,14.20119569831134,80.6010338544843
403.06476205531436,5.197767112763025,14.201197484622657,80.60103540261431
403.2990405840198,5.197763775414081,14.201199272489493,80.60103695209642
403.5333204437029,5.197760435157001,14.20120106191213,80.60103850293086
403.7676016355388,5.197757091991252,14.201202852890848,80.6010400551179
404.00188416070307,5.197753745916307,14.20120464542594,80.60104160865775
404.2361680203721,5.197750396931633,14.20120643951768,80.60104316355068
404.47045321572176,5.197747045036704,14.201208235166352,80.60104471979695
404.7047397479284,5.197743690230989,14.201210032372241,80.60104627739678
404.93902761816884,5.197740332513963,14.201211831135623,80.60104783635042
405.17331682762006,5.197736971885096,14.201213631456785,80.60104939665813
405.40760737745927,5.197733608343866,14.201215433336007,80.60105095832013
405.64189926886377,5.1977302418897455,14.20121723677356,80.6010525213367
405.87619250301117,5.197726872522212,14.201219041769736,80.60105408570806
406.1104870810798,5.197723500240743,14.201220848324805,80.60105565143445
406.3447830042472,5.197720125044814,14.201222656439052,80.60105721851613
406.579080273692,5.197716746933902,14.201224466112752,80.60105878695335
406.8133788905933,5.19771336590749,14.201226277346182,80.60106035674633
407.0476788561297,5.1977099819650565,14.20122809013962,80.60106192789533
407.28198017148026,5.197706595106083,14.201229904493346,80.60106350040057
407.51628283782463,5.197703205330048,14.201231720407634,80.60106507426232
407.7505868563425,5.197699812636438,14.201233537882759,80.6010666494808
407.9848922282137,5.1976964170247335,14.201235356919003,80.60106822605626
408.21919895461843,5.197693018494419,14.201237177516632,80.60106980398896
408.4535070367373,5.19768961704498,14.201238999675924,80.6010713832791
408.6878164757504,5.197686212675904,14.201240823397157,80.60107296392694
408.9221272728391,5.197682805386673,14.201242648680603,80.60107454593273
409.15837495224787,5.197679366982774,14.201244490630014,80.6010761423872
409.39462401140094,5.197675925609277,14.201246334168092,80.60107774022262
409.6308744515063,5.197672481265657,14.201248179295106,80.60107933943922
409.8671262737728,5.197669033951395,14.201250026011344,80.60108094003726
410.1033794794089,5.197665583665969,14.20125187431708,80.60108254201694
410.3396340696236,5.197662130408854,14.2012537242126,80.60108414537854
410.57589004562624,5.197658674179534,14.201255575698172,80.6010857501223
410.81214740862646,5.197655214977486,14.201257428774072,80.60108735624844
411.04840615983403,5.197651752802194,14.201259283440587,80.60108896375722
411.2846663004588,5.1976482876531405,14.201261139697985,80.60109057264889
411.52092783171116,5.197644819529807,14.201262997546543,80.60109218292365
411.75719075480174,5.197641348431679,14.20126485698654,80.60109379458179
411.9934550709411,5.197637874358239,14.201266718018246,80.60109540762352
412.2297207813403,5.197634397308975,14.201268580641937,80.60109702204909
412.4659878872108,5.197630917283372,14.201270444857892,80.60109863785874
412.7022563897639,5.197627434280918,14.201272310666377,80.6011002550527
412.9385262902114,5.197623948301101,14.201274178067669,80.60110187363124
413.1747975897653,5.19762045934341,14.201276047062041,80.60110349359455
413.41107028963813,5.197616967407334,14.201277917649763,80.60110511494291
413.6473443910421,5.197613472492366,14.201279789831109,80.60110673767653
413.88361989519007,5.197609974597993,14.20128166360635,80.60110836179565
414.11989680329515,5.197606473723713,14.201283538975757,80.60110998730052
414.3561751165704,5.197602969869016,14.2012854159396,80.6011116141914
414.5924548362296,5.197599463033396,14.201287294498144,80.60111324246846
414.8287359634862,5.197595953216349,14.201289174651667,80.60111487213199
415.0650184995546,5.1975924404173695,14.201291056400434,80.6011165031822
415.3013024456487,5.197588924635954,14.201292939744711,80.60111813561933
415.5395261334773,5.197585376981477,14.20129484016068,80.60111978285785
415.77775125372085,5.197581826294451,14.201296742198974,80.60112143150657
416.01597780762154,5.197578272574364,14.201298645859861,80.60112308156577
416.2542057964218,5.1975747158207035,14.201300551143614,80.60112473303569
416.4924352213642,5.197571156032959,14.201302458050508,80.60112638591653
416.73066608369203,5.197567593210619,14.201304366580814,80.60112804020856
416.96889838464824,5.197564027353174,14.201306276734805,80.60112969591202
417.20713212547616,5.197560458460116,14.201308188512748,80.60113135302713
417.4453673074196,5.197556886530936,14.201310101914924,80.60113301155414
417.68360393172264,5.197553311565127,14.201312016941595,80.60113467149328
417.9218419996295,5.197549733562182,14.201313933593033,80.60113633284477
418.16008151238486,5.197546152521595,14.201315851869511,80.6011379956089
418.398322471233,5.1975425684428656,14.201317771771297,80.60113965978584
418.63656487741906,5.197538981325485,14.201319693298654,80.60114132537586
418.8748087321882,5.1975353911689535,14.201321616451859,80.6011429923792
419.1130540367861,5.1975317979727675,14.201323541231176,80.60114466079605
419.3513007924582,5.197528201736426,14.201325467636869,80.6011463306267
419.5895490004504,5.1975246024594295,14.20132739566921,80.60114800187137
419.82779866200906,5.197521000141278,14.201329325328466,80.60114967453026
420.06604977838066,5.197517394781473,14.2013312566149,80.60115134860362
420.3043023508117,5.197513786379517,14.201333189528775,80.60115302409172
420.5425563805495,5.197510174934913,14.201335124070363,80.60115470099473
420.780811868841,5.197506560447164,14.201337060239924,80.60115637931291
421.0190688169335,5.1975029429157775,14.201338998037723,80.6011580590465
421.25732722607506,5.1974993223402555,14.201340937464026,80.60115974019571
421.49558709751346,5.197495698720108,14.201342878519096,80.6011614227608
421.73384843249664,5.197492072054841,14.201344821203193,80.60116310674196
421.97211123227345,5.197488442343963,14.201346765516579,80.60116479213946
422.21231655669277,5.197484779967317,14.20134872732573,80.60116649270695
422.45252336904827,5.19748111449428,14.201350690791342,80.60116819471438
422.69273167061743,5.197477445924352,14.201352655913677,80.60116989816197
422.9329414626771,5.197473774257035,14.201354622692994,80.60117160304998
423.17315274650514,5.197470099491826,14.20135659112957,80.60117330937861
423.41336552337907,5.1974664216282305,14.201358561223664,80.60117501714811
423.6535797945769,5.197462740665748,14.201360532975546,80.6011767263587
423.8937955613768,5.1974590566038845,14.201362506385479,80.60117843701063
424.1340128250575,5.197455369442142,14.201364481453723,80.60118014910414
424.3742315868975,5.197451679180028,14.201366458180553,80.60118186263942
424.6144518481761,5.197447985817046,14.201368436566222,80.60118357761674
424.85467361017203,5.197444289352705,14.201370416611,80.6011852940363
425.09489687416516,5.197440589786512,14.201372398315145,80.60118701189835
425.335121641435,5.197436887117976,14.20137438167892,80.6011887312031
425.5753479132619,5.1974331813466055,14.201376366702595,80.6011904519508
425.81557569092587,5.197429472471914,14.201378353386417,80.60119217414167
426.0558049757074,5.197425760493409,14.201380341730657,80.60119389777594
426.2960357688873,5.197422045410604,14.201382331735568,80.60119562285382
426.53626807174635,5.197418327223014,14.20138432340142,80.60119734937557
426.776501885566,5.197414605930149,14.201386316728462,80.60119907734139
427.01673721162746,5.197410881531529,14.20138831171696,80.6012008067515
427.25697405121264,5.197407154026667,14.201390308367165,80.60120253760617
427.4972124056035,5.197403423415079,14.201392306679345,80.60120426990558
427.7374522760822,5.197399689696284,14.20139430665375,80.60120600364998
427.97769366393135,5.197395952869799,14.20139630829064,80.60120773883956
428.2179365704333,5.197392212935145,14.20139831159027,80.60120947547459
428.4581809968714,5.19738846989184,14.201400316552895,80.60121121355527
428.7003706399057,5.197384693406237,14.20140233942671,80.60121296716704
428.9425618267708,5.1973809137605524,14.201404363991035,80.60121472224841
429.18475455877893,5.197377130954297,14.20140639024613,80.60121647879957
429.4269488372425,5.1973733449869846,14.201408418192255,80.60121823682076
429.6691446634742,5.1973695558581285,14.201410447829671,80.6012199963122
429.9113420387866,5.197365763567243,14.201412479158634,80.60122175727412
430.1535409644929,5.197361968113842,14.201414512179406,80.60122351970675
430.3957414419067,5.197358169497442,14.201416546892245,80.60122528361032
430.63794347234153,5.197354367717559,14.201418583297409,80.60122704898502
430.880147057111,5.197350562773712,14.201420621395153,80.60122881583113
431.1223521975296,5.197346754665419,14.201422661185736,80.60123058414884
431.3645588949112,5.197342943392198,14.201424702669415,80.60123235393839
431.606767150571,5.197339128953571,14.201426745846446,80.60123412519998
431.8489769658234,5.197335311349058,14.201428790717083,80.60123589793386
432.0911883419838,5.197331490578183,14.201430837281581,80.60123767214023
432.3334012803674,5.197327666640468,14.201432885540195,80.60123944781934
432.5756157822899,5.197323839535436,14.201434935493179,80.60124122497139
432.8178318490671,5.197320009262612,14.20143698714079,80.60124300359661
433.0600494820148,5.197316175821525,14.201439040483274,80.60124478369521
433.30226868244984,5.197312339211697,14.201441095520892,80.60124656526742
433.54448945168843,5.197308499432659,14.20144315225389,80.60124834831345
433.78671179104765,5.197304656483938,14.20144521068252,80.60125013283354
434.0289357018443,5.197300810365063,14.201447270807035,80.6012519188279
434.271161185396,5.197296961075565,14.20144933262769,80.60125370629675
434.5133882430202,5.197293108614975,14.201451396144726,80.6012554952403
434.7556168760345,5.197289252982825,14.201453461358401,80.60125728565876
434.9978470857572,5.197285394178649,14.20145552826896,80.60125907755238
435.2420251273639,5.197281501146774,14.201457613510865,80.60126088534236
435.48620477034143,5.197277604890795,14.201459700477518,80.60126269463169
435.73038601603764,5.197273705410237,14.201461789169162,80.6012645054206
435.97456886580096,5.1972698027046285,14.201463879586058,80.60126631770932
436.2187533209791,5.197265896773494,14.201465971728453,80.60126813149805
436.46293938292104,5.19726198761636,14.201468065596599,80.60126994678704
436.7071270529758,5.1972580752327575,14.201470161190755,80.60127176357649
436.95131633249235,5.197254159622212,14.201472258511163,80.60127358186662
437.1955072228199,5.197250240784258,14.201474357558084,80.60127540165766
437.43969972530795,5.197246318718423,14.201476458331758,80.60127722294982
437.6838938413064,5.19724239342424,14.20147856083244,80.60127904574333
437.92808957216556,5.197238464901242,14.201480665060382,80.60128087003837
438.17228691923543,5.197234533148965,14.201482771015824,80.60128269583521
438.41648588386636,5.197230598166939,14.201484878699022,80.60128452313404
438.66068646740945,5.197226659954704,14.201486988110226,80.60128635193506
438.9048886712159,5.197222718511795,14.201489099249676,80.60128818223853
439.1490924966367,5.19721877383775,14.20149121211762,80.60129001404464
439.39329794502356,5.197214825932106,14.20149332671431,80.60129184735358
439.6375050177283,5.197210874794403,14.201495443039985,80.6012936821656
439.8817137161029,5.1972069204241835,14.201497561094897,80.60129551848092
440.1259240414996,5.1972029628209855,14.201499680879284,80.60129735629972
440.37013599527097,5.1971990019843535,14.201501802393397,80.60129919562225
440.61434957876963,5.197195037913828,14.201503925637473,80.60130103644869
440.8585647933487,5.197191070608956,14.201506050611762,80.60130287877928
441.1027816403615,5.197187100069281,14.201508177316505,80.60130472261422
441.3470001211614,5.197183126294348,14.201510305751942,80.60130656795371
441.59122023710194,5.197179149283706,14.201512435918314,80.60130841479798
441.83739072797977,5.197175137251729,14.201514584840366,80.60131027790791
442.0835628794444,5.197171121930257,14.2015167355226,80.60131214254714
442.3297366928808,5.1971671033204405,14.20151888796369,80.60131400871586
442.57591216967273,5.197163081421281,14.201521042164405,80.60131587641432
442.8220893112049,5.19715905623232,14.201523198124995,80.60131774564269
443.06826811886197,5.197155027753096,14.201525355845698,80.6013196164012
443.31444859402967,5.197150995983155,14.201527515326765,80.60132148869008
443.5606307380929,5.197146960922039,14.20152967656843,80.60132336250953
443.8068145524374,5.197142922569293,14.201531839570947,80.60132523785977
444.053000038449,5.197138880924462,14.201534004334551,80.60132711474098
444.2991871975138,5.197134835987093,14.201536170859486,80.60132899315342
444.5453760310183,5.197130787756734,14.201538339145998,80.60133087309727
444.7915665403489,5.1971267362329305,14.201540509194322,80.60133275457275
445.03775872689243,5.197122681415236,14.2015426810047,80.60133463758005
445.2839525920362,5.197118623303197,14.201544854577373,80.60133652211942
445.5301481371675,5.197114561896366,14.20154702991258,80.60133840819105
445.77634536367367,5.197110497194295,14.201549207010567,80.60134029579513
446.02254427294264,5.197106429196538,14.201551385871564,80.6013421849319
446.2687448663626,5.197102357902648,14.201553566495809,80.60134407560155
446.5149471453219,5.1970982833121795,14.201555748883543,80.60134596780428
446.7611511112088,5.197094205424689,14.201557933035005,80.6013478615403
447.00735676541234,5.197090124239733,14.201560118950429,80.60134975680984
447.25356410932136,5.19708603975687,14.20156230663005,80.60135165361308
447.49977314432505,5.197081951975658,14.201564496074107,80.60135355195024
447.7459838718133,5.197077860895657,14.20156668728283,80.6013554518215
447.9921962931753,5.197073766516428,14.201568880256458,80.60135735322712
448.2384104098015,5.19706966883753,14.201571074995222,80.60135925616724
448.48657737636523,5.197065535333938,14.201573288919667,80.60136117574639
448.73474606443915,5.197061398477337,14.20157550463778,80.60136309688488
448.98291647544414,5.197057258267285,14.201577722149805,80.6013650195829
449.2310886108014,5.197053114703334,14.201579941455972,80.60136694384069
449.4792624719323,5.197048967785044,14.201582162556525,80.60136886965843
449.7274380602588,5.197044817511969,14.201584385451696,80.60137079703634
449.9756153772029,5.197040663883669,14.201586610141723,80.60137272597461
450.22379442418674,5.1970365068997015,14.201588836626838,80.60137465647345
450.4719752026328,5.197032346559626,14.201591064907278,80.60137658853309
450.7201577139639,5.197028182863007,14.201593294983283,80.60137852215371
450.9683419596028,5.197024015809401,14.20159552685508,80.60138045733551
451.216527940973,5.197019845398375,14.201597760522903,80.60138239407873
451.46471565949776,5.197015671629492,14.201599995986989,80.60138433238352
451.71290511660095,5.1970114945023145,14.201602233247565,80.60138627225012
451.9610963137063,5.197007314016411,14.201604472304865,80.60138821367873
452.2092892522382,5.197003130171348,14.201606713159123,80.60139015666952
452.4574839336212,5.19699894296669,14.201608955810565,80.60139210122274
452.7056803592793,5.196994752402009,14.201611200259428,80.60139404733856
452.95387853063784,5.196990558476874,14.201613446505934,80.60139599501719
453.202078449122,5.196986361190854,14.201615694550318,80.60139794425882
453.4502801161571,5.196982160543523,14.201617944392812,80.60139989506366
453.69848353316866,5.196977956534451,14.201620196033632,80.60140184743192
453.94668870158284,5.196973749163212,14.201622449473014,80.60140380136377
454.1948956228255,5.196969538429381,14.201624704711188,80.60140575685944
454.443104298323,5.196965324332535,14.201626961748376,80.60140771391909
454.6913147295018,5.196961106872247,14.201629220584802,80.60140967254294
454.94148040983373,5.196956852802727,14.2016314990266,80.60141164817067
455.19164787288884,5.196952595315811,14.201633779296502,80.60141362538769
455.4418171201254,5.196948334411072,14.201636061394737,80.60141560419419
455.69198815300194,5.196944070088079,14.201638345321532,80.60141758459038
455.9421609729774,5.196939802346403,14.20164063107712,80.60141956657647
456.1923355815102,5.196935531185617,14.201642918661722,80.60142155015266
456.4425119800599,5.196931256605297,14.201645208075572,80.60142353531913
456.69269017008594,5.196926978605014,14.201647499318899,80.60142552207608
456.94287015304786,5.196922697184343,14.201649792391924,80.60142751042375
457.19305193040543,5.196918412342864,14.201652087294875,80.60142950036226
457.4432355036193,5.19691412408015,14.201654384027979,80.60143149189187
457.6934208741495,5.196909832395782,14.201656682591457,80.60143348501276
457.9436080434569,5.196905537289339,14.20165898298554,80.60143547972511
458.1937970130021,5.196901238760402,14.20166128521045,80.60143747602915
458.4439877842464,5.196896936808551,14.201663589266413,80.60143947392504
458.69418035865107,5.196892631433368,14.201665895153642,80.60144147341299
458.9443747376778,5.196888322634438,14.201668202872373,80.60144347449318
459.1945709223016,5.196884010411352,14.201670512422812,80.60144547716584
459.44476891495805,5.1968796947636795,14.201672823805197,80.60144748143112
459.69496871662295,5.196875375691014,14.201675137019745,80.60144948728924
459.9451703287586,5.196871053192943,14.201677452066669,80.60145149474039
460.19537375282795,5.196866727269056,14.201679768946192,80.60145350378475
460.4455789902937,5.196862397918941,14.201682087658538,80.60145551442253
460.6957860426193,5.196858065142188,14.201684408203924,80.60145752665389
460.9459949112685,5.196853728938389,14.201686730582564,80.60145954047904
461.19620559770453,5.196849389307136,14.20168905479468,80.60146155589818
461.448373871466,5.196845012274077,14.201691399036154,80.60146358868977
461.7005439908679,5.196840631759004,14.201693745140293,80.60146562310071
461.95271595740627,5.196836247761504,14.201696093107309,80.60146765913119
462.2048897725773,5.196831860281164,14.201698442937424,80.60146969678141
462.45706543787753,5.196827469317573,14.201700794630865,80.60147173605156
462.7092429548035,5.196823074870317,14.201703148187844,80.60147377694184
462.9614223248526,5.19681867693899,14.201705503608586,80.60147581945243
463.2136035495218,5.196814275523179,14.201707860893304,80.60147786358351
463.4657866303085,5.196809870622476,14.201710220042221,80.60147990933531
463.7179715687106,5.196805462236477,14.201712581055551,80.60148195670797
463.97015836622563,5.196801050364773,14.201714943933514,80.60148400570172
464.2223470243521,5.196796635006959,14.20171730867632,80.60148605631672
464.4745375445881,5.196792216162631,14.201719675284194,80.60148810855317
464.7267299284324,5.196787793831388,14.201722043757345,80.60149016241127
464.9789241773839,5.1967833680128255,14.20172441409599,80.60149221789119
465.2311202929418,5.196778938706541,14.20172678630034,80.60149427499313
465.48331827660553,5.196774505912139,14.201729160370613,80.60149633371725
465.7355181298743,5.196770069629217,14.201731536307024,80.60149839406377
465.98771985424816,5.196765629857378,14.201733914109777,80.60150045603285
466.2399234512271,5.196761186596223,14.201736293779094,80.60150251962467
466.49212892231145,5.196756739845359,14.201738675315182,80.60150458483946
466.7443362690016,5.196752289604389,14.201741058718248,80.60150665167735
466.99654549279853,5.1967478358729196,14.201743443988512,80.60150872013857
467.2487565952032,5.196743378650557,14.201745831126175,80.60151079022326
467.50096957771655,5.1967389179369095,14.20174822013145,80.60151286193164
467.7531844418403,5.196734453731587,14.201750611004549,80.60151493526386
468.00735917393695,5.1967299513239595,14.201753022335229,80.60151702634082
468.2615358163244,5.196725445369501,14.201755435563241,80.60151911906726
468.5157143705372,5.196720935867814,14.201757850688784,80.60152121344339
468.7698948381096,5.196716422818507,14.20176026771208,80.60152330946941
469.024077220577,5.19671190622118,14.201762686633332,80.60152540714549
469.2782615194741,5.196707386075443,14.201765107452752,80.6015275064718
469.5324477363362,5.196702862380901,14.201767530170553,80.60152960744855
469.7866358726989,5.196698335137164,14.201769954786942,80.60153171007589
470.04082593009815,5.196693804343839,14.201772381302122,80.60153381435404
470.29501791006965,5.196689270000539,14.201774809716314,80.60153592028314
470.54921181414994,5.196684732106873,14.201777240029717,80.60153802786341
470.8034076438752,5.196680190662455,14.201779672242537,80.601540137095
471.0576054007823,5.1966756456668985,14.201782106354987,80.6015422479781
471.3118050864081,5.196671097119815,14.201784542367268,80.60154436051292
471.56600670229005,5.1966665450208245,14.201786980279588,80.60154647469959
471.8202102499654,5.196661989369539,14.201789420092148,80.60154859053831
472.0744157309718,5.196657430165579,14.201791861805157,80.60155070802925
472.328623146847,5.196652867408562,14.201794305418819,80.60155282717261
472.58283249912927,5.196648301098106,14.20179675093333,80.60155494796857
472.8370437893571,5.196643731233834,14.2017991983489,80.60155707041726
473.0912570190688,5.196639157815368,14.201801647665729,80.6015591945189
473.34547218980333,5.1966345808423275,14.201804098884024,80.60156132027365
473.59968930309964,5.196630000314339,14.201806552003973,80.60156344768168
473.853908360497,5.196625416231027,14.201809007025787,80.60156557674318
474.10812936353517,5.196620828592015,14.201811463949666,80.60156770745832
474.36431244816174,5.19661620197012,14.201813941748698,80.60156985628119
474.620497507931,5.1966115717367884,14.201816421479615,80.6015720067836
474.8766845444165,5.196606937891641,14.20181890314261,80.60157415896575
475.13287355919135,5.196602300434299,14.201821386737887,80.60157631282782
475.3890645538292,5.196597659364388,14.201823872265651,80.60157846836996
475.64525752990346,5.196593014681529,14.201826359726097,80.60158062559238
475.90145248898824,5.196588366385346,14.20182884911943,80.60158278449524
476.1576494326577,5.196583714475468,14.201831340445844,80.60158494507868
476.4138483624864,5.196579058951517,14.20183383370555,80.60158710734294
476.670049280049,5.196574399813125,14.20183632889874,80.60158927128813
476.92625218692035,5.196569737059918,14.201838826025611,80.60159143691448
477.18245708467555,5.196565070691527,14.201841325086365,80.60159360422212
477.4386639748897,5.1965604007075825,14.201843826081193,80.60159577321122
477.6948728591389,5.196555727107718,14.201846329010293,80.60159794388198
477.95108373899865,5.196551049891564,14.20184883387387,80.60160011623456
478.2072966160451,5.1965463690587566,14.20185134067211,80.60160229026914
478.46351149185455,5.1965416846089285,14.201853849405211,80.60160446598586
478.7197283680037,5.1965369965417185,14.20185636007337,80.60160664338491
478.9759472460689,5.196532304856762,14.201858872676777,80.60160882246646
479.23216812762746,5.196527609553698,14.201861387215626,80.60161100323067
479.4883910142565,5.196522910632167,14.201863903690112,80.60161318567772
479.7446159075331,5.196518208091806,14.201866422100423,80.60161536980776
480.00084280903536,5.196513501932259,14.201868942446758,80.60161755562099
480.25707172034106,5.1965087921531685,14.201871464729301,80.60161974311752
480.5133026430284,5.1965040787541765,14.201873988948247,80.60162193229758
480.76953557867563,5.196499361734928,14.20187651510378,80.6016241231613
481.0277327710269,5.196494604916874,14.201879062570951,80.60162633251218
481.2859320066993,5.196489844422247,14.201881612004843,80.60162854357291
481.54413328730527,5.196485080250691,14.201884163405639,80.60163075634367
481.80233661445754,5.196480312401844,14.201886716773535,80.60163297082462
482.06054198976915,5.196475540875352,14.201889272108719,80.60163518701593
482.31874941485313,5.196470765670854,14.20189182941139,80.60163740491775
482.5769588913231,5.196465986787998,14.201894388681726,80.60163962453028
482.8351704207926,5.196461204226426,14.201896949919929,80.60164184585365
483.0933840048754,5.196456417985786,14.201899513126182,80.60164406888804
483.35159964518584,5.196451628065724,14.201902078300671,80.60164629363359
483.6098173433378,5.196446834465887,14.20190464544359,80.60164852009052
483.86803710094625,5.196442037185927,14.20190721455512,80.60165074825896
484.12625891962585,5.196437236225495,14.201909785635456,80.60165297813904
484.3844828009917,5.196432431584239,14.201912358684776,80.60165520973098
484.642708746659,5.196427623261815,14.20191493370327,80.60165744303491
484.9009367582432,5.196422811257875,14.201917510691125,80.60165967805099
485.1591668373599,5.196417995572075,14.201920089648521,80.6016619147794
485.417398985625,5.19641317620407,14.201922670575645,80.60166415322028
485.67563320465507,5.196408353153516,14.20192525347268,80.6016663933738
485.93386949606617,5.196403526420071,14.201927838339804,80.60166863524012
486.1921078614749,5.1963986960033965,14.201930425177208,80.60167087881939
486.45034830249824,5.196393861903151,14.201933013985071,80.60167312411177
486.7085908207533,5.196389024118994,14.201935604763566,80.60167537111744
486.9668354178569,5.19638418265059,14.201938197512886,80.60167761983652
487.225082095427,5.196379337497603,14.201940792233202,80.6016798702692
487.4852951431294,5.196374451750614,14.201943408690546,80.60168213955883
487.7455103025121,5.196369562262163,14.201946027149315,80.60168441058852
488.00572757522764,5.196364669031907,14.201948647609694,80.6016866833584
488.26594696292824,5.196359772059511,14.201951270071856,80.60168895786863
488.5261684672666,5.196354871344633,14.20195389453599,80.60169123411937
488.7863920898957,5.196349966886937,14.201956521002277,80.60169351211078
489.046617832469,5.196345058686087,14.201959149470888,80.60169579184301
489.3068456966393,5.196340146741744,14.201961779942012,80.60169807331624
489.5670756840606,5.196335231053579,14.20196441241582,80.6017003565306
489.82730779638723,5.196330311621254,14.2019670468925,80.60170264148626
490.0875420352725,5.196325388444438,14.201969683372221,80.60170492818334
490.3477784023715,5.196320461522801,14.201972321855164,80.60170721662203
490.6080168993382,5.196315530856014,14.201974962341502,80.6017095068025
490.86825752782744,5.196310596443745,14.201977604831415,80.60171179872484
491.1285002894942,5.196305658285668,14.201980249325075,80.60171409238926
491.3887451859938,5.196300716381455,14.201982895822663,80.60171638779589
491.64899221898173,5.196295770730782,14.201985544324344,80.60171868494488
491.9092413901136,5.196290821333325,14.201988194830296,80.60172098383637
492.1694927010452,5.196285868188759,14.201990847340696,80.60172328447055
492.4297461534327,5.196280911296762,14.201993501855709,80.60172558684752
492.6900017489324,5.196275950657012,14.201996158375513,80.60172789096748
492.950259489201,5.196270986269189,14.201998816900272,80.60173019683054
493.21051937589505,5.196266018132976,14.202001477430166,80.60173250443687
493.47078141067146,5.196261046248052,14.20200413996536,80.60173481378658
493.73104559518765,5.196256070614101,14.20200680450602,80.60173712487988
493.9932782173414,5.196251053583863,14.202009491212891,80.60173945520324
494.25551302131714,5.1962460327471645,14.202012179955961,80.60174178729687
494.51775000880724,5.196241008103688,14.202014870735391,80.60174412116092
494.77998918150513,5.196235979653113,14.202017563551356,80.60174645679552
495.04223054110355,5.196230947395123,14.202020258404021,80.60174879420086
495.30447408929547,5.196225911329401,14.202022955293565,80.60175113337704
495.5667198277744,5.196220871455629,14.202025654220146,80.60175347432423
495.8289677582344,5.196215827773494,14.202028355183943,80.60175581704256
496.09121788236934,5.196210780282679,14.202031058185117,80.60175816153222
496.35347020187317,5.196205728982875,14.20203376322384,80.60176050779329
496.61572471844073,5.196200673873768,14.202036470300271,80.60176285582597
496.87798143376637,5.196195614955048,14.202039179414589,80.60176520563036
497.1402403495448,5.196190552226405,14.202041890566946,80.60176755720664
497.4025014669661,5.196185485687542,14.20204460375751,80.60176991055495
497.6647647887358,5.196180415338128,14.202047318986455,80.60177226567542
497.9270303160441,5.196175341177874,14.202050036253933,80.60177462256819
498.18929805058696,5.196170263206468,14.202052755560116,80.60177698123341
498.4515679940599,5.196165181423609,14.202055476905166,80.60177934167123
498.7138401481596,5.196160095828995,14.202058200289239,80.60178170388177
498.97611451458204,5.196155006422322,14.202060925712498,80.60178406786518
499.238391095024,5.196149913203292,14.202063653175106,80.6017864336216
499.5006698911822,5.196144816171603,14.202066382677225,80.60178880115117
499.7629509047537,5.196139715326958,14.20206911421901,80.60179117045404
500.0252341374356,5.196134610669061,14.202071847800621,80.60179354153033
500.2875195909255,5.196129502197612,14.20207458342222,80.60179591438018
500.55177550632106,5.196124351520614,14.202077341642946,80.60179830683644
500.81603367549036,5.196119196972089,14.202080101934673,80.60180070109324
501.0802941001672,5.19611403855174,14.202082864297557,80.60180309715071
501.3445567820852,5.196108876259271,14.202085628731759,80.60180549500897
501.608821722978,5.196103710094384,14.202088395237439,80.60180789466817
501.87308892458043,5.196098540056783,14.202091163814751,80.60181029612846
502.1373583886263,5.196093366146174,14.202093934463855,80.60181269938997
502.4016301168505,5.196088188362263,14.202096707184914,80.60181510445283
502.66590411098764,5.196083006704757,14.202099481978076,80.60181751131717
502.9301803727727,5.196077821173365,14.202102258843501,80.60181991998313
503.1944589039411,5.196072631767798,14.202105037781344,80.60182233045086
503.45873970622813,5.1960674384877645,14.202107818791756,80.60182474272048
503.7230227813693,5.19606224133298,14.202110601874898,80.60182715679211
503.9873081311005,5.1960570402479505,14.202113387061999,80.60182957269005
504.2515957571822,5.19605183527047,14.202116174331714,80.60183199039781
504.51588566135774,5.196046626406877,14.202118963680462,80.60183440991267
504.7801778453685,5.196041413655984,14.202121755108896,80.60183683123512
505.04447231095617,5.19603619701662,14.20212454861764,80.60183925436574
505.30876905986287,5.196030976487631,14.202127344207327,80.60184167930504
505.57306809383164,5.196025752067889,14.202130141878563,80.60184410605355
505.837369414606,5.196020523756293,14.202132941631945,80.60184653461177
506.10167302393,5.196015291551779,14.202135743468041,80.60184896498018
506.36597892354825,5.196010055453318,14.202138547387404,80.60185139715928
506.6302871152058,5.196004815459925,14.202141353390562,80.60185383114951
506.89656773755826,5.195999532454479,14.202144182424597,80.60185628512092
507.1628506858091,5.1959942454940125,14.202147013574576,80.6018587409314
507.42913596174066,5.195988954577654,14.202149846840953,80.60186119858139
507.69542356713663,5.195983659704582,14.20215268222417,80.60186365807125
507.96171350378063,5.195978360874016,14.202155519724638,80.60186611940135
508.22800577345674,5.195973058085227,14.20215835934274,80.60186858257204
508.4943003779499,5.195967751337525,14.20216120107884,80.60187104758363
508.76059731904496,5.195962440630273,14.202164044933276,80.60187351443645
509.02689659852746,5.1959571259628685,14.202166890906359,80.60187598313078
509.29319821818336,5.195951807334751,14.202169738998382,80.60187845366687
509.5595021797986,5.195946484745402,14.202172589209617,80.60188092604498
509.8258084851593,5.195941158194337,14.202175441540316,80.60188340026535
510.09211713605276,5.195935827681106,14.20217829599071,80.60188587632818
510.3584281342659,5.195930493205292,14.202181152561016,80.6018883542337
510.62474148158594,5.195925154766509,14.202184011251436,80.60189083398205
510.8910571798006,5.195919812364397,14.202186872062153,80.60189331557345
511.1573752306977,5.195914465998625,14.202189734993334,80.60189579900803
511.42369563606513,5.195909115668885,14.20219260004514,80.60189828428598
511.6900183976915,5.19590376137489,14.20219546721772,80.60190077140739
511.95634351736544,5.195898403116376,14.202198336511202,80.60190326037242
512.2226709968754,5.195893040893098,14.202201207925716,80.60190575118118
512.4890008380106,5.195887674704826,14.202204081461375,80.6019082438338
512.7553330425599,5.195882304551345,14.202206957118285,80.60191073833036
513.0216676123131,5.19587693043246,14.202209834896557,80.60191323467099
513.2880045490595,5.195871552347983,14.20221271479627,80.60191573285574
513.5543438545889,5.19586617029774,14.202215596817524,80.60191823288474
513.8226575514223,5.195860744373764,14.20221850233049,80.60192075329574
514.09097365133,5.195855314424843,14.202221409996643,80.60192327557851
514.359292157168,5.1958498804508135,14.202224319816064,80.60192579973312
514.627613070249,5.195844442451543,14.20222723178882,80.60192832575963
514.8959363924006,5.195839000426898,14.202230145914967,80.60193085365813
515.1642621254501,5.195833554376755,14.202233062194583,80.60193338342866
515.4325902712255,5.195828104300988,14.20223598062772,80.6019359150713
515.7009208315549,5.195822650199481,14.20223890121444,80.60193844858607
515.9692538082658,5.1958171920721234,14.2022418239548,80.60194098397308
516.2375892031866,5.1958117299188045,14.202244748848855,80.60194352123233
516.5059270181458,5.195806263739419,14.202247675896656,80.60194606036393
516.774267254972,5.1958007935338655,14.202250605098254,80.60194860136788
517.0426099154935,5.195795319302043,14.202253536453705,80.60195114424425
517.3109550015392,5.195789841043851,14.202256469963048,80.6019536889931
517.5793025149385,5.195784358759195,14.202259405626345,80.60195623561445
517.8476524575199,5.195778872447981,14.202262343443639,80.60195878410839
518.1160048311125,5.195773382110114,14.202265283414972,80.60196133447491
518.3843596375463,5.195767887745504,14.2022682255404,80.6019638867141
518.6527168786503,5.195762389354854,14.202271169819184,80.60196644082596
518.9210765562539,5.19575688693567,14.202274116253719,80.60196899681061
519.1894386721874,5.195751380490276,14.202277064841699,80.60197155466803
519.4578032282807,5.195745870017774,14.202280015583957,80.60197411439827
519.7261702263637,5.195740355518073,14.202282968480537,80.6019766760014
519.9945396682666,5.195734836991085,14.202285923531491,80.60197923947743
520.2629115558198,5.195729314436721,14.202288880736857,80.60198180482642
520.5312858908536,5.195723787854889,14.202291840096686,80.60198437204842
520.799662675199,5.195718257245501,14.202294801611027,80.60198694114347
521.0680419106865,5.195712722608468,14.20229776527992,80.60198951211161
521.3383974945392,5.195707143178456,14.202300752932215,80.60199210388933
521.6087555653439,5.1957015596612335,14.20230374277093,80.60199469756783
521.8791161249693,5.195695972056711,14.202306734796109,80.60199729314719
522.1494791752842,5.195690380364799,14.202309729007798,80.6019998906274
522.4198447181573,5.195684784585403,14.202312725406047,80.60200249000854
522.6902127554581,5.19567918471843,14.202315723990905,80.60200509129066
522.9605832890556,5.1956735807637875,14.202318724762419,80.60200769447378
523.2309563208198,5.195667972721383,14.202321727720646,80.60201029955797
523.5013318526194,5.195662360591122,14.202324732865623,80.60201290654325
523.7717098863245,5.195656744372909,14.202327740197408,80.60201551542968
524.0420904238049,5.195651124066652,14.20233074971605,80.6020181262173
524.3124734669308,5.195645499672255,14.202333761421595,80.60202073890615
524.5828590175721,5.1956398711896234,14.2023367753141,80.60202335349628
524.8532470775995,5.195634238618663,14.202339791393609,80.60202596998774
525.1236376488829,5.195628601959275,14.202342809660173,80.60202858838055
525.394030733293,5.195622961211368,14.202345830113847,80.60203120867479
525.6644263327009,5.195617316374843,14.202348852754682,80.60203383087048
525.9348244489771,5.195611667449605,14.202351877582725,80.60203645496766
526.2052250839927,5.195606014435558,14.202354904598028,80.60203908096642
526.4756282391013,5.195600357332615,14.202357933800638,80.60204170886675
526.7460339172095,5.195594696140657,14.20236096519062,80.60204433866872
527.0164421196712,5.195589030859599,14.202363998768014,80.60204697037238
527.2868528483577,5.195583361489345,14.202367034532879,80.60204960397778
527.5572661051416,5.195577688029795,14.202370072485259,80.60205223948495
527.8276818918937,5.195572010480854,14.202373112625214,80.60205487689393
528.0981002104871,5.195566328842423,14.20237615495279,80.6020575162048
528.3685210627935,5.195560643114405,14.202379199468043,80.60206015741755
528.6389444506855,5.195554953296703,14.202382246171025,80.60206280053227
528.9093703760353,5.195549259389219,14.20238529506178,80.602065445549
529.1817745917864,5.195543519732597,14.202388368447421,80.60206811181997
529.4541813818515,5.195537775926103,14.202391444052997,80.60207078002091
529.7265907481418,5.195532027969636,14.202394521878544,80.60207345015182
529.9990026925684,5.1955262758631005,14.202397601924122,80.60207612221278
530.271417217043,5.195520519606394,14.202400684189783,80.60207879620383
530.543834323477,5.19551475919942,14.20240376867558,80.602081472125
530.816254013782,5.195508994642078,14.202406855381566,80.60208414997636
531.0886762898697,5.195503225934268,14.202409944307792,80.60208682975794
531.3611011536525,5.195497453075894,14.202413035454317,80.60208951146979
531.6335286070423,5.195491676066853,14.202416128821186,80.60209219511196
531.9059586519516,5.1954858949070495,14.202419224408459,80.60209488068449
532.1783912902928,5.195480109596384,14.202422322216185,80.60209756818743
532.4508265239789,5.195474320134759,14.202425422244419,80.60210025762082
532.7232643549223,5.195468526522076,14.202428524493211,80.60210294898471
532.9957047850362,5.195462728758236,14.202431628962616,80.60210564227914
533.2681478162334,5.195456926843142,14.202434735652684,80.60210833750418
533.5405934499067,5.19545112077671,14.202437844563462,80.60211103465983
533.8130416890109,5.195445310558818,14.202440955695014,80.60211373374617
534.0854925349387,5.195439496189381,14.20244406904739,80.60211643476323
534.357945989604,5.195433677668304,14.202447184620635,80.60211913771106
534.6304020549206,5.195427854995489,14.202450302414803,80.6021218425897
534.9028607328029,5.195422028170843,14.20245342242995,80.6021245493992
535.1753220251645,5.195416197194266,14.202456544666124,80.60212725813962
535.4477859339199,5.195410362065669,14.202459669123375,80.60212996881096
535.7202524609838,5.195404522784953,14.20246279580175,80.6021326814133
535.9927216082708,5.195398679352025,14.202465924701313,80.60213539594666
536.2651933776955,5.1953928317667915,14.202469055822101,80.6021381124111
536.5376677711731,5.195386980029158,14.202472189164169,80.60214083080668
536.8101447906186,5.195381124139033,14.20247532472757,80.6021435511334
537.0826244379471,5.195375264096323,14.20247846251235,80.60214627339133
537.355106715074,5.195369399900938,14.20248160251856,80.6021489975805
537.6295692299536,5.19536348893233,14.202484767567494,80.60215174350019
537.9040344126025,5.195357573750449,14.202487934870284,80.60215449137927
538.178502264976,5.195351654355209,14.202491104426961,80.60215724121782
538.4529727890288,5.195345730746518,14.202494276237584,80.6021599930159
538.7274459867156,5.195339802924283,14.202497450302195,80.60216274677352
539.0019218599913,5.195333870888417,14.20250062662085,80.60216550249073
539.2764004108118,5.195327934638827,14.202503805193592,80.60216826016759
539.5508816411324,5.195321994175422,14.202506986020472,80.6021710198041
539.8253655529084,5.195316049498116,14.202510169101537,80.60217378140034
540.0998521480955,5.195310100606819,14.202513354436835,80.60217654495634
540.3743414286499,5.195304147501443,14.202516542026416,80.60217931047214
540.6488333965277,5.195298190181901,14.202519731870321,80.60218207794779
540.9233280536848,5.195292228648107,14.202522923968605,80.60218484738328
541.1978254020779,5.195286262899974,14.202526118321313,80.60218761877871
541.4723254436632,5.195280292937417,14.202529314928483,80.6021903921341
541.7468281803974,5.19527431876035,14.202532513790173,80.60219316744947
542.0213336142375,5.19526834036869,14.20253571490642,80.60219594472488
542.2958417471406,5.195262357762354,14.202538918277268,80.60219872396037
542.5703525810634,5.195256370941256,14.20254212390277,80.60220150515597
542.8448661179635,5.1952503799053185,14.202545331782964,80.60220428831173
543.1193823597985,5.195244384654455,14.202548541917896,80.60220707342765
543.3939013085254,5.195238385188588,14.20255175430761,80.6022098605038
543.6684229661025,5.195232381507637,14.20255496895215,80.60221264954022
543.9429473344876,5.19522637361152,14.202558185851554,80.60221544053692
544.2174744156387,5.195220361500162,14.202561405005875,80.60221823349396
544.492004211514,5.195214345173482,14.202564626415148,80.60222102841136
544.7665367240719,5.195208324631403,14.20256785007942,80.60222382528917
545.0430513280562,5.195202256405779,14.202571099273412,80.60222664432081
545.3195686877276,5.195196183903687,14.202574350755073,80.60222946534124
545.5960888050844,5.195190107125056,14.20257760452444,80.6022322883505
545.8726116821249,5.195184026069807,14.202580860581548,80.60223511334864
546.1491373208479,5.195177940737868,14.202584118926447,80.60223794033568
546.4256657232518,5.195171851129165,14.20258737955917,80.60224076931166
546.7021968913353,5.195165757243624,14.202590642479759,80.60224360027661
546.9787308270978,5.19515965908117,14.20259390768826,80.60224643323058
547.2552675325384,5.195153556641733,14.202597175184707,80.60224926817357
547.5318070096564,5.1951474499252415,14.20260044496913,80.60225210510563
547.8083492604512,5.195141338931624,14.202603717041578,80.6022549440268
548.0848942869226,5.195135223660814,14.202606991402092,80.6022577849371
548.3614420910701,5.19512910411274,14.2026102680507,80.60226062783656
548.6379926748938,5.195122980287335,14.202613546987445,80.60226347272523
548.9145460403938,5.195116852184532,14.202616828212358,80.60226631960312
549.1911021895702,5.195110719804265,14.20262011172548,80.60226916847026
549.4676611244233,5.195104583146468,14.202623397526848,80.60227201932668
549.744222846954,5.195098442211076,14.202626685616494,80.60227487217243
550.0207873591629,5.195092296998026,14.202629975994451,80.60227772700752
550.2993356484772,5.19508610342955,14.202633292261577,80.60228060430887
550.5778867673182,5.1950799055218795,14.20263661084994,80.60228348362818
550.8564407177273,5.195073703274961,14.202639931759563,80.60228636496547
551.1349975017457,5.19506749668873,14.202643254990486,80.60228924832077
551.4135571214148,5.195061285763127,14.202646580542739,80.60229213369414
551.6921195787763,5.195055070498094,14.202649908416356,80.60229502108555
551.970684875872,5.195048850893571,14.202653238611369,80.60229791049507
552.2492530147438,5.1950426269494985,14.202656571127806,80.6023008019227
552.5278239974336,5.195036398665822,14.202659905965707,80.60230369536848
552.8063978259843,5.195030166042485,14.202663243125087,80.60230659083243
553.0849745024378,5.195023929079431,14.202666582605996,80.60230948831457
553.3635540288369,5.195017687776607,14.202669924408449,80.60231238781495
553.642136407224,5.19501144213396,14.20267326853248,80.60231528933356
553.9207216396425,5.195005192151436,14.202676614978122,80.60231819287044
554.1993097281348,5.194998937829928,14.202679963744473,80.6023210984256
554.4779006747438,5.194992679166545,14.202683314834342,80.60232400599912
554.7564944815139,5.194986416164089,14.202686668244969,80.60232691559095
555.03707368446,5.194980104191641,14.202690047873553,80.60232984793481
555.3176557882192,5.194973787817172,14.202693429856994,80.60233278232583
555.5982407948757,5.194967467040641,14.202696814195315,80.60233571876405
555.8788287065141,5.194961141862001,14.20270020088854,80.60233865724946
556.1594195252194,5.194954812281206,14.202703589936693,80.6023415977821
556.4400132530761,5.194948478298212,14.202706981339801,80.602344540362
556.7206098921693,5.194942139912974,14.20271037509789,80.60234748498914
557.0012094445843,5.194935797125449,14.20271377121098,80.60235043166357
557.2818119124065,5.194929449935599,14.202717169679097,80.60235338038531
557.5624172977211,5.194923098343379,14.202720570502262,80.60235633115435
557.843025602614,5.194916742348752,14.202723973680495,80.60235928397074
558.1236368291708,5.1949103819516775,14.202727379213819,80.6023622388345
558.4042509794779,5.19490401715212,14.202730787102263,80.60236519574562
558.6848680556205,5.1948976479500395,14.202734197345832,80.60236815470412
558.9654880596855,5.1948912743454025,14.20273760994456,80.60237111571004
559.2461109937593,5.194884896338174,14.202741024898463,80.60237407876336
559.5287208945131,5.194878468773629,14.202744466384528,80.60237706484185
559.8113337667161,5.194872036744046,14.202747910259184,80.60238005299676
560.0939496124962,5.1948656002494,14.202751356522434,80.60238304322816
560.376568433982,5.194859159289658,14.202754805174294,80.60238603553604
560.6591902333017,5.194852713864791,14.202758256214787,80.60238902992042
560.9418150120472,5.1948462639747826,14.20276170964392,80.6023920263813
561.2244427734205,5.194839809619579,14.202765165461722,80.6023950249187
561.5070735190137,5.194833350799167,14.202768623668202,80.60239802553262
561.7897072509562,5.194826887513519,14.202772084263374,80.60240102822311
562.0723439713767,5.19482041976261,14.202775547247255,80.60240403299014
562.3549836824046,5.194813947546419,14.202779012619857,80.60240703983372
562.6376263861694,5.1948074708649195,14.20278248038119,80.6024100487539
562.9202720848007,5.194800989718092,14.202785950531274,80.60241305975063
563.2029207804283,5.194794504105916,14.202789423070113,80.60241607282397
563.485572475182,5.19478801402837,14.202792897997723,80.60241908797391
563.7682271711919,5.194781519485438,14.202796375314117,80.60242210520045
564.0508848705883,5.194775020477099,14.202799855019299,80.6024251245036
564.3335455755011,5.194768517003339,14.202803337113284,80.60242814588338
564.6181948261732,5.1947619633188316,14.202806846089027,80.60243119059214
564.9028471246548,5.194755405106015,14.202810357487216,80.60243423740675
565.187502473119,5.1947488423648815,14.202813871307857,80.60243728632726
565.4721608737385,5.19474227509542,14.202817387550956,80.60244033735361
565.7568223286866,5.194735703297618,14.202820906216518,80.60244339048587
566.041486840136,5.194729126971468,14.202824427304552,80.60244644572398
566.3261544102601,5.19472254611696,14.202827950815061,80.60244950306799
566.6108250412321,5.194715960734085,14.20283147674806,80.60245256251785
566.8954987352258,5.194709370822837,14.20283500510354,80.60245562407363
567.1801754944149,5.194702776383211,14.20283853588151,80.60245868773528
567.464855320973,5.194696177415202,14.202842069081981,80.60246175350282
567.7495382170741,5.194689573918807,14.202845604704944,80.60246482137626
568.0342241848925,5.194682965894025,14.202849142750406,80.60246789135557
568.3189132266025,5.19467635334085,14.202852683218373,80.60247096344078
568.6036053443783,5.1946697362592875,14.202856226108842,80.60247403763186
568.8883005403943,5.194663114649336,14.202859771421817,80.60247711392886
569.1729988168258,5.194656488510997,14.202863319157291,80.60248019233171
569.457700175847,5.194649857844275,14.202866869315267,80.60248327284046
569.742404619633,5.194643222649174,14.20287042189575,80.60248635545508
570.027112150359,5.1946365829257,14.202873976898728,80.60248944017557
570.3138098182106,5.194629892271122,14.202877559168856,80.60249254856002
570.6005106162148,5.194623197024854,14.20288114389536,80.60249565907979
570.8872145465897,5.194616497186913,14.20288473107823,80.60249877173486
571.1739216115535,5.19460979275731,14.202888320717461,80.60250188652522
571.4606318133243,5.194603083736054,14.202891912813051,80.6025050034509
571.747345154121,5.194596370123161,14.20289550736499,80.60250812251185
572.0340616361623,5.1945896519186405,14.202899104373277,80.60251124370808
572.3207812616665,5.194582929122511,14.202902703837896,80.60251436703959
572.6075040328528,5.194576201734789,14.20290630575885,80.60251749250635
572.8942299519405,5.19456946975549,14.202909910136125,80.6025206201084
573.1809590211485,5.194562733184632,14.202913516969714,80.60252374984566
573.4676912421537,5.1945559920222495,14.202917126259601,80.60252688171815
573.7544266182608,5.194549246268335,14.202920738005789,80.60253001572588
574.0411651511467,5.194542495922927,14.202924352208262,80.60253315186881
574.3279068430312,5.194535740986046,14.202927968867007,80.60253629014696
574.6146516961339,5.194528981457715,14.202931587982013,80.60253943056027
574.9013997126752,5.194522217337962,14.202935209553269,80.60254257310876
575.1881508948753,5.194515448626813,14.202938833580761,80.60254571779242
575.4749052449546,5.194508675324296,14.202942460064472,80.60254886461124
575.761662765133,5.194501897430438,14.202946089004396,80.60255201356516
576.0484234576313,5.194495114945272,14.20294972040051,80.60255516465422
576.3371758749678,5.1944882807726795,14.202953379468411,80.60255833975891
576.625931508797,5.1944814419450465,14.202957041026606,80.60256151702835
576.9146903613832,5.194474598462414,14.202960705075075,80.60256469646251
577.2034524349909,5.194467750324818,14.202964371613788,80.6025678780614
577.4922177318845,5.194460897532293,14.202968040642736,80.60257106182497
577.7809862543285,5.194454040084881,14.202971712161903,80.60257424775321
578.0697580045871,5.194447177983664,14.202975386170232,80.6025774358461
578.3585329849254,5.194440311225531,14.202979062670796,80.60258062610367
578.6473111976095,5.19443343981369,14.202982741660481,80.60258381852583
578.9360926449033,5.1944265637471245,14.202986423140295,80.60258701311258
579.2248773290722,5.194419683025877,14.20299010711022,80.6025902098639
579.513665252382,5.194412797649993,14.20299379357023,80.60259340877978
579.802456417098,5.194405907619521,14.202997482520303,80.60259660986017
580.0912508254859,5.194399012934506,14.203001173960415,80.60259981310509
580.3800484798113,5.194392113594998,14.203004867890542,80.60260301851446
580.66884938234,5.194385209601045,14.203008564310654,80.6026062260883
580.9576535353381,5.194378300952703,14.203012263220732,80.60260943582657
581.2464609410719,5.194371387650019,14.203015964620747,80.60261264772923
581.5352716018074,5.19436446969305,14.203019668510667,80.6026158617963
581.8240855198113,5.194357547081848,14.203023374890469,80.60261907802769
582.1129026973501,5.194350619816471,14.203027083760125,80.6026222964234
582.4037131661946,5.194343640102991,14.203030820708545,80.60262553918847
582.6945269397207,5.1943366556712,14.203034560181136,80.60262878414767
582.9853440202397,5.194329666521163,14.203038302177855,80.60263203130098
583.2761644100624,5.194322672652946,14.203042046698675,80.60263528064839
583.5669881114993,5.194315674066612,14.20304579374356,80.60263853218983
583.8578151268621,5.194308670762223,14.203049543312481,80.60264178592529
584.1486454584619,5.194301662739847,14.203053295405402,80.60264504185474
584.43947910861,5.194294649999551,14.203057050022286,80.60264829997817
584.7303160796184,5.194287632541403,14.203060807163098,80.6026515602955
585.0211563737982,5.194280610365473,14.203064566827809,80.60265482280671
585.3119999934615,5.194273583471832,14.203068329016377,80.6026580875118
585.6028469409202,5.194266551860551,14.20307209372876,80.60266135441069
585.8936972184862,5.194259515531704,14.203075860964931,80.60266462350336
586.184550828472,5.194252474485365,14.203079630724847,80.60266789478978
586.4754077731894,5.1942454287216115,14.203083403008469,80.60267116826992
586.7662680549512,5.194238378240518,14.203087177815751,80.60267444394373
587.0571316760697,5.194231323042164,14.203090955146665,80.60267772181116
587.3479986388575,5.194224263126629,14.203094735001162,80.60268100187221
587.6388689456276,5.194217198493993,14.203098517379198,80.60268428412681
587.929742598693,5.194210129144338,14.203102302280737,80.60268756857492
588.2206196003665,5.194203055077748,14.203106089705736,80.60269085521652
588.5114999529615,5.1941959762943055,14.203109879654146,80.60269414405154
588.8043751641659,5.194188844265738,14.203113698107753,80.60269745762652
589.0972537724552,5.194181707455793,14.2031175191193,80.60270077342491
589.3901357801874,5.194174565864569,14.203121342688732,80.6027040914467
589.6830211897208,5.194167419492153,14.203125168816003,80.60270741169184
589.9759100034131,5.194160268338642,14.203128997501068,80.60271073416028
590.2688022236231,5.194153112404128,14.203132828743875,80.602714058852
590.5616978527092,5.194145951688705,14.203136662544377,80.60271738576692
590.8545968930301,5.194138786192473,14.203140498902522,80.602720714905
591.1474993469445,5.194131615915525,14.203144337818262,80.6027240462662
591.4404052168112,5.194124440857963,14.203148179291539,80.6027273798505
591.7333145049889,5.194117261019886,14.20315202332231,80.6027307156578
592.0262272138373,5.194110076401395,14.203155869910516,80.60273405368808
592.3191433457149,5.194102887002593,14.203159719056105,80.60273739394131
592.6120629029815,5.194095692823584,14.203163570759028,80.60274073641739
592.9049858879964,5.194088493864474,14.203167425019222,80.60274408111631
593.197912303119,5.194081290125366,14.20317128183664,80.60274742803799
593.4908421507089,5.194074081606373,14.203175141211219,80.60275077718241
593.7837754331263,5.194066868307599,14.203179003142907,80.60275412854949
594.0767121527308,5.194059650229156,14.203182867631647,80.6027574821392
594.3696523118824,5.194052427371155,14.203186734677375,80.60276083795146
594.6625959129411,5.194045199733709,14.203190604280042,80.60276419598624
594.9575359009418,5.194037918082104,14.20319450279936,80.60276757911853
595.2524793780149,5.194030631586148,14.203198403910347,80.6027709645035
595.5474263465663,5.194023340245962,14.203202307612928,80.60277435214111
595.8423768090017,5.194016044061669,14.203206213907043,80.60277774203128
596.1373307677268,5.1940087430333906,14.203210122792633,80.60278113417397
596.4322882251479,5.194001437161249,14.203214034269626,80.60278452856913
596.7272491836706,5.193994126445367,14.203217948337961,80.60278792521667
597.0222136457013,5.193986810885871,14.203221864997573,80.60279132411657
597.3171816136464,5.193979490482889,14.203225784248396,80.60279472526871
597.6121530899122,5.193972165236548,14.203229706090365,80.60279812867309
597.907128076905,5.193964835146976,14.203233630523403,80.60280153432961
598.2021065770314,5.193957500214306,14.203237557547457,80.60280494223824
598.4970885926982,5.193950160438668,14.20324148716245,80.60280835239888
598.7920741263125,5.193942815820196,14.203245419368308,80.6028117648115
599.0870631802812,5.193935466359023,14.203249354164967,80.60281517947601
599.3820557570112,5.193928112055286,14.203253291552356,80.60281859639235
599.6770518589095,5.193920752909122,14.203257231530406,80.60282201556048
599.9720514883834,5.193913388920667,14.203261174099039,80.6028254369803
600.2670546478404,5.193906020090063,14.203265119258186,80.60282886065175
600.5620613396878,5.193898646417449,14.203269067007767,80.6028322865748
600.8590659077923,5.1938912179901005,14.203273044070253,80.60283573793964
601.156074056439,5.193883784655457,14.203277023758115,80.60283919158643
601.4530857880814,5.193876346413672,14.203281006071261,80.60284264751508
601.7501011051731,5.193868903264899,14.203284991009621,80.60284610572548
602.0471200101682,5.193861455209283,14.203288978573111,80.6028495662176
602.3441425055204,5.193854002246979,14.203292968761655,80.60285302899138
602.6411685936835,5.193846544378139,14.203296961575177,80.60285649404668
602.938198277112,5.193839081602918,14.203300957013587,80.6028599613835
603.2352315582598,5.193831613921469,14.20330495507681,80.60286343100172
603.5322684395812,5.193824141333951,14.203308955764763,80.60286690290128
603.829308923531,5.193816663840523,14.203312959077358,80.60287037708211
604.1263530125633,5.193809181441343,14.203316965014517,80.60287385354414
604.4234007091329,5.193801694136571,14.203320973576156,80.60287733228726
604.7204520156944,5.193794201926371,14.203324984762192,80.60288081331144
605.0175069347026,5.193786704810905,14.203328998572534,80.60288429661657
605.3145654686126,5.1937792027903384,14.2033330150071,80.60288778220256
605.6116276198796,5.193771695864837,14.2033370340658,80.60289127006936
605.9086933909582,5.193764184034568,14.203341055748545,80.6028947602169
606.2057627843038,5.193756667299699,14.203345080055255,80.60289825264505
606.5028358023721,5.1937491456604,14.203349106985833,80.60290174735376
606.7999124476179,5.1937416191168415,14.203353136540192,80.60290524434296
607.0989884636479,5.193734037041561,14.203357195823187,80.60290876713525
607.398068156037,5.193726449996373,14.203361257765094,80.60291229223853
607.6971515272868,5.193718857981466,14.203365322365807,80.60291581965274
607.9962385799,5.193711260997022,14.203369389625234,80.60291934937774
608.2953293163786,5.1937036590432175,14.203373459543279,80.6029228814135
608.5944237392252,5.193696052120239,14.203377532119852,80.60292641575991
608.8935218509425,5.193688440228269,14.203381607354848,80.60292995241689
609.192623654033,5.193680823367494,14.203385685248177,80.60293349138433
609.4917291509992,5.1936732015381,14.203389765799734,80.60293703266217
609.790838344344,5.193665574740274,14.203393849009426,80.6029405762503
610.0899512365709,5.193657942974208,14.203397934877154,80.60294412214863
610.3890678301822,5.19365030624009,14.20340202340281,80.6029476703571
610.6881881276813,5.193642664538112,14.203406114586306,80.60295122087558
610.9873121315713,5.19363501786847,14.203410208427533,80.602954773704
611.2864398443556,5.193627366231356,14.20341430492639,80.60295832884225
611.5855712685376,5.193619709626966,14.203418404082772,80.60296188629026
611.8847064066206,5.193612048055497,14.20342250589658,80.60296544604793
612.1838452611083,5.19360438151715,14.203426610367709,80.60296900811514
612.4829878345041,5.193596710012122,14.20343071749605,80.60297257249182
612.7821341293122,5.193589033540615,14.203434827281502,80.60297613917788
613.0832812517895,5.1935813007894325,14.203438967195794,80.60297973201477
613.3844321458722,5.193573563005771,14.203443109802516,80.60298332719171
613.6855868141123,5.193565820189842,14.203447255101548,80.6029869247086
613.9867452590607,5.19355807234186,14.203451403092778,80.60299052456537
614.2879074832686,5.1935503194620365,14.203455553776106,80.60299412676186
614.5890734892873,5.193542561550584,14.203459707151406,80.602997731298
614.8902432796685,5.193534798607717,14.203463863218571,80.60300133817371
615.1914168569637,5.193527030633654,14.20346802197749,80.60300494738885
615.4925942237246,5.193519257628611,14.203472183428042,80.60300855894334
615.7937753825028,5.1935114795928055,14.20347634757012,80.60301217283707
616.0949603358498,5.19350369652646,14.203480514403605,80.60301578906993
616.3961490863179,5.193495908429796,14.203484683928377,80.60301940764182
616.6973416364589,5.193488115303032,14.203488856144325,80.60302302855264
616.998537988825,5.193480317146397,14.203493031051325,80.60302665180228
617.2997381459681,5.193472513960115,14.203497208649269,80.60303027739062
617.6009421104403,5.193464705744412,14.203501388938026,80.60303390531756
617.9021498847944,5.1934568924995155,14.203505571917482,80.603037535583
618.2033614715824,5.193449074225655,14.203509757587515,80.60304116818683
618.5045768733569,5.1934412509230645,14.20351394594801,80.60304480312892
618.8057960926703,5.193433422591972,14.203518136998833,80.6030484404092
619.109017581823,5.193425537229703,14.203522358580608,80.60305210418969
619.4122429397349,5.193417646772588,14.203526582888228,80.60305577033918
619.7154721690066,5.193409751220872,14.203530809921554,80.60305943885757
620.0187052722389,5.193401850574799,14.20353503968046,80.60306310974474
620.3219422520324,5.19339394483461,14.20353927216481,80.60306678300057
620.6251831109875,5.193386034000554,14.203543507374489,80.60307045862496
620.9284278517054,5.193378118072873,14.203547745309356,80.60307413661776
621.2316764767868,5.193370197051819,14.203551985969284,80.6030778169789
621.5349289888328,5.193362270937639,14.203556229354145,80.60308149970822
621.8381853904444,5.193354339730584,14.203560475463803,80.60308518480561
622.1414456842233,5.1933464034309065,14.203564724298126,80.60308887227097
622.44470987277,5.193338462038857,14.203568975856987,80.60309256210417
622.7479779586861,5.193330515554691,14.203573230140245,80.60309625430506
623.051249944573,5.193322563978666,14.20357748714777,80.60309994887356
623.3545258330322,5.193314607311037,14.20358174687942,80.60310364580954
623.657805626665,5.193306645552063,14.203586009335071,80.60310734511287
623.9610893280731,5.193298678702005,14.203590274514575,80.60311104678341
624.264376939858,5.1932907067611245,14.203594542417802,80.60311475082106
624.5676684646219,5.193282729729682,14.203598813044607,80.6031184572257
624.8709639049665,5.193274747607939,14.203603086394859,80.60312216599719
625.1762630436591,5.193266707700084,14.203607390680025,80.60312590161989
625.4815661501924,5.1932586626352455,14.203611697724325,80.60312963964043
625.7868732272166,5.193250612413709,14.203616007527597,80.6031333800587
626.0921842773821,5.193242557035748,14.203620320089705,80.60313712287454
626.3974993033397,5.1932344965016375,14.2036246354105,80.60314086808786
626.7028183077398,5.193226430811658,14.203628953489833,80.60314461569851
627.0081412932334,5.193218359966085,14.203633274327565,80.60314836570635
627.3134682624711,5.193210283965201,14.20363759792354,80.60315211811125
627.6187992181036,5.193202202809288,14.203641924277616,80.60315587291309
627.9241341627821,5.193194116498626,14.203646253389643,80.60315963011173
628.2294730991572,5.193186025033501,14.203650585259467,80.60316338970703
628.5348160298804,5.193177928414201,14.203654919886946,80.60316715169886
628.8401629576026,5.193169826641009,14.20365925727192,80.60317091608708
629.1455138849749,5.193161719714216,14.20366359741424,80.60317468287155
629.4508688146487,5.193153607634109,14.203667940313757,80.60317845205213
629.7562277492752,5.193145490400982,14.203672285970315,80.60318222362869
630.0615906915058,5.193137368015127,14.203676634383761,80.60318599760112
630.366957643992,5.193129240476836,14.203680985553937,80.60318977396923
630.6723286093851,5.193121107786404,14.20368533948069,80.6031935527329
630.9777035903365,5.193112969944129,14.20368969616387,80.60319733389201
631.285083685497,5.193104773557459,14.203694084187724,80.60320114225482
631.5924678495289,5.193096571951939,14.20369847500386,80.60320495304421
631.8998560851331,5.193088365127882,14.203702868612107,80.60320876626001
632.2072483950105,5.193080153085597,14.203707265012303,80.60321258190211
632.514644781862,5.193071935825393,14.203711664204285,80.60321639997032
632.8220452483886,5.1930637133475805,14.203716066187894,80.60322022046454
633.1294497972912,5.193055485655197,14.203720470961484,80.60322404338332
633.4368584312697,5.193047252768864,14.203724878513867,80.60322786871727
633.7442711530136,5.193039014684875,14.203729288847066,80.60323169646806
634.0516879652149,5.1930307713941355,14.203733701966016,80.60323552663985
634.35910887057,5.193022522900475,14.203738117868639,80.60323935923088
634.6665338717737,5.1930142691972305,14.20374253655857,80.6032431942442
634.9739629715245,5.193006010286426,14.20374695803471,80.60324703167886
635.2813961725199,5.192997746167242,14.203751382297511,80.60325087153525
635.5888334774578,5.192989476844994,14.203755809344088,80.60325471381091
635.8962748890342,5.192981202316278,14.2037602391763,80.60325855850743
636.2037204099469,5.192972922578792,14.2037646717954,80.60326240562581
636.5111700428944,5.1929646376327305,14.203769107201285,80.60326625516598
636.8186237905762,5.192956347478521,14.203773545393739,80.60327010712773
637.1280840319383,5.19294799808823,14.203778015296736,80.60327398661504
637.437548442361,5.192939643413454,14.203782488027217,80.60327786855933
637.7470170245977,5.192931283471766,14.203786963575643,80.6032817529526
638.0564897813929,5.192922918257522,14.203791441945087,80.60328563979739
638.3659667154952,5.192914547769651,14.203795923136145,80.6032895290942
638.6754478296527,5.192906172008457,14.203800407148648,80.60329342084289
638.9849331266144,5.192897790974413,14.20380489398235,80.60329731504324
639.2944226091288,5.192889404668006,14.203809383636996,80.603301211695
639.6039162799447,5.192881013089726,14.203813876112317,80.60330511079796
639.9134141418108,5.1928726162400665,14.203818371408053,80.60330901235189
640.2229161974757,5.192864214119526,14.203822869523949,80.60331291635653
640.5324224496879,5.192855806731331,14.203827370458244,80.60331682281043
640.8419329011947,5.192847394075146,14.203831874211136,80.60332073171372
641.1514475547434,5.192838976148294,14.203836380784079,80.60332464306764
641.4609664130838,5.192830552950705,14.203840890177124,80.60332855687219
641.770489478965,5.192822124482743,14.203845402390078,80.60333247312718
642.0800167551365,5.192813690744826,14.20384991742272,80.60333639183246
642.3895482443481,5.192805251737373,14.203854435274824,80.6033403129878
642.6990839493488,5.192796807460809,14.203858955946169,80.60334423659302
643.0106275158887,5.192788303225834,14.203863508714539,80.60334818805963
643.3221753535862,5.19277979364218,14.203868064344821,80.603352142013
643.6337274652473,5.192771278722879,14.203872622829955,80.60335609844716
643.9452838536714,5.192762758469397,14.203877184169148,80.60336005736146
644.2568445216584,5.192754232882336,14.203881748362074,80.60336401875558
644.5684094720066,5.192745701965188,14.203886315406839,80.60336798262797
644.8799787075135,5.19273716571627,14.203890885304371,80.60337194897936
645.1915522309778,5.192728624133766,14.203895458055662,80.60337591781057
645.5031300451996,5.192720077217676,14.203900033660721,80.60337988912161
645.8147121529785,5.192711524968361,14.20390461211936,80.60338386291228
646.1262985571142,5.192702967386238,14.203909193431352,80.60338783918242
646.4378892604071,5.192694404471735,14.203913777596474,80.6033918179318
646.7494842656575,5.192685836225282,14.203918364614504,80.60339579916021
647.0610835756652,5.192677262647302,14.20392295448521,80.60339978286748
647.3726871932299,5.192668683738227,14.20392754720837,80.6034037690534
647.6842951211522,5.192660099498482,14.203932142783756,80.60340775771776
647.9959073622318,5.192651509928493,14.203936741211148,80.60341174886037
648.3075239192691,5.192642915028684,14.203941342490314,80.603415742481
648.6211496693498,5.192634259479128,14.20394597623641,80.60341976428447
648.9347797917784,5.192625598518081,14.203950612878103,80.6034237886038
649.248414289413,5.192616932159986,14.203955252407555,80.60342781543245
649.5620531651045,5.192608260406614,14.203959894823814,80.60343184476957
649.8756964217034,5.192599583260303,14.203964540125607,80.6034358766141
650.1893440620595,5.192590900721006,14.203969188312973,80.60343991096602
650.5029960890221,5.192582212786812,14.20397383938696,80.60344394782622
650.8166525054419,5.192573519457585,14.203978493347647,80.60344798719477
651.1303133141704,5.192564820733649,14.203983150194865,80.60345202907149
651.4439785180589,5.192556116615421,14.203987809928392,80.60345607345619
651.7576481199588,5.192547407103336,14.203992472548006,80.60346012034866
652.0713221227213,5.192538692197831,14.20399713805347,80.60346416974869
652.3850005291982,5.192529971899349,14.20400180644455,80.6034682216561
652.6986833422401,5.192521246208327,14.204006477721014,80.60347227607065
653.0123705646989,5.192512515125209,14.204011151882638,80.60347633299216
653.3260621994259,5.192503778650439,14.204015828929172,80.6034803924204
653.6397582492725,5.1924950367844565,14.204020508860399,80.60348445435514
653.9534587170901,5.192486289527708,14.204025191676074,80.60348851879621
654.2691696987564,5.192477480924189,14.204029907331654,80.60349261174416
654.5848851558194,5.192468666845602,14.20403462591693,80.60349670723747
654.9006050911909,5.192459847308129,14.204039347423125,80.60350080526875
655.2163295077738,5.192451022313878,14.204044071849095,80.60350490583703
655.5320584084709,5.192442191863592,14.204048799194446,80.60350900894197
655.8477917961842,5.192433355957823,14.204053529458886,80.6035131145833
656.1635296738166,5.192424514597091,14.204058262642135,80.60351722276079
656.47927204427,5.19241566778192,14.204062998743922,80.60352133347416
656.7950189104465,5.192406815513461,14.204067737763621,80.60352544672291
657.1107702752487,5.192397957793065,14.204072479700505,80.60352956250642
657.4265261415776,5.192389094618865,14.204077224555602,80.60353368082554
657.742286512336,5.192380225990621,14.204081972329053,80.60353780168032
658.0580513904268,5.192371351908613,14.204086723020708,80.60354192507067
658.3738207787534,5.192362472373258,14.204091476630353,80.60354605099639
658.6895946802188,5.192353587385003,14.204096233157749,80.60355017945724
659.0053730977264,5.1923446969443,14.204100992602656,80.60355431045305
659.3211560341794,5.192335801051605,14.204105754964838,80.60355844398356
659.636943492481,5.192326899707374,14.204110520244045,80.60356258004859
659.9547427755529,5.192317936314335,14.204115318738856,80.6035667449468
660.2725466389484,5.19230896738412,14.204120120196666,80.60357091241922
660.5903550856318,5.192299992933202,14.20412492460855,80.60357508245825
660.9081681185598,5.192291012964028,14.204129731973177,80.6035792550628
661.2259857406871,5.1922820274774475,14.20413454229009,80.60358343023246
661.5438079549688,5.192273036474028,14.20413935555899,80.60358760796697
661.8616347643597,5.192264039954296,14.204144171779603,80.6035917882661
662.1794661718149,5.19225503791876,14.204148990951653,80.60359597112958
662.4973021802891,5.192246030367935,14.204153813074875,80.60360015655719
662.8151427927374,5.192237017302336,14.20415863814899,80.60360434454867
663.1329880121148,5.192227998722478,14.204163466173728,80.6036085351038
663.4508378413759,5.192218974628872,14.20416829714882,80.6036127282223
663.7686922834761,5.192209945022035,14.204173131073997,80.60361692390397
664.0865513413696,5.192200909902481,14.204177967948976,80.60362112214854
664.4044150180118,5.192191869270722,14.204182807773497,80.60362532295578
664.7222833163573,5.192182823127273,14.204187650547286,80.60362952632543
665.0401562393612,5.192173771472646,14.204192496270066,80.60363373225728
665.358033789978,5.192164714307354,14.204197344941575,80.60363794075107
665.6779244671943,5.192155594393532,14.204202227203105,80.60364217840336
665.9978198315572,5.192146468883061,14.204207112459514,80.60364641865743
666.3177198860833,5.19213733779148,14.204212000702382,80.60365066150614
666.6376246337812,5.192128201120866,14.204216891930589,80.60365490694853
666.9575340776591,5.192119058871962,14.204221786143728,80.60365915498431
667.2774482207251,5.192109911045314,14.204226683341522,80.60366340561316
667.597367065987,5.192100757641431,14.204231583523693,80.60366765883488
667.9172906164528,5.192091598660829,14.204236486689977,80.60367191464918
668.2372188751301,5.192082434104014,14.204241392840103,80.60367617305589
668.5571518450274,5.1920732639715,14.204246301973797,80.60368043405471
668.8770895291522,5.192064088263802,14.204251214090794,80.6036846976454
669.1970319305125,5.192054906981429,14.204256129190815,80.60368896382776
669.5169790521163,5.1920457201248995,14.204261047273597,80.6036932326015
669.8369308969716,5.192036527694726,14.204265968338866,80.60369750396642
670.1568874680867,5.192027329691426,14.204270892386345,80.60370177792223
670.4768487684688,5.192018126115512,14.204275819415768,80.60370605446872
670.7968148011266,5.192008916967503,14.204280749426863,80.60371033360563
671.1187952262201,5.19199964439714,14.2042857133886,80.60371464221426
671.440780444162,5.191990366166279,14.204290680379481,80.60371895345423
671.7627704580244,5.191981082293113,14.204295650389632,80.60372326731726
672.0847652708693,5.19197179278055,14.20430062341748,80.60372758380197
672.4067648857578,5.19196249762965,14.204305599462455,80.6037319029079
672.7287693057509,5.191953196841092,14.204310578524199,80.6037362246347
673.0507785339092,5.19194389041547,14.204315560602396,80.60374054898215
673.3727925732937,5.191934578353361,14.204320545696735,80.6037448759499
673.694811426965,5.191925260655336,14.204325533806925,80.60374920553774
674.0168350979839,5.19191593732197,14.204330524932656,80.60375353774538
674.3388635894107,5.191906608353832,14.20433551907363,80.60375787257254
674.6608969043067,5.191897273751497,14.204340516229541,80.60376221001896
674.9829350457316,5.191887933515538,14.204345516400089,80.60376655008437
675.3049780167466,5.191878587646526,14.204350519584963,80.60377089276851
675.6270258204119,5.191869236145035,14.204355525783875,80.6037752380711
675.9490784597883,5.191859879011637,14.204360534996507,80.60377958599186
676.2711359379363,5.191850516247564,14.204365547222206,80.60378393653022
676.5952090658989,5.1918410893868,14.204370593759444,80.60378831685375
676.9192870942561,5.191831656804302,14.204375643358663,80.60379269983704
677.2433700261336,5.191822218517857,14.204380696010219,80.60379708547191
677.5674578646478,5.1918127745305895,14.204385751712426,80.60380147375699
677.8915506129141,5.191803324843682,14.20439081046464,80.60380586469168
678.2156482740476,5.191793869457868,14.20439587226647,80.60381025827567
678.5397508511631,5.191784408373753,14.204400937117603,80.60381465450864
678.8638583473753,5.191774941591915,14.20440600501773,80.60381905339035
679.1879707657988,5.191765469112922,14.204411075966556,80.60382345492052
679.5120881095488,5.191755990937342,14.204416149963773,80.60382785909889
679.8362103817402,5.1917465070657425,14.204421227009087,80.60383226592516
680.1603375854877,5.1917370174986965,14.204426307102192,80.60383667539911
680.4844697239059,5.191727522236776,14.204431390242789,80.60384108752044
680.8086068001098,5.191718021280551,14.204436476430576,80.60384550228888
681.1327488172138,5.191708514630597,14.204441565665249,80.60384991970415
681.4568957783328,5.191699002287487,14.204446657946509,80.603854339766
681.7810476865814,5.191689484251801,14.204451753274045,80.60385876247416
682.1072164942775,5.19167990144223,14.204456883275562,80.60386321528222
682.4333903117897,5.1916703128502135,14.204462016371625,80.60386767077816
682.7595691422982,5.191660718494144,14.204467152552255,80.6038721289536
683.0857529889736,5.191651118377382,14.204472291815637,80.60387658980697
683.4119418549852,5.191641512501235,14.204477434161063,80.6038810533377
683.7381357435019,5.191631900866514,14.204482579588106,80.60388551954539
684.0643346576925,5.191622283473896,14.204487728096405,80.6038899884297
684.3905386007253,5.1916126603240125,14.204492879685624,80.60389445999037
684.7167475757694,5.1916030314174915,14.204498034355433,80.60389893422708
685.0429615859936,5.191593396754952,14.204503192105511,80.60390341113954
685.3691806345662,5.191583756337015,14.204508352935521,80.60390789072747
685.6954047246558,5.1915741101642965,14.204513516845138,80.60391237299056
686.021633859431,5.1915644582374165,14.204518683834038,80.60391685792855
686.3478680420602,5.19155480055699,14.204523853901902,80.60392134554111
686.6741072757123,5.191545137123629,14.204529027048393,80.60392583582798
687.0003515635551,5.19153546793795,14.2045342032732,80.60393032878885
687.3266009087573,5.191525793000562,14.20453938257599,80.60393482442345
687.6528553144873,5.19151611231208,14.204544564956448,80.60393932273146
687.9811278914165,5.191506366135855,14.204549782392958,80.60394385147119
688.309405592669,5.19149661411855,14.204555002955457,80.60394838292599
688.6376884214794,5.191486856279268,14.204560226633586,80.60395291708716
688.9659763810723,5.19147709262026,14.204565453426133,80.60395745395361
689.2942694746714,5.1914673231422634,14.204570683332705,80.60396199352503
689.6225677055004,5.191457547845829,14.204575916353015,80.60396653580115
689.950871076783,5.191447766731522,14.204581152486762,80.60397108078172
690.2791795917427,5.191437979799942,14.204586391733635,80.60397562846642
690.6074932536034,5.191428187051699,14.204591634093308,80.603980178855
690.9358120655885,5.19141838848903,14.204596879563875,80.6039847319471
691.264136030921,5.191408584107688,14.204602128149766,80.60398928774255
691.5924651528267,5.191398773913182,14.204607379845879,80.60399384624094
691.9207994345271,5.191388957904504,14.204612634653483,80.603998407442
692.2491388792464,5.19137913608228,14.20461789257224,80.60400297134548
692.577483490208,5.191369308447138,14.204623153601828,80.60400753795103
692.9058332706355,5.191359474999702,14.204628417741914,80.60401210725838
693.2341882237524,5.191349635740602,14.20463368499216,80.60401667926725
693.564562584538,5.191339730310058,14.204638987664426,80.60402128202551
693.8949421828961,5.1913298189760475,14.204644293496168,80.60402588752778
694.2253270221181,5.1913199017574945,14.204649602477135,80.60403049576537
694.5557171054851,5.191309978658137,14.204654914605296,80.60403510673657
694.8861124362767,5.19130004967955,14.204660229879801,80.60403972044064
695.216513017772,5.191290114822713,14.20466554830013,80.60404433687715
695.5469188532502,5.191280174088385,14.204670869865879,80.60404895604574
695.8773299459897,5.191270227477275,14.204676194576676,80.60405357794605
696.2077462992695,5.191260274990053,14.204681522432166,80.60405820257778
696.5381679163679,5.191250316627392,14.20468685343199,80.60406282994062
696.868594800564,5.191240352389964,14.204692187575802,80.60406746003423
697.199026955136,5.191230382278437,14.204697524863239,80.60407209285833
697.5294643833626,5.191220406293487,14.204702865293948,80.60407672841256
697.8599070885223,5.191210424435786,14.204708208867576,80.60408136669663
698.1903550738933,5.191200436706008,14.204713555583764,80.60408600771024
698.5208083427544,5.1911904431048255,14.204718905442165,80.604090651453
698.8512668983838,5.191180443632917,14.204724258442408,80.60409529792467
699.1837460923621,5.191170377307037,14.204729647229996,80.60409997546296
699.5162306390894,5.191160305018673,14.204735039208716,80.60410465577262
699.8487205419124,5.191150226786699,14.204740434368352,80.60410933884495
700.1812158041678,5.191140142614937,14.204745832706816,80.60411402467824
700.5137164291904,5.191130052505035,14.20475123422323,80.60411871327173
700.8462224203148,5.191119956458038,14.204756638917035,80.60412340462493
701.178733780875,5.191109854474777,14.204762046787792,80.60412809873742
701.5112505142048,5.191099746556004,14.2047674578351,80.60413279560889
701.8437726236385,5.191089632702449,14.204772872058571,80.60413749523899
702.1763001125101,5.191079512914835,14.204778289457828,80.60414219762734
702.5088329841539,5.191069387193877,14.204783710032492,80.60414690277364
702.8413712419028,5.191059255540291,14.204789133782187,80.60415161067752
703.1739148890913,5.191049117954796,14.20479456070653,80.60415632133868
703.5064639290524,5.191038974438103,14.204799990805142,80.60416103475676
703.8390183651197,5.19102882499093,14.204805424077648,80.60416575093143
704.1715782006272,5.1910186696139915,14.204810860523672,80.60417046986234
704.5041434389085,5.191008508308217,14.20481630014272,80.60417519154906
704.8387305410296,5.190998279464806,14.204821775915043,80.60417994462014
705.1733231130133,5.190988044597419,14.204827254911518,80.60418470049106
705.5079211582638,5.190977803725931,14.204832737121373,80.60418945915269
705.8425246801742,5.190967556854295,14.20483822254247,80.60419422060323
706.1771336821364,5.190957303984307,14.204843711173837,80.60419898484186
706.5117481675416,5.190947045117131,14.204849203014849,80.60420375186801
706.8463681397805,5.190936780253666,14.204854698065036,80.6042085216813
707.1809936022435,5.1909265093947035,14.204860196323976,80.60421329428132
707.5156245583213,5.190916232540987,14.204865697791272,80.60421806966774
707.8502610114043,5.190905949693251,14.204871202466546,80.6042228478402
708.1849029648835,5.190895660852217,14.204876710349405,80.60422762879837
708.5195504221484,5.190885366018617,14.20488222143947,80.6042324125419
708.8542033865897,5.1908750651931745,14.20488773573636,80.60423719907047
709.1888618615976,5.19086475837662,14.204893253239684,80.60424198838369
709.5235258505624,5.190854445569683,14.20489877394906,80.60424678048126
709.8581953568741,5.190844126773094,14.204904297864104,80.6042515753628
710.1928703839227,5.190833801987583,14.20490982498443,80.604256373028
710.5295684957189,5.190823408972784,14.204915388628303,80.60426120239892
710.8662721964662,5.190813009875046,14.204920955527975,80.60426603459699
711.2029814896247,5.190802604713872,14.204926525672878,80.60427086961325
711.5396963786446,5.190792193493426,14.204932099060747,80.60427570744582
711.876416866975,5.190781776215658,14.204937675690541,80.6042805480938
712.2131429580631,5.190771352881834,14.204943255561577,80.60428539155659
712.5498746553563,5.1907609234929275,14.204948838673337,80.60429023783374
712.886611962302,5.1907504880497894,14.204954425025374,80.60429508692484
713.2233548823473,5.190740046553208,14.204960014617269,80.60429993882953
713.5601034189386,5.1907295990039595,14.204965607448608,80.60430479354743
713.8968575755235,5.190719145402812,14.204971203518996,80.60430965107818
714.2336173555485,5.190708685750529,14.204976802828018,80.60431451142145
714.5703827624606,5.190698220047878,14.204982405375274,80.60431937457685
714.9071537997061,5.190687748295622,14.20498801116036,80.60432424054402
715.2439304707318,5.190677270494529,14.204993620182874,80.6043291093226
715.5807127789844,5.190666786645362,14.204999232442411,80.60433398091223
715.9175007279102,5.190656296748888,14.205004847938568,80.60433885531253
716.256312978475,5.190645737933861,14.20501050032725,80.60434376173889
716.5951309390607,5.190635172977829,14.205016156002898,80.60434867101928
716.9339546131841,5.1906246018998505,14.20502181495518,80.60435358314497
717.2727840043534,5.19061402470416,14.205027477181794,80.60435849811405
717.6116191160735,5.190603441392773,14.205033142681668,80.60436341592556
717.950459951849,5.1905928519670255,14.205038811454074,80.6043683365789
718.2893065151841,5.190582256427955,14.205044483498474,80.60437326007357
718.6281588095833,5.190571654776466,14.205050158814375,80.60437818640915
718.9670168385504,5.1905610470134045,14.205055837401337,80.60438311558526
719.3058806055886,5.190550433139598,14.20506151925892,80.60438804760149
719.6447501142026,5.190539813155866,14.205067204386692,80.60439298245744
719.9836253678958,5.190529187063031,14.205072892784221,80.60439792015275
720.3225063701713,5.190518554861908,14.205078584451073,80.60440286068702
720.6613931245327,5.190507916553322,14.205084279386812,80.60440780405986
721.0002856344837,5.190497272138091,14.205089977591006,80.60441275027091
721.3391839035273,5.1904866216170396,14.20509567906322,80.60441769931974
721.680107655198,5.190475901522379,14.20510141777864,80.60442268069899
722.0210372364157,5.190465175226844,14.20510715981315,80.60442766496001
722.3619726507559,5.190454442751031,14.2051129051556,80.60443265209337
722.7029139017827,5.190443704099213,14.20511865380367,80.60443764209711
723.0438609930592,5.190432959273003,14.205124405756495,80.60444263497051
723.3848139281475,5.190422208273437,14.205130161013525,80.60444763071304
723.7257727106091,5.190411451101362,14.20513591957432,80.60445262932431
724.066737344006,5.190400687757568,14.205141681438452,80.60445763080398
724.4077078318996,5.190389918242845,14.205147446605515,80.60446263515163
724.7486841778519,5.190379142558001,14.205153215075075,80.60446764236693
725.0896663854244,5.190368360703852,14.205158986846705,80.60447265244945
725.4306544581784,5.190357572681229,14.205164761919972,80.6044776653988
725.7716483996753,5.19034677849096,14.205170540294429,80.6044826812146
726.1126482134767,5.190335978133879,14.20517632196964,80.60448769989648
726.4536539031437,5.190325171610823,14.205182106945163,80.604492721444
726.7946654722372,5.1903143589226275,14.205187895220558,80.60449774585682
727.1356829243183,5.190303540070129,14.205193686795381,80.60450277313448
727.4787270691626,5.190292650948374,14.205199515985848,80.60450783306578
727.8217771686078,5.190281755566052,14.20520534852748,80.60451289590647
728.1648332262885,5.190270853943073,14.20521118440949,80.60451796164743
728.5078952458285,5.190259946083924,14.205217023629457,80.60452303028663
728.8509632308494,5.190249031990938,14.205222866186118,80.60452810182295
729.1940371849726,5.1902381116657414,14.205228712078592,80.60453317625567
729.5371171118178,5.190227185109595,14.205234561306213,80.6045382535842
729.8802030150057,5.190216252323563,14.205240413868411,80.60454333380802
730.2232948981558,5.1902053133086,14.20524626976469,80.6045484169267
730.566392764888,5.190194368065602,14.205252128994564,80.60455350293984
730.9094966188218,5.190183416595456,14.205257991557573,80.60455859184697
731.2526064635765,5.190172458899032,14.205263857453257,80.60456368364771
731.5957223027716,5.190161494977207,14.20526972668115,80.60456877834164
731.9388441400266,5.190150524830852,14.205275599240789,80.60457387592837
732.2819719789602,5.190139548460843,14.205281475131718,80.60457897640744
732.6251058231918,5.190128565868057,14.20528735435347,80.60458407977848
732.9702675343808,5.190117512346016,14.205293271544225,80.60458921610976
733.3154353236121,5.190106452505576,14.205299192117193,80.60459435537723
733.6606091945782,5.190095386365714,14.205305116062098,80.6045994975722
734.0057891509623,5.190084313930999,14.20531104337646,80.60460464269255
734.3509751964443,5.19007323520384,14.205316974058983,80.60460979073719
734.6961673347038,5.1900621501859465,14.205322908108748,80.6046149417053
735.0413655694198,5.1900510588786615,14.20532884552504,80.6046200955963
735.3865699042713,5.190039961283111,14.205334786307255,80.60462525240963
735.7317803429362,5.190028857400306,14.205340730454866,80.60463041214483
736.0769968890932,5.190017747231199,14.20534667796736,80.60463557480145
736.4222195464198,5.190006630776711,14.205352628844256,80.60464074037903
736.7674483185945,5.1899955080377635,14.205358583085065,80.60464590887717
737.1126832092949,5.18998437901527,14.205364540689308,80.60465108029543
737.4579242221987,5.189973243710146,14.205370501656498,80.60465625463335
737.803171360347,5.189962102123326,14.205376465986138,80.60466143189053
738.1484246286903,5.189950954255689,14.205382433677771,80.60466661206654
738.4957069353624,5.189939734798933,14.205388439691696,80.60467182550937
738.8429954454789,5.189928508963668,14.205394449120117,80.60467704191622
739.1902901627923,5.18991727677077,14.205400461951736,80.60468226127749
739.5375910910445,5.189906038224861,14.205406478184045,80.60468748359109
739.8848982339749,5.1898947933284205,14.20541249781571,80.60469270885588
740.2322115953223,5.18988354208324,14.205418520845765,80.604697937071
740.5795311788247,5.189872284490744,14.205424547273445,80.6047031682358
740.9268569882195,5.189861020552134,14.205430577098122,80.60470840234974
741.274189027244,5.189849750268481,14.205436610319222,80.6047136394123
741.6215272996352,5.189838473640789,14.205442646936215,80.604718879423
741.9688718091303,5.189827190670034,14.205448686948587,80.60472412238138
742.3162225594656,5.189815901357183,14.205454730355822,80.604729368287
742.6635795543784,5.189804605703197,14.205460777157414,80.6047346171394
743.010942797605,5.189793303709036,14.205466827352856,80.6047398689381
743.3583122928816,5.189781995375661,14.205472880941647,80.6047451236827
743.7077119608774,5.189770614824874,14.205478973189134,80.60475041198599
744.0571179559236,5.1897592278363645,14.205485068882917,80.60475570328072
744.4065302818327,5.189747834430172,14.205491168012161,80.60476099755766
744.755948942407,5.189736434610859,14.205497270574385,80.60476629481475
745.105373941446,5.1897250283809795,14.20550337656821,80.60477159505082
745.4548052827486,5.189713615742458,14.205509485992604,80.60477689826494
745.804242970113,5.189702196696879,14.205515598846722,80.6047822044564
746.1536870073372,5.189690771245576,14.205521715129848,80.60478751362457
746.5031373982187,5.189679339389718,14.205527834841366,80.60479282576891
746.8525941465545,5.189667901130371,14.205533957980707,80.60479814088892
747.2020572561416,5.189656456468553,14.205540084547335,80.60480345898411
747.5515267307771,5.1896450054052545,14.205546214540728,80.60480878005401
747.9010025742573,5.189633547941462,14.205552347960362,80.60481410409818
748.2504847903788,5.1896220840781595,14.205558484805717,80.60481943111613
748.5999733829383,5.18961061381633,14.205564625076278,80.6048247611074
748.949468355732,5.189599137156963,14.205570768771517,80.60483009407152
749.300994668046,5.189587587613789,14.205576951482298,80.60483546090391
749.6525274367608,5.18957603157536,14.205583137670288,80.60484083075436
750.004066665749,5.189564469060348,14.205589327325391,80.60484620361426
750.3556123588736,5.189552900073522,14.20559552044501,80.60485157948148
750.7071645199949,5.189541324617642,14.20560171702766,80.6048569583547
751.0587231529721,5.1895297426948455,14.205607917072188,80.60486234023297
751.4102882616644,5.189518154306899,14.205614120577653,80.60486772511545
751.7618598499292,5.189506559455287,14.205620327543262,80.60487311300145
752.1134379216252,5.189494958141285,14.205626537968326,80.60487850389039
752.4650224806088,5.189483350366041,14.205632751852251,80.6048838977817
752.8166135307379,5.189471736130629,14.205638969194458,80.6048892946749
753.1682110758691,5.18946011543609,14.205645189994401,80.60489469456951
753.5198151198591,5.189448488283453,14.205651414251532,80.60490009746502
753.8714256665651,5.189436854673744,14.205657641965317,80.60490550336095
754.2230427198433,5.189425214607984,14.20566387313521,80.60491091225681
754.5746662835501,5.189413568087204,14.205670107760668,80.60491632415213
754.9283223521628,5.189401848018328,14.205676381757376,80.6049217702243
755.2819850085464,5.189390121393807,14.205682659263749,80.60492721934244
755.6356542566357,5.189378388234741,14.205688940268379,80.60493267149688
755.9893301003547,5.189366648545944,14.205695224768652,80.60493812668541
756.3430125436245,5.189354902330259,14.205701512763035,80.6049435849067
756.6967015903657,5.189343149589928,14.20570780425032,80.60494904615976
757.0503972444977,5.189331390326826,14.2057140992295,80.60495451044368
757.4040995092888,5.189319624542564,14.205720397699718,80.60495997775772
757.7578083899585,5.189307852238461,14.205726699660264,80.60496544810127
758.1115238897744,5.189296073415751,14.205733005110496,80.60497092147375
758.4652460126542,5.189284288075567,14.205739314049806,80.60497639787462
758.8189747625157,5.189272496218999,14.205745626477615,80.60498187730339
759.1727101432756,5.189260697847118,14.205751942393363,80.60498735975952
759.5264521588517,5.189248892960995,14.205758261796483,80.60499284524252
759.880200813161,5.189237081561697,14.20576458468641,80.6049983337519
760.2359831004566,5.189225195980187,14.205770947287169,80.60500385673264
760.5917721049761,5.18921330378501,14.205777313428767,80.60500938278624
760.9475678307159,5.189201404996637,14.205783683100131,80.60501491190324
761.3033702816616,5.1891894996198955,14.205790056298644,80.60502044408146
761.6591794617958,5.189177587657647,14.205796433022766,80.60502597931959
762.0149953751005,5.189165669112171,14.205802813271267,80.60503151761655
762.3708180255568,5.189153743985395,14.205809197043113,80.60503705897149
762.7266474171448,5.1891418122789545,14.205815584337428,80.60504260338361
763.0824835538446,5.189129873994252,14.205821975153471,80.60504815085227
763.4383264396355,5.189117929132545,14.20582836949057,80.60505370137689
763.7941760784969,5.1891059776949895,14.205834767348113,80.60505925495688
764.1500324744076,5.189094019682712,14.205841168725513,80.60506481159177
764.5058956313463,5.189082055096817,14.205847573622174,80.605070371281
764.8617655532923,5.189070083938406,14.205853982037524,80.60507593402406
765.2176422442237,5.189058106208582,14.205860393970973,80.60508149982044
765.5755536947444,5.189046053661773,14.205866845955198,80.60508710038303
765.9334719939005,5.1890339944431485,14.205873301511524,80.60509270404532
766.2913971457508,5.189021928570812,14.205879760630161,80.60509831079902
766.6493291543436,5.189009856049578,14.205886223308498,80.60510392064192
767.0072680237253,5.1889977768824656,14.2058926895449,80.60510953357264
767.3652137579406,5.188985691072054,14.205899159337978,80.60511514958996
767.7231663610339,5.18897359862066,14.205905632686486,80.60512076869286
768.0811258370485,5.188961499530314,14.205912109589338,80.60512639088034
768.4390921900266,5.188949393802755,14.205918590045599,80.60513201615164
768.7970654240099,5.188937281439486,14.205925074054468,80.60513764450606
769.1550455430403,5.188925162441834,14.205931561615245,80.60514327594292
769.5130325511586,5.18891303681103,14.205938052727273,80.6051489104617
769.8710264524062,5.188900904548246,14.205944547389937,80.60515454806182
770.2290272508237,5.188888765654638,14.205951045602625,80.60516018874273
770.5870349504518,5.188876620131355,14.205957547364726,80.60516583250393
770.94707853521,5.188864399158987,14.205964089516115,80.6051715113249
771.3071291019975,5.188852171452546,14.20597063527308,80.60517719327439
771.6671866549372,5.188839937033153,14.205977184624203,80.60518287834265
772.0272511981416,5.1888276959056485,14.205983737566857,80.6051885665275
772.3873227357197,5.188815448073116,14.20599029409938,80.6051942578275
772.7474012717798,5.188803193538258,14.205996854220313,80.60519995224142
773.1074868104294,5.1887909323035455,14.206003417928322,80.60520564976812
773.4675793557742,5.188778664371169,14.206009985222229,80.6052113504066
773.8276789119194,5.188766389743022,14.20601655610103,80.60521705415596
774.1877854829701,5.188754108420736,14.206023130563846,80.60522276101541
774.5478990730307,5.188741820405738,14.206029708609922,80.60522847098434
774.9080196862053,5.18872952569933,14.206036290238567,80.6052341840621
775.2681473265974,5.188717224302752,14.206042875449123,80.60523990024812
775.6282819983103,5.1887049162172065,14.206049464240959,80.60524561954183
775.9884237054475,5.188692601443892,14.206056056613434,80.60525134194268
776.3506024225891,5.188680210582949,14.206062689717196,80.60525709969986
776.7127882571561,5.18866781292971,14.206069326457838,80.60526286061244
777.0749812133354,5.188655408504694,14.206075966824258,80.60526862467104
777.4371812953024,5.188642997312791,14.206082610813816,80.6052743918734
777.7993885072302,5.188630579356907,14.206089258424944,80.60528016221815
778.1616028532908,5.188618154639538,14.206095909656288,80.60528593570417
778.5238243376551,5.188605723163779,14.206102564506182,80.60529171233004
778.886052964493,5.188593284932317,14.206109222973176,80.60529749209451
779.2482887379731,5.1885808399473,14.206115885056118,80.60530327499657
779.6105316622632,5.188568388210517,14.20612255075405,80.60530906103544
779.9727817415306,5.188555929723441,14.206129220066197,80.60531485021036
780.3350389799424,5.188543464487348,14.206135892991878,80.60532064252077
780.6973033816655,5.1885309925033996,14.206142569530487,80.60532643796611
781.0595749508662,5.188518513772737,14.206149249681413,80.60533223654585
781.4218536917109,5.188506028296516,14.206155933444053,80.60533803825943
781.786170567153,5.188493466093399,14.206162658280372,80.60534387562623
782.1504946967656,5.188480897043365,14.206169386782905,80.60534971617372
782.5148260861336,5.188468321166271,14.206176118940919,80.60535555989281
782.8791647388267,5.188455738466316,14.206182854752145,80.60536140678154
783.2435106590809,5.188443148946155,14.206189594215154,80.60536725683869
783.6078638511311,5.188430552608017,14.206196337328745,80.60537311006324
783.972224319211,5.188417949451699,14.206203084093055,80.60537896645525
784.3365920675553,5.18840533947779,14.206209834507783,80.60538482601443
784.7009671003991,5.18839272268933,14.206216588571289,80.60539068873938
785.0653494219755,5.188380099086279,14.206223346283608,80.60539655463012
785.4297390365188,5.188367468666137,14.206230107646137,80.60540242368772
785.794135948265,5.188354831429198,14.206236872658728,80.60540829591207
786.1585401614508,5.1883421873736335,14.206243641322395,80.60541417130398
786.5229516803138,5.18832953649501,14.206250413639571,80.60542004986542
786.8894024193165,5.188316808270916,14.20625722736191,80.60542596436717
787.2558605483716,5.18830407311135,14.206264044798253,80.6054318820904
787.6223260718099,5.188291331041391,14.206270865935016,80.60543780302359
787.9887989939475,5.188278582060979,14.206277690772245,80.60544372716679
788.3552793191021,5.188265826169591,14.206284519310225,80.60544965452019
788.7217670515913,5.188253063373704,14.206291351545437,80.60545558508085
789.08826219573,5.188240293691825,14.2062981874678,80.60546151884037
789.4547647558222,5.188227517102934,14.206305027088776,80.6054674558083
789.8212747361854,5.18821473362387,14.206311870399233,80.6054733959769
790.1877921411273,5.188201943270776,14.206318717390387,80.60547933933884
790.554316974947,5.188189146020602,14.206325568074806,80.60548528590459
790.9208492419576,5.188176341861074,14.206332422459166,80.60549123567976
791.2873889464798,5.1881635308460154,14.20633928051425,80.60549718863975
791.653936092803,5.188150712937595,14.206346142260617,80.60550314480179
792.0204906852397,5.188137888104116,14.20635300771548,80.60550910418041
792.3890856228238,5.1881249853141185,14.206359914902524,80.60551509978336
792.7576880921214,5.188112075516223,14.206366825842451,80.60552109864132
793.1262980975375,5.188099158749537,14.206373740514117,80.60552710073634
793.4949156434535,5.188086235038794,14.2063806589041,80.60553310605711
793.8635407342382,5.188073304382307,14.206387581013278,80.60553911460443
794.232173374261,5.188060366780983,14.206394506841216,80.60554512637779
794.6008135678919,5.188047422227979,14.20640143639165,80.60555114138037
794.9694613195055,5.188034470746866,14.206408369651768,80.60555715960136
795.3381166334626,5.188021512349927,14.206415306614995,80.60556318103508
795.7067795141174,5.188008546964963,14.206422247320486,80.60556920571456
796.0754499658673,5.1879955747055995,14.206429191706665,80.60557523358773
796.4441279930435,5.187982595471785,14.206436139827789,80.60558126470043
796.8128136000358,5.187969609308236,14.206443091659668,80.6055872990321
797.1815067912095,5.187956616216019,14.206450047201727,80.60559333658226
797.550207570929,5.187943616178236,14.206457006463147,80.60559937735862
797.9209498215212,5.187930537495867,14.206464007825598,80.60560545467854
798.2916997474921,5.187917451780178,14.206471012954497,80.60561153526533
798.6624573532927,5.1879043590836185,14.206478021821484,80.6056176190949
799.033222643345,5.187891259381485,14.20648503443989,80.60562370617863
799.4039956220852,5.187878152716707,14.206492050786453,80.60562979649684
799.7747762939243,5.187865039066617,14.206499070873488,80.60563589005989
800.1455646632885,5.187851918417766,14.206506094708327,80.6056419868739
800.5163607346116,5.1878387908043475,14.20651312227241,80.60564808692324
800.8871645123081,5.187825656230768,14.206520153563421,80.60565419020581
801.2579760007906,5.187812514653007,14.206527188605268,80.60566029674172
801.6287952044976,5.187799366116808,14.206534227373128,80.60566640651007
801.9996221278418,5.187786210616228,14.206541269870312,80.60567251951346
802.3704567752393,5.187773048110392,14.206548316118973,80.60567863577064
802.7412991511316,5.1877598786371975,14.206555366098577,80.60568475526424
803.1121492599376,5.187746702181986,14.206562419817118,80.60569087800089
803.4850419663784,5.187733446429537,14.206569515986395,80.60569703758406
803.857942493797,5.187720183588898,14.206576615951679,80.60570320045942
804.2308508467103,5.187706913716366,14.206583719682477,80.60570936660115
804.6037670296022,5.187693636772279,14.206590827200232,80.60571553602749
804.97669104698,5.187680352811024,14.206597938475497,80.60572170871347
805.3496229033203,5.187667061784969,14.206605053534114,80.60572788468092
805.722562603128,5.187653763748148,14.206612172346809,80.60573406390505
806.0955101508767,5.187640458687074,14.206619294920856,80.60574024639206
806.4684655510487,5.187627146573979,14.206626421271423,80.6057464321546
806.8414288081428,5.187613827446394,14.206633551378184,80.60575262117541
807.2143999266364,5.187600501290826,14.20664068524843,80.60575881346075
807.5873789110155,5.187587168096437,14.206647822888153,80.60576500901541
807.9603657657731,5.187573827891475,14.20665496428201,80.60577120782652
808.3333604953859,5.187560480638121,14.206662109450537,80.60577740991134
808.7083989093342,5.187547053498905,14.20666929738509,80.605783649116
809.0834452873997,5.1875336192242365,14.206676489141065,80.6057898916347
809.4584996341599,5.187520177826454,14.206683684711802,80.60579613746175
809.8335619541851,5.187506729315662,14.206690884091822,80.60580238659252
810.2086322520399,5.1874932737041535,14.206698087274425,80.60580863902143
810.5837105322827,5.187479810968961,14.206705294272085,80.60581489475895
810.9587967994859,5.187466341162553,14.206712505056407,80.60582115378104
811.3338910581908,5.1874528642662545,14.20671971963742,80.60582741609632
811.7089933129515,5.187439380284873,14.206726938012624,80.6058336817025
812.0841035683189,5.187425889191618,14.206734160196532,80.60583995061185
812.4592218288606,5.187412391076621,14.206741386140335,80.60584622278304
812.8343480990916,5.187398885866267,14.206748615883921,80.6058524982498
813.2094823835706,5.187385373556667,14.206755849429479,80.60585877701385
813.5846246868598,5.187371854234947,14.20676308672979,80.60586505903527
813.9597750134699,5.1873583278076785,14.20677032783551,80.60587134435681
814.3369701540721,5.18734472087323,14.206777612039964,80.6058776670868
814.7141734085039,5.187331106780359,14.206784900078084,80.60588399314156
815.0913847813893,5.187317485512917,14.20679219195862,80.60589032252847
815.4686042773624,5.187303857113942,14.206799487658325,80.60589665522772
815.8458319010333,5.187290221554196,14.206806787193019,80.60590299125279
816.2230676570291,5.1872765788263635,14.206814090566693,80.60590933060693
816.600311549983,5.187262928956729,14.206821397765157,80.60591567327812
816.9775635845115,5.187249271924423,14.206828708799721,80.60592201927585
817.3548237652456,5.187235607734836,14.20683602366748,80.60592836859767
817.7320920968127,5.1872219363688865,14.206843342378775,80.60593472125234
818.1093685838524,5.1872082578607905,14.2068506649151,80.6059410772241
818.4866532309851,5.1871945722055655,14.206857991279104,80.60594743651532
818.8639460428341,5.187180879410678,14.206865321466818,80.6059537991225
819.2412470240189,5.18716717947103,14.206872655480968,80.605960165048
819.6205939082784,5.187153398419672,14.206880032917674,80.60596656866265
819.9999490535943,5.1871396101473985,14.206887414221697,80.6059729756309
820.3793124646617,5.1871258146377235,14.206894799401978,80.6059793859603
820.7586841461864,5.187112011972548,14.206902188414148,80.60598579961331
821.1380641028256,5.187098202101169,14.206909581285682,80.60599221661316
821.5174523392678,5.187084384987981,14.206916978035908,80.60599863697611
821.896848860223,5.187070560738708,14.206924378607589,80.6060050606537
822.2762536703389,5.187056729267425,14.206931783047274,80.60601148768531
822.6556667743146,5.1870428905863015,14.206939191348406,80.6060179180653
823.035088176843,5.187029044714367,14.20694660350073,80.6060243517849
823.4145178826067,5.187015191637964,14.206954019511652,80.60603078885038
823.7939558962961,5.187001331353565,14.206961439383106,80.60603722926332
824.173402222605,5.186987463857502,14.206968863117106,80.6060436730254
824.5528568662294,5.186973589140057,14.206976290718924,80.60605012014102
824.9343585034363,5.186959632689333,14.206983762076531,80.60605660523413
825.3158685509335,5.186945668925244,14.20699123735134,80.6060630937234
825.6973870135064,5.186931697868884,14.206998716531988,80.60606958559913
826.0789138959277,5.186917719527317,14.207006199614607,80.60607608085807
826.4604492029664,5.186903733939319,14.207013686578179,80.60608257948249
826.8419929393696,5.18688974106616,14.207021177443716,80.60608908149011
827.2235451099076,5.1868757409499455,14.20702867218846,80.6060955868616
827.605105719326,5.186861733593045,14.207036170811072,80.60610209559589
827.98667477237,5.186847718998071,14.20704367331021,80.60610860769172
828.3682522737834,5.186833697140565,14.207051179699178,80.60611512316027
828.7498382283256,5.186819668074635,14.20705868994863,80.60612164197674
829.1314326407241,5.186805631772986,14.20706620407343,80.60612816415357
829.513035515723,5.186791588205247,14.20707372209005,80.6061346897047
829.8946468580858,5.186777537417494,14.207081243973544,80.60614121860897
830.2783062862801,5.18676340426141,14.207088809953254,80.60614778578534
830.6619742760391,5.186749263786701,14.20709637985287,80.60615435636042
831.0456508321862,5.186735115950395,14.207103953695693,80.60616093035391
831.4293359595706,5.186720960807876,14.207111531451764,80.60616750774037
831.8130296630092,5.186706798315808,14.207119113144559,80.60617408853963
832.1967319473448,5.186692628516637,14.207126698751104,80.60618067273226
832.5804428173967,5.18667845134473,14.20713428830694,80.60618726034832
832.964162278023,5.186664266884727,14.207141881766278,80.60619385134899
833.3478903340322,5.186650075086389,14.20714947915626,80.60620044575735
833.7316269902637,5.18663587598407,14.207157080458366,80.60620704355756
834.1153722515364,5.18662166956934,14.20716468567711,80.60621364475355
834.4991261226749,5.186607455864804,14.207172294800252,80.60622024933495
834.8828886084914,5.186593234864305,14.207179907831218,80.60622685730448
835.2687002299679,5.186578930920859,14.207187565266238,80.6062335038129
835.6545205615444,5.186564619656334,14.207195226622272,80.6062401537214
836.0403496080803,5.186550300997437,14.207202891939025,80.60624680706354
836.4261873744795,5.186535974955412,14.207210561210445,80.60625346383415
836.8120338656397,5.18652164160235,14.207218234397509,80.60626012400014
837.1978890864159,5.186507300849851,14.207225911548093,80.60626678760205
837.583753041717,5.186492952760007,14.207233592628604,80.60627345461138
837.9696257364151,5.186478597318103,14.207241277647059,80.60628012503483
838.3555071753918,5.186464234510866,14.207248966610642,80.60628679887849
838.7413973635371,5.1864498643360495,14.207256659520615,80.60629347614335
839.1272963057435,5.18643548681815,14.207264356363755,80.6063001568181
839.5132040068892,5.186421101916842,14.207272057161912,80.60630684092125
839.8991204718774,5.1864067096711075,14.207279761894021,80.60631352843487
840.2850457055879,5.186392310031708,14.20728747058674,80.60632021938154
840.6730211711774,5.186377826875947,14.20729522399074,80.6063269491333
841.0610055021813,5.186363336228577,14.207302981407988,80.60633368236343
841.4489987035976,5.1863488381528144,14.207310742804324,80.60634041904287
841.837000780387,5.186334332618842,14.207318508195838,80.60634715918532
842.2250117375293,5.186319819650598,14.207326277569626,80.60635390277977
842.6130315799898,5.186305299247057,14.207334050926224,80.60636064982671
843.001060312735,5.186290771423872,14.20734182825715,80.60636740031897
843.3890979407231,5.186276236190091,14.207349609557582,80.60637415425232
843.7771444681998,5.186261693540985,14.20735739483003,80.60638091162899
844.1651999015367,5.186247143514981,14.207365184053703,80.60638767243131
844.5532642449597,5.186232586072469,14.207372977250115,80.6063944366774
844.941337503428,5.186218021212237,14.207380774419931,80.60640120436784
845.329419681901,5.186203448984427,14.207388575535997,80.60640797547958
845.7195531453515,5.186188792647278,14.207396421681166,80.60641478567156
846.1096956266886,5.186174128818337,14.207404271839472,80.6064215993422
846.4998471309466,5.186159457512099,14.207412126003117,80.60642841648479
846.8900076631519,5.186144778719309,14.207419984177136,80.60643523710355
847.2801772283367,5.186130092464842,14.207427846348075,80.60644206118708
847.6703558315196,5.18611539871455,14.207435712534444,80.606448888751
848.0605434777397,5.186100697491087,14.207443582724016,80.6064557197849
848.4507401720232,5.186085988791154,14.207451456918625,80.60646255429023
848.8409459193999,5.186071272619498,14.207459335115718,80.60646939226478
849.2311607248961,5.186056548956032,14.207467217326172,80.6064762337178
849.6213845935521,5.1860418178220655,14.207475103538513,80.60648307863943
850.0116175303951,5.186027079190387,14.207482993767467,80.60648992704215
850.40185954047,5.1860123330801,14.207490888002743,80.60649677891716
850.7941538905433,5.185997502277228,14.207498827579803,80.60650367014297
851.1864574130076,5.185982663892042,14.207506771218886,80.60651056488908
851.5787701129899,5.1859678179673425,14.207514718896904,80.60651746313575
851.9710919955903,5.185952964474399,14.207522670629356,80.60652436489625
852.3634230659285,5.185938103469874,14.207530626385584,80.60653127014454
852.7557633290893,5.185923234922751,14.207538586182414,80.60653817889484
853.148112790177,5.1859083588393275,14.207546550016437,80.60654509114423
853.5404714542937,5.185893475285985,14.207554517851726,80.60655200686229
853.9328393265001,5.1858785841911486,14.207562489727064,80.60655892608179
854.3252164119027,5.185863685550521,14.207570465644817,80.60656584880465
854.7176027156107,5.185848779449816,14.207578445558596,80.60657277499159
855.1099982426815,5.18583386580595,14.20758642951341,80.60657970468064
855.5044471199351,5.185818866942834,14.207594459092194,80.60658667396497
855.898905320908,5.185803860490556,14.207602492736559,80.60659364677288
856.2933728507676,5.185788846413489,14.207610530465816,80.6066006231207
856.6878497147032,5.185773824750838,14.207618572258776,80.6066076029904
857.0823359178808,5.185758795465349,14.207626618135613,80.60661458639903
857.4768314654901,5.185743758594968,14.207634668075833,80.60662157332919
857.8713363626985,5.185728714109307,14.207642722095901,80.60662856379479
858.2658506146922,5.185713662037089,14.2076507801803,80.60663555778261
858.6603742266407,5.185698602337195,14.20765884235128,80.60664255531152
859.0549072037398,5.185683535064087,14.207666908579395,80.60664955635653
859.4494495511522,5.185668460168839,14.207674978891113,80.60665656094005
859.846046212939,5.185653299566881,14.207683095088026,80.60666360534509
860.2426523465609,5.185638131283335,14.20769121540032,80.60667065331634
860.6392679572778,5.185622955317379,14.207699339828503,80.60667770485412
861.0358930503509,5.185607771724928,14.207707468342306,80.60668475993276
861.4325276310076,5.185592580488202,14.207715600951321,80.60669181856048
861.829171704487,5.185577381613615,14.207723737652186,80.6066988807342
862.2258252760251,5.18556217510199,14.207731878444434,80.60670594645357
862.6224883508581,5.185546960978367,14.207740023314527,80.60671301570711
863.0191609342065,5.185531739215021,14.207748172277556,80.60672008850742
863.4158430313098,5.185516509829551,14.207756325323976,80.60672716484648
863.8125346473969,5.1855012728082714,14.207764482461254,80.60673424473048
864.2092357877061,5.1854860281549735,14.207772643687374,80.60674132815765
864.6079922552935,5.1854706972510725,14.207780851090265,80.60674845165866
865.006758349817,5.185455358589247,14.207789062649775,80.60675557876098
865.4055340766214,5.185440012226083,14.207797278335347,80.60676270943857
865.804319441017,5.185424658130401,14.207805498163825,80.60676984370578
866.2031144483349,5.185409296317095,14.207813722127188,80.60677698155571
866.6019191038968,5.185393926773882,14.207821950232091,80.60678412299403
867.0007334130333,5.185378549524758,14.207830182465598,80.60679126800964
867.3995573810611,5.185363164550243,14.207838418838215,80.60679841661154
867.7983910133087,5.185347771884376,14.20784665933153,80.6068055687841
868.1972343150852,5.185332371505555,14.207854903957273,80.60681272453716
868.5960872917134,5.185316963417607,14.207863152713376,80.60681988386902
868.9969965618737,5.185301468623925,14.207871447889916,80.60682708348615
869.3979156107604,5.1852859660155115,14.207879747253605,80.60683428673087
869.7988444437915,5.18527045563898,14.207888050779296,80.60684149358173
870.1997830663555,5.185254937543998,14.207896358440053,80.60684870401596
870.6007314838118,5.185239411675427,14.207904670265764,80.60685591805881
871.0016897015544,5.185223878055183,14.207912986244638,80.60686313570018
871.4026577249645,5.185208336721164,14.207921306356136,80.6068703569227
871.8036355593999,5.185192787604608,14.207929630637517,80.60687758175787
872.204623210263,5.18517723076855,14.207937959054734,80.60688481017671
872.6056206829165,5.185161666175559,14.207946291628037,80.60689204219639
873.0086753671453,5.185146014345298,14.207954670907123,80.60689931474758
873.4117399782098,5.185130354682651,14.207963054382821,80.60690659093453
873.814814521576,5.185114687173944,14.207971442062542,80.6069138707635
874.2178990027187,5.185099011809347,14.207979833951617,80.60692115423905
874.6209934271204,5.185083328619886,14.207988230033303,80.60692844134681
875.0240978002446,5.185067637584978,14.207996630318732,80.6069357320963
875.4272121275677,5.185051938725377,14.208005034796715,80.60694302647791
875.8303364145548,5.185036232014038,14.20801344348186,80.6069503245041
876.233470666689,5.185020517507366,14.208021856343667,80.60695762614897
876.6366148894176,5.185004795155254,14.20803027340927,80.60696493143547
877.0397690882211,5.184989065013648,14.20803869464842,80.60697224033792
877.4449814671068,5.1849732471641845,14.208047162845386,80.60697958999043
877.8502039282713,5.184957421399245,14.208055635283722,80.60698694331703
878.2554364772709,5.184941587754053,14.208064111944418,80.60699430030152
878.6606791196409,5.184925746261753,14.208072592809486,80.60700166092876
879.0659318608955,5.184909896899816,14.208081077891213,80.60700902520897
879.4711947065649,5.184894039651793,14.208089567198497,80.6070163931497
879.8764676621896,5.184878174561079,14.20809806070788,80.60702376473104
880.2817507332838,5.1848623015875335,14.208106558441155,80.60703113997131
880.6870439253884,5.1848464207645755,14.20811506038023,80.6070385188552
881.092347244023,5.184830532055221,14.208123566545163,80.60704590139962
881.4976606947318,5.1848146354814455,14.208132076924104,80.60705328759445
881.9050332955204,5.184798650669857,14.208140634545233,80.60706071478491
882.3124161358195,5.184782657877655,14.208149196442882,80.60706814567946
882.7198092212655,5.184766657108066,14.208157762615336,80.6070755802766
883.1272125574939,5.184750648404549,14.208166333039129,80.60708301855632
883.5346261501131,5.184734631726972,14.208174907735934,80.6070904605371
883.9420500047584,5.184718607117557,14.208183486682954,80.60709790619948
884.3494841270376,5.1847025745500765,14.208192069894343,80.60710535555557
884.7569285225778,5.184686534069641,14.20820065734575,80.60711280858462
885.1643831969767,5.184670485636414,14.208209249058736,80.60712026530486
885.5718481558589,5.184654429314991,14.208217844998373,80.60712772568664
885.9793234048088,5.184638365082329,14.208226445177122,80.60713518974055
886.3888587757497,5.184622212094077,14.208235092875684,80.60714269503025
886.7984045454095,5.184606051130712,14.208243744847614,80.60715020402168
887.2079607194607,5.184589882178944,14.208252401100122,80.60715771672093
887.6175273035847,5.184573705223232,14.208261061641686,80.60716523313508
888.0271043034738,5.184557520321203,14.20826972644112,80.60717275323768
888.436691724784,5.184541327417978,14.208278395528136,80.60718027705389
888.8462895732072,5.184525126543034,14.208287068886863,80.6071878045701
889.2558978544182,5.184508917695932,14.208295746517537,80.60719533578653
889.6655165740918,5.184492700849152,14.20830442843507,80.60720287071578
890.0751457379222,5.1844764760322635,14.208313114623545,80.6072104093442
890.4847853515847,5.184460243228318,14.208321805092128,80.60721795167956
890.896486061059,5.184443921165103,14.20833054335063,80.60722553548428
891.3081973302507,5.184427591016205,14.208339285942277,80.60723312304152
891.7199191649422,5.184411252798409,14.20834803285802,80.60724071434358
892.131651570907,5.184394906505388,14.208356784101278,80.60724830939333
892.5433945539231,5.18437855214655,14.208365539666968,80.60725590818649
892.9551481197626,5.184362189723593,14.208374299554203,80.6072635107222
893.366912274198,5.184345819238607,14.20838306376185,80.60727111699954
893.7786870230017,5.1843294407432445,14.208391832262004,80.60727872699476
894.1904723719128,5.1843130541738605,14.20840060508909,80.60728634073705
894.602268326713,5.184296659597842,14.20840938220669,80.60729395819547
895.0140748931409,5.184280257021066,14.208418163611627,80.6073015793673
895.4279435314949,5.184263764666125,14.208426993084727,80.60730924224914
895.8418228925741,5.184247264227223,14.208435826889906,80.60731690888288
896.2557129822005,5.184230755698471,14.208444665030315,80.60732457927121
896.669613806201,5.184214239037184,14.208453507529114,80.60733225343371
897.0835253704308,5.184197714316135,14.208462354346963,80.60733993133691
897.4974476806989,5.184181181491379,14.208471205507648,80.60734761300097
897.9113807428433,5.184164640546996,14.208480061019824,80.60735529843318
898.3253245627136,5.184148091538617,14.208488920853455,80.60736298760793
898.7392791461242,5.184131534406873,14.208497785040658,80.60737068055246
899.1532444989285,5.184114969179703,14.208506653566355,80.60737837725394
899.5672206269631,5.184098395845609,14.208515526436816,80.60738607771758
899.9832598053794,5.184081732260056,14.208524447629173,80.60739382011077
900.399309871375,5.184065060455581,14.208533373226517,80.6074015663179
900.8153708309005,5.18404838047274,14.208542303206965,80.60740931632029
901.2314426898804,5.184031692291448,14.208551237581354,80.6074170701272
901.6475254542542,5.184014995950325,14.208560176328861,80.6074248277208
902.0636191299362,5.183998291438921,14.208569119455097,80.60743258910598
902.4797237228488,5.183981578764263,14.208578066956298,80.60744035427943
902.8958392389109,5.183964857938737,14.208587018825813,80.60744812323544
903.3119656840337,5.1839481289573275,14.208595975066322,80.60745589597636
903.7281030641334,5.1839313918739345,14.208604935648731,80.60746367247734
904.1442513850909,5.183914646626133,14.208613900606842,80.60747145276703
904.5624637375312,5.183897810633267,14.208622914151423,80.60747927521531
904.9806871444205,5.183880966450875,14.208631932084975,80.60748710146414
905.3989216117317,5.183864114008734,14.208640954445501,80.60749493154576
905.8171671454845,5.183847253392131,14.208649981186921,80.60750276542095
906.2354237516433,5.183830384571143,14.208659012325434,80.60751060310342
906.6536914361926,5.183813507517421,14.208668047876397,80.60751844460619
907.0719702051376,5.183796622277702,14.208677087814593,80.60752628990771
907.4902600644529,5.183779728817585,14.208686132158654,80.60753413902376
907.9085610193785,5.183762827144601,14.208695180904543,80.60754199195085
908.3268730774255,5.183745917252646,14.208704234055574,80.60754984869179
908.7451962438342,5.183728999160282,14.208713291601766,80.60755770923795
909.1635305245932,5.183712072845123,14.208722353555236,80.60756557359964
909.5839298746754,5.183695055212942,14.20873146440213,80.60757348038493
910.0043404540328,5.183678029258248,14.208740579709891,80.60758139103186
910.4247622687674,5.183660995023375,14.208749699455664,80.60758930552096
910.8451953249553,5.1836439524868645,14.208758823651072,80.60759722386206
911.2656396286876,5.183626901670752,14.208767952284202,80.60760514604505
911.6860951860413,5.183609842619713,14.208777085330885,80.6076130720494
912.1065620030654,5.183592775271668,14.208786222824735,80.6076210019036
912.5270400858503,5.1835756996794835,14.208795364737226,80.60762893558329
912.9475294404531,5.183558615860098,14.208804511059153,80.60763687308075
913.3680300729203,5.1835415237863405,14.208813661805284,80.60764481440837
913.7905967071831,5.183524339934661,14.208822861691964,80.60765279837338
914.2131747354259,5.183507147778876,14.208832066029405,80.60766078619172
914.6357641637809,5.183489947293509,14.208841274831464,80.60766877787503
915.0583649983978,5.183472738469779,14.208850488102904,80.60767677342731
915.4809772454331,5.183455521353198,14.208859705819135,80.60768477282767
915.9036009110146,5.1834382958931124,14.208868928007595,80.6076927760993
916.3262360013041,5.183421062144778,14.208878154638443,80.60770078321677
916.7488825224284,5.183403820048927,14.208887385743745,80.60770879420733
917.1715404805534,5.1833865696451635,14.208896621302145,80.6077168090527
917.5942098818207,5.1833693109101135,14.208905861326304,80.60772482776358
918.0168907323884,5.18335204387222,14.208915105800891,80.6077328503269
918.4416385745935,5.183334684501908,14.208924399713668,80.60774091578442
918.8663979835179,5.18331731673765,14.208933698125826,80.60774898513652
919.2911689653962,5.18329994053003,14.208943001064082,80.60775705840588
919.7159515264971,5.18328255595981,14.208952308484815,80.60776513555538
920.140745673036,5.1832651629646005,14.208961620421729,80.60777321661368
920.5655514112713,5.183247761598319,14.208970936845713,80.60778130155597
920.9903687474265,5.183230351855873,14.208980257759517,80.60778939038461
921.4151976877292,5.1832129337150326,14.208989583175203,80.60779748310976
921.8400382384225,5.18319550723971,14.208998913058245,80.60780557970205
922.2648904057091,5.183178072412194,14.20900824741821,80.6078136801696
922.6897541958036,5.1831606292199135,14.209017586261988,80.6078217845181
923.1166859707614,5.183143093249676,14.209026974782638,80.60782993196769
923.5436294871953,5.183125548842293,14.209036367825892,80.60783808333181
923.970584751412,5.183107995990956,14.209045765395526,80.60784623861352
924.3975517697247,5.18309043472071,14.209055167477965,80.60785439780133
924.8245305484302,5.183072865019402,14.20906457407983,80.60786256090077
925.2515210938341,5.183055286888511,14.209073985200382,80.60787072791112
925.6785234122428,5.183037700344113,14.209083400830938,80.60787889882495
926.1055375099528,5.1830201053492075,14.209092820991525,80.60788707365927
926.5325633932856,5.18300250193959,14.209102245662871,80.60789525239753
926.9596010685405,5.182984890091482,14.209111674857844,80.60790343505067
927.3866505420335,5.1829672698193585,14.209121108568656,80.60791162161198
927.8157689969894,5.182949556210112,14.209130592256583,80.60791985153331
928.2448993701835,5.182931834089884,14.209140080507074,80.60792808540305
928.674041668017,5.182914103431411,14.209149573333473,80.60793632323512
929.1031958969105,5.182896364270078,14.209159070720917,80.607944565009
929.5323620632603,5.182878616592547,14.209168572672363,80.6079528107351
929.9615401734743,5.182860860431958,14.209178079171334,80.6079610603967
930.3907302339387,5.182843095782348,14.209187590221081,80.60796931399656
930.8199322510442,5.182825322622777,14.209197105832938,80.60797757154428
931.2491462311979,5.182807541036862,14.209206625961745,80.6079858330014
931.6783721807501,5.182789750971133,14.2092161506364,80.60799409839247
932.1096680549182,5.182771867119192,14.209225725528968,80.60800240735185
932.5409760197194,5.182753974742618,14.20923530499136,80.60801072026602
932.9722960816069,5.182736073815465,14.209244889037622,80.60801903714692
933.403628247053,5.182718164324169,14.20925447767517,80.60802735800065
933.8349725225402,5.18270024633833,14.209264070866354,80.6080356827953
934.2663289145054,5.182682319793706,14.209273668645936,80.60804401156037
934.6976974294294,5.182664384716424,14.20928327099987,80.6080523442837
935.129078073776,5.182646441117773,14.209292877922069,80.60806068096016
935.5604708540036,5.182628488961619,14.209302489432089,80.60806902160628
935.9918757765947,5.182610528278156,14.209312105513677,80.60807736620816
936.4232928480136,5.182592559052879,14.20932172617469,80.60808571477243
936.8567808476956,5.18257449552966,14.209331397328212,80.60809410714212
937.2902811187597,5.182556423356387,14.209341073119392,80.60810250352421
937.7237936677906,5.18253834256202,14.209350753532627,80.60811090390536
938.1573185013528,5.182520253136814,14.209360438573176,80.60811930829001
938.59085562602,5.182502155107871,14.209370128226398,80.60812771666573
939.0244050483481,5.1824840484499175,14.209379822505989,80.6081361290441
939.4579667749108,5.182465933186526,14.209389521399226,80.60814454541425
939.8915408122673,5.182447809356668,14.209399224885038,80.6081529657583
940.3251271669515,5.182429676907678,14.209408932991932,80.60816139010039
940.7587258455336,5.182411535895978,14.209418645689478,80.60816981841454
941.1943964016566,5.182393300149511,14.20942840911366,80.60817829073683
941.6300794054506,5.182375055727525,14.209438177189169,80.6081867670833
942.0657748635624,5.182356802627311,14.209447949917536,80.60819524745514
942.5014827826415,5.182338540910843,14.20945772726524,80.60820373182392
942.9372031692956,5.182320270553105,14.209467509245869,80.60821222020103
943.372936030151,5.18230199152514,14.20947729587509,80.60822071259976
943.8086813718548,5.182283703880335,14.209487087124073,80.6082292089956
944.2444392010191,5.182265407574032,14.209496883017032,80.60823770940894
944.6802095242871,5.182247102649004,14.209506683530854,80.60824621382014
945.115992348274,5.182228789052277,14.20951648869421,80.60825472225352
945.5538480020674,5.182210380240853,14.209526344841873,80.60826327491728
945.9917162816688,5.182191962676705,14.209536205682593,80.60827183164069
946.429597193823,5.182173536383428,14.209546071203679,80.6082803924129
946.8674907452599,5.182155101328104,14.209555941422927,80.60828895724896
947.3053969427326,5.1821366575796075,14.20956581630318,80.60829752611721
947.7433157929484,5.182118205063495,14.209575695884633,80.60830609905187
948.1812473026665,5.18209974386635,14.20958558012057,80.60831467601308
948.6191914785886,5.182081273914175,14.209595469050953,80.60832325703487
949.0571483274676,5.182062795274675,14.209605362639255,80.60833184208607
949.4951178560109,5.1820443079386065,14.209615260890446,80.60834043117094
949.9351611700067,5.1820257249014,14.209625210386957,80.60834906471163
950.3752172900288,5.182007133070195,14.20963516459878,80.60835770233102
950.8152862228961,5.181988532465733,14.209645123514703,80.60836634401957
951.2553679754147,5.181969923132312,14.209655087110859,80.60837498975683
951.6954625543617,5.181951304998508,14.20966505542586,80.60838363957564
952.1355699665637,5.181932678143108,14.209675028417164,80.60839229343972
952.5756902187956,5.181914042549667,14.209685006093697,80.60840095135664
953.015823317843,5.18189539816242,14.209694988485621,80.60840961335197
953.4559692705325,5.181876745064419,14.209704975548124,80.60841827938745
953.8961280836335,5.181858083193602,14.209714967314756,80.60842694949164
954.3383616411124,5.1818393251513335,14.209725010579128,80.60843566426954
954.7806081866692,5.181820558253779,14.209735058591958,80.60844438315426
955.2228677272122,5.181801782523179,14.20974511133977,80.60845310613705
955.665140269636,5.181782997933296,14.209755168841252,80.60846183322545
956.1074258208538,5.181764204510664,14.209765231077611,80.60847056441173
956.5497243877614,5.181745402236491,14.209775298060526,80.60847929970298
956.9920359772701,5.181726591144866,14.209785369771625,80.60848803908351
957.4343605962674,5.181707771194173,14.20979544623337,80.60849678257246
957.8766982516711,5.1816889424580355,14.209805527406019,80.60850553013594
958.3190489503498,5.1816701048630165,14.209815613329265,80.60851428180771
958.7634753560259,5.181651170655697,14.20982575098672,80.60852307835758
959.2079149339436,5.18163222754556,14.209835893418205,80.60853187903624
959.6523676910915,5.18161327554617,14.209846040616494,80.60854068383733
960.0968336344501,5.181594314651938,14.209856192584633,80.60854949276343
960.5413127710051,5.181575344909617,14.209866349297354,80.60855830579303
960.9858051077109,5.181556366314353,14.209876510757342,80.6085671229283
961.4303106515265,5.181537378810304,14.209886676994806,80.60857594419488
961.8748294094504,5.181518382508994,14.209896847949533,80.60858476954147
962.3193613884054,5.181499377330847,14.209907023664536,80.60859359900462
962.7639065953703,5.1814803632780215,14.2099172041387,80.60860243258328
963.2105284754709,5.1814612521316095,14.209927436605438,80.60861131126296
963.6571637138362,5.181442132007551,14.209937673886714,80.60862019410573
964.1038123175547,5.18142300293896,14.209947915964708,80.60862908109634
964.5504742936939,5.1814038649258,14.209958162839472,80.60863797223473
964.9971496493217,5.181384717965045,14.209968414512666,80.6086468675223
965.4438383915101,5.181365562053066,14.209978670986287,80.60865576696065
965.8905405273338,5.181346397201017,14.209988932254337,80.60866467054466
966.3372560638621,5.181327223406442,14.209999198318176,80.60867357827539
966.7839850081665,5.181308040679119,14.210009469172538,80.60868249014834
967.2327915334605,5.181288760365676,14.210019792284005,80.60869144735032
967.6816115980844,5.181269471026629,14.210030120235892,80.60870040873748
968.1304452092088,5.181250172698886,14.210040453008292,80.60870937429283
968.5792923739785,5.181230865364028,14.210050790611161,80.60871834402481
969.0281530995534,5.181211549045568,14.210061133031868,80.60872731792257
969.4770273930778,5.181192223742868,14.210071480270726,80.6087362959864
969.9259152616975,5.181172889492804,14.21008183230788,80.60874527819931
970.3748167125337,5.181153546241176,14.210092189172663,80.60875426458615
970.8237317527474,5.181134194027493,14.210102550843748,80.60876325512876
971.2726603894724,5.181114832884573,14.210112917303471,80.60877224981195
971.7236675807637,5.1810953736628615,14.2101233362848,80.60878129005233
972.1746885014198,5.181075905421846,14.210133760103188,80.60879033447496
972.6257231586559,5.1810564281185805,14.21014418878187,80.60879938309955
973.0767715597177,5.181036941750947,14.210154622322028,80.60880843592703
973.5278337118548,5.1810174463390615,14.210165060712846,80.60881749294809
973.9789096223034,5.180997941882443,14.210175503954614,80.60882655416295
974.4299992983008,5.180978428364141,14.210185952056511,80.60883561957934
974.8811027470987,5.180958905793223,14.210196405013692,80.60884468919308
975.3322199759425,5.180939374169097,14.210206862826494,80.6088537630044
975.7833509920799,5.180919833508537,14.210217325485907,80.60886284100556
976.2365615405416,5.180900194305097,14.210227840916042,80.60887196477886
976.6897860105175,5.180880545972872,14.21023836124241,80.60888109278473
977.1430244093491,5.1808608885055545,14.21024888646844,80.608890225026
977.5962767443842,5.180841221953701,14.210259416566847,80.60889936147946
978.049543022936,5.180821546292551,14.210269951550995,80.60890850215645
978.502823252337,5.18080186153756,14.210280491412613,80.60891764704982
978.9561174399092,5.180782167690119,14.21029103615096,80.60892679615893
979.4094255929758,5.180762464789679,14.21030158574475,80.60893594946556
979.8627477188327,5.18074275279421,14.210312140216748,80.60894510698904
980.31815029479,5.1807229418405125,14.21032274768235,80.60895431047715
980.7735669790285,5.180703121771004,14.21033336003717,80.60896351819183
981.2289977789297,5.180683292504031,14.210343977325335,80.60897273017063
981.6844427019355,5.180663454102576,14.210354599512879,80.60898194638455
982.139901755444,5.180643606562,14.210365226602345,80.60899116683565
982.5953749468571,5.18062374984924,14.210375858611618,80.60900039153914
983.0508622836023,5.1806038839963,14.210386495523474,80.60900962048024
983.5063637730859,5.18058400898636,14.210397137347048,80.6090188536666
983.9618794227271,5.1805641248237375,14.210407784080006,80.60902809109626
984.4174092399431,5.180544231498078,14.210418435728013,80.60903733277391
984.8750204931406,5.180524238744234,14.210429140621992,80.60904662063378
985.332646050764,5.180504236732589,14.210439850481954,80.60905591278545
985.7902859203481,5.180484225478458,14.210450565299684,80.60906520922187
986.2479401094175,5.180464204985409,14.210461285073261,80.60907450994132
986.7056086254958,5.180444175268494,14.2104720097946,80.6090838149369
987.163291476097,5.180424136335115,14.210482739459703,80.60909312420517
987.6209886687318,5.180404088194046,14.210493474063842,80.60910243774211
988.078700210905,5.180384030871358,14.210504213592989,80.60911175553565
988.5364261101056,5.18036396432057,14.21051495807227,80.60912107760716
988.9962343702739,5.180343797945721,14.21052575600988,80.6091304460444
989.456057125598,5.18032362229361,14.21053655892393,80.60913981878247
989.915894383677,5.1803034373373045,14.21054736682907,80.60914919583362
990.3757461521308,5.180283243150382,14.210558179685592,80.60915857716402
990.835612438527,5.180263039703796,14.210568997509185,80.60916796278703
991.2954932504567,5.1802428269642435,14.210579820317923,80.60917735271784
991.7553885955357,5.180222605011388,14.210590648068797,80.60918674691982
992.2152984813231,5.180202373771603,14.210601480801605,80.6091961454268
992.6752229154333,5.180182133270208,14.210612318502742,80.60920554822705
993.1372306389579,5.180161792474798,14.210623209914697,80.60921499761051
993.5992530502506,5.180141442293673,14.210634106361766,80.60922445134456
994.06129015704,5.180121082768915,14.210645007821304,80.60923390940978
994.5233419670258,5.180100713895299,14.210655914296133,80.60924337180857
994.9854084879115,5.1800803356763865,14.21066682578435,80.60925283853926
995.447489727401,5.180059948119502,14.210677742282025,80.60926230959848
995.9095856931933,5.180039551240803,14.210688663780472,80.60927178497872
996.3716963929782,5.18001914505213,14.21069959027329,80.60928126467458
996.8338218344369,5.179998729530335,14.210710521773043,80.60929074869662
997.2980314975811,5.179978213284709,14.210721507214332,80.60930027950096
997.7622560431686,5.17995768764736,14.210732497693945,80.60930981465869
998.2264954789838,5.179937152624026,14.21074349320888,80.6093193541671
998.6907498128086,5.179916608185296,14.210754493775038,80.60932889803966
999.1550190524474,5.179896054428177,14.210765499340061,80.60933844623176
999.6193032056353,5.179875491274396,14.210776509946237,80.60934799877937
1000.0836022801669,5.179854918728591,14.21078752559115,80.60935755568026
1000.5479162838338,5.17983433686405,14.210798546235267,80.60936711690067
1001.0122452243758,5.1798137455927336,14.210809571926134,80.60937668248114
1001.4765891095982,5.17979314498709,14.210820602624722,80.60938625238818
1001.9430182198547,5.179772443150048,14.210831687537558,80.6093958693124
1002.409462416936,5.179751731835071,14.210842777535436,80.6094054906295
1002.8759217087427,5.179731011079617,14.21085387259821,80.60941511632217
1003.34239610315,5.1797102808648425,14.21086497273605,80.6094247463991
1003.8088856080484,5.179689541181817,14.210876077953817,80.60943438086437
1004.2753902313362,5.179668792078821,14.210887188225477,80.6094440196957
1004.7419099808784,5.1796480335140185,14.210898303573623,80.60945366291236
1005.208444864571,5.1796272655369835,14.210909423971543,80.60946331049148
1005.6749948902765,5.179606488115183,14.210920549436784,80.60947296244804
1006.1436310813751,5.179585609061552,14.210931729331227,80.60948266160722
1006.6122825579781,5.179564720467067,14.210942914344674,80.60949236518826
1007.0809493280852,5.179543822423972,14.210954104427378,80.60950207314865
1007.5496313996314,5.179522914859596,14.210965299618602,80.6095117855218
1008.0183287806047,5.179501997799029,14.210976499904888,80.60952150229608
1008.4870414789772,5.179481071302183,14.210987705253867,80.60953122344395
1008.9557695026785,5.17946013530462,14.21099891570038,80.60954094899499
1009.4245128596872,5.179439189833117,14.21101013123005,80.60955067893683
1009.8932715579629,5.179418234916611,14.211021351827268,80.60956041325612
1010.3641173658723,5.179397177882215,14.211032627114871,80.60957019500292
1010.8349786598783,5.179376111308774,14.211043907520631,80.6095799811706
1011.3058554480336,5.1793550351589985,14.211055193064714,80.60958977177629
1011.7767477384197,5.179333949462647,14.211066483731122,80.60959956680624
1012.2476555390978,5.179312854209806,14.211077779525228,80.60960936626496
1012.7185788581377,5.179291749393174,14.211089080451014,80.60961917015581
1013.1895177036168,5.179270635018525,14.211100386505409,80.60962897847607
1013.6604720836086,5.179249511103649,14.211111697678847,80.6096387912175
1014.1314420061761,5.179228377621052,14.211123013986168,80.60964860839277
1014.6044999868941,5.179207141607653,14.211134385205618,80.60965847318673
1015.0775736564,5.179185895948237,14.21114576160102,80.60966834245073
1015.5506630228795,5.179164640687917,14.211157143148078,80.609678216164
1016.0237680944869,5.17914337578256,14.211168529870626,80.60968809434681
1016.4968888794104,5.179122101302141,14.211179921730945,80.60969797696691
1016.9700253857885,5.179100817241271,14.211191318731931,80.60970786402679
1017.4431776217648,5.179079523584725,14.21120272088188,80.6097177555334
1017.9163455954954,5.179058220322217,14.21121412818639,80.6097276514914
1018.3916025100268,5.179036814164101,14.211225590598819,80.60973759523708
1018.8668753097791,5.179015398326343,14.211237058205395,80.60974754346826
1019.3421640030161,5.178993972791391,14.211248531015652,80.60975749619296
1019.8174685980172,5.178972537647505,14.211260008981998,80.6097674533705
1020.2927891029976,5.1789510928174,14.211271492146166,80.60977741503643
1020.7681255262314,5.178929638334419,14.211282980490218,80.60978738117537
1021.243477875969,5.178908174208365,14.21129447400892,80.6097973517827
1021.7188461604558,5.178886700410895,14.211305972717591,80.6098073268715
1022.1942303879592,5.1788652169494895,14.211317476612257,80.60981730643826
1022.6717045129304,5.17884363010748,14.211329035875586,80.60982733401694
1023.1491947297899,5.1788220334965125,14.211340600381412,80.60983736612208
1023.6267010469243,5.17880042713398,14.211352170120396,80.60984740274563
1024.0,5.178783529227301,14.211361218602129,80.60985525217058
