вид;T, °C;Ni, ат. %;Cr, ат. %;Mo, ат. %;фазовый набор;фаз;в экспериментальном поле P (1100 °C);pdens;BCC_B2, мольн. %;DELTA, мольн. %;D_NIMO, мольн. %;FCC_A1, мольн. %;MU_PHASE, мольн. %;P_PHASE, мольн. %;SIGMA, мольн. %;до устойчивости D_NIMO, Дж/моль;до устойчивости MU_PHASE, Дж/моль;до устойчивости P_PHASE, Дж/моль;до устойчивости SIGMA, Дж/моль
ребро Ni–Mo;600,0;65,0;0,0;35,0;DELTA + D_NIMO;2;нет;100;0,0;57,988238734474166;42,011761261563755;0,0;0,0;0,0;0,0;2,7539230359252542e-05;1656,2175483157334;24911,04128145941;2482,18875200006
ребро Ni–Mo;600,0;62,5;0,0;37,5;DELTA + D_NIMO;2;нет;100;0,0;47,57925217892491;52,420747820877786;0,0;0,0;0,0;0,0;2,772649168036878e-05;1656,2178596961094;24398,077340919423;2482,189064823753
ребро Ni–Mo;600,0;60,0;0,0;40,0;DELTA + D_NIMO;2;нет;100;0,0;37,17027848362965;62,82972151630478;0,0;0,0;0,0;0,0;2,8019858291372657e-05;1656,2183454715196;23757,95426865114;2482,1895528508394
ребро Ni–Mo;600,0;57,5;0,0;42,5;DELTA + D_NIMO;2;нет;100;0,0;26,761332920311204;73,23866708010254;0,0;0,0;0,0;0,0;2,854523336282e-05;1656,2192091368706;22906,09597730392;2482,1904205194587
ребро Ni–Mo;600,0;55,0;0,0;45,0;DELTA + D_NIMO;2;нет;100;0,0;16,35246907265693;83,6475309273462;0,0;0,0;0,0;0,0;2,9757648007944226e-05;1656,221172303245;21628,956165006304;2482,1923927854295
ребро Ni–Mo;600,0;52,5;0,0;47,5;DELTA + D_NIMO;2;нет;100;0,0;5,944116550251374;94,05588344974996;0,0;0,0;0,0;0,0;3,5527744330465794e-05;1656,223739508183;19005,1748240225;2482,201271992264
ребро Ni–Mo;600,0;50,0;0,0;50,0;D_NIMO + FCC_A1;2;нет;100;0,0;0,0;99,99923472901557;0,0007652711251526768;0,0;0,0;0,0;7,916628965176642e-05;1263,8277997059195;321,8080256687608;338,3400303451999
ребро Ni–Mo;600,0;47,5;0,0;52,5;BCC_B2 + D_NIMO;2;нет;100;3,8213575515110545;0,0;96,1786424487117;0,0;0,0;0,0;0,0;2,0815808966290206e-05;1789,4902670274678;17235,95860329592;2478,8229686696723
ребро Ni–Mo;600,0;45,0;0,0;55,0;BCC_B2 + D_NIMO;2;нет;100;8,88727683859147;0,0;91,11272316124676;0,0;0,0;0,0;0,0;2,382714592386037e-05;1789,4999138160638;19424,26872457833;2478,816753182895
ребро Ni–Mo;600,0;42,5;0,0;57,5;BCC_B2 + D_NIMO;2;нет;100;13,953332570456453;0,0;86,04666743128777;0,0;0,0;0,0;0,0;2,4687338736839592e-05;1789,5025558496855;20593,85742110751;2478,8150509622865
ребро Ni–Mo;650,0;65,0;0,0;35,0;DELTA + D_NIMO;2;нет;100;0,0;57,695528438891145;42,304471565166644;0,0;0,0;0,0;0,0;2,9106719011906534e-05;1489,9435930720065;26554,94220443745;2277,0361690912396
ребро Ni–Mo;650,0;62,5;0,0;37,5;DELTA + D_NIMO;2;нет;100;0,0;47,24703184501098;52,752968154986654;0,0;0,0;0,0;0,0;2,889224560931325e-05;1489,9439137268564;26007,26834539279;2277,0365995419634
ребро Ni–Mo;650,0;60,0;0,0;40,0;DELTA + D_NIMO;2;нет;100;0,0;36,79855260230184;63,20144743735081;0,0;0,0;0,0;0,0;2,8557675250340253e-05;1489,9444164742235;25322,144643676656;2277,037274435177
ребро Ni–Mo;650,0;57,5;0,0;42,5;DELTA + D_NIMO;2;нет;100;0,0;26,35010301688925;73,64989698306482;0,0;0,0;0,0;0,0;2,7962560125160962e-05;1489,9453179254779;24406,60730811316;2277,0384845509398
ребро Ni–Mo;650,0;55,0;0,0;45,0;DELTA + D_NIMO;2;нет;100;0,0;15,901754908719692;84,0982450912779;0,0;0,0;0,0;0,0;2,660953759914264e-05;1489,947403988168;23022,167789455416;2277,0412848908018
ребро Ni–Mo;650,0;52,5;0,0;47,5;DELTA + D_NIMO;2;нет;100;0,0;5,454078359894389;94,54592164010589;0,0;0,0;0,0;0,0;2,0545892766676843e-05;1489,9574820006092;20088,90746252168;2277,05481349778
ребро Ni–Mo;650,0;50,0;0,0;50,0;D_NIMO + FCC_A1;2;нет;100;0,0;0,0;99,9991352697164;0,0008647304461262601;0,0;0,0;0,0;7,616840593982488e-05;1184,6625374260984;993,6301305362867;530,9815560249335
ребро Ni–Mo;650,0;47,5;0,0;52,5;BCC_B2 + D_NIMO;2;нет;100;3,6331848129543314;0,0;96,36681518714745;0,0;0,0;0,0;0,0;4,423112841323018e-06;1631,0806371517683;18502,849745125357;2305,740186132927
ребро Ni–Mo;650,0;45,0;0,0;55,0;BCC_B2 + D_NIMO;2;нет;100;8,71127966094119;0,0;91,28872033968764;0,0;0,0;0,0;0,0;2,9981019906699657e-06;1631,0918233195043;20900,067758065263;2305,7351956531493
ребро Ni–Mo;650,0;42,5;0,0;57,5;BCC_B2 + D_NIMO;2;нет;100;13,789539723482882;0,0;86,21046027887944;0,0;0,0;0,0;0,0;2,6685738703235984e-06;1631,0947707085434;22159,09525032134;2305,7338808023123
ребро Ni–Mo;750,0;65,0;0,0;35,0;DELTA + D_NIMO;2;нет;100;0,0;57,05253308603587;42,94746691397225;0,0;0,0;0,0;0,0;5,637558933813125e-05;1189,0952758145868;29848,132184024485;1894,5841555070729
ребро Ni–Mo;750,0;62,5;0,0;37,5;DELTA + D_NIMO;2;нет;100;0,0;46,51082709278291;53,48917290215791;0,0;0,0;0,0;0,0;5,6000186305027455e-05;1189,0956105089936;29227,4674164971;1894,5847977239973
ребро Ni–Mo;750,0;60,0;0,0;40,0;DELTA + D_NIMO;2;нет;100;0,0;35,96914321464611;64,03085678479823;0,0;0,0;0,0;0,0;5,54073994862847e-05;1189,0961413866025;28446,57989573894;1894,5858163778757
ребро Ni–Mo;750,0;57,5;0,0;42,5;DELTA + D_NIMO;2;нет;100;0,0;25,427507990600063;74,57249200940387;0,0;0,0;0,0;0,0;5,4331234423443675e-05;1189,0971124454372;27392,846021216385;1894,5876796489247
ребро Ni–Mo;750,0;55,0;0,0;45,0;DELTA + D_NIMO;2;нет;100;0,0;14,886025191473706;85,11397480852537;0,0;0,0;0,0;0,0;5,1774419262073934e-05;1189,0994588192261;25766,180454947178;1894,5921818391216
ребро Ni–Mo;750,0;52,5;0,0;47,5;DELTA + D_NIMO;2;нет;100;0,0;4,34580478626306;95,6541952155536;0,0;0,0;0,0;0,0;3,805171581916511e-05;1189,1131869320016;22025,603242573932;1894,618522020537
ребро Ni–Mo;750,0;50,0;0,0;50,0;D_NIMO + FCC_A1;2;нет;100;0,0;0,0;99,99887179468496;0,0011282055823265593;0,0;0,0;0,0;7,04619669704698e-05;1011,0076068468479;2486,6049073061586;890,8911875704725
ребро Ni–Mo;750,0;47,5;0,0;52,5;BCC_B2 + D_NIMO;2;нет;100;3,23299958873345;0,0;96,76700041122066;0,0;0,0;0,0;0,0;8,057542436290532e-05;1343,7799291967967;20975,357071546438;1979,9643177835023
ребро Ni–Mo;750,0;45,0;0,0;55,0;BCC_B2 + D_NIMO;2;нет;100;8,339422325484978;0,0;91,66057767449065;0,0;0,0;0,0;0,0;9,002911247080192e-05;1343,795111110303;23854,27780284537;1979,962446408841
ребро Ni–Mo;750,0;42,5;0,0;57,5;BCC_B2 + D_NIMO;2;нет;100;13,446092198567824;0,0;86,55390780214817;0,0;0,0;0,0;0,0;9,238042548531666e-05;1343,798761691658;25305,604810343873;1979,961996513499
ребро Ni–Mo;800,0;65,0;0,0;35,0;DELTA + D_NIMO;2;нет;100;0,0;56,70720342427285;43,29279657525535;0,0;0,0;0,0;0,0;0,00017845656839199364;1053,0439723503878;31499,457915205814;1718,6699160058051
ребро Ni–Mo;800,0;62,5;0,0;37,5;DELTA + D_NIMO;2;нет;100;0,0;46,10622619796473;53,893773802758204;0,0;0,0;0,0;0,0;0,00017770277190720662;1053,0443057233788;30839,96662530297;1718,670647720006
ребро Ni–Mo;800,0;60,0;0,0;40,0;DELTA + D_NIMO;2;нет;100;0,0;35,505275240434244;64,49472475966097;0,0;0,0;0,0;0,0;0,00017650217341724783;1053,0448381712486;30007,39713077848;1718,6718163759724
ребро Ni–Mo;800,0;57,5;0,0;42,5;DELTA + D_NIMO;2;нет;100;0,0;24,904384268606012;75,09561573138966;0,0;0,0;0,0;0,0;0,000174290245922748;1053,0458239112777;28877,288689159614;1718,673979938234
ребро Ni–Mo;800,0;55,0;0,0;45,0;DELTA + D_NIMO;2;нет;100;0,0;14,303690188282475;85,69630983930236;0,0;0,0;0,0;0,0;0,00016886000958038494;1053,0482707672854;27110,208677472343;1718,6793503748559
ребро Ni–Mo;800,0;52,5;0,0;47,5;DELTA + D_NIMO;2;нет;100;0,0;3,704840126966296;96,29515987189573;0,0;0,0;0,0;0,0;0,00013459456386044621;1053,0647178672516;22805,523161489415;1718,7154463229963
ребро Ni–Mo;800,0;50,0;0,0;50,0;D_NIMO + FCC_A1;2;нет;100;0,0;0,0;99,9986954318687;0,0013045681380446125;0,0;0,0;0,0;6,779666000511497e-05;923,0567492942646;3315,4312159169785;1054,3488823551234
ребро Ni–Mo;800,0;47,5;0,0;52,5;BCC_B2 + D_NIMO;2;нет;100;3,018354286541487;0,0;96,98164571346383;0,0;0,0;0,0;0,0;0,00029891276062699035;1213,4626561310215;22168,276339348056;1827,5957519769436
ребро Ni–Mo;800,0;45,0;0,0;55,0;BCC_B2 + D_NIMO;2;нет;100;8,141403948170305;0,0;91,8585960520229;0,0;0,0;0,0;0,0;0,00032028274290496483;1213,4810594933879;25330,23184272756;1827,5958338799755
ребро Ni–Mo;800,0;42,5;0,0;57,5;BCC_B2 + D_NIMO;2;нет;100;13,264759910863939;0,0;86,73524009056017;0,0;0,0;0,0;0,0;0,0003252486349083483;1213,4852474192085;26885,797194557046;1827,5958526206377
ребро Ni–Mo;850,0;65,0;0,0;35,0;DELTA + D_NIMO;2;нет;100;0,0;56,34514295063385;43,65485705028981;0,0;0,0;0,0;0,0;3,082375769736245e-05;925,5267130420834;33154,75281804972;1553,386500620698
ребро Ni–Mo;850,0;62,5;0,0;37,5;DELTA + D_NIMO;2;нет;100;0,0;45,67149060960177;54,328509391010506;0,0;0,0;0,0;0,0;3,046870551770553e-05;925,52704027234;32454,30065470132;1553,387313242878
ребро Ni–Mo;850,0;60,0;0,0;40,0;DELTA + D_NIMO;2;нет;100;0,0;34,99787064294785;65,00212935709497;0,0;0,0;0,0;0,0;2,9901442758273333e-05;925,5275671019481;31566,530377531773;1553,3886215305174
ребро Ni–Mo;850,0;57,5;0,0;42,5;DELTA + D_NIMO;2;нет;100;0,0;24,32432572822127;75,67567427178412;0,0;0,0;0,0;0,0;2,8850619855802506e-05;925,5285562858408;30353,17536029924;1553,3910779716389
ребро Ni–Mo;850,0;55,0;0,0;45,0;DELTA + D_NIMO;2;нет;100;0,0;13,651034033056655;86,34896598283474;0,0;0,0;0,0;0,0;2,62426765402779e-05;925,5310923244397;28426,60571433969;1553,39737559059
ребро Ni–Mo;850,0;52,5;0,0;47,5;DELTA + D_NIMO;2;нет;100;0,0;2,9806842453630957;97,01931575545201;0,0;0,0;0,0;0,0;9,58107557380572e-06;925,5517864429785;23351,801710731845;1553,4487574245359
ребро Ni–Mo;850,0;50,0;0,0;50,0;D_NIMO + FCC_A1;2;нет;100;0,0;0,0;99,99847771858774;0,001522280915690933;0,0;0,0;0,0;6,529050733661279e-05;837,0757053058842;4205,156268570849;1187,8639918888293
ребро Ni–Mo;850,0;47,5;0,0;52,5;BCC_B2 + D_NIMO;2;нет;100;2,7920041724908624;0,0;97,20799582755143;0,0;0,0;0,0;0,0;3,1169067369773984e-05;1088,8639077018597;23320,3680192733;1682,2994194604544
ребро Ni–Mo;850,0;45,0;0,0;55,0;BCC_B2 + D_NIMO;2;нет;100;7,9336564438208885;0,0;92,06634355675376;0,0;0,0;0,0;0,0;3,9822960388846695e-05;1088,88582230443;26803,42411295617;1682,3019923391548
ребро Ni–Mo;850,0;42,5;0,0;57,5;BCC_B2 + D_NIMO;2;нет;100;13,075692798380489;0,0;86,92430720169446;0,0;0,0;0,0;0,0;4,180807445663959e-05;1088,890502056318;28469,797443694173;1682,3025418854013
ребро Ni–Mo;900,0;65,0;0,0;35,0;D_NIMO + FCC_A1;2;нет;100;0,0;0,0;51,50325702412963;48,49674297624648;0,0;0,0;0,0;5,4121846915222704e-06;809,8813467856089;41893,60147471268;1409,818048146859
ребро Ni–Mo;900,0;62,5;0,0;37,5;D_NIMO + FCC_A1;2;нет;100;0,0;0,0;60,69797894314149;39,30202105696967;0,0;0,0;0,0;5,249414243735373e-06;809,8816840959407;41161,2631346574;1409,8188723895946
ребро Ni–Mo;900,0;60,0;0,0;40,0;D_NIMO + FCC_A1;2;нет;100;0,0;0,0;69,8926686242173;30,107331375865265;0,0;0,0;0,0;4,992594767827541e-06;809,8822274417034;40232,83412656136;1409,8202000873353
ребро Ni–Mo;900,0;57,5;0,0;42,5;D_NIMO + FCC_A1;2;нет;100;0,0;0,0;79,08728354088814;20,912716459263844;0,0;0,0;0,0;4,5272536226548254e-06;809,8832485882522;38963,328965839384;1409,8226952947807
ребро Ni–Mo;900,0;55,0;0,0;45,0;D_NIMO + FCC_A1;2;нет;100;0,0;0,0;88,2816477740555;11,718352225911048;0,0;0,0;0,0;3,4361291909590364e-06;809,8858722447258;36945,52735140052;1409,8291061406708
ребро Ni–Mo;900,0;52,5;0,0;47,5;D_NIMO + FCC_A1;2;нет;100;0,0;0,0;97,47302633089964;2,526973669076018;0,0;0,0;0,0;1,7134880181401968e-07;809,9075867365027;31600,47595855753;1409,8821566956904
ребро Ni–Mo;900,0;50,0;0,0;50,0;D_NIMO + FCC_A1;2;нет;100;0,0;0,0;99,99820635620092;0,0017936434880535719;0,0;0,0;0,0;6,297243089647964e-05;754,3109747841081;5160,913776184047;1277,6282291951575
ребро Ni–Mo;900,0;47,5;0,0;52,5;BCC_B2 + D_NIMO;2;нет;100;2,5522392159484952;0,0;97,44776078392935;0,0;0,0;0,0;0,0;0,00016848681843839586;970,5073750025113;24418,555926896363;1544,0389326859076
ребро Ni–Mo;900,0;45,0;0,0;55,0;BCC_B2 + D_NIMO;2;нет;100;7,71473329060994;0,0;92,28526670959481;0,0;0,0;0,0;0,0;0,00019219690148020163;970,5338810096582;28271,987070409414;1544,0446309136896
ребро Ni–Mo;900,0;42,5;0,0;57,5;BCC_B2 + D_NIMO;2;нет;100;12,87771640137437;0,0;87,12228359943266;0,0;0,0;0,0;0,0;0,00019708161562448367;970,5391348182748;30056,87638293692;1544,0457605162446
ребро Ni–Mo;950,0;65,0;0,0;35,0;D_NIMO + FCC_A1;2;нет;100;0,0;0,0;49,82877640040543;50,17122359945254;0,0;0,0;0,0;0,00018303045362699777;702,3863332209585;43717,08245672703;1280,7402547826641
ребро Ni–Mo;950,0;62,5;0,0;37,5;D_NIMO + FCC_A1;2;нет;100;0,0;0,0;59,276026302800425;40,72397369719105;0,0;0,0;0,0;0,00018405944138066843;702,3866907532865;42959,32687644269;1280,741060334105
ребро Ni–Mo;950,0;60,0;0,0;40,0;D_NIMO + FCC_A1;2;нет;100;0,0;0,0;68,72323916015415;31,276760839920666;0,0;0,0;0,0;0,00018571599503047764;702,3872642780552;42000,649976565925;1280,7423525278573
ребро Ni–Mo;950,0;57,5;0,0;42,5;D_NIMO + FCC_A1;2;нет;100;0,0;0,0;78,17036689449898;21,82963310548501;0,0;0,0;0,0;0,00018882624135585502;702,388334227122;40694,493398782404;1280,7447631773466
ребро Ni–Mo;950,0;55,0;0,0;45,0;D_NIMO + FCC_A1;2;нет;100;0,0;0,0;87,61721464401926;12,38278535604117;0,0;0,0;0,0;0,00019150233129039407;702,39103680876;38635,16261372097;1280,7508520868942
ребро Ni–Mo;950,0;52,5;0,0;47,5;D_NIMO + FCC_A1;2;нет;100;0,0;0,0;97,06108424746263;2,9389157525497476;0,0;0,0;0,0;0,0001370639438391663;702,4111120478701;33410,65663128224;1280,7960750911225
ребро Ni–Mo;950,0;50,0;0,0;50,0;D_NIMO + FCC_A1;2;нет;100;0,0;0,0;99,99786499098666;0,0021350090167938937;0,0;0,0;0,0;6,087196379667148e-05;675,5683634780362;6188,182108999732;1199,6297769187804
ребро Ni–Mo;950,0;47,5;0,0;52,5;BCC_B2 + D_NIMO;2;нет;100;2,2971855253957325;0,0;97,70281447488857;0,0;0,0;0,0;0,0;1,2619246263056993e-05;857,3788663640735;25444,33665277633;1412,733664038613
ребро Ni–Mo;950,0;45,0;0,0;55,0;BCC_B2 + D_NIMO;2;нет;100;7,483034377883996;0,0;92,51696562244143;0,0;0,0;0,0;0,0;2,1555941202677786e-05;857,4113927559374;29733,666526997986;1412,743387185379
ребро Ni–Mo;950,0;42,5;0,0;57,5;BCC_B2 + D_NIMO;2;нет;100;12,669517817694153;0,0;87,33048218307945;0,0;0,0;0,0;0,0;2,343110099900514e-05;857,4172911317728;31646,185100589588;1412,7451505712888
ребро Ni–Mo;1000,0;65,0;0,0;35,0;D_NIMO + FCC_A1;2;нет;100;0,0;0,0;48,1169961668201;51,88300383290233;0,0;0,0;0,0;5,1341907237656415e-05;599,2385485779741;45561,51806757723;1158,6759849006485
ребро Ni–Mo;1000,0;62,5;0,0;37,5;D_NIMO + FCC_A1;2;нет;100;0,0;0,0;57,82746224272578;42,17253775748037;0,0;0,0;0,0;5,193348624743521e-05;599,2389237248572;44778,093534360145;1158,6767757365524
ребро Ni–Mo;1000,0;60,0;0,0;40,0;D_NIMO + FCC_A1;2;нет;100;0,0;0,0;67,53788518736937;32,46211481268899;0,0;0,0;0,0;5,288604006636888e-05;599,2395233165807;43788,719790719304;1158,6780397100665
ребро Ni–Mo;1000,0;57,5;0,0;42,5;D_NIMO + FCC_A1;2;нет;100;0,0;0,0;77,24820973092986;22,751790269124882;0,0;0,0;0,0;5,467457958729938e-05;599,2406347321084;42444,96575735387;1158,6803826119358
ребро Ni–Mo;1000,0;55,0;0,0;45,0;D_NIMO + FCC_A1;2;нет;100;0,0;0,0;86,95821611010719;13,041783889905991;0,0;0,0;0,0;5,757711187470704e-05;599,2434012146987;40341,068255393795;1158,6862143085455
ребро Ni–Mo;1000,0;52,5;0,0;47,5;D_NIMO + FCC_A1;2;нет;100;0,0;0,0;96,66512700500427;3,334872995014368;0,0;0,0;0,0;3,044793993467465e-05;599,2622758644575;35184,92181063541;1158,7259962933385
ребро Ni–Mo;1000,0;50,0;0,0;50,0;D_NIMO + FCC_A1;2;нет;100;0,0;0,0;99,99743184945036;0,0025681498182690394;0,0;0,0;0,0;5,901630356675014e-05;601,3570458776012;7292,494978091083;1113,8688303283852
ребро Ni–Mo;1000,0;47,5;0,0;52,5;BCC_B2 + D_NIMO;2;нет;100;2,024837991035575;0,0;97,97516200895431;0,0;0,0;0,0;0,0;0,00018757147336145863;748,6590127467789;26370,440269796396;1288,2706409956954
ребро Ni–Mo;1000,0;45,0;0,0;55,0;BCC_B2 + D_NIMO;2;нет;100;7,236835978183836;0,0;92,76316402172952;0,0;0,0;0,0;0,0;0,0001517446435173042;748,6999127689123;31185,734619514697;1288,2860602787769
ребро Ni–Mo;1000,0;42,5;0,0;57,5;BCC_B2 + D_NIMO;2;нет;100;12,449677817044396;0,0;87,55032218278225;0,0;0,0;0,0;0,0;0,00014627572818426415;748,7065660373846;33236,736354089924;1288,2885687804155
ребро Ni–Mo;1050,0;65,0;0,0;35,0;D_NIMO + FCC_A1;2;нет;100;0,0;0,0;46,37107166179948;53,62892833809316;0,0;0,0;0,0;5,3274561651051044e-08;499,5086394246173;47426,13960744097;1043,3834376684972
ребро Ni–Mo;1050,0;62,5;0,0;37,5;D_NIMO + FCC_A1;2;нет;100;0,0;0,0;56,35737823418256;43,64262176598926;0,0;0,0;0,0;3,456079866737127e-08;499,50902901997324;46616,53880786427;1043,384214294856
ребро Ni–Mo;1050,0;60,0;0,0;40,0;D_NIMO + FCC_A1;2;нет;100;0,0;0,0;66,34363363206542;33,656366367971934;0,0;0,0;0,0;1,3140379451215267e-08;499,5096498223138;45595,63271575747;1043,3854518050648
ребро Ni–Mo;1050,0;57,5;0,0;42,5;D_NIMO + FCC_A1;2;нет;100;0,0;0,0;76,32977307405879;23,670226926033486;0,0;0,0;0,0;3,4924596548080444e-10;499,5107944601623;44212,64800295916;1043,3877335047728
ребро Ni–Mo;1050,0;55,0;0,0;45,0;D_NIMO + FCC_A1;2;нет;100;0,0;0,0;86,31554275158263;13,684457248401873;0,0;0,0;0,0;1,1771044228225946e-07;499,513609725007;42059,64237381023;1043,3933452532656
ребро Ni–Mo;1050,0;52,5;0,0;47,5;D_NIMO + FCC_A1;2;нет;100;0,0;0,0;96,29795258809928;3,702047411912374;0,0;0,0;0,0;5,860943929292262e-06;499,5316103709192;36922,48257445911;1043,4292214992602
ребро Ni–Mo;1050,0;50,0;0,0;50,0;D_NIMO + FCC_A1;2;нет;100;0,0;0,0;99,9968781468405;0,003121851239135666;0,0;0,0;0,0;5,7422686950303614e-05;510,10423311480554;8479,135618204062;1017,9684021734865
ребро Ni–Mo;1050,0;47,5;0,0;52,5;BCC_B2 + D_NIMO;2;нет;100;1,7331424534993538;0,0;98,26685754646957;0,0;0,0;0,0;0,0;6,359201506711543e-05;643,3855598081573;27154,81203450763;1170,5165479958232
ребро Ni–Mo;1050,0;45,0;0,0;55,0;BCC_B2 + D_NIMO;2;нет;100;6,974362754745009;0,0;93,02563724506793;0,0;0,0;0,0;0,0;3,818224649876356e-05;643,4386513990903;32624,9095934473;1170,5402406494832
ребро Ni–Mo;1050,0;42,5;0,0;57,5;BCC_B2 + D_NIMO;2;нет;100;12,216742934251641;0,0;87,78325706636451;0,0;0,0;0,0;0,0;3,509875386953354e-05;643,4461860503216;34827,40346571147;1170,543603352271
ребро Ni–Mo;1150,0;65,0;0,0;35,0;D_NIMO + FCC_A1;2;нет;100;0,0;0,0;42,80994127257786;57,190058727313996;0,0;0,0;0,0;1,7181446310132742e-07;306,5474953469384;51211,09809521775;832,2041416578286
ребро Ni–Mo;1150,0;62,5;0,0;37,5;D_NIMO + FCC_A1;2;нет;100;0,0;0,0;53,400416595035274;46,599583405010144;0,0;0,0;0,0;2,2136373445391655e-07;306,54790020670043;50345,65576261128;832,2048979074316
ребро Ni–Mo;1150,0;60,0;0,0;40,0;D_NIMO + FCC_A1;2;нет;100;0,0;0,0;63,990813375702324;36,009186624203274;0,0;0,0;0,0;3,130553523078561e-07;306,5485432153655;49256,11205685367;832,2060989911697
ребро Ni–Mo;1150,0;57,5;0,0;42,5;D_NIMO + FCC_A1;2;нет;100;0,0;0,0;74,58103340899022;25,418966591047354;0,0;0,0;0,0;5,222391337156296e-07;306,54972204350634;47784,27137211348;832,2082998243714
ребро Ni–Mo;1150,0;55,0;0,0;45,0;D_NIMO + FCC_A1;2;нет;100;0,0;0,0;85,1706981623575;14,829301837710274;0,0;0,0;0,0;1,25181395560503e-06;306,55258461477933;45506,880259642334;832,2136184029514
ребро Ni–Mo;1150,0;52,5;0,0;47,5;D_NIMO + FCC_A1;2;нет;100;0,0;0,0;95,7556558229142;4,244344177131737;0,0;0,0;0,0;1,218204852193594e-05;306,5697281851317;40219,74138455132;832,2454650536674
ребро Ni–Mo;1150,0;50,0;0,0;50,0;D_NIMO + FCC_A1;2;нет;100;0,0;0,0;99,99524905585555;0,004750947177175161;0,0;0,0;0,0;5,492188211064786e-05;337,7886719685921;11112,844688982746;815,8225271446281
ребро Ni–Mo;1150,0;47,5;0,0;52,5;BCC_B2 + D_NIMO;2;нет;100;1,0843568067050744;0,0;98,91564319336177;0,0;0,0;0,0;0,0;6,372375355567783e-05;439,44802271832305;27950,32577656943;954,5220077143022
ребро Ni–Mo;1150,0;45,0;0,0;55,0;BCC_B2 + D_NIMO;2;нет;100;6,394118468467831;0,0;93,60588153159209;0,0;0,0;0,0;0,0;0,00013413504348136485;439,5538287440286;35448,33038661878;954,5821858326235
ребро Ni–Mo;1150,0;42,5;0,0;57,5;BCC_B2 + D_NIMO;2;нет;100;11,706473252843672;0,0;88,29352674744838;0,0;0,0;0,0;0,0;0,00014197225391399115;439,56363650593266;38004,064495869534;954,587764649943
ребро Ni–Mo;1200,0;65,0;0,0;35,0;D_NIMO + FCC_A1;2;нет;100;0,0;0,0;41,03717000693987;58,9628299931485;0,0;0,0;0,0;1,8136764992959797e-05;211,43683569092536;53127,02331372701;735,9038774750661
ребро Ni–Mo;1200,0;62,5;0,0;37,5;D_NIMO + FCC_A1;2;нет;100;0,0;0,0;51,9722314191565;48,02776858077686;0,0;0,0;0,0;1,7587095499038696e-05;211,43723671580665;52229,69468827774;735,904617338485
ребро Ni–Mo;1200,0;60,0;0,0;40,0;D_NIMO + FCC_A1;2;нет;100;0,0;0,0;62,9071875102719;37,09281248974223;0,0;0,0;0,0;1,6731442883610725e-05;211,43787419932778;51099,516196314435;735,9057934366283
ребро Ni–Mo;1200,0;57,5;0,0;42,5;D_NIMO + FCC_A1;2;нет;100;0,0;0,0;73,84190620604187;26,15809379409462;0,0;0,0;0,0;1,5215788153000176e-05;211,43904468866822;49571,65297005301;735,9079528344155
ребро Ni–Mo;1200,0;55,0;0,0;45,0;D_NIMO + FCC_A1;2;нет;100;0,0;0,0;84,77587615991156;15,224123840028398;0,0;0,0;0,0;1,1824158718809485e-05;211,44189663790166;47203,81466607886;735,9132140487054
ребро Ni–Mo;1200,0;52,5;0,0;47,5;D_NIMO + FCC_A1;2;нет;100;0,0;0,0;95,70338967879286;4,296610321221326;0,0;0,0;0,0;3,932509571313858e-07;211,45925924721814;41669,54040430466;735,9452364375175
ребро Ni–Mo;1200,0;50,0;0,0;50,0;D_NIMO + FCC_A1;2;нет;100;0,0;0,0;99,99407047312077;0,005929528758675288;0,0;0,0;0,0;5,3752417443320155e-05;237,01347549739876;12558,10988880317;723,1419157836499
ребро Ni–Mo;1200,0;47,5;0,0;52,5;BCC_B2 + D_NIMO;2;нет;100;0,7252959521905101;0,0;99,27470404784654;0,0;0,0;0,0;0,0;8,779700146988034e-05;338,9199782266951;27527,05044482884;855,938309864112
ребро Ni–Mo;1200,0;45,0;0,0;55,0;BCC_B2 + D_NIMO;2;нет;100;6,074177763691765;0,0;93,9258222365234;0,0;0,0;0,0;0,0;1,1812167940661311e-05;339,0980839196709;36822,9019182507;856,0496439288399
ребро Ni–Mo;1200,0;42,5;0,0;57,5;BCC_B2 + D_NIMO;2;нет;100;11,42766205984698;0,0;88,57233794044737;0,0;0,0;0,0;0,0;9,320545359514654e-06;339,10940168620436;39587,53479883383;856,056681465343
ребро Ni–Mo;1300,0;65,0;0,0;35,0;FCC_A1 + MU_PHASE;2;нет;100;0,0;0,0;0,0;56,10616053392034;43,89383946607804;0,0;0,0;36,65723566850647;54,885373168843216;57475,9512052026;593,5314738979505
ребро Ni–Mo;1300,0;62,5;0,0;37,5;FCC_A1 + MU_PHASE;2;нет;100;0,0;0,0;0,0;42,705820153944124;57,29417984597831;0,0;0,0;36,65794602133974;54,88611211582611;56781,22358453019;593,5324137844145
ребро Ni–Mo;1300,0;60,0;0,0;40,0;FCC_A1 + MU_PHASE;2;нет;100;0,0;0,0;0,0;29,305481390234867;70,69451860976427;0,0;0,0;36,65892768294725;54,88713329254824;55964,819862850316;593,5337126457453
ребро Ni–Mo;1300,0;57,5;0,0;42,5;FCC_A1 + MU_PHASE;2;нет;100;0,0;0,0;0,0;15,90514536298748;84,0948546370099;0,0;0,0;36,66037277322903;54,8886365522485;54974,87689525947;593,535624679178
ребро Ni–Mo;1300,0;55,0;0,0;45,0;FCC_A1 + MU_PHASE;2;нет;100;0,0;0,0;0,0;2,5048146210802518;97,49518537892524;0,0;0,0;36,662709781725425;54,89106873596029;53717,139787427805;593,5387182299019
ребро Ni–Mo;1300,0;52,5;0,0;47,5;D_NIMO + MU_PHASE;2;нет;100;0,0;0,0;39,313643678911674;0,0;60,68635631926826;0,0;0,0;2,1720072254538536e-05;42,67101706120593;51309,43803671557;593,2019098582387
ребро Ni–Mo;1300,0;50,0;0,0;50,0;D_NIMO + MU_PHASE;2;нет;100;0,0;0,0;91,86559127752881;0,0;8,134408722829434;0,0;0,0;4,511332372203469e-05;42,77796035291976;41922,26986625597;593,3250139284064
ребро Ni–Mo;1300,0;47,5;0,0;52,5;BCC_B2 + D_NIMO;2;нет;100;0,04056400056959267;0,0;99,95943599881736;0,0;0,0;0,0;0,0;0,00016809174849186093;132,61069208101253;16654,78329033348;640,3261785416689
ребро Ni–Mo;1300,0;45,0;0,0;55,0;BCC_B2 + D_NIMO;2;нет;100;5,376309461977892;0,0;94,62369053755941;0,0;0,0;0,0;0,0;2,7821806725114584e-07;136,61842928094848;39470,48845374613;677,0330911387864
ребро Ni–Mo;1300,0;42,5;0,0;57,5;BCC_B2 + D_NIMO;2;нет;100;10,825985761122375;0,0;89,17401423899942;0,0;0,0;0,0;0,0;7,668859325349331e-09;136,63386159292713;42740,254159561286;677,0442757494748
сечение;700,0;100,0;0,0;0,0;FCC_A1;1;нет;100;0,0;0,0;0,0;99,99999999999314;0,0;0,0;0,0;25264,398505452977;34352,57932343877;62106,65985529599;17388,051594286342
сечение;700,0;97,5;0,0;2,5;FCC_A1;1;нет;100;0,0;0,0;0,0;100,00000000000003;0,0;0,0;0,0;7244,745243548641;11129,447048037458;43750,872247077365;6227,46147945572
сечение;700,0;95,0;0,0;5,0;FCC_A1;1;нет;100;0,0;0,0;0,0;100,0;0,0;0,0;0,0;5470,7010789951455;7888,491365802634;41848,42924159249;5226,513019151898
сечение;700,0;92,5;0,0;7,5;FCC_A1;1;нет;100;0,0;0,0;0,0;100,0;0,0;0,0;0,0;4059,23154732705;5816,322939141035;40532,49695295282;4499,846091803891
сечение;700,0;90,0;0,0;10,0;FCC_A1;1;нет;100;0,0;0,0;0,0;99,99999999999997;0,0;0,0;0,0;2827,6530766935466;4280,607660523732;39499,44413164837;3854,0869443094343
сечение;700,0;87,5;0,0;12,5;FCC_A1;1;нет;100;0,0;0,0;0,0;100,0;0,0;0,0;0,0;1753,516040510629;3073,8922525509406;38648,355911065984;3231,7043259396596
сечение;700,0;85,0;0,0;15,0;DELTA + FCC_A1;2;нет;100;0,0;11,247510993727342;0,0;88,7524890063752;0,0;0,0;0,0;1251,4274643025783;2543,467424520917;37941,54314321568;2911,0709318913796
сечение;700,0;82,5;0,0;17,5;DELTA + FCC_A1;2;нет;100;0,0;34,65834998490803;0,0;65,34165001509669;0,0;0,0;0,0;1251,4224830966414;2543,462152359287;37137,12744565365;2911,0686214115995
сечение;700,0;80,0;0,0;20,0;DELTA + FCC_A1;2;нет;100;0,0;58,06918616455567;0,0;41,93081383543846;0,0;0,0;0,0;1251,4127910905663;2543,4518942362993;36018,36329193968;2911,0641258780815
сечение;700,0;77,5;0,0;22,5;DELTA + FCC_A1;2;нет;100;0,0;81,48001201006817;0,0;18,5199879899309;0,0;0,0;0,0;1251,3857172841963;2543,423239028991;34168,55091431909;2911,0515679896926
сечение;700,0;75,0;0,0;25,0;DELTA + D_NIMO;2;нет;100;0,0;99,3502859159832;0,6497140865486097;0,0;0,0;0,0;0,0;6,132599082775414e-06;1334,461578646391;29786,461992386685;2080,876128715383
сечение;700,0;70,0;0,0;30,0;DELTA + D_NIMO;2;нет;100;0,0;78,36641474622459;21,63358525383014;0,0;0,0;0,0;0,0;6,209127604961395e-06;1334,4618075144754;29100,855582883843;2080,8765029696297
сечение;700,0;67,5;0,0;32,5;DELTA + D_NIMO;2;нет;100;0,0;67,8744842817887;32,125515720052285;0,0;0,0;0,0;0,0;6,26548717264086e-06;1334,4619750155907;28685,499816378404;2080,876776873927
сечение;700,0;65,0;0,0;35,0;DELTA + D_NIMO;2;нет;100;0,0;57,38255952360832;42,61744047556085;0,0;0,0;0,0;0,0;6,3428160501644015e-06;1334,462203769188;28200,258118645812;2080,877150940425
сечение;700,0;62,5;0,0;37,5;DELTA + D_NIMO;2;нет;100;0,0;46,89064460813688;53,1093553918564;0,0;0,0;0,0;0,0;6,455578841269016e-06;1334,4625348919217;27616,75882530339;2080,877692404254
сечение;700,0;60,0;0,0;40,0;DELTA + D_NIMO;2;нет;100;0,0;36,398747867086186;63,601252133615304;0,0;0,0;0,0;0,0;6,6354768932797015e-06;1334,463056907167;26884,839556802763;2080,8785460210347
сечение;700,0;57,5;0,0;42,5;DELTA + D_NIMO;2;нет;100;0,0;25,906891288508028;74,09310871144629;0,0;0,0;0,0;0,0;6,967296940274537e-06;1334,4640017391139;25902,26328926104;2080,8800910378995
сечение;700,0;55,0;0,0;45,0;DELTA + D_NIMO;2;нет;100;0,0;15,415157136887418;84,58484286311402;0,0;0,0;0,0;0,0;7,78279354562983e-06;1334,4662327044207;24402,050961565066;2080,883739157296
сечение;700,0;52,5;0,0;47,5;DELTA + D_NIMO;2;нет;100;0,0;4,924327175454845;95,07567282385311;0,0;0,0;0,0;0,0;1,2816126400139183e-05;1334,4779693751188;21104,47379660266;2080,9029307253295
сечение;700,0;50,0;0,0;50,0;D_NIMO + FCC_A1;2;нет;100;0,0;0,0;99,99901607153;0,0009839286028764697;0,0;0,0;0,0;7,32602784410119e-05;1099,103548458108;1714,041832914656;702,0936820905335
сечение;700,0;47,5;0,0;52,5;BCC_B2 + D_NIMO;2;нет;100;3,4374815384582877;0,0;96,56251846139831;0,0;0,0;0,0;0,0;0,0002623781401780434;1482,7206760990375;19751,15809390576;2139,381557802175
сечение;700,0;45,0;0,0;55,0;BCC_B2 + D_NIMO;2;нет;100;8,529000199998977;0,0;91,47099980051357;0,0;0,0;0,0;0,0;0,0002766585166682489;1482,7337002977438;22377,11753584574;2139,3779765364307
сечение;700,0;42,5;0,0;57,5;BCC_B2 + D_NIMO;2;нет;100;13,620720140638474;0,0;86,37927986127892;0,0;0,0;0,0;0,0;0,00028032245609210804;1482,7369873990683;23729,8506015522;2139,3770709502423
сечение;700,0;40,0;0,0;60,0;BCC_B2 + D_NIMO;2;нет;100;18,712477076908378;0,0;81,28752292796698;0,0;0,0;0,0;0,0;0,00028200040833326057;1482,73848564917;24647,620927002587;2139,376658197143
сечение;700,0;37,5;0,0;62,5;BCC_B2 + D_NIMO;2;нет;100;23,804247295333543;0,0;76,19575271550299;0,0;0,0;0,0;0,0;0,00028296276286710054;1482,7393429465446;25343,10031634492;2139,376422023044
сечение;700,0;35,0;0,0;65,0;BCC_B2 + D_NIMO;2;нет;100;28,89602379216438;0,0;71,1039762290282;0,0;0,0;0,0;0,0;0,0002835869090631604;1482,7398981162041;25903,24421927455;2139,3762690823423
сечение;700,0;32,5;0,0;67,5;BCC_B2 + D_NIMO;2;нет;100;33,98780375584699;0,0;66,01219628021737;0,0;0,0;0,0;0,0;0,0002840244269464165;1482,7402869462676;26372,242558279395;2139,376161966131
сечение;700,0;30,0;0,0;70,0;BCC_B2 + D_NIMO;2;нет;100;39,07958583200761;0,0;60,92041422387721;0,0;0,0;0,0;0,0;0,0002843481124727987;1482,7405744530479;26775,64614588357;2139,376082763025
сечение;700,0;27,5;0,0;72,5;BCC_B2 + D_NIMO;2;нет;100;44,17136931830051;0,0;55,82863076507063;0,0;0,0;0,0;0,0;0,00028459730674512684;1482,7407956769384;27129,573466391856;2139,376021819873
сечение;700,0;25,0;0,0;75,0;BCC_B2 + D_NIMO;2;нет;100;49,263153758263215;0,0;50,73684635685359;0,0;0,0;0,0;0,0;0,00028479512548074126;1482,7409711645669;27444,8344506618;2139,37597347641
сечение;700,0;22,5;0,0;77,5;BCC_B2 + D_NIMO;2;нет;100;54,354938929570764;0,0;45,64506122721368;0,0;0,0;0,0;0,0;0,0002849558732123114;1482,7411137730014;27729,05617073251;2139,3759341905243
сечение;700,0;20,0;0,0;80,0;BCC_B2 + D_NIMO;2;нет;100;59,44672465040003;0,0;40,553275560578925;0,0;0,0;0,0;0,0;0,0002850891833077185;1482,7412319622017;27987,831438772046;2139,375901631771
сечение;700,0;17,5;0,0;82,5;BCC_B2 + D_NIMO;2;нет;100;64,53851078772497;0,0;35,46148948568027;0,0;0,0;0,0;0,0;0,0002852014222298749;1482,741331496698;28225,31456219699;2139,37587421199
сечение;700,0;97,5;2,5;0,0;FCC_A1;1;нет;100;0,0;0,0;0,0;99,99999999865037;0,0;0,0;0,0;25157,13569420838;29162,04086923821;31877,329298804696;14516,31066219999
сечение;700,0;95,0;2,5;2,5;FCC_A1;1;нет;100;0,0;0,0;0,0;99,99999999999999;0,0;0,0;0,0;7136,224848358273;10477,456368678562;13558,514451531199;6258,861595185153
сечение;700,0;92,5;2,5;5,0;FCC_A1;1;нет;100;0,0;0,0;0,0;100,0;0,0;0,0;0,0;5313,317672475794;7399,104213279192;11692,331708080383;5252,7079483653
сечение;700,0;90,0;2,5;7,5;FCC_A1;1;нет;100;0,0;0,0;0,0;99,99999999999999;0,0;0,0;0,0;3858,4025210574982;5416,50391605623;10411,917720205507;4507,821689599121
сечение;700,0;87,5;2,5;10,0;FCC_A1;1;нет;100;0,0;0,0;0,0;100,0;0,0;0,0;0,0;2614,5149146752883;3948,952425074778;9413,634440365444;3835,066795093604
сечение;700,0;85,0;2,5;12,5;FCC_A1;1;нет;100;0,0;0,0;0,0;99,99999999999997;0,0;0,0;0,0;1545,7351265639882;2801,7009447979217;8596,579967645543;3182,1333522181303
сечение;700,0;82,5;2,5;15,0;DELTA + FCC_A1;2;нет;100;0,0;5,089524437048114;0,0;94,91047556291055;0,0;0,0;0,0;794,2431910430823;2044,3712965335362;7868,743914813393;2665,2716500646566
сечение;700,0;80,0;2,5;17,5;DELTA + FCC_A1;2;нет;100;0,0;27,437569645630784;0,0;72,56243035408197;0,0;0,0;0,0;628,8767183567907;1870,8693408262698;6884,53431904225;2560,28369252196
сечение;700,0;77,5;2,5;20,0;DELTA + FCC_A1;2;нет;100;0,0;48,890483291498995;0,0;51,1095167084701;0,0;0,0;0,0;308,3566618154291;1543,5099417362871;5546,642987352876;2298,035693097503
сечение;700,0;75,0;2,5;22,5;DELTA + D_NIMO + FCC_A1;3;нет;100;0,0;53,6409245810997;5,1033279163699135;41,25574750226367;0,0;0,0;0,0;0,00025124490639427677;1240,8243867271594;4644,0038072270545;2017,7052321750234
сечение;700,0;72,5;2,5;25,0;DELTA + D_NIMO + FCC_A1;3;нет;100;0,0;41,40937594370912;15,91951413016368;42,67110993031197;0,0;0,0;0,0;0,0002512449354981072;1240,8243867272176;4644,00380722808;2017,7052321750816
сечение;700,0;70,0;2,5;27,5;DELTA + D_NIMO + FCC_A1;3;нет;100;0,0;29,17782730485329;26,735700337720804;44,086472357343716;0,0;0,0;0,0;0,0002512449354981072;1240,8243867271885;4644,0038072272655;2017,7052321750525
сечение;700,0;67,5;2,5;30,0;DELTA + D_NIMO + FCC_A1;3;нет;100;0,0;16,946278666553734;37,5518865468931;45,50183478409547;0,0;0,0;0,0;0,0002512448845664039;1240,8243867271522;4644,003807227578;2017,7052321750161
сечение;700,0;65,0;2,5;32,5;DELTA + D_NIMO + FCC_A1;3;нет;100;0,0;4,714730028346549;48,3680727606494;46,917197211738824;0,0;0,0;0,0;0,0002512448700144887;1240,8243867271376;4644,0038072276075;2017,7052321750016
сечение;700,0;62,5;2,5;35,0;D_NIMO + FCC_A1;2;нет;100;0,0;0,0;57,14861095925643;42,85138904100421;0,0;0,0;0,0;0,00029287445795489475;1229,2679476364501;4219,573813599884;1988,689924030812
сечение;700,0;60,0;2,5;37,5;D_NIMO + FCC_A1;2;нет;100;0,0;0,0;64,39777180780153;35,60222819231634;0,0;0,0;0,0;0,00011526523303473368;1201,3775032159028;3421,0231899242135;1651,3257115524902
сечение;700,0;57,5;2,5;40,0;D_NIMO + FCC_A1;2;нет;100;0,0;0,0;71,18196275951301;28,81803724075271;0,0;0,0;0,0;1,4455901691690087e-05;1153,228861380907;2463,205467572625;1157,849437980578
сечение;700,0;55,0;2,5;42,5;D_NIMO + FCC_A1;2;нет;100;0,0;0,0;77,26732092191145;22,73267907797312;0,0;0,0;0,0;0,00011120301496703178;1063,7236974774642;1331,5480497632743;461,02455277674744
сечение;700,0;52,5;2,5;45,0;BCC_B2 + D_NIMO + FCC_A1;3;нет;100;2,2061238548355404;0,0;78,31223432130724;19,481641823773554;0,0;0,0;0,0;0,00019912109564756975;985,4582058736196;667,2411809881232;-1,9485205088785733
сечение;700,0;50,0;2,5;47,5;BCC_B2 + D_NIMO + FCC_A1;3;нет;100;6,91539169347328;0,0;74,43623628457817;18,648372022292982;0,0;0,0;0,0;0,0001991210738196969;985,458205873605;667,2411809885161;-1,9485205081145978
сечение;700,0;47,5;2,5;50,0;D_NIMO + FCC_A1 + SIGMA;3;нет;100;0,0;0,0;85,15631356468639;2,5897441480225223;0,0;0,0;12,253942302382677;9,104333003051579e-07;988,6534506560638;690,6890472035666;15,482311465762905
сечение;700,0;45,0;2,5;52,5;BCC_B2 + D_NIMO + SIGMA;3;нет;100;3,318153549929665;0,0;82,99175123883593;0,0;0,0;0,0;13,690095204977002;0,00031374683749163523;991,4624529626817;703,5716702404097;15,125130731677928
сечение;700,0;42,5;2,5;55,0;BCC_B2 + D_NIMO + SIGMA;3;нет;100;8,66225956092694;0,0;78,30993859386668;0,0;0,0;0,0;13,02780184495693;0,0003137467647320591;991,4624529625289;703,5716702399877;15,125130731663376
сечение;700,0;40,0;2,5;57,5;BCC_B2 + D_NIMO + SIGMA;3;нет;100;14,006365571896213;0,0;73,62812594141519;0,0;0,0;0,0;12,365508481041141;0,00031374679383588955;991,4624529626235;703,5716702403224;15,125130731670652
сечение;700,0;37,5;2,5;60,0;BCC_B2 + D_NIMO + SIGMA;3;нет;200;19,350471582879504;0,0;68,94631329386227;0,0;0,0;0,0;11,703215120132219;0,0003137468083878048;991,4624529626308;703,5716702402642;15,125130731663376
сечение;700,0;35,0;2,5;62,5;BCC_B2 + D_NIMO + SIGMA;3;нет;100;24,69457759385821;0,0;64,26450064070886;0,0;0,0;0,0;11,040921756856587;0,00031374679383588955;991,4624529626308;703,5716702402788;15,125130731612444
сечение;700,0;32,5;2,5;65,0;BCC_B2 + D_NIMO + SIGMA;3;нет;100;30,038683604840084;0,0;59,58268799861125;0,0;0,0;0,0;10,37862839713358;0,0003137467720080167;991,4624529625798;703,5716702401696;15,125130731663376
сечение;700,0;30,0;2,5;67,5;BCC_B2 + D_NIMO + SIGMA;3;нет;100;35,38278961580909;0,0;54,90087532187006;0,0;0,0;0,0;9,716335026816203;0,00031374675018014386;991,4624529626308;703,5716702404825;15,125130731626996
сечение;700,0;27,5;2,5;70,0;BCC_B2 + D_NIMO + SIGMA;3;нет;100;40,72689562679836;0,0;50,21906270488423;0,0;0,0;0,0;9,054041673601224;0,00031374678655993193;991,462452962638;703,5716702403806;15,12513073161972
сечение;700,0;25,0;2,5;72,5;BCC_B2 + D_NIMO + SIGMA;3;нет;100;46,07100163777308;0,0;45,53725004079545;0,0;0,0;0,0;8,39174830823029;0,00031374683749163523;991,4624529625944;703,5716702400096;15,125130731721583
сечение;700,0;22,5;2,5;75,0;BCC_B2 + D_NIMO + SIGMA;3;нет;100;51,41510764876014;0,0;40,85543741792178;0,0;0,0;0,0;7,729454953513764;0,0003137467720080167;991,4624529625653;703,571670240126;15,125130731677928
сечение;700,0;20,0;2,5;77,5;BCC_B2 + D_NIMO + SIGMA;3;нет;100;56,759213659746585;0,0;36,173624731811785;0,0;0,0;0,0;7,0671615823986125;0,0003137467792839743;991,4624529625871;703,5716702402133;15,125130731699755
сечение;700,0;17,5;2,5;80,0;BCC_B2 + D_NIMO + SIGMA;3;нет;100;62,103319670711684;0,0;31,491812083407705;0,0;0,0;0,0;6,404868220996737;0,0003137467792839743;991,4624529626308;703,5716702404097;15,1251307316561
сечение;700,0;15,0;2,5;82,5;BCC_B2 + D_NIMO + SIGMA;3;нет;100;67,44742568168061;0,0;26,809999432117127;0,0;0,0;0,0;5,7425748591202765;0,00031374675018014386;991,4624529626017;703,5716702403515;15,125130731648824
сечение;700,0;95,0;5,0;0,0;FCC_A1;1;нет;100;0,0;0,0;0,0;99,99999999975331;0,0;0,0;0,0;25116,89450788495;26881,706142638126;28883,47433372349;13474,471994091335
сечение;700,0;92,5;5,0;2,5;FCC_A1;1;нет;100;0,0;0,0;0,0;100,0;0,0;0,0;0,0;7081,995864101322;9815,011774164472;10617,659482701856;6350,703074804049
сечение;700,0;90,0;5,0;5,0;FCC_A1;1;нет;100;0,0;0,0;0,0;100,0;0,0;0,0;0,0;5195,280516962543;6934,023622676192;8801,82736174362;5330,997784936459
сечение;700,0;87,5;5,0;7,5;FCC_A1;1;нет;100;0,0;0,0;0,0;100,0;0,0;0,0;0,0;3701,3248473301064;5055,73546083492;7569,342267416323;4559,920638024378
сечение;700,0;85,0;5,0;10,0;FCC_A1;1;нет;100;0,0;0,0;0,0;100,0;0,0;0,0;0,0;2450,2915850648715;3663,9483700466008;6616,710599042017;3853,897667423269
сечение;700,0;82,5;5,0;12,5;FCC_A1;1;нет;100;0,0;0,0;0,0;100,0;0,0;0,0;0,0;1390,2780755110653;2578,812274462427;5843,065985097062;3166,6035745363115
сечение;700,0;80,0;5,0;15,0;FCC_A1;1;нет;100;0,0;0,0;0,0;100,0;0,0;0,0;0,0;486,9571209501155;1701,3572329365415;5199,465644671123;2457,5411104078303
сечение;700,0;77,5;5,0;17,5;DELTA + D_NIMO + FCC_A1;3;нет;100;0,0;3,120304058164536;2,315243316182556;94,5644526215158;0,0;0,0;0,0;0,0002512449646019377;1240,8243867270794;4644,003807222958;2017,7052321749434
сечение;700,0;75,0;5,0;20,0;D_NIMO + FCC_A1;2;нет;100;0,0;0,0;10,92507414281675;89,07492585706156;0,0;0,0;0,0;2,6068955776281655e-06;1233,8935493643366;4381,141369360543;2011,1316948133244
сечение;700,0;72,5;5,0;22,5;D_NIMO + FCC_A1;2;нет;100;0,0;0,0;18,705393932057113;81,29460606749966;0,0;0,0;0,0;2,478402166161686e-06;1222,3400823730553;3995,9034177359717;1902,1950933719927
сечение;700,0;70,0;5,0;25,0;D_NIMO + FCC_A1;2;нет;100;0,0;0,0;26,378076088707815;73,62192391179721;0,0;0,0;0,0;0,00020463153487071395;1207,2009305617903;3567,6951118534635;1722,5477429168313
сечение;700,0;67,5;5,0;27,5;D_NIMO + FCC_A1;2;нет;100;0,0;0,0;33,90955943378672;66,09044056610769;0,0;0,0;0,0;0,00032124178687809035;1186,8255785843648;3089,0580436464516;1484,2562967470512
сечение;700,0;65,0;5,0;30,0;D_NIMO + FCC_A1;2;нет;100;0,0;0,0;41,25407194378101;58,74592805669585;0,0;0,0;0,0;0,00021504573669517413;1158,5366983620697;2551,6602528946823;1207,3022733951075
сечение;700,0;62,5;5,0;32,5;D_NIMO + FCC_A1;2;нет;100;0,0;0,0;48,34984660752179;51,6501533924242;0,0;0,0;0,0;7,467788236681372e-06;1117,8790609305725;1947,098960150266;846,0935934229055
сечение;700,0;60,0;5,0;35,0;D_NIMO + FCC_A1;2;нет;100;0,0;0,0;55,11590733623514;44,88409266346942;0,0;0,0;0,0;1,3768018106929958e-05;1057,2941068094296;1268,6085058531826;420,76524283253093
сечение;700,0;57,5;5,0;37,5;D_NIMO + FCC_A1 + SIGMA;3;нет;100;0,0;0,0;60,53242720101787;38,357979321778565;0,0;0,0;1,109593476553666;9,104041964747012e-07;988,6534506560565;690,6890472036612;15,482311465748353
сечение;700,0;55,0;5,0;40,0;BCC_B2 + D_NIMO + FCC_A1;3;нет;100;5,62727333284845;0,0;55,62443264400132;38,7482940252193;0,0;0,0;0,0;0,00019912105926778167;985,4582058736123;667,2411809881669;-1,9485205090604722
сечение;700,0;52,5;5,0;42,5;D_NIMO + FCC_A1 + SIGMA;3;нет;100;0,0;0,0;64,6518193005216;24,38329409065643;0,0;0,0;10,964886570718932;9,104041964747012e-07;988,653450656042;690,6890472036102;15,482311465784733
сечение;700,0;50,0;5,0;45,0;BCC_B2 + D_NIMO + FCC_A1;3;нет;300;15,045808847418005;0,0;47,872437070877375;37,08175407982823;0,0;0,0;0,0;0,00019912108109565452;985,4582058736196;667,2411809880577;-1,9485205091768876
сечение;700,0;47,5;5,0;47,5;D_NIMO + FCC_A1 + SIGMA;3;нет;100;0,0;0,0;68,771211476288;10,40860885976344;0,0;0,0;20,820179656969202;9,104478522203863e-07;988,6534506560638;690,6890472035157;15,482311465762905
сечение;700,0;45,0;5,0;50,0;D_NIMO + FCC_A1 + SIGMA;3;нет;100;0,0;0,0;70,8309075581745;3,421266244272752;0,0;0,0;25,747826203752417;9,104114724323153e-07;988,653450656042;690,6890472035448;15,482311465748353
сечение;700,0;42,5;5,0;52,5;BCC_B2 + D_NIMO + SIGMA;3;нет;100;2,675611937010846;0,0;69,45334998482102;0,0;0,0;0,0;27,871038114559326;0,0003137467065243982;991,4624529626162;703,5716702405916;15,125130731605168
сечение;700,0;40,0;5,0;55,0;BCC_B2 + D_NIMO + SIGMA;3;нет;100;8,019717948000876;0,0;64,771537310187;0,0;0,0;0,0;27,20874474565423;0,00031374678655993193;991,462452962609;703,571670240286;15,125130731670652
сечение;700,0;37,5;5,0;57,5;BCC_B2 + D_NIMO + SIGMA;3;нет;100;13,363823958979262;0,0;60,08972466580463;0,0;0,0;0,0;26,546451385146657;0,00031374680111184716;991,4624529626817;703,5716702405261;15,125130731634272
сечение;700,0;35,0;5,0;60,0;BCC_B2 + D_NIMO + SIGMA;3;нет;100;18,707929969961455;0,0;55,40791201146921;0,0;0,0;0,0;25,884158021467645;0,00031374675018014386;991,4624529625871;703,571670240286;15,125130731634272
сечение;700,0;32,5;5,0;62,5;BCC_B2 + D_NIMO + SIGMA;3;нет;100;24,052035980924448;0,0;50,7260993533089;0,0;0,0;0,0;25,221864657597237;0,0003137468083878048;991,4624529626017;703,5716702401551;15,125130731677928
сечение;700,0;30,0;5,0;65,0;BCC_B2 + D_NIMO + SIGMA;3;нет;100;29,396141991912444;0,0;46,044286697729085;0,0;0,0;0,0;24,5595712921298;0,00031374675018014386;991,4624529626308;703,5716702404825;15,125130731605168
сечение;700,0;27,5;5,0;67,5;BCC_B2 + D_NIMO + SIGMA;3;нет;100;34,74024800289832;0,0;41,36247403509811;0,0;0,0;0,0;23,89727792870194;0,00031374678655993193;991,4624529626235;703,5716702403151;15,1251307316561
сечение;700,0;25,0;5,0;70,0;BCC_B2 + D_NIMO + FCC_A1;3;нет;100;62,138487445900516;0,0;9,112456490108269;28,74905606729532;0,0;0,0;0,0;0,00019912108837161213;985,4582058736778;667,2411809885016;-1,9485205087330542
сечение;700,0;22,5;5,0;72,5;BCC_B2 + DELTA + SIGMA;3;нет;100;56,622278061082;21,581703746401022;0,0;0,0;0,0;0,0;21,796018200794006;-524,6420451719387;553,7073463034685;942,5662901948963;12,42024514277
сечение;700,0;20,0;5,0;75,0;BCC_B2 + D_NIMO + SIGMA;3;нет;200;50,77256603581111;0,0;27,317036106318525;0,0;0,0;0,0;21,910397848663273;0,0003137467647320591;991,4624529625362;703,5716702400387;15,125130731685204
сечение;700,0;17,5;5,0;77,5;BCC_B2 + SIGMA;2;нет;200;51,71579653189902;0,0;0,0;0,0;0,0;0,0;48,284203469385005;-2074,6206693269705;-852,9124260004828;2218,916132378581;-76,64072237374785
сечение;700,0;15,0;5,0;80,0;BCC_B2 + SIGMA;2;нет;100;57,07030030012362;0,0;0,0;0,0;0,0;0,0;42,92969970114391;-2018,3464387138592;-800,6987834362517;2128,016291653512;-23,621668432293518
сечение;700,0;92,5;7,5;0,0;FCC_A1;1;нет;100;0,0;0,0;0,0;99,99999999999999;0,0;0,0;0,0;25149,155975563117;25216,21549418562;26784,3580471112;12593,006923980058
сечение;700,0;90,0;7,5;2,5;FCC_A1;1;нет;100;0,0;0,0;0,0;100,0;0,0;0,0;0,0;7083,512413968536;9189,717558285949;8575,939016628901;6503,700486115529
сечение;700,0;87,5;7,5;5,0;FCC_A1;1;нет;100;0,0;0,0;0,0;100,0;0,0;0,0;0,0;5121,603213636874;6512,913089689813;6814,335756785054;5436,5044146285
сечение;700,0;85,0;7,5;7,5;FCC_A1;1;нет;100;0,0;0,0;0,0;99,99999999999997;0,0;0,0;0,0;3594,1501417999025;4744,776617830503;5632,928875395541;4620,844336792965
сечение;700,0;82,5;7,5;10,0;FCC_A1;1;нет;100;0,0;0,0;0,0;100,0;0,0;0,0;0,0;2339,7644170771673;3431,8343475074653;4728,488514563127;3909,595682888903
сечение;700,0;80,0;7,5;12,5;FCC_A1;1;нет;100;0,0;0,0;0,0;99,99999999999999;0,0;0,0;0,0;1290,4830105348083;2406,4130117276727;4000,4581683010983;3115,0100898740056
сечение;700,0;77,5;7,5;15,0;FCC_A1;1;нет;100;0,0;0,0;0,0;100,0;0,0;0,0;0,0;405,09451309860015;1559,5990869880552;3399,9782183182833;2068,747828260777
сечение;700,0;75,0;7,5;17,5;D_NIMO + FCC_A1;2;нет;100;0,0;0,0;3,6721394673537313;96,32786053343352;0,0;0,0;0,0;1,032063300954178e-05;1180,5775397826364;2959,4106077741744;1418,202306342544
сечение;700,0;72,5;7,5;20,0;D_NIMO + FCC_A1;2;нет;100;0,0;0,0;11,24130218372735;88,75869781609825;0,0;0,0;0,0;1,1561605788301677e-05;1160,4908542186313;2585,1105043168573;1224,7872578089882
сечение;700,0;70,0;7,5;22,5;D_NIMO + FCC_A1;2;нет;100;0,0;0,0;18,680456715583635;81,319543285197;0,0;0,0;0,0;0,0001376856816932559;1134,5800619037545;2176,599156545053;985,8958769720775
сечение;700,0;67,5;7,5;25,0;D_NIMO + FCC_A1;2;нет;100;0,0;0,0;25,957913137685118;74,04208686269261;0,0;0,0;0,0;4,1264785977546126e-05;1100,4663145255327;1730,1455168979664;712,1103303135969
сечение;700,0;65,0;7,5;27,5;D_NIMO + FCC_A1;2;нет;100;0,0;0,0;33,03394644007935;66,96605355961377;0,0;0,0;0,0;8,474983769701794e-05;1054,555855971652;1242,3366522469805;403,9076779377792
сечение;700,0;62,5;7,5;30,0;D_NIMO + FCC_A1;2;нет;100;0,0;0,0;39,85978940664322;60,14021059369292;0,0;0,0;0,0;2,2783242457080632e-05;991,3767840226501;710,8777724256215;30,462231151403103
сечение;700,0;60,0;7,5;32,5;D_NIMO + FCC_A1 + SIGMA;3;нет;100;0,0;0,0;42,08762904104054;53,164186648872914;0,0;0,0;4,748184311208201;9,104187483899295e-07;988,6534506560638;690,6890472036466;15,482311465777457
сечение;700,0;57,5;7,5;35,0;D_NIMO + FCC_A1 + SIGMA;3;нет;100;0,0;0,0;44,1473251336448;46,176844033411264;0,0;0,0;9,675830867202102;9,104333003051579e-07;988,6534506558673;690,6890472026862;15,48231146580656
сечение;700,0;55,0;7,5;37,5;D_NIMO + FCC_A1 + SIGMA;3;нет;100;0,0;0,0;46,20702119661894;39,18950141794719;0,0;0,0;14,603477395852508;9,104187483899295e-07;988,6534506559692;690,6890472032173;15,482311465784733
сечение;700,0;52,5;7,5;40,0;D_NIMO + FCC_A1 + SIGMA;3;нет;100;0,0;0,0;48,26671724102404;32,20215880240357;0,0;0,0;19,53112392840697;9,104041964747012e-07;988,6534506560274;690,6890472035157;15,482311465755629
сечение;700,0;50,0;7,5;42,5;D_NIMO + FCC_A1 + SIGMA;3;нет;100;0,0;0,0;50,32641336249134;25,214816186981075;0,0;0,0;24,45877048720979;9,104187483899295e-07;988,6534506560929;690,689047203763;15,482311465755629
сечение;700,0;47,5;7,5;45,0;D_NIMO + FCC_A1 + SIGMA;3;нет;200;0,0;0,0;52,386109431230096;18,22747357145581;0,0;0,0;29,386417026754984;9,103896445594728e-07;988,6534506560347;690,6890472036102;15,48231146577018
сечение;700,0;45,0;7,5;47,5;D_NIMO + FCC_A1 + SIGMA;3;нет;100;0,0;0,0;54,44580548603464;11,240130955956078;0,0;0,0;34,31406356541877;9,104478522203863e-07;988,6534506560711;690,6890472035448;15,482311465777457
сечение;700,0;42,5;7,5;50,0;D_NIMO + FCC_A1 + SIGMA;3;нет;100;0,0;0,0;56,50550155442772;4,252788340495771;0,0;0,0;39,24171010708212;9,10396920517087e-07;988,6534506560347;690,6890472035884;15,48231146577018
сечение;700,0;40,0;7,5;52,5;BCC_B2 + D_NIMO + SIGMA;3;нет;100;2,0330703241029546;0,0;55,91494867489186;0,0;0,0;0,0;42,051981008182075;0,0003137467792839743;991,4624529625871;703,5716702401696;15,125130731648824
сечение;700,0;37,5;7,5;55,0;BCC_B2 + D_NIMO + SIGMA;3;нет;100;7,377176335072027;0,0;51,23313603063454;0,0;0,0;0,0;41,389687646287996;0,0003137467792839743;991,4624529626526;703,5716702405189;15,1251307316561
сечение;700,0;35,0;7,5;57,5;BCC_B2 + D_NIMO + SIGMA;3;нет;100;12,721282346060223;0,0;46,55132336786419;0,0;0,0;0,0;40,7273942797305;0,00031374678655993193;991,4624529625726;703,5716702400969;15,125130731670652
сечение;700,0;32,5;7,5;60,0;BCC_B2 + D_NIMO + SIGMA;3;нет;100;18,06538835701959;0,0;41,86951071622346;0,0;0,0;0,0;40,065100921082056;0,00031374679383588955;991,4624529626017;703,5716702401915;15,1251307316561
сечение;700,0;30,0;7,5;62,5;BCC_B2 + D_NIMO + SIGMA;3;нет;100;23,409494368007444;0,0;37,187698057429955;0,0;0,0;0,0;39,402807551638055;0,00031374675018014386;991,4624529626963;703,5716702408026;15,125130731634272
сечение;700,0;27,5;7,5;65,0;BCC_B2 + D_NIMO + SIGMA;3;нет;100;28,75360037895928;0,0;32,50588540466849;0,0;0,0;0,0;38,74051419500857;0,0003137468156637624;991,4624529624707;703,5716702395148;15,12513073169248
сечение;700,0;25,0;7,5;67,5;BCC_B2 + SIGMA;2;нет;100;29,118510876833483;0,0;0,0;0,0;0,0;0,0;70,88148912721249;-2045,164908472747;-825,638210568919;2169,0475663763937;-48,984937106441066
сечение;700,0;22,5;7,5;70,0;BCC_B2 + SIGMA;2;нет;100;34,533466324119836;0,0;0,0;0,0;0,0;0,0;65,46653367121715;-1984,3368717829871;-768,9987978175704;2079,791592786176;8,708386628240987
сечение;700,0;20,0;7,5;72,5;BCC_B2 + SIGMA;2;нет;100;40,11690549694652;0,0;0,0;0,0;0,0;0,0;59,88309450092035;-1866,1474097936807;-658,6471270559996;1932,7278011600501;16,305477144873294
сечение;700,0;17,5;7,5;75,0;BCC_B2 + FCC_A1 + SIGMA;3;нет;100;60,92983299824928;0,0;0,0;14,174469857076327;0,0;0,0;24,895697168814664;-14,241589723096695;979,9452213100158;709,3435799970393;15,371827456227038
сечение;700,0;15,0;7,5;77,5;BCC_B2 + D_NIMO + SIGMA;3;нет;100;55,47413043388998;0,0;9,096822169231455;0,0;0,0;0,0;35,42904738606811;0,0003137467574561015;991,4624529625071;703,5716702399077;15,125130731634272
сечение;700,0;90,0;10,0;0,0;FCC_A1;1;нет;100;0,0;0,0;0,0;100,00000000008131;0,0;0,0;0,0;25248,679517086755;23876,614138481375;25120,878184173904;11711,030251135315
сечение;700,0;87,5;10,0;2,5;FCC_A1;1;нет;100;0,0;0,0;0,0;100,00000000000003;0,0;0,0;0,0;7132,832060387962;8609,944227444277;6969,531331296661;6678,007348928761
сечение;700,0;85,0;10,0;5,0;FCC_A1;1;нет;100;0,0;0,0;0,0;100,0;0,0;0,0;0,0;5089,948828561741;6135,310590087109;5261,4719164580165;5587,099569068632
сечение;700,0;82,5;10,0;7,5;FCC_A1;1;нет;100;0,0;0,0;0,0;100,0;0,0;0,0;0,0;3534,7759375623573;4480,345685491455;4130,402158275603;4730,306751078999
сечение;700,0;80,0;10,0;10,0;FCC_A1;1;нет;100;0,0;0,0;0,0;100,0;0,0;0,0;0,0;2280,0759535226243;3248,1068050472168;3273,2743715250544;3818,664936502122
сечение;700,0;77,5;10,0;12,5;FCC_A1;1;нет;100;0,0;0,0;0,0;100,0;0,0;0,0;0,0;1242,88512963018;2252,667856031003;2589,7893804975974;2460,3918084343313
сечение;700,0;75,0;10,0;15,0;FCC_A1;1;нет;100;0,0;0,0;0,0;100,00000000000003;0,0;0,0;0,0;375,88484111733123;1442,8218051205113;2031,3329645398553;1272,1807100005608
сечение;700,0;72,5;10,0;17,5;D_NIMO + FCC_A1;2;нет;100;0,0;0,0;3,719442236074353;96,2805577648475;0,0;0,0;0,0;3,162319626426324e-05;1090,0171346849675;1609,3697789174112;636,7247060213194
сечение;700,0;70,0;10,0;20,0;D_NIMO + FCC_A1;2;нет;100;0,0;0,0;10,974601146154276;89,02539885503457;0,0;0,0;0,0;5,20551111549139e-07;1053,0365105937672;1227,8932491718515;394,62668310579465
сечение;700,0;67,5;10,0;22,5;D_NIMO + FCC_A1;2;нет;100;0,0;0,0;18,062210317210596;81,93778968303383;0,0;0,0;0,0;3,637766349129379e-05;1005,4411964253086;818,3355746358138;109,79030674140813
сечение;700,0;65,0;10,0;25,0;D_NIMO + FCC_A1 + SIGMA;3;нет;100;0,0;0,0;21,583134806460805;74,95773659151597;0,0;0,0;3,4591285902336013;9,103896445594728e-07;988,653450656042;690,6890472036539;15,482311465755629
сечение;700,0;62,5;10,0;27,5;D_NIMO + FCC_A1 + SIGMA;3;нет;100;0,0;0,0;23,642830922067514;67,9703939760332;0,0;0,0;8,386775132703283;9,104187483899295e-07;988,653450656042;690,6890472034938;15,482311465726525
сечение;700,0;60,0;10,0;30,0;BCC_B2 + D_NIMO + FCC_A1;3;нет;100;12,469572360635734;0,0;10,248829223648185;77,28159842192338;0,0;0,0;0,0;0,00019912109564756975;985,458205873656;667,2411809886908;-1,948520508070942
сечение;700,0;57,5;10,0;32,5;D_NIMO + FCC_A1 + SIGMA;3;нет;100;0,0;0,0;27,762223058897312;53,99570874517812;0,0;0,0;18,242068224724484;9,104405762627721e-07;988,6534506560929;690,6890472036757;15,482311465784733
сечение;700,0;55,0;10,0;35,0;D_NIMO + FCC_A1 + SIGMA;3;нет;100;0,0;0,0;29,821919088913283;47,00836612973131;0,0;0,0;23,169714748040636;9,10396920517087e-07;988,6534506559983;690,6890472034283;15,482311465784733
сечение;700,0;52,5;10,0;37,5;D_NIMO + FCC_A1 + SIGMA;3;нет;100;0,0;0,0;31,881615193178597;40,02102351407621;0,0;0,0;28,09736129506963;9,104041964747012e-07;988,653450656202;690,6890472043306;15,482311465755629
сечение;700,0;50,0;10,0;40,0;D_NIMO + FCC_A1 + SIGMA;3;нет;100;0,0;0,0;33,94131125607367;33,033680898712156;0,0;0,0;33,02500784408259;9,104333003051579e-07;988,6534506561875;690,689047204105;15,482311465741077
сечение;700,0;47,5;10,0;42,5;D_NIMO + FCC_A1 + SIGMA;3;нет;100;0,0;0,0;36,001007317730085;26,0463382831838;0,0;0,0;37,95265438397206;9,104842320084572e-07;988,6534506563694;690,6890472047671;15,482311465748353
сечение;700,0;45,0;10,0;45,0;D_NIMO + FCC_A1 + SIGMA;3;нет;100;0,0;0,0;38,060703436773004;19,05899566772519;0,0;0,0;42,88030093603931;9,104551281780005e-07;988,6534506560492;690,6890472034211;15,482311465748353
сечение;700,0;42,5;10,0;47,5;D_NIMO + FCC_A1 + SIGMA;3;нет;100;0,0;0,0;40,12039947209461;12,07165305220329;0,0;0,0;47,80794746591241;9,104114724323153e-07;988,6534506562457;690,6890472044688;15,482311465697421
сечение;700,0;40,0;10,0;50,0;D_NIMO + FCC_A1 + SIGMA;3;нет;100;0,0;0,0;42,18009558264707;5,084310436732741;0,0;0,0;52,73559401913032;9,104041964747012e-07;988,6534506558819;690,689047202839;15,482311465762905
сечение;700,0;37,5;10,0;52,5;BCC_B2 + D_NIMO + SIGMA;3;нет;100;1,390528711175672;0,0;42,37654738482712;0,0;0,0;0,0;56,232923909364175;0,0003137467792839743;991,4624529627763;703,5716702410718;15,1251307316561
сечение;700,0;35,0;10,0;55,0;BCC_B2 + D_NIMO + SIGMA;3;нет;100;6,734634722178898;0,0;37,69473474069986;0,0;0,0;0,0;55,570630549639574;0,00031374680111184716;991,4624529625871;703,571670240126;15,125130731677928
сечение;700,0;32,5;10,0;57,5;BCC_B2 + D_NIMO + SIGMA;3;нет;100;12,078740733158751;0,0;33,01292207558544;0,0;0,0;0,0;54,908337179210434;0,00031374675018014386;991,462452962638;703,5716702405334;15,125130731612444
сечение;700,0;30,0;10,0;60,0;BCC_B2 + D_NIMO + SIGMA;3;нет;100;17,422846744137356;0,0;28,331109428939005;0,0;0,0;0,0;54,24604382116349;0,0003137467792839743;991,4624529626453;703,5716702404607;15,125130731648824
сечение;700,0;27,5;10,0;62,5;BCC_B2 + D_NIMO + SIGMA;3;нет;100;22,766952755100974;0,0;23,649296783074718;0,0;0,0;0,0;53,583750453194725;0,00031374678655993193;991,4624529626672;703,5716702405043;15,125130731641548
сечение;700,0;25,0;10,0;65,0;BCC_B2 + FCC_A1 + SIGMA;3;нет;100;43,00213532489526;0,0;0,0;19,52870082928881;0,0;0,0;37,46916385756613;-14,241589723089419;979,9452213100085;709,3435799969811;15,37182745620521
сечение;700,0;22,5;10,0;67,5;BCC_B2 + D_NIMO + SIGMA;3;нет;100;33,45516477706884;0,0;14,285671489474428;0,0;0,0;0,0;52,25916373973549;0,0003137467720080167;991,4624529626672;703,5716702405989;15,125130731663376
сечение;700,0;20,0;10,0;70,0;BCC_B2 + D_NIMO + SIGMA;3;нет;100;38,79927078800273;0,0;9,603858829762292;0,0;0,0;0,0;51,59687036967227;0,0003137467720080167;991,4624529626017;703,5716702402497;15,12513073161972
сечение;700,0;17,5;10,0;72,5;BCC_B2 + D_NIMO + SIGMA;3;нет;100;44,143376798974984;0,0;4,922046203558163;0,0;0,0;0,0;50,93457701490024;0,0003137467792839743;991,462452962638;703,5716702404388;15,1251307316561
сечение;700,0;15,0;10,0;75,0;BCC_B2 + D_NIMO + SIGMA;3;нет;100;49,48748280998031;0,0;0,2402335423754748;0,0;0,0;0,0;50,27228365169728;0,0003137467792839743;991,4624529626744;703,5716702405916;15,125130731626996
сечение;700,0;87,5;12,5;0,0;FCC_A1;1;нет;100;0,0;0,0;0,0;100,00000000007734;0,0;0,0;0,0;25408,003808034846;22791,053164022487;23744,574821473027;10762,755628255894
сечение;700,0;85,0;12,5;2,5;FCC_A1;1;нет;100;0,0;0,0;0,0;100,0;0,0;0,0;0,0;7220,50447002639;8082,386249273135;5648,0319514501825;6896,399344263198
сечение;700,0;82,5;12,5;5,0;FCC_A1;1;нет;100;0,0;0,0;0,0;99,99999999999999;0,0;0,0;0,0;5096,4010252441585;5800,314565296532;3991,332896330139;5752,57088346321
сечение;700,0;80,0;12,5;7,5;FCC_A1;1;нет;100;0,0;0,0;0,0;99,99999999999997;0,0;0,0;0,0;3518,9036960429803;4258,554422168592;2908,4145940208764;4519,349853812979
сечение;700,0;77,5;12,5;10,0;FCC_A1;1;нет;100;0,0;0,0;0,0;100,0;0,0;0,0;0,0;2266,4031573095635;3101,1930365463777;2096,467245243308;3003,2097164625084
сечение;700,0;75,0;12,5;12,5;FCC_A1;1;нет;100;0,0;0,0;0,0;100,0;0,0;0,0;0,0;1242,344341268923;2112,0776520878935;1455,4285720867265;1696,829909572094
сечение;700,0;72,5;12,5;15,0;FCC_A1;1;нет;100;0,0;0,0;0,0;99,99999999999999;0,0;0,0;0,0;393,9926538847503;1336,5257762627589;936,9256294560619;569,4419447030305
сечение;700,0;70,0;12,5;17,5;BCC_B2 + FCC_A1;2;нет;100;1,448949680846403;0,0;0,0;98,55105031922587;0,0;0,0;0,0;7,881914802295796;988,4716084656102;644,2031193889634;-11,395540881087072
сечение;700,0;67,5;12,5;20,0;BCC_B2 + FCC_A1;2;нет;100;4,660902046265684;0,0;0,0;95,33909795370744;0,0;0,0;0,0;46,85304242337588;1002,9932137985234;533,0207898534063;-56,70008516341477
сечение;700,0;65,0;12,5;22,5;D_NIMO + FCC_A1 + SIGMA;3;нет;100;0,0;0,0;5,198032767320123;82,77660130324675;0,0;0,0;12,025365951369826;9,104187483899295e-07;988,653450655991;690,6890472032755;15,482311465755629
сечение;700,0;62,5;12,5;25,0;D_NIMO + FCC_A1 + SIGMA;3;нет;100;0,0;0,0;7,25772886892838;75,7892586878495;0,0;0,0;16,95301250421284;9,103896445594728e-07;988,653450656122;690,6890472040031;15,482311465748353
сечение;700,0;60,0;12,5;27,5;D_NIMO + FCC_A1 + SIGMA;3;нет;100;0,0;0,0;9,317424903430847;68,80191607226915;0,0;0,0;21,880659035003845;9,10476956050843e-07;988,6534506563912;690,6890472049417;15,482311465777457
сечение;700,0;57,5;12,5;30,0;D_NIMO + FCC_A1 + SIGMA;3;нет;100;0,0;0,0;11,377120918191839;61,81457345683226;0,0;0,0;26,808305570465972;9,104041964747012e-07;988,6534506562239;690,6890472043888;15,482311465748353
сечение;700,0;55,0;12,5;32,5;D_NIMO + FCC_A1 + SIGMA;3;нет;100;0,0;0,0;13,436817015424326;54,82723084135439;0,0;0,0;31,735952110643755;9,104260243475437e-07;988,6534506561875;690,6890472041923;15,482311465762905
сечение;700,0;52,5;12,5;35,0;D_NIMO + FCC_A1 + SIGMA;3;нет;100;0,0;0,0;15,496513112970787;47,83988822586033;0,0;0,0;36,66359865286837;9,104260243475437e-07;988,6534506561366;690,6890472039158;15,482311465748353
сечение;700,0;50,0;12,5;37,5;D_NIMO + FCC_A1 + SIGMA;3;нет;100;0,0;0,0;17,556209192443433;40,85254561038916;0,0;0,0;41,59124520244399;9,104478522203863e-07;988,653450656333;690,6890472047598;15,482311465748353
сечение;700,0;47,5;12,5;40,0;D_NIMO + FCC_A1 + SIGMA;3;нет;100;0,0;0,0;19,615905241945512;33,86520299486677;0,0;0,0;46,518891744258624;9,10396920517087e-07;988,6534506560856;690,689047203814;15,482311465733801
сечение;700,0;45,0;12,5;42,5;D_NIMO + FCC_A1 + SIGMA;3;нет;100;0,0;0,0;21,675601337378637;26,87786037941487;0,0;0,0;51,446538286468716;9,104333003051579e-07;988,6534506562384;690,6890472043451;15,482311465719249
сечение;700,0;42,5;12,5;45,0;D_NIMO + FCC_A1 + SIGMA;3;нет;100;0,0;0,0;23,73529740609167;19,890517763918098;0,0;0,0;56,37418482953468;9,104114724323153e-07;988,6534506560929;690,6890472037776;15,482311465748353
сечение;700,0;40,0;12,5;47,5;D_NIMO + FCC_A1 + SIGMA;3;нет;100;0,0;0,0;25,794993475241835;12,903175148412155;0,0;0,0;61,30183137173931;9,104114724323153e-07;988,6534506560856;690,6890472037485;15,482311465777457
сечение;700,0;37,5;12,5;50,0;D_NIMO + FCC_A1 + SIGMA;3;нет;100;0,0;0,0;27,854689553583174;5,915832533014771;0,0;0,0;66,2294779112491;9,104187483899295e-07;988,6534506560129;690,6890472034211;15,482311465755629
сечение;700,0;35,0;12,5;52,5;BCC_B2 + D_NIMO + SIGMA;3;нет;100;0,7479870982438372;0,0;28,83814609151508;0,0;0,0;0,0;70,41386680527893;0,0003137467720080167;991,4624529626453;703,5716702405116;15,125130731648824
сечение;700,0;32,5;12,5;55,0;BCC_B2 + D_NIMO + SIGMA;3;нет;100;6,092093109239396;0,0;24,15633343122386;0,0;0,0;0,0;69,75157344444335;0,0003137467647320591;991,4624529625726;703,5716702401987;15,1251307316561
сечение;700,0;30,0;12,5;57,5;BCC_B2 + D_NIMO + SIGMA;3;нет;100;11,436199120214365;0,0;19,47452079436916;0,0;0,0;0,0;69,08928008281595;0,0003137467647320591;991,4624529626599;703,5716702405989;15,1251307316561
сечение;700,0;27,5;12,5;60,0;BCC_B2 + D_NIMO + SIGMA;3;нет;100;16,780305131211737;0,0;14,792708146146316;0,0;0,0;0,0;68,42698672104254;0,00031374675018014386;991,4624529627908;703,5716702412392;15,1251307316561
сечение;700,0;25,0;12,5;62,5;BCC_B2 + D_NIMO + SIGMA;3;нет;100;22,124411142142794;0,0;10,110895497181444;0,0;0,0;0,0;67,76469336417176;0,0003137468083878048;991,4624529626526;703,5716702403952;15,12513073169248
сечение;700,0;22,5;12,5;65,0;BCC_B2 + D_NIMO + SIGMA;3;нет;100;27,468517153193034;0,0;5,429082841751927;0,0;0,0;0,0;67,10239999858568;0,0003137467792839743;991,4624529627399;703,571670240919;15,125130731663376
сечение;700,0;20,0;12,5;67,5;BCC_B2 + D_NIMO + SIGMA;3;нет;100;32,81262316411882;0,0;0,7472702138913871;0,0;0,0;0,0;66,44010664680825;0,00031374678655993193;991,462452962638;703,5716702403952;15,125130731648824
сечение;700,0;17,5;12,5;70,0;BCC_B2 + SIGMA;2;нет;100;39,97917007549926;0,0;0,0;0,0;0,0;0,0;60,02082992494121;494,72273001493886;1376,9267035488083;524,9316891123672;19,52683353129396
сечение;700,0;15,0;12,5;72,5;BCC_B2 + SIGMA;2;нет;100;47,84458911694202;0,0;0,0;0,0;0,0;0,0;52,15541088696689;1122,801657940552;1819,5655590816677;352,80440032195474;10,106014645782125
сечение;700,0;85,0;15,0;0,0;FCC_A1;1;нет;100;0,0;0,0;0,0;99,9999999999554;0,0;0,0;0,0;25620,338050844803;21860,76076221645;22581,942283041433;9738,771167629653
сечение;700,0;82,5;15,0;2,5;FCC_A1;1;нет;100;0,0;0,0;0,0;100,0;0,0;0,0;0,0;7338,657141412543;7611,750550689998;4537,596757603067;7129,244097480165
сечение;700,0;80,0;15,0;5,0;FCC_A1;1;нет;100;0,0;0,0;0,0;100,0;0,0;0,0;0,0;5137,302564726233;5507,833305571061;2929,7169100097017;5392,069169321963
сечение;700,0;77,5;15,0;7,5;FCC_A1;1;нет;100;0,0;0,0;0,0;99,99999999999999;0,0;0,0;0,0;3542,1868989350405;4054,374043785334;1892,477867518799;3715,8704715858694
сечение;700,0;75,0;15,0;10,0;FCC_A1;1;нет;100;0,0;0,0;0,0;99,99999999999999;0,0;0,0;0,0;2293,915253230756;2922,148088923248;1123,310633246896;2263,660611802261
сечение;700,0;72,5;15,0;12,5;FCC_A1;1;нет;100;0,0;0,0;0,0;100,0;0,0;0,0;0,0;1283,749585911377;1970,6611175933067;522,3850299617334;1007,4217998937384
сечение;700,0;70,0;15,0;15,0;FCC_A1 + SIGMA;2;нет;100;0,0;0,0;0,0;99,36478822685409;0,0;0,0;0,6352117736209082;521,8454990196406;1288,8035327209873;91,77011455062166;15,138966256425192
сечение;700,0;67,5;15,0;17,5;FCC_A1 + SIGMA;2;нет;100;0,0;0,0;0,0;92,95109455264388;0,0;0,0;7,048905446647886;449,54301375479554;1249,4298950851007;165,63228129565687;19,80893888166611
сечение;700,0;65,0;15,0;20,0;FCC_A1 + SIGMA;2;нет;100;0,0;0,0;0,0;86,58160511964915;0,0;0,0;13,418394879754667;378,42881393324933;1210,0075772983982;240,97067256012087;25,905633945629233
сечение;700,0;62,5;15,0;22,5;FCC_A1 + SIGMA;2;нет;100;0,0;0,0;0,0;80,25328833347805;0,0;0,0;19,746711666513505;308,1761606489745;1170,3856917657322;318,1071719988031;29,793511016505363
сечение;700,0;60,0;15,0;25,0;FCC_A1 + SIGMA;2;нет;100;0,0;0,0;0,0;73,96353159251315;0,0;0,0;26,036468407594445;238,4887860600429;1130,4174783479757;397,3700486457601;25,645540837562294
сечение;700,0;57,5;15,0;27,5;FCC_A1 + SIGMA;2;нет;100;0,0;0,0;0,0;67,7100461924444;0,0;0,0;32,28995380757381;169,09197544564813;1089,959087848416;479,11968852778955;21,106611487259215
сечение;700,0;55,0;15,0;30,0;FCC_A1 + SIGMA;2;нет;100;0,0;0,0;0,0;61,49078747658828;0,0;0,0;38,509212525448504;99,72656274417386;1048,8671981407388;563,7381749260749;17,851029710262083
сечение;700,0;52,5;15,0;32,5;FCC_A1 + SIGMA;2;нет;100;0,0;0,0;0,0;55,303883659124885;0,0;0,0;44,696116341890715;30,145408522519574;1006,9966765694262;651,6417856246408;15,905662058175949
сечение;700,0;50,0;15,0;35,0;D_NIMO + FCC_A1 + SIGMA;3;нет;100;0,0;0,0;1,171107136265829;48,67141032203229;0,0;0,0;50,15748256614801;9,104187483899295e-07;988,6534506561729;690,6890472041268;15,482311465726525
сечение;700,0;47,5;15,0;37,5;D_NIMO + FCC_A1 + SIGMA;3;нет;100;0,0;0,0;3,230803190648844;41,68406770660031;0,0;0,0;55,085129113663896;9,104041964747012e-07;988,6534506561366;690,6890472040031;15,482311465748353
сечение;700,0;45,0;15,0;40,0;D_NIMO + FCC_A1 + SIGMA;3;нет;100;0,0;0,0;5,290499284779197;34,696725091127504;0,0;0,0;60,01277565448107;9,103750926442444e-07;988,6534506561802;690,689047204316;15,482311465704697
сечение;700,0;42,5;15,0;42,5;D_NIMO + FCC_A1 + SIGMA;3;нет;100;0,0;0,0;7,350195365840855;27,70938247564791;0,0;0,0;64,94042220040625;9,104551281780005e-07;988,6534506563039;690,6890472046143;15,482311465755629
сечение;700,0;40,0;15,0;45,0;D_NIMO + FCC_A1 + SIGMA;3;нет;100;0,0;0,0;9,409891433007;20,722039860168817;0,0;0,0;69,8680687402884;9,104624041356146e-07;988,6534506562311;690,6890472042651;15,48231146577018
сечение;700,0;37,5;15,0;47,5;D_NIMO + FCC_A1 + SIGMA;3;нет;100;0,0;0,0;11,46958746781796;13,734697244662078;0,0;0,0;74,79571527088645;9,10396920517087e-07;988,6534506560347;690,6890472035884;15,48231146577018
сечение;700,0;35,0;15,0;50,0;D_NIMO + FCC_A1 + SIGMA;3;нет;100;0,0;0,0;13,529283574576805;6,747354629038103;0,0;0,0;79,72336182905613;9,104114724323153e-07;988,6534506560929;690,6890472037994;15,482311465777457
сечение;700,0;32,5;15,0;52,5;BCC_B2 + D_NIMO + SIGMA;3;нет;100;0,10544548533550133;0,0;15,299744810943174;0,0;0,0;0,0;84,59480970723583;0,0003137468156637624;991,4624529626308;703,5716702402642;15,125130731685204
сечение;700,0;30,0;15,0;55,0;BCC_B2 + D_NIMO + SIGMA;3;нет;100;5,449551496325757;0,0;10,617932147368176;0,0;0,0;0,0;83,93251634451005;0,0003137468156637624;991,4624529626162;703,5716702401987;15,125130731685204
сечение;700,0;27,5;15,0;57,5;BCC_B2 + FCC_A1 + SIGMA;3;нет;100;15,332655561515127;0,0;0,0;6,005350217101131;0,0;0,0;78,66199422345674;-14,241589723060315;979,9452213100521;709,3435799970757;15,37182745627797
сечение;700,0;25,0;15,0;60,0;BCC_B2 + D_NIMO + SIGMA;3;нет;100;16,13776351826451;0,0;1,2543068410868716;0,0;0,0;0,0;82,60792962157954;0,0003137467574561015;991,4624529627254;703,5716702409554;15,125130731677928
сечение;700,0;22,5;15,0;62,5;BCC_B2 + SIGMA;2;нет;100;22,966576010549904;0,0;0,0;0,0;0,0;0,0;77,03342397527229;376,98679917000845;1287,8920141260896;563,7441895047014;16,259851790855464
сечение;700,0;20,0;15,0;65,0;BCC_B2 + SIGMA;2;нет;100;30,637385539376744;0,0;0,0;0,0;0,0;0,0;69,36261446124986;929,6641775355383;1689,5892896931327;399,7895663045565;13,633515915957105
сечение;700,0;17,5;15,0;67,5;BCC_B2 + SIGMA;2;нет;100;38,62511921224364;0,0;0,0;0,0;0,0;0,0;61,37488078487614;1513,7052203005223;2064,3006355410325;272,3831168578763;9,76137677726365
сечение;700,0;15,0;15,0;70,0;BCC_B2 + SIGMA;2;нет;100;46,89456019091928;0,0;0,0;0,0;0,0;0,0;53,10543979937766;2116,0142113061956;2388,647816035649;182,72772027142491;16,554022723270464
сечение;700,0;82,5;17,5;0,0;FCC_A1;1;нет;100;0,0;0,0;0,0;99,99999999999987;0,0;0,0;0,0;25879,334129727416;21048,270856947303;21589,485355276607;8661,664152717945
сечение;700,0;80,0;17,5;2,5;FCC_A1;1;нет;100;0,0;0,0;0,0;100,0;0,0;0,0;0,0;7481,154746311993;7169,776316139323;3594,6753355555556;6435,11329227432
сечение;700,0;77,5;17,5;5,0;FCC_A1;1;нет;100;0,0;0,0;0,0;100,0;0,0;0,0;0,0;5208,982775758785;5072,073802380408;2033,025166218853;4535,42050836618
сечение;700,0;75,0;17,5;7,5;FCC_A1;1;нет;100;0,0;0,0;0,0;99,99999999999996;0,0;0,0;0,0;3600,207389457377;3669,010453979412;1038,9469512225405;2928,4475385794285
сечение;700,0;72,5;17,5;10,0;FCC_A1;1;нет;100;0,0;0,0;0,0;100,0;0,0;0,0;0,0;2357,7530897071483;2644,552664114097;310,1048862235548;1525,2230517958014
сечение;700,0;70,0;17,5;12,5;FCC_A1 + P_PHASE;2;нет;100;0,0;0,0;0,0;96,63401445636505;0,0;3,365985543618789;0,0;1451,7003050228886;1960,8901893376096;0,000336202239850536;668,5547527912786
сечение;700,0;67,5;17,5;15,0;FCC_A1 + P_PHASE;2;нет;100;0,0;0,0;0,0;90,36118220013697;0,0;9,638817799829534;0,0;681,748219609959;1388,3317839715455;0,0008065897345659323;65,1932399767029
сечение;700,0;65,0;17,5;17,5;FCC_A1 + P_PHASE + SIGMA;3;нет;100;0,0;0,0;0,0;84,79587470102022;0,0;8,426243569663946;6,777881726397872;615,5495451670795;1338,7769332029857;6,771078915335238e-07;11,317248802472022
сечение;700,0;62,5;17,5;20,0;FCC_A1 + P_PHASE + SIGMA;3;нет;100;0,0;0,0;0,0;79,24497763214843;0,0;6,5639766506369615;14,191045718500305;615,5495451670358;1338,7769332029347;6,77035131957382e-07;11,31724880242109
сечение;700,0;60,0;17,5;22,5;FCC_A1 + P_PHASE + SIGMA;3;нет;100;0,0;0,0;0,0;73,6940805632812;0,0;4,701709731290986;21,60420970630299;615,549545167014;1338,776933202913;6,770205800421536e-07;11,317248802399263
сечение;700,0;57,5;17,5;25,0;FCC_A1 + P_PHASE + SIGMA;3;нет;100;0,0;0,0;0,0;68,14318349441034;0,0;2,839442808049068;29,017373696924093;615,5495451670795;1338,7769332029711;6,770642357878387e-07;11,317248802435643
сечение;700,0;55,0;17,5;27,5;FCC_A1 + P_PHASE + SIGMA;3;нет;100;0,0;0,0;0,0;62,59228642554228;0,0;0,9771758896446187;36,43053768432457;615,5495451670577;1338,7769332029566;6,770569598302245e-07;11,317248802442919
сечение;700,0;52,5;17,5;30,0;FCC_A1 + SIGMA;2;нет;100;0,0;0,0;0,0;56,670714195053876;0,0;0,0;43,32928580547649;582,0647384834883;1321,0558271673726;32,291013101523276;12,398174010028015
сечение;700,0;50,0;17,5;32,5;FCC_A1 + SIGMA;2;нет;100;0,0;0,0;0,0;50,36905607786554;0,0;0,0;49,630943919926594;512,2729033991709;1283,6323380726826;101,39341668604175;15,670119533453544
сечение;700,0;47,5;17,5;35,0;FCC_A1 + SIGMA;2;нет;100;0,0;0,0;0,0;44,105123097930786;0,0;0,0;55,89487690421038;443,1417772383138;1245,9100364113765;172,30432529887185;20,29610069048067
сечение;700,0;45,0;17,5;37,5;FCC_A1 + SIGMA;2;нет;100;0,0;0,0;0,0;37,87697758486227;0,0;0,0;62,12302241419896;374,3995281830503;1207,7526127585006;245,3214086909793;26,2964991291592
сечение;700,0;42,5;17,5;40,0;FCC_A1 + SIGMA;2;нет;100;0,0;0,0;0,0;31,682906337082432;0,0;0,0;68,31709366297282;305,7864007933895;1169,0260485263207;320,77898320786335;29,713804106831958
сечение;700,0;40,0;17,5;42,5;FCC_A1 + SIGMA;2;нет;100;0,0;0,0;0,0;25,521365430052374;0,0;0,0;74,47863456875963;237,05012272029126;1129,5849387908456;399,0359004230704;25,538640381841105
сечение;700,0;37,5;17,5;45,0;FCC_A1 + SIGMA;2;нет;100;0,0;0,0;0,0;19,390927450375024;0,0;0,0;80,609072543457;167,93995266602724;1089,2819065216245;480,50106886758294;21,04199490052997
сечение;700,0;35,0;17,5;47,5;FCC_A1 + SIGMA;2;нет;100;0,0;0,0;0,0;13,290227004056684;0,0;0,0;86,70977299480683;98,20405719237897;1047,9577304104969;565,6290903901099;17,79418617108604
сечение;700,0;32,5;17,5;50,0;FCC_A1 + SIGMA;2;нет;100;0,0;0,0;0,0;7,217899894257425;0,0;0,0;92,78210011402325;27,58698152560828;1005,4432090623595;654,9336981092929;15,85979213288374
сечение;700,0;30,0;17,5;52,5;D_NIMO + FCC_A1 + SIGMA;3;нет;100;0,0;0,0;1,2635736152160495;0,591534109960977;0,0;0,0;98,14489224226998;9,104696800932288e-07;988,6534506561802;690,689047203974;15,482311465784733
сечение;700,0;27,5;17,5;55,0;BCC_B2 + SIGMA;2;нет;100;6,003098596754004;0,0;0,0;0,0;0,0;0,0;93,99690141333586;284,75155614188407;1216,9216581976361;595,7194599752765;14,648978788405657
сечение;700,0;25,0;17,5;57,5;BCC_B2 + SIGMA;2;нет;100;13,515860662369533;0,0;0,0;0,0;0,0;0,0;86,48413934105722;774,6324695239528;1581,2050678135784;441,22378800666775;19,21024629004387
сечение;700,0;22,5;17,5;60,0;BCC_B2 + SIGMA;2;нет;100;21,3218892411446;0,0;0,0;0,0;0,0;0,0;78,67811075741257;1298,1603972834055;1932,4846976638146;314,3823192056152;10,09582915291685
сечение;700,0;20,0;17,5;62,5;BCC_B2 + SIGMA;2;нет;100;29,39744418740078;0,0;0,0;0,0;0,0;0,0;70,60255581328171;1847,3116862431998;2252,260770411958;217,9648205538033;11,597964855820464
сечение;700,0;17,5;17,5;65,0;BCC_B2 + SIGMA;2;нет;100;37,71724477296699;0,0;0,0;0,0;0,0;0,0;62,28275523061859;2412,766487995541;2522,869231172641;151,8634604306135;16,70039256135351
сечение;700,0;15,0;17,5;67,5;BCC_B2 + SIGMA;2;нет;100;46,25554772396313;0,0;0,0;0,0;0,0;0,0;53,744452275165166;2981,105822285892;2729,3004216650224;113,20987478835013;34,30330318501365
сечение;700,0;80,0;20,0;0,0;FCC_A1;1;нет;100;0,0;0,0;0,0;99,99999999994006;0,0;0,0;0,0;26178,689235718513;20333,120875464287;20738,3158811006;7567,8923591827115
сечение;700,0;77,5;20,0;2,5;FCC_A1;1;нет;100;0,0;0,0;0,0;100,0;0,0;0,0;0,0;7643,118761295351;6627,24066343451;2790,3503107060897;5468,064366366016
сечение;700,0;75,0;20,0;5,0;FCC_A1;1;нет;100;0,0;0,0;0,0;100,00000000000003;0,0;0,0;0,0;5307,484866162507;4727,931720126668;1272,3129554773914;3689,082959730382
сечение;700,0;72,5;20,0;7,5;FCC_A1;1;нет;100;0,0;0,0;0,0;100,0;0,0;0,0;0,0;3688,330785829101;3371,0564107709506;318,83807159068965;2184,591279691769
сечение;700,0;70,0;20,0;10,0;FCC_A1 + P_PHASE;2;нет;100;0,0;0,0;0,0;95,01227658185655;0,0;4,987723417979542;0,0;2687,8822606955728;2678,8231881244865;6,12280928180553e-05;1397,8437471792713
сечение;700,0;67,5;20,0;12,5;FCC_A1 + P_PHASE;2;нет;100;0,0;0,0;0,0;87,11474543081039;0,0;12,885254568949891;0,0;1865,140937575954;2243,151634482594;0,0005784327440778725;935,8178081235383
сечение;700,0;65,0;20,0;15,0;FCC_A1 + P_PHASE;2;нет;100;0,0;0,0;0,0;80,33412046532665;0,0;19,665879534969804;0,0;988,395720596629;1617,3963235038973;0,00010785814083646983;312,7013805992174
сечение;700,0;62,5;20,0;17,5;FCC_A1 + P_PHASE + SIGMA;3;нет;100;0,0;0,0;0,0;74,61794478977912;0,0;21,069569138555444;4,312486074006623;615,5495451671377;1338,776933203022;6,770715117454529e-07;11,31724880245747
сечение;700,0;60,0;20,0;20,0;FCC_A1 + P_PHASE + SIGMA;3;нет;100;0,0;0,0;0,0;69,06704772091128;0,0;19,20730221820257;11,725650062582872;615,5495451669995;1338,7769332029056;6,77035131957382e-07;11,317248802399263
сечение;700,0;57,5;20,0;22,5;FCC_A1 + P_PHASE + SIGMA;3;нет;100;0,0;0,0;0,0;63,51615065203927;0,0;17,345035297534338;19,13881405070574;615,5495451669995;1338,7769332028984;6,76998752169311e-07;11,31724880238471
сечение;700,0;55,0;20,0;25,0;FCC_A1 + P_PHASE + SIGMA;3;нет;100;0,0;0,0;0,0;57,965253583168575;0,0;15,482768377641062;26,551978040184643;615,5495451670722;1338,7769332029711;6,770787877030671e-07;11,317248802450194
сечение;700,0;52,5;20,0;27,5;FCC_A1 + P_PHASE + SIGMA;3;нет;100;0,0;0,0;0,0;52,41435651430262;0,0;13,620501457345425;33,96514202870494;615,5495451670431;1338,776933202942;6,77035131957382e-07;11,31724880242109
сечение;700,0;50,0;20,0;30,0;FCC_A1 + P_PHASE + SIGMA;3;нет;100;0,0;0,0;0,0;46,86345944543404;0,0;11,758234534734322;41,378306019755314;615,5495451670358;1338,776933202942;6,77035131957382e-07;11,317248802413815
сечение;700,0;47,5;20,0;32,5;FCC_A1 + P_PHASE + SIGMA;3;нет;100;0,0;0,0;0,0;41,31256237656189;0,0;9,895967612875896;48,79147000892112;615,5495451671231;1338,7769332030075;6,770787877030671e-07;11,317248802472022
сечение;700,0;45,0;20,0;35,0;FCC_A1 + P_PHASE + SIGMA;3;нет;100;0,0;0,0;0,0;35,76166530769436;0,0;8,033700694919345;56,20463399885405;615,5495451670067;1338,776933202913;6,77035131957382e-07;11,317248802399263
сечение;700,0;42,5;20,0;37,5;FCC_A1 + P_PHASE + SIGMA;3;нет;100;0,0;0,0;0,0;30,21076823882835;0,0;6,17143377686977;63,61779799034646;615,549545167094;1338,776933202993;6,770860636606812e-07;11,317248802472022
сечение;700,0;40,0;20,0;40,0;FCC_A1 + P_PHASE + SIGMA;3;нет;100;0,0;0,0;0,0;24,659871169956222;0,0;4,309166855351018;71,03096197675309;615,5495451670504;1338,7769332029493;6,77035131957382e-07;11,31724880242109
сечение;700,0;37,5;20,0;42,5;FCC_A1 + P_PHASE + SIGMA;3;нет;100;0,0;0,0;0,0;19,108974101085277;0,0;2,4468999305381325;78,44412596883274;615,5495451670868;1338,7769332029857;6,770787877030671e-07;11,31724880245747
сечение;700,0;35,0;20,0;45,0;FCC_A1 + P_PHASE + SIGMA;3;нет;100;0,0;0,0;0,0;13,558077032218737;0,0;0,5846330107576905;85,85728995404594;615,5495451670504;1338,7769332029493;6,770496838726103e-07;11,31724880242109
сечение;700,0;32,5;20,0;47,5;FCC_A1 + SIGMA;2;нет;100;0,0;0,0;0,0;7,570603525089275;0,0;0,0;92,42939647848566;569,9163297775231;1314,5885941718589;44,14346371390275;12,868189748645818
сечение;700,0;30,0;20,0;50,0;FCC_A1 + SIGMA;2;нет;100;0,0;0,0;0,0;1,4111992575565968;0,0;0,0;98,58880074314953;503,5662526975284;1278,916213997145;110,18799825641327;16,176171548111597
сечение;700,0;27,5;20,0;52,5;BCC_B2 + SIGMA;2;нет;100;4,111236014011836;0,0;0,0;0,0;0,0;0,0;95,88876398187458;1119,5020874212787;1817,3932119044912;353,5655191674814;10,135034329672635
сечение;700,0;25,0;20,0;55,0;BCC_B2 + SIGMA;2;нет;100;12,017509199199003;0,0;0,0;0,0;0,0;0,0;87,98249080557915;1618,245823353056;2125,349728108624;253,9906130501331;9,212102287514426
сечение;700,0;22,5;20,0;57,5;BCC_B2 + SIGMA;2;нет;100;20,159104496334297;0,0;0,0;0,0;0,0;0,0;79,84089550817605;2139,8217556778254;2400,0616751420093;179,95020144899172;16,600349239823117
сечение;700,0;20,0;20,0;60,0;BCC_B2 + SIGMA;2;нет;100;28,517697223100114;0,0;0,0;0,0;0,0;0,0;71,48230277156546;2676,9075218697617;2627,262580706767;130,80961563075834;21,352759262888867
сечение;700,0;17,5;20,0;62,5;BCC_B2 + SIGMA;2;нет;100;37,07450073566812;0,0;0,0;0,0;0,0;0,0;62,92549926008277;3217,610512733845;2794,8735816007393;103,86229179407383;42,702234863550984
сечение;700,0;15,0;20,0;65,0;BCC_B2 + SIGMA;2;нет;100;45,80857979211457;0,0;0,0;0,0;0,0;0,0;54,191420208728324;3743,8739882976442;2896,8993753330797;94,24379684570886;75,93979022390704
сечение;700,0;77,5;22,5;0,0;FCC_A1;1;нет;100;0,0;0,0;0,0;100,00000000000048;0,0;0,0;0,0;26512,127138900076;19691,67351946303;20007,26117172801;6493,96836277136
сечение;700,0;75,0;22,5;2,5;FCC_A1;1;нет;100;0,0;0,0;0,0;100,0;0,0;0,0;0,0;7820,411306313079;6125,464845445858;2103,4270270243214;4579,590287448351
сечение;700,0;72,5;22,5;5,0;FCC_A1;1;нет;100;0,0;0,0;0,0;100,0;0,0;0,0;0,0;5428,573767882655;4375,517425901824;626,3458332041046;2911,4149272768045
сечение;700,0;70,0;22,5;7,5;FCC_A1 + P_PHASE;2;нет;100;0,0;0,0;0,0;96,34496655569109;0,0;3,655033444638601;0,0;4079,440065115843;3435,0320426891776;2,0442093955352902e-06;1924,4525438425044
сечение;700,0;67,5;22,5;10,0;FCC_A1 + P_PHASE;2;нет;100;0,0;0,0;0,0;86,66607541283912;0,0;13,333924587264006;0,0;3304,622153356926;3011,264408467585;0,0018827226449502632;1663,7375086414686
сечение;700,0;65,0;22,5;12,5;FCC_A1 + P_PHASE;2;нет;100;0,0;0,0;0,0;77,9825251651508;0,0;22,01747483413235;0,0;2405,31226550632;2528,125482268435;5,782992229796946e-05;1247,2371196585227
сечение;700,0;62,5;22,5;15,0;FCC_A1 + P_PHASE;2;нет;100;0,0;0,0;0,0;70,52281205145457;0,0;29,477187947798246;0,0;1403,2282385467115;1925,1516013212895;0,00010215931251877919;634,5379918730905
сечение;700,0;60,0;22,5;17,5;FCC_A1 + P_PHASE + SIGMA;3;нет;100;0,0;0,0;0,0;64,44001487853723;0,0;33,71289470315757;1,8470904177787173;615,5495451670431;1338,776933202942;6,77035131957382e-07;11,317248802406539
сечение;700,0;57,5;22,5;20,0;FCC_A1 + P_PHASE + SIGMA;3;нет;100;0,0;0,0;0,0;58,889117809667525;0,0;31,850627782872;9,260254407086265;615,5495451670504;1338,7769332029493;6,770569598302245e-07;11,317248802435643
сечение;700,0;55,0;22,5;22,5;FCC_A1 + P_PHASE + SIGMA;3;нет;100;0,0;0,0;0,0;53,33822074080098;0,0;29,988360865516;16,673418395611836;615,5495451670504;1338,7769332029493;6,770424079149961e-07;11,317248802428367
сечение;700,0;52,5;22,5;25,0;FCC_A1 + P_PHASE + SIGMA;3;нет;100;0,0;0,0;0,0;47,78732367192856;0,0;28,126093943092613;24,08658238628015;615,5495451670577;1338,7769332029493;6,77035131957382e-07;11,31724880242109
сечение;700,0;50,0;22,5;27,5;FCC_A1 + P_PHASE + SIGMA;3;нет;100;0,0;0,0;0,0;42,23642660306066;0,0;26,2638270213175;31,49974637369133;615,5495451670649;1338,7769332029566;6,770133040845394e-07;11,317248802413815
сечение;700,0;47,5;22,5;30,0;FCC_A1 + P_PHASE + SIGMA;3;нет;100;0,0;0,0;0,0;36,6855295341903;0,0;24,40156010238506;38,91291036427923;615,5495451670431;1338,776933202942;6,770569598302245e-07;11,317248802428367
сечение;700,0;45,0;22,5;32,5;FCC_A1 + P_PHASE + SIGMA;3;нет;100;0,0;0,0;0,0;31,13463246532361;0,0;22,5392931846789;46,32607435377392;615,5495451669849;1338,7769332028984;6,770424079149961e-07;11,31724880238471
сечение;700,0;42,5;22,5;35,0;FCC_A1 + P_PHASE + SIGMA;3;нет;100;0,0;0,0;0,0;25,58373539645345;0,0;20,67702625866445;53,739238344576634;615,5495451670431;1338,776933202942;6,770278559997678e-07;11,317248802413815
сечение;700,0;40,0;22,5;37,5;FCC_A1 + P_PHASE + SIGMA;3;нет;100;0,0;0,0;0,0;20,032838327584287;0,0;18,814759339343603;61,15240233669069;615,5495451670067;1338,776933202913;6,770496838726103e-07;11,317248802406539
сечение;700,0;37,5;22,5;40,0;FCC_A1 + P_PHASE + SIGMA;3;нет;100;0,0;0,0;0,0;14,481941258714937;0,0;16,9524924214952;68,56556632228974;615,5495451670358;1338,7769332029347;6,770569598302245e-07;11,317248802428367
сечение;700,0;35,0;22,5;42,5;FCC_A1 + P_PHASE + SIGMA;3;нет;100;0,0;0,0;0,0;8,931044189847206;0,0;15,09022549722272;75,9787303103731;615,5495451670868;1338,7769332029784;6,770642357878387e-07;11,31724880245747
сечение;700,0;32,5;22,5;45,0;FCC_A1 + P_PHASE + SIGMA;3;нет;100;0,0;0,0;0,0;3,380147120978256;0,0;13,227958583576438;83,39189429902444;615,5495451670286;1338,7769332029347;6,770496838726103e-07;11,31724880242109
сечение;700,0;30,0;22,5;47,5;P_PHASE + SIGMA;2;нет;100;0,0;0,0;0,0;0,0;0,0;7,1235233209023665;92,876476677468;984,5228528056468;1614,5069574557565;9,162593050859869e-05;7,554777773708338
сечение;700,0;27,5;22,5;50,0;BCC_B2 + SIGMA;2;нет;100;2,7161761178999924;0,0;0,0;0,0;0,0;0,0;97,28382388596616;1902,1294995772987;2281,1989779539363;210,18094780320826;12,886003941523086
сечение;700,0;25,0;22,5;52,5;BCC_B2 + SIGMA;2;нет;100;10,908994220524802;0,0;0,0;0,0;0,0;0,0;89,09100578105347;2401,913472687047;2518,272493545337;152,85362931958662;16,644034124678
сечение;700,0;22,5;22,5;55,0;BCC_B2 + SIGMA;2;нет;100;19,29811172194186;0,0;0,0;0,0;0,0;0,0;80,70188828592134;2917,08983012558;2709,4703235464403;116,3662164027337;30,918962831616227
сечение;700,0;20,0;22,5;57,5;BCC_B2 + SIGMA;2;нет;100;27,869815991961843;0,0;0,0;0,0;0,0;0,0;72,13018400631356;3436,7727320986523;2844,744778449698;98,15652384854911;53,81583168432553
сечение;700,0;17,5;22,5;60,0;BCC_B2 + SIGMA;2;нет;100;36,608250457981875;0,0;0,0;0,0;0,0;0,0;63,39174953977123;3943,657574443605;2919,740346689665;93,83908297149901;74,19198050320847
сечение;700,0;15,0;22,5;62,5;BCC_B2 + SIGMA;2;нет;100;45,493406041920295;0,0;0,0;0,0;0,0;0,0;54,50659395469963;4415,109756408194;2939,5193444483666;97,79515996303962;64,71801874223456
сечение;700,0;75,0;25,0;0,0;FCC_A1;1;нет;100;0,0;0,0;0,0;100,00000006495091;0,0;0,0;0,0;26873,401474623228;19105,32503358758;19379,606958459874;5469,217586143728
сечение;700,0;72,5;25,0;2,5;FCC_A1;1;нет;100;0,0;0,0;0,0;99,99999999999999;0,0;0,0;0,0;8009,156604929798;5586,439883983141;1517,1714001796354;3698,0871215856823
сечение;700,0;70,0;25,0;5,0;FCC_A1;1;нет;100;0,0;0,0;0,0;100,00000000000003;0,0;0,0;0,0;5567,7697416184965;4053,9509322481827;78,38907898883917;2177,85696230163
сечение;700,0;67,5;25,0;7,5;FCC_A1 + P_PHASE;2;нет;100;0,0;0,0;0,0;89,65818124006209;0,0;10,341818760114844;0,0;4847,130253785035;3783,7055673616633;0,0012440677601261996;2058,4739841873015
сечение;700,0;65,0;25,0;10,0;FCC_A1 + P_PHASE;2;нет;100;0,0;0,0;0,0;79,0959243194038;0,0;20,904075681636655;0,0;4074,182233769301;3432,135677000988;5,428421718534082e-05;1923,010311249709
сечение;700,0;62,5;25,0;12,5;FCC_A1 + P_PHASE;2;нет;100;0,0;0,0;0,0;69,4489529836111;0,0;30,55104701661805;0,0;3120,914476654594;2911,758464111488;0,0003008585626957938;1585,465174364952
сечение;700,0;60,0;25,0;15,0;FCC_A1 + P_PHASE;2;нет;100;0,0;0,0;0,0;61,071109519441634;0,0;38,92889048147111;0,0;1984,8724702255422;2305,949311461358;3,78960176021792e-05;1005,4428179123279
сечение;700,0;57,5;25,0;17,5;FCC_A1 + P_PHASE;2;нет;100;0,0;0,0;0,0;54,28672395571563;0,0;45,71327604410717;0,0;722,8270405375515;1419,0681877217285;0,002203459807788022;98,54408964967297
сечение;700,0;55,0;25,0;20,0;FCC_A1 + P_PHASE + SIGMA;3;нет;100;0,0;0,0;0,0;48,71118789842694;0,0;44,49395334859647;6,794858751632309;615,5495451670649;1338,7769332029638;6,770496838726103e-07;11,317248802435643
сечение;700,0;52,5;25,0;22,5;FCC_A1 + P_PHASE + SIGMA;3;нет;100;0,0;0,0;0,0;43,16029082955769;0,0;42,63168642844069;14,20802274197475;615,5495451670722;1338,7769332029638;6,770569598302245e-07;11,317248802435643
сечение;700,0;50,0;25,0;25,0;FCC_A1 + P_PHASE + SIGMA;3;нет;100;0,0;0,0;0,0;37,60939376068774;0,0;40,769419507576885;21,621186730305464;615,5495451670868;1338,7769332029711;6,77035131957382e-07;11,317248802442919
сечение;700,0;47,5;25,0;27,5;FCC_A1 + P_PHASE + SIGMA;3;нет;100;0,0;0,0;0,0;32,05849669181968;0,0;38,907152588680205;29,034350719382562;615,5495451670067;1338,7769332029202;6,770569598302245e-07;11,317248802413815
сечение;700,0;45,0;25,0;30,0;FCC_A1 + P_PHASE + SIGMA;3;нет;100;0,0;0,0;0,0;26,50759962295142;0,0;37,044885667472414;36,44751470968753;615,5495451670868;1338,7769332029784;6,770787877030671e-07;11,317248802464746
сечение;700,0;42,5;25,0;32,5;FCC_A1 + P_PHASE + SIGMA;3;нет;100;0,0;0,0;0,0;20,95670255408139;0,0;35,18261874721508;43,860678700208425;615,5495451670358;1338,7769332029347;6,770278559997678e-07;11,317248802413815
сечение;700,0;40,0;25,0;35,0;FCC_A1 + P_PHASE + SIGMA;3;нет;100;0,0;0,0;0,0;15,405805485211191;0,0;33,32035182282006;51,27384268901285;615,5495451670286;1338,7769332029347;6,770424079149961e-07;11,317248802413815
сечение;700,0;37,5;25,0;37,5;FCC_A1 + P_PHASE + SIGMA;3;нет;100;0,0;0,0;0,0;9,854908416343298;0,0;31,458084906938392;58,68700667733546;615,5495451670358;1338,7769332029275;6,770060281269252e-07;11,317248802406539
сечение;700,0;35,0;25,0;40,0;FCC_A1 + P_PHASE + SIGMA;3;нет;100;0,0;0,0;0,0;4,30401134747491;0,0;29,59581798632844;66,10017066665701;615,5495451670504;1338,7769332029493;6,770569598302245e-07;11,317248802428367
сечение;700,0;32,5;25,0;42,5;P_PHASE + SIGMA;2;да;100;0,0;0,0;0,0;0,0;0,0;25,373410376261813;74,6265896232723;865,933543394458;1527,9494854429213;0,00018679885397432372;7,641075717729109
сечение;700,0;30,0;25,0;45,0;P_PHASE + SIGMA;2;да;100;0,0;0,0;0,0;0,0;0,0;11,45158207127255;88,54841793003453;1812,1758754688271;2154,482831240748;1,5673882444389164e-05;11,169243157433812
сечение;700,0;27,5;25,0;47,5;BCC_B2 + SIGMA;2;нет;100;1,646490632722281;0,0;0,0;0,0;0,0;0,0;98,35350936922869;2641,0408788052882;2613,9389444202534;133,33796176148462;20,355543251687777
сечение;700,0;25,0;25,0;50,0;BCC_B2 + SIGMA;2;нет;100;10,05981256878713;0,0;0,0;0,0;0,0;0,0;89,94018742597449;3139,5079397282316;2774,562908205233;106,56256355135702;39,706625908307615
сечение;700,0;22,5;25,0;52,5;BCC_B2 + SIGMA;2;нет;100;18,643348566157787;0,0;0,0;0,0;0,0;0,0;81,35665143302096;3643,615429113779;2882,147740453802;95,0473333235932;67,89067356487067
сечение;700,0;20,0;25,0;55,0;BCC_B2 + SIGMA;2;нет;100;27,385395936928585;0,0;0,0;0,0;0,0;0,0;72,61460406427459;4136,448603017743;2933,568102098063;94,7443246333205;70,142317312042
сечение;700,0;17,5;25,0;57,5;BCC_B2 + SIGMA;2;нет;100;36,27012618092565;0,0;0,0;0,0;0,0;0,0;63,72987381615863;4594,9436004641175;2934,742629546068;100,54624209764006;61,471431341124116
сечение;700,0;15,0;25,0;60,0;BCC_B2 + SIGMA;2;нет;100;45,27616228206605;0,0;0,0;0,0;0,0;0,0;54,72383771846636;4995,375224510819;2900,7861093163883;107,69315826192906;54,90485842079215
сечение;700,0;72,5;27,5;0,0;FCC_A1;1;нет;100;0,0;0,0;0,0;99,99999999999616;0,0;0,0;0,0;27256,30157509615;18559,78676201428;18841,441925689607;4513,851273973938
сечение;700,0;70,0;27,5;2,5;FCC_A1;1;нет;100;0,0;0,0;0,0;99,99999999999997;0,0;0,0;0,0;8205,44673503554;5117,553431275388;1017,6852865480832;2902,1699072615593
сечение;700,0;67,5;27,5;5,0;FCC_A1 + P_PHASE;2;нет;100;0,0;0,0;0,0;95,89257489833905;0,0;4,107425101649645;0,0;6274,382389138067;4040,667077896025;0,0011709411919582635;1981,9553134442176
сечение;700,0;65,0;27,5;7,5;FCC_A1 + P_PHASE;2;нет;100;0,0;0,0;0,0;84,02655147195297;0,0;15,97344852871257;0,0;5726,38029420418;4025,7804320172218;0,0013386978389462456;2066,0168258902268
сечение;700,0;62,5;27,5;10,0;FCC_A1 + P_PHASE;2;нет;100;0,0;0,0;0,0;72,58558323384095;0,0;27,414416766494952;0,0;5011,6374179113045;3833,2785422465968;0,000151450905832462;2063,988848551504
сечение;700,0;60,0;27,5;12,5;FCC_A1 + P_PHASE;2;нет;100;0,0;0,0;0,0;61,84565196669055;0,0;38,15434803286289;0,0;4066,19141888975;3427,734332139844;0,0002683594066184014;1920,8174391735083
сечение;700,0;57,5;27,5;15,0;FCC_A1 + P_PHASE;2;нет;100;0,0;0,0;0,0;52,2547696311771;0,0;47,74523036884703;0,0;2827,1300249156193;2753,470900964312;0,002686820014787372;1458,6582041748698
сечение;700,0;55,0;27,5;17,5;FCC_A1 + P_PHASE;2;нет;100;0,0;0,0;0,0;44,40419357616263;0,0;55,595806424794084;0,0;1299,9519648786154;1848,8340695341467;0,00017072995251510292;560,8930062486834
сечение;700,0;52,5;27,5;20,0;FCC_A1 + P_PHASE + SIGMA;3;нет;100;0,0;0,0;0,0;38,53325798718487;0,0;57,13727891438584;4,3294630981827975;615,5495451670504;1338,7769332029493;6,770424079149961e-07;11,31724880242109
сечение;700,0;50,0;27,5;22,5;FCC_A1 + P_PHASE + SIGMA;3;нет;100;0,0;0,0;0,0;32,982360918315926;0,0;55,27501199260346;11,74262708782388;615,5495451670431;1338,7769332029493;6,770569598302245e-07;11,31724880242109
сечение;700,0;47,5;27,5;25,0;FCC_A1 + P_PHASE + SIGMA;3;нет;100;0,0;0,0;0,0;27,431463849447464;0,0;53,41274507563926;19,15579107463276;615,5495451670868;1338,7769332029784;6,770642357878387e-07;11,317248802450194
сечение;700,0;45,0;27,5;27,5;FCC_A1 + P_PHASE + SIGMA;3;нет;100;0,0;0,0;0,0;21,880566780578782;0,0;51,550478154386816;26,568955065682275;615,5495451670067;1338,776933202913;6,770205800421536e-07;11,317248802391987
сечение;700,0;42,5;27,5;30,0;FCC_A1 + P_PHASE + SIGMA;3;нет;100;0,0;0,0;0,0;16,329669711708874;0,0;49,688211234787246;33,98211905366698;615,5495451670067;1338,776933202913;6,770278559997678e-07;11,317248802399263
сечение;700,0;40,0;27,5;32,5;FCC_A1 + P_PHASE + SIGMA;3;нет;100;0,0;0,0;0,0;10,778772642839243;0,0;47,82594431349331;41,39528304327385;615,5495451670577;1338,7769332029638;6,770715117454529e-07;11,317248802428367
сечение;700,0;37,5;27,5;35,0;FCC_A1 + P_PHASE + SIGMA;3;нет;100;0,0;0,0;0,0;5,227875573971236;0,0;45,96367739305596;48,808447034364946;615,5495451670795;1338,7769332029784;6,770715117454529e-07;11,317248802450194
сечение;700,0;35,0;27,5;37,5;P_PHASE + SIGMA;2;нет;100;0,0;0,0;0,0;0,0;0,0;43,51621694557498;56,483783054923805;695,0698266788531;1399,7589768975377;0,0006548236488015391;9,632821958119166
сечение;700,0;32,5;27,5;40,0;P_PHASE + SIGMA;2;да;100;0,0;0,0;0,0;0,0;0,0;30,122203645103653;69,87779635624032;1832,886542485081;2166,389904140997;0,00032398179610027;11,070591059949948
сечение;700,0;30,0;27,5;42,5;P_PHASE + SIGMA;2;да;100;0,0;0,0;0,0;0,0;0,0;14,674013278991128;85,32598672038634;2633,863181121793;2557,820678886994;6,383728759828955e-05;21,083172785540228
сечение;700,0;27,5;27,5;45,0;BCC_B2 + SIGMA;2;да;100;0,803444071245442;0,0;0,0;0,0;0,0;0,0;99,19655592948897;3348,889401559536;2826,010581857925;100,12649280779442;48,88408367618831
сечение;700,0;25,0;27,5;47,5;BCC_B2 + SIGMA;2;нет;100;9,395963878796977;0,0;0,0;0,0;0,0;0,0;90,60403611941963;3842,247404525566;2909,234272470174;93,85720628583658;76,42535174997465
сечение;700,0;22,5;27,5;50,0;BCC_B2 + SIGMA;2;нет;100;18,140567964342118;0,0;0,0;0,0;0,0;0,0;81,85943203457917;4325,965519891077;2939,3992630981083;96,63243422942469;66,40009332323098
сечение;700,0;20,0;27,5;52,5;BCC_B2 + SIGMA;2;нет;100;27,025334520013665;0,0;0,0;0,0;0,0;0,0;72,97466548019793;4775,917576971486;2923,3022407658136;103,68820406931627;58,39372050084785
сечение;700,0;17,5;27,5;55,0;BCC_B2 + SIGMA;2;нет;100;36,03221081287143;0,0;0,0;0,0;0,0;0,0;63,967789186083394;5166,03664637186;2867,9974878708235;110,71875129031832;52,36852825463575
сечение;700,0;15,0;27,5;57,5;BCC_B2 + SIGMA;2;нет;100;45,15211867505807;0,0;0,0;0,0;0,0;0,0;54,84788134393052;5431,4653445591175;2812,105212692528;114,76141811419075;48,718093105337175
сечение;700,0;70,0;30,0;0,0;FCC_A1;1;нет;100;0,0;0,0;0,0;99,99999999999805;0,0;0,0;0,0;27654,66072712063;18044,836191541362;18380,75892249742;3639,895366786739
сечение;700,0;67,5;30,0;2,5;FCC_A1;1;нет;100;0,0;0,0;0,0;99,99999999999999;0,0;0,0;0,0;8405,209756402786;4709,41629750876;592,9972809986284;2196,983403323182
сечение;700,0;65,0;30,0;5,0;FCC_A1 + P_PHASE;2;нет;100;0,0;0,0;0,0;91,9443808635752;0,0;8,055619136416643;0,0;7121,916892513524;4064,932844386036;7,218019163701683e-06;1796,2758635772916
сечение;700,0;62,5;30,0;7,5;FCC_A1 + P_PHASE;2;нет;100;0,0;0,0;0,0;79,56459551556063;0,0;20,435404485142957;0,0;6684,442635206848;4052,1769980756726;3,6546225601341575e-05;1893,767523193288
сечение;700,0;60,0;30,0;10,0;FCC_A1 + P_PHASE;2;нет;100;0,0;0,0;0,0;67,3953703872633;0,0;32,60462961236539;0,0;6094,849117232814;4035,737606292896;0,0006334700010484084;2020,12788295489
сечение;700,0;57,5;30,0;12,5;FCC_A1 + P_PHASE;2;нет;100;0,0;0,0;0,0;55,61208624360726;0,0;44,38791375473301;0,0;5265,723374444475;3910,3589913114774;0,0001861972123151645;2065,825634427245
сечение;700,0;55,0;30,0;15,0;FCC_A1 + P_PHASE;2;нет;100;0,0;0,0;0,0;44,59285758756231;0,0;55,40714241156692;0,0;4052,584806224091;3420,241175333729;0,00010757814015960321;1917,0806913274355
сечение;700,0;52,5;30,0;17,5;FCC_A1 + P_PHASE;2;нет;100;0,0;0,0;0,0;35,122334285989076;0,0;64,87766571106867;0,0;2281,458656727649;2462,415283510054;0,0004947084744344465;1176,4388844451823
сечение;700,0;50,0;30,0;20,0;FCC_A1 + P_PHASE + SIGMA;3;нет;100;0,0;0,0;0,0;28,35532807594552;0,0;69,78060448313799;1,8640674414401994;615,5495451670067;1338,776933202913;6,770424079149961e-07;11,317248802413815
сечение;700,0;47,5;30,0;22,5;FCC_A1 + P_PHASE + SIGMA;3;нет;100;0,0;0,0;0,0;22,80443100707718;0,0;67,91833756465861;9,277231432117032;615,5495451669631;1338,7769332028765;6,770060281269252e-07;11,317248802370159
сечение;700,0;45,0;30,0;25,0;FCC_A1 + P_PHASE + SIGMA;3;нет;100;0,0;0,0;0,0;17,25353393820664;0,0;66,05607064298299;16,690395420034065;615,549545167094;1338,776933202993;6,771078915335238e-07;11,317248802464746
сечение;700,0;42,5;30,0;27,5;FCC_A1 + P_PHASE + SIGMA;3;нет;100;0,0;0,0;0,0;11,702636869336661;0,0;64,1938037196164;24,103559410249954;615,5495451670286;1338,7769332029202;6,769914762116969e-07;11,317248802391987
сечение;700,0;40,0;30,0;30,0;FCC_A1 + P_PHASE + SIGMA;3;нет;100;0,0;0,0;0,0;6,151739800468754;0,0;62,33153679896505;31,516723399990948;615,5495451670649;1338,7769332029566;6,770496838726103e-07;11,317248802450194
сечение;700,0;37,5;30,0;32,5;FCC_A1 + P_PHASE + SIGMA;3;нет;100;0,0;0,0;0,0;0,6008427315995825;0,0;60,46926988170498;38,92988738686705;615,5495451670358;1338,776933202942;6,770496838726103e-07;11,317248802413815
сечение;700,0;35,0;30,0;35,0;P_PHASE + SIGMA;2;нет;100;0,0;0,0;0,0;0,0;0,0;48,82126898389932;51,17873101505469;1861,3325452224308;2182,6066227081246;0,00013764994946541265;10,987377948462381
сечение;700,0;32,5;30,0;37,5;P_PHASE + SIGMA;2;нет;100;0,0;0,0;0,0;0,0;0,0;33,95795838304912;66,04204161973502;2769,4437748960117;2609,9884250157484;0,00016774986579548568;26,776845124943065
сечение;700,0;30,0;30,0;40,0;BCC_B2 + P_PHASE;2;да;100;26,425743188412014;0,0;0,0;0,0;0,0;73,5742568133399;0,0;3262,714945323889;2740,4514536670686;2,535482053644955e-06;-15,908277951391938
сечение;700,0;27,5;30,0;42,5;BCC_B2 + SIGMA;2;да;100;0,1276308249476507;0,0;0,0;0,0;0,0;0,0;99,87236917539668;4036,3754526371267;2927,3917883834947;94,13088227353728;72,21285424353118
сечение;700,0;25,0;30,0;45,0;BCC_B2 + SIGMA;2;да;100;8,873253267637708;0,0;0,0;0,0;0,0;0,0;91,12674674656253;4516,070367218155;2937,6571007023813;99,28169968424481;62,871693546156166
сечение;700,0;22,5;30,0;47,5;BCC_B2 + SIGMA;2;нет;100;17,758009508981033;0,0;0,0;0,0;0,0;0,0;82,24199049281678;4962,231150881977;2904,7802056468936;107,08848770060285;55,41513039050915
сечение;700,0;20,0;30,0;50,0;BCC_B2 + SIGMA;2;нет;100;26,767490666669268;0,0;0,0;0,0;0,0;0,0;73,23250933127811;5344,9116709585;2830,022187494593;113,57066014166048;49,869716780820454
сечение;700,0;17,5;30,0;52,5;BCC_B2 + SIGMA;2;нет;100;35,955857282287816;0,0;0,0;0,0;0,0;0,0;64,04414274103391;5431,465344559161;2812,1052126925133;114,76141811418347;48,718093105337175
сечение;700,0;15,0;30,0;55,0;BCC_B2 + SIGMA;2;нет;100;45,183282669070245;0,0;0,0;0,0;0,0;0,0;54,81671734896608;5431,465344559168;2812,1052126924988;114,7614181142053;48,71809310531535
сечение;700,0;67,5;32,5;0,0;FCC_A1;1;нет;100;0,0;0,0;0,0;100,00000004761087;0,0;0,0;0,0;28062,366550972365;17554,08230605277;17986,951669932758;2853,0597015911844
сечение;700,0;65,0;32,5;2,5;FCC_A1;1;нет;100;0,0;0,0;0,0;99,99999999999997;0,0;0,0;0,0;8604,174720775423;4353,891740055478;232,57755877674936;1527,6274898240008
сечение;700,0;62,5;32,5;5,0;FCC_A1 + P_PHASE;2;нет;100;0,0;0,0;0,0;88,92780672324659;0,0;11,072193277123697;0,0;7972,9181290673005;4091,5996981997087;4,9556045269127935e-05;1464,0897240443228
сечение;700,0;60,0;32,5;7,5;FCC_A1 + P_PHASE;2;нет;100;0,0;0,0;0,0;76,23781603809171;0,0;23,762183962363395;0,0;7666,636208496064;4081,6814983810036;2,0170409698039293e-07;1608,357012819295
сечение;700,0;57,5;32,5;10,0;FCC_A1 + P_PHASE;2;нет;100;0,0;0,0;0,0;63,60822547183991;0,0;36,391774528327545;0,0;7249,974687930284;4068,776582494924;6,067249341867864e-05;1752,0337295281206
сечение;700,0;55,0;32,5;12,5;FCC_A1 + P_PHASE;2;нет;100;0,0;0,0;0,0;51,09540545525712;0,0;48,90459454572057;0,0;6648,168430423299;4051,1423437179255;7,964183168951422e-06;1901,6196162573833
сечение;700,0;52,5;32,5;15,0;FCC_A1 + P_PHASE;2;нет;100;0,0;0,0;0,0;38,84606338813645;0,0;61,15393661323385;0,0;5700,852235317383;4025,096822380161;9,44648272707127e-05;2066,1100225291884
сечение;700,0;50,0;32,5;17,5;FCC_A1 + P_PHASE;2;нет;100;0,0;0,0;0,0;27,333456956026943;0,0;72,66654304127991;0,0;4024,205839229755;3404,6187173524086;4,033427103422582e-07;1909,2759536116791
сечение;700,0;47,5;32,5;20,0;FCC_A1 + P_PHASE;2;нет;100;0,0;0,0;0,0;18,25455213465116;0,0;81,74544786193496;0,0;925,8318179308262;1570,743045817937;0,00012851484643761069;262,47099912154954
сечение;700,0;45,0;32,5;22,5;FCC_A1 + P_PHASE + SIGMA;3;нет;100;0,0;0,0;0,0;12,626501095834675;0,0;80,56166312817908;6,811835775803711;615,5495451670504;1338,7769332029493;6,770715117454529e-07;11,317248802435643
сечение;700,0;42,5;32,5;25,0;FCC_A1 + P_PHASE + SIGMA;3;нет;100;0,0;0,0;0,0;7,075604026965008;0,0;78,69939620701929;14,22499976591864;615,5495451670504;1338,776933202942;6,770133040845394e-07;11,31724880242109
сечение;700,0;40,0;32,5;27,5;FCC_A1 + P_PHASE + SIGMA;3;нет;100;0,0;0,0;0,0;1,5247069581108568;0,0;76,83712933070966;21,638163767553987;615,5495451670577;1338,7769332029493;6,77035131957382e-07;11,31724880242109
сечение;700,0;37,5;32,5;30,0;P_PHASE + SIGMA;2;нет;100;0,0;0,0;0,0;0,0;0,0;67,56993530160118;32,43006469803643;1902,678240126741;2205,889463470092;0,0004890569762210362;10,974494124187913
сечение;700,0;35,0;32,5;32,5;P_PHASE + SIGMA;2;нет;100;0,0;0,0;0,0;0,0;0,0;53,5900390102111;46,40996098922766;2943,751843758626;2670,7898762795157;0,000358395220246166;36,23690324767085
сечение;700,0;32,5;32,5;35,0;P_PHASE + SIGMA;2;нет;100;0,0;0,0;0,0;0,0;0,0;37,708007568438056;62,29199243020644;3634,337549363445;2841,5195663915074;0,0003329424580442719;82,13943002517772
сечение;700,0;30,0;32,5;37,5;P_PHASE + SIGMA;2;нет;100;0,0;0,0;0,0;0,0;0,0;19,955123376532423;80,04487662851353;4152,580573892832;2897,23453958601;4,762767639476806e-05;73,540325189555
сечение;700,0;27,5;32,5;40,0;P_PHASE + SIGMA;2;нет;100;0,0;0,0;0,0;0,0;0,0;0,3168481242375441;99,68315166224171;4567,599220240489;2899,959052863436;2,327601396245882e-05;65,75704225544177
сечение;700,0;25,0;32,5;42,5;BCC_B2 + SIGMA;2;нет;100;8,46543315112646;0,0;0,0;0,0;0,0;0,0;91,53456683738945;5159,849078378727;2869,33293696287;110,61322675585689;52,45797975689493
сечение;700,0;22,5;32,5;45,0;BCC_B2 + SIGMA;2;нет;100;17,53217050197006;0,0;0,0;0,0;0,0;0,0;82,46782949945064;5431,465344559088;2812,105212692535;114,76141811421257;48,718093105337175
сечение;700,0;20,0;32,5;47,5;BCC_B2 + SIGMA;2;нет;100;26,759595888941035;0,0;0,0;0,0;0,0;0,0;73,24040413040677;5431,465344558885;2812,105212692557;114,7614181142053;48,71809310532262
сечение;700,0;17,5;32,5;50,0;BCC_B2 + SIGMA;2;нет;100;35,987021276173756;0,0;0,0;0,0;0,0;0,0;64,01297874761994;5431,465344559001;2812,105212692506;114,7614181141762;48,71809310529352
сечение;700,0;15,0;32,5;52,5;BCC_B2 + SIGMA;2;нет;100;45,21444666317408;0,0;0,0;0,0;0,0;0,0;54,78555335714857;5431,465344559016;2812,105212692535;114,76141811418347;48,71809310532262
сечение;700,0;65,0;35,0;0,0;BCC_B2 + FCC_A1;2;нет;100;0,15402353669475757;0,0;0,0;99,84597646501689;0,0;0,0;0,0;28455,08495417387;17101,3163153773;17660,902389317554;2180,6161227815173
сечение;700,0;62,5;35,0;2,5;BCC_B2 + FCC_A1;2;нет;100;2,050262977385562;0,0;0,0;97,94973702308833;0,0;0,0;0,0;8645,571127785399;4173,248759757516;55,93977711414482;1218,057102387771
сечение;700,0;60,0;35,0;5,0;BCC_B2 + FCC_A1 + P_PHASE;3;нет;100;1,2457310378868798;0,0;0,0;85,97609934187804;0,0;12,77816962481534;0,0;8530,747028470672;4110,743054637547;0,00019562640954973176;1183,8893458422754
сечение;700,0;57,5;35,0;7,5;BCC_B2 + FCC_A1 + P_PHASE;3;нет;100;0,3525031405836413;0,0;0,0;73,66510589481297;0,0;25,982390958142876;0,0;8530,747028470534;4110,743054637533;0,00019562640227377415;1183,8893458423336
сечение;700,0;55,0;35,0;10,0;FCC_A1 + P_PHASE;2;нет;100;0,0;0,0;0,0;61,04325328730377;0,0;38,95674671204221;0,0;8378,343832878993;4105,36499075195;0,00013823578046867624;1260,1626271001514
сечение;700,0;52,5;35,0;12,5;FCC_A1 + P_PHASE;2;нет;100;0,0;0,0;0,0;48,217398209776405;0,0;51,78260179067824;0,0;8040,83511132979;4093,8526731920865;0,0001527768254163675;1429,8425695231635
сечение;700,0;50,0;35,0;15,0;FCC_A1 + P_PHASE;2;нет;100;0,0;0,0;0,0;35,393159638608005;0,0;64,60684036227931;0,0;7515,227247842275;4076,9182139501427;0,0002213900224887766;1660,500513176623
сечение;700,0;47,5;35,0;17,5;FCC_A1 + P_PHASE;2;нет;100;0,0;0,0;0,0;22,591746147007463;0,0;77,40825385203054;0,0;6552,398381329847;4048,428227489356;0,00039847999869380146;1922,3054620489856
сечение;700,0;45,0;35,0;20,0;FCC_A1 + P_PHASE;2;нет;100;0,0;0,0;0,0;10,043913587108925;0,0;89,95608641179005;0,0;3927,635073092708;3351,516227719738;5,593733658315614e-05;1882,604428975268
сечение;700,0;42,5;35,0;22,5;FCC_A1 + P_PHASE + SIGMA;3;нет;100;0,0;0,0;0,0;2,448571184594402;0,0;93,20498869575215;4,346440121122734;615,5495451670868;1338,7769332029784;6,770715117454529e-07;11,31724880245747
сечение;700,0;40,0;35,0;25,0;P_PHASE + SIGMA;2;нет;100;0,0;0,0;0,0;0,0;0,0;86,41574464000928;13,584255359881453;1967,6862577404027;2241,7963050733306;8,545539458282292e-07;11,21375573547266
сечение;700,0;37,5;35,0;27,5;P_PHASE + SIGMA;2;нет;100;0,0;0,0;0,0;0,0;0,0;73,83036140705647;26,169638593057527;3172,201389628848;2739,688798539537;0,00010233410284854472;52,09508300892048
сечение;700,0;35,0;35,0;30,0;P_PHASE + SIGMA;2;нет;100;0,0;0,0;0,0;0,0;0,0;59,011542183588226;40,98845781870516;3904,250505579301;2878,06242976294;2,9790637199766934e-05;78,82026071489963
сечение;700,0;32,5;35,0;32,5;P_PHASE + SIGMA;2;нет;100;0,0;0,0;0,0;0,0;0,0;42,00668621944013;57,99331377936071;4437,5186351022785;2902,905929081069;0,0001755994453560561;68,06710583738459
сечение;700,0;30,0;35,0;35,0;P_PHASE + SIGMA;2;нет;100;0,0;0,0;0,0;0,0;0,0;22,81230848838588;77,18769140646161;4858,212020144121;2881,5805910030613;0,00032816843304317445;60,98052796153206
сечение;700,0;27,5;35,0;37,5;P_PHASE + SIGMA;2;нет;100;0,0;0,0;0,0;0,0;0,0;1,4156273269921156;98,58437266175858;5204,842655347966;2836,7097142765197;6,458572897827253e-05;55,90654322177579
сечение;700,0;25,0;35,0;40,0;BCC_B2 + SIGMA;2;нет;100;8,335909107607652;0,0;0,0;0,0;0,0;0,0;91,664090895998;5431,465344558899;2812,1052126925424;114,76141811419802;48,71809310530807
сечение;700,0;22,5;35,0;42,5;BCC_B2 + SIGMA;2;нет;100;17,563334496051137;0,0;0,0;0,0;0,0;0,0;82,43666550442552;5431,465344559059;2812,1052126924988;114,7614181141762;48,71809310530807
сечение;700,0;20,0;35,0;45,0;BCC_B2 + SIGMA;2;нет;100;26,79075988292734;0,0;0,0;0,0;0,0;0,0;73,20924011695628;5431,465344559023;2812,1052126925497;114,76141811419075;48,718093105337175
сечение;700,0;17,5;35,0;47,5;BCC_B2 + SIGMA;2;нет;100;36,018185270278735;0,0;0,0;0,0;0,0;0,0;63,981814754137346;5431,465344558856;2812,1052126925933;114,76141811422713;48,71809310534445
сечение;700,0;15,0;35,0;50,0;BCC_B2 + SIGMA;2;нет;100;45,24561065721572;0,0;0,0;0,0;0,0;0,0;54,754389364529246;5431,465344559052;2812,1052126924915;114,76141811416164;48,71809310529352
сечение;700,0;62,5;37,5;0,0;BCC_B2 + FCC_A1;2;нет;100;4,03573697828785;0,0;0,0;95,96426302200182;0,0;0,0;0,0;28404,12331817743;17064,72843155155;17609,9406471822;2180,6162678538603
сечение;700,0;60,0;37,5;2,5;BCC_B2 + FCC_A1;2;нет;100;5,955753088988249;0,0;0,0;94,04424691136501;0,0;0,0;0,0;8545,12098636591;4118,555309556963;6,978883522890101;1188,1496207751552
сечение;700,0;57,5;37,5;5,0;BCC_B2 + FCC_A1 + P_PHASE;3;нет;100;5,073575489133463;0,0;0,0;81,7747189378182;0,0;13,151705572503628;0,0;8530,747028470629;4110,743054637554;0,00019562641682568938;1183,8893458423117
сечение;700,0;55,0;37,5;7,5;BCC_B2 + FCC_A1 + P_PHASE;3;нет;100;4,1803475956157525;0,0;0,0;69,46372549070134;0,0;26,355926915771573;0,0;8530,74702847025;4110,743054637562;0,00019562644592951983;1183,8893458425373
сечение;700,0;52,5;37,5;10,0;BCC_B2 + FCC_A1 + P_PHASE;3;нет;100;3,287119700159603;0,0;0,0;57,15273204368838;0,0;39,56014824804327;0,0;8530,74702847009;4110,743054637518;0,00019562640954973176;1183,8893458425664
сечение;700,0;50,0;37,5;12,5;BCC_B2 + FCC_A1 + P_PHASE;3;нет;100;2,393891809092344;0,0;0,0;44,84173859684649;0,0;52,76436959466374;0,0;8530,747028470054;4110,743054637554;0,00019562644592951983;1183,8893458426392
сечение;700,0;47,5;37,5;15,0;BCC_B2 + FCC_A1 + P_PHASE;3;нет;100;1,5006639180386183;0,0;0,0;32,530745149977335;0,0;65,96859094898718;0,0;8530,747028470403;4110,743054637547;0,000195626424101647;1183,8893458424282
сечение;700,0;45,0;37,5;17,5;BCC_B2 + FCC_A1 + P_PHASE;3;нет;100;0,6074360271125704;0,0;0,0;20,21975170310283;0,0;79,17281227960962;0,0;8530,747028470323;4110,74305463754;0,000195626424101647;1183,8893458424645
сечение;700,0;42,5;37,5;20,0;FCC_A1 + P_PHASE;2;нет;100;0,0;0,0;0,0;7,648565855162048;0,0;92,3514341396013;0,0;8302,688015023079;4102,737210427782;0,0003993171267211437;1298,1137292751228
сечение;700,0;40,0;37,5;22,5;P_PHASE + SIGMA;2;нет;100;0,0;0,0;0,0;0,0;0,0;95,19159748096342;4,808402519406961;3476,398339858868;2812,3488042090103;0,0006706616040901281;69,80738380654657
сечение;700,0;37,5;37,5;25,0;P_PHASE + SIGMA;2;нет;100;0,0;0,0;0,0;0,0;0,0;81,94685077051686;18,05314922949023;4238,7212020652005;2900,7494376633113;0,00015857793187024072;71,82279796138755
сечение;700,0;35,0;37,5;27,5;P_PHASE + SIGMA;2;нет;100;0,0;0,0;0,0;0,0;0,0;66,02119133577195;33,97880866595488;4779,623877883423;2888,1047429644095;4,133081529289484e-05;62,22229876332858
сечение;700,0;32,5;37,5;30,0;P_PHASE + SIGMA;2;нет;100;0,0;0,0;0,0;0,0;0,0;47,46833614885262;52,53166379846898;5200,963319317576;2837,4485746652354;1,1239171726629138e-06;55,959725188236916
сечение;700,0;30,0;37,5;32,5;BCC_B2 + P_PHASE + SIGMA;3;нет;100;0,6925535009284436;0,0;0,0;0,0;0,0;27,32118108998552;71,9862654024775;5411,843856852582;2798,567568057915;2,5095505407080054e-05;53,162542659694736
сечение;700,0;27,5;37,5;35,0;BCC_B2 + P_PHASE + SIGMA;3;нет;100;2,3849917488487677;0,0;0,0;0,0;0,0;7,881388215793522;89,73362003389163;5411,8438568524725;2798,5675680579006;2,509546175133437e-05;53,16254265967291
сечение;700,0;25,0;37,5;37,5;BCC_B2 + SIGMA;2;нет;100;8,36707310342354;0,0;0,0;0,0;0,0;0,0;91,6329268924263;5431,465344559139;2812,105212692557;114,76141811421985;48,71809310536628
сечение;700,0;22,5;37,5;40,0;BCC_B2 + SIGMA;2;нет;100;17,594498489970153;0,0;0,0;0,0;0,0;0,0;82,40550150908115;5431,465344559183;2812,1052126925424;114,76141811421985;48,718093105359
сечение;700,0;20,0;37,5;42,5;BCC_B2 + SIGMA;2;нет;100;26,82192387691834;0,0;0,0;0,0;0,0;0,0;73,17807612340275;5431,465344558972;2812,1052126925933;114,76141811424895;48,71809310536628
сечение;700,0;17,5;37,5;45,0;BCC_B2 + SIGMA;2;нет;100;36,04934926425227;0,0;0,0;0,0;0,0;0,0;63,95065077313791;5431,465344559016;2812,105212692557;114,76141811421985;48,71809310534445
сечение;700,0;15,0;37,5;47,5;BCC_B2 + SIGMA;2;нет;100;45,27677465119734;0,0;0,0;0,0;0,0;0,0;54,723225376592666;5431,465344559103;2812,105212692535;114,76141811419802;48,718093105337175
сечение;700,0;60,0;40,0;0,0;BCC_B2 + FCC_A1;2;нет;100;7,917450468001379;0,0;0,0;92,08254952882425;0,0;0,0;0,0;28351,616675473546;17027,031309520164;17557,433891809218;2180,616421851788
сечение;700,0;57,5;40,0;2,5;BCC_B2 + FCC_A1 + P_PHASE;3;нет;100;9,794647810525777;0,0;0,0;89,88433197957607;0,0;0,32102021384802315;0,0;8530,74702847025;4110,743054637533;0,00019562640954973176;1183,8893458424864
сечение;700,0;55,0;40,0;5,0;BCC_B2 + FCC_A1 + P_PHASE;3;нет;100;8,901419925075922;0,0;0,0;77,57333853283899;0,0;13,525241546486576;0,0;8530,74702847009;4110,743054637518;0,00019562640227377415;1183,8893458425518
сечение;700,0;52,5;40,0;7,5;BCC_B2 + FCC_A1 + P_PHASE;3;нет;100;8,0081920322407;0,0;0,0;65,26234508578355;0,0;26,729462863251435;0,0;8530,747028470352;4110,743054637518;0,00019562639499781653;1183,8893458424136
сечение;700,0;50,0;40,0;10,0;BCC_B2 + FCC_A1 + P_PHASE;3;нет;100;7,114964137423797;0,0;0,0;52,95135163911713;0,0;39,933684220640174;0,0;8530,747028470112;4110,743054637547;0,0001956264313776046;1183,8893458425882
сечение;700,0;47,5;40,0;12,5;BCC_B2 + FCC_A1 + P_PHASE;3;нет;100;6,221736253443917;0,0;0,0;40,640358192414084;0,0;53,13790554759949;0,0;8530,747028470185;4110,743054637547;0,0001956264313776046;1183,8893458425518
сечение;700,0;45,0;40,0;15,0;BCC_B2 + FCC_A1 + P_PHASE;3;нет;100;5,32850836245377;0,0;0,0;28,329364745516415;0,0;66,34212689702261;0,0;8530,747028470469;4110,743054637547;0,000195626424101647;1183,889345842399
сечение;700,0;42,5;40,0;17,5;BCC_B2 + FCC_A1 + P_PHASE;3;нет;100;4,435280471411354;0,0;0,0;16,018371298652045;0,0;79,54634822944618;0,0;8530,747028469996;4110,743054637518;0,00019562640227377415;1183,88934584261
сечение;700,0;40,0;40,0;20,0;BCC_B2 + FCC_A1 + P_PHASE;3;нет;100;3,542052580139147;0,0;0,0;3,707377851755673;0,0;92,75056956783587;0,0;8530,747028469894;4110,743054637518;0,00019562640954973176;1183,8893458426683
сечение;700,0;37,5;40,0;22,5;P_PHASE + SIGMA;2;нет;100;0,0;0,0;0,0;0,0;0,0;93,4420840944221;6,557915904230571;5195,268625355573;2838,5337213144667;6,210902938619256e-07;56,03825524105196
сечение;700,0;35,0;40,0;25,0;BCC_B2 + P_PHASE + SIGMA;3;нет;100;0,8594519925492641;0,0;0,0;0,0;0,0;75,3012046437115;23,83934336083482;5411,843856852633;2798,567568057857;2,5095483579207212e-05;53,16254265965108
сечение;700,0;32,5;40,0;27,5;BCC_B2 + P_PHASE + SIGMA;3;нет;100;2,5518902404749007;0,0;0,0;0,0;0,0;55,86141176812044;41,58669798833561;5411,843856853142;2798,5675680577697;2,509544719941914e-05;53,162542659643805
сечение;700,0;30,0;40,0;30,0;BCC_B2 + P_PHASE + SIGMA;3;нет;100;4,244328488397704;0,0;0,0;0,0;0,0;36,42161889156769;59,334052619209906;5411,843856852138;2798,5675680579443;2,509546175133437e-05;53,16254265965108
сечение;700,0;27,5;40,0;32,5;BCC_B2 + P_PHASE + SIGMA;3;нет;100;5,936766736318321;0,0;0,0;0,0;0,0;16,981826015502328;77,08140725005802;5411,843856852764;2798,5675680578424;2,5095490855164826e-05;53,16254265965108
сечение;700,0;25,0;40,0;35,0;BCC_B2 + SIGMA;2;нет;100;8,423881959020166;0,0;0,0;0,0;0,0;0,0;91,57611804310612;5428,4951957893645;2810,2302883257507;97,86589224467753;49,34418848967471
сечение;700,0;22,5;40,0;37,5;BCC_B2 + SIGMA;2;нет;100;17,625662484018513;0,0;0,0;0,0;0,0;0,0;82,37433751783152;5431,465344559154;2812,105212692528;114,76141811421257;48,718093105337175
сечение;700,0;20,0;40,0;40,0;BCC_B2 + SIGMA;2;нет;100;26,85308787139624;0,0;0,0;0,0;0,0;0,0;73,14691212571988;5431,465344559205;2812,105212692535;114,76141811421257;48,718093105359
сечение;700,0;17,5;40,0;42,5;BCC_B2 + SIGMA;2;нет;100;36,080513258082206;0,0;0,0;0,0;0,0;0,0;63,91948674086135;5431,465344559059;2812,105212692528;114,76141811418347;48,7180931053299
сечение;700,0;15,0;40,0;45,0;BCC_B2 + SIGMA;2;нет;100;45,307938645358945;0,0;0,0;0,0;0,0;0,0;54,69206143859269;5431,46534455895;2812,1052126925206;114,76141811416164;48,71809310530807
сечение;700,0;57,5;42,5;0,0;BCC_B2 + FCC_A1;2;нет;100;11,7991640133433;0,0;0,0;88,20083598756761;0,0;0,0;0,0;28297,478592580388;16988,162894235254;17503,295689117702;2180,6165855941435
сечение;700,0;55,0;42,5;2,5;BCC_B2 + FCC_A1 + P_PHASE;3;нет;100;13,622492268858238;0,0;0,0;85,68295157521476;0,0;0,6945561517690478;0,0;8530,747028470418;4110,743054637554;0,0001956264313776046;1183,8893458424354
сечение;700,0;52,5;42,5;5,0;BCC_B2 + FCC_A1 + P_PHASE;3;нет;100;12,729264364875442;0,0;0,0;73,37195812855728;0,0;13,898777507973433;0,0;8530,747028470447;4110,743054637518;0,00019562639499781653;1183,8893458423627
сечение;700,0;50,0;42,5;7,5;BCC_B2 + FCC_A1 + P_PHASE;3;нет;100;11,836036475647857;0,0;0,0;61,060964681356246;0,0;27,10299882833581;0,0;8530,74702847036;4110,743054637525;0,00019562639499781653;1183,8893458424136
сечение;700,0;47,5;42,5;10,0;BCC_B2 + FCC_A1 + P_PHASE;3;нет;100;10,942808589568276;0,0;0,0;48,74997123475565;0,0;40,307220184613314;0,0;8530,747028470403;4110,743054637554;0,0001956264313776046;1183,8893458424354
сечение;700,0;45,0;42,5;12,5;BCC_B2 + FCC_A1 + P_PHASE;3;нет;100;10,049580697057218;0,0;0,0;36,43897778773436;0,0;53,51144152141533;0,0;8530,74702847033;4110,743054637562;0,00019562644592951983;1183,8893458424936
сечение;700,0;42,5;42,5;15,0;BCC_B2 + FCC_A1 + P_PHASE;3;нет;100;9,156352792492175;0,0;0,0;24,127984340599852;0,0;66,71566287024453;0,0;8530,747028470185;4110,743054637511;0,00019562639499781653;1183,889345842501
сечение;700,0;40,0;42,5;17,5;BCC_B2 + FCC_A1 + P_PHASE;3;нет;100;8,26312491579261;0,0;0,0;11,816990894109255;0,0;79,91988419565817;0,0;8530,747028469923;4110,743054637554;0,00019562644592951983;1183,8893458427046
сечение;700,0;37,5;42,5;20,0;BCC_B2 + P_PHASE;2;нет;100;6,9933254282379025;0,0;0,0;0,0;0,0;93,00667456943461;0,0;8262,674402703364;4038,959633447732;1,997956132981926e-06;1221,1024233390053
сечение;700,0;35,0;42,5;22,5;BCC_B2 + P_PHASE + SIGMA;3;нет;100;4,411226980027462;0,0;0,0;0,0;0,0;84,40164244661081;11,18713057439521;5411,84385685216;2798,5675680579807;2,509549813112244e-05;53,16254265968746
сечение;700,0;32,5;42,5;25,0;BCC_B2 + P_PHASE + SIGMA;3;нет;100;6,103665227946799;0,0;0,0;0,0;0,0;64,96184956806992;28,934485204511784;5411,843856852407;2798,5675680579297;2,5095483579207212e-05;53,162542659680184
сечение;700,0;30,0;42,5;27,5;BCC_B2 + P_PHASE + SIGMA;3;нет;100;7,796103475866521;0,0;0,0;0,0;0,0;45,522056689748915;46,681839834894404;5411,8438568529455;2798,5675680578133;2,509546175133437e-05;53,16254265965108
сечение;700,0;27,5;42,5;30,0;BCC_B2 + P_PHASE + SIGMA;3;нет;100;9,488541723786149;0,0;0,0;0,0;0,0;26,082263812201735;64,42919446538575;5411,843856852276;2798,567568057988;2,5095519958995283e-05;53,162542659716564
сечение;700,0;25,0;42,5;32,5;BCC_B2 + P_PHASE + SIGMA;3;нет;100;11,180979971705163;0,0;0,0;0,0;0,0;6,642470926888463;82,17654909375102;5411,843856852531;2798,567568057915;2,509551268303767e-05;53,162542659680184
сечение;700,0;22,5;42,5;35,0;BCC_B2 + SIGMA;2;нет;100;17,65682647782495;0,0;0,0;0,0;0,0;0,0;82,343173520488;5431,465344558921;2812,1052126925715;114,76141811421257;48,71809310534445
сечение;700,0;20,0;42,5;37,5;BCC_B2 + SIGMA;2;нет;100;26,88425186493123;0,0;0,0;0,0;0,0;0,0;73,11574813806936;5431,465344559299;2812,1052126924988;114,76141811422713;48,718093105337175
сечение;700,0;17,5;42,5;40,0;BCC_B2 + SIGMA;2;нет;100;36,11167725212193;0,0;0,0;0,0;0,0;0,0;63,88832275099073;5431,46534455903;2812,105212692586;114,76141811424168;48,71809310536628
сечение;700,0;15,0;42,5;42,5;BCC_B2 + SIGMA;2;нет;100;45,33910263898119;0,0;0,0;0,0;0,0;0,0;54,66089729488661;5431,465344558819;2812,1052126926224;114,76141811421985;48,71809310536628
сечение;700,0;55,0;45,0;0,0;BCC_B2 + FCC_A1;2;нет;100;15,680877615164535;0,0;0,0;84,31912238453445;0,0;0,0;0,0;28241,584636079395;16948,03384858487;17447,401604945022;2180,6167600978806
сечение;700,0;52,5;45,0;2,5;BCC_B2 + FCC_A1 + P_PHASE;3;нет;100;17,450336704502437;0,0;0,0;81,4815711710353;0,0;1,0680921331665463;0,0;8530,747028470432;4110,743054637569;0,00019562644592951983;1183,88934584245
сечение;700,0;50,0;45,0;5,0;BCC_B2 + FCC_A1 + P_PHASE;3;нет;100;16,557108818069903;0,0;0,0;69,17057772413234;0,0;14,272313459417596;0,0;8530,747028470563;4110,743054637554;0,0001956264313776046;1183,8893458423554
сечение;700,0;47,5;45,0;7,5;BCC_B2 + FCC_A1 + P_PHASE;3;нет;100;15,663880928783417;0,0;0,0;56,859584277582556;0,0;27,47653481472192;0,0;8530,747028470432;4110,743054637533;0,00019562640227377415;1183,8893458423845
сечение;700,0;45,0;45,0;10,0;BCC_B2 + FCC_A1 + P_PHASE;3;нет;100;14,770653029443684;0,0;0,0;44,5485908302798;0,0;40,68075614140574;0,0;8530,747028470389;4110,743054637547;0,0001956264313776046;1183,8893458424354
сечение;700,0;42,5;45,0;12,5;BCC_B2 + FCC_A1 + P_PHASE;3;нет;100;13,877425132431384;0,0;0,0;32,23759738306535;0,0;53,884977473823994;0,0;8530,74702847025;4110,743054637533;0,00019562640954973176;1183,8893458424936
сечение;700,0;40,0;45,0;15,0;BCC_B2 + FCC_A1 + P_PHASE;3;нет;100;12,984197258925201;0,0;0,0;19,92660393693094;0,0;67,08919880339359;0,0;8530,747028470192;4110,743054637591;0,0001956264750333503;1183,88934584261
сечение;700,0;37,5;45,0;17,5;BCC_B2 + FCC_A1 + P_PHASE;3;нет;100;12,090969340546067;0,0;0,0;7,61561048912121;0,0;80,29342017475962;0,0;8530,747028470403;4110,743054637533;0,00019562640227377415;1183,889345842399
сечение;700,0;35,0;45,0;20,0;BCC_B2 + P_PHASE;2;нет;100;8,486050698299568;0,0;0,0;0,0;0,0;91,51394930701491;0,0;5892,847856979577;3042,172964514313;1,083462848328054e-07;351,8349393016106
сечение;700,0;32,5;45,0;22,5;BCC_B2 + P_PHASE + SIGMA;3;нет;100;9,655440215417116;0,0;0,0;0,0;0,0;74,06228736670357;16,28227242036838;5411,843856852567;2798,5675680579297;2,5095505407080054e-05;53,16254265970201
сечение;700,0;30,0;45,0;25,0;BCC_B2 + P_PHASE + SIGMA;3;нет;100;11,347878463333439;0,0;0,0;0,0;0,0;54,622494487340255;34,0296270503924;5411,8438568528145;2798,5675680578497;2,509549813112244e-05;53,16254265966563
сечение;700,0;27,5;45,0;27,5;BCC_B2 + P_PHASE + SIGMA;3;нет;100;13,040316711253865;0,0;0,0;0,0;0,0;35,182701607805484;51,77698168025143;5411,8438568524;2798,567568057915;2,5095483579207212e-05;53,16254265966563
сечение;700,0;25,0;45,0;30,0;BCC_B2 + P_PHASE + SIGMA;3;нет;100;14,73275495917639;0,0;0,0;0,0;0,0;15,742908730373232;69,52433631072186;5411,843856852458;2798,5675680579297;2,5095483579207212e-05;53,16254265968746
сечение;700,0;22,5;45,0;32,5;BCC_B2 + SIGMA;2;нет;100;17,687990471973876;0,0;0,0;0,0;0,0;0,0;82,31200952658591;5431,465344559176;2812,1052126925424;114,7614181142344;48,718093105359
сечение;700,0;20,0;45,0;35,0;BCC_B2 + SIGMA;2;нет;100;26,91541585903248;0,0;0,0;0,0;0,0;0,0;73,08458413813692;5431,465344559154;2812,1052126924988;114,76141811419802;48,71809310531535
сечение;700,0;17,5;45,0;37,5;BCC_B2 + SIGMA;2;нет;100;36,14284124620545;0,0;0,0;0,0;0,0;0,0;63,85715875481971;5431,465344559052;2812,105212692455;114,76141811414709;48,718093105264415
сечение;700,0;15,0;45,0;40,0;BCC_B2 + SIGMA;2;нет;100;45,37026663319336;0,0;0,0;0,0;0,0;0,0;54,62973336782508;5431,465344558732;2812,1052126925642;114,76141811418347;48,718093105300795
сечение;700,0;52,5;47,5;0,0;BCC_B2 + FCC_A1;2;нет;100;19,562591287940766;0,0;0,0;80,43740871608726;0,0;0,0;0,0;28183,83418363644;16906,57193058721;17389,651016194664;2180,61694640504
сечение;700,0;50,0;47,5;2,5;BCC_B2 + FCC_A1 + P_PHASE;3;нет;100;21,278181141479504;0,0;0,0;77,28019076645224;0,0;1,4416280996775561;0,0;8530,747028470221;4110,74305463754;0,000195626424101647;1183,8893458425227
сечение;700,0;47,5;47,5;5,0;BCC_B2 + FCC_A1 + P_PHASE;3;нет;100;20,384953256445133;0,0;0,0;64,96919731956223;0,0;14,645849423260351;0,0;8530,74702847065;4110,7430546375035;0,00019562636589398608;1183,8893458422172
сечение;700,0;45,0;47,5;7,5;BCC_B2 + FCC_A1 + P_PHASE;3;нет;100;19,491725369219324;0,0;0,0;52,65820387258421;0,0;27,850070759187247;0,0;8530,747028470483;4110,743054637533;0,00019562640227377415;1183,8893458423554
сечение;700,0;42,5;47,5;10,0;BCC_B2 + FCC_A1 + P_PHASE;3;нет;100;18,598497483615333;0,0;0,0;40,347210426337725;0,0;41,05429206973115;0,0;8530,747028469967;4110,743054637533;0,000195626424101647;1183,8893458426464
сечение;700,0;40,0;47,5;12,5;BCC_B2 + FCC_A1 + P_PHASE;3;нет;100;17,705269601257797;0,0;0,0;28,036216979541116;0,0;54,25851341959077;0,0;8530,747028470221;4110,743054637518;0,00019562639499781653;1183,8893458424864
сечение;700,0;37,5;47,5;15,0;BCC_B2 + FCC_A1 + P_PHASE;3;нет;100;16,812041680242444;0,0;0,0;15,725223531662827;0,0;67,46273478088396;0,0;8530,747028469727;4110,743054637562;0,00019562646048143506;1183,889345842821
сечение;700,0;35,0;47,5;17,5;BCC_B2 + FCC_A1 + P_PHASE;3;нет;100;15,918813805048911;0,0;0,0;3,414230085321494;0,0;80,66695610365333;0,0;8530,747028470505;4110,74305463754;0,00019562641682568938;1183,8893458423627
сечение;700,0;32,5;47,5;20,0;BCC_B2 + P_PHASE + SIGMA;3;нет;100;13,207215202884493;0,0;0,0;0,0;0,0;83,16272516125794;3,630059634939197;5411,843856852611;2798,567568057886;2,5095483579207212e-05;53,16254265967291
сечение;700,0;30,0;47,5;22,5;BCC_B2 + P_PHASE + SIGMA;3;нет;100;14,89965345080268;0,0;0,0;0,0;0,0;63,72293228206792;21,377414265054504;5411,8438568519705;2798,567568057988;2,5095469027291983e-05;53,16254265966563
сечение;700,0;27,5;47,5;25,0;BCC_B2 + P_PHASE + SIGMA;3;нет;100;16,592091698722438;0,0;0,0;0,0;0,0;44,28313940659684;39,124768896198816;5411,843856852902;2798,567568057806;2,5095439923461527e-05;53,162542659643805
сечение;700,0;25,0;47,5;27,5;BCC_B2 + P_PHASE + SIGMA;3;нет;100;18,284529946642873;0,0;0,0;0,0;0,0;24,843346527725597;56,87212352632722;5411,843856852378;2798,5675680579516;2,5095490855164826e-05;53,162542659694736
сечение;700,0;22,5;47,5;30,0;BCC_B2 + P_PHASE + SIGMA;3;нет;100;19,976968194563312;0,0;0,0;0,0;0,0;5,403553651937871;74,61947815729984;5411,843856852698;2798,5675680578643;2,509546175133437e-05;53,16254265966563
сечение;700,0;20,0;47,5;32,5;BCC_B2 + SIGMA;2;нет;100;26,94657985307709;0,0;0,0;0,0;0,0;0,0;73,0534201449154;5431,46534455927;2812,1052126924696;114,76141811419075;48,71809310530807
сечение;700,0;17,5;47,5;35,0;BCC_B2 + SIGMA;2;нет;100;36,17400524002213;0,0;0,0;0,0;0,0;0,0;63,825994759940926;5431,465344559168;2812,105212692484;114,76141811418347;48,71809310530807
сечение;700,0;15,0;47,5;37,5;BCC_B2 + SIGMA;2;нет;100;45,40143062714442;0,0;0,0;0,0;0,0;0,0;54,598569369263274;5431,465344559198;2812,1052126925133;114,76141811421257;48,718093105337175
сечение;700,0;50,0;50,0;0,0;BCC_B2 + FCC_A1;2;нет;100;23,444305026777208;0,0;0,0;76,55569497000627;0,0;0,0;0,0;28124,09373108644;16863,68129072855;17329,910417780527;2180,6171457746022
сечение;700,0;47,5;50,0;2,5;BCC_B2 + FCC_A1 + P_PHASE;3;нет;100;25,106025587289675;0,0;0,0;73,07881036176207;0,0;1,8151640396369886;0,0;8530,747028470229;4110,743054637576;0,00019562645320547745;1183,8893458425737
сечение;700,0;45,0;50,0;5,0;BCC_B2 + FCC_A1 + P_PHASE;3;нет;100;24,212797698287584;0,0;0,0;60,767816914974674;0,0;15,019385390781787;0,0;8530,747028470505;4110,743054637554;0,000195626424101647;1183,8893458423772
сечение;700,0;42,5;50,0;7,5;BCC_B2 + FCC_A1 + P_PHASE;3;нет;100;23,319569808130396;0,0;0,0;48,456823468129826;0,0;28,223606716439498;0,0;8530,747028470098;4110,7430546375035;0,00019562638772185892;1183,8893458425227
сечение;700,0;40,0;50,0;10,0;BCC_B2 + FCC_A1 + P_PHASE;3;нет;100;22,426341914085082;0,0;0,0;36,145830021119664;0,0;41,427828063697454;0,0;8530,747028470272;4110,743054637562;0,00019562643865356222;1183,8893458425227
сечение;700,0;37,5;50,0;12,5;BCC_B2 + FCC_A1 + P_PHASE;3;нет;100;21,53311402570982;0,0;0,0;23,83483657438131;0,0;54,63204941680158;0,0;8530,747028469821;4110,743054637562;0,00019562646048143506;1183,8893458427774
сечение;700,0;35,0;50,0;15,0;BCC_B2 + FCC_A1 + P_PHASE;3;нет;100;20,639886139757422;0,0;0,0;11,523843127651524;0,0;67,83627074713822;0,0;8530,747028469887;4110,74305463754;0,00019562643865356222;1183,8893458427046
сечение;700,0;32,5;50,0;17,5;BCC_B2 + P_PHASE;2;нет;100;19,33483464747327;0,0;0,0;0,0;0,0;80,66516533751611;0,0;8132,727398314804;3999,566726309982;0,0006529991442221217;1237,658051311555
сечение;700,0;30,0;50,0;20,0;BCC_B2 + P_PHASE + SIGMA;3;нет;100;18,451428438273528;0,0;0,0;0,0;0,0;72,82337008471443;8,72520148202355;5411,8438568524;2798,567568057908;2,5095469027291983e-05;53,16254265965836
сечение;700,0;27,5;50,0;22,5;BCC_B2 + P_PHASE + SIGMA;3;нет;100;20,143866686190755;0,0;0,0;0,0;0,0;53,38357720037382;26,472556110517885;5411,843856852276;2798,5675680579225;2,5095469027291983e-05;53,16254265965836
сечение;700,0;25,0;50,0;25,0;BCC_B2 + P_PHASE + SIGMA;3;нет;100;21,83630493411427;0,0;0,0;0,0;0,0;33,94378433177958;44,21991074353224;5411,843856852436;2798,567568057857;2,509544719941914e-05;53,1625426596147
сечение;700,0;22,5;50,0;27,5;BCC_B2 + P_PHASE + SIGMA;3;нет;100;23,528743182025778;0,0;0,0;0,0;0,0;14,503991437512342;61,9672653693363;5411,843856852247;2798,5675680579516;2,5095476303249598e-05;53,162542659680184
сечение;700,0;20,0;50,0;30,0;BCC_B2 + SIGMA;2;нет;100;26,977743846689545;0,0;0,0;0,0;0,0;0,0;73,02225615232116;5431,465344558965;2812,1052126925715;114,76141811422713;48,71809310535173
сечение;700,0;17,5;50,0;32,5;BCC_B2 + SIGMA;2;нет;100;36,20516923391146;0,0;0,0;0,0;0,0;0,0;63,7948307659514;5431,465344559292;2812,1052126925133;114,7614181142053;48,71809310534445
сечение;700,0;15,0;50,0;35,0;BCC_B2 + SIGMA;2;нет;100;45,432594620943924;0,0;0,0;0,0;0,0;0,0;54,5674053796869;5431,465344559125;2812,105212692535;114,76141811422713;48,71809310534445
сечение;700,0;47,5;52,5;0,0;BCC_B2 + FCC_A1;2;нет;100;27,32601884977613;0,0;0,0;72,67398115269773;0,0;0,0;0,0;28062,220602386165;16819,259494507794;17268,037132616082;2180,6173596324297
сечение;700,0;45,0;52,5;2,5;BCC_B2 + FCC_A1 + P_PHASE;3;нет;100;28,933870048346588;0,0;0,0;68,87742995723886;0,0;2,1886999999109418;0,0;8530,747028470323;4110,74305463754;0,00019562640954973176;1183,88934584245
сечение;700,0;42,5;52,5;5,0;BCC_B2 + FCC_A1 + P_PHASE;3;нет;100;28,040642135974114;0,0;0,0;56,56643651038884;0,0;15,392921359622253;0,0;8530,7470284702;4110,7430546375035;0,00019562638772185892;1183,8893458424645
сечение;700,0;40,0;52,5;7,5;BCC_B2 + FCC_A1 + P_PHASE;3;нет;100;27,147414253819246;0,0;0,0;44,25544306335989;0,0;28,597142680007348;0,0;8530,747028470483;4110,74305463754;0,00019562640954973176;1183,88934584237
сечение;700,0;37,5;52,5;10,0;BCC_B2 + FCC_A1 + P_PHASE;3;нет;100;26,25418635890493;0,0;0,0;31,94444961698066;0,0;41,80136403090031;0,0;8530,74702847001;4110,743054637576;0,0001956264750333503;1183,8893458426974
сечение;700,0;35,0;52,5;12,5;BCC_B2 + FCC_A1 + P_PHASE;3;нет;100;25,360958461793743;0,0;0,0;19,633456169649595;0,0;55,00558537475641;0,0;8530,747028469821;4110,743054637547;0,00019562644592951983;1183,8893458427483
сечение;700,0;32,5;52,5;15,0;BCC_B2 + FCC_A1 + P_PHASE;3;нет;100;24,467730573299903;0,0;0,0;7,322462722739785;0,0;68,20980669028287;0,0;8530,747028469777;4110,74305463754;0,000195626424101647;1183,8893458427556
сечение;700,0;30,0;52,5;17,5;BCC_B2 + P_PHASE;2;нет;100;22,249651308228014;0,0;0,0;0,0;0,0;77,75034868102149;0,0;6210,3571616017725;3203,3969209649076;0,00020147772011114284;524,2326255230655
сечение;700,0;27,5;52,5;20,0;BCC_B2 + P_PHASE + SIGMA;3;нет;100;23,69564167366294;0,0;0,0;0,0;0,0;62,48401500576034;13,82034332835102;5411,843856852283;2798,5675680579516;2,509549813112244e-05;53,162542659680184
сечение;700,0;25,0;52,5;22,5;BCC_B2 + P_PHASE + SIGMA;3;нет;100;25,38807992157952;0,0;0,0;0,0;0,0;43,04422211949652;31,56769795625905;5411,8438568526835;2798,5675680578934;2,5095505407080054e-05;53,16254265968746
сечение;700,0;22,5;52,5;25,0;BCC_B2 + P_PHASE + SIGMA;3;нет;100;27,080518169498923;0,0;0,0;0,0;0,0;23,604429246052383;49,31505258802027;5411,843856852916;2798,567568057886;2,5095519958995283e-05;53,162542659716564
сечение;700,0;20,0;52,5;27,5;BCC_B2 + P_PHASE + SIGMA;3;нет;100;28,772956417418154;0,0;0,0;0,0;0,0;4,1646363639735755;67,06240721728783;5411,8438568525235;2798,5675680578934;2,5095476303249598e-05;53,16254265966563
сечение;700,0;17,5;52,5;30,0;BCC_B2 + SIGMA;2;нет;100;36,23633322835554;0,0;0,0;0,0;0,0;0,0;63,76366677336325;5431,465344559139;2812,1052126924915;114,7614181141762;48,71809310530807
сечение;700,0;15,0;52,5;32,5;BCC_B2 + SIGMA;2;нет;100;45,46375861495602;0,0;0,0;0,0;0,0;0,0;54,53624138245944;5431,46534455927;2812,105212692535;114,76141811424168;48,71809310536628
сечение;700,0;45,0;55,0;0,0;BCC_B2 + FCC_A1;2;нет;100;31,207732760036862;0,0;0,0;68,79226724130305;0,0;0,0;0,0;27998,058957235116;16773,19465610209;17203,87531920743;2180,6175896098284
сечение;700,0;42,5;55,0;2,5;BCC_B2 + FCC_A1 + P_PHASE;3;нет;100;32,761714479106004;0,0;0,0;64,67604955319088;0,0;2,5622359727268935;0,0;8530,747028470629;4110,743054637576;0,00019562643865356222;1183,8893458423408
сечение;700,0;40,0;55,0;5,0;BCC_B2 + FCC_A1 + P_PHASE;3;нет;100;31,868486587024293;0,0;0,0;52,36505610610727;0,0;15,766457316356504;0,0;8530,747028470098;4110,743054637554;0,00019562643865356222;1183,88934584261
сечение;700,0;37,5;55,0;7,5;BCC_B2 + FCC_A1 + P_PHASE;3;нет;100;30,97525870089615;0,0;0,0;40,05406265962822;0,0;28,970678647420893;0,0;8530,747028469807;4110,743054637533;0,0001956264313776046;1183,889345842741
сечение;700,0;35,0;55,0;10,0;BCC_B2 + FCC_A1 + P_PHASE;3;нет;100;30,082030804716688;0,0;0,0;27,74306921232035;0,0;42,17489998008757;0,0;8530,747028470432;4110,743054637496;0,0001956263731699437;1183,8893458423336
сечение;700,0;32,5;55,0;12,5;BCC_B2 + FCC_A1 + P_PHASE;3;нет;100;29,18880291944264;0,0;0,0;15,432075765949039;0,0;55,37912130958068;0,0;8530,747028470083;4110,7430546375035;0,00019562639499781653;1183,8893458425446
сечение;700,0;30,0;55,0;15,0;BCC_B2 + FCC_A1 + P_PHASE;3;нет;100;28,29557502842171;0,0;0,0;3,1210823187164776;0,0;68,58334265893475;0,0;8530,747028470061;4110,743054637547;0,00019562643865356222;1183,8893458426173
сечение;700,0;27,5;55,0;17,5;BCC_B2 + P_PHASE + SIGMA;3;нет;100;27,247416661127588;0,0;0,0;0,0;0,0;71,58445279143768;1,168130540307239;5411,843856852924;2798,5675680578133;2,5095483579207212e-05;53,162542659643805
сечение;700,0;25,0;55,0;20,0;BCC_B2 + P_PHASE + SIGMA;3;нет;100;28,939854909049195;0,0;0,0;0,0;0,0;52,14465991924387;18,915485172441322;5411,843856852633;2798,567568057857;2,5095439923461527e-05;53,16254265965108
сечение;700,0;22,5;55,0;22,5;BCC_B2 + P_PHASE + SIGMA;3;нет;100;30,632293156967883;0,0;0,0;0,0;0,0;32,70486703868515;36,66283980198919;5411,843856852225;2798,567568057988;2,509549813112244e-05;53,16254265970929
сечение;700,0;20,0;55,0;25,0;BCC_B2 + P_PHASE + SIGMA;3;нет;100;32,32473140488456;0,0;0,0;0,0;0,0;13,26507416177435;54,410194432683234;5411,84385685288;2798,5675680578133;2,509546175133437e-05;53,16254265965108
сечение;700,0;17,5;55,0;27,5;BCC_B2 + SIGMA;2;нет;100;36,26749722208381;0,0;0,0;0,0;0,0;0,0;63,732502781034206;5431,465344559074;2812,1052126925133;114,76141811419075;48,71809310530807
сечение;700,0;15,0;55,0;30,0;BCC_B2 + SIGMA;2;нет;100;45,494922609216665;0,0;0,0;0,0;0,0;0,0;54,50507739164693;5431,465344558965;2812,105212692586;114,7614181142344;48,718093105359
сечение;700,0;42,5;57,5;0,0;BCC_B2 + FCC_A1;2;нет;100;35,08944677056527;0,0;0,0;64,91055322826263;0,0;0,0;0,0;27931,425444653432;16725,355138346007;17137,241625168244;2180,617837629048
сечение;700,0;40,0;57,5;2,5;BCC_B2 + FCC_A1 + P_PHASE;3;нет;100;36,58955891147059;0,0;0,0;60,47466914843057;0,0;2,935771946980632;0,0;8530,747028470447;4110,743054637584;0,00019562646048143506;1183,8893458424573
сечение;700,0;37,5;57,5;5,0;BCC_B2 + FCC_A1 + P_PHASE;3;нет;100;35,696331039147886;0,0;0,0;48,16367570187426;0,0;16,139993252743228;0,0;8530,747028469748;4110,743054637562;0,00019562645320547745;1183,8893458428065
сечение;700,0;35,0;57,5;7,5;BCC_B2 + FCC_A1 + P_PHASE;3;нет;100;34,80310315863635;0,0;0,0;35,852682255248084;0,0;29,344214583369126;0,0;8530,747028470301;4110,7430546375035;0,0001956263731699437;1183,8893458424209
сечение;700,0;32,5;57,5;10,0;BCC_B2 + FCC_A1 + P_PHASE;3;нет;100;33,90987524680445;0,0;0,0;23,54168880789465;0,0;42,54843595106098;0,0;8530,747028470025;4110,74305463754;0,0001956264313776046;1183,8893458426246
сечение;700,0;30,0;57,5;12,5;BCC_B2 + FCC_A1 + P_PHASE;3;нет;100;33,01664734556509;0,0;0,0;11,230695360233762;0,0;55,752657284573104;0,0;8530,747028470054;4110,743054637569;0,00019562645320547745;1183,8893458426537
сечение;700,0;27,5;57,5;15,0;BCC_B2 + P_PHASE;2;нет;100;31,784735322700225;0,0;0,0;0,0;0,0;68,21526468177782;0,0;8025,43533664901;3965,1692657319654;0,0006379652841133066;1250,9235831218539
сечение;700,0;25,0;57,5;17,5;BCC_B2 + P_PHASE + SIGMA;3;нет;100;32,491629896516436;0,0;0,0;0,0;0,0;61,24509771001717;6,2632723859027015;5411,843856852283;2798,567568057959;2,5095490855164826e-05;53,16254265968746
сечение;700,0;22,5;57,5;20,0;BCC_B2 + P_PHASE + SIGMA;3;нет;100;34,18406814443497;0,0;0,0;0,0;0,0;41,805304832816724;24,01062701661146;5411,843856852327;2798,5675680579006;2,509546175133437e-05;53,16254265963653
сечение;700,0;20,0;57,5;22,5;BCC_B2 + P_PHASE + SIGMA;3;нет;100;35,87650639235484;0,0;0,0;0,0;0,0;22,365511948882222;41,75798164517358;5411,843856852269;2798,567568057937;2,509549813112244e-05;53,16254265966563
сечение;700,0;17,5;57,5;25,0;BCC_B2 + P_PHASE + SIGMA;3;нет;100;37,56894464027321;0,0;0,0;0,0;0,0;2,9257190783958245;59,505336277793134;5411,843856851985;2798,567568058039;2,5095519958995283e-05;53,16254265970929
сечение;700,0;15,0;57,5;27,5;BCC_B2 + SIGMA;2;нет;100;45,526086603370175;0,0;0,0;0,0;0,0;0,0;54,473913394325436;5431,465344559292;2812,1052126924696;114,76141811418347;48,71809310531535
сечение;700,0;40,0;60,0;0,0;BCC_B2 + FCC_A1;2;нет;100;38,97116089114551;0,0;0,0;61,02883910713119;0,0;0,0;0,0;27862,133077503662;16675,606693427835;17067,94906177596;2180,6181058568764
сечение;700,0;37,5;60,0;2,5;BCC_B2 + FCC_A1 + P_PHASE;3;нет;100;40,417403381327205;0,0;0,0;56,27328874447639;0,0;3,309307868074308;0,0;8530,747028470083;4110,743054637533;0,00019562641682568938;1183,889345842581
сечение;700,0;35,0;60,0;5,0;BCC_B2 + FCC_A1 + P_PHASE;3;нет;100;39,52417547907732;0,0;0,0;43,962295297216855;0,0;16,51352922397171;0,0;8530,747028470192;4110,743054637554;0,0001956264313776046;1183,8893458425591
сечение;700,0;32,5;60,0;7,5;BCC_B2 + FCC_A1 + P_PHASE;3;нет;100;38,63094759637738;0,0;0,0;31,65130185058637;0,0;29,7177505477009;0,0;8530,74702847004;4110,743054637562;0,00019562645320547745;1183,8893458426537
сечение;700,0;30,0;60,0;10,0;BCC_B2 + FCC_A1 + P_PHASE;3;нет;100;37,737719674673194;0,0;0,0;19,34030840251805;0,0;42,9219719256943;0,0;8530,747028469632;4110,7430546375035;0,00019562640954973176;1183,8893458427847
сечение;700,0;27,5;60,0;12,5;BCC_B2 + FCC_A1 + P_PHASE;3;нет;100;36,844491807852755;0,0;0,0;7,029314956785765;0,0;56,126193239324394;0,0;8530,747028470141;4110,74305463754;0,000195626424101647;1183,8893458425591
сечение;700,0;25,0;60,0;15,0;BCC_B2 + P_PHASE;2;нет;100;35,63627167210559;0,0;0,0;0,0;0,0;64,3637283170742;0,0;6386,825503027569;3288,9677424133115;1,790569513104856e-06;624,257195515187
сечение;700,0;22,5;60,0;17,5;BCC_B2 + P_PHASE + SIGMA;3;нет;100;37,73584313190396;0,0;0,0;0,0;0,0;50,90574262927285;11,358414231814105;5411,843856852116;2798,5675680579807;2,5095490855164826e-05;53,162542659680184
сечение;700,0;20,0;60,0;20,0;BCC_B2 + P_PHASE + SIGMA;3;нет;100;39,4282813798247;0,0;0,0;0,0;0,0;31,465949750068013;29,1057688617189;5411,843856852189;2798,5675680579443;2,5095454475376755e-05;53,16254265966563
сечение;700,0;17,5;60,0;22,5;BCC_B2 + P_PHASE + SIGMA;3;нет;100;41,120719627741316;0,0;0,0;0,0;0,0;12,026156875662412;46,85312349326096;5411,843856852633;2798,5675680579225;2,5095527234952897e-05;53,16254265970201
сечение;700,0;15,0;60,0;25,0;BCC_B2 + SIGMA;2;нет;100;45,55725059722547;0,0;0,0;0,0;0,0;0,0;54,44274940426003;5431,465344559212;2812,105212692455;114,76141811416892;48,71809310528624
сечение;700,0;37,5;62,5;0,0;BCC_B2 + FCC_A1;2;нет;100;42,85287514019679;0,0;0,0;57,1471248581948;0,0;0,0;0,0;27789,955579080095;16623,786865514463;16995,77135042566;2180,6183968887926
сечение;700,0;35,0;62,5;2,5;BCC_B2 + FCC_A1 + P_PHASE;3;нет;100;44,24524781392561;0,0;0,0;52,07190834012535;0,0;3,682843847847099;0,0;8530,747028470505;4110,743054637584;0,00019562645320547745;1183,8893458424282
сечение;700,0;32,5;62,5;5,0;BCC_B2 + FCC_A1 + P_PHASE;3;нет;100;43,35201992749839;0,0;0,0;39,760914892794105;0,0;16,887065184343314;0,0;8530,74702847017;4110,743054637562;0,00019562644592951983;1183,889345842581
сечение;700,0;30,0;62,5;7,5;BCC_B2 + FCC_A1 + P_PHASE;3;нет;100;42,45879203618903;0,0;0,0;27,449921446052812;0,0;30,09128651283475;0,0;8530,747028470163;4110,743054637554;0,0001956264313776046;1183,8893458425664
сечение;700,0;27,5;62,5;10,0;BCC_B2 + FCC_A1 + P_PHASE;3;нет;100;41,565564128967694;0,0;0,0;15,138927998739614;0,0;43,29550787070235;0,0;8530,747028470018;4110,743054637554;0,00019562643865356222;1183,8893458426464
сечение;700,0;25,0;62,5;12,5;BCC_B2 + FCC_A1 + P_PHASE;3;нет;100;40,67233626069859;0,0;0,0;2,8279345525992645;0,0;56,49972918084292;0,0;8530,747028469916;4110,743054637511;0,00019562639499781653;1183,8893458426392
сечение;700,0;22,5;62,5;15,0;BCC_B2 + P_PHASE;2;нет;100;41,08385151627127;0,0;0,0;0,0;0,0;58,91614848405406;0,0;5544,042216427719;2866,876371420505;7,571950845886022e-06;145,1923862577678
сечение;700,0;20,0;62,5;17,5;BCC_B2 + P_PHASE + SIGMA;3;нет;100;42,98005636729267;0,0;0,0;0,0;0,0;40,56638755182425;16,453556078446912;5411,843856852807;2798,567568057806;2,509544719941914e-05;53,16254265962198
сечение;700,0;17,5;62,5;20,0;BCC_B2 + P_PHASE + SIGMA;3;нет;100;44,6724946152127;0,0;0,0;0,0;0,0;21,126594673123392;34,20091070856991;5411,843856852778;2798,5675680578424;2,509546175133437e-05;53,16254265965108
сечение;700,0;15,0;62,5;22,5;BCC_B2 + P_PHASE + SIGMA;3;нет;100;46,36493286313636;0,0;0,0;0,0;0,0;1,686801800491374;51,948265340530575;5411,843856851949;2798,5675680579807;2,509546175133437e-05;53,16254265966563
сечение;700,0;35,0;65,0;0,0;BCC_B2 + FCC_A1;2;нет;100;46,734589529868046;0,0;0,0;53,2654104710041;0,0;0,0;0,0;27714,63866869897;16569,713093218925;16920,454208200514;2180,6187137774614
сечение;700,0;32,5;65,0;2,5;BCC_B2 + FCC_A1 + P_PHASE;3;нет;100;48,07309226506044;0,0;0,0;47,87052793602933;0,0;4,056379796346389;0,0;8530,747028470425;4110,74305463754;0,00019562640954973176;1183,8893458424063
сечение;700,0;30,0;65,0;5,0;BCC_B2 + FCC_A1 + P_PHASE;3;нет;100;47,179864367381356;0,0;0,0;35,559534488433556;0,0;17,260601151342726;0,0;8530,747028470127;4110,743054637489;0,0001956263731699437;1183,8893458424864
сечение;700,0;27,5;65,0;7,5;BCC_B2 + FCC_A1 + P_PHASE;3;нет;100;46,28663647385559;0,0;0,0;23,248541041337447;0,0;30,464822489265096;0,0;8530,747028470076;4110,743054637554;0,00019562643865356222;1183,8893458426173
сечение;700,0;25,0;65,0;10,0;BCC_B2 + FCC_A1 + P_PHASE;3;нет;100;45,39340860332831;0,0;0,0;10,937547595223693;0,0;43,66904379702955;0,0;8530,747028470454;4110,743054637562;0,00019562643865356222;1183,8893458424282
сечение;700,0;22,5;65,0;12,5;BCC_B2 + P_PHASE;2;нет;100;44,31824276077479;0,0;0,0;0,0;0,0;55,6817572399908;0,0;7937,747147720307;3935,9032787078686;8,612393139628693e-05;1239,9344684151947
сечение;700,0;20,0;65,0;15,0;BCC_B2 + P_PHASE + SIGMA;3;нет;100;46,531831354762964;0,0;0,0;0,0;0,0;49,66682535136458;3,80134329447416;5411,843856852429;2798,567568057908;2,5095476303249598e-05;53,16254265965836
сечение;700,0;17,5;65,0;17,5;BCC_B2 + P_PHASE + SIGMA;3;нет;100;48,22426960267752;0,0;0,0;0,0;0,0;30,227032459628454;21,548697920885974;5411,843856851687;2798,5675680580607;2,509549813112244e-05;53,162542659694736
сечение;700,0;15,0;65,0;20,0;BCC_B2 + P_PHASE + SIGMA;3;нет;100;49,916707850598016;0,0;0,0;0,0;0,0;10,78723959161137;39,29605255416978;5411,843856852669;2798,567568057886;2,5095505407080054e-05;53,162542659680184
сечение;700,0;32,5;67,5;0,0;BCC_B2 + FCC_A1;2;нет;100;50,61630408840973;0,0;0,0;49,38369591041102;0,0;0,0;0,0;27635,889633234634;16513,1752224593;16841,704919312404;2180,619060161691
сечение;700,0;30,0;67,5;2,5;BCC_B2 + FCC_A1 + P_PHASE;3;нет;100;51,900936712208036;0,0;0,0;43,6691475310999;0,0;4,429915755301596;0,0;8530,747028470185;4110,743054637547;0,00019562643865356222;1183,8893458425591
сечение;700,0;27,5;67,5;5,0;BCC_B2 + FCC_A1 + P_PHASE;3;нет;100;51,00770880076401;0,0;0,0;31,358154083423685;0,0;17,634137131539447;0,0;8530,74702847049;4110,743054637554;0,000195626424101647;1183,8893458423918
сечение;700,0;25,0;67,5;7,5;BCC_B2 + FCC_A1 + P_PHASE;3;нет;100;50,114480922944274;0,0;0,0;19,04716063718917;0,0;30,83835845578442;0,0;8530,747028470367;4110,7430546375035;0,00019562638772185892;1183,8893458423918
сечение;700,0;22,5;67,5;10,0;BCC_B2 + FCC_A1 + P_PHASE;3;нет;100;49,22125303200895;0,0;0,0;6,7361671902351965;0,0;44,042579775175724;0,0;8530,747028470098;4110,743054637576;0,00019562646775739267;1183,8893458426464
сечение;700,0;20,0;67,5;12,5;BCC_B2 + P_PHASE;2;нет;100;48,85926330790233;0,0;0,0;0,0;0,0;51,14073670061497;0,0;6506,166421820279;3345,743302709103;9,130671969614923e-05;693,7244796746672
сечение;700,0;17,5;67,5;15,0;BCC_B2 + P_PHASE + SIGMA;3;нет;100;51,776044590148196;0,0;0,0;0,0;0,0;39,32747026518884;8,896485138736333;5411,843856852938;2798,567568057879;2,5095527234952897e-05;53,16254265970201
сечение;700,0;15,0;67,5;17,5;BCC_B2 + P_PHASE + SIGMA;3;нет;100;53,46848283806634;0,0;0,0;0,0;0,0;19,887677379173176;26,643839766663685;5411,843856852494;2798,5675680579225;2,5095490855164826e-05;53,16254265968746
сечение;700,0;30,0;70,0;0,0;BCC_B2 + FCC_A1;2;нет;100;54,49801882829555;0,0;0,0;45,50198117417067;0,0;0,0;0,0;27553,438569723206;16453,979475559936;16759,2535778354;2180,619440090144
сечение;700,0;27,5;70,0;2,5;BCC_B2 + FCC_A1 + P_PHASE;3;нет;100;55,72878116026981;0,0;0,0;39,467767126472104;0,0;4,803451716683784;0,0;8530,747028469894;4110,743054637547;0,00019562644592951983;1183,8893458427192
сечение;700,0;25,0;70,0;5,0;BCC_B2 + FCC_A1 + P_PHASE;3;нет;100;54,835553258371384;0,0;0,0;27,15677367924062;0,0;18,007673065233668;0,0;8530,747028469916;4110,743054637569;0,00019562646048143506;1183,8893458427337
сечение;700,0;22,5;70,0;7,5;BCC_B2 + FCC_A1 + P_PHASE;3;нет;100;53,94232535811341;0,0;0,0;14,845780232504039;0,0;31,211894404278954;0,0;8530,747028469632;4110,743054637569;0,00019562646775739267;1183,8893458428938
сечение;700,0;20,0;70,0;10,0;BCC_B2 + FCC_A1 + P_PHASE;3;нет;100;53,04909745754801;0,0;0,0;2,534786785007915;0,0;44,41611576124228;0,0;8530,747028470098;4110,743054637562;0,00019562645320547745;1183,8893458426319
сечение;700,0;17,5;70,0;12,5;BCC_B2 + P_PHASE;2;нет;100;54,58597560331838;0,0;0,0;0,0;0,0;45,41402440082884;0,0;5739,37230097397;2964,519800860806;2,7169269742444158e-05;271,82130046495877
сечение;700,0;15,0;70,0;15,0;BCC_B2 + P_PHASE + SIGMA;3;нет;100;57,02025782553639;0,0;0,0;0,0;0,0;28,98811518694484;13,991626985261998;5411,843856852589;2798,567568057857;2,5095476303249598e-05;53,16254265963653
сечение;700,0;27,5;72,5;0,0;BCC_B2 + FCC_A1;2;нет;100;58,379733783504776;0,0;0,0;41,6202662201722;0,0;0,0;0,0;27466,83601144828;16391,80315684535;16672,65071300986;2180,6198590892964
сечение;700,0;25,0;72,5;2,5;BCC_B2 + FCC_A1 + P_PHASE;3;нет;100;59,55662560492365;0,0;0,0;35,26638672208123;0,0;5,176987670058951;0,0;8530,747028470527;4110,743054637547;0,00019562641682568938;1183,8893458423554
сечение;700,0;22,5;72,5;5,0;BCC_B2 + FCC_A1 + P_PHASE;3;нет;100;58,663397702292286;0,0;0,0;22,95539327541721;0,0;18,38120901889092;0,0;8530,747028470447;4110,743054637554;0,0001956264313776046;1183,8893458424209
сечение;700,0;20,0;72,5;7,5;BCC_B2 + FCC_A1 + P_PHASE;3;нет;100;57,77016981196263;0,0;0,0;10,64439982809207;0,0;31,585430358146972;0,0;8530,747028469865;4110,743054637511;0,00019562640227377415;1183,8893458426683
сечение;700,0;17,5;72,5;10,0;BCC_B2 + P_PHASE;2;нет;100;56,915058681068274;0,0;0,0;0,0;0,0;43,0849413263824;0,0;7866,031861861433;3911,2420125001518;0,00025506179372314364;1228,9939283431013
сечение;700,0;15,0;72,5;12,5;BCC_B2 + P_PHASE + SIGMA;3;нет;100;60,57203281300792;0,0;0,0;0,0;0,0;38,088552986475214;1,3394142012334374;5411,843856851934;2798,567568058017;2,5095505407080054e-05;53,16254265968746
сечение;700,0;25,0;75,0;0,0;BCC_B2 + FCC_A1;2;нет;100;62,261448986179744;0,0;0,0;37,73855101384031;0,0;0,0;0,0;27375,676039206985;16326,35483532866;16581,490401108997;2180,6203233425404
сечение;700,0;22,5;75,0;2,5;BCC_B2 + FCC_A1 + P_PHASE;3;нет;100;63,38447005333848;0,0;0,0;31,065006317495936;0,0;5,550523626140942;0,0;8530,747028469697;4110,74305463754;0,00019562643865356222;1183,8893458428138
сечение;700,0;20,0;75,0;5,0;BCC_B2 + FCC_A1 + P_PHASE;3;нет;100;62,49124214748226;0,0;0,0;18,754012870323688;0,0;18,75474497871328;0,0;8530,747028469901;4110,743054637554;0,00019562643865356222;1183,889345842712
сечение;700,0;17,5;75,0;7,5;BCC_B2 + FCC_A1 + P_PHASE;3;нет;100;61,59801425571207;0,0;0,0;6,443019423949421;0,0;31,95896631497339;0,0;8530,74702847044;4110,743054637518;0,00019562638772185892;1183,8893458423627
сечение;700,0;15,0;75,0;10,0;BCC_B2 + P_PHASE;2;нет;100;61,98920597933449;0,0;0,0;0,0;0,0;38,01079402462679;0,0;6594,3148961455445;3387,0707749078574;4,170287866145372e-06;746,031802638623
сечение;700,0;22,5;77,5;0,0;BCC_B2 + FCC_A1;2;нет;100;66,14316449220425;0,0;0,0;33,85683551590323;0,0;0,0;0,0;27279,464348637484;16257,279623570816;16485,27833214923;2180,6208405338766
сечение;700,0;20,0;77,5;2,5;BCC_B2 + FCC_A1 + P_PHASE;3;нет;100;67,21231448565379;0,0;0,0;26,863625912609102;0,0;5,924059600658626;0,0;8530,747028469981;4110,743054637525;0,00019562641682568938;1183,8893458426319
сечение;700,0;17,5;77,5;5,0;BCC_B2 + FCC_A1 + P_PHASE;3;нет;100;66,31908659110255;0,0;0,0;14,552632466317517;0,0;19,12828094161119;0,0;8530,747028469843;4110,743054637518;0,00019562641682568938;1183,8893458426974
сечение;700,0;15,0;77,5;7,5;BCC_B2 + FCC_A1 + P_PHASE;3;нет;100;65,42585870011118;0,0;0,0;2,2416390194239737;0,0;32,33250228316385;0,0;8530,747028470483;4110,743054637547;0,00019562641682568938;1183,8893458423772
сечение;700,0;20,0;80,0;0,0;BCC_B2 + FCC_A1;2;нет;100;70,02488032682056;0,0;0,0;29,975119672092287;0,0;0,0;0,0;27177,591809382662;16184,14019436638;16383,405368681;2180,621420357369
сечение;700,0;17,5;80,0;2,5;BCC_B2 + FCC_A1 + P_PHASE;3;нет;100;71,04015893734432;0,0;0,0;22,66224550792834;0,0;6,297595551839581;0,0;8530,747028469894;4110,743054637554;0,00019562644592951983;1183,8893458427192
сечение;700,0;15,0;80,0;5,0;BCC_B2 + FCC_A1 + P_PHASE;3;нет;100;70,14693103554058;0,0;0,0;10,351252061711627;0,0;19,501816901866405;0,0;8530,747028470389;4110,743054637533;0,00019562640227377415;1183,8893458424136
сечение;700,0;17,5;82,5;0,0;BCC_B2 + FCC_A1;2;нет;100;73,9065965881048;0,0;0,0;26,09340341137738;0,0;0,0;0,0;27069,372363159157;16106,44398953383;16275,185443658753;2180,622074789375
сечение;700,0;15,0;82,5;2,5;BCC_B2 + FCC_A1 + P_PHASE;3;нет;100;74,8680033709176;0,0;0,0;18,460865104107498;0,0;6,671131523457398;0,0;8530,747028469857;4110,743054637511;0,00019562640227377415;1183,8893458426755
сечение;700,0;15,0;85,0;0,0;BCC_B2 + FCC_A1;2;нет;100;77,78831333819069;0,0;0,0;22,211686662822544;0,0;0,0;0,0;26953,944338695364;16023,57236873627;16159,756874468236;2180,622819333563
сечение;1100,0;100,0;0,0;0,0;FCC_A1;1;нет;100;0,0;0,0;0,0;99,99999999997104;0,0;0,0;0,0;32106,60408506886;34727,3061460057;85682,3573881883;22560,08199327902
сечение;1100,0;97,5;0,0;2,5;FCC_A1;1;нет;100;0,0;0,0;0,0;99,99999999999999;0,0;0,0;0,0;7059,590569145817;13403,505169624375;60163,30459867651;6929,065017826579
сечение;1100,0;95,0;0,0;5,0;FCC_A1;1;нет;100;0,0;0,0;0,0;99,99999999999999;0,0;0,0;0,0;5159,9476810225315;9933,180098110184;57835,846904091915;5649,95971202066
сечение;1100,0;92,5;0,0;7,5;FCC_A1;1;нет;100;0,0;0,0;0,0;100,0;0,0;0,0;0,0;4015,7360200849944;7552,4501309275365;56312,8539624195;4791,909629521426
сечение;1100,0;90,0;0,0;10,0;FCC_A1;1;нет;100;0,0;0,0;0,0;99,99999999999999;0,0;0,0;0,0;3194,2187276517216;5743,581140976385;55167,42161596869;4088,139036997047
сечение;1100,0;87,5;0,0;12,5;FCC_A1;1;нет;100;0,0;0,0;0,0;99,99999999999999;0,0;0,0;0,0;2546,941629872046;4310,2213453946315;54258,64891808579;3456,0925764822023
сечение;1100,0;85,0;0,0;15,0;FCC_A1;1;нет;100;0,0;0,0;0,0;100,00000000000003;0,0;0,0;0,0;1995,085566737398;3151,261958969888;53518,48424611466;2863,7460770159814
сечение;1100,0;82,5;0,0;17,5;FCC_A1;1;нет;100;0,0;0,0;0,0;100,00000000000003;0,0;0,0;0,0;1481,1735673232906;2205,277214458474;52906,55874470607;2299,7069767405483
сечение;1100,0;80,0;0,0;20,0;FCC_A1;1;нет;100;0,0;0,0;0,0;100,0;0,0;0,0;0,0;951,4022376164794;1423,652803752455;52395,593362587475;1762,1383097608777
сечение;1100,0;77,5;0,0;22,5;FCC_A1;1;нет;100;0,0;0,0;0,0;100,00000000000003;0,0;0,0;0,0;379,149924345038;767,2547867772228;51965,48411603653;1253,3478208202287
сечение;1100,0;75,0;0,0;25,0;D_NIMO + FCC_A1;2;нет;100;0,0;0,0;3,4859926809810524;96,51400731986043;0,0;0,0;0,0;2,8438400477170944e-05;402,2595396660763;51573,17084004861;934,6303561422246
сечение;1100,0;72,5;0,0;27,5;D_NIMO + FCC_A1;2;нет;100;0,0;0,0;13,763910025181264;86,2360899747668;0,0;0,0;0,0;2,85981222987175e-05;402,2596598161326;51114,04121922588;934,6305863900634
сечение;1100,0;70,0;0,0;30,0;D_NIMO + FCC_A1;2;нет;100;0,0;0,0;24,041818783395723;75,95818121634649;0,0;0,0;0,0;2,880163083318621e-05;402,2598124798242;50596,58235949566;934,6308789444302
сечение;1100,0;67,5;0,0;32,5;D_NIMO + FCC_A1;2;нет;100;0,0;0,0;34,319714924376655;65,6802850758646;0,0;0,0;0,0;2,906992449425161e-05;402,26001292427827;50003,774297635;934,6312630615867
сечение;1100,0;65,0;0,0;35,0;D_NIMO + FCC_A1;2;нет;100;0,0;0,0;44,59759145966548;55,40240854038297;0,0;0,0;0,0;2,9439805075526237e-05;402,26028774271253;49309,87210237338;934,6317897017725
сечение;1100,0;62,5;0,0;37,5;D_NIMO + FCC_A1;2;нет;100;0,0;0,0;54,87543496676726;45,12456503326103;0,0;0,0;0,0;2,9982358682900667e-05;402,2606877519429;48473,17349653358;934,632556243756
сечение;1100,0;60,0;0,0;40,0;D_NIMO + FCC_A1;2;нет;100;0,0;0,0;65,15321623091398;34,84678376899609;0,0;0,0;0,0;3,085509524680674e-05;402,26132372842403;47419,26304500904;934,6337749630911
сечение;1100,0;57,5;0,0;42,5;D_NIMO + FCC_A1;2;нет;100;0,0;0,0;75,43085714257342;24,569142857308396;0,0;0,0;0,0;3,2490643206983805e-05;402,2624918060319;45994,27494439078;934,636013315816
сечение;1100,0;55,0;0,0;45,0;D_NIMO + FCC_A1;2;нет;100;0,0;0,0;85,70805495043471;14,291945049604774;0,0;0,0;0,0;3,665521217044443e-05;402,265339906633;43785,04409951974;934,6414708849916
сечение;1100,0;52,5;0,0;47,5;D_NIMO + FCC_A1;2;нет;100;0,0;0,0;95,98141308551223;4,018586914494634;0,0;0,0;0,0;6,756512448191643e-05;402,28275295016647;38611,24955689255;934,6748329972761
сечение;1100,0;50,0;0,0;50,0;D_NIMO + FCC_A1;2;нет;100;0,0;0,0;99,99616634622035;0,0038336555421911566;0,0;0,0;0,0;5,6080956710502505e-05;423,51275733916555;9752,060873536859;917,1884349058382
сечение;1100,0;47,5;0,0;52,5;BCC_B2 + D_NIMO;2;нет;100;1,420157316923822;0,0;98,57984268313791;0,0;0,0;0,0;0,0;0,00014716663281433284;540,6269792072271;27725,789305581668;1059,3211021222523
сечение;1100,0;45,0;0,0;55,0;BCC_B2 + D_NIMO;2;нет;100;6,693921369013657;0,0;93,30607863124723;0,0;0,0;0,0;0,0;9,372112981509417e-05;540,699105686741;34047,2899922732;1059,358020426167
сечение;1100,0;42,5;0,0;57,5;BCC_B2 + D_NIMO;2;нет;100;11,969356898672743;0,0;88,03064310187786;0,0;0,0;0,0;0,0;8,817466732580215e-05;540,7076676799479;36416,945036409306;1059,3624033150118
сечение;1100,0;40,0;0,0;60,0;BCC_B2 + D_NIMO;2;нет;100;17,244930173874135;0,0;82,75506982823566;0,0;0,0;0,0;0,0;8,606734627392143e-05;540,7109912748128;37905,93009418338;1059,36410468728
сечение;1100,0;37,5;0,0;62,5;BCC_B2 + D_NIMO;2;нет;100;22,52054440208014;0,0;77,47945560324835;0,0;0,0;0,0;0,0;8,495766087435186e-05;540,7127577336942;38994,260525074045;1059,3650089553994
сечение;1100,0;35,0;0,0;65,0;BCC_B2 + D_NIMO;2;нет;100;27,796176297086777;0,0;72,20382371480007;0,0;0,0;0,0;0,0;8,427286229562014e-05;540,7138536614657;39852,458292293275;1059,36556997367
сечение;1100,0;32,5;0,0;67,5;BCC_B2 + D_NIMO;2;нет;100;33,07181743249795;0,0;66,92818259186699;0,0;0,0;0,0;0,0;8,38081759866327e-05;540,7145999492786;40561,06632764806;1059,3659520079527
сечение;1100,0;30,0;0,0;70,0;BCC_B2 + D_NIMO;2;нет;100;38,34746400528915;0,0;61,652536037416425;0,0;0,0;0,0;0,0;8,347202674485743e-05;540,7151408923237;41164,56601143925;1059,3662289239583
сечение;1100,0;27,5;0,0;72,5;BCC_B2 + D_NIMO;2;нет;100;43,62311405534939;0,0;56,376886012659966;0,0;0,0;0,0;0,0;8,321765926666558e-05;540,7155509953591;41690,15111121509;1059,366438861427
сечение;1100,0;25,0;0,0;75,0;BCC_B2 + D_NIMO;2;нет;100;48,89876652913468;0,0;51,10123357987848;0,0;0,0;0,0;0,0;8,301851630676538e-05;540,7158726064372;42155,65778113599;1059,3666034987982
сечение;1100,0;22,5;0,0;77,5;BCC_B2 + D_NIMO;2;нет;100;54,1744206837751;0,0;45,825579474268906;0,0;0,0;0,0;0,0;8,285828516818583e-05;540,7161315742123;42573,415503531956;1059,3667360682011
сечение;1100,0;20,0;0,0;80,0;BCC_B2 + D_NIMO;2;нет;100;59,450076096860336;0,0;40,549924123901995;0,0;0,0;0,0;0,0;8,272670675069094e-05;540,7163445977058;42952,35281240533;1059,3668451181875
сечение;1100,0;17,5;0,0;82,5;BCC_B2 + D_NIMO;2;нет;100;64,72573254293111;0,0;35,27426776241058;0,0;0,0;0,0;0,0;8,261651964858174e-05;540,7165228792437;43299,02090572989;1059,3669363831868
сечение;1100,0;97,5;2,5;0,0;FCC_A1;1;нет;100;0,0;0,0;0,0;100,00000000005642;0,0;0,0;0,0;32097,589957275224;34503,746083030004;43578,81640810428;15234,397889703709
сечение;1100,0;95,0;2,5;2,5;FCC_A1;1;нет;100;0,0;0,0;0,0;100,0;0,0;0,0;0,0;7090,59561828649;13242,826422134603;18107,264420890046;7057,70702948315
сечение;1100,0;92,5;2,5;5,0;FCC_A1;1;нет;100;0,0;0,0;0,0;100,00000000000003;0,0;0,0;0,0;5224,559255934597;9749,216261401394;15823,81792072345;5784,320834671453
сечение;1100,0;90,0;2,5;7,5;FCC_A1;1;нет;100;0,0;0,0;0,0;99,99999999999999;0,0;0,0;0,0;4107,0614851194405;7387,483181725736;14341,684010906247;4920,389765421016
сечение;1100,0;87,5;2,5;10,0;FCC_A1;1;нет;100;0,0;0,0;0,0;100,0;0,0;0,0;0,0;3304,539272469774;5610,228273944318;13234,16768965336;4205,634773021302
сечение;1100,0;85,0;2,5;12,5;FCC_A1;1;нет;100;0,0;0,0;0,0;99,99999999999997;0,0;0,0;0,0;2667,001382989125;4212,324909368093;12360,651276661272;3557,6921534090216
сечение;1100,0;82,5;2,5;15,0;FCC_A1;1;нет;100;0,0;0,0;0,0;99,99999999999999;0,0;0,0;0,0;2112,5815003026946;3089,3988464157155;11653,34292844597;2961,333842260108
сечение;1100,0;80,0;2,5;17,5;FCC_A1;1;нет;100;0,0;0,0;0,0;99,99999999999997;0,0;0,0;0,0;1577,7890985178092;2153,2259205655137;11072,010847703132;2385,0492885410786
сечение;1100,0;77,5;2,5;20,0;FCC_A1;1;нет;100;0,0;0,0;0,0;100,0;0,0;0,0;0,0;1005,8191249040392;1394,113647851409;10589,8058910494;1825,2250112392794
сечение;1100,0;75,0;2,5;22,5;FCC_A1;1;нет;100;0,0;0,0;0,0;100,0;0,0;0,0;0,0;402,692475925709;780,0063049250748;10186,885241795433;1253,5409002616216
сечение;1100,0;72,5;2,5;25,0;D_NIMO + FCC_A1;2;нет;100;0,0;0,0;2,939435702786919;97,06056429747971;0,0;0,0;0,0;3,250387089792639e-05;423,9379970264854;9809,5917698681;917,2729505886236
сечение;1100,0;70,0;2,5;27,5;D_NIMO + FCC_A1;2;нет;100;0,0;0,0;12,505884493082824;87,49411550799412;0,0;0,0;0,0;5,444599082693458e-07;420,4069044936914;9335,274411534847;911,5753840912948
сечение;1100,0;67,5;2,5;30,0;D_NIMO + FCC_A1;2;нет;100;0,0;0,0;21,926107352923925;78,07389264641954;0,0;0,0;0,0;1,418375177308917e-07;416,66504211020947;8808,917611055513;901,1398544090043
сечение;1100,0;65,0;2,5;32,5;D_NIMO + FCC_A1;2;нет;100;0,0;0,0;31,15631559311261;68,84368440689376;0,0;0,0;0,0;8,526934834662825e-05;412,85014083424176;8220,200456413848;873,1531011138286
сечение;1100,0;62,5;2,5;35,0;D_NIMO + FCC_A1;2;нет;100;0,0;0,0;40,13697570052851;59,86302429932042;0,0;0,0;0,0;5,116469401400536e-05;409,2763460943097;7556,369281489693;828,4684324421978
сечение;1100,0;60,0;2,5;37,5;D_NIMO + FCC_A1;2;нет;100;0,0;0,0;48,787764203368354;51,21223579634749;0,0;0,0;0,0;0,00013805599883198738;406,63993865519296;6802,087758315014;767,2492188634933
сечение;1100,0;57,5;2,5;40,0;BCC_B2 + D_NIMO + FCC_A1;3;нет;100;0,08474297522043013;0,0;56,797121825495964;43,118135222818296;0,0;0,0;0,0;3,1504896469414234e-08;406,40767956788477;5956,424163523217;621,2995582165604
сечение;1100,0;55,0;2,5;42,5;BCC_B2 + D_NIMO + FCC_A1;3;нет;300;4,804302542929671;0,0;53,29245963698474;41,9032378388371;0,0;0,0;0,0;3,15194483846426e-08;406,4076795679721;5956,424163521078;621,299558215891
сечение;1100,0;52,5;2,5;45,0;BCC_B2 + D_NIMO + FCC_A1;3;нет;100;9,523862268076348;0,0;49,787797274514624;40,688340466776545;0,0;0,0;0,0;3,1592207960784435e-08;406,40767956788477;5956,4241635239305;621,2995582169533
сечение;1100,0;50,0;2,5;47,5;BCC_B2 + D_NIMO + FCC_A1;3;нет;100;14,24342198824885;0,0;46,28313468374408;39,47344333407886;0,0;0,0;0,0;3,153400029987097e-08;406,4076795679284;5956,424163521311;621,2995582160365
сечение;1100,0;47,5;2,5;50,0;BCC_B2 + D_NIMO + FCC_A1;3;нет;100;18,962981851567008;0,0;42,778471931183006;38,258546219132725;0,0;0,0;0,0;3,15631041303277e-08;406,40767956798663;5956,424163521529;621,2995582160656
сечение;1100,0;45,0;2,5;52,5;BCC_B2 + D_NIMO + FCC_A1;3;нет;100;23,682541256239457;0,0;39,27381009915952;37,04364864355097;0,0;0,0;0,0;3,16504156216979e-08;406,407679567943;5956,424163524105;621,2995582170261
сечение;1100,0;42,5;2,5;55,0;BCC_B2 + D_NIMO + FCC_A1;3;нет;100;28,40210075922321;0,0;35,769147965794176;35,82875126957679;0,0;0,0;0,0;3,1548552215099335e-08;406,4076795678702;5956,4241635239305;621,2995582168514
сечение;1100,0;40,0;2,5;57,5;BCC_B2 + D_NIMO + FCC_A1;3;нет;300;33,121660720536205;0,0;32,26448483924883;34,61385443345319;0,0;0,0;0,0;3,157765604555607e-08;406,4076795678702;5956,424163524454;621,2995582170697
сечение;1100,0;37,5;2,5;60,0;BCC_B2 + D_NIMO + FCC_A1;3;нет;100;37,8412200463215;0,0;28,75982337693066;33,39895656709744;0,0;0,0;0,0;3,1592207960784435e-08;406,4076795679284;5956,424163522475;621,2995582164731
сечение;1100,0;35,0;2,5;62,5;BCC_B2 + D_NIMO + FCC_A1;3;нет;200;42,5607802692483;0,0;25,255159516414615;32,1840602059806;0,0;0,0;0,0;3,15194483846426e-08;406,40767956801574;5956,42416352038;621,2995582156436
сечение;1100,0;32,5;2,5;65,0;BCC_B2 + D_NIMO + FCC_A1;3;нет;100;47,28033990942808;0,0;21,750497253259162;30,969162830053932;0,0;0,0;0,0;3,1548552215099335e-08;406,40767956788477;5956,42416352329;621,2995582166768
сечение;1100,0;30,0;2,5;67,5;BCC_B2 + D_NIMO + FCC_A1;3;нет;100;51,999899317955;0,0;18,245835410464167;29,754265258072078;0,0;0,0;0,0;3,16067598760128e-08;406,407679567943;5956,424163522985;621,299558216604
сечение;1100,0;27,5;2,5;70,0;BCC_B2 + D_NIMO + FCC_A1;3;нет;100;56,719458952961546;0,0;14,741173101069613;28,539367932144895;0,0;0,0;0,0;3,149034455418587e-08;406,4076795678993;5956,424163522068;621,2995582161966
сечение;1100,0;25,0;2,5;72,5;BCC_B2 + D_NIMO + FCC_A1;3;нет;300;61,43901861301006;0,0;11,23651074842162;27,324470626341345;0,0;0,0;0,0;3,153400029987097e-08;406,40767956788477;5956,424163522606;621,2995582164585
сечение;1100,0;22,5;2,5;75,0;BCC_B2 + D_NIMO + FCC_A1;3;нет;100;66,15857817156146;0,0;7,731848659680009;26,109573157799577;0,0;0,0;0,0;3,1635863706469536e-08;406,40767956788477;5956,424163523945;621,2995582170552
сечение;1100,0;20,0;2,5;77,5;BCC_B2 + D_NIMO + FCC_A1;3;нет;100;70,87813778589273;0,0;4,227186302748856;24,89467589589717;0,0;0,0;0,0;3,153400029987097e-08;406,40767956788477;5956,424163522985;621,299558216575
сечение;1100,0;17,5;2,5;80,0;BCC_B2 + D_NIMO + FCC_A1;3;нет;100;75,59769767575642;0,0;0,7225235194377821;23,67977880651619;0,0;0,0;0,0;3,15631041303277e-08;406,4076795679139;5956,42416352297;621,299558216575
сечение;1100,0;15,0;2,5;82,5;BCC_B2 + FCC_A1;2;нет;100;79,41153093359031;0,0;0,0;20,588469066418472;0,0;0,0;0,0;29,23365545652632;429,3972202834557;5754,0206195371575;590,0287450700416
сечение;1100,0;95,0;5,0;0,0;FCC_A1;1;нет;100;0,0;0,0;0,0;100,00000000102965;0,0;0,0;0,0;32146,655059800207;34245,84388670868;39990,40672458068;13865,778146092765
сечение;1100,0;92,5;5,0;2,5;FCC_A1;1;нет;100;0,0;0,0;0,0;100,0;0,0;0,0;0,0;7177,985830024671;13063,548264151308;14569,241700757833;7239,801927972745
сечение;1100,0;90,0;5,0;5,0;FCC_A1;1;нет;100;0,0;0,0;0,0;100,0;0,0;0,0;0,0;5343,534520520072;9615,269313223544;12332,378372021441;5917,153414790984
сечение;1100,0;87,5;5,0;7,5;FCC_A1;1;нет;100;0,0;0,0;0,0;99,99999999999997;0,0;0,0;0,0;4250,259345877494;7274,836471479764;10893,327930108382;5048,78775945268
сечение;1100,0;85,0;5,0;10,0;FCC_A1;1;нет;100;0,0;0,0;0,0;100,00000000000003;0,0;0,0;0,0;3463,485077389516;5517,462597585109;9825,680778968323;4334,661136946481
сечение;1100,0;82,5;5,0;12,5;FCC_A1;1;нет;100;0,0;0,0;0,0;99,99999999999997;0,0;0,0;0,0;2831,086012050713;4100,559792039698;8989,08399551158;3693,32285656943
сечение;1100,0;80,0;5,0;15,0;FCC_A1;1;нет;100;0,0;0,0;0,0;100,0;0,0;0,0;0,0;2266,806758377992;2981,0977861219;8316,043317164644;3051,113430989164
сечение;1100,0;77,5;5,0;17,5;FCC_A1;1;нет;100;0,0;0,0;0,0;100,00000000000003;0,0;0,0;0,0;1699,3036918234138;2084,6438535584603;7766,76138909634;2402,940514369271
сечение;1100,0;75,0;5,0;20,0;FCC_A1;1;нет;100;0,0;0,0;0,0;100,00000000000003;0,0;0,0;0,0;1081,06828708401;1363,568730670042;7314,524518060658;1803,6444877719478
сечение;1100,0;72,5;5,0;22,5;FCC_A1;1;нет;100;0,0;0,0;0,0;100,0;0,0;0,0;0,0;459,4408363362454;784,6847103007312;6939,817590152146;1229,2448892084649
сечение;1100,0;70,0;5,0;25,0;D_NIMO + FCC_A1;2;нет;100;0,0;0,0;1,8020915250886091;98,19790847426911;0,0;0,0;0,0;1,6608406440354884e-05;406,2751266056148;6595,984916836605;744,2283680425753
сечение;1100,0;67,5;5,0;27,5;D_NIMO + FCC_A1;2;нет;100;0,0;0,0;10,786545378980579;89,21345462037598;0,0;0,0;0,0;3,3575634006410837e-06;406,1642181700736;6122,667664221153;656,9766160167928
сечение;1100,0;65,0;5,0;30,0;BCC_B2 + D_NIMO + FCC_A1;3;нет;100;3,15516784130354;0,0;11,377129290161026;85,46770287851363;0,0;0,0;0,0;3,16067598760128e-08;406,407679567943;5956,424163523145;621,2995582166623
сечение;1100,0;62,5;5,0;32,5;BCC_B2 + D_NIMO + FCC_A1;3;нет;100;7,874727642002807;0,0;7,8724664362037196;84,25280593481261;0,0;0,0;0,0;3,1694071367383e-08;406,4076795680303;5956,42416352281;621,2995582166623
сечение;1100,0;60,0;5,0;35,0;BCC_B2 + D_NIMO + FCC_A1;3;нет;200;12,594287588549333;0,0;4,3678032442412285;83,03790918032236;0,0;0,0;0,0;3,1592207960784435e-08;406,4076795678993;5956,424163523814;621,2995582168805
сечение;1100,0;57,5;5,0;37,5;BCC_B2 + D_NIMO + FCC_A1;3;нет;100;17,313846935220393;0,0;0,8631417071575578;81,82301136633751;0,0;0,0;0,0;3,162131179124117e-08;406,407679567943;5956,424163523974;621,2995582169387
сечение;1100,0;55,0;5,0;40,0;BCC_B2 + FCC_A1;2;нет;100;21,121272326336648;0,0;0,0;78,87872768330917;0,0;0,0;0,0;14,951716118623153;418,15675267513143;5851,586708058545;607,4444380235218
сечение;1100,0;52,5;5,0;42,5;BCC_B2 + FCC_A1;2;нет;100;24,634659822257458;0,0;0,0;75,36534018070384;0,0;0,0;0,0;35,89734452631092;434,6542855712032;5709,325441304434;582,1263894094009
сечение;1100,0;50,0;5,0;45,0;BCC_B2 + FCC_A1;2;нет;100;28,15311442527276;0,0;0,0;71,84688557538412;0,0;0,0;0,0;58,2052993842226;452,246459853588;5563,350986899517;556,6597928934498
сечение;1100,0;47,5;5,0;47,5;BCC_B2 + FCC_A1;2;нет;100;31,677243969979756;0,0;0,0;68,32275603014904;0,0;0,0;0,0;81,99163404367573;471,04702628959785;5413,569249959633;531,0924699960015
сечение;1100,0;45,0;5,0;50,0;BCC_B2 + FCC_A1;2;нет;100;35,20774193310354;0,0;0,0;64,79225806694232;0,0;0,0;0,0;107,3827183831163;490,53739173486247;5259,886547027127;503,8786258513719
сечение;1100,0;42,5;5,0;52,5;BCC_B2 + FCC_A1;2;нет;100;38,74540016196529;0,0;0,0;61,254599838030664;0,0;0,0;0,0;134,5160940203932;507,4778655805858;5102,236605169193;468,37996730142913
сечение;1100,0;40,0;5,0;55,0;BCC_B2 + FCC_A1;2;нет;100;42,29112325759844;0,0;0,0;57,70887674240043;0,0;0,0;0,0;163,54056405801384;525,4316009830509;4940,560301767604;432,645183509012
сечение;1100,0;37,5;5,0;57,5;BCC_B2 + FCC_A1;2;нет;100;45,845944657912305;0,0;0,0;54,15405534208693;0,0;0,0;0,0;194,6160658624285;544,4697365622269;4774,830356926861;396,7574688340683
сечение;1100,0;35,0;5,0;60,0;BCC_B2 + FCC_A1;2;нет;100;49,41104436318851;0,0;0,0;50,58895563681121;0,0;0,0;0,0;227,91425046404765;564,6511074107984;4605,055693352857;360,8173571966181
сечение;1100,0;32,5;5,0;62,5;BCC_B2 + FCC_A1;2;нет;100;52,98776811378798;0,0;0,0;47,01223188621323;0,0;0,0;0,0;263,61711603090225;586,0428609855298;4431,276347796651;323,51116620939865
сечение;1100,0;30,0;5,0;65,0;BCC_B2 + FCC_A1;2;нет;100;56,577647603476876;0,0;0,0;43,422352396523465;0,0;0,0;0,0;301,915899855303;608,6992978403578;4253,583103271827;284,64858999993885
сечение;1100,0;27,5;5,0;67,5;BCC_B2 + FCC_A1;2;нет;100;60,182421011048206;0,0;0,0;39,81757898895232;0,0;0,0;0,0;343,0086865759513;632,6831869015441;4072,1276825763343;241,69597902205714
сечение;1100,0;25,0;5,0;70,0;BCC_B2 + FCC_A1;2;нет;100;63,80405272826501;0,0;0,0;36,195947271728926;0,0;0,0;0,0;387,0971899565484;658,0297700878291;3887,133775843162;187,75393297312257
сечение;1100,0;22,5;5,0;72,5;BCC_B2 + FCC_A1;2;нет;100;67,4447503528863;0,0;0,0;32,555249647108134;0,0;0,0;0,0;434,38162870485394;684,7826995905343;3698,9049224745395;134,0758549021557
сечение;1100,0;20,0;5,0;75,0;BCC_B2 + FCC_A1;2;нет;100;71,1069788002145;0,0;0,0;28,893021199780055;0,0;0,0;0,0;485,0554070153448;712,9466757349728;3507,816961454242;72,93480016561807
сечение;1100,0;17,5;5,0;77,5;BCC_B2 + FCC_A1;2;нет;100;74,79346251465093;0,0;0,0;25,206537485359327;0,0;0,0;0,0;539,2954615614872;742,5193487373763;3314,3880756819126;9,71654079388827
сечение;1100,0;15,0;5,0;80,0;BCC_B2 + FCC_A1 + SIGMA;3;нет;100;77,06373243814349;0,0;0,0;19,980694538742938;0,0;0,0;2,955573037172895;541,8189086401835;743,8801921323611;3305,6518151222554;6,894331585092004
сечение;1100,0;92,5;7,5;0,0;FCC_A1;1;нет;100;0,0;0,0;0,0;100,00000009014344;0,0;0,0;0,0;32252,855933558676;33953,07328606277;37644,334843241275;12876,598307286076
сечение;1100,0;90,0;7,5;2,5;FCC_A1;1;нет;100;0,0;0,0;0,0;100,0;0,0;0,0;0,0;7320,264842512639;12581,858364279396;12273,604676327086;7431,164734229489
сечение;1100,0;87,5;7,5;5,0;FCC_A1;1;нет;100;0,0;0,0;0,0;99,99999999999999;0,0;0,0;0,0;5514,850881489721;9531,360797888003;10083,386587521367;6113,38539786388
сечение;1100,0;85,0;7,5;7,5;FCC_A1;1;нет;100;0,0;0,0;0,0;100,0;0,0;0,0;0,0;4442,750435109236;7157,348037581192;8687,386801929722;5225,2268680084235
сечение;1100,0;82,5;7,5;10,0;FCC_A1;1;нет;100;0,0;0,0;0,0;100,00000000000003;0,0;0,0;0,0;3667,7854319012113;5367,130961069255;7659,53458361284;4476,318575660494
сечение;1100,0;80,0;7,5;12,5;FCC_A1;1;нет;100;0,0;0,0;0,0;99,99999999999999;0,0;0,0;0,0;3034,8330816005473;3999,568387002757;6859,790438547221;3807,203512717402
сечение;1100,0;77,5;7,5;15,0;FCC_A1;1;нет;100;0,0;0,0;0,0;100,0;0,0;0,0;0,0;2451,318958178803;2924,5574836348096;6220,962910792994;3098,0503444431233
сечение;1100,0;75,0;7,5;17,5;FCC_A1;1;нет;100;0,0;0,0;0,0;100,0;0,0;0,0;0,0;1838,3916628290608;2068,650615432096;5703,569495932796;2428,3986685859127
сечение;1100,0;72,5;7,5;20,0;FCC_A1;1;нет;100;0,0;0,0;0,0;99,99999999999997;0,0;0,0;0,0;1179,787663930445;1384,921094815596;5281,2138096321;1670,664525195025
сечение;1100,0;70,0;7,5;22,5;FCC_A1;1;нет;100;0,0;0,0;0,0;100,0;0,0;0,0;0,0;551,214493333915;830,7460226963158;4934,684816197638;856,2551695905422
сечение;1100,0;67,5;7,5;25,0;BCC_B2 + FCC_A1;2;нет;100;1,3482620757781942;0,0;0,0;98,65173792444563;0,0;0,0;0,0;207,8289373338339;552,5083921750193;4706,539076155503;382,19633621182584
сечение;1100,0;65,0;7,5;27,5;BCC_B2 + FCC_A1;2;нет;100;4,867944544403895;0,0;0,0;95,1320554557854;0,0;0,0;0,0;231,82770787223126;567,0111289444467;4585,602274809251;356,754787699203
сечение;1100,0;62,5;7,5;30,0;BCC_B2 + FCC_A1;2;нет;100;8,392902251695169;0,0;0,0;91,60709774803429;0,0;0,0;0,0;257,13238368727616;582,1803510911559;4462,241543329481;330,3888339471014
сечение;1100,0;60,0;7,5;32,5;BCC_B2 + FCC_A1;2;нет;100;11,923698839497582;0,0;0,0;88,07630116045698;0,0;0,0;0,0;283,83176549138443;598,0374248546141;4336,410714792219;302,6323913225642
сечение;1100,0;57,5;7,5;35,0;BCC_B2 + FCC_A1;2;нет;100;15,460966407773599;0,0;0,0;84,53903359222343;0,0;0,0;0,0;312,0209851428226;614,6314353225898;4208,109652207655;274,87546230401495
сечение;1100,0;55,0;7,5;37,5;BCC_B2 + FCC_A1;2;нет;100;19,005413967756695;0,0;0,0;80,99458603218679;0,0;0,0;0,0;341,8008290929283;631,9811485941464;4077,333135172288;243,23001143806323
сечение;1100,0;52,5;7,5;40,0;BCC_B2 + FCC_A1;2;нет;100;22,557836676016926;0,0;0,0;77,44216333693853;0,0;0,0;0,0;373,27776384445315;650,1281180088117;3944,093735519462;204,241302095048
сечение;1100,0;50,0;7,5;42,5;BCC_B2 + FCC_A1;2;нет;100;26,119126311290476;0,0;0,0;73,8808736917436;0,0;0,0;0,0;406,56323450517084;669,0980935296102;3808,4199308225943;165,15419676013698
сечение;1100,0;47,5;7,5;45,0;BCC_B2 + FCC_A1;2;нет;100;29,690281339117696;0,0;0,0;70,30971866144532;0,0;0,0;0,0;441,77355923438154;688,9235227790487;3670,363897455245;126,05042684022919
сечение;1100,0;45,0;7,5;47,5;BCC_B2 + FCC_A1;2;нет;100;33,27241971015859;0,0;0,0;66,72758028987835;0,0;0,0;0,0;479,02950797314406;709,6267373460578;3529,9961975764454;80,27096652574255
сечение;1100,0;42,5;7,5;50,0;BCC_B2 + FCC_A1;2;нет;100;36,86678910683109;0,0;0,0;63,13321089316091;0,0;0,0;0,0;518,4536692786351;731,2255224089604;3387,4231619388447;33,422425304030185
сечение;1100,0;40,0;7,5;52,5;BCC_B2 + FCC_A1 + SIGMA;3;нет;100;39,86469731696753;0,0;0,0;58,79543522142631;0,0;0,0;1,3398674855791464;541,8189086404454;743,8801921325212;3305,6518151217024;6,894331585033797
сечение;1100,0;37,5;7,5;55,0;BCC_B2 + FCC_A1 + SIGMA;3;нет;100;42,0676929311072;0,0;0,0;53,4978146339168;0,0;0,0;4,434492465678774;541,8189086407656;743,8801921327977;3305,651815121426;6,894331585019245
сечение;1100,0;35,0;7,5;57,5;BCC_B2 + FCC_A1 + SIGMA;3;нет;100;44,2706885450802;0,0;0,0;48,20019404624099;0,0;0,0;7,529117406014447;541,8189086403145;743,8801921324048;3305,651815121877;6,8943315850774525
сечение;1100,0;32,5;7,5;60,0;BCC_B2 + FCC_A1 + SIGMA;3;нет;100;46,47368415912677;0,0;0,0;42,90257345860232;0,0;0,0;10,623742374693885;541,8189086405037;743,880192132594;3305,651815121935;6,894331585164764
сечение;1100,0;30,0;7,5;62,5;BCC_B2 + FCC_A1 + SIGMA;3;нет;100;48,67667977322409;0,0;0,0;37,60495287106372;0,0;0,0;13,718367364183576;541,8189086409693;743,8801921329723;3305,651815121295;6,894331585033797
сечение;1100,0;27,5;7,5;65,0;BCC_B2 + FCC_A1 + SIGMA;3;нет;100;50,879675387375755;0,0;0,0;32,30733228322216;0,0;0,0;16,812992330151495;541,8189086405037;743,8801921325503;3305,651815121644;6,894331585033797
сечение;1100,0;25,0;7,5;67,5;BCC_B2 + FCC_A1 + SIGMA;3;нет;100;53,08267100142103;0,0;0,0;27,00971169534424;0,0;0,0;19,907617265832542;541,8189086404309;743,8801921325212;3305,651815121819;6,8943315850774525
сечение;1100,0;22,5;7,5;70,0;BCC_B2 + FCC_A1 + SIGMA;3;нет;100;55,285666615545395;0,0;0,0;21,71209110802862;0,0;0,0;23,00224229007901;541,8189086405328;743,880192132594;3305,6518151217606;6,894331585106556
сечение;1100,0;20,0;7,5;72,5;BCC_B2 + FCC_A1 + SIGMA;3;нет;100;57,488662229628154;0,0;0,0;16,41447052028042;0,0;0,0;26,096867262200917;541,8189086404891;743,8801921325648;3305,6518151218042;6,894331585106556
сечение;1100,0;17,5;7,5;75,0;BCC_B2 + FCC_A1 + SIGMA;3;нет;100;59,69165784389215;0,0;0,0;11,116849932712825;0,0;0,0;29,19149224269398;541,8189086404018;743,8801921324775;3305,6518151217606;6,894331585048349
сечение;1100,0;15,0;7,5;77,5;BCC_B2 + FCC_A1 + SIGMA;3;нет;100;61,89465345793885;0,0;0,0;5,8192293450050085;0,0;0,0;32,286117185388875;541,8189086405328;743,880192132594;3305,6518151216587;6,894331585062901
сечение;1100,0;90,0;10,0;0,0;FCC_A1;1;нет;100;0,0;0,0;0,0;99,99999999999999;0,0;0,0;0,0;32412,570545298688;33632,36372952961;35853,2951096615;12001,545019514117
сечение;1100,0;87,5;10,0;2,5;FCC_A1;1;нет;100;0,0;0,0;0,0;100,0;0,0;0,0;0,0;7513,651263316366;12200,069293014094;10531,900121781917;7641,317637223619
сечение;1100,0;85,0;10,0;5,0;FCC_A1;1;нет;100;0,0;0,0;0,0;100,0;0,0;0,0;0,0;5734,523526727979;9219,234940586204;8387,217508855567;6347,375187317972
сечение;1100,0;82,5;10,0;7,5;FCC_A1;1;нет;100;0,0;0,0;0,0;100,0;0,0;0,0;0,0;4680,242293684205;6999,475540562387;7033,246770619691;5422,953149687499
сечение;1100,0;80,0;10,0;10,0;FCC_A1;1;нет;100;0,0;0,0;0,0;100,00000000000003;0,0;0,0;0,0;3912,5869191917736;5262,768383509421;6044,24633300092;4631,10635720093
сечение;1100,0;77,5;10,0;12,5;FCC_A1;1;нет;100;0,0;0,0;0,0;100,0;0,0;0,0;0,0;3272,1922906169057;3925,9098407982237;5280,481895471414;3898,528029329347
сечение;1100,0;75,0;10,0;15,0;FCC_A1;1;нет;100;0,0;0,0;0,0;100,0;0,0;0,0;0,0;2657,6254691360227;2878,153065917417;4675,082448348432;3039,5109222755564
сечение;1100,0;72,5;10,0;17,5;FCC_A1;1;нет;100;0,0;0,0;0,0;99,99999999999999;0,0;0,0;0,0;1990,6342858065036;2046,2563831228617;4188,869846495421;2000,679697519081
сечение;1100,0;70,0;10,0;20,0;FCC_A1;1;нет;100;0,0;0,0;0,0;100,0;0,0;0,0;0,0;1304,5928240400099;1383,4613246805675;3795,7807462021447;1071,452645136611
сечение;1100,0;67,5;10,0;22,5;FCC_A1;1;нет;100;0,0;0,0;0,0;100,00000000000007;0,0;0,0;0,0;677,8363601466262;857,2678189922444;3476,9359658844332;249,52501223365834
сечение;1100,0;65,0;10,0;25,0;BCC_B2 + FCC_A1;2;нет;100;2,5452384467482747;0,0;0,0;97,4547615535924;0,0;0,0;0,0;538,8529675433674;742,280987925391;3315,9223898884084;10,212487938741106
сечение;1100,0;62,5;10,0;27,5;BCC_B2 + FCC_A1 + SIGMA;3;нет;100;4,868657809514852;0,0;0,0;92,31255531722343;0,0;0,0;2,8187868524561366;541,8189086410712;743,8801921330742;3305,651815121426;6,894331585121108
сечение;1100,0;60,0;10,0;30,0;BCC_B2 + FCC_A1 + SIGMA;3;нет;100;7,0716534239914015;0,0;0,0;87,01493472926808;0,0;0,0;5,91341184085359;541,8189086404163;743,8801921324775;3305,6518151217024;6,894331585048349
сечение;1100,0;57,5;10,0;32,5;BCC_B2 + FCC_A1 + SIGMA;3;нет;100;9,27464903832614;0,0;0,0;81,71731414153629;0,0;0,0;9,00803681399073;541,8189086401107;743,8801921322447;3305,6518151221535;6,894331585106556
сечение;1100,0;55,0;10,0;35,0;BCC_B2 + FCC_A1 + SIGMA;3;нет;100;11,477644652306788;0,0;0,0;76,41969355397681;0,0;0,0;12,102661785794199;541,8189086400962;743,8801921322593;3305,651815122357;6,89433158520842
сечение;1100,0;52,5;10,0;37,5;BCC_B2 + FCC_A1 + SIGMA;3;нет;100;13,68064026651549;0,0;0,0;71,12207296617031;0,0;0,0;15,197286749452122;541,8189086406928;743,880192132754;3305,651815121746;6,894331585150212
сечение;1100,0;50,0;10,0;40,0;BCC_B2 + FCC_A1 + SIGMA;3;нет;100;15,883635880417962;0,0;0,0;65,82445237873215;0,0;0,0;18,291911748108856;541,8189086401544;743,8801921323029;3305,651815122168;6,89433158513566
сечение;1100,0;47,5;10,0;42,5;BCC_B2 + FCC_A1 + SIGMA;3;нет;100;18,086631494457556;0,0;0,0;60,52683179109538;0,0;0,0;21,3865367141454;541,8189086411585;743,8801921331615;3305,6518151213677;6,89433158513566
сечение;1100,0;45,0;10,0;45,0;BCC_B2 + FCC_A1 + SIGMA;3;нет;100;20,289627108449295;0,0;0,0;55,22921120346713;0,0;0,0;24,4811616380314;541,8189086403872;743,8801921324921;3305,651815122008;6,894331585164764
сечение;1100,0;42,5;10,0;47,5;BCC_B2 + FCC_A1 + SIGMA;3;нет;100;22,49262272265838;0,0;0,0;49,931590615801284;0,0;0,0;27,575786642334627;541,8189086404745;743,8801921325648;3305,6518151219498;6,894331585179316
сечение;1100,0;40,0;10,0;50,0;BCC_B2 + FCC_A1 + SIGMA;3;нет;100;24,695618336968053;0,0;0,0;44,633970028056275;0,0;0,0;30,670411632923617;541,8189086403145;743,8801921324484;3305,651815122168;6,894331585179316
сечение;1100,0;37,5;10,0;52,5;BCC_B2 + FCC_A1 + SIGMA;3;нет;100;26,898613950993937;0,0;0,0;39,3363494404417;0,0;0,0;33,76503660980107;541,8189086404018;743,8801921325066;3305,6518151220225;6,894331585150212
сечение;1100,0;35,0;10,0;55,0;BCC_B2 + FCC_A1 + SIGMA;3;нет;100;29,101609565142557;0,0;0,0;34,03872885287972;0,0;0,0;36,859661599758034;541,8189086403727;743,8801921324921;3305,6518151219934;6,894331585121108
сечение;1100,0;32,5;10,0;57,5;BCC_B2 + FCC_A1 + SIGMA;3;нет;100;31,304605179136075;0,0;0,0;28,741108265155418;0,0;0,0;39,954286531525675;541,8189086405328;743,880192132594;3305,651815121717;6,894331585092004
сечение;1100,0;30,0;10,0;60,0;BCC_B2 + FCC_A1 + SIGMA;3;нет;100;33,50760079342486;0,0;0,0;23,443487677574947;0,0;0,0;43,04891153286711;541,8189086404309;743,8801921325212;3305,651815121819;6,8943315850774525
сечение;1100,0;27,5;10,0;62,5;BCC_B2 + FCC_A1 + SIGMA;3;нет;100;35,71059640739135;0,0;0,0;18,14586708984283;0,0;0,0;46,14353650921335;541,8189086404454;743,8801921325212;3305,6518151217315;6,894331585033797
сечение;1100,0;25,0;10,0;65,0;BCC_B2 + FCC_A1 + SIGMA;3;нет;100;37,913592021457035;0,0;0,0;12,84824650216178;0,0;0,0;49,23816146453669;541,81890864046;743,8801921325212;3305,6518151217315;6,894331585048349
сечение;1100,0;22,5;10,0;67,5;BCC_B2 + FCC_A1 + SIGMA;3;нет;100;40,116587635664374;0,0;0,0;7,550625914372161;0,0;0,0;52,332786421223766;541,8189086405182;743,8801921325503;3305,6518151214113;6,894331584931933
сечение;1100,0;20,0;10,0;70,0;BCC_B2 + FCC_A1 + SIGMA;3;нет;100;42,31958324977936;0,0;0,0;2,2530053267641206;0,0;0,0;55,4274114439254;541,8189086403581;743,8801921324775;3305,651815122066;6,894331585179316
сечение;1100,0;17,5;10,0;72,5;BCC_B2 + SIGMA;2;нет;100;47,11878761736437;0,0;0,0;0,0;0,0;0,0;52,88121237318006;739,4277344952716;912,6507456940162;3149,467457466133;4,914299894750002
сечение;1100,0;15,0;10,0;75,0;BCC_B2 + SIGMA;2;нет;100;54,11435615075997;0,0;0,0;0,0;0,0;0,0;45,885643831261795;1137,6156525578554;1232,505411638369;2873,6872035188862;13,657257752551232
сечение;1100,0;87,5;12,5;0,0;FCC_A1;1;нет;100;0,0;0,0;0,0;100,00000000000601;0,0;0,0;0,0;32621,64025133672;33231,04553311686;34398,88986972079;11158,708506675699
сечение;1100,0;85,0;12,5;2,5;FCC_A1;1;нет;100;0,0;0,0;0,0;100,0;0,0;0,0;0,0;7753,931473707882;11901,254115818461;9125,261514945654;7865,287617542912
сечение;1100,0;82,5;12,5;5,0;FCC_A1;1;нет;100;0,0;0,0;0,0;100,0;0,0;0,0;0,0;5998,206675355657;8964,132087638296;7024,652048697826;6581,908061841124
сечение;1100,0;80,0;12,5;7,5;FCC_A1;1;нет;100;0,0;0,0;0,0;100,0;0,0;0,0;0,0;4958,097303745206;6786,556774197219;5711,366792902962;5612,8597840377915
сечение;1100,0;77,5;12,5;10,0;FCC_A1;1;нет;100;0,0;0,0;0,0;99,99999999999999;0,0;0,0;0,0;4192,588647341501;5116,291046391081;4759,9770912388485;4773,400883036258
сечение;1100,0;75,0;12,5;12,5;FCC_A1;1;нет;100;0,0;0,0;0,0;99,99999999999997;0,0;0,0;0,0;3536,2554022233817;3824,5992433875945;4031,0755493575416;3554,128276841977
сечение;1100,0;72,5;12,5;15,0;FCC_A1;1;нет;100;0,0;0,0;0,0;100,00000000000003;0,0;0,0;0,0;2876,5430051548756;2816,139552823137;3458,0856857537;2405,881989558344
сечение;1100,0;70,0;12,5;17,5;FCC_A1;1;нет;100;0,0;0,0;0,0;99,99999999999997;0,0;0,0;0,0;2156,715208188747;2018,900111577299;3002,1723914756294;1377,0372033946041
сечение;1100,0;67,5;12,5;20,0;FCC_A1;1;нет;100;0,0;0,0;0,0;99,99999999999999;0,0;0,0;0,0;1456,7790324053058;1386,916051095497;2637,5810893401504;477,98730674727994
сечение;1100,0;65,0;12,5;22,5;FCC_A1 + SIGMA;2;нет;100;0,0;0,0;0,0;96,67512076785181;0,0;0,0;3,3248792290293117;1054,0276333993825;1064,6385393887613;2517,508582981376;7,2041196796053555
сечение;1100,0;62,5;12,5;25,0;FCC_A1 + SIGMA;2;нет;100;0,0;0,0;0,0;88,99528467024969;0,0;0,0;11,00471532817665;962,3611289516411;1008,5597169520333;2645,339159598123;10,976965197303798
сечение;1100,0;60,0;12,5;27,5;FCC_A1 + SIGMA;2;нет;100;0,0;0,0;0,0;81,34642544453243;0,0;0,0;18,65357455049358;871,1731887625938;952,181252547336;2777,8188706664805;5,907765813157312
сечение;1100,0;57,5;12,5;30,0;FCC_A1 + SIGMA;2;нет;100;0,0;0,0;0,0;73,72191580729455;0,0;0,0;26,27808419127129;780,5256346113747;895,5638052908034;2915,0740911435714;2,9734132267476525
сечение;1100,0;55,0;12,5;32,5;FCC_A1 + SIGMA;2;нет;100;0,0;0,0;0,0;66,11434293988697;0,0;0,0;33,885657060780254;690,5416844574502;838,8172943496756;3057,135377049388;2,3823825321887853
сечение;1100,0;52,5;12,5;35,0;FCC_A1 + SIGMA;2;нет;100;0,0;0,0;0,0;58,51535567587326;0,0;0,0;41,4846443240098;601,415698880839;782,0914367493679;3203,926841418972;4,227480266039493
сечение;1100,0;50,0;12,5;37,5;BCC_B2 + FCC_A1 + SIGMA;3;нет;100;0,7145569005741148;0,0;0,0;51,66298718524526;0,0;0,0;47,622455922634046;541,8189086403872;743,8801921324921;3305,6518151219207;6,894331585106556
сечение;1100,0;47,5;12,5;40,0;BCC_B2 + FCC_A1 + SIGMA;3;нет;100;2,9175525144819163;0,0;0,0;46,36536659766379;0,0;0,0;50,71708087637221;541,8189086404163;743,8801921325066;3305,651815121935;6,89433158513566
сечение;1100,0;45,0;12,5;42,5;BCC_B2 + FCC_A1 + SIGMA;3;нет;100;5,120548128749918;0,0;0,0;41,06774600994427;0,0;0,0;53,8117058597644;541,8189086403872;743,8801921324921;3305,6518151219643;6,894331585121108
сечение;1100,0;42,5;12,5;45,0;BCC_B2 + FCC_A1 + SIGMA;3;нет;100;7,3235437427853824;0,0;0,0;35,77012542237489;0,0;0,0;56,90633083946467;541,8189086403581;743,8801921324775;3305,6518151219934;6,894331585121108
сечение;1100,0;40,0;12,5;47,5;BCC_B2 + FCC_A1 + SIGMA;3;нет;100;9,526539356892963;0,0;0,0;30,472504834747244;0,0;0,0;60,00095582278412;541,8189086405037;743,8801921325503;3305,6518151215714;6,894331585004693
сечение;1100,0;37,5;12,5;50,0;BCC_B2 + FCC_A1 + SIGMA;3;нет;100;11,72953497102299;0,0;0,0;25,174884247033297;0,0;0,0;63,09558077316443;541,8189086404454;743,8801921325503;3305,651815122008;6,894331585164764
сечение;1100,0;35,0;12,5;52,5;BCC_B2 + FCC_A1 + SIGMA;3;нет;100;13,932530585237648;0,0;0,0;19,877263659360313;0,0;0,0;66,19020574272751;541,8189086404891;743,8801921325648;3305,651815121906;6,894331585150212
сечение;1100,0;32,5;12,5;55,0;BCC_B2 + FCC_A1 + SIGMA;3;нет;100;16,135526199260784;0,0;0,0;14,579643071675907;0,0;0,0;69,28483073258967;541,8189086404891;743,8801921325794;3305,6518151219934;6,89433158520842
сечение;1100,0;30,0;12,5;57,5;BCC_B2 + FCC_A1 + SIGMA;3;нет;100;18,33852181345263;0,0;0,0;9,282022484053334;0,0;0,0;72,37945570476005;541,8189086403581;743,8801921324775;3305,6518151221535;6,894331585179316
сечение;1100,0;27,5;12,5;60,0;BCC_B2 + FCC_A1 + SIGMA;3;нет;100;20,541517427518;0,0;0,0;3,984401896428741;0,0;0,0;75,47408067698214;541,8189086404018;743,8801921324921;3305,651815121877;6,894331585092004
сечение;1100,0;25,0;12,5;62,5;BCC_B2 + SIGMA;2;нет;100;23,80772900808205;0,0;0,0;0,0;0,0;0,0;76,19227097370704;610,8951376397163;803,1754055684723;3249,3796987080277;5,374661954658222
сечение;1100,0;22,5;12,5;65,0;BCC_B2 + SIGMA;2;нет;100;30,465238431543177;0,0;0,0;0,0;0,0;0,0;69,53476157811035;925,9620569016697;1069,391231465459;3014,4251739548054;8,925037472290569
сечение;1100,0;20,0;12,5;67,5;BCC_B2 + SIGMA;2;нет;100;37,41516910863144;0,0;0,0;0,0;0,0;0,0;62,584830903974144;1297,052973855214;1326,3411253234372;2775,3997386427654;12,62998399179196
сечение;1100,0;17,5;12,5;70,0;BCC_B2 + SIGMA;2;нет;100;44,68083390112444;0,0;0,0;0,0;0,0;0,0;55,31916610975789;1714,5409301276668;1580,606718001567;2545,0660733244877;6,4642658378434135
сечение;1100,0;15,0;12,5;72,5;BCC_B2 + SIGMA;2;нет;100;52,265259546487556;0,0;0,0;0,0;0,0;0,0;47,734740455498134;2162,549196471722;1865,3779646112525;2334,6244234404876;13,010096500627697
сечение;1100,0;85,0;15,0;0,0;FCC_A1;1;нет;100;0,0;0,0;0,0;99,99999979278091;0,0;0,0;0,0;32876,10193376639;32564,156213179653;33180,52495788627;10317,779064930262
сечение;1100,0;82,5;15,0;2,5;FCC_A1;1;нет;100;0,0;0,0;0,0;100,00000000000003;0,0;0,0;0,0;8037,072694587128;11648,193421739707;7953,020061500953;8092,63850973449
сечение;1100,0;80,0;15,0;5,0;FCC_A1;1;нет;100;0,0;0,0;0,0;99,99999999999999;0,0;0,0;0,0;6301,69341845598;8713,643701422887;5894,95490393482;6782,285743243905
сечение;1100,0;77,5;15,0;7,5;FCC_A1;1;нет;100;0,0;0,0;0,0;100,00000000000003;0,0;0,0;0,0;5271,7180866879935;6531,149349162864;4620,955762631522;5505,193276025064
сечение;1100,0;75,0;15,0;10,0;FCC_A1;1;нет;100;0,0;0,0;0,0;99,99999999999999;0,0;0,0;0,0;4502,281345714291;4970,640480848029;3705,8987134169874;4132,530149327853
сечение;1100,0;72,5;15,0;12,5;FCC_A1;1;нет;100;0,0;0,0;0,0;100,00000000000003;0,0;0,0;0,0;3819,2755133244355;3723,907279956038;3010,691433827;2884,3492211183184
сечение;1100,0;70,0;15,0;15,0;FCC_A1;1;нет;100;0,0;0,0;0,0;100,00000000000003;0,0;0,0;0,0;3100,7732982761518;2753,9487718814635;2469,0832563984586;1770,0136506515846
сечение;1100,0;67,5;15,0;17,5;FCC_A1;1;нет;100;0,0;0,0;0,0;100,00000000000003;0,0;0,0;0,0;2339,49998714705;1990,1883745868981;2042,5470895500039;792,6137347455806
сечение;1100,0;65,0;15,0;20,0;FCC_A1 + SIGMA;2;нет;100;0,0;0,0;0,0;99,13858331580803;0,0;0,0;0,8614166844661849;1697,972812901775;1414,968657565114;1749,4166372411419;5,492266588873463
сечение;1100,0;62,5;15,0;22,5;FCC_A1 + SIGMA;2;нет;100;0,0;0,0;0,0;91,258077536057;0,0;0,0;8,741922465415808;1602,3529763348342;1365,5996605443797;1850,61232867933;5,783217242234969
сечение;1100,0;60,0;15,0;25,0;FCC_A1 + SIGMA;2;нет;100;0,0;0,0;0,0;83,43264050109036;0,0;0,0;16,567359499517917;1507,5778970963001;1317,700034964204;1955,0128226286615;8,172132341482211
сечение;1100,0;57,5;15,0;27,5;FCC_A1 + SIGMA;2;нет;100;0,0;0,0;0,0;75,65740307948539;0,0;0,0;24,342596921024885;1413,4932766005368;1271,2125843126996;2062,8728654101287;12,701362873063772
сечение;1100,0;55,0;15,0;30,0;FCC_A1 + SIGMA;2;нет;100;0,0;0,0;0,0;67,92745116423245;0,0;0,0;32,07254883820727;1319,9756441724749;1223,8133318331675;2174,4510634495673;8,786193493157043
сечение;1100,0;52,5;15,0;32,5;FCC_A1 + SIGMA;2;нет;100;0,0;0,0;0,0;60,23770107458384;0,0;0,0;39,762298923834116;1226,9349474468618;1168,7377570877143;2289,99196128748;6,213423210137989
сечение;1100,0;50,0;15,0;35,0;FCC_A1 + SIGMA;2;нет;100;0,0;0,0;0,0;52,58277105225194;0,0;0,0;47,41722894227425;1134,317977129118;1113,2539339788054;2409,719139055989;5,779850228514988
сечение;1100,0;47,5;15,0;37,5;FCC_A1 + SIGMA;2;нет;100;0,0;0,0;0,0;44,95684820506057;0,0;0,0;55,04315179364947;1042,1133386205183;1057,3842597062612;2533,8333175251755;7,562802233209368
сечение;1100,0;45,0;15,0;40,0;FCC_A1 + SIGMA;2;нет;100;0,0;0,0;0,0;37,35355291554656;0,0;0,0;62,64644708972027;950,3586199975543;1001,1724279776536;2662,4669987950474;10,284600998929818
сечение;1100,0;42,5;15,0;42,5;FCC_A1 + SIGMA;2;нет;100;0,0;0,0;0,0;29,76580663421593;0,0;0,0;70,23419336740265;859,1475351689878;944,7025371679047;2795,7050956983876;5,388473938990501
сечение;1100,0;40,0;15,0;45,0;FCC_A1 + SIGMA;2;нет;100;0,0;0,0;0,0;22,185714422967873;0,0;0,0;77,81428558319288;768,6378179117455;888,0973890562309;2933,500021286498;2,7595931950199883
сечение;1100,0;37,5;15,0;47,5;FCC_A1 + SIGMA;2;нет;100;0,0;0,0;0,0;14,604480593021979;0,0;0,0;85,3955194011643;679,0597207445098;831,5371756133391;3075,6995153079333;2,480964072907227
сечение;1100,0;35,0;15,0;50,0;FCC_A1 + SIGMA;2;нет;100;0,0;0,0;0,0;7,012383442613683;0,0;0,0;92,98761654668981;590,7204410599079;775,2491994692245;3221,9676117228955;4,619291088398313
сечение;1100,0;32,5;15,0;52,5;BCC_B2 + FCC_A1 + SIGMA;3;нет;100;0,9664472194483396;0,0;0,0;0,41817787823749386;0,0;0,0;98,6153749002224;541,8189086404309;743,8801921325212;3305,6518151218916;6,894331585106556
сечение;1100,0;30,0;15,0;55,0;BCC_B2 + SIGMA;2;нет;100;7,0675379008094135;0,0;0,0;0,0;0,0;0,0;92,93246212469874;777,5034109779954;944,857487789428;3120,9911994879367;5,334633368198411
сечение;1100,0;27,5;15,0;57,5;BCC_B2 + SIGMA;2;нет;100;13,718260946454276;0,0;0,0;0,0;0,0;0,0;86,2817390648001;1079,791822363506;1196,5649300610385;2910,9208230375225;11,722351916643674
сечение;1100,0;25,0;15,0;60,0;BCC_B2 + SIGMA;2;нет;100;20,62381755033323;0,0;0,0;0,0;0,0;0,0;79,37618244763401;1429,1597339641157;1405,5199241162773;2698,5055013634264;13,162326874502469
сечение;1100,0;22,5;15,0;62,5;BCC_B2 + SIGMA;2;нет;100;27,806530069350355;0,0;0,0;0,0;0,0;0,0;72,19346992814947;1819,2451460316079;1646,1312551568699;2492,748780103866;5,922420298345969
сечение;1100,0;20,0;15,0;65,0;BCC_B2 + SIGMA;2;нет;100;35,27554622933749;0,0;0,0;0,0;0,0;0,0;64,72445378186485;2239,1118969922245;1915,1379941482883;2301,960547225506;16,35133186393068
сечение;1100,0;17,5;15,0;67,5;BCC_B2 + SIGMA;2;нет;100;43,02618164008044;0,0;0,0;0,0;0,0;0,0;56,97381835558228;2675,0653450130485;2203,930496776098;2132,093731260087;24,943680140655488
сечение;1100,0;15,0;15,0;70,0;BCC_B2 + SIGMA;2;нет;100;51,04227871166199;0,0;0,0;0,0;0,0;0,0;48,95772128803002;3112,7426862484426;2438,923048015975;1986,0446700539615;23,348345624675858
сечение;1100,0;82,5;17,5;0,0;FCC_A1;1;нет;100;0,0;0,0;0,0;100,00000008604113;0,0;0,0;0,0;33172,13368426109;31607,66787321985;32142,222249231432;9471,160711012373
сечение;1100,0;80,0;17,5;2,5;FCC_A1;1;нет;100;0,0;0,0;0,0;100,0;0,0;0,0;0,0;8359,142930458213;11347,16864398605;6959,210124407095;7833,321058661648
сечение;1100,0;77,5;17,5;5,0;FCC_A1;1;нет;100;0,0;0,0;0,0;100,00000000000003;0,0;0,0;0,0;6640,82024921618;8361,509894639457;4942,180939765109;6260,389638788765
сечение;1100,0;75,0;17,5;7,5;FCC_A1;1;нет;100;0,0;0,0;0,0;99,99999999999999;0,0;0,0;0,0;5616,428473158521;6223,002969898866;3706,072767256279;4786,020981247246
сечение;1100,0;72,5;17,5;10,0;FCC_A1;1;нет;100;0,0;0,0;0,0;100,00000000000003;0,0;0,0;0,0;4835,731493017476;4710,436435041629;2826,076750399676;3456,2814879610814
сечение;1100,0;70,0;17,5;12,5;FCC_A1;1;нет;100;0,0;0,0;0,0;100,00000000000003;0,0;0,0;0,0;4112,441055508723;3571,119754724161;2163,4076716600975;2272,998923486186
сечение;1100,0;67,5;17,5;15,0;FCC_A1;1;нет;100;0,0;0,0;0,0;99,99999999999997;0,0;0,0;0,0;3328,230801766331;2683,0006056959683;1652,14441016833;1214,8517720191885
сечение;1100,0;65,0;17,5;17,5;FCC_A1;1;нет;100;0,0;0,0;0,0;100,00000000000003;0,0;0,0;0,0;2541,0452301221085;1951,4914109768724;1254,06593427209;254,45832683250774
сечение;1100,0;62,5;17,5;20,0;FCC_A1 + SIGMA;2;нет;100;0,0;0,0;0,0;94,04740581225012;0,0;0,0;5,952594188253547;2267,839005019254;1728,6865673895081;1223,258175123934;21,278560276899952
сечение;1100,0;60,0;17,5;22,5;FCC_A1 + SIGMA;2;нет;100;0,0;0,0;0,0;85,9709655965139;0,0;0,0;14,029034404882202;2166,967641378331;1670,9063976903853;1307,5521555365558;20,183409675737494
сечение;1100,0;57,5;17,5;25,0;FCC_A1 + SIGMA;2;нет;100;0,0;0,0;0,0;77,96627246233935;0,0;0,0;22,033727538606307;2067,7668496418482;1614,9808591389738;1393,9655673103553;20,28592617083632
сечение;1100,0;55,0;17,5;27,5;FCC_A1 + SIGMA;2;нет;100;0,0;0,0;0,0;70,02804620291946;0,0;0,0;29,97195379675327;1969,9669661569205;1560,7506279799127;1482,7179406999057;15,349584337585839
сечение;1100,0;52,5;17,5;30,0;FCC_A1 + SIGMA;2;нет;100;0,0;0,0;0,0;62,15138024693756;0,0;0,0;37,84861975190273;1873,32920223361;1508,0832629224606;1574,0318260204076;10,210948851847206
сечение;1100,0;50,0;17,5;32,5;FCC_A1 + SIGMA;2;нет;100;0,0;0,0;0,0;54,331620774107336;0,0;0,0;45,668379226174444;1777,6428580719075;1456,8706201989262;1668,1400607145479;6,813801672076806
сечение;1100,0;47,5;17,5;35,0;FCC_A1 + SIGMA;2;нет;100;0,0;0,0;0,0;46,56425464891456;0,0;0,0;53,435745348011835;1682,7237466433144;1407,0271623837325;1765,2835295745172;5,399580159646575
сечение;1100,0;45,0;17,5;37,5;FCC_A1 + SIGMA;2;нет;100;0,0;0,0;0,0;38,84480135640352;0,0;0,0;61,1551986441344;1588,4136204086244;1358,4890243694535;1865,7076882266992;6,001308976745349
сечение;1100,0;42,5;17,5;40,0;FCC_A1 + SIGMA;2;нет;100;0,0;0,0;0,0;31,168705069851644;0,0;0,0;68,83129492785908;1494,5802521212609;1311,2137329452817;1969,657856191814;8,667759261559695
сечение;1100,0;40,0;17,5;42,5;FCC_A1 + SIGMA;2;нет;100;0,0;0,0;0,0;23,53122390010641;0,0;0,0;76,46877610610119;1401,1203380325314;1265,1804895400564;2077,3814885614993;12,70190816061222
сечение;1100,0;37,5;17,5;45,0;FCC_A1 + SIGMA;2;нет;100;0,0;0,0;0,0;15,9273144493114;0,0;0,0;84,07268555125592;1307,9620856951224;1216,7387955299491;2189,110376810917;8,337083437101683
сечение;1100,0;35,0;17,5;47,5;FCC_A1 + SIGMA;2;нет;100;0,0;0,0;0,0;8,351511320752024;0,0;0,0;91,64848868936568;1215,0703523674165;1161,6661260056717;2305,06323950566;6,037190821341937
сечение;1100,0;32,5;17,5;50,0;FCC_A1 + SIGMA;2;нет;100;0,0;0,0;0,0;0,7978034996939571;0,0;0,0;99,20219650073975;1122,4528182049253;1106,099634775339;2425,4094381288014;5,883054409569013
сечение;1100,0;30,0;17,5;52,5;BCC_B2 + SIGMA;2;нет;100;3,762078371247151;0,0;0,0;0,0;0,0;0,0;96,23792161949177;1541,8651730574347;1474,0301410598477;2635,9242950747866;10,307623878819868
сечение;1100,0;27,5;17,5;55,0;BCC_B2 + SIGMA;2;нет;100;10,870552251546748;0,0;0,0;0,0;0,0;0,0;89,12944776337469;1909,9664350893436;1703,4288344269444;2449,024106982659;6,500932583556278
сечение;1100,0;25,0;17,5;57,5;BCC_B2 + SIGMA;2;нет;100;18,23749404091018;0,0;0,0;0,0;0,0;0,0;81,76250594103675;2307,099757840231;1959,5746823089721;2273,6980374839623;19,83338681976602
сечение;1100,0;22,5;17,5;60,0;BCC_B2 + SIGMA;2;нет;100;25,86524781280853;0,0;0,0;0,0;0,0;0,0;74,13475216686368;2723,0358707652777;2236,2420462870505;2114,9594462075183;23,808593584501068
сечение;1100,0;20,0;17,5;62,5;BCC_B2 + SIGMA;2;нет;100;33,74691000053141;0,0;0,0;0,0;0,0;0,0;66,25309000508746;3146,1106532480626;2445,329341827717;1975,8085600171325;24,012360164982965
сечение;1100,0;17,5;17,5;65,0;BCC_B2 + SIGMA;2;нет;100;41,86793953733634;0,0;0,0;0,0;0,0;0,0;58,13206046662657;3564,3880803998036;2533,3236691011552;1857,1712811431353;16,864653816490318
сечение;1100,0;15,0;17,5;67,5;BCC_B2 + SIGMA;2;нет;100;50,20800792561614;0,0;0,0;0,0;0,0;0,0;49,79199207306583;3966,767605384579;2630,615074797737;1758,2450543974992;11,317346562063904
сечение;1100,0;80,0;20,0;0,0;FCC_A1;1;нет;100;0,0;0,0;0,0;100,00000000000122;0,0;0,0;0,0;33505,95818906391;30785,59629969021;31248,78407325255;8622,86163439772
сечение;1100,0;77,5;20,0;2,5;FCC_A1;1;нет;100;0,0;0,0;0,0;100,0;0,0;0,0;0,0;8716,237829767837;10956,796477108583;6108,646611935968;7025,831387269398
сечение;1100,0;75,0;20,0;5,0;FCC_A1;1;нет;100;0,0;0,0;0,0;100,0;0,0;0,0;0,0;7011,394331731441;8086,839544661896;4131,156196037438;5497,854110517685
сечение;1100,0;72,5;20,0;7,5;FCC_A1;1;нет;100;0,0;0,0;0,0;100,0;0,0;0,0;0,0;5987,365959870047;5991,190615173924;2931,5592870034307;4091,7768152540957
сечение;1100,0;70,0;20,0;10,0;FCC_A1;1;нет;100;0,0;0,0;0,0;99,99999999999999;0,0;0,0;0,0;5186,336194131116;4518,654689076662;2085,359979820598;2802,9730027763435
сечение;1100,0;67,5;20,0;12,5;FCC_A1;1;нет;100;0,0;0,0;0,0;99,99999999999999;0,0;0,0;0,0;4406,494036337899;3416,8857098161534;1454,0859826800006;1686,2186850000144
сечение;1100,0;65,0;20,0;15,0;FCC_A1;1;нет;100;0,0;0,0;0,0;100,00000000000003;0,0;0,0;0,0;3561,3284895094694;2569,33107691037;972,1291821473424;632,1300036618486
сечение;1100,0;62,5;20,0;17,5;FCC_A1 + SIGMA;2;нет;100;0,0;0,0;0,0;97,35870057042216;0,0;0,0;2,641299428196433;2964,9321732011886;2079,1316583582666;728,4963478624559;18,099699954211246
сечение;1100,0;60,0;20,0;20,0;FCC_A1 + SIGMA;2;нет;100;0,0;0,0;0,0;88,95958686713425;0,0;0,0;11,040413131454375;2853,0132621499943;2028,3428759855306;798,4666684933763;22,441767867989256
сечение;1100,0;57,5;20,0;22,5;FCC_A1 + SIGMA;2;нет;100;0,0;0,0;0,0;80,65777700516308;0,0;0,0;19,342222993277513;2744,386379199059;1977,9978715916368;869,638050464011;28,977421779782162
сечение;1100,0;55,0;20,0;25,0;FCC_A1 + SIGMA;2;нет;100;0,0;0,0;0,0;72,44550238084099;0,0;0,0;27,554497620670908;2638,595025983159;1927,9727967064246;942,1615143270901;37,61868123496242
сечение;1100,0;52,5;20,0;27,5;FCC_A1 + SIGMA;2;нет;100;0,0;0,0;0,0;64,31599356317791;0,0;0,0;35,68400643662961;2535,2420334603667;1878,154279138529;1016,1963341947703;33,76716383769235
сечение;1100,0;50,0;20,0;30,0;FCC_A1 + SIGMA;2;нет;100;0,0;0,0;0,0;56,26327550589368;0,0;0,0;43,736724490876114;2433,9779844260192;1825,7684137892793;1091,9095655981073;27,450870836051763
сечение;1100,0;47,5;20,0;32,5;FCC_A1 + SIGMA;2;нет;100;0,0;0,0;0,0;48,28200229508099;0,0;0,0;51,71799770472158;2334,4934570815967;1767,3549858496553;1169,4670103205717;23,11475953036279
сечение;1100,0;45,0;20,0;35,0;FCC_A1 + SIGMA;2;нет;100;0,0;0,0;0,0;40,367320083408956;0,0;0,0;59,63267991922551;2236,5118977100647;1710,6456786275667;1249,0595916494785;20,718825595351518
сечение;1100,0;42,5;20,0;37,5;FCC_A1 + SIGMA;2;нет;100;0,0;0,0;0,0;32,51474980949666;0,0;0,0;67,48525019320923;2139,7853819927404;1655,4921955686586;1330,877459229523;20,243336366227595
сечение;1100,0;40,0;20,0;40,0;FCC_A1 + SIGMA;2;нет;100;0,0;0,0;0,0;24,720083289596317;0,0;0,0;75,27991670909957;2044,090548961307;1601,768472725962;1415,1224426270783;18,91449408790504
сечение;1100,0;37,5;20,0;42,5;FCC_A1 + SIGMA;2;нет;100;0,0;0,0;0,0;16,979287594665024;0,0;0,0;83,02071240065051;1949,2261818813276;1549,3687438017369;1502,0086007575155;14,263704617216717
сечение;1100,0;35,0;20,0;45,0;FCC_A1 + SIGMA;2;нет;100;0,0;0,0;0,0;9,288413523720159;0,0;0,0;90,71158647917966;1855,0118269166705;1498,2063048677664;1591,7601179079647;9,410979566382593
сечение;1100,0;32,5;20,0;47,5;FCC_A1 + SIGMA;2;нет;100;0,0;0,0;0,0;1,6435046366440875;0,0;0,0;98,35649536355211;1761,287337644928;1448,2129018470732;1684,6052409959375;6,429091048659757
сечение;1100,0;30,0;20,0;50,0;BCC_B2 + SIGMA;2;нет;100;1,158700209085504;0,0;0,0;0,0;0,0;0,0;98,8412997898188;2368,2962951328373;1999,7688225052843;2248,8411009785923;23,37483854817401
сечение;1100,0;27,5;20,0;52,5;BCC_B2 + SIGMA;2;нет;100;8,673902797116737;0,0;0,0;0,0;0,0;0,0;91,32609721610757;2767,3562041279656;2266,183705504838;2099,3893116656254;22,97484796422941
сечение;1100,0;25,0;20,0;55,0;BCC_B2 + SIGMA;2;нет;100;16,429569312889345;0,0;0,0;0,0;0,0;0,0;83,57043069157507;3177,887849054605;2451,5168756221683;1966,1719945909426;24,74499777452729
сечение;1100,0;22,5;20,0;57,5;BCC_B2 + SIGMA;2;нет;100;24,418936475659837;0,0;0,0;0,0;0,0;0,0;75,5810635329828;3589,525487752806;2539,0500447282684;1850,5795941128308;16,059619144594762
сечение;1100,0;20,0;20,0;60,0;BCC_B2 + SIGMA;2;нет;100;32,62950278970148;0,0;0,0;0,0;0,0;0,0;67,37049722045587;3991,6129054468474;2637,005223742526;1752,5739986281405;11,477635410818039
сечение;1100,0;17,5;20,0;62,5;BCC_B2 + SIGMA;2;нет;100;41,043808866692565;0,0;0,0;0,0;0,0;0,0;58,956191137999056;4374,1814382881275;2740,719332905719;1670,9952454519662;16,636743740265956
сечение;1100,0;15,0;20,0;65,0;BCC_B2 + SIGMA;2;нет;100;49,64048857360231;0,0;0,0;0,0;0,0;0,0;50,359511428983126;4729,040304800597;2845,4113343044737;1603,9529557632486;28,648910270203487
сечение;1100,0;77,5;22,5;0,0;FCC_A1;1;нет;100;0,0;0,0;0,0;100,00000004261716;0,0;0,0;0,0;33873,84223386727;30076,362362541477;30475,939761394868;7782,3980131932185
сечение;1100,0;75,0;22,5;2,5;FCC_A1;1;нет;100;0,0;0,0;0,0;100,0;0,0;0,0;0,0;9104,467163841386;10455,440717405712;5377,079986841185;6251,068920656326
сечение;1100,0;72,5;22,5;5,0;FCC_A1;1;нет;100;0,0;0,0;0,0;100,0;0,0;0,0;0,0;7409,170281940402;7644,508807951177;3437,648959372149;4779,811879014465
сечение;1100,0;70,0;22,5;7,5;FCC_A1;1;нет;100;0,0;0,0;0,0;100,0;0,0;0,0;0,0;6379,406471334572;5824,674191937578;2273,194592686137;3436,205722933315
сечение;1100,0;67,5;22,5;10,0;FCC_A1;1;нет;100;0,0;0,0;0,0;99,99999999999997;0,0;0,0;0,0;5546,55195184589;4391,286886659887;1459,5384716170956;2208,9060232195916
сечение;1100,0;65,0;22,5;12,5;FCC_A1;1;нет;100;0,0;0,0;0,0;99,99999999999997;0,0;0,0;0,0;4694,541298888871;3326,3606567266834;858,5181125841045;1124,478406066206
сечение;1100,0;62,5;22,5;15,0;FCC_A1;1;нет;100;0,0;0,0;0,0;100,0;0,0;0,0;0,0;3803,056291870409;2415,116146096363;404,83506945034605;140,95757384950412
сечение;1100,0;60,0;22,5;17,5;FCC_A1 + SIGMA;2;нет;100;0,0;0,0;0,0;92,42093993658708;0,0;0,0;7,579060062877523;3573,4891163381835;2265,7716593069345;402,14808940855437;10,527004635107005
сечение;1100,0;57,5;22,5;20,0;FCC_A1 + SIGMA;2;нет;100;0,0;0,0;0,0;83,74764827686717;0,0;0,0;16,252351722332847;3449,311629017815;2234,633886729178;461,81015149921586;7,542596395665896
сечение;1100,0;55,0;22,5;22,5;FCC_A1 + SIGMA;2;нет;100;0,0;0,0;0,0;75,19490012014651;0,0;0,0;24,80509987936137;3330,106823629758;2206,6061380918545;522,2880893537367;7,102728289057268
сечение;1100,0;52,5;22,5;25,0;FCC_A1 + SIGMA;2;нет;100;0,0;0,0;0,0;66,75183486777131;0,0;0,0;33,2481651314402;3215,207644506183;2181,379934849567;583,674030598806;9,00735180011543
сечение;1100,0;50,0;22,5;27,5;FCC_A1 + SIGMA;2;нет;100;0,0;0,0;0,0;58,40925032222921;0,0;0,0;41,59074967725175;3104,0470584427967;2140,7317655143706;646,0670526321628;13,10176908277208
сечение;1100,0;47,5;22,5;30,0;FCC_A1 + SIGMA;2;нет;100;0,0;0,0;0,0;50,159261899383246;0,0;0,0;49,84073810082485;2996,136201139656;2093,096207683324;709,5747032735235;17,31047076761024
сечение;1100,0;45,0;22,5;32,5;FCC_A1 + SIGMA;2;нет;100;0,0;0,0;0,0;41,995041401829674;0,0;0,0;58,00495859842211;2891,049834924881;2045,7270791075716;774,3109073051892;20,69800178622245
сечение;1100,0;42,5;22,5;35,0;FCC_A1 + SIGMA;2;нет;100;0,0;0,0;0,0;33,910612798508346;0,0;0,0;66,08938720055212;2788,414328752944;1998,5292411000264;840,3962101197976;26,047636801944464
сечение;1100,0;40,0;22,5;37,5;FCC_A1 + SIGMA;2;нет;100;0,0;0,0;0,0;25,900689315260433;0,0;0,0;74,09931068608432;2687,8980292009655;1951,4093431400252;907,9608704390703;33,30700444993272
сечение;1100,0;37,5;22,5;40,0;FCC_A1 + SIGMA;2;нет;100;0,0;0,0;0,0;17,960540629504056;0,0;0,0;82,03945936992733;2589,2033103090216;1904,2810283066356;977,1418982317846;37,894563668451156
сечение;1100,0;35,0;22,5;42,5;FCC_A1 + SIGMA;2;нет;100;0,0;0,0;0,0;10,085881965698286;0,0;0,0;89,91411803056327;2492,0624946351745;1857,0637918104476;1048,0884305716754;30,84332753547642
сечение;1100,0;32,5;22,5;45,0;FCC_A1 + SIGMA;2;нет;100;0,0;0,0;0,0;2,2727788948442043;0,0;0,0;97,72722110536546;2396,2317103478563;1803,5082457331737;1120,956246521935;25,584069163902313
сечение;1100,0;30,0;22,5;47,5;SIGMA;1;нет;100;0,0;0,0;0,0;0,0;0,0;0,0;100,0;3098,5943770742742;2385,518298449242;1800,0172817561543;38,00283546913124
сечение;1100,0;27,5;22,5;50,0;BCC_B2 + SIGMA;2;нет;100;6,95312000272019;0,0;0,0;0,0;0,0;0,0;93,04688000503674;3614,330613661732;2544,747804078259;1844,1308109811944;15,32622956384148
сечение;1100,0;25,0;22,5;52,5;BCC_B2 + SIGMA;2;нет;100;15,034001110699776;0,0;0,0;0,0;0,0;0,0;84,96599887591363;4016,939892684648;2643,563651574106;1746,8424920431717;11,699892781471135
сечение;1100,0;22,5;22,5;55,0;BCC_B2 + SIGMA;2;нет;100;23,323965713084373;0,0;0,0;0,0;0,0;0,0;76,67603428525291;4405,912025429105;2749,7570966511994;1664,6848479266773;17,256873499325593
сечение;1100,0;20,0;22,5;57,5;BCC_B2 + SIGMA;2;нет;100;31,80775624699832;0,0;0,0;0,0;0,0;0,0;68,19224375177768;4771,698691950485;2852,2672302287683;1596,3872203156352;30,833064941180055
сечение;1100,0;17,5;22,5;60,0;BCC_B2 + SIGMA;2;нет;100;40,46582539993714;0,0;0,0;0,0;0,0;0,0;59,53417460596798;5106,68022299881;2904,3451986057626;1540,2170905724051;44,74205393176817
сечение;1100,0;15,0;22,5;62,5;BCC_B2 + SIGMA;2;нет;100;49,27568822513128;0,0;0,0;0,0;0,0;0,0;50,724311780640285;5406,1634233070945;2907,9770049038198;1494,26613495739;33,862623442691984
сечение;1100,0;75,0;25,0;0,0;FCC_A1;1;нет;100;0,0;0,0;0,0;99,9999999712477;0,0;0,0;0,0;34272,10242453223;29464,21566326155;29805,735899857827;6961,044045061062
сечение;1100,0;72,5;25,0;2,5;FCC_A1;1;нет;100;0,0;0,0;0,0;100,00000000000003;0,0;0,0;0,0;9519,962236722291;9934,748259993343;4746,575901517368;5475,313204859311
сечение;1100,0;70,0;25,0;5,0;FCC_A1;1;нет;100;0,0;0,0;0,0;100,00000000000004;0,0;0,0;0,0;7829,832366084069;7267,389533964786;2843,736393614614;4083,392356423239
сечение;1100,0;67,5;25,0;7,5;FCC_A1;1;нет;100;0,0;0,0;0,0;100,0;0,0;0,0;0,0;6787,057258248737;5533,983314041136;1713,078973338197;2780,213980323664
сечение;1100,0;65,0;25,0;10,0;FCC_A1;1;нет;100;0,0;0,0;0,0;99,99999999999997;0,0;0,0;0,0;5907,649702602343;4177,065054613762;930,7291650770785;1633,5283888285776
сечение;1100,0;62,5;25,0;12,5;FCC_A1;1;нет;100;0,0;0,0;0,0;100,0;0,0;0,0;0,0;4975,422845290392;3093,8822568328906;358,8335370135028;580,8175816172588
сечение;1100,0;60,0;25,0;15,0;FCC_A1 + SIGMA;2;нет;100;0,0;0,0;0,0;96,4175813722338;0,0;0,0;3,582418630559639;4339,337614374686;2497,6987522741547;101,76086780938203;12,01614411630726
сечение;1100,0;57,5;25,0;17,5;FCC_A1 + SIGMA;2;нет;100;0,0;0,0;0,0;87,27962774373826;0,0;0,0;12,720372256818221;4191,545515046353;2447,94363828894;151,3592399390036;8,895928026206093
сечение;1100,0;55,0;25,0;20,0;FCC_A1 + SIGMA;2;нет;100;0,0;0,0;0,0;78,30796892982674;0,0;0,0;21,692031069829312;4051,9425178000965;2403,0490108611702;201,70333370209846;9,01512188797642
сечение;1100,0;52,5;25,0;22,5;FCC_A1 + SIGMA;2;нет;100;0,0;0,0;0,0;69,48415449710303;0,0;0,0;30,515845502694976;3919,3659967864514;2362,375617143887;252,79472904802242;11,990498440514784
сечение;1100,0;50,0;25,0;25,0;FCC_A1 + SIGMA;2;нет;100;0,0;0,0;0,0;60,79307536635202;0,0;0,0;39,20692463341015;3792,8605996128317;2325,4103474978183;304,65311432220915;17,524409318895778
сечение;1100,0;47,5;25,0;27,5;FCC_A1 + SIGMA;2;нет;100;0,0;0,0;0,0;52,22219219746505;0,0;0,0;47,7778078026709;3671,6305390287744;2291,7367397938215;357,31165115853946;14,650509896644508
сечение;1100,0;45,0;25,0;30,0;FCC_A1 + SIGMA;2;нет;100;0,0;0,0;0,0;43,76097439852042;0,0;0,0;56,2390256013035;3555,004043901805;2261,0137489102344;410,8173430037714;9,922962416967493
сечение;1100,0;42,5;25,0;32,5;FCC_A1 + SIGMA;2;нет;100;0,0;0,0;0,0;35,40048368603802;0,0;0,0;64,59951631222857;3442,4075652356696;2232,960178358262;465,22587615676457;7,451489657527418
сечение;1100,0;40,0;25,0;35,0;FCC_A1 + SIGMA;2;нет;100;0,0;0,0;0,0;27,13305904938577;0,0;0,0;72,86694094894983;3333,346139508052;2207,34308234576;520,602017753321;7,0825412085832795
сечение;1100,0;37,5;25,0;37,5;FCC_A1 + SIGMA;2;нет;100;0,0;0,0;0,0;18,9520742134103;0,0;0,0;81,04792578622862;3227,387841234202;2183,969011597146;577,0190026156488;8,694730754767079
сечение;1100,0;35,0;25,0;40,0;FCC_A1 + SIGMA;2;нет;100;0,0;0,0;0,0;10,85174774615579;0,0;0,0;89,1482522510562;3124,1525947287737;2149,4950953626103;634,5594932001113;12,193716417386895
сечение;1100,0;32,5;25,0;42,5;FCC_A1 + SIGMA;2;да;100;0,0;0,0;0,0;2,82699189488715;0,0;0,0;97,17300810150864;3023,302867870603;2105,184761166107;693,307616457867;16,770335016553872
сечение;1100,0;30,0;25,0;45,0;SIGMA;1;да;100;0,0;0,0;0,0;0,0;0,0;0,0;99,99999999999997;3692,064332062815;2437,2475008291076;1302,7576390917384;41,35955236708105
сечение;1100,0;27,5;25,0;47,5;BCC_B2 + SIGMA;2;нет;100;5,581540728773177;0,0;0,0;0,0;0,0;0,0;94,41845928091408;4439,499599567702;2759,3943185892713;1658,0745284698787;18,011574433548958
сечение;1100,0;25,0;25,0;50,0;BCC_B2 + SIGMA;2;нет;100;13,944344573954265;0,0;0,0;0,0;0,0;0,0;86,05565541187626;4818,349211443274;2859,033525623352;1588,227155715067;33,4004340202664
сечение;1100,0;22,5;25,0;52,5;BCC_B2 + SIGMA;2;нет;100;22,495842968860565;0,0;0,0;0,0;0,0;0,0;77,50415702735167;5169,679101333764;2915,0274573880015;1530,243872839259;41,789561562400195
сечение;1100,0;20,0;25,0;55,0;BCC_B2 + SIGMA;2;нет;100;31,21740720841595;0,0;0,0;0,0;0,0;0,0;68,78259278418139;5486,135653173362;2900,8392659001547;1482,5769254993938;32,29315161463455
сечение;1100,0;17,5;25,0;57,5;BCC_B2 + SIGMA;2;нет;100;40,0866569814466;0,0;0,0;0,0;0,0;0,0;59,91334301954359;5763,87185354442;2880,490211049677;1443,5870060423185;31,112130289140623
сечение;1100,0;15,0;25,0;60,0;BCC_B2 + SIGMA;2;нет;100;49,079772107587154;0,0;0,0;0,0;0,0;0,0;50,920227890547324;6002,6838934624975;2868,3779902716924;1411,7159693797876;35,298052220008685
сечение;1100,0;72,5;27,5;0,0;FCC_A1;1;нет;100;0,0;0,0;0,0;99,9999999555135;0,0;0,0;0,0;34697,11239867551;28937,023071201183;29224,13753472465;6169,5833223003865
сечение;1100,0;70,0;27,5;2,5;FCC_A1;1;нет;100;0,0;0,0;0,0;100,00000000000007;0,0;0,0;0,0;9958,873371500507;9422,559321471548;4203,127268262877;4745,8132997493085
сечение;1100,0;67,5;27,5;5,0;FCC_A1;1;нет;100;0,0;0,0;0,0;100,0;0,0;0,0;0,0;8268,969170360579;6953,1679790233175;2335,44277476758;3405,6555442364042
сечение;1100,0;65,0;27,5;7,5;FCC_A1;1;нет;100;0,0;0,0;0,0;100,0;0,0;0,0;0,0;7204,297735449567;5242,389146015208;1237,2529952494078;2190,621176267974
сечение;1100,0;62,5;27,5;10,0;FCC_A1;1;нет;100;0,0;0,0;0,0;99,99999999999993;0,0;0,0;0,0;6260,0406629498175;3878,039059833027;484,98932726892235;1080,1714630685747
сечение;1100,0;60,0;27,5;12,5;FCC_A1 + P_PHASE;2;нет;100;0,0;0,0;0,0;98,20236036872134;0,0;1,7976396312193146;0,0;5297,186153370436;2907,7146946256544;2,7780624805018306e-05;204,91194175672717
сечение;1100,0;57,5;27,5;15,0;FCC_A1 + P_PHASE + SIGMA;3;нет;100;0,0;0,0;0,0;85,58464816148891;0,0;12,315749548543133;2,0996022925720927;4683,904670151693;2614,1562531930977;0,000256407234701328;22,466041635285364
сечение;1100,0;55,0;27,5;17,5;FCC_A1 + P_PHASE + SIGMA;3;нет;100;0,0;0,0;0,0;79,33881521830692;0,0;5,545635035032421;15,115549759469344;4683,904670151373;2614,156253193025;0,0002564072929089889;22,46604163531447
сечение;1100,0;52,5;27,5;20,0;FCC_A1 + SIGMA;2;нет;100;0,0;0,0;0,0;72,55675709829707;0,0;0,0;27,443242901637717;4656,090100451605;2607,7582344336697;7,527190416396479;23,820823742818902
сечение;1100,0;50,0;27,5;22,5;FCC_A1 + SIGMA;2;нет;100;0,0;0,0;0,0;63,44828418919645;0,0;0,0;36,55171580925408;4507,639178913334;2557,0431937665126;49,70707529725041;19,4785546244093
сечение;1100,0;47,5;27,5;25,0;FCC_A1 + SIGMA;2;нет;100;0,0;0,0;0,0;54,49853474205626;0,0;0,0;45,50146525838068;4367,301241147696;2507,363767015937;92,79094715423707;12,97198669447971
сечение;1100,0;45,0;27,5;27,5;FCC_A1 + SIGMA;2;нет;100;0,0;0,0;0,0;45,690763358129374;0,0;0,0;54,30923664279055;4233,989246031109;2462,001755312769;136,7327879168297;9,455670310620917
сечение;1100,0;42,5;27,5;30,0;FCC_A1 + SIGMA;2;нет;100;0,0;0,0;0,0;37,0111314184221;0,0;0,0;62,988868581035206;4106,800936683212;2420,442156731413;181,50589574463083;8,605670588440262
сечение;1100,0;40,0;27,5;32,5;FCC_A1 + SIGMA;2;нет;100;0,0;0,0;0,0;28,448067366939707;0,0;0,0;71,55193263350192;3984,97753528053;2382,261516187893;227,10233247515862;10,163025240486604
сечение;1100,0;37,5;27,5;35,0;FCC_A1 + SIGMA;2;нет;100;0,0;0,0;0,0;19,99179412877673;0,0;0,0;80,00820587542141;3867,874720997672;2347,1086053193867;273,529195645242;13,92002347309608
сечение;1100,0;35,0;27,5;37,5;FCC_A1 + SIGMA;2;нет;100;0,0;0,0;0,0;11,633973538292446;0,0;0,0;88,36602646148363;3754,9386000073137;2314,6900116259058;320,80790450357017;19,338645380572416
сечение;1100,0;32,5;27,5;40,0;FCC_A1 + SIGMA;2;да;100;0,0;0,0;0,0;3,3674343312994943;0,0;0,0;96,63256566805404;3645,689087226041;2284,759232416225;368,9687377457012;13,411864822293865
сечение;1100,0;30,0;27,5;42,5;SIGMA;1;да;100;0,0;0,0;0,0;0,0;0,0;0,0;99,99999999999999;4273,533051093298;2546,330174221832;917,909484543663;33,30077575193718
сечение;1100,0;27,5;27,5;45,0;BCC_B2 + SIGMA;2;да;100;4,477064588338984;0,0;0,0;0,0;0,0;0,0;95,52293541639604;5241,893563921229;2924,4710144239943;1519,0204409515281;38,84316351918096
сечение;1100,0;25,0;27,5;47,5;BCC_B2 + SIGMA;2;нет;100;13,097599809438085;0,0;0,0;0,0;0,0;0,0;86,90240018882777;5580,4257334929425;2893,1634392980195;1469,0745391420205;31,153276270837523
сечение;1100,0;22,5;27,5;50,0;BCC_B2 + SIGMA;2;нет;100;21,888238202125223;0,0;0,0;0,0;0,0;0,0;78,11176180289772;5878,282800064597;2874,075194995632;1428,153284666987;32,52426162311167
сечение;1100,0;20,0;27,5;52,5;BCC_B2 + SIGMA;2;нет;100;30,82517833151895;0,0;0,0;0,0;0,0;0,0;69,17482166963316;6132,784694259084;2863,826347707247;1394,8520882450975;39,566409928957
сечение;1100,0;17,5;27,5;55,0;BCC_B2 + SIGMA;2;нет;100;39,88266500940341;0,0;0,0;0,0;0,0;0,0;60,117334992615;6345,629218550181;2859,4365028098255;1367,817796998701;49,53535881958669
сечение;1100,0;15,0;27,5;57,5;BCC_B2 + SIGMA;2;нет;100;49,03621735401908;0,0;0,0;0,0;0,0;0,0;50,96378264701107;6521,406006152058;2858,6327982169605;1345,831649047148;60,541676228443976
сечение;1100,0;70,0;30,0;0,0;FCC_A1;1;нет;100;0,0;0,0;0,0;100,0;0,0;0,0;0,0;35145,31165584663;28485,014935502695;28719,694594454937;5417,128252150462
сечение;1100,0;67,5;30,0;2,5;FCC_A1;1;нет;100;0,0;0,0;0,0;100,00000000000004;0,0;0,0;0,0;10417,370965882204;8982,446569992928;3735,3134329546738;4089,2340327010897
сечение;1100,0;65,0;30,0;5,0;FCC_A1;1;нет;100;0,0;0,0;0,0;100,0;0,0;0,0;0,0;8722,030888651658;6566,365331799418;1901,3746984301251;2821,6794196022092
сечение;1100,0;62,5;30,0;7,5;FCC_A1;1;нет;100;0,0;0,0;0,0;100,00000000000003;0,0;0,0;0,0;7624,342965412201;4971,715807859393;834,3544431686896;1684,883137249286
сечение;1100,0;60,0;30,0;10,0;FCC_A1;1;нет;100;0,0;0,0;0,0;100,00000000000004;0,0;0,0;0,0;6595,634619515011;3639,066625024614;110,98459657914646;607,4737839927693
сечение;1100,0;57,5;30,0;12,5;FCC_A1 + P_PHASE;2;нет;100;0,0;0,0;0,0;87,16935980501664;0,0;12,830640195075738;0,0;5948,562984820557;3217,1553195893357;0,0009554508578730747;365,8941417791357
сечение;1100,0;55,0;30,0;15,0;FCC_A1 + P_PHASE;2;нет;100;0,0;0,0;0,0;72,1152839337647;0,0;27,884716066433846;0,0;5202,530871506984;2862,531033060848;5,835562478750944e-05;177,34970975235046
сечение;1100,0;52,5;30,0;17,5;FCC_A1 + P_PHASE + SIGMA;3;нет;100;0,0;0,0;0,0;61,76846361871711;0,0;32,10516460939952;6,1263717719242345;4683,9046701513;2614,156253192952;0,00025640717649366707;22,466041635227157
сечение;1100,0;50,0;30,0;20,0;FCC_A1 + P_PHASE + SIGMA;3;нет;100;0,0;0,0;0,0;55,52263067553298;0,0;25,335050083282795;19,142319235237462;4683,904670151387;2614,156253193025;0,00025640727835707366;22,466041635299916
сечение;1100,0;47,5;30,0;22,5;FCC_A1 + P_PHASE + SIGMA;3;нет;100;0,0;0,0;0,0;49,276797732349316;0,0;18,564935565415265;32,158266701156506;4683,904670151358;2614,1562531929812;0,00025640722014941275;22,46604163524171
сечение;1100,0;45,0;30,0;25,0;FCC_A1 + P_PHASE + SIGMA;3;нет;100;0,0;0,0;0,0;43,03096478916055;0,0;11,794821033623975;45,174214163188985;4683,904670151373;2614,1562531930394;0,0002564073074609041;22,46604163532902
сечение;1100,0;42,5;30,0;27,5;FCC_A1 + P_PHASE + SIGMA;3;нет;100;0,0;0,0;0,0;36,785131845988964;0,0;5,024706526474529;58,19016163201531;4683,904670151373;2614,1562531930103;0,0002564072492532432;22,466041635285364
сечение;1100,0;40,0;30,0;30,0;FCC_A1 + SIGMA;2;нет;100;0,0;0,0;0,0;29,868538301023374;0,0;0,0;70,13146170088554;4648,69278722009;2606,070952165057;9,548879597597988;24,200450969219673
сечение;1100,0;37,5;30,0;32,5;FCC_A1 + SIGMA;2;нет;100;0,0;0,0;0,0;21,10261304902339;0,0;0,0;78,89738694928256;4516,250595522113;2560,154524857091;47,16510939389991;19,969280124802026
сечение;1100,0;35,0;30,0;35,0;FCC_A1 + SIGMA;2;нет;100;0,0;0,0;0,0;12,457646386229207;0,0;0,0;87,54235361328568;4389,791181787048;2515,193908944624;85,67092282275553;13,823682580390596
сечение;1100,0;32,5;30,0;37,5;FCC_A1 + SIGMA;2;нет;100;0,0;0,0;0,0;3,9233229497207276;0,0;0,0;96,07667705424096;4268,618073087317;2473,610036015205;125,02950752354809;10,114336469661794
сечение;1100,0;30,0;30,0;40,0;SIGMA;1;да;100;0,0;0,0;0,0;0,0;0,0;0,0;100,00000000000003;4848,767624229047;2695,218992804279;617,2128339832125;5,670747596872388
сечение;1100,0;27,5;30,0;42,5;BCC_B2 + SIGMA;2;да;100;3,5903149609451463;0,0;0,0;0,0;0,0;0,0;96,40968503260848;6022,340425272836;2867,5985075911303;1409,148506530939;35,85358322078537
сечение;1100,0;25,0;30,0;45,0;BCC_B2 + SIGMA;2;да;100;12,461800514430434;0,0;0,0;0,0;0,0;0,0;87,5381994837043;6299,005184132911;2860,0762658068998;1373,692272279266;47,0362128419365
сечение;1100,0;22,5;30,0;47,5;BCC_B2 + SIGMA;2;нет;100;21,48140613045802;0,0;0,0;0,0;0,0;0,0;78,51859387271564;6525,39334721159;2858,6439168384386;1345,3348559631268;60,82034005384776
сечение;1100,0;20,0;30,0;50,0;BCC_B2 + SIGMA;2;нет;100;30,618591038438105;0,0;0,0;0,0;0,0;0,0;69,38140896406186;6706,616494551257;2860,5152923722926;1322,7920424119511;74,84284575931088
сечение;1100,0;17,5;30,0;52,5;BCC_B2 + SIGMA;2;нет;100;39,845411589679955;0,0;0,0;0,0;0,0;0,0;60,15458841057715;6850,399077313443;2844,692043041927;1304,854635434167;87,86190898681525
сечение;1100,0;15,0;30,0;55,0;BCC_B2 + SIGMA;2;нет;100;49,13910364947955;0,0;0,0;0,0;0,0;0,0;50,860896350607256;6964,618823714991;2825,1855322566844;1290,4880192262935;99,40584461562685
сечение;1100,0;67,5;32,5;0,0;FCC_A1;1;нет;100;0,0;0,0;0,0;99,99999998545461;0,0;0,0;0,0;35613,2161481536;27953,177260281416;28282,73713779269;4710,664428652832
сечение;1100,0;65,0;32,5;2,5;FCC_A1;1;нет;100;0,0;0,0;0,0;100,00000000000003;0,0;0,0;0,0;10891,644614921344;8441,244112974236;3333,5018180433544;3490,5599027816497
сечение;1100,0;62,5;32,5;5,0;FCC_A1;1;нет;100;0,0;0,0;0,0;99,99999999999997;0,0;0,0;0,0;9184,274569709654;6178,443580446721;1531,944275529444;2243,5028793671954
сечение;1100,0;60,0;32,5;7,5;FCC_A1;1;нет;100;0,0;0,0;0,0;100,00000000000003;0,0;0,0;0,0;8039,323042665739;4603,349141551371;494,83519192361564;1160,4290091738803
сечение;1100,0;57,5;32,5;10,0;FCC_A1 + P_PHASE;2;нет;100;0,0;0,0;0,0;94,473474822745;0,0;5,526525177039302;0,0;7178,802571082109;3687,1308520282328;0,00013588214642368257;475,2737741515157
сечение;1100,0;55,0;32,5;12,5;FCC_A1 + P_PHASE;2;нет;100;0,0;0,0;0,0;77,73744007601718;0,0;22,26255992389244;0,0;6742,617053868322;3584,096775371174;0,00015176189481280744;470,22641563109937
сечение;1100,0;52,5;32,5;15,0;FCC_A1 + P_PHASE;2;нет;100;0,0;0,0;0,0;61,388841871209934;0,0;38,611158128739376;0,0;6087,071250335197;3282,543832033174;2,8194437618367374e-05;385,14140670558845
сечение;1100,0;50,0;32,5;17,5;FCC_A1 + P_PHASE;2;нет;100;0,0;0,0;0,0;45,96638769579938;0,0;54,03361230475608;0,0;5011,254092245901;2771,0823278091702;0,00017950851179193705;120,98987007679534
сечение;1100,0;47,5;32,5;20,0;FCC_A1 + P_PHASE + SIGMA;3;нет;100;0,0;0,0;0,0;37,952279075955715;0,0;51,89457967010107;10,153141251071917;4683,904670151067;2614,1562531929085;0,0002564073074609041;22,46604163525626
сечение;1100,0;45,0;32,5;22,5;FCC_A1 + P_PHASE + SIGMA;3;нет;100;0,0;0,0;0,0;31,7064461327715;0,0;45,124465147673455;23,169088715608694;4683,904670151285;2614,156253192952;0,00025640722014941275;22,466041635227157
сечение;1100,0;42,5;32,5;25,0;FCC_A1 + P_PHASE + SIGMA;3;нет;100;0,0;0,0;0,0;25,46061318959162;0,0;38,35435063340237;36,18503618253725;4683,904670151227;2614,156253192894;0,0002564071910455823;22,4660416351835
сечение;1100,0;40,0;32,5;27,5;FCC_A1 + P_PHASE + SIGMA;3;нет;100;0,0;0,0;0,0;19,21478024640752;0,0;31,584236109743035;49,20098364664486;4683,904670151402;2614,156253192996;0,00025640722014941275;22,46604163525626
сечение;1100,0;37,5;32,5;30,0;FCC_A1 + P_PHASE + SIGMA;3;нет;100;0,0;0,0;0,0;12,968947303219588;0,0;24,81412157358559;62,21693110732415;4683,904670151416;2614,156253192996;0,000256407234701328;22,46604163524171
сечение;1100,0;35,0;32,5;32,5;FCC_A1 + P_PHASE + SIGMA;3;нет;100;0,0;0,0;0,0;6,723114360035627;0,0;18,04400708662905;75,23287858184497;4683,904670151329;2614,1562531930103;0,00025640726380515844;22,466041635299916
сечение;1100,0;32,5;32,5;35,0;FCC_A1 + P_PHASE + SIGMA;3;нет;100;0,0;0,0;0,0;0,47728141683842557;0,0;11,273892524936576;88,24882603527513;4683,904670151343;2614,1562531929812;0,0002564072492532432;22,46604163525626
сечение;1100,0;30,0;32,5;37,5;SIGMA;1;нет;100;0,0;0,0;0,0;0,0;0,0;0,0;99,99999999999996;5423,673244265563;2812,8218198197574;382,65923761406157;34,08409736028989
сечение;1100,0;27,5;32,5;40,0;BCC_B2 + SIGMA;2;нет;100;2,8985098777078546;0,0;0,0;0,0;0,0;0,0;97,1014901222621;6778,444924176976;2857,6871086819738;1313,845612108722;81,1366901245201
сечение;1100,0;25,0;32,5;42,5;BCC_B2 + SIGMA;2;нет;100;12,032269432252015;0,0;0,0;0,0;0,0;0,0;87,96773056661009;6963,234650104729;2825,4136529400566;1290,6630767670285;99,25953511410626
сечение;1100,0;22,5;32,5;45,0;BCC_B2 + SIGMA;2;нет;100;21,27776056609248;0,0;0,0;0,0;0,0;0,0;78,72223943312846;7099,628975234416;2791,40769323922;1273,2745461293089;114,4381513477274
сечение;1100,0;20,0;32,5;47,5;BCC_B2 + SIGMA;2;нет;100;30,600581967055884;0,0;0,0;0,0;0,0;0,0;69,3994180327014;7200,724121041028;2754,6054568383406;1260,1509950077598;115,61582641680434
сечение;1100,0;17,5;32,5;50,0;BCC_B2 + SIGMA;2;нет;100;39,97628586674308;0,0;0,0;0,0;0,0;0,0;60,02371413224675;7276,879696922188;2727,74539845463;1250,0912984293245;107,20458266051719
сечение;1100,0;15,0;32,5;52,5;BCC_B2 + SIGMA;2;нет;100;49,38849577909562;0,0;0,0;0,0;0,0;0,0;50,61150422089964;7335,457064759743;2707,6090383802075;1242,2327215727128;101,06754414724128
сечение;1100,0;65,0;35,0;0,0;FCC_A1;1;нет;100;0,0;0,0;0,0;100,00000003530023;0,0;0,0;0,0;36097,430800874354;27212,389932703474;27904,893754688965;4055,036431031942
сечение;1100,0;62,5;35,0;2,5;FCC_A1;1;нет;100;0,0;0,0;0,0;100,00000000000003;0,0;0,0;0,0;11377,902261092677;7961,701458254363;2989,3788665431202;2905,8884536221885
сечение;1100,0;60,0;35,0;5,0;FCC_A1;1;нет;100;0,0;0,0;0,0;100,0;0,0;0,0;0,0;9650,6757543024;5744,962425095233;1218,8855691929202;1691,481638712401
сечение;1100,0;57,5;35,0;7,5;FCC_A1;1;нет;100;0,0;0,0;0,0;100,00000000000003;0,0;0,0;0,0;8440,019896385507;4190,980325880941;210,48010835816967;673,6039475386642
сечение;1100,0;55,0;35,0;10,0;FCC_A1 + P_PHASE;2;нет;100;0,0;0,0;0,0;87,49088573185205;0,0;12,509114267300955;0,0;7952,493652817386;3816,9602892154944;0,0006041457672836259;463,3735759139963
сечение;1100,0;52,5;35,0;12,5;FCC_A1 + P_PHASE;2;нет;100;0,0;0,0;0,0;70,22666764489175;0,0;29,773332355156327;0,0;7658,9776415115775;3773,0712709869404;5,459267413243651e-06;469,8642815998901
сечение;1100,0;50,0;35,0;15,0;FCC_A1 + P_PHASE;2;нет;100;0,0;0,0;0,0;52,997577592035924;0,0;47,00242240816166;0,0;7203,243872379098;3691,7198405349627;1,3602693798020482e-06;475,1585333694675
сечение;1100,0;47,5;35,0;17,5;FCC_A1 + P_PHASE;2;нет;100;0,0;0,0;0,0;35,895658498269306;0,0;64,1043415026975;0,0;6383,422793688689;3421,8116611107835;0,0004895431338809431;424,8435681359697
сечение;1100,0;45,0;35,0;20,0;FCC_A1 + P_PHASE + SIGMA;3;нет;100;0,0;0,0;0,0;20,381927476376987;0,0;78,45410926248883;1,1639632684998267;4683,904670151285;2614,156253192996;0,0002564073074609041;22,466041635299916
сечение;1100,0;42,5;35,0;22,5;FCC_A1 + P_PHASE + SIGMA;3;нет;100;0,0;0,0;0,0;14,136094533191079;0,0;71,68399473521832;14,179910731646569;4683,9046701515035;2614,156253192996;0,00025640716194175184;22,466041635227157
сечение;1100,0;40,0;35,0;25,0;FCC_A1 + P_PHASE + SIGMA;3;нет;100;0,0;0,0;0,0;7,890261590007245;0,0;64,91388021043932;27,195858195445915;4683,904670151285;2614,156253192996;0,00025640726380515844;22,466041635285364
сечение;1100,0;37,5;35,0;27,5;FCC_A1 + P_PHASE + SIGMA;3;нет;100;0,0;0,0;0,0;1,6444286468274747;0,0;58,14376569913106;40,21180566314494;4683,904670151533;2614,156253193083;0,00025640727835707366;22,46604163532902
сечение;1100,0;35,0;35,0;30,0;P_PHASE + SIGMA;2;нет;100;0,0;0,0;0,0;0,0;0,0;40,716387296213306;59,283612677816855;5120,872259455209;2737,2334185567015;0,000488131248857826;23,67693524301285
сечение;1100,0;32,5;35,0;32,5;P_PHASE + SIGMA;2;нет;100;0,0;0,0;0,0;0,0;0,0;18,190717679527715;81,80928232035048;5505,743322625043;2851,6062521669955;6,710761226713657e-07;36,135933671030216
сечение;1100,0;30,0;35,0;35,0;SIGMA;1;нет;100;0,0;0,0;0,0;0,0;0,0;0,0;100,0;6003,862924088098;2880,108039268249;202,61163231584942;47,82474583208386
сечение;1100,0;27,5;35,0;37,5;BCC_B2 + SIGMA;2;нет;100;2,4119477600289745;0,0;0,0;0,0;0,0;0,0;97,5880522290842;7497,883249157399;2654,2808588374464;1219,755558922072;85,56188898521941
сечение;1100,0;25,0;35,0;40,0;BCC_B2 + SIGMA;2;нет;100;11,836715439449115;0,0;0,0;0,0;0,0;0,0;88,16328456215766;7551,4486853093695;2637,547749052712;1212,0749918058718;80,93611331951979
сечение;1100,0;22,5;35,0;42,5;BCC_B2 + SIGMA;2;нет;100;21,299685262641624;0,0;0,0;0,0;0,0;0,0;78,70031473750704;7585,746254921614;2627,069406868861;1207,074561225876;78,10170468217984
сечение;1100,0;20,0;35,0;45,0;BCC_B2 + SIGMA;2;нет;100;30,78386268458713;0,0;0,0;0,0;0,0;0,0;69,21613731474639;7609,268732239536;2619,9915846046933;1203,6047817276412;76,21541642614466
сечение;1100,0;17,5;35,0;47,5;BCC_B2 + SIGMA;2;нет;100;40,28077597801178;0,0;0,0;0,0;0,0;0,0;59,7192240212141;7626,291737078485;2614,9256683909043;1201,072319422121;74,87963697387022
сечение;1100,0;15,0;35,0;50,0;BCC_B2 + SIGMA;2;нет;100;49,7858530761438;0,0;0,0;0,0;0,0;0,0;50,21414692327709;7639,136339376229;2611,135772023292;1199,1491283954238;73,88804574774986
сечение;1100,0;62,5;37,5;0,0;FCC_A1;1;нет;100;0,0;0,0;0,0;99,99999997345908;0,0;0,0;0,0;36594,66428936945;26498,010582732415;27578,77933750891;3453,1641114588274
сечение;1100,0;60,0;37,5;2,5;FCC_A1;1;нет;100;0,0;0,0;0,0;99,99999999999999;0,0;0,0;0,0;11872,36396108623;7513,535404336682;2695,622050437698;2398,8032535189996
сечение;1100,0;57,5;37,5;5,0;FCC_A1;1;нет;100;0,0;0,0;0,0;100,0;0,0;0,0;0,0;10115,797032552582;5342,7730432298995;954,9422063448437;1214,6860467196384
сечение;1100,0;55,0;37,5;7,5;FCC_A1 + P_PHASE;2;нет;100;0,0;0,0;0,0;99,42690581864588;0,0;0,5730941818056668;0,0;8857,369210132732;3801,6248066174157;2,2713429643772542e-05;285,5010700341227
сечение;1100,0;52,5;37,5;10,0;FCC_A1 + P_PHASE;2;нет;100;0,0;0,0;0,0;82,06801945762706;0,0;17,931980542299353;0,0;8770,153699297545;3809,6729560783424;0,0002895253855967894;303,5168219715997
сечение;1100,0;50,0;37,5;12,5;FCC_A1 + P_PHASE;2;нет;100;0,0;0,0;0,0;64,67632747921427;0,0;35,323672521310385;0,0;8646,489317863961;3816,866368650386;0,00029483270191121846;329,07718337992264
сечение;1100,0;47,5;37,5;15,0;FCC_A1 + P_PHASE;2;нет;100;0,0;0,0;0,0;47,22494141179365;0,0;52,775058587804146;0,0;8456,29949469879;3826,6331378056493;0,0009819628758123145;368,3880241703009
сечение;1100,0;45,0;37,5;17,5;FCC_A1 + P_PHASE;2;нет;100;0,0;0,0;0,0;29,643573808282593;0,0;70,35642619183207;0,0;8120,486685314914;3826,665022064117;0,0010610447352519259;437,62395444713184
сечение;1100,0;42,5;37,5;20,0;FCC_A1 + P_PHASE;2;нет;100;0,0;0,0;0,0;11,643029723827803;0,0;88,35697027238847;0,0;7308,7009897362295;3711,2594728099066;1,2464821338653564e-05;474,4623625675158
сечение;1100,0;40,0;37,5;22,5;P_PHASE + SIGMA;2;нет;100;0,0;0,0;0,0;0,0;0,0;92,2175478226908;7,782452274132623;5411,014967179741;2824,3811877263215;0,000183409676537849;32,07389701648208
сечение;1100,0;37,5;37,5;25,0;P_PHASE + SIGMA;2;нет;100;0,0;0,0;0,0;0,0;0,0;70,79830177312468;29,201698225328833;6007,140094523333;2926,289685794982;1,2348638847470284e-05;29,562268676789245
сечение;1100,0;35,0;37,5;27,5;P_PHASE + SIGMA;2;нет;100;0,0;0,0;0,0;0,0;0,0;47,258420562785865;52,74157943801831;6268,0850548827;2952,612012167301;0,00014104040747042745;16,538725494465325
сечение;1100,0;32,5;37,5;30,0;P_PHASE + SIGMA;2;нет;100;0,0;0,0;0,0;0,0;0,0;22,88618897075187;77,11381102967346;6408,101992454016;2969,380993545943;0,00012867922487203032;11,929052500956459
сечение;1100,0;30,0;37,5;32,5;SIGMA;1;нет;100;0,0;0,0;0,0;0,0;0,0;0,0;100,00000000000003;6594,644840626279;2970,908392451456;69,58742635365343;8,325121691887034
сечение;1100,0;27,5;37,5;35,0;BCC_B2 + SIGMA;2;нет;100;2,211787089527606;0,0;0,0;0,0;0,0;0,0;97,78821290783854;8141,245050336976;2488,780811852761;1111,34184497768;46,49727362797421
сечение;1100,0;25,0;37,5;37,5;BCC_B2 + SIGMA;2;нет;100;11,938270776484222;0,0;0,0;0,0;0,0;0,0;88,0617292218405;8032,106075948672;2510,371755923785;1133,2245312829473;50,48928182176314
сечение;1100,0;22,5;37,5;40,0;BCC_B2 + SIGMA;2;нет;100;21,577434795738114;0,0;0,0;0,0;0,0;0,0;78,42256520448268;7971,925945429539;2523,6398894368613;1144,4585448064026;53,177193739349605
сечение;1100,0;20,0;37,5;42,5;BCC_B2 + SIGMA;2;нет;100;31,178978246960572;0,0;0,0;0,0;0,0;0,0;68,82102175360578;7932,6890003718145;2532,763604252832;1151,511981248841;55,10953538540343
сечение;1100,0;17,5;37,5;45,0;BCC_B2 + SIGMA;2;нет;100;40,760095605068116;0,0;0,0;0,0;0,0;0,0;59,23990439671076;7904,764178814701;2539,4701058333885;1156,413209749866;56,56977705418831
сечение;1100,0;15,0;37,5;47,5;BCC_B2 + SIGMA;2;нет;100;50,32866961918733;0,0;0,0;0,0;0,0;0,0;49,67133041631227;7883,757466580166;2544,62946414444;1160,039852377071;57,71438216835668
сечение;1100,0;60,0;40,0;0,0;FCC_A1;1;нет;100;0,0;0,0;0,0;100,00000003110065;0,0;0,0;0,0;37101,74645455813;25811,515735690497;27297,79404056979;2906,3488893902977
сечение;1100,0;57,5;40,0;2,5;FCC_A1;1;нет;100;0,0;0,0;0,0;100,00000000000004;0,0;0,0;0,0;12371,255413160281;7005,852551045202;2445,707044161565;1900,3672305122745
сечение;1100,0;55,0;40,0;5,0;FCC_A1;1;нет;100;0,0;0,0;0,0;99,99999999999999;0,0;0,0;0,0;10573,582220382596;4823,510101910855;733,6702032112225;805,6599790754553
сечение;1100,0;52,5;40,0;7,5;FCC_A1 + P_PHASE;2;нет;100;0,0;0,0;0,0;95,24370481916353;0,0;4,756295177362997;0,0;9564,384201994893;3673,420970680527;0,0006739026721334085;140,50754397010314
сечение;1100,0;50,0;40,0;10,0;FCC_A1 + P_PHASE;2;нет;100;0,0;0,0;0,0;78,01543884274092;0,0;21,98456115804612;0,0;9595,723900230063;3665,409313395503;0,00022725861344952136;134,14905465513584
сечение;1100,0;47,5;40,0;12,5;FCC_A1 + P_PHASE;2;нет;100;0,0;0,0;0,0;60,80704396540462;0,0;39,19295603535187;0,0;9639,19044357138;3653,9747963601403;0,00042101278086192906;125,34302380010195
сечение;1100,0;45,0;40,0;15,0;FCC_A1 + P_PHASE;2;нет;100;0,0;0,0;0,0;43,63242206169707;0,0;56,36757793850546;0,0;9703,337758097623;3636,4174143857963;0,00015850986528676003;112,3756377169193
сечение;1100,0;42,5;40,0;17,5;FCC_A1 + P_PHASE;2;нет;100;0,0;0,0;0,0;26,521798240645918;0,0;73,47820175935806;0,0;9806,871217499487;3606,3712938271783;4,238916153553873e-05;91,52220796621987
сечение;1100,0;40,0;40,0;20,0;FCC_A1 + P_PHASE + SIGMA;3;нет;100;0,0;0,0;0,0;9,457938076967368;0,0;89,73019634762079;0,8118655864138011;9922,015508819139;3570,4910516881064;5,90049457969144e-05;58,906526166480035
сечение;1100,0;37,5;40,0;22,5;P_PHASE + SIGMA;2;нет;100;0,0;0,0;0,0;0,0;0,0;81,90897537553448;18,09102458662163;8052,719711688318;3164,9833184887684;0,00033172719122376293;6,533885907250806
сечение;1100,0;35,0;40,0;25,0;P_PHASE + SIGMA;2;нет;100;0,0;0,0;0,0;0,0;0,0;53,328471923901944;46,671528091039285;7538,88506724115;3164,0772072984546;1,970736775547266e-06;3,426725605109823
сечение;1100,0;32,5;40,0;27,5;P_PHASE + SIGMA;2;нет;100;0,0;0,0;0,0;0,0;0,0;26,678598692681945;73,32140130845497;7344,435093527703;3131,2980351458536;8,38740961626172e-05;8,625736838555895
сечение;1100,0;30,0;40,0;30,0;P_PHASE + SIGMA;2;нет;100;0,0;0,0;0,0;0,0;0,0;0,5912333122188562;99,40876668860871;7236,813115825265;3108,080041452413;7,482401269953698e-05;12,939292628143448
сечение;1100,0;27,5;40,0;32,5;BCC_B2 + SIGMA;2;нет;100;2,445096118604499;0,0;0,0;0,0;0,0;0,0;97,55490387343816;8646,79603514899;2449,7682936390484;968,6573651103681;17,377009238494793
сечение;1100,0;25,0;40,0;35,0;BCC_B2 + SIGMA;2;нет;100;12,364134921474708;0,0;0,0;0,0;0,0;0,0;87,6358650718442;8396,374208492693;2454,0243667288305;1049,658428407478;31,23909672051377
сечение;1100,0;22,5;40,0;37,5;BCC_B2 + SIGMA;2;нет;100;22,106628776117535;0,0;0,0;0,0;0,0;0,0;77,89337122055909;8266,028142823707;2468,6608553963015;1083,3313008180412;41,56175434937177
сечение;1100,0;20,0;40,0;40,0;BCC_B2 + SIGMA;2;нет;100;31,77313659515394;0,0;0,0;0,0;0,0;0,0;68,22686340417809;8183,256340151711;2481,418087074737;1102,3085605488595;45,27792374738783
сечение;1100,0;17,5;40,0;42,5;BCC_B2 + SIGMA;2;нет;100;41,40076171370593;0,0;0,0;0,0;0,0;0,0;58,599238286855595;8124,596576714917;2491,851656922314;1114,8207606337528;47,03039090233506
сечение;1100,0;15,0;40,0;45,0;BCC_B2 + SIGMA;2;нет;100;51,005096225376036;0,0;0,0;0,0;0,0;0,0;48,99490377363772;8080,293012616778;2500,4240345982253;1123,8227891849237;48,58349715395889
сечение;1100,0;57,5;42,5;0,0;FCC_A1;1;нет;100;0,0;0,0;0,0;99,99999998447507;0,0;0,0;0,0;37615,64900519095;25154,492614804913;27055,979382478676;2414,602927856118
сечение;1100,0;55,0;42,5;2,5;FCC_A1;1;нет;100;0,0;0,0;0,0;100,00000000000007;0,0;0,0;0,0;12870,791098510017;6423,775146108077;2233,7703010657133;1434,7445955916191
сечение;1100,0;52,5;42,5;5,0;FCC_A1;1;нет;100;0,0;0,0;0,0;100,00000000000007;0,0;0,0;0,0;11017,042376863435;4306,01277217656;549,3029033076455;445,8528531493648
сечение;1100,0;50,0;42,5;7,5;FCC_A1 + SIGMA;2;нет;100;0,0;0,0;0,0;91,19734018751996;0,0;0,0;8,80265981232121;10031,090508897003;3580,0972416935256;21,296714286901988;58,61610404927342
сечение;1100,0;47,5;42,5;10,0;FCC_A1 + P_PHASE + SIGMA;3;нет;100;0,0;0,0;0,0;74,47054845989561;0,0;11,632721887097906;13,896729648413814;9922,015508819124;3570,4910516882082;5,9005047660321e-05;58,90652616659645
сечение;1100,0;45,0;42,5;12,5;FCC_A1 + P_PHASE + SIGMA;3;нет;100;0,0;0,0;0,0;57,28050189297106;0,0;26,28093792861726;16,43856016892767;9922,015508818527;3570,4910516875243;5,9005047660321e-05;58,906526166552794
сечение;1100,0;42,5;42,5;15,0;FCC_A1 + P_PHASE + SIGMA;3;нет;100;0,0;0,0;0,0;40,09045532615566;0,0;40,92915346728247;18,980391202050164;9922,015508818731;3570,491051687859;5,900500400457531e-05;58,906526166552794
сечение;1100,0;40,0;42,5;17,5;FCC_A1 + P_PHASE + SIGMA;3;нет;100;0,0;0,0;0,0;22,900408759233713;0,0;55,57736957233866;21,522221687280833;9922,01550881863;3570,4910516876407;5,9004974900744855e-05;58,906526166480035
сечение;1100,0;37,5;42,5;20,0;FCC_A1 + P_PHASE + SIGMA;3;нет;100;0,0;0,0;0,0;5,710362192383551;0,0;70,22558525351621;24,06405254399609;9922,015508818993;3570,491051687859;5,9004989452660084e-05;58,90652616649459
сечение;1100,0;35,0;42,5;22,5;P_PHASE + SIGMA;2;нет;100;0,0;0,0;0,0;0,0;0,0;57,746451318054895;42,25354869106882;8964,45144967272;3278,5680074354896;0,00021825917065143585;75,9189341404126
сечение;1100,0;32,5;42,5;25,0;P_PHASE + SIGMA;2;нет;100;0,0;0,0;0,0;0,0;0,0;29,342760907228172;70,65723909216095;8298,770084843098;3180,0231264898175;0,00025914494472090155;17,327955511776963
сечение;1100,0;30,0;42,5;27,5;P_PHASE + SIGMA;2;нет;100;0,0;0,0;0,0;0,0;0,0;2,1335262132864994;97,86647378921452;7971,258962417967;3162,1911102165905;0,00033689265546854585;4,3393758418096695
сечение;1100,0;27,5;42,5;30,0;BCC_B2 + SIGMA;2;нет;100;3,0575858200782973;0,0;0,0;0,0;0,0;0,0;96,9424141897861;9044,708475919542;2524,435003764709;795,9975403435819;21,694355186540633
сечение;1100,0;25,0;42,5;32,5;BCC_B2 + SIGMA;2;нет;100;12,984154222317198;0,0;0,0;0,0;0,0;0,0;87,01584576757853;8698,56492428777;2453,5319087400712;948,993329111443;15,783699337145663
сечение;1100,0;22,5;42,5;35,0;BCC_B2 + SIGMA;2;нет;100;22,803185296993473;0,0;0,0;0,0;0,0;0,0;77,19681469722572;8503,684649081668;2447,933995280662;1017,7779112771386;24,20127480890369
сечение;1100,0;20,0;42,5;37,5;BCC_B2 + SIGMA;2;нет;100;32,51383153952149;0,0;0,0;0,0;0,0;0,0;67,48616846263916;8384,89481283848;2455,0139254015085;1052,8339709610736;32,0747201792401
сечение;1100,0;17,5;42,5;40,0;BCC_B2 + SIGMA;2;нет;100;42,16801397537627;0,0;0,0;0,0;0,0;0,0;57,83198602347102;8302,881380614679;2463,8003265535517;1074,3173444594577;38,46415844785224
сечение;1100,0;15,0;42,5;42,5;BCC_B2 + SIGMA;2;нет;100;51,79093488766502;0,0;0,0;0,0;0,0;0,0;48,209065112284506;8241,519412364636;2472,1819516143005;1089,1260801083263;43,69543083789176
сечение;1100,0;55,0;45,0;0,0;FCC_A1;1;нет;100;0,0;0,0;0,0;100,00000004222353;0,0;0,0;0,0;38133,51039583454;24528,29512923456;26847,930908131035;1976,9391302764561
сечение;1100,0;52,5;45,0;2,5;FCC_A1;1;нет;100;0,0;0,0;0,0;99,99999999999997;0,0;0,0;0,0;13367,152009614438;5868,891992701931;2054,516559866941;1035,4784377992328
сечение;1100,0;50,0;45,0;5,0;BCC_B2 + FCC_A1;2;нет;100;2,506393291189036;0,0;0,0;97,49360670842951;0,0;0,0;0,0;11296,042342076064;3995,4207339502173;457,37083489132056;239,02254437384545
сечение;1100,0;47,5;45,0;7,5;FCC_A1 + SIGMA;2;нет;100;0,0;0,0;0,0;84,00767897222856;0,0;0,0;15,992321027440951;10723,955689878901;3641,4521995128307;172,26299562471104;71,40317783836508
сечение;1100,0;45,0;45,0;10,0;FCC_A1 + SIGMA;2;нет;100;0,0;0,0;0,0;68,96995080702472;0,0;0,0;31,030049192666798;10179,827601639146;3593,1786727597355;51,43152267856931;59,69704792552511
сечение;1100,0;42,5;45,0;12,5;FCC_A1 + P_PHASE + SIGMA;3;нет;100;0,0;0,0;0,0;53,53292600851825;0,0;6,776326337818834;39,69074762265763;9922,015508819022;3570,4910516881064;5,9004887589253485e-05;58,90652616645093
сечение;1100,0;40,0;45,0;15,0;FCC_A1 + P_PHASE + SIGMA;3;нет;100;0,0;0,0;0,0;36,34287944165615;0,0;21,424542159861893;42,23257837931921;9922,015508819124;3570,491051688121;5,9005062212236226e-05;58,90652616659645
сечение;1100,0;37,5;45,0;17,5;FCC_A1 + P_PHASE + SIGMA;3;нет;100;0,0;0,0;0,0;19,152832874981808;0,0;36,072757342037285;44,77440980113784;9922,015508819124;3570,4910516881646;5,9004989452660084e-05;58,90652616653824
сечение;1100,0;35,0;45,0;20,0;FCC_A1 + P_PHASE + SIGMA;3;нет;100;0,0;0,0;0,0;1,9627863079706738;0,0;50,72097362197228;47,3162400798894;9922,015508819284;3570,4910516882373;5,900501855649054e-05;58,906526166552794
сечение;1100,0;32,5;45,0;22,5;P_PHASE + SIGMA;2;нет;100;0,0;0,0;0,0;0,0;0,0;29,977899061297258;70,02210094576897;9206,170454433639;3326,0286584344285;0,00015406044258270413;76,67502274530125
сечение;1100,0;30,0;45,0;25,0;P_PHASE + SIGMA;2;нет;100;0,0;0,0;0,0;0,0;0,0;2,6137660034340553;97,38623399725614;8674,969674969092;3224,1919190556946;0,0003366381279192865;47,03877993991773
сечение;1100,0;27,5;45,0;27,5;BCC_B2 + SIGMA;2;нет;100;3,959409588807815;0,0;0,0;0,0;0,0;0,0;96,04059043634933;9393,600627314998;2671,223124394979;624,5522463743691;51,76117589928617
сечение;1100,0;25,0;45,0;30,0;BCC_B2 + SIGMA;2;нет;100;13,7078788982545;0,0;0,0;0,0;0,0;0,0;86,29212109222067;8988,499176262878;2507,490194925602;822,8320087839966;18,421888102660887
сечение;1100,0;22,5;45,0;32,5;BCC_B2 + SIGMA;2;нет;100;23,558803797471864;0,0;0,0;0,0;0,0;0,0;76,4411962040969;8725,052073346873;2456,128756224134;938,5552493217547;15,175309146448853
сечение;1100,0;20,0;45,0;35,0;BCC_B2 + SIGMA;2;нет;100;33,324361069128656;0,0;0,0;0,0;0,0;0,0;66,67563892961932;8564,243832565437;2447,2323018522584;997,9363385095348;20,916909965104423
сечение;1100,0;17,5;45,0;37,5;BCC_B2 + SIGMA;2;нет;100;43,01091983641648;0,0;0,0;0,0;0,0;0,0;56,989080166238715;8457,62026839178;2449,823699853674;1031,962000467407;27,04389532771893
сечение;1100,0;15,0;45,0;40,0;BCC_B2 + SIGMA;2;нет;100;52,65155440782598;0,0;0,0;0,0;0,0;0,0;47,34844559810492;8380,222006552343;2455,434369227849;1054,1142317824415;32,419164827791974
сечение;1100,0;52,5;47,5;0,0;FCC_A1;1;нет;100;0,0;0,0;0,0;100,00000002541327;0,0;0,0;0,0;38652,66609365992;23933,835293502554;26668,7279265658;1591,6251197353704
сечение;1100,0;50,0;47,5;2,5;BCC_B2 + FCC_A1;2;нет;100;3,86932842161831;0,0;0,0;96,1306715774536;0,0;0,0;0,0;13559,430327395603;5663,862091354778;1989,9710580159735;894,2497951542609
сечение;1100,0;47,5;47,5;5,0;BCC_B2 + FCC_A1;2;нет;100;9,184268485883191;0,0;0,0;90,81573151411474;0,0;0,0;0,0;11328,60098271737;4017,3585055093426;475,12127443809004;248,6199439238262
сечение;1100,0;45,0;47,5;7,5;BCC_B2 + FCC_A1 + SIGMA;3;нет;100;6,924104468068519;0,0;0,0;77,52592338556654;0,0;0,0;15,549972141213827;10742,206883093531;3643,096288787987;176,60065527782717;70,85214469220955
сечение;1100,0;42,5;47,5;10,0;BCC_B2 + FCC_A1 + SIGMA;3;нет;100;0,7084903752464735;0,0;0,0;60,571211768879685;0,0;0,0;38,72029784022707;10742,206883093837;3643,0962887878995;176,60065527785628;70,85214469213679
сечение;1100,0;40,0;47,5;12,5;FCC_A1 + SIGMA;2;нет;100;0,0;0,0;0,0;46,20838003805009;0,0;0,0;53,79161996131659;10302,448234199677;3603,9735167407925;77,21768850449007;61,85326116986107
сечение;1100,0;37,5;47,5;15,0;FCC_A1 + P_PHASE + SIGMA;3;нет;100;0,0;0,0;0,0;32,5953035572065;0,0;1,9199306660986368;65,48476577620248;9922,01550881908;3570,4910516880627;5,900501855649054e-05;58,90652616653824
сечение;1100,0;35,0;47,5;17,5;FCC_A1 + P_PHASE + SIGMA;3;нет;100;0,0;0,0;0,0;15,405256990476069;0,0;16,568145969227306;68,02659705367692;9922,015508819139;3570,4910516882082;5,900500400457531e-05;58,906526166552794
сечение;1100,0;32,5;47,5;20,0;P_PHASE + SIGMA;2;нет;100;0,0;0,0;0,0;0,0;0,0;27,315592440582137;72,68440756340183;9868,997508590794;3531,219514060329;7,678318070247769e-07;59,05118843323726
сечение;1100,0;30,0;47,5;22,5;P_PHASE + SIGMA;2;нет;100;0,0;0,0;0,0;0,0;0,0;1,7521140870689975;98,24788591960218;9306,435979021364;3342,751790693961;1,2230593711137772e-06;70,79905237819185
сечение;1100,0;27,5;47,5;25,0;BCC_B2 + SIGMA;2;нет;100;5,134012976136265;0,0;0,0;0,0;0,0;0,0;94,86598703515347;9725,638854832592;2866,646906330876;472,04559888014046;60,108669049615855
сечение;1100,0;25,0;47,5;27,5;BCC_B2 + SIGMA;2;нет;100;14,596698370633076;0,0;0,0;0,0;0,0;0,0;85,40330161651664;9280,332452390125;2615,519462684373;680,1499876087037;47,33812747603224
сечение;1100,0;22,5;47,5;30,0;BCC_B2 + SIGMA;2;нет;100;24,345575595867253;0,0;0,0;0,0;0,0;0,0;75,65442440376229;8952,691044765219;2497,77474604093;839,6236962453404;16,85563543184253
сечение;1100,0;20,0;47,5;32,5;BCC_B2 + SIGMA;2;нет;100;34,146811852899205;0,0;0,0;0,0;0,0;0,0;65,85318814811454;8741,429630855651;2457,964552380974;931,9771066119574;14,873365047460538
сечение;1100,0;17,5;47,5;35,0;BCC_B2 + SIGMA;2;нет;100;43,8790809165253;0,0;0,0;0,0;0,0;0,0;56,12091908538353;8603,919389447183;2447,932826200704;984,1864036201732;19,071591024592635
сечение;1100,0;15,0;47,5;37,5;BCC_B2 + SIGMA;2;нет;100;53,548896050376236;0,0;0,0;0,0;0,0;0,0;46,45110394779714;8507,54335778876;2447,827521244777;1016,5544886218995;23,976167505039484
сечение;1100,0;50,0;50,0;0,0;BCC_B2 + FCC_A1;2;нет;100;5,284416331319481;0,0;0,0;94,71558366795342;0,0;0,0;0,0;38710,45430495615;23836,495859294067;26626,496925790067;1539,4953797825874
сечение;1100,0;47,5;50,0;2,5;BCC_B2 + FCC_A1;2;нет;100;10,266313106121167;0,0;0,0;89,73368689341137;0,0;0,0;0,0;13556,003123395;5661,04403269336;1987,2596053994494;893,5740528553433
сечение;1100,0;45,0;50,0;5,0;BCC_B2 + FCC_A1;2;нет;100;15,851979759169922;0,0;0,0;84,148020240493;0,0;0,0;0,0;11359,352941809673;4038,2003948331258;492,01385287422454;257,7795596960932
сечение;1100,0;42,5;50,0;7,5;BCC_B2 + FCC_A1 + SIGMA;3;нет;100;14,038764390261422;0,0;0,0;71,07503160304279;0,0;0,0;14,886204009909559;10742,206883093473;3643,096288787987;176,60065527784172;70,85214469223865
сечение;1100,0;40,0;50,0;10,0;BCC_B2 + FCC_A1 + SIGMA;3;нет;100;7,823150288994671;0,0;0,0;54,12031998820067;0,0;0,0;38,056529743084795;10742,206883092425;3643,0962887878995;176,60065527759434;70,85214469228231
сечение;1100,0;37,5;50,0;12,5;BCC_B2 + FCC_A1 + SIGMA;3;нет;100;1,6075362003025246;0,0;0,0;37,165608370415086;0,0;0,0;61,22685540590561;10742,206883092425;3643,096288787885;176,6006552775798;70,85214469226776
сечение;1100,0;35,0;50,0;15,0;FCC_A1 + SIGMA;2;нет;100;0,0;0,0;0,0;23,030725333975617;0,0;0,0;76,96927466338306;10404,993253684559;3613,0238735001767;99,43082275627239;64,52355310425628
сечение;1100,0;32,5;50,0;17,5;FCC_A1 + SIGMA;2;нет;100;0,0;0,0;0,0;10,615732306305425;0,0;0,0;89,3842676938502;9997,956645906233;3577,181617070819;14,755484580920893;58,60679308824183
сечение;1100,0;30,0;50,0;20,0;SIGMA;1;нет;100;0,0;0,0;0,0;0,0;0,0;0,0;100,0;9865,0871039685;3467,380778674429;22,15437297493918;60,48729428990919
сечение;1100,0;27,5;50,0;22,5;BCC_B2 + SIGMA;2;нет;100;6,623908160045899;0,0;0,0;0,0;0,0;0,0;93,37609181953796;10052,734002111174;2991,742558695798;346,65179479350627;58,28636700488278
сечение;1100,0;25,0;50,0;25,0;BCC_B2 + SIGMA;2;нет;100;15,744082090278832;0,0;0,0;0,0;0,0;0,0;84,2559179010459;9579,37052872761;2775,3925860925374;536,6761160723399;51,428727370584966
сечение;1100,0;22,5;50,0;27,5;BCC_B2 + SIGMA;2;нет;100;25,229322035818974;0,0;0,0;0,0;0,0;0,0;74,77067796332489;9195,407759598384;2579,650845984477;722,183011999703;35,76276875889744
сечение;1100,0;20,0;50,0;30,0;BCC_B2 + SIGMA;2;нет;100;34,97498896559248;0,0;0,0;0,0;0,0;0,0;65,02501103630274;8928,500534007297;2491,6938953037898;850,8119554573932;16,016283122298773
сечение;1100,0;17,5;50,0;32,5;BCC_B2 + SIGMA;2;нет;100;44,74139294302211;0,0;0,0;0,0;0,0;0,0;55,258607056340125;8752,63463600642;2459,32339303926;927,4230597161804;14,700537997297943
сечение;1100,0;15,0;50,0;35,0;BCC_B2 + SIGMA;2;нет;100;54,450826664549545;0,0;0,0;0,0;0,0;0,0;45,54917333533183;8632,22288146257;2449,0166100237548;974,013451815903;17,916497069163597
сечение;1100,0;47,5;52,5;0,0;BCC_B2 + FCC_A1;2;нет;100;11,474802162774447;0,0;0,0;88,52519783898165;0,0;0,0;0,0;38689,01614986437;23821,104372337082;26605,058756618644;1539,495473735209
сечение;1100,0;45,0;52,5;2,5;BCC_B2 + FCC_A1;2;нет;100;16,66387395968358;0,0;0,0;83,33612604085694;0,0;0,0;0,0;13552,629070042967;5658,270619312127;1984,5911019170162;892,9093442658923
сечение;1100,0;42,5;52,5;5,0;BCC_B2 + FCC_A1;2;нет;100;22,510404546540542;0,0;0,0;77,48959545353405;0,0;0,0;0,0;11388,482901204203;4058,052480335362;508,12922636156145;266,54098284333304
сечение;1100,0;40,0;52,5;7,5;BCC_B2 + FCC_A1 + SIGMA;3;нет;100;21,153424301976035;0,0;0,0;64,62413982278929;0,0;0,0;14,222435877454034;10742,206883093313;3643,096288788074;176,60065527785628;70,85214469232596
сечение;1100,0;37,5;52,5;10,0;BCC_B2 + FCC_A1 + SIGMA;3;нет;100;14,937810209946816;0,0;0,0;47,669428205725964;0,0;0,0;37,392761579119565;10742,206883092687;3643,096288787914;176,600655277638;70,8521446922532
сечение;1100,0;35,0;52,5;12,5;BCC_B2 + FCC_A1 + SIGMA;3;нет;100;8,722196110462749;0,0;0,0;30,714716590544246;0,0;0,0;60,56308730996999;10742,206883092149;3643,0962887878995;176,60065527752158;70,85214469228231
сечение;1100,0;32,5;52,5;15,0;BCC_B2 + FCC_A1 + SIGMA;3;нет;100;2,5065819999445518;0,0;0,0;13,760004977895665;0,0;0,0;83,73341304074732;10742,206883093517;3643,096288787987;176,60065527784172;70,85214469223865
сечение;1100,0;30,0;52,5;17,5;SIGMA;1;нет;100;0,0;0,0;0,0;0,0;0,0;0,0;100,00000000000003;10595,347097509628;3581,3018816830445;147,46642339254322;65,65182458603522
сечение;1100,0;27,5;52,5;20,0;BCC_B2 + SIGMA;2;нет;100;8,556392627870682;0,0;0,0;0,0;0,0;0,0;91,44360736943922;10367,922503395981;3164,253369626953;253,52973425255914;70,10235976005788
сечение;1100,0;25,0;52,5;22,5;BCC_B2 + SIGMA;2;нет;100;17,2472967718923;0,0;0,0;0,0;0,0;0,0;82,75270322141436;9888,168018931334;2924,964354051146;406,20303965441417;66,1170802951674
сечение;1100,0;22,5;52,5;25,0;BCC_B2 + SIGMA;2;нет;100;26,323666499292038;0,0;0,0;0,0;0,0;0,0;73,67633350429247;9456,93401041448;2705,4743578421767;594,0087771406543;50,275819822680205
сечение;1100,0;20,0;52,5;27,5;BCC_B2 + SIGMA;2;нет;100;35,8611307280573;0,0;0,0;0,0;0,0;0,0;64,13886926996962;9132,533190940798;2554,932591126504;753,2056208670401;28,918338492541807
сечение;1100,0;17,5;52,5;30,0;BCC_B2 + SIGMA;2;нет;100;45,59893991039642;0,0;0,0;0,0;0,0;0,0;54,401060090684815;8911,265915664466;2487,6006409448455;858,700322861725;15,522529285459314
сечение;1100,0;15,0;52,5;32,5;BCC_B2 + SIGMA;2;нет;100;55,33972177212762;0,0;0,0;0,0;0,0;0,0;44,660278228717594;8760,810552438881;2460,367054872826;924,0732061307062;14,592107422533445
сечение;1100,0;45,0;55,0;0,0;BCC_B2 + FCC_A1;2;нет;100;17,665188117396244;0,0;0,0;82,33481188477401;0,0;0,0;0,0;38667,39923065169;23805,58454206388;26583,44182308331;1539,4955693085067
сечение;1100,0;42,5;55,0;2,5;BCC_B2 + FCC_A1;2;нет;100;23,06199873681793;0,0;0,0;76,93800126373038;0,0;0,0;0,0;13549,30696563737;5655,540977575263;1981,9647072441148;892,2554449719028
сечение;1100,0;40,0;55,0;5,0;BCC_B2 + FCC_A1;2;нет;100;29,160303508767644;0,0;0,0;70,83969649176389;0,0;0,0;0,0;11416,148420612371;4077,003247257482;523,5367572712421;274,9384034323739
сечение;1100,0;37,5;55,0;7,5;BCC_B2 + FCC_A1 + SIGMA;3;нет;100;28,268084218705564;0,0;0,0;58,1732480413873;0,0;0,0;13,558667744849654;10742,206883093808;3643,0962887880305;176,60065527792904;70,85214469223865
сечение;1100,0;35,0;55,0;10,0;BCC_B2 + FCC_A1 + SIGMA;3;нет;100;22,052470120283193;0,0;0,0;41,21853642567518;0,0;0,0;36,728993452554796;10742,206883092556;3643,096288788016;176,6006552776962;70,85214469238417
сечение;1100,0;32,5;55,0;12,5;BCC_B2 + FCC_A1 + SIGMA;3;нет;100;15,836856030642856;0,0;0,0;24,263824808257887;0,0;0,0;59,89931914715556;10742,20688309244;3643,0962887878704;176,6006552775798;70,8521446922532
сечение;1100,0;30,0;55,0;15,0;BCC_B2 + FCC_A1 + SIGMA;3;нет;100;9,621241928984285;0,0;0,0;7,309113193433668;0,0;0,0;83,06964485371766;10742,20688309212;3643,0962887878704;176,60065527750703;70,85214469226776
сечение;1100,0;27,5;55,0;17,5;BCC_B2 + P_PHASE;2;нет;100;36,76395348331223;0,0;0,0;0,0;0,0;63,23604651968525;0,0;9803,706155116073;2968,0183932140353;0,00027304142713546753;-132,76993819158815
сечение;1100,0;25,0;55,0;20,0;BCC_B2 + SIGMA;2;нет;100;19,25710417060806;0,0;0,0;0,0;0,0;0,0;80,742895837271;10201,902328137192;3065,128434726357;299,1355336426932;60,994592290211585
сечение;1100,0;22,5;55,0;22,5;BCC_B2 + SIGMA;2;нет;100;27,760890797096994;0,0;0,0;0,0;0,0;0,0;72,2391092052043;9738,749287685612;2875,206315123389;466,48932837905886;61,28791734855622
сечение;1100,0;20,0;55,0;25,0;BCC_B2 + SIGMA;2;нет;100;36,90612237047253;0,0;0,0;0,0;0,0;0,0;63,09387763071196;9358,322319835483;2652,8709181567683;641,7617219556996;53,17795938553172
сечение;1100,0;17,5;55,0;27,5;BCC_B2 + SIGMA;2;нет;100;46,49149777563815;0,0;0,0;0,0;0,0;0,0;53,50850222539627;9085,519971771428;2538,0088961328292;776,218614565325;24,721902174220304
сечение;1100,0;15,0;55,0;30,0;BCC_B2 + SIGMA;2;нет;100;56,21918929139653;0,0;0,0;0,0;0,0;0,0;43,78081070746192;8898,4378861437;2484,683332534245;864,5238424966083;15,210086728649912
сечение;1100,0;42,5;57,5;0,0;BCC_B2 + FCC_A1;2;нет;100;23,855574193075142;0,0;0,0;76,14442580720794;0,0;0,0;0,0;38645,58141619559;23789,920479475855;26561,623994042588;1539,4956666301296
сечение;1100,0;40,0;57,5;2,5;BCC_B2 + FCC_A1;2;нет;100;29,460675465565412;0,0;0,0;70,53932453455928;0,0;0,0;0,0;13546,036102011174;5652,8542505240475;1979,3795970949723;891,6121351528709
сечение;1100,0;37,5;57,5;5,0;BCC_B2 + FCC_A1;2;нет;100;35,80234116297347;0,0;0,0;64,19765883848663;0,0;0,0;0,0;11442,484892741079;4095,1317403612484;538,2965791540773;283,00157996128837
сечение;1100,0;35,0;57,5;7,5;BCC_B2 + FCC_A1 + SIGMA;3;нет;100;35,38274413845049;0,0;0,0;51,72235625936832;0,0;0,0;12,894899603063886;10742,20688309244;3643,0962887879286;176,6006552776089;70,85214469229686
сечение;1100,0;32,5;57,5;10,0;BCC_B2 + FCC_A1 + SIGMA;3;нет;100;29,167130040262112;0,0;0,0;34,7676446436415;0,0;0,0;36,06522531791666;10742,206883091916;3643,096288787856;176,60065527746337;70,85214469228231
сечение;1100,0;30,0;57,5;12,5;BCC_B2 + FCC_A1 + SIGMA;3;нет;100;22,951515933987345;0,0;0,0;17,812933030133156;0,0;0,0;59,235551033680856;10742,206883092556;3643,096288787827;176,6006552775798;70,85214469220955
сечение;1100,0;27,5;57,5;15,0;BCC_B2 + FCC_A1 + SIGMA;3;нет;100;16,73590185936488;0,0;0,0;0,858221409049679;0,0;0,0;82,40587672322823;10742,206883093007;3643,0962887879286;176,60065527771076;70,8521446922532
сечение;1100,0;25,0;57,5;17,5;BCC_B2 + P_PHASE;2;нет;100;44,06698155398868;0,0;0,0;0,0;0,0;55,93301844417362;0,0;9481,096559384474;2818,2415739380813;8,88807699084282e-06;-190,61913492561143
сечение;1100,0;22,5;57,5;20,0;BCC_B2 + SIGMA;2;нет;100;29,71149776816988;0,0;0,0;0,0;0,0;0,0;70,28850223817801;10038,198362544907;2985,268313045788;351,61300695702084;58,53199707636668
сечение;1100,0;20,0;57,5;22,5;BCC_B2 + SIGMA;2;нет;100;38,24783215978442;0,0;0,0;0,0;0,0;0,0;61,75216783778755;9609,128857316915;2793,3071035400644;523,1549003518157;52,53816506525618
сечение;1100,0;17,5;57,5;25,0;BCC_B2 + SIGMA;2;нет;100;47,50015564595231;0,0;0,0;0,0;0,0;0,0;52,499844354882;9280,429491853778;2615,5631234228495;680,1020290730667;47,3529263768869
сечение;1100,0;15,0;57,5;27,5;BCC_B2 + SIGMA;2;нет;100;57,11972009412162;0,0;0,0;0,0;0,0;0,0;42,88027990642729;9049,659552486744;2526,024991187791;793,6097763426951;22,031886888260487
сечение;1100,0;40,0;60,0;0,0;BCC_B2 + FCC_A1;2;нет;100;30,04596039677214;0,0;0,0;69,95403960236234;0,0;0,0;0,0;38623,5691738476;23774,11682780001;26539,61173684764;1539,4957657025225
сечение;1100,0;37,5;60,0;2,5;BCC_B2 + FCC_A1;2;нет;100;35,859892441321406;0,0;0,0;64,14010755769584;0,0;0,0;0,0;13542,815264856952;5650,209597734429;1976,8349630860612;890,9791995248524
сечение;1100,0;35,0;60,0;5,0;BCC_B2 + FCC_A1;2;нет;100;42,43710204351939;0,0;0,0;57,56289795706333;0,0;0,0;0,0;11467,609570606219;4112,505547124238;552,4612031879806;290,7565965211834
сечение;1100,0;32,5;60,0;7,5;BCC_B2 + FCC_A1 + SIGMA;3;нет;100;42,49740406014876;0,0;0,0;45,27146447603292;0,0;0,0;12,2311314647569;10742,206883092425;3643,096288787914;176,60065527759434;70,85214469228231
сечение;1100,0;30,0;60,0;10,0;BCC_B2 + FCC_A1 + SIGMA;3;нет;100;36,281789965839664;0,0;0,0;28,31675285965403;0,0;0,0;35,40145717474483;10742,206883092615;3643,0962887879286;176,6006552776089;70,85214469223865
сечение;1100,0;27,5;60,0;12,5;BCC_B2 + FCC_A1 + SIGMA;3;нет;100;30,066175866067653;0,0;0,0;11,362041244840249;0,0;0,0;58,57178288948326;10742,206883092193;3643,0962887877977;176,60065527749248;70,85214469220955
сечение;1100,0;25,0;60,0;15,0;BCC_B2 + SIGMA;2;нет;100;26,749893289910716;0,0;0,0;0,0;0,0;0,0;73,25010670469398;10702,308144121911;3503,7264577021997;183,96349954756442;61,026274599091266
сечение;1100,0;22,5;60,0;17,5;BCC_B2 + SIGMA;2;нет;100;32,47420162346171;0,0;0,0;0,0;0,0;0,0;67,52579838024221;10341,3708852977;3146,9114712937153;260,3115179522283;72,88251993524318
сечение;1100,0;20,0;60,0;20,0;BCC_B2 + SIGMA;2;нет;100;40,06702579929675;0,0;0,0;0,0;0,0;0,0;59,93297420398792;9885,422869169197;2923,969186520364;407,2586285833677;66,3402527353901
сечение;1100,0;17,5;60,0;22,5;BCC_B2 + SIGMA;2;нет;100;48,74884628189527;0,0;0,0;0,0;0,0;0,0;51,25115371762836;9500,58357471571;2729,676644765408;573,2812884321174;50,06707620738598
сечение;1100,0;15,0;60,0;25,0;BCC_B2 + SIGMA;2;нет;100;58,1045086303824;0,0;0,0;0,0;0,0;0,0;41,89549136929837;9219,086550743115;2589,4007935374975;710,4627448925166;38,71667108243855
сечение;1100,0;37,5;62,5;0,0;BCC_B2 + FCC_A1;2;нет;100;36,23634672926864;0,0;0,0;63,76365327154164;0,0;0,0;0,0;38601,355102056405;23758,168273108182;26517,39764993728;1539,4958665910235
сечение;1100,0;35,0;62,5;2,5;BCC_B2 + FCC_A1;2;нет;100;42,25963822467643;0,0;0,0;57,74036177601866;0,0;0,0;0,0;13539,64389422063;5647,606195172295;1974,3300125967944;890,3564272852382
сечение;1100,0;32,5;62,5;5,0;BCC_B2 + FCC_A1;2;нет;100;49,06510353140018;0,0;0,0;50,93489646847702;0,0;0,0;0,0;11491,624791834081;4129,18412561102;566,0767843406793;298,22646178645664
сечение;1100,0;30,0;62,5;7,5;BCC_B2 + FCC_A1 + SIGMA;3;нет;100;49,61206397092891;0,0;0,0;38,82057269630177;0,0;0,0;11,567363330535304;10742,206883091407;3643,096288787885;176,60065527740517;70,85214469238417
сечение;1100,0;27,5;62,5;10,0;BCC_B2 + FCC_A1 + SIGMA;3;нет;100;43,396449881153515;0,0;0,0;21,865861078843743;0,0;0,0;34,73768903985207;10742,206883093153;3643,0962887879286;176,6006552777253;70,85214469220955
сечение;1100,0;25,0;62,5;12,5;BCC_B2 + FCC_A1 + SIGMA;3;нет;100;37,18083577959928;0,0;0,0;4,911149464216737;0,0;0,0;57,90801475353864;10742,206883093633;3643,0962887879286;176,60065527784172;70,852144692195
сечение;1100,0;22,5;62,5;15,0;BCC_B2 + SIGMA;2;нет;100;36,74699420022281;0,0;0,0;0,0;0,0;0,0;63,25300579831347;10604,404712380012;3361,546840875817;201,4805373045092;53,56279318391171
сечение;1100,0;20,0;62,5;17,5;BCC_B2 + SIGMA;2;нет;100;42,640824051813446;0,0;0,0;0,0;0,0;0,0;57,35917594947756;10180,561505271457;3053,8126465653477;305,5532891135372;60,00539107527584
сечение;1100,0;17,5;62,5;20,0;BCC_B2 + SIGMA;2;нет;100;50,41195717348592;0,0;0,0;0,0;0,0;0,0;49,588042828527705;9749,214391523681;2879,4048588857695;462,08392695558723;62,27748902211897
сечение;1100,0;15,0;62,5;22,5;BCC_B2 + SIGMA;2;нет;100;59,276672650689754;0,0;0,0;0,0;0,0;0,0;40,72332734985945;9411,620960950691;2680,9385333325044;615,811495809452;51,198541486795875
сечение;1100,0;35,0;65,0;0,0;BCC_B2 + FCC_A1;2;нет;100;42,42673319605794;0,0;0,0;57,57326680266278;0,0;0,0;0,0;38578,93961959657;23742,075116062217;26494,98215208146;1539,4959693271376
сечение;1100,0;32,5;65,0;2,5;BCC_B2 + FCC_A1;2;нет;100;48,659901630488186;0,0;0,0;51,34009836940481;0,0;0,0;0,0;13536,520343522556;5645,043235034071;1971,8639686163951;889,7436120533821
сечение;1100,0;30,0;65,0;5,0;BCC_B2 + FCC_A1;2;нет;100;55,686806146343216;0,0;0,0;44,31319385378585;0,0;0,0;0,0;11514,62018920356;4145,22009145841;579,1841311262542;305,43158840492833
сечение;1100,0;27,5;65,0;7,5;BCC_B2 + FCC_A1 + SIGMA;3;нет;100;56,72672388717782;0,0;0,0;32,36968091520994;0,0;0,0;10,903595194940168;10742,206883094012;3643,0962887879723;176,60065527791448;70,85214469215134
сечение;1100,0;25,0;65,0;10,0;BCC_B2 + FCC_A1 + SIGMA;3;нет;100;50,51110979373007;0,0;0,0;15,414969298356162;0,0;0,0;34,073920908350885;10742,206883092702;3643,0962887879286;176,6006552776671;70,85214469226776
сечение;1100,0;22,5;65,0;12,5;BCC_B2 + SIGMA;2;нет;100;44,55003547270329;0,0;0,0;0,0;0,0;0,0;55,44996452162998;10737,16193601895;3608,5239021565794;177,78333194478182;73,58908349000558
сечение;1100,0;20,0;65,0;15,0;BCC_B2 + SIGMA;2;нет;100;46,512242938678526;0,0;0,0;0,0;0,0;0,0;53,487757061971394;10469,098481826164;3237,175568130755;229,44668527465547;59,362269892997574
сечение;1100,0;17,5;65,0;17,5;BCC_B2 + SIGMA;2;нет;100;52,747562434814654;0,0;0,0;0,0;0,0;0,0;47,25243756604406;10025,313627660638;2979,6248720073345;356,0592034699366;58,82312656856084
сечение;1100,0;15,0;65,0;20,0;BCC_B2 + SIGMA;2;нет;100;60,79093514690588;0,0;0,0;0,0;0,0;0,0;39,20906485431285;9632,012932992991;2807,3150566374825;512,880627853563;53,6170124191849
сечение;1100,0;32,5;67,5;0,0;BCC_B2 + FCC_A1;2;нет;100;48,61711980241744;0,0;0,0;51,38288019363698;0,0;0,0;0,0;38556,3154713782;23725,83214788593;26472,357988179996;1539,496073978531
сечение;1100,0;30,0;67,5;2,5;BCC_B2 + FCC_A1;2;нет;100;55,06067173218524;0,0;0,0;44,939328268012716;0,0;0,0;0,0;13533,444428346455;5642,519925560569;1969,4360695645883;889,140551806544
сечение;1100,0;27,5;67,5;5,0;BCC_B2 + FCC_A1;2;нет;100;62,302621897426405;0,0;0,0;37,69737810373834;0,0;0,0;0,0;11536,674986465514;4160,66025579565;591,8195194782602;312,3901807095681
сечение;1100,0;25,0;67,5;7,5;BCC_B2 + FCC_A1 + SIGMA;3;нет;100;63,841383811558096;0,0;0,0;25,918789129666443;0,0;0,0;10,239825521725807;10742,2068830926;3643,0962887879286;176,600655277638;70,85214469228231
сечение;1100,0;22,5;67,5;10,0;BCC_B2 + FCC_A1 + SIGMA;3;нет;100;57,625769706348166;0,0;0,0;8,96407751715977;0,0;0,0;33,41015277837792;10742,20688309276;3643,096288787914;176,60065527765255;70,85214469223865
сечение;1100,0;20,0;67,5;12,5;BCC_B2 + P_PHASE;2;нет;100;69,05804609529561;0,0;0,0;0,0;0,0;30,941953890577125;0,0;10223,733498161542;3251,661913036165;2,3246684577316046e-07;-91,01168079001945
сечение;1100,0;17,5;67,5;15,0;BCC_B2 + SIGMA;2;нет;100;56,2034545067591;0,0;0,0;0,0;0,0;0,0;43,79654549243696;10316,154452009592;3131,0187265019777;266,932036443337;69,99372991228302
сечение;1100,0;15,0;67,5;17,5;BCC_B2 + SIGMA;2;нет;100;62,880017495503374;0,0;0,0;0,0;0,0;0,0;37,11998250245729;9883,088327943478;2923,1259418947448;408,157871166055;66,53239045526425
сечение;1100,0;30,0;70,0;0,0;BCC_B2 + FCC_A1;2;нет;100;54,80750654502271;0,0;0,0;45,19249345560808;0,0;0,0;0,0;38533,48383311201;23709,440212682384;26449,52633393921;1539,4961805753992
сечение;1100,0;27,5;70,0;2,5;BCC_B2 + FCC_A1;2;нет;100;61,46193785012467;0,0;0,0;38,538062150702714;0,0;0,0;0,0;13530,414826825523;5640,035490869021;1967,0455691304815;888,547048819848
сечение;1100,0;25,0;70,0;5,0;BCC_B2 + FCC_A1;2;нет;100;68,912921118353;0,0;0,0;31,08707888149553;0,0;0,0;0,0;11557,859567824344;4175,546470419737;604,015355111871;319,1185512902157
сечение;1100,0;22,5;70,0;7,5;BCC_B2 + FCC_A1 + SIGMA;3;нет;100;70,95604372221118;0,0;0,0;19,46789735089136;0,0;0,0;9,576057715264103;10742,206883092615;3643,096288787885;176,60065527762345;70,8521446922532
сечение;1100,0;20,0;70,0;10,0;BCC_B2 + FCC_A1 + SIGMA;3;нет;100;64,74042962498244;0,0;0,0;2,5131857342251047;0,0;0,0;32,74638330508889;10742,20688309276;3643,0962887880014;176,6006552777253;70,85214469234052
сечение;1100,0;17,5;70,0;12,5;BCC_B2 + SIGMA;2;нет;100;61,72146214347013;0,0;0,0;0,0;0,0;0,0;38,278537859657106;10578,88804726451;3334,4611785980233;206,3964849707845;53,69726360891946
сечение;1100,0;15,0;70,0;15,0;BCC_B2 + SIGMA;2;нет;100;65,92488392072795;0,0;0,0;0,0;0,0;0,0;34,075116078806694;10160,92839557046;3043,6543465962895;311,56950358142785;59,277495214526425
сечение;1100,0;27,5;72,5;0,0;BCC_B2 + FCC_A1;2;нет;100;60,99789345411413;0,0;0,0;39,00210655431024;0,0;0,0;0,0;38510,43477787459;23692,892183437623;26426,47726242317;1539,4962892012554
сечение;1100,0;25,0;72,5;2,5;BCC_B2 + FCC_A1;2;нет;100;67,86368954884296;0,0;0,0;32,1363104510731;0,0;0,0;0,0;13527,430705385486;5637,589170736042;1964,691736063527;887,9629095959681
сечение;1100,0;22,5;72,5;5,0;BCC_B2 + FCC_A1;2;нет;100;75,51803811785068;0,0;0,0;24,481961882614538;0,0;0,0;0,0;11578,236541004342;4189,9156718182785;615,8007086861617;325,63138173441985
сечение;1100,0;20,0;72,5;7,5;BCC_B2 + FCC_A1 + SIGMA;3;нет;100;78,07070364286594;0,0;0,0;13,017005568561949;0,0;0,0;8,91228981375371;10742,206883092731;3643,0962887879577;176,60065527768165;70,85214469229686
сечение;1100,0;17,5;72,5;10,0;BCC_B2 + SIGMA;2;нет;100;71,44651527600412;0,0;0,0;0,0;0,0;0,0;28,553484731584632;10726,265281165266;3564,765684112528;179,82666554070602;67,72748587894603
сечение;1100,0;15,0;72,5;12,5;BCC_B2 + SIGMA;2;нет;100;70,64530725792386;0,0;0,0;0,0;0,0;0,0;29,35469274274923;10442,513662849218;3216,8178871538257;235,5065720431885;61,728608891775366
сечение;1100,0;25,0;75,0;0,0;BCC_B2 + FCC_A1;2;нет;100;67,18828048170906;0,0;0,0;32,811719521470685;0,0;0,0;0,0;38487,16385555362;23676,18486520482;26403,20632351053;1539,496399915748
сечение;1100,0;22,5;75,0;2,5;BCC_B2 + FCC_A1;2;нет;100;74,26591663464181;0,0;0,0;25,734083365285475;0,0;0,0;0,0;13524,491473504284;5635,180220406139;1962,3738539896294;887,3879448009393
сечение;1100,0;20,0;75,0;5,0;BCC_B2 + FCC_A1;2;нет;100;82,11827587128991;0,0;0,0;17,881724127823365;0,0;0,0;0,0;11597,861975288019;4203,801168109843;627,201780583011;331,94193910177273
сечение;1100,0;17,5;75,0;7,5;BCC_B2 + FCC_A1 + SIGMA;3;нет;100;85,18536354258654;0,0;0,0;6,566113791068052;0,0;0,0;8,248521875532319;10742,206883093066;3643,0962887879286;176,6006552776962;70,852144692195
сечение;1100,0;15,0;75,0;10,0;BCC_B2 + P_PHASE;2;нет;100;88,17983004207139;0,0;0,0;0,0;0,0;11,820169969159094;0,0;10228,948402014707;3256,761589754009;0,0005313112051226199;-90,34975955093978
сечение;1100,0;22,5;77,5;0,0;BCC_B2 + FCC_A1;2;нет;100;73,37866767436175;0,0;0,0;26,621332329136365;0,0;0,0;0,0;38463,67110097964;23659,318282994456;26379,713552025874;1539,4965127590403
сечение;1100,0;20,0;77,5;2,5;BCC_B2 + FCC_A1;2;нет;100;80,66860914735643;0,0;0,0;19,331390852739744;0,0;0,0;0,0;13521,595798165363;5632,807910369142;1960,0912211969262;886,8219691933045
сечение;1100,0;17,5;77,5;5,0;BCC_B2 + FCC_A1;2;нет;100;88,71390996836716;0,0;0,0;11,286090031934535;0,0;0,0;0,0;11616,786186781086;4217,234576132629;638,2422854037432;338,0622569728439
сечение;1100,0;15,0;77,5;7,5;BCC_B2 + FCC_A1 + SIGMA;3;нет;100;92,30002346936948;0,0;0,0;0,11522200721919315;0,0;0,0;7,584753868613136;10742,206883094157;3643,0962887880596;176,6006552780018;70,85214469220955
сечение;1100,0;20,0;80,0;0,0;BCC_B2 + FCC_A1;2;нет;100;79,56905502278778;0,0;0,0;20,43094497738395;0,0;0,0;0,0;38439,951697466924;23642,288978679382;26355,99413127381;1539,49662779567
сечение;1100,0;17,5;80,0;2,5;BCC_B2 + FCC_A1;2;нет;100;87,0717573571078;0,0;0,0;12,928242642866037;0,0;0,0;0,0;13518,743228972511;5630,471526146546;1957,8431504306354;886,2648015560553
сечение;1100,0;15,0;80,0;5,0;BCC_B2 + FCC_A1;2;нет;100;95,3051919299144;0,0;0,0;4,694808070271582;0,0;0,0;0,0;11635,054775198892;4230,2418440028705;648,9437395322166;344,0032878938946
сечение;1100,0;17,5;82,5;0,0;BCC_B2 + FCC_A1;2;нет;100;85,7594425340405;0,0;0,0;14,24055745824323;0,0;0,0;0,0;38416,00075410835;23625,093440845376;26332,043170337114;1539,4967450923868
сечение;1100,0;15,0;82,5;2,5;BCC_B2 + FCC_A1;2;нет;100;93,4753517598245;0,0;0,0;6,52464823981166;0,0;0,0;0,0;13515,932845473813;5628,170368059698;1955,6289686697128;885,7162646248617
сечение;1100,0;15,0;85,0;0,0;BCC_B2 + FCC_A1;2;нет;100;91,94983022824084;0,0;0,0;8,050169773513959;0,0;0,0;0,0;38391,811494084206;23607,726804091333;26307,853892384606;1539,496864727771
сечение;1250,0;100,0;0,0;0,0;FCC_A1;1;нет;100;0,0;0,0;0,0;100,00000000004061;0,0;0,0;0,0;34444,14617000084;34866,26533550814;94463,82281711124;24496,670832750082
сечение;1250,0;97,5;0,0;2,5;FCC_A1;1;нет;100;0,0;0,0;0,0;100,0;0,0;0,0;0,0;6717,516552589601;13024,0149052372;66266,53179018517;7192,114870375124
сечение;1250,0;95,0;0,0;5,0;FCC_A1;1;нет;100;0,0;0,0;0,0;100,0;0,0;0,0;0,0;4672,618064471346;9924,83302113389;63786,76800427458;5806,16385093682
сечение;1250,0;92,5;0,0;7,5;FCC_A1;1;нет;100;0,0;0,0;0,0;100,0;0,0;0,0;0,0;3475,7711624467047;7687,95904673943;62192,376295992726;4893,7709985633555
сечение;1250,0;90,0;0,0;10,0;FCC_A1;1;нет;100;0,0;0,0;0,0;99,99999999999999;0,0;0,0;0,0;2652,405948592219;5930,848077379225;61010,30420515366;4160,329459101529
сечение;1250,0;87,5;0,0;12,5;FCC_A1;1;нет;100;0,0;0,0;0,0;100,0;0,0;0,0;0,0;2045,072010507487;4508,982829301851;60084,7288388233;3514,2703323968017
сечение;1250,0;85,0;0,0;15,0;FCC_A1;1;нет;100;0,0;0,0;0,0;99,99999999999997;0,0;0,0;0,0;1576,7727160235954;3343,7492655508977;59340,61849725491;2918,896648723705
сечение;1250,0;82,5;0,0;17,5;FCC_A1;1;нет;100;0,0;0,0;0,0;100,0;0,0;0,0;0,0;1200,2738082693686;2384,2661020826345;58733,631891109544;2359,6027493370348
сечение;1250,0;80,0;0,0;20,0;FCC_A1;1;нет;100;0,0;0,0;0,0;100,00000000000003;0,0;0,0;0,0;880,4780057164899;1594,1539842661005;58233,93113055534;1832,051955452087
сечение;1250,0;77,5;0,0;22,5;FCC_A1;1;нет;100;0,0;0,0;0,0;100,0;0,0;0,0;0,0;583,4899047250656;945,7094339465839;57819,62074840051;1336,581087290906
сечение;1250,0;75,0;0,0;25,0;FCC_A1;1;нет;100;0,0;0,0;0,0;99,99999999999997;0,0;0,0;0,0;248,33152474495;373,8467167238414;57473,66989193225;875,2046463824372
сечение;1250,0;72,5;0,0;27,5;D_NIMO + FCC_A1;2;нет;100;0,0;0,0;5,338278369536259;94,66172163017869;0,0;0,0;0,0;5,0485454266890883e-05;116,04643892063177;57065,32012894162;645,5756770083826
сечение;1250,0;70,0;0,0;30,0;D_NIMO + FCC_A1;2;нет;100;0,0;0,0;16,676977012159806;83,32302298772419;0,0;0,0;0,0;5,091674393042922e-05;116,04658313268737;56488,268907071615;645,575951755498
сечение;1250,0;67,5;0,0;32,5;D_NIMO + FCC_A1;2;нет;100;0,0;0,0;28,0156438980318;71,98435610205772;0,0;0,0;0,0;5,148733907844871e-05;116,04677278437885;55826,65993065186;645,5763130693085
сечение;1250,0;65,0;0,0;35,0;D_NIMO + FCC_A1;2;нет;100;0,0;0,0;39,354261218230334;60,64573878216145;0,0;0,0;0,0;5,227560177445412e-05;116,04703335106024;55051,43151417264;645,5768094824743
сечение;1250,0;62,5;0,0;37,5;D_NIMO + FCC_A1;2;нет;100;0,0;0,0;50,69279479201823;49,30720520777985;0,0;0,0;0,0;5,343784869182855e-05;116,04741376529273;54115,27576066746;645,5775342103298
сечение;1250,0;60,0;0,0;40,0;D_NIMO + FCC_A1;2;нет;100;0,0;0,0;62,03116958169114;37,96883041820231;0,0;0,0;0,0;5,5320269893854856e-05;116,04802140225365;52933,40108341415;645,5786917970399
сечение;1250,0;57,5;0,0;42,5;D_NIMO + FCC_A1;2;нет;100;0,0;0,0;73,3691828281412;26,630817171797;0,0;0,0;0,0;5,8891644584946334e-05;116,04914649610873;51329,11528170397;645,5808350937441
сечение;1250,0;55,0;0,0;45,0;D_NIMO + FCC_A1;2;нет;100;0,0;0,0;84,70603082479954;15,293969175190833;0,0;0,0;0,0;6,355532968882471e-05;116,05193984441576;48820,609226000495;645,586135641177
сечение;1250,0;52,5;0,0;47,5;D_NIMO + FCC_A1;2;нет;100;0,0;0,0;96,03175312639435;3,9682468735852274;0,0;0,0;0,0;1,63380173034966e-05;116,0706857326295;42718,1984107857;645,6216129839304
сечение;1250,0;50,0;0,0;50,0;D_NIMO + FCC_A1;2;нет;100;0,0;0,0;99,99257435542371;0,007425641660109023;0,0;0,0;0,0;5,214323755353689e-05;136,63300748249458;14076,188510862048;638,7066899517813
сечение;1250,0;47,5;0,0;52,5;BCC_B2 + D_NIMO;2;нет;100;0,3466248155603001;0,0;99,65337518488016;0,0;0,0;0,0;0,0;3,2375683076679707e-06;238,00408869082457;25476,014696991362;763,3062973549677
сечение;1250,0;45,0;0,0;55,0;BCC_B2 + D_NIMO;2;нет;100;5,734343653521198;0,0;94,26565634616848;0,0;0,0;0,0;0,0;1,3890472473576665e-05;238,42516827340296;38165,47743255261;763,5907393971866
сечение;1250,0;42,5;0,0;57,5;BCC_B2 + D_NIMO;2;нет;100;11,133500100692165;0,0;88,86649989866643;0,0;0,0;0,0;0,0;1,7397120245732367e-05;238,4383153097442;41166,398944451095;763,5996224219416
сечение;1250,0;40,0;0,0;60,0;BCC_B2 + D_NIMO;2;нет;100;16,53289702154958;0,0;83,46710298049769;0,0;0,0;0,0;0,0;1,8705555703490973e-05;238,4428755204426;42954,74697385784;763,6027036378509
сечение;1250,0;37,5;0,0;62,5;BCC_B2 + D_NIMO;2;нет;100;21,93235670196316;0,0;78,06764330043976;0,0;0,0;0,0;0,0;1,9387734937481582e-05;238,44519044517074;44232,98076465426;763,6042677781807
сечение;1250,0;35,0;0,0;65,0;BCC_B2 + D_NIMO;2;нет;100;27,331842055513416;0,0;72,66815795120306;0,0;0,0;0,0;0,0;1,980643719434738e-05;238,4465907408885;45228,4327558458;763,6052139271196
сечение;1250,0;32,5;0,0;67,5;BCC_B2 + D_NIMO;2;нет;100;32,73134039567349;0,0;67,26865962058028;0,0;0,0;0,0;0,0;2,0089428289793432e-05;238,44752904618508;46043,83476042366;763,605847920102
сечение;1250,0;30,0;0,0;70,0;BCC_B2 + D_NIMO;2;нет;100;38,130846212805096;0,0;61,86915381807591;0,0;0,0;0,0;0,0;2,0293548004701734e-05;238,44820161191456;46734,44318552915;763,606302358894
сечение;1250,0;27,5;0,0;72,5;BCC_B2 + D_NIMO;2;нет;100;43,5303567354598;0,0;56,469643317711785;0,0;0,0;0,0;0,0;2,0447609131224453e-05;238,44870733444986;47333,44500065563;763,6066440653958
сечение;1250,0;25,0;0,0;75,0;BCC_B2 + D_NIMO;2;нет;100;48,929870455697625;0,0;51,070129629160846;0,0;0,0;0,0;0,0;2,0568346371874213e-05;238,44910142988374;47862,2981956194;763,606910347924
сечение;1250,0;22,5;0,0;77,5;BCC_B2 + D_NIMO;2;нет;100;54,329386412420924;0,0;45,6706137146362;0,0;0,0;0,0;0,0;2,066513116005808e-05;238,44941719384224;48335,73919158915;763,6071237034339
сечение;1250,0;20,0;0,0;80,0;BCC_B2 + D_NIMO;2;нет;100;59,72890404772667;0,0;40,27109613704674;0,0;0,0;0,0;0,0;2,0744555513374507e-05;238,44967587712745;48764,300231931295;763,6072984906932
сечение;1250,0;17,5;0,0;82,5;BCC_B2 + D_NIMO;2;нет;100;65,12842295723006;0,0;34,87157730018095;0,0;0,0;0,0;0,0;2,081110142171383e-05;238,449891666678;49155,74431186463;763,6074442955869
сечение;1250,0;97,5;2,5;0,0;FCC_A1;1;нет;100;0,0;0,0;0,0;99,99999999800647;0,0;0,0;0,0;34473,75061251252;34824,7607709275;47949,48831110008;15478,998496072527
сечение;1250,0;95,0;2,5;2,5;FCC_A1;1;нет;100;0,0;0,0;0,0;100,00000000000003;0,0;0,0;0,0;6789,098066442501;12984,982763006032;19798,07928734875;7356,715467814982
сечение;1250,0;92,5;2,5;5,0;FCC_A1;1;нет;100;0,0;0,0;0,0;100,0;0,0;0,0;0,0;4781,0895055204455;9859,27618820344;17360,355997677747;5978,5819663715665
сечение;1250,0;90,0;2,5;7,5;FCC_A1;1;нет;100;0,0;0,0;0,0;100,00000000000003;0,0;0,0;0,0;3616,143164045512;7620,2558229849965;15804,481737904745;5066,595696569857
сечение;1250,0;87,5;2,5;10,0;FCC_A1;1;нет;100;0,0;0,0;0,0;100,00000000000003;0,0;0,0;0,0;2819,713784372012;5879,41847902369;14657,7185528009;4302,813154965697
сечение;1250,0;85,0;2,5;12,5;FCC_A1;1;нет;100;0,0;0,0;0,0;100,00000000000004;0,0;0,0;0,0;2234,2651278294943;4482,180844288756;13764,386224516944;3645,2796407701535
сечение;1250,0;82,5;2,5;15,0;FCC_A1;1;нет;100;0,0;0,0;0,0;100,0;0,0;0,0;0,0;1782,442044607611;3345,1287000899756;13049,906304180491;3069,0563821406686
сечение;1250,0;80,0;2,5;17,5;FCC_A1;1;нет;100;0,0;0,0;0,0;100,00000000000004;0,0;0,0;0,0;1416,0462252677971;2415,001990437042;12470,261430138475;2500,6893667607656
сечение;1250,0;77,5;2,5;20,0;FCC_A1;1;нет;100;0,0;0,0;0,0;100,0;0,0;0,0;0,0;1097,4026969308325;1654,2416817781632;11995,8518202649;1934,9536150093627
сечение;1250,0;75,0;2,5;22,5;FCC_A1;1;нет;100;0,0;0,0;0,0;100,0;0,0;0,0;0,0;783,5924794587045;1004,5123277912207;11605,13102249938;1410,5941488624667
сечение;1250,0;72,5;2,5;25,0;FCC_A1;1;нет;100;0,0;0,0;0,0;100,0;0,0;0,0;0,0;357,7380551396054;472,2267751533509;11281,407160524905;909,4293427086086
сечение;1250,0;70,0;2,5;27,5;D_NIMO + FCC_A1;2;нет;100;0,0;0,0;3,165748489568558;96,83425151005575;0,0;0,0;0,0;2,5845307391136885e-05;165,90673603244068;10932,628948636848;608,7323259672703
сечение;1250,0;67,5;2,5;30,0;D_NIMO + FCC_A1;2;нет;100;0,0;0,0;13,138991533426164;86,8610084656103;0,0;0,0;0,0;1,8332008039578795e-05;166,15648560582486;10394,969939475894;599,6432821667986
сечение;1250,0;65,0;2,5;32,5;D_NIMO + FCC_A1;2;нет;100;0,0;0,0;22,906836594652795;77,0931634046035;0,0;0,0;0,0;0,00013493993901647627;157,95850150602928;9799,800273307032;576,1893894661043
сечение;1250,0;62,5;2,5;35,0;D_NIMO + FCC_A1;2;нет;100;0,0;0,0;32,4237911578191;67,57620884185174;0,0;0,0;0,0;7,626149454154074e-06;138,54430619839695;9135,809350272088;534,1670993606385
сечение;1250,0;60,0;2,5;37,5;BCC_B2 + D_NIMO + FCC_A1;3;нет;200;0,18268122492777122;0,0;41,15620157974815;58,66111720080027;0,0;0,0;0,0;4,257656109984964e-05;102,51078267142293;8419,355268506726;490,1481218660774
сечение;1250,0;57,5;2,5;40,0;D_NIMO + FCC_A1 + MU_PHASE;3;нет;50;0,0;0,0;12,519255862331494;35,539517451902256;51,94122670419633;0,0;0,0;9,261348168365657e-06;86,31198598298943;8068,500427451887;456,7039849852881
сечение;1250,0;55,0;2,5;42,5;BCC_B2 + D_NIMO + FCC_A1;3;нет;100;9,688870134415001;0,0;34,48705387143714;55,82407600530287;0,0;0,0;0,0;4,257657565176487e-05;102,51078267142293;8419,35526850626;490,14812186606287
сечение;1250,0;52,5;2,5;45,0;BCC_B2 + D_NIMO + FCC_A1;3;нет;100;14,441964649286268;0,0;31,152480027029405;54,40555533156537;0,0;0,0;0,0;4,257650289218873e-05;102,51078267135017;8419,355268508065;490,1481218660774
сечение;1250,0;50,0;2,5;47,5;BCC_B2 + D_NIMO + FCC_A1;3;нет;100;19,195059378335028;0,0;27,817905693855927;52,98703493210153;0,0;0,0;0,0;4,257645923644304e-05;102,51078267130652;8419,355268505402;490,1481218659028
сечение;1250,0;47,5;2,5;50,0;BCC_B2 + D_NIMO + FCC_A1;3;нет;100;23,948152639490196;0,0;24,483335248283904;51,5685121130374;0,0;0,0;0,0;4,2576430132612586e-05;102,51078267127741;8419,355268507992;490,1481218660192
сечение;1250,0;45,0;2,5;52,5;BCC_B2 + D_NIMO + FCC_A1;3;нет;100;28,701247709972833;0,0;21,14875989084274;50,149992399436215;0,0;0,0;0,0;4,2576444684527814e-05;102,51078267130652;8419,355268506843;490,148121865961
сечение;1250,0;42,5;2,5;55,0;BCC_B2 + D_NIMO + FCC_A1;3;нет;50;33,454342149830325;0,0;17,814186330194154;48,7314715194741;0,0;0,0;0,0;4,25765902036801e-05;102,51078267140838;8419,355268507148;490,1481218661065
сечение;1250,0;40,0;2,5;57,5;BCC_B2 + D_NIMO + FCC_A1;3;нет;200;38,20743661850328;0,0;14,479612397263239;47,312950980833996;0,0;0,0;0,0;4,257657565176487e-05;102,51078267139383;8419,355268507628;490,1481218661211
сечение;1250,0;37,5;2,5;60,0;BCC_B2 + D_NIMO + FCC_A1;3;нет;200;42,96053001048975;0,0;11,145041765179805;45,89442821865917;0,0;0,0;0,0;4,2576444684527814e-05;102,51078267139383;8419,355268507556;490,1481218660192
сечение;1250,0;35,0;2,5;62,5;BCC_B2 + D_NIMO + FCC_A1;3;нет;200;47,71362425158809;0,0;7,810468624213236;44,475907116244684;0,0;0,0;0,0;4,257650289218873e-05;102,51078267137927;8419,355268506188;490,1481218659901
сечение;1250,0;32,5;2,5;65,0;BCC_B2 + D_NIMO + FCC_A1;3;нет;100;52,466719338778525;0,0;4,475893246744427;43,05738740975105;0,0;0,0;0,0;4,257645923644304e-05;102,51078267133562;8419,35526850693;490,1481218659901
сечение;1250,0;30,0;2,5;67,5;BCC_B2 + D_NIMO + FCC_A1;3;нет;200;57,21981329589799;0,0;1,1413208954088725;41,63886580095095;0,0;0,0;0,0;4,257656109984964e-05;102,51078267139383;8419,355268506202;490,1481218660483
сечение;1250,0;27,5;2,5;70,0;BCC_B2 + FCC_A1;2;нет;100;61,25192934824878;0,0;0,0;38,7480706517553;0,0;0,0;0,0;13,910473677853588;106,3993647901807;8284,945134676978;492,67621329006215
сечение;1250,0;25,0;2,5;72,5;BCC_B2 + FCC_A1;2;нет;100;64,91585364717797;0,0;0,0;35,08414635282649;0,0;0,0;0,0;36,557870928925695;113,3670007137116;8074,727745447104;491,5328782692377
сечение;1250,0;22,5;2,5;75,0;BCC_B2 + FCC_A1;2;нет;100;68,5892781507078;0,0;0,0;31,410721849291168;0,0;0,0;0,0;61,192504117963836;121,76982305171259;7857,22721990633;491,4291906480066
сечение;1250,0;20,0;2,5;77,5;BCC_B2 + FCC_A1;2;нет;100;72,27359165599434;0,0;0,0;27,726408343998603;0,0;0,0;0,0;88,03859763187938;131,81397643817763;7632,201090094211;492,54429085936863
сечение;1250,0;17,5;2,5;80,0;BCC_B2 + FCC_A1;2;нет;100;75,9704155947285;0,0;0,0;24,029584405273514;0,0;0,0;0,0;117,34519036328129;143,73380012101552;7399,4813580728805;493,71939145427314
сечение;1250,0;15,0;2,5;82,5;BCC_B2 + FCC_A1;2;нет;100;79,68164102186638;0,0;0,0;20,31835897812378;0,0;0,0;0,0;149,38705323853355;157,79401529283496;7158,955404122185;479,0903088867926
сечение;1250,0;95,0;5,0;0,0;FCC_A1;1;нет;100;0,0;0,0;0,0;99,99999988516366;0,0;0,0;0,0;34555,83652998808;34780,82249431897;44151,310298872704;14011,037754153906
сечение;1250,0;92,5;5,0;2,5;FCC_A1;1;нет;100;0,0;0,0;0,0;100,0;0,0;0,0;0,0;6912,081032130358;12762,461080524867;16047,429857843614;7546,130566546533
сечение;1250,0;90,0;5,0;5,0;FCC_A1;1;нет;100;0,0;0,0;0,0;100,0;0,0;0,0;0,0;4939,821519892794;9831,462194620166;13653,247609002006;6130,023572301638
сечение;1250,0;87,5;5,0;7,5;FCC_A1;1;нет;100;0,0;0,0;0,0;100,0;0,0;0,0;0,0;3805,5328688348236;7596,078827933437;12137,165016011524;5223,916159653847
сечение;1250,0;85,0;5,0;10,0;FCC_A1;1;нет;100;0,0;0,0;0,0;99,99999999999999;0,0;0,0;0,0;3034,64914992993;5873,062894411894;11026,78939276174;4476,577434211533
сечение;1250,0;82,5;5,0;12,5;FCC_A1;1;нет;100;0,0;0,0;0,0;100,00000000000003;0,0;0,0;0,0;2469,4294378208288;4501,437498177329;10166,926049127724;3806,6860580160865
сечение;1250,0;80,0;5,0;15,0;FCC_A1;1;нет;100;0,0;0,0;0,0;100,0;0,0;0,0;0,0;2031,917810194529;3338,032240840359;9483,131205511905;3226,377663724241
сечение;1250,0;77,5;5,0;17,5;FCC_A1;1;нет;100;0,0;0,0;0,0;99,99999999999999;0,0;0,0;0,0;1672,3685392692423;2362,5938548839476;8931,76532061657;2548,344461257104
сечение;1250,0;75,0;5,0;20,0;FCC_A1;1;нет;100;0,0;0,0;0,0;100,0;0,0;0,0;0,0;1348,6386923000537;1576,413760947209;8483,598655264941;1970,0698214269796
сечение;1250,0;72,5;5,0;22,5;FCC_A1;1;нет;100;0,0;0,0;0,0;99,99999999999997;0,0;0,0;0,0;995,7623681886325;943,0577664237353;8117,407374894188;1424,3051680295903
сечение;1250,0;70,0;5,0;25,0;FCC_A1;1;нет;100;0,0;0,0;0,0;100,00000000000003;0,0;0,0;0,0;473,29918042336067;435,63021139871853;7816,821926738005;879,1632878709497
сечение;1250,0;67,5;5,0;27,5;BCC_B2 + FCC_A1;2;нет;100;0,9723179532581548;0,0;0,0;99,02768204663145;0,0;0,0;0,0;92,3033266174898;133,488942197524;7597,5258981039515;492,83133151941
сечение;1250,0;65,0;5,0;30,0;BCC_B2 + FCC_A1;2;нет;100;4,602159602620276;0,0;0,0;95,3978403976204;0,0;0,0;0,0;108,0579463338945;139,85450753230543;7471,856310156247;494,1384607743821
сечение;1250,0;62,5;5,0;32,5;BCC_B2 + FCC_A1;2;нет;100;8,235710621653828;0,0;0,0;91,76428937882001;0,0;0,0;0,0;124,6619721436;146,85379396112694;7343,327454395549;490,1744495883613
сечение;1250,0;60,0;5,0;35,0;BCC_B2 + FCC_A1;2;нет;100;11,873327230345117;0,0;0,0;88,12667276970484;0,0;0,0;0,0;142,17793998861453;154,54263425843965;7211,877286431161;482,18335329933325
сечение;1250,0;57,5;5,0;37,5;BCC_B2 + FCC_A1;2;нет;100;15,515407366982338;0,0;0,0;84,48459265632069;0,0;0,0;0,0;160,6739500304393;162,98223099074676;7077,4095819339855;474,4683115984517
сечение;1250,0;55,0;5,0;40,0;BCC_B2 + FCC_A1;2;нет;100;19,162396765404765;0,0;0,0;80,83760324225906;0,0;0,0;0,0;180,22368607253884;172,2396544329531;6939,840766387555;467,07434137907694
сечение;1250,0;52,5;5,0;42,5;BCC_B2 + FCC_A1;2;нет;100;22,814794232956956;0,0;0,0;77,18520576902202;0,0;0,0;0,0;200,9072225132113;182,38836502400227;6799,107268971275;460,0520254002622
сечение;1250,0;50,0;5,0;45,0;BCC_B2 + FCC_A1;2;нет;100;26,4731595402674;0,0;0,0;73,52684046013623;0,0;0,0;0,0;222,8110850879748;193,5087522164249;6655,0824847322365;453,45813879268826
сечение;1250,0;47,5;5,0;47,5;BCC_B2 + FCC_A1;2;нет;100;30,138121134049307;0,0;0,0;69,86187886603167;0,0;0,0;0,0;246,02892032005184;205,6886772349244;6507,7500647003035;446,72291653900174
сечение;1250,0;45,0;5,0;50,0;BCC_B2 + FCC_A1;2;нет;100;33,81038509713223;0,0;0,0;66,18961490292403;0,0;0,0;0,0;270,6615958599141;219,02400150899484;6357,024657366288;421,86633664641704
сечение;1250,0;42,5;5,0;52,5;BCC_B2 + FCC_A1;2;нет;100;37,49074514207151;0,0;0,0;62,50925485791448;0,0;0,0;0,0;296,8178949765279;233,61907509430603;6202,8639163220505;397,06668368930696
сечение;1250,0;40,0;5,0;55,0;BCC_B2 + FCC_A1;2;нет;100;41,18009365821984;0,0;0,0;58,81990634177997;0,0;0,0;0,0;324,61418388936727;249,5871499144705;6045,244751937455;372,39200871593494
сечение;1250,0;37,5;5,0;57,5;BCC_B2 + FCC_A1;2;нет;100;44,879433812405;0,0;0,0;55,120566187596054;0,0;0,0;0,0;354,1749418029358;267,05067086829513;5884,119226959214;347,9210635843483
сечение;1250,0;35,0;5,0;60,0;BCC_B2 + FCC_A1;2;нет;100;48,58989259891258;0,0;0,0;51,410107401087465;0,0;0,0;0,0;385,6323127489013;286,1413835867861;5719,533070812642;314,8469737193518
сечение;1250,0;32,5;5,0;62,5;BCC_B2 + FCC_A1;2;нет;100;52,31273467500016;0,0;0,0;47,68726532499773;0,0;0,0;0,0;419,12465990305645;307,00018097128486;5551,512631657592;277,17747839112417
сечение;1250,0;30,0;5,0;65,0;BCC_B2 + FCC_A1;2;нет;100;56,04937665813294;0,0;0,0;43,9506233418664;0,0;0,0;0,0;454,7981174928136;329,77659208051045;5380,133155695177;239,6292363393004
сечение;1250,0;27,5;5,0;67,5;BCC_B2 + FCC_A1;2;нет;100;59,80140139002894;0,0;0,0;40,19859860997015;0,0;0,0;0,0;492,80182161863195;354,6277976487472;5205,509061424178;202,33166896853072
сечение;1250,0;25,0;5,0;70,0;BCC_B2 + FCC_A1;2;нет;100;63,57057144016869;0,0;0,0;36,42942855983197;0,0;0,0;0,0;533,2886932413676;381,7170386334619;5027,805560558292;165,43309225879784
сечение;1250,0;22,5;5,0;72,5;BCC_B2 + FCC_A1;2;нет;100;67,35884083883984;0,0;0,0;32,64115916116208;0,0;0,0;0,0;576,4109536056058;411,2112712228409;4847,2447897971;129,1016875191126
сечение;1250,0;20,0;5,0;75,0;BCC_B2 + FCC_A1;2;нет;100;71,16836370461596;0,0;0,0;28,83163629538499;0,0;0,0;0,0;622,3167500550626;443,27791877955315;4664,109866394836;86,57060216306127
сечение;1250,0;17,5;5,0;77,5;BCC_B2 + FCC_A1;2;нет;100;75,0014980117747;0,0;0,0;24,998501988229886;0,0;0,0;0,0;671,1453747754713;478,0805727830884;4478,752548453602;35,738038301700726
сечение;1250,0;15,0;5,0;80,0;BCC_B2 + FCC_A1 + SIGMA;3;нет;100;78,30906639621669;0,0;0,0;20,509032192179873;0,0;0,0;1,1819014285185345;703,6278004833584;501,59964786685305;4360,445984655307;3,9772984712326434
сечение;1250,0;92,5;7,5;0,0;FCC_A1;1;нет;100;0,0;0,0;0,0;99,99999986512915;0,0;0,0;0,0;34689,37113941247;34721,84083064881;41715,6132410179;12980,627917310747
сечение;1250,0;90,0;7,5;2,5;FCC_A1;1;нет;100;0,0;0,0;0,0;99,99999999999999;0,0;0,0;0,0;7085,104279510895;12570,71978266821;13659,081284730419;7716,556994512954
сечение;1250,0;87,5;7,5;5,0;FCC_A1;1;нет;100;0,0;0,0;0,0;99,99999999999999;0,0;0,0;0,0;5147,151188607735;9584,36990797508;11308,241670114949;6338,678967637417
сечение;1250,0;85,0;7,5;7,5;FCC_A1;1;нет;100;0,0;0,0;0,0;99,99999999999999;0,0;0,0;0,0;4041,999887170605;7464,937919509946;9831,846600455348;5423,632888258653
сечение;1250,0;82,5;7,5;10,0;FCC_A1;1;нет;100;0,0;0,0;0,0;99,99999999999997;0,0;0,0;0,0;3294,979156932168;5816,320447032471;8757,807215462526;4651,002139932709
сечение;1250,0;80,0;7,5;12,5;FCC_A1;1;нет;100;0,0;0,0;0,0;100,00000000000003;0,0;0,0;0,0;2747,9813814324443;4403,152019949062;7931,261048572778;3960,3820312823955
сечение;1250,0;77,5;7,5;15,0;FCC_A1;1;нет;100;0,0;0,0;0,0;100,0;0,0;0,0;0,0;2322,0958548407652;3225,1979886368645;7278,14866243799;3302,953407037523
сечение;1250,0;75,0;7,5;17,5;FCC_A1;1;нет;100;0,0;0,0;0,0;100,0;0,0;0,0;0,0;1965,07601519741;2286,3348680394993;6755,110460932163;2634,4183385336073
сечение;1250,0;72,5;7,5;20,0;FCC_A1;1;нет;100;0,0;0,0;0,0;100,00000000000004;0,0;0,0;0,0;1626,4193164985045;1534,4595700018544;6333,28068013076;1977,0333903611172
сечение;1250,0;70,0;7,5;22,5;FCC_A1;1;нет;100;0,0;0,0;0,0;99,99999999999997;0,0;0,0;0,0;1182,5722497370443;933,5086428212089;5991,807119880497;1266,3763362092577
сечение;1250,0;67,5;7,5;25,0;FCC_A1;1;нет;100;0,0;0,0;0,0;99,99999999999997;0,0;0,0;0,0;615,3292573968793;456,96438821601623;5714,646684182197;562,187656362963
сечение;1250,0;65,0;7,5;27,5;BCC_B2 + FCC_A1;2;нет;100;2,2170299682159005;0,0;0,0;97,78297003201743;0,0;0,0;0,0;420,0101341231493;307,5587278052262;5547,1663602908375;276,2141434528312
сечение;1250,0;62,5;7,5;30,0;BCC_B2 + FCC_A1;2;нет;100;5,887425364121043;0,0;0,0;94,1125746361575;0,0;0,0;0,0;445,2896253023646;323,65186217169685;5425,082931333687;249,38892682157166
сечение;1250,0;60,0;7,5;32,5;BCC_B2 + FCC_A1;2;нет;100;9,564817621630876;0,0;0,0;90,43518237814429;0,0;0,0;0,0;471,83844635744754;340,84754687399254;5300,861011612869;222,5731506220036
сечение;1250,0;57,5;7,5;35,0;BCC_B2 + FCC_A1;2;нет;100;13,249872407546585;0,0;0,0;86,75012759274041;0,0;0,0;0,0;499,73395878648444;359,2224373526842;5174,491545866302;195,8126065741526
сечение;1250,0;55,0;7,5;37,5;BCC_B2 + FCC_A1;2;нет;100;16,94332629302752;0,0;0,0;83,05667373391049;0,0;0,0;0,0;529,05744571783;378,8577802461805;5045,995460832404;169,15914097275527
сечение;1250,0;52,5;7,5;40,0;BCC_B2 + FCC_A1;2;нет;100;20,645994730988544;0,0;0,0;79,35400527564448;0,0;0,0;0,0;559,8938894864405;399,839344008069;4915,392619020524;142,67120876241825
сечение;1250,0;50,0;7,5;42,5;BCC_B2 + FCC_A1;2;нет;100;24,358778628101554;0,0;0,0;75,6412213732665;0,0;0,0;0,0;592,3317082516296;422,2572302949411;4782,714804171308;116,41442595762783
сечение;1250,0;47,5;7,5;45,0;BCC_B2 + FCC_A1;2;нет;100;28,082673575693008;0,0;0,0;71,91732642447172;0,0;0,0;0,0;626,4620356042142;446,20553303539054;4648,005843328574;82,10458878688223
сечение;1250,0;45,0;7,5;47,5;BCC_B2 + FCC_A1;2;нет;100;31,818777735915997;0,0;0,0;68,18122226406716;0,0;0,0;0,0;662,3782244593604;471,7817625251482;4511,351601932314;44,58532648302207
сечение;1250,0;42,5;7,5;50,0;BCC_B2 + FCC_A1;2;нет;100;35,56830071266902;0,0;0,0;64,43169928732327;0,0;0,0;0,0;700,1750171795866;499,0863076614187;4372,842773331635;7,278794113124604
сечение;1250,0;40,0;7,5;52,5;BCC_B2 + FCC_A1 + SIGMA;3;нет;100;38,05631568260445;0,0;0,0;59,00851811197509;0,0;0,0;2,935166208627467;703,6278004830529;501,59964786663477;4360,445984655977;3,977298471276299
сечение;1250,0;37,5;7,5;55,0;BCC_B2 + FCC_A1 + SIGMA;3;нет;100;40,420538622683914;0,0;0,0;53,42287012515282;0,0;0,0;6,156591241357928;703,6278004832129;501,59964786673663;4360,445984655671;3,977298471261747
сечение;1250,0;35,0;7,5;57,5;BCC_B2 + FCC_A1 + SIGMA;3;нет;100;42,7847615629139;0,0;0,0;47,837222138572336;0,0;0,0;9,378016303544227;703,6278004833875;501,59964786688215;4360,445984655118;3,9772984711598838
сечение;1250,0;32,5;7,5;60,0;BCC_B2 + FCC_A1 + SIGMA;3;нет;100;45,148984502890585;0,0;0,0;42,25157415165298;0,0;0,0;12,599441324363386;703,627800483373;501,5996478668676;4360,4459846553655;3,9772984712471953
сечение;1250,0;30,0;7,5;62,5;BCC_B2 + FCC_A1 + SIGMA;3;нет;100;47,51320744310431;0,0;0,0;36,66592616519792;0,0;0,0;15,820866415822396;703,6278004834166;501,5996478668967;4360,445984655045;3,97729847113078
сечение;1250,0;27,5;7,5;65,0;BCC_B2 + FCC_A1 + SIGMA;3;нет;100;49,8774303830947;0,0;0,0;31,080278178275833;0,0;0,0;19,042291460550484;703,627800483242;501,5996478667512;4360,445984655453;3,9772984712035395
сечение;1250,0;25,0;7,5;67,5;BCC_B2 + FCC_A1 + SIGMA;3;нет;100;52,2416533233138;0,0;0,0;25,49463019168257;0,0;0,0;22,263716454644776;703,6278004832711;501,5996478667803;4360,445984655336;3,9772984711744357
сечение;1250,0;22,5;7,5;70,0;BCC_B2 + FCC_A1 + SIGMA;3;нет;100;54,60587626346041;0,0;0,0;19,908982205080804;0,0;0,0;25,485141499255736;703,6278004832129;501,5996478667512;4360,445984655744;3,977298471290851
сечение;1250,0;20,0;7,5;72,5;BCC_B2 + FCC_A1 + SIGMA;3;нет;100;56,97009920343582;0,0;0,0;14,323334218198159;0,0;0,0;28,70656654952138;703,6278004832711;501,59964786679484;4360,445984655584;3,977298471276299
сечение;1250,0;17,5;7,5;75,0;BCC_B2 + FCC_A1 + SIGMA;3;нет;100;59,33432214369048;0,0;0,0;8,737686231628542;0,0;0,0;31,927991612033118;703,6278004832711;501,5996478667803;4360,445984655438;3,9772984712180914
сечение;1250,0;15,0;7,5;77,5;BCC_B2 + FCC_A1 + SIGMA;3;нет;100;61,698545083667966;0,0;0,0;3,1520382447919832;0,0;0,0;35,149416657964096;703,6278004833584;501,5996478668385;4360,445984655089;3,977298471116228
сечение;1250,0;90,0;10,0;0,0;FCC_A1;1;нет;100;0,0;0,0;0,0;100,00000006675027;0,0;0,0;0,0;34871,56441213157;34634,10257286925;39876,98792017088;12097,570164722565
сечение;1250,0;87,5;10,0;2,5;FCC_A1;1;нет;100;0,0;0,0;0,0;100,0;0,0;0,0;0,0;7305,312464214847;12447,01375692917;11866,868533343179;7928,817458107995
сечение;1250,0;85,0;10,0;5,0;FCC_A1;1;нет;100;0,0;0,0;0,0;100,0;0,0;0,0;0,0;5400,151697227513;9451,591598180123;9558,502478399241;6572,720799465518
сечение;1250,0;82,5;10,0;7,5;FCC_A1;1;нет;100;0,0;0,0;0,0;99,99999999999997;0,0;0,0;0,0;4322,5228724566405;7335,578861251866;8121,008836568173;5642,011384759491
сечение;1250,0;80,0;10,0;10,0;FCC_A1;1;нет;100;0,0;0,0;0,0;100,00000000000003;0,0;0,0;0,0;3597,5379309762648;5729,641097243948;7082,631058939311;4823,54437045948
сечение;1250,0;77,5;10,0;12,5;FCC_A1;1;нет;100;0,0;0,0;0,0;100,0;0,0;0,0;0,0;3066,495196383228;4337,147945961202;6288,838466836998;4094,5310474410944
сечение;1250,0;75,0;10,0;15,0;FCC_A1;1;нет;100;0,0;0,0;0,0;100,0;0,0;0,0;0,0;2648,9953180099255;3197,874482493833;5665,921614269755;3355,3214470496896
сечение;1250,0;72,5;10,0;17,5;FCC_A1;1;нет;100;0,0;0,0;0,0;99,99999999999999;0,0;0,0;0,0;2288,6449087431392;2295,2317831227556;5170,866077054234;2467,88868738609
сечение;1250,0;70,0;10,0;20,0;FCC_A1;1;нет;100;0,0;0,0;0,0;99,99999999999999;0,0;0,0;0,0;1916,6109826631582;1577,4880192671844;4775,17380124185;1559,6688104103814
сечение;1250,0;67,5;10,0;22,5;FCC_A1;1;нет;100;0,0;0,0;0,0;99,99999999999996;0,0;0,0;0,0;1361,2542446166917;1008,9578702159342;4458,303246076903;736,0371089913824
сечение;1250,0;65,0;10,0;25,0;FCC_A1;1;нет;100;0,0;0,0;0,0;100,00000000000003;0,0;0,0;0,0;788,300058876499;563,5104151632404;4204,600518781852;4,209966915179393
сечение;1250,0;62,5;10,0;27,5;BCC_B2 + FCC_A1 + SIGMA;3;нет;100;0,16778790893880513;0,0;0,0;91,92235604485475;0,0;0,0;7,909856034702233;703,6278004834749;501,59964786694036;4360,445984654842;3,9772984710725723
сечение;1250,0;60,0;10,0;30,0;BCC_B2 + FCC_A1 + SIGMA;3;нет;100;2,532010849491976;0,0;0,0;86,33670805794914;0,0;0,0;11,131281087907423;703,6278004832275;501,5996478667075;4360,445984655045;3,9772984710580204
сечение;1250,0;57,5;10,0;32,5;BCC_B2 + FCC_A1 + SIGMA;3;нет;100;4,896233789361547;0,0;0,0;80,75106007140214;0,0;0,0;14,35270610301994;703,6278004833439;501,5996478668385;4360,4459846553655;3,9772984712326434
сечение;1250,0;55,0;10,0;35,0;BCC_B2 + FCC_A1 + SIGMA;3;нет;100;7,260456729377827;0,0;0,0;75,16541208483008;0,0;0,0;17,574131193575248;703,6278004833148;501,59964786682394;4360,445984655307;3,9772984711744357
сечение;1250,0;52,5;10,0;37,5;BCC_B2 + FCC_A1 + SIGMA;3;нет;100;9,624679669561676;0,0;0,0;69,57976409809524;0,0;0,0;20,795556228653073;703,6278004832275;501,5996478667512;4360,445984655627;3,977298471276299
сечение;1250,0;50,0;10,0;40,0;BCC_B2 + FCC_A1 + SIGMA;3;нет;100;11,98890260974906;0,0;0,0;63,994116111362395;0,0;0,0;24,0169812858724;703,6278004831984;501,59964786673663;4360,445984655729;3,977298471276299
сечение;1250,0;47,5;10,0;42,5;BCC_B2 + FCC_A1 + SIGMA;3;нет;100;14,353125549701398;0,0;0,0;58,40846812470101;0,0;0,0;27,238406299952334;703,6278004833148;501,5996478668094;4360,445984655249;3,9772984711744357
сечение;1250,0;45,0;10,0;45,0;BCC_B2 + FCC_A1 + SIGMA;3;нет;100;16,717348489965374;0,0;0,0;52,822820137951446;0,0;0,0;30,459831369544776;703,6278004834312;501,59964786694036;4360,445984655569;3,9772984713781625
сечение;1250,0;42,5;10,0;47,5;BCC_B2 + FCC_A1 + SIGMA;3;нет;100;19,081571430037506;0,0;0,0;47,23717215125765;0,0;0,0;33,681256436922524;703,6278004835913;501,59964786702767;4360,445984654652;3,9772984710725723
сечение;1250,0;40,0;10,0;50,0;BCC_B2 + FCC_A1 + SIGMA;3;нет;100;21,445794370103478;0,0;0,0;41,65152416455967;0,0;0,0;36,90268145819572;703,6278004831838;501,5996478667075;4360,445984655569;3,9772984712035395
сечение;1250,0;37,5;10,0;52,5;BCC_B2 + FCC_A1 + SIGMA;3;нет;100;23,8100173102486;0,0;0,0;36,065876177897394;0,0;0,0;40,124106495212146;703,6278004834749;501,5996478669549;4360,445984655147;3,9772984712035395
сечение;1250,0;35,0;10,0;55,0;BCC_B2 + FCC_A1 + SIGMA;3;нет;100;26,174240250326474;0,0;0,0;30,480228191221354;0,0;0,0;43,3455315555576;703,6278004832857;501,59964786682394;4360,4459846557;3,9772984713345068
сечение;1250,0;32,5;10,0;57,5;BCC_B2 + FCC_A1 + SIGMA;3;нет;100;28,53846319050658;0,0;0,0;24,894580204549854;0,0;0,0;46,56695660251004;703,6278004832857;501,5996478668094;4360,445984655773;3,9772984713636106
сечение;1250,0;30,0;10,0;60,0;BCC_B2 + FCC_A1 + SIGMA;3;нет;100;30,902686130529517;0,0;0,0;19,308932217675874;0,0;0,0;49,788381626147014;703,627800483373;501,5996478668676;4360,44598465538;3,9772984712471953
сечение;1250,0;27,5;10,0;62,5;BCC_B2 + FCC_A1 + SIGMA;3;нет;100;33,26690907065235;0,0;0,0;13,723284231038393;0,0;0,0;53,009806698110694;703,6278004832857;501,59964786679484;4360,445984655569;3,977298471276299
сечение;1250,0;25,0;10,0;65,0;BCC_B2 + FCC_A1 + SIGMA;3;нет;100;35,631132010776945;0,0;0,0;8,137636244430418;0,0;0,0;56,23123173627276;703,6278004832857;501,59964786679484;4360,445984655191;3,977298471101676
сечение;1250,0;22,5;10,0;67,5;BCC_B2 + FCC_A1 + SIGMA;3;нет;100;37,99535495087961;0,0;0,0;2,5519882576288673;0,0;0,0;59,45265679808176;703,6278004833439;501,59964786685305;4360,445984655351;3,9772984712180914
сечение;1250,0;20,0;10,0;70,0;BCC_B2 + SIGMA;2;нет;100;42,61741508427454;0,0;0,0;0,0;0,0;0,0;57,38258489653657;835,4967956531618;626,3888089753018;4226,751949312762;4,879112955619348
сечение;1250,0;17,5;10,0;72,5;BCC_B2 + SIGMA;2;нет;100;49,351878511774046;0,0;0,0;0,0;0,0;0,0;50,64812147472908;1122,7923692959594;876,4753171303746;3965,4346288909874;5,543379537280998
сечение;1250,0;15,0;10,0;75,0;BCC_B2 + SIGMA;2;нет;100;56,39663648634047;0,0;0,0;0,0;0,0;0,0;43,60336352922039;1465,9946456203324;1066,6892258709122;3695,3005498490675;10,2604227251868
сечение;1250,0;87,5;12,5;0,0;FCC_A1;1;нет;100;0,0;0,0;0,0;99,99999992873329;0,0;0,0;0,0;35099,28477986193;34504,216769281804;38393,268504080464;11272,35017974388
сечение;1250,0;85,0;12,5;2,5;FCC_A1;1;нет;100;0,0;0,0;0,0;100,00000000000004;0,0;0,0;0,0;7569,585683268;12387,171470514033;10428,305622627522;8166,146142809244
сечение;1250,0;82,5;12,5;5,0;FCC_A1;1;нет;100;0,0;0,0;0,0;100,0;0,0;0,0;0,0;5695,689842804626;9401,079959048977;8161,304079531619;6811,97909792274
сечение;1250,0;80,0;12,5;7,5;FCC_A1;1;нет;100;0,0;0,0;0,0;100,0;0,0;0,0;0,0;4643,912634313805;7281,535186738416;6761,729003513014;5833,717504908098
сечение;1250,0;77,5;12,5;10,0;FCC_A1;1;нет;100;0,0;0,0;0,0;99,99999999999997;0,0;0,0;0,0;3938,999295365633;5625,48389187525;5758,14828129347;4993,982943159528
сечение;1250,0;75,0;12,5;12,5;FCC_A1;1;нет;100;0,0;0,0;0,0;99,99999999999999;0,0;0,0;0,0;3421,3323582890444;4263,228706319249;4996,394222947536;4025,1629725670646
сечение;1250,0;72,5;12,5;15,0;FCC_A1;1;нет;100;0,0;0,0;0,0;100,00000000000004;0,0;0,0;0,0;3008,194848389001;3204,8502301243716;4403,0892402740865;2915,3826906497998
сечение;1250,0;70,0;12,5;17,5;FCC_A1;1;нет;100;0,0;0,0;0,0;100,0;0,0;0,0;0,0;2635,91812332299;2368,869667481282;3935,5694813498703;1893,1360984651692
сечение;1250,0;67,5;12,5;20,0;FCC_A1;1;нет;100;0,0;0,0;0,0;100,00000000000003;0,0;0,0;0,0;2183,5682419231016;1685,1752866323804;3565,6800541387347;994,3385479100543
сечение;1250,0;65,0;12,5;22,5;FCC_A1;1;нет;100;0,0;0,0;0,0;99,99999999999997;0,0;0,0;0,0;1558,4294195743278;1061,7933748975338;3273,2381778382114;202,16583402898686
сечение;1250,0;62,5;12,5;25,0;FCC_A1 + SIGMA;2;нет;100;0,0;0,0;0,0;93,66290202933779;0,0;0,0;6,337097968849608;1340,5582971733675;896,288791177838;3314,6793605263083;18,423037089887657
сечение;1250,0;60,0;12,5;27,5;FCC_A1 + SIGMA;2;нет;100;0,0;0,0;0,0;85,3281559223713;0,0;0,0;14,671844077453915;1244,567122613138;856,3666523076536;3453,617837548023;12,834128668240737
сечение;1250,0;57,5;12,5;30,0;FCC_A1 + SIGMA;2;нет;100;0,0;0,0;0,0;77,01238282571975;0,0;0,0;22,987617180122736;1149,5454176118074;818,3318662502425;3597,010129969218;9,6687516123784
сечение;1250,0;55,0;12,5;32,5;FCC_A1 + SIGMA;2;нет;100;0,0;0,0;0,0;68,70580039876121;0,0;0,0;31,294199601768426;1055,7332362084271;763,1111564554158;3744,650143814244;9,009619522621506
сечение;1250,0;52,5;12,5;35,0;FCC_A1 + SIGMA;2;нет;100;0,0;0,0;0,0;60,397529543619456;0,0;0,0;39,602470454468154;963,4418520118634;693,5764287668571;3896,1976381226123;8,795018034259556
сечение;1250,0;50,0;12,5;37,5;FCC_A1 + SIGMA;2;нет;100;0,0;0,0;0,0;52,075588577748086;0,0;0,0;47,924411422630854;873,0548059426656;626,1323926099576;4051,092792301526;4,641401164553827
сечение;1250,0;47,5;12,5;40,0;FCC_A1 + SIGMA;2;нет;100;0,0;0,0;0,0;43,72700640507895;0,0;0,0;56,27299358272994;785,0223567963112;561,1066922870377;4208,574580484303;3,072943618928548
сечение;1250,0;45,0;12,5;42,5;BCC_B2 + FCC_A1 + SIGMA;3;нет;100;0,10682717740636033;0,0;0,0;35,465826190673205;0,0;0,0;64,42734661968525;703,6278004831547;501,599647866693;4360,445984655831;3,977298471305403
сечение;1250,0;42,5;12,5;45,0;BCC_B2 + FCC_A1 + SIGMA;3;нет;100;2,4710501175629336;0,0;0,0;29,880178204039815;0,0;0,0;67,64877168774406;703,6278004833584;501,5996478668676;4360,445984655424;3,977298471261747
сечение;1250,0;40,0;12,5;47,5;BCC_B2 + FCC_A1 + SIGMA;3;нет;100;4,83527305756537;0,0;0,0;24,294530217262302;0,0;0,0;70,87019668194067;703,6278004833002;501,5996478668094;4360,445984655424;3,9772984712326434
сечение;1250,0;37,5;12,5;50,0;BCC_B2 + FCC_A1 + SIGMA;3;нет;100;7,199495997739158;0,0;0,0;18,708882230598327;0,0;0,0;74,0916217798293;703,627800483373;501,5996478668676;4360,445984655264;3,9772984712035395
сечение;1250,0;35,0;12,5;52,5;BCC_B2 + FCC_A1 + SIGMA;3;нет;100;9,563718937869597;0,0;0,0;13,123234243896754;0,0;0,0;77,31304682373384;703,6278004834021;501,5996478668967;4360,445984655278;3,9772984712180914
сечение;1250,0;32,5;12,5;55,0;BCC_B2 + FCC_A1 + SIGMA;3;нет;100;11,927941877952021;0,0;0,0;7,537586257124175;0,0;0,0;80,53447186551395;703,627800483373;501,59964786688215;4360,445984655496;3,977298471305403
сечение;1250,0;30,0;12,5;57,5;BCC_B2 + FCC_A1 + SIGMA;3;нет;100;14,292164818070802;0,0;0,0;1,9519382704266206;0,0;0,0;83,7558969151777;703,6278004834749;501,59964786694036;4360,445984655002;3,977298471145332
сечение;1250,0;27,5;12,5;60,0;BCC_B2 + SIGMA;2;нет;100;19,252064208160363;0,0;0,0;0,0;0,0;0,0;80,74793578929196;834,4575849356042;625,4015112167108;4227,768094365514;4,8557322217093315
сечение;1250,0;25,0;12,5;62,5;BCC_B2 + SIGMA;2;нет;100;25,77438130668881;0,0;0,0;0,0;0,0;0,0;74,22561871218771;1072,2563643189642;849,504569133016;4008,7927346739016;6,638332798684132
сечение;1250,0;22,5;12,5;65,0;BCC_B2 + SIGMA;2;нет;100;32,533286413091815;0,0;0,0;0,0;0,0;0,0;67,46671357991409;1357,0228372173588;1005,0528901430371;3776,8190147033456;6,615572151960805
сечение;1250,0;20,0;12,5;67,5;BCC_B2 + SIGMA;2;нет;100;39,5618346085345;0,0;0,0;0,0;0,0;0,0;60,43816539506227;1687,0009665201214;1194,8226955490682;3540,550187824265;4,269002895744052
сечение;1250,0;17,5;12,5;70,0;BCC_B2 + SIGMA;2;нет;100;46,881928835661896;0,0;0,0;0,0;0,0;0,0;53,118071172589744;2054,5009437481203;1416,0182352635748;3310,2816678205563;4,985837706743041
сечение;1250,0;15,0;12,5;72,5;BCC_B2 + SIGMA;2;нет;100;54,4995504174035;0,0;0,0;0,0;0,0;0,0;45,50044959499976;2446,913942995787;1661,728938706321;3095,489619756001;15,91338011456537
сечение;1250,0;85,0;15,0;0,0;FCC_A1;1;нет;100;0,0;0,0;0,0;100,00000015726815;0,0;0,0;0,0;35369,54424835276;34320,105446734844;37154,071026861144;10469,372231680827
сечение;1250,0;82,5;15,0;2,5;FCC_A1;1;нет;100;0,0;0,0;0,0;100,00000000000003;0,0;0,0;0,0;7874,941052146081;12259,26053769252;9232,984497903934;8397,878652030253
сечение;1250,0;80,0;15,0;5,0;FCC_A1;1;нет;100;0,0;0,0;0,0;100,0;0,0;0,0;0,0;6030,7538663040905;9220,578813366534;7006,207700040482;7026,008007016586
сечение;1250,0;77,5;15,0;7,5;FCC_A1;1;нет;100;0,0;0,0;0,0;99,99999999999999;0,0;0,0;0,0;5003,072244005816;7012,314084190162;5643,539221820058;5949,251906951904
сечение;1250,0;75,0;15,0;10,0;FCC_A1;1;нет;100;0,0;0,0;0,0;100,0;0,0;0,0;0,0;4316,07173908726;5442,565075251987;4673,896629950017;4626,58054551066
сечение;1250,0;72,5;15,0;12,5;FCC_A1;1;нет;100;0,0;0,0;0,0;100,0;0,0;0,0;0,0;3808,756030084376;4184,967150675526;3943,4449061149353;3412,48282892158
сечение;1250,0;70,0;15,0;15,0;FCC_A1;1;нет;100;0,0;0,0;0,0;99,99999999999997;0,0;0,0;0,0;3394,735239327725;3201,5379806332203;3379,155114065463;2308,7415788412764
сечение;1250,0;67,5;15,0;17,5;FCC_A1;1;нет;100;0,0;0,0;0,0;99,99999999999999;0,0;0,0;0,0;2996,0900712212606;2337,5304063459625;2938,7066848180257;1327,020481010186
сечение;1250,0;65,0;15,0;20,0;FCC_A1;1;нет;100;0,0;0,0;0,0;100,0;0,0;0,0;0,0;2419,997181029743;1585,1771810141072;2594,2991295431275;447,6457045187708
сечение;1250,0;62,5;15,0;22,5;FCC_A1 + SIGMA;2;нет;100;0,0;0,0;0,0;96,19287975773972;0,0;0,0;3,8071202404514946;2011,0000596375467;1210,8869170712424;2484,935142849936;8,877802516217344
сечение;1250,0;60,0;15,0;25,0;FCC_A1 + SIGMA;2;нет;100;0,0;0,0;0,0;87,67921515389847;0,0;0,0;12,32078484518907;1910,8367457692802;1160,3522773306177;2595,0309943192115;11,172573792326148
сечение;1250,0;57,5;15,0;27,5;FCC_A1 + SIGMA;2;нет;100;0,0;0,0;0,0;79,21780207492345;0,0;0,0;20,782197923409708;1811,3162884818303;1111,277029165154;2708,864636536411;11,211859601884498
сечение;1250,0;55,0;15,0;30,0;FCC_A1 + SIGMA;2;нет;100;0,0;0,0;0,0;70,80254673213035;0,0;0,0;29,197453267526807;1712,4072514205473;1063,6784019323968;2826,607473272452;12,662993228179403
сечение;1250,0;52,5;15,0;32,5;FCC_A1 + SIGMA;2;нет;100;0,0;0,0;0,0;62,426964637035155;0,0;0,0;37,573035364439534;1614,1150727612257;1017,5951830032136;2948,399314608643;15,07242430113547
сечение;1250,0;50,0;15,0;35,0;FCC_A1 + SIGMA;2;нет;100;0,0;0,0;0,0;54,08405511686231;0,0;0,0;45,91594488324125;1516,4873780658672;973,0880963414675;3074,339633828029;14,458037956690532
сечение;1250,0;47,5;15,0;37,5;FCC_A1 + SIGMA;2;нет;100;0,0;0,0;0,0;45,76617975341659;0,0;0,0;54,23382024414971;1419,6185000026453;930,2398173242836;3204,4606346996443;16,1936760024837
сечение;1250,0;45,0;15,0;40,0;FCC_A1 + SIGMA;2;нет;100;0,0;0,0;0,0;37,464953456602615;0,0;0,0;62,53504654300222;1323,6569827101775;889,1542600066168;3338,72704923086;17,27120827449835
сечение;1250,0;42,5;15,0;42,5;FCC_A1 + SIGMA;2;нет;100;0,0;0,0;0,0;29,17116192545519;0,0;0,0;70,82883807583909;1228,8094007636391;849,9546819239622;3476,9841976337775;12,142262334615225
сечение;1250,0;40,0;15,0;45,0;FCC_A1 + SIGMA;2;нет;100;0,0;0,0;0,0;20,874724862015974;0,0;0,0;79,1252751360139;1135,344419326706;812,7800900649454;3618,9618330396916;9,407511765341042
сечение;1250,0;37,5;15,0;47,5;FCC_A1 + SIGMA;2;нет;100;0,0;0,0;0,0;12,56472930667989;0,0;0,0;87,43527069796417;1043,5932629707386;753,9272944854602;3764,218285505631;9,112221976363799
сечение;1250,0;35,0;15,0;50,0;FCC_A1 + SIGMA;2;нет;100;0,0;0,0;0,0;4,2295596297694775;0,0;0,0;95,77044037525701;953,9452354649693;686,4591358712642;3912,166519584469;8,24328072188655
сечение;1250,0;32,5;15,0;52,5;BCC_B2 + SIGMA;2;нет;100;2,2595933169640894;0,0;0,0;0,0;0,0;0,0;97,7404066794183;1035,9213124990492;817,8493463641935;4040,610110708236;7,741029379525571
сечение;1250,0;30,0;15,0;55,0;BCC_B2 + SIGMA;2;нет;100;8,812592790279405;0,0;0,0;0,0;0,0;0,0;91,18740719737623;1276,542110791037;960,2454934902489;3839,4590752028016;5,16216283585527
сечение;1250,0;27,5;15,0;57,5;BCC_B2 + SIGMA;2;нет;100;15,577363330813338;0,0;0,0;0,0;0,0;0,0;84,4226366597146;1557,386246512673;1119,1881370433985;3629,6668213829107;8,674047288892325
сечение;1250,0;25,0;15,0;60,0;BCC_B2 + SIGMA;2;нет;100;22,581775148997533;0,0;0,0;0,0;0,0;0,0;77,41822483675148;1876,7736303791607;1307,8689865870692;3417,762281252508;2,3209257025591796
сечение;1250,0;22,5;15,0;62,5;BCC_B2 + SIGMA;2;нет;100;29,84657037072741;0,0;0,0;0,0;0,0;0,0;70,1534296175121;2228,87154794691;1524,08593427889;3211,234974286199;11,511873685449245
сечение;1250,0;20,0;15,0;65,0;BCC_B2 + SIGMA;2;нет;100;37,38177060982118;0,0;0,0;0,0;0,0;0,0;62,618229384316294;2604,1491022950795;1762,5884530972107;3017,150811514788;16,790748772138613
сечение;1250,0;17,5;15,0;67,5;BCC_B2 + SIGMA;2;нет;100;45,185490340441895;0,0;0,0;0,0;0,0;0,0;54,81450967621693;2990,85448377204;2015,816647810163;2840,8287930755905;27,9522576196905
сечение;1250,0;15,0;15,0;70,0;BCC_B2 + SIGMA;2;нет;100;53,24526532571737;0,0;0,0;0,0;0,0;0,0;46,754734668330954;3376,8945241924957;2275,1650204146717;2685,2130696692766;30,64791041164426
сечение;1250,0;82,5;17,5;0,0;FCC_A1;1;нет;100;0,0;0,0;0,0;100,00000000000713;0,0;0,0;0,0;35679,46423034651;34071,90641607379;36098,737451511246;9675,363796297563
сечение;1250,0;80,0;17,5;2,5;FCC_A1;1;нет;100;0,0;0,0;0,0;100,0;0,0;0,0;0,0;8218,486399824222;12093,070840083616;8220,275727197179;8166,067027130441
сечение;1250,0;77,5;17,5;5,0;FCC_A1;1;нет;100;0,0;0,0;0,0;100,0;0,0;0,0;0,0;6402,397250408932;8979,583996489251;6032,6060791440395;6673,983524600975
сечение;1250,0;75,0;17,5;7,5;FCC_A1;1;нет;100;0,0;0,0;0,0;100,0;0,0;0,0;0,0;5396,933671239851;6814,524320196215;4705,861482014239;5278,044200220451
сечение;1250,0;72,5;17,5;10,0;FCC_A1;1;нет;100;0,0;0,0;0,0;99,99999999999996;0,0;0,0;0,0;4725,419629757947;5235,456551255833;3769,3042838632246;3996,1316891097667
сечение;1250,0;70,0;17,5;12,5;FCC_A1;1;нет;100;0,0;0,0;0,0;100,00000000000004;0,0;0,0;0,0;4224,789983791517;4016,067349806661;3069,4388452168932;2815,8072633959964
сечение;1250,0;67,5;17,5;15,0;FCC_A1;1;нет;100;0,0;0,0;0,0;100,0;0,0;0,0;0,0;3802,603566795384;3033,6388789542107;2533,5805963311286;1748,9804437407292
сечение;1250,0;65,0;17,5;17,5;FCC_A1;1;нет;100;0,0;0,0;0,0;100,00000000000003;0,0;0,0;0,0;3345,330642054774;2247,353723692868;2119,755865711253;798,3331418635207
сечение;1250,0;62,5;17,5;20,0;FCC_A1 + SIGMA;2;нет;100;0,0;0,0;0,0;99,33318490945399;0,0;0,0;0,6668150913716143;2707,151698340487;1589,9947100914578;1828,351588780235;6,118451774935238
сечение;1250,0;60,0;17,5;22,5;FCC_A1 + SIGMA;2;нет;100;0,0;0,0;0,0;90,54851665473382;0,0;0,0;9,451483346743764;2601,921415819219;1529,842683973242;1916,5713143799221;5,041385237011127
сечение;1250,0;57,5;17,5;25,0;FCC_A1 + SIGMA;2;нет;100;0,0;0,0;0,0;81,8409830745297;0,0;0,0;18,15901692634213;2497,8891042979667;1471,3095359962317;2007,388790927289;6,057981068166555
сечение;1250,0;55,0;17,5;27,5;FCC_A1 + SIGMA;2;нет;100;0,0;0,0;0,0;73,20501043900205;0,0;0,0;26,794989560821847;2394,8829038809345;1414,3052711591881;2100,994518956373;9,183937719993992
сечение;1250,0;52,5;17,5;30,0;FCC_A1 + SIGMA;2;нет;100;0,0;0,0;0,0;64,63518494692862;0,0;0,0;35,364815054028455;2292,754789288636;1358,7598235344485;2197,5768969913915;13,893208924040664
сечение;1250,0;50,0;17,5;32,5;FCC_A1 + SIGMA;2;нет;100;0,0;0,0;0,0;56,12614506925949;0,0;0,0;43,87385492817285;2191,380591069028;1304,6224773512367;2297,3276228482864;10,21656335798616
сечение;1250,0;47,5;17,5;35,0;FCC_A1 + SIGMA;2;нет;100;0,0;0,0;0,0;47,672475250764954;0,0;0,0;52,32752475325293;2090,661104541985;1251,8617240683816;2400,436243805336;8,624125316855498
сечение;1250,0;45,0;17,5;37,5;FCC_A1 + SIGMA;2;нет;100;0,0;0,0;0,0;39,26859883513057;0,0;0,0;60,73140116371375;1990,5237175032962;1200,4654814768146;2507,085740738534;9,16526749676268
сечение;1250,0;42,5;17,5;40,0;FCC_A1 + SIGMA;2;нет;100;0,0;0,0;0,0;30,908669095753645;0,0;0,0;69,09133090836691;1890,9257012872258;1150,4415865132614;2617,443472697414;11,668417712906376
сечение;1250,0;40,0;17,5;42,5;FCC_A1 + SIGMA;2;нет;100;0,0;0,0;0,0;22,58645859094301;0,0;0,0;77,4135414124598;1791,8575527534558;1101,8184463806538;2731,6623498169065;11,317785017759888
сечение;1250,0;37,5;17,5;45,0;FCC_A1 + SIGMA;2;нет;100;0,0;0,0;0,0;14,29524891928853;0,0;0,0;85,70475107996354;1693,3475984367542;1054,6456864211796;2849,8442333918065;13,208070549924741
сечение;1250,0;35,0;17,5;47,5;FCC_A1 + SIGMA;2;нет;100;0,0;0,0;0,0;6,027725523159627;0,0;0,0;93,97227447713612;1595,467465322523;1008,9945689900633;2972,0634763799026;14,777636902959784
сечение;1250,0;32,5;17,5;50,0;SIGMA;1;нет;100;0,0;0,0;0,0;0,0;0,0;0,0;99,99999999999999;1667,3432955896424;1121,4332111798576;3278,0522016080795;3,9728863813506905
сечение;1250,0;30,0;17,5;52,5;BCC_B2 + SIGMA;2;нет;100;5,484676966159376;0,0;0,0;0,0;0,0;0,0;94,5153230398448;2044,768433014513;1410,0421848173282;3315,9916986237076;4,7332038322492735
сечение;1250,0;27,5;17,5;55,0;BCC_B2 + SIGMA;2;нет;100;12,694327369062474;0,0;0,0;0,0;0,0;0,0;87,30567259810755;2385,4231317324156;1622,6426110754255;3127,266878819908;16,37137435108889
сечение;1250,0;25,0;17,5;57,5;BCC_B2 + SIGMA;2;нет;100;20,151995439438284;0,0;0,0;0,0;0,0;0,0;79,84800456431284;2748,3443564758927;1856,184902756344;2948,8018342564174;20,08936890003679
сечение;1250,0;22,5;17,5;60,0;BCC_B2 + SIGMA;2;нет;100;27,861401515496308;0,0;0,0;0,0;0,0;0,0;72,13859847160484;3123,9747225796455;2104,553970440873;2785,0227143805096;27,10403306450462
сечение;1250,0;20,0;17,5;62,5;BCC_B2 + SIGMA;2;нет;100;35,81752492466222;0,0;0,0;0,0;0,0;0,0;64,18247506876136;3501,8211809664936;2345,562808960516;2638,7217463142733;34,79580377374077
сечение;1250,0;17,5;17,5;65,0;BCC_B2 + SIGMA;2;нет;100;44,00777868381862;0,0;0,0;0,0;0,0;0,0;55,99222130655554;3871,731870349715;2414,924892935014;2510,9649318640295;47,28318859732826
сечение;1250,0;15,0;17,5;67,5;BCC_B2 + SIGMA;2;нет;100;52,41382305840819;0,0;0,0;0,0;0,0;0,0;47,58617694376082;4224,982245319043;2491,201941310268;2401,354552512741;33,55875078077952
сечение;1250,0;80,0;20,0;0,0;FCC_A1;1;нет;100;0,0;0,0;0,0;99,99999997509138;0,0;0,0;0,0;36026,213722924265;33752,99320280363;35189,6708872891;8888,209400111824
сечение;1250,0;77,5;20,0;2,5;FCC_A1;1;нет;100;0,0;0,0;0,0;99,99999999999997;0,0;0,0;0,0;8597,362362848464;11797,914566602733;7352,601983034678;7414,352730841929
сечение;1250,0;75,0;20,0;5,0;FCC_A1;1;нет;100;0,0;0,0;0,0;99,99999999999997;0,0;0,0;0,0;6807,696424356691;8808,469205970134;5202,947259510125;5986,813185463761
сечение;1250,0;72,5;20,0;7,5;FCC_A1;1;нет;100;0,0;0,0;0,0;100,0;0,0;0,0;0,0;5822,41059204661;6650,734546725085;3911,1645411210047;4611,931350832339
сечение;1250,0;70,0;20,0;10,0;FCC_A1;1;нет;100;0,0;0,0;0,0;99,99999999999999;0,0;0,0;0,0;5163,595234668566;5089,543463345675;3006,856726814949;3356,8309367460024
сечение;1250,0;67,5;20,0;12,5;FCC_A1;1;нет;100;0,0;0,0;0,0;99,99999999999999;0,0;0,0;0,0;4665,047389577143;3888,2758779068536;2336,8771643273794;2232,3237472702167
сечение;1250,0;65,0;20,0;15,0;FCC_A1;1;нет;100;0,0;0,0;0,0;100,0;0,0;0,0;0,0;4223,619496131156;2936,9628133931838;1828,8789131806407;1211,1146029504307
сечение;1250,0;62,5;20,0;17,5;FCC_A1;1;нет;100;0,0;0,0;0,0;99,99999999999999;0,0;0,0;0,0;3643,8707745625725;2184,8323967483157;1441,2295224026311;296,2252149198612
сечение;1250,0;60,0;20,0;20,0;FCC_A1 + SIGMA;2;нет;100;0,0;0,0;0,0;93,95409318226814;0,0;0,0;6,045906815953252;3319,5581482081616;1935,0821862357989;1380,5591059906;28,849150131063652
сечение;1250,0;57,5;20,0;22,5;FCC_A1 + SIGMA;2;нет;100;0,0;0,0;0,0;84,92028526129806;0,0;0,0;15,07971473880405;3208,2474352388235;1883,513530474258;1454,2291677847825;38,00218736514216
сечение;1250,0;55,0;20,0;25,0;FCC_A1 + SIGMA;2;нет;100;0,0;0,0;0,0;75,98269047398345;0,0;0,0;24,017309524677437;3098,929610503372;1821,7257977131812;1529,7604130840919;27,481324744585436
сечение;1250,0;52,5;20,0;27,5;FCC_A1 + SIGMA;2;нет;100;0,0;0,0;0,0;67,13483901886968;0,0;0,0;32,86516098225493;2991,343250676102;1756,9218010266632;1607,2964160030679;19,009087617319892
сечение;1250,0;50,0;20,0;30,0;FCC_A1 + SIGMA;2;нет;100;0,0;0,0;0,0;58,370790658065296;0,0;0,0;41,629209342066844;2885,2543896760762;1693,8684914976911;1686,98697582382;12,548058236236102
сечение;1250,0;47,5;20,0;32,5;FCC_A1 + SIGMA;2;нет;100;0,0;0,0;0,0;49,685013603807896;0,0;0,0;50,31498639638991;2780,453355210542;1632,4380399940565;1768,9881163426326;8,078004189257626
сечение;1250,0;45,0;20,0;35,0;FCC_A1 + SIGMA;2;нет;100;0,0;0,0;0,0;41,072275937633876;0,0;0,0;58,9277240608547;2676,7524967980426;1572,522365835539;1853,4687937747804;5,5945036837947555
сечение;1250,0;42,5;20,0;37,5;FCC_A1 + SIGMA;2;нет;100;0,0;0,0;0,0;32,527545251538136;0,0;0,0;67,47245474539774;2573,9852764503885;1514,031827577448;1940,5998690530687;5,1078112402319675
сечение;1250,0;40,0;20,0;40,0;FCC_A1 + SIGMA;2;нет;100;0,0;0,0;0,0;24,0458930023471;0,0;0,0;75,95410699925003;2472,004816470697;1456,8944144560373;2030,562232362412;6,6418582193000475
сечение;1250,0;37,5;20,0;42,5;FCC_A1 + SIGMA;2;нет;100;0,0;0,0;0,0;15,622400693667563;0,0;0,0;84,37759930776426;2370,684881953348;1401,0553827357217;2123,5326932226308;10,233279394422425
сечение;1250,0;35,0;20,0;45,0;FCC_A1 + SIGMA;2;нет;100;0,0;0,0;0,0;7,252065582702204;0,0;0,0;92,74793442187556;2269,9206439461414;1346,4772899921227;2219,704837753932;12,887932695855852
сечение;1250,0;32,5;20,0;47,5;SIGMA;1;нет;100;0,0;0,0;0,0;0,0;0,0;0,0;99,99999999999996;2265,363437385313;1374,186960197796;2400,927520210462;5,3250462567666546
сечение;1250,0;30,0;20,0;50,0;BCC_B2 + SIGMA;2;нет;100;2,822516838587112;0,0;0,0;0,0;0,0;0,0;97,17748317085744;2883,1272363371827;1944,5734401583322;2887,7536417650554;25,24059150168614
сечение;1250,0;27,5;20,0;52,5;BCC_B2 + SIGMA;2;нет;100;10,4405366890218;0,0;0,0;0,0;0,0;0,0;89,55946335516565;3251,357874108813;2190,1619374642178;2733,768936174354;28,061568098666612
сечение;1250,0;25,0;20,0;55,0;BCC_B2 + SIGMA;2;нет;100;18,2957856792877;0,0;0,0;0,0;0,0;0,0;81,70421433581362;3624,489669111703;2367,315747139437;2594,7679319167073;40,35686947625072
сечение;1250,0;22,5;20,0;57,5;BCC_B2 + SIGMA;2;нет;100;26,382392433024844;0,0;0,0;0,0;0,0;0,0;73,61760754168264;3992,9455918922467;2440,034686409097;2472,0765843860427;41,15843216890062
сечение;1250,0;20,0;20,0;60,0;BCC_B2 + SIGMA;2;нет;100;34,6883800618689;0,0;0,0;0,0;0,0;0,0;65,31161993786063;4347,773309332188;2519,8698490432143;2365,7904358425003;31,673817592673004
сечение;1250,0;17,5;20,0;62,5;BCC_B2 + SIGMA;2;нет;100;43,19677228643199;0,0;0,0;0,0;0,0;0,0;56,80322770740872;4681,558988934397;2603,09374735858;2275,0443233323604;33,769793711267994
сечение;1250,0;15,0;20,0;65,0;BCC_B2 + SIGMA;2;нет;100;51,887093579924894;0,0;0,0;0,0;0,0;0,0;48,11290641762207;4989,068586242211;2686,2626568123815;2198,335058293611;39,69196830831061
сечение;1250,0;77,5;22,5;0,0;FCC_A1;1;нет;100;0,0;0,0;0,0;99,99999996205288;0,0;0,0;0,0;36407,01128003218;33123,19825485458;34401,39572817486;8111,536068980204
сечение;1250,0;75,0;22,5;2,5;FCC_A1;1;нет;100;0,0;0,0;0,0;99,99999999999999;0,0;0,0;0,0;9008,757416075925;11393,758953572804;6604,5202735411;6675,313832071406
сечение;1250,0;72,5;22,5;5,0;FCC_A1;1;нет;100;0,0;0,0;0,0;100,00000000000003;0,0;0,0;0,0;7243,7412075935135;8523,790427543383;4491,801528186843;5293,674862098109
сечение;1250,0;70,0;22,5;7,5;FCC_A1;1;нет;100;0,0;0,0;0,0;100,0;0,0;0,0;0,0;6276,385195048439;6440,942798894859;3234,0361450280616;3979,8071201935963
сечение;1250,0;67,5;22,5;10,0;FCC_A1;1;нет;100;0,0;0,0;0,0;99,99999999999999;0,0;0,0;0,0;5626,987807768164;4960,5048697909515;2361,1694100551686;2764,344556985525
сечение;1250,0;65,0;22,5;12,5;FCC_A1;1;нет;100;0,0;0,0;0,0;100,0;0,0;0,0;0,0;5124,468357125967;3801,234582470919;1720,3880797352904;1690,30860129965
сечение;1250,0;62,5;22,5;15,0;FCC_A1;1;нет;100;0,0;0,0;0,0;99,99999999999997;0,0;0,0;0,0;4643,933933013046;2881,726813124871;1239,6866670627496;721,3362634426012
сечение;1250,0;60,0;22,5;17,5;FCC_A1 + SIGMA;2;нет;100;0,0;0,0;0,0;97,93181587986814;0,0;0,0;2,0681841170117115;4069,183775160258;2189,9571543208876;960,7288440133416;2,08896728498803
сечение;1250,0;57,5;22,5;20,0;FCC_A1 + SIGMA;2;нет;100;0,0;0,0;0,0;88,48861033791752;0,0;0,0;11,511389661585165;3946,2295223093824;2159,883733598501;1021,2010382741719;0,24182085652137175
сечение;1250,0;55,0;22,5;22,5;FCC_A1 + SIGMA;2;нет;100;0,0;0,0;0,0;79,17197996228886;0,0;0,0;20,828020037702412;3826,7063534914923;2132,3790154906164;1082,968108969304;0,6790755306428764
сечение;1250,0;52,5;22,5;25,0;FCC_A1 + SIGMA;2;нет;100;0,0;0,0;0,0;69,97247633468227;0,0;0,0;30,027523665575824;3710,205702793828;2107,2657654404175;1146,1136604115745;3,2959043969167396
сечение;1250,0;50,0;22,5;27,5;FCC_A1 + SIGMA;2;нет;100;0,0;0,0;0,0;60,88179612105269;0,0;0,0;39,118203880315704;3596,3660843643884;2068,115207780618;1210,7295423081814;8,012997361569433
сечение;1250,0;47,5;22,5;30,0;FCC_A1 + SIGMA;2;нет;100;0,0;0,0;0,0;51,89257304119968;0,0;0,0;48,10742696025262;3484,866373395271;2013,7303761310177;1276,9161251697806;14,773173121284344
сечение;1250,0;45,0;22,5;32,5;FCC_A1 + SIGMA;2;нет;100;0,0;0,0;0,0;42,99820779738419;0,0;0,0;57,001792200997016;3375,4185125584627;1961,3877417848853;1344,781108439478;23,53877825489326
сечение;1250,0;42,5;22,5;35,0;FCC_A1 + SIGMA;2;нет;100;0,0;0,0;0,0;34,192726364058046;0,0;0,0;65,80727363526915;3267,763089778746;1910,9439464152529;1414,4413018560153;34,28968798452115
сечение;1250,0;40,0;22,5;37,5;FCC_A1 + SIGMA;2;нет;100;0,0;0,0;0,0;25,470659392920048;0,0;0,0;74,52934060701523;3161,665349944582;1859,902506774888;1486,0233201856026;33,28765486003249
сечение;1250,0;37,5;22,5;40,0;FCC_A1 + SIGMA;2;нет;100;0,0;0,0;0,0;16,826937122256787;0,0;0,0;83,17306287868989;3056,9120875401277;1796,315588667625;1559,6568969402579;23,94671551634383
сечение;1250,0;35,0;22,5;42,5;FCC_A1 + SIGMA;2;нет;100;0,0;0,0;0,0;8,256795340685999;0,0;0,0;91,74320466615464;2953,3093747083185;1734,2181139731401;1635,4896358805127;16,473086279511335
сечение;1250,0;32,5;22,5;45,0;SIGMA;1;нет;100;0,0;0,0;0,0;0,0;0,0;0,0;100,0;2874,96424384242;1692,6697046689078;1731,5966619622195;11,243426857603481
сечение;1250,0;30,0;22,5;47,5;BCC_B2 + SIGMA;2;нет;100;0,6810221328593091;0,0;0,0;0,0;0,0;0,0;99,31897786612144;3746,678315347541;2390,2276193193975;2552,576564051502;47,32585547969211
сечение;1250,0;27,5;22,5;50,0;BCC_B2 + SIGMA;2;нет;100;8,662116207194794;0,0;0,0;0,0;0,0;0,0;91,33788377417235;4116,915937208061;2466,874289143874;2433,7017813440616;36,43309350698837
сечение;1250,0;25,0;22,5;52,5;BCC_B2 + SIGMA;2;нет;100;16,865082717765574;0,0;0,0;0,0;0,0;0,0;83,13491726349534;4476,605302435928;2551,090725618371;2329,7732170398813;31,246977112197783
сечение;1250,0;22,5;22,5;55,0;BCC_B2 + SIGMA;2;нет;100;25,27868962975091;0,0;0,0;0,0;0,0;0,0;74,72131036072426;4817,405260913496;2639,091027276925;2240,39663433822;36,76708751676779
сечение;1250,0;20,0;22,5;57,5;BCC_B2 + SIGMA;2;нет;100;33,88665737005578;0,0;0,0;0,0;0,0;0,0;66,11334262267907;5132,759255597091;2727,148982591578;2164,506738483309;44,179935984517215
сечение;1250,0;17,5;22,5;60,0;BCC_B2 + SIGMA;2;нет;100;42,668945421615064;0,0;0,0;0,0;0,0;0,0;57,331054581419735;5418,527653606463;2812,1085274321667;2100,6208534399193;50,5249435883743
сечение;1250,0;15,0;22,5;62,5;BCC_B2 + SIGMA;2;нет;100;51,60353581908805;0,0;0,0;0,0;0,0;0,0;48,3964641827469;5673,103663382775;2835,2106197170797;2047,0843531753926;33,5817236816074
сечение;1250,0;75,0;25,0;0,0;FCC_A1;1;нет;100;0,0;0,0;0,0;99,99999996504746;0,0;0,0;0,0;36819,13146343549;32458,872558703602;33715,43817255623;7351,604904197098
сечение;1250,0;72,5;25,0;2,5;FCC_A1;1;нет;100;0,0;0,0;0,0;100,00000000000004;0,0;0,0;0,0;9449,900997686549;10995,30390520989;5957,582581098686;5952,110682026367
сечение;1250,0;70,0;25,0;5,0;FCC_A1;1;нет;100;0,0;0,0;0,0;100,0;0,0;0,0;0,0;7707,641348122779;8153,354942415041;3880,7478851507476;4616,147241681378
сечение;1250,0;67,5;25,0;7,5;FCC_A1;1;нет;100;0,0;0,0;0,0;100,0;0,0;0,0;0,0;6755,691289996568;6260,571897599089;2656,080971697229;3372,2431801033817
сечение;1250,0;65,0;25,0;10,0;FCC_A1;1;нет;100;0,0;0,0;0,0;100,0;0,0;0,0;0,0;6111,738896600364;4850,910916351844;1813,8563357339444;2194,829228689676
сечение;1250,0;62,5;25,0;12,5;FCC_A1;1;нет;100;0,0;0,0;0,0;100,0;0,0;0,0;0,0;5596,787435794933;3673,9245113688376;1201,596007660948;1165,7962727696868
сечение;1250,0;60,0;25,0;15,0;FCC_A1;1;нет;100;0,0;0,0;0,0;99,99999999999999;0,0;0,0;0,0;5027,269378457742;2638,1159660405247;747,6350237971346;249,9657041742612
сечение;1250,0;57,5;25,0;17,5;FCC_A1 + SIGMA;2;нет;100;0,0;0,0;0,0;92,60483180517812;0,0;0,0;7,395168193822241;4718,103029405844;2376,3690640892455;688,6274546635541;31,14720149115601
сечение;1250,0;55,0;25,0;20,0;FCC_A1 + SIGMA;2;нет;100;0,0;0,0;0,0;82,8212683858988;0,0;0,0;17,178731613949104;4583,323218324222;2334,017537187203;739,0414459182211;33,04240047119674
сечение;1250,0;52,5;25,0;22,5;FCC_A1 + SIGMA;2;нет;100;0,0;0,0;0,0;73,19148476448159;0,0;0,0;26,80851523386633;4453,3485481367825;2294,925292005879;790,5728824253456;22,051835390419
сечение;1250,0;50,0;25,0;25,0;FCC_A1 + SIGMA;2;нет;100;0,0;0,0;0,0;63,7026744649315;0,0;0,0;36,297325535122305;4327,624020863732;2258,796286101977;843,2467582107638;13,229976687085582
сечение;1250,0;47,5;25,0;27,5;FCC_A1 + SIGMA;2;нет;100;0,0;0,0;0,0;54,343808850086575;0,0;0,0;45,6561911492402;4205,665869203309;2225,3820341317623;897,1055594351928;6,774851002453943
сечение;1250,0;45,0;25,0;30,0;FCC_A1 + SIGMA;2;нет;100;0,0;0,0;0,0;45,1053095413847;0,0;0,0;54,89469045783666;4087,0488807298243;2194,473427405217;952,1953221510048;2,546600820554886
сечение;1250,0;42,5;25,0;32,5;FCC_A1 + SIGMA;2;нет;100;0,0;0,0;0,0;35,978789740502;0,0;0,0;64,02121025961061;3971,3965137752093;2165,8943771255726;1008,5761803504574;0,43282196411746554
сечение;1250,0;40,0;25,0;35,0;FCC_A1 + SIGMA;2;нет;100;0,0;0,0;0,0;26,956847009971767;0,0;0,0;73,04315298928664;3858,3726280471747;2139,496838050429;1066,3117902900412;0,34467517797020264
сечение;1250,0;37,5;25,0;37,5;FCC_A1 + SIGMA;2;нет;100;0,0;0,0;0,0;18,03289483196582;0,0;0,0;81,96710517190205;3747,675805573803;2115,156892288418;1125,4805103687686;2,2138653389556566
сечение;1250,0;35,0;25,0;40,0;FCC_A1 + SIGMA;2;нет;100;0,0;0,0;0,0;9,20102355605679;0,0;0,0;90,79897644584184;3639,0333127510094;2089,2022170145938;1186,1681520138227;5,990294245566474
сечение;1250,0;32,5;25,0;42,5;FCC_A1 + SIGMA;2;да;100;0,0;0,0;0,0;0,4558836651395817;0,0;0,0;99,54411633848254;3532,1972807576676;2036,6876887221442;1248,4626706270938;11,640242293666233
сечение;1250,0;30,0;25,0;45,0;SIGMA;1;да;100;0,0;0,0;0,0;0,0;0,0;0,0;99,99999999999999;4478,649769534764;2498,6081747850258;2114,5036542445305;49,974385559151415
сечение;1250,0;27,5;25,0;47,5;BCC_B2 + SIGMA;2;нет;100;7,244531761069996;0,0;0,0;0,0;0,0;0,0;92,75546825502853;4966,42608053601;2679,935249743401;2203,777735224532;39,15332555383793
сечение;1250,0;25,0;25,0;50,0;BCC_B2 + SIGMA;2;нет;100;15,76332490460397;0,0;0,0;0,0;0,0;0,0;84,23667509718122;5293,853672991361;2774,4579738431057;2127,9658583904966;51,38308020372642
сечение;1250,0;22,5;25,0;52,5;BCC_B2 + SIGMA;2;нет;100;24,473483643910633;0,0;0,0;0,0;0,0;0,0;75,52651636588466;5590,6725946343795;2831,484398268949;2064,099966260648;38,41626025176083
сечение;1250,0;20,0;25,0;55,0;BCC_B2 + SIGMA;2;нет;100;33,35404628523486;0,0;0,0;0,0;0,0;0,0;66,64595371631287;5853,900545178854;2845,414662504627;2010,7449298736465;25,127323280117707
сечение;1250,0;17,5;25,0;57,5;BCC_B2 + SIGMA;2;нет;100;42,38174996048494;0,0;0,0;0,0;0,0;0,0;57,61825004065746;6083,407607269575;2824,4191765399155;1966,3548328987963;18,574736661394127
сечение;1250,0;15,0;25,0;60,0;BCC_B2 + SIGMA;2;нет;100;51,53335390978094;0,0;0,0;0,0;0,0;0,0;48,46664608959148;6281,22999173851;2808,0107696232153;1929,4349217190465;16,607172639793134
сечение;1250,0;72,5;27,5;0,0;FCC_A1;1;нет;100;0,0;0,0;0,0;100,00000004063148;0,0;0,0;0,0;37259,91275722899;31883,5259981282;33117,660012226246;6615,421702723237
сечение;1250,0;70,0;27,5;2,5;FCC_A1;1;нет;100;0,0;0,0;0,0;99,99999999999997;0,0;0,0;0,0;9918,068651516063;10558,537970000529;5397,666543284198;5284,239535210014
сечение;1250,0;67,5;27,5;5,0;FCC_A1;1;нет;100;0,0;0,0;0,0;99,99999999999999;0,0;0,0;0,0;8196,521241345385;7839,329857546181;3355,699983657527;3981,844887301937
сечение;1250,0;65,0;27,5;7,5;FCC_A1;1;нет;100;0,0;0,0;0,0;100,00000000000003;0,0;0,0;0,0;7257,087711127504;6046,482402439724;2163,2301073248236;2791,66341638258
сечение;1250,0;62,5;27,5;10,0;FCC_A1;1;нет;100;0,0;0,0;0,0;100,0;0,0;0,0;0,0;6613,608741273085;4549,517651912902;1350,8682561089954;1659,2132246875117
сечение;1250,0;60,0;27,5;12,5;FCC_A1;1;нет;100;0,0;0,0;0,0;100,0;0,0;0,0;0,0;6073,240798520346;3407,3084006950958;766,4701985152351;679,6688736583892
сечение;1250,0;57,5;27,5;15,0;FCC_A1 + SIGMA;2;нет;100;0,0;0,0;0,0;97,36919924364057;0,0;0,0;2,630800756783474;5531,296708868933;2668,2650878377463;443,46595607370546;4,768174881930463
сечение;1250,0;55,0;27,5;17,5;FCC_A1 + SIGMA;2;нет;100;0,0;0,0;0,0;87,00821160550828;0,0;0,0;12,991788394200263;5375,242840410821;2607,648027003379;483,22123132455454;10,075443890411407
сечение;1250,0;52,5;27,5;20,0;FCC_A1 + SIGMA;2;нет;100;0,0;0,0;0,0;76,85353063254136;0,0;0,0;23,1464693674004;5226,397689381731;2551,8082204340026;524,2186421409424;18,15639524241851
сечение;1250,0;50,0;27,5;22,5;FCC_A1 + SIGMA;2;нет;100;0,0;0,0;0,0;66,88455659288614;0,0;0,0;33,11544340580175;5083,913195762696;2500,2070397771895;566,3947651184135;28,747421886975644
сечение;1250,0;47,5;27,5;25,0;FCC_A1 + SIGMA;2;нет;100;0,0;0,0;0,0;57,08399278299672;0,0;0,0;42,91600721536362;4947,062093878631;2452,395982906164;609,7102525945811;33,77154120343039
сечение;1250,0;45,0;27,5;27,5;FCC_A1 + SIGMA;2;нет;100;0,0;0,0;0,0;47,437174410175096;0,0;0,0;52,56282559070312;4815,2159879312385;2407,998780231035;654,1441731390369;31,378405082505196
сечение;1250,0;42,5;27,5;30,0;FCC_A1 + SIGMA;2;нет;100;0,0;0,0;0,0;37,93155809481207;0,0;0,0;62,068441905661196;4687,827873770089;2366,6977729697537;699,6901397879265;31,34626686948468
сечение;1250,0;40,0;27,5;32,5;FCC_A1 + SIGMA;2;нет;100;0,0;0,0;0,0;28,5563278231454;0,0;0,0;71,44367217525237;4564,417903081849;2328,223416033623;746,3577166266332;31,621436945395544
сечение;1250,0;37,5;27,5;35,0;FCC_A1 + SIGMA;2;нет;100;0,0;0,0;0,0;19,302086610810708;0,0;0,0;80,69791338636486;4444,562741562579;2292,3461023455166;794,1629082067666;21,365280210156925
сечение;1250,0;35,0;27,5;37,5;FCC_A1 + SIGMA;2;нет;100;0,0;0,0;0,0;10,160612107719396;0,0;0,0;89,8393878898695;4327,885726619788;2258,869736626584;843,1341476323723;13,246078949683579
сечение;1250,0;32,5;27,5;40,0;FCC_A1 + SIGMA;2;да;100;0,0;0,0;0,0;1,1246604508185412;0,0;0,0;98,87533955453544;4214,050049816447;2227,6266457760066;893,3136678162264;7,150968764457502
сечение;1250,0;30,0;27,5;42,5;SIGMA;1;да;100;0,0;0,0;0,0;0,0;0,0;0,0;100,0;5125,15639144498;2617,050478527104;1680,8545146604592;32,728449085276225
сечение;1250,0;27,5;27,5;45,0;BCC_B2 + SIGMA;2;да;100;6,113613226353004;0,0;0,0;0,0;0,0;0,0;93,88638676045024;5794,590085715987;2841,761345841849;2022,5245432237862;27,577817991565098
сечение;1250,0;25,0;27,5;47,5;BCC_B2 + SIGMA;2;нет;100;14,936050759089682;0,0;0,0;0,0;0,0;0,0;85,06394924530223;6070,795448660283;2825,583881039318;1968,7483647502668;18,81498467939673
сечение;1250,0;22,5;27,5;50,0;BCC_B2 + SIGMA;2;нет;100;23,928699924271;0,0;0,0;0,0;0,0;0,0;76,07130007144997;6308,153954646405;2806,0457501970523;1924,4943774307321;16,599485447412007
сечение;1250,0;20,0;27,5;52,5;BCC_B2 + SIGMA;2;нет;100;33,0647800751954;0,0;0,0;0,0;0,0;0,0;66,93521992224157;6508,754132312417;2793,4002530318976;1888,2344805608736;18,484281242912402
сечение;1250,0;17,5;27,5;55,0;BCC_B2 + SIGMA;2;нет;100;42,31822189699467;0,0;0,0;0,0;0,0;0,0;57,68177810628532;6676,738806755631;2785,4865214729944;1858,5098200115317;22,677042231254745
сечение;1250,0;15,0;27,5;57,5;BCC_B2 + SIGMA;2;нет;100;51,66589369036703;0,0;0,0;0,0;0,0;0,0;48,33410630985316;6817,0138004841865;2780,7227953064285;1834,0357418099447;27,99019200145267
сечение;1250,0;70,0;30,0;0,0;FCC_A1;1;нет;100;0,0;0,0;0,0;99,99999996625913;0,0;0,0;0,0;37726,767073469644;31386,9845724639;32596,753077963935;5909,6185211692355
сечение;1250,0;67,5;30,0;2,5;FCC_A1;1;нет;100;0,0;0,0;0,0;100,0;0,0;0,0;0,0;10410,593934875913;10108,100658379204;4913,50713341622;4635,73712013269
сечение;1250,0;65,0;30,0;5,0;FCC_A1;1;нет;100;0,0;0,0;0,0;100,0;0,0;0,0;0,0;8707,513945842962;7480,819306144505;2905,409473151376;3373,8068716759444
сечение;1250,0;62,5;30,0;7,5;FCC_A1;1;нет;100;0,0;0,0;0,0;99,99999999999996;0,0;0,0;0,0;7777,219270416084;5770,517131523724;1744,2607601198542;2235,074571480771
сечение;1250,0;60,0;30,0;10,0;FCC_A1;1;нет;100;0,0;0,0;0,0;100,0;0,0;0,0;0,0;7127,729283766457;4302,6475483549;961,0035818893375;1174,2972282968112
сечение;1250,0;57,5;30,0;12,5;FCC_A1;1;нет;100;0,0;0,0;0,0;100,0;0,0;0,0;0,0;6538,198542627535;3173,1573052058666;403,8233726107137;246,9123163481854
сечение;1250,0;55,0;30,0;15,0;FCC_A1 + SIGMA;2;нет;100;0,0;0,0;0,0;91,85434835194833;0,0;0,0;8,1456516492283;6208,420264991888;2878,376003286816;306,1673761136917;16,846269687986933
сечение;1250,0;52,5;30,0;17,5;FCC_A1 + SIGMA;2;нет;100;0,0;0,0;0,0;81,05169508400519;0,0;0,0;18,948304916270942;6034,912413248894;2830,8032657072035;336,19075930498366;8,535928542652982
сечение;1250,0;50,0;30,0;20,0;FCC_A1 + SIGMA;2;нет;100;0,0;0,0;0,0;70,49965214907262;0,0;0,0;29,500347850617036;5870,405952192188;2788,376647399258;367,84821465624555;3,9090912621613825
сечение;1250,0;47,5;30,0;22,5;FCC_A1 + SIGMA;2;нет;100;0,0;0,0;0,0;60,17040283677755;0,0;0,0;39,82959716406517;5713,866294061154;2741,8149367951555;400,9744088438747;2,5304091822181363
сечение;1250,0;45,0;30,0;25,0;FCC_A1 + SIGMA;2;нет;100;0,0;0,0;0,0;50,040929923406686;0,0;0,0;49,95907007727914;5564,402058166408;2681,392813120503;435,44456500190427;4,048739574136562
сечение;1250,0;42,5;30,0;27,5;FCC_A1 + SIGMA;2;нет;100;0,0;0,0;0,0;40,09198102057264;0,0;0,0;59,90801898099172;5421,241131529969;2625,2970579178364;471,1652421942854;8,179127693874761
сечение;1250,0;40,0;30,0;30,0;FCC_A1 + SIGMA;2;нет;100;0,0;0,0;0,0;30,307296374566178;0,0;0,0;69,69270362686338;5283,7114146849635;2573,078183821446;508,0681263092265;14,68938980101666
сечение;1250,0;37,5;30,0;32,5;FCC_A1 + SIGMA;2;нет;100;0,0;0,0;0,0;20,673023457857585;0,0;0,0;79,32697654236193;5151,2248207768425;2524,355412761419;546,1058193996141;23,389991025658674
сечение;1250,0;35,0;30,0;35,0;FCC_A1 + SIGMA;2;нет;100;0,0;0,0;0,0;11,177266807450573;0,0;0,0;88,82273319187377;5023,264473550007;2478,804199465754;585,2450781818188;33,891899425318115
сечение;1250,0;32,5;30,0;37,5;FCC_A1 + SIGMA;2;нет;100;0,0;0,0;0,0;1,8097373016734253;0,0;0,0;98,19026269194431;4899,373297094891;2436,146485287216;625,4721269770525;32,63341604474408
сечение;1250,0;30,0;30,0;40,0;SIGMA;1;да;100;0,0;0,0;0,0;0,0;0,0;0,0;99,99999999999999;5768,277710546579;2773,152151336777;1339,2912229171052;6,836665187074686
сечение;1250,0;27,5;30,0;42,5;BCC_B2 + SIGMA;2;да;100;5,228988151254463;0,0;0,0;0,0;0,0;0,0;94,77101185786799;6598,226792438305;2788,8840089192963;1872,339078735822;20,422282492538216
сечение;1250,0;25,0;30,0;45,0;BCC_B2 + SIGMA;2;да;100;14,362856621048598;0,0;0,0;0,0;0,0;0,0;85,63714337902107;6800,938138714322;2781,184095314238;1836,8270194532524;27,297887264357996
сечение;1250,0;22,5;30,0;47,5;BCC_B2 + SIGMA;2;нет;100;23,63585274874062;0,0;0,0;0,0;0,0;0,0;76,36414725213498;6963,732185536923;2777,519771390478;1808,6868307434052;35,30489565433527
сечение;1250,0;20,0;30,0;50,0;BCC_B2 + SIGMA;2;нет;100;33,01631635043226;0,0;0,0;0,0;0,0;0,0;66,98368365186535;7094,075598310068;2763,9829484334186;1786,3065993119817;43,30929180633393
сечение;1250,0;17,5;30,0;52,5;BCC_B2 + SIGMA;2;нет;100;42,47846370199576;0,0;0,0;0,0;0,0;0,0;57,52153629966944;7198,930026609669;2741,943263821624;1768,3503257645789;50,778617525080335
сечение;1250,0;15,0;30,0;55,0;BCC_B2 + SIGMA;2;нет;100;52,00251075532152;0,0;0,0;0,0;0,0;0,0;47,99748924449293;7284,051072079557;2724,9313114451215;1753,7761684307625;57,52041002227634
сечение;1250,0;67,5;32,5;0,0;FCC_A1;1;нет;100;0,0;0,0;0,0;100,00000001671725;0,0;0,0;0,0;38217,19110260179;30960,940566764926;32143,360550321086;5239,86090179428
сечение;1250,0;65,0;32,5;2,5;FCC_A1;1;нет;100;0,0;0,0;0,0;99,99999999999999;0,0;0,0;0,0;10924,870030868085;9620,11568731576;4495,776205315953;4017,5080312658247
сечение;1250,0;62,5;32,5;5,0;FCC_A1;1;нет;100;0,0;0,0;0,0;100,00000000000004;0,0;0,0;0,0;9237,760519311123;7139,432255063759;2520,5833188086835;2847,403511448152
сечение;1250,0;60,0;32,5;7,5;FCC_A1;1;нет;100;0,0;0,0;0,0;99,99999999999999;0,0;0,0;0,0;8312,555468557184;5384,423999322811;1389,9110987757595;1752,4891888827988
сечение;1250,0;57,5;32,5;10,0;FCC_A1;1;нет;100;0,0;0,0;0,0;100,00000000000004;0,0;0,0;0,0;7648,118414365032;3958,267967242078;635,0250078824611;761,853594354252
сечение;1250,0;55,0;32,5;12,5;FCC_A1 + SIGMA;2;нет;100;0,0;0,0;0,0;97,54691670720665;0,0;0,0;2,4530832900547397;7084,5500165275735;3057,4558077844704;203,07542537644622;24,36575366758916
сечение;1250,0;52,5;32,5;15,0;FCC_A1 + SIGMA;2;нет;100;0,0;0,0;0,0;85,92643166756369;0,0;0,0;14,0735683324431;6880,914143788017;3018,5230356750253;220,17236890092317;22,03457678752602
сечение;1250,0;50,0;32,5;17,5;FCC_A1 + SIGMA;2;нет;100;0,0;0,0;0,0;74,65377334685472;0,0;0,0;25,346226654040333;6689,630515242272;2985,9353452427313;239,9225714856293;24,054205754800932
сечение;1250,0;47,5;32,5;20,0;FCC_A1 + SIGMA;2;нет;100;0,0;0,0;0,0;63,68319968277517;0,0;0,0;36,31680031727389;6509,060894483759;2958,468271477119;261,9414829664456;29,79468684308813
сечение;1250,0;45,0;32,5;22,5;FCC_A1 + SIGMA;2;нет;100;0,0;0,0;0,0;52,977874977511405;0,0;0,0;47,022125023181324;6337,917315372877;2915,747155849778;285,93192788727174;25,289310869469773
сечение;1250,0;42,5;32,5;25,0;FCC_A1 + SIGMA;2;нет;100;0,0;0,0;0,0;42,50773277557165;0,0;0,0;57,49226722358834;6175,157039891128;2869,0332046089607;311,6617321034573;14,984616796675255
сечение;1250,0;40,0;32,5;27,5;FCC_A1 + SIGMA;2;нет;100;0,0;0,0;0,0;32,24793632811634;0,0;0,0;67,75206367298146;6019,900787238454;2826,8229840988497;338,94886132235115;7,98110690714384
сечение;1250,0;37,5;32,5;30,0;FCC_A1 + SIGMA;2;нет;100;0,0;0,0;0,0;22,17774872400382;0,0;0,0;77,82225127472286;5871,385367994459;2788,6214384522464;367,650265672215;3,9270923219883116
сечение;1250,0;35,0;32,5;32,5;FCC_A1 + SIGMA;2;нет;100;0,0;0,0;0,0;12,279689663455612;0,0;0,0;87,72031033372232;5728,9389893635525;2748,0122355422354;397,65417439960584;2,5324182198237395
сечение;1250,0;32,5;32,5;35,0;FCC_A1 + SIGMA;2;нет;100;0,0;0,0;0,0;2,538896533007213;0,0;0,0;97,46110345247395;5591,966906339236;2692,3944842398923;428,8738936270529;3,556605788806337
сечение;1250,0;30,0;32,5;37,5;SIGMA;1;нет;100;0,0;0,0;0,0;0,0;0,0;0,0;100,00000000000007;6414,088194550321;2778,498194930915;1070,561642633911;38,15496727763093
сечение;1250,0;27,5;32,5;40,0;BCC_B2 + SIGMA;2;нет;100;4,582988186145283;0,0;0,0;0,0;0,0;0,0;95,4170118019571;7370,703517302449;2708,4281199748802;1738,9193190184305;65,01063790956687
сечение;1250,0;25,0;32,5;42,5;BCC_B2 + SIGMA;2;нет;100;14,056120395804284;0,0;0,0;0,0;0,0;0,0;85,94387960478602;7473,501953247309;2689,922992072621;1721,2345949626615;74,72310950649262
сечение;1250,0;22,5;32,5;45,0;BCC_B2 + SIGMA;2;нет;100;23,6117010685078;0,0;0,0;0,0;0,0;0,0;76,38829893063868;7549,386829580937;2677,0167756290903;1708,115586949818;82,4730812254129
сечение;1250,0;20,0;32,5;47,5;BCC_B2 + SIGMA;2;нет;100;33,22317662704412;0,0;0,0;0,0;0,0;0,0;66,77682337294421;7606,839433830959;2667,675256877468;1698,134210360382;88,67176879008184
сечение;1250,0;17,5;32,5;50,0;BCC_B2 + SIGMA;2;нет;100;42,87339646865976;0,0;0,0;0,0;0,0;0,0;57,12660353164245;7651,446012801112;2660,6802166236885;1690,3500237975677;93,68280713021522
сечение;1250,0;15,0;32,5;52,5;BCC_B2 + SIGMA;2;нет;100;52,551189059822136;0,0;0,0;0,0;0,0;0,0;47,44881094056985;7686,8823102584865;2655,2849927382485;1684,1415701058286;97,78814453021914
сечение;1250,0;65,0;35,0;0,0;FCC_A1;1;нет;100;0,0;0,0;0,0;100,00000002759657;0,0;0,0;0,0;38728,77976963001;30503,84599212854;31749,519080167578;4610,6021578613145
сечение;1250,0;62,5;35,0;2,5;FCC_A1;1;нет;100;0,0;0,0;0,0;100,0;0,0;0,0;0,0;11458,36437487934;9126,11734233766;4136,549568027578;3448,017422116376
сечение;1250,0;60,0;35,0;5,0;FCC_A1;1;нет;100;0,0;0,0;0,0;100,00000000000003;0,0;0,0;0,0;9784,393571993365;6682,963872987777;2193,334239025309;2315,1320471408544
сечение;1250,0;57,5;35,0;7,5;FCC_A1;1;нет;100;0,0;0,0;0,0;100,00000000000004;0,0;0,0;0,0;8859,288064254986;4970,903414368309;1092,3237604098977;1254,0823628174985
сечение;1250,0;55,0;35,0;10,0;FCC_A1;1;нет;100;0,0;0,0;0,0;100,00000000000003;0,0;0,0;0,0;8166,544511363973;3579,6523041057953;365,1074271507823;344,43633743040846
сечение;1250,0;52,5;35,0;12,5;FCC_A1 + SIGMA;2;нет;100;0,0;0,0;0,0;91,69165163248884;0,0;0,0;8,30834836681944;7768,414607740066;3165,261438508198;173,8245206859574;31,125480540591525
сечение;1250,0;50,0;35,0;15,0;FCC_A1 + SIGMA;2;нет;100;0,0;0,0;0,0;79,50451001642071;0,0;0,0;20,495489984228243;7542,916554396899;3130,881024121438;178,82669929525582;40,278463396738516
сечение;1250,0;47,5;35,0;17,5;FCC_A1 + P_PHASE;2;нет;100;0,0;0,0;0,0;50,41999292381728;0,0;49,58000707565914;0,0;6401,111266564709;2488,987557554603;0,00022604934929404408;-386,94093326355505
сечение;1250,0;45,0;35,0;20,0;FCC_A1 + SIGMA;2;нет;100;0,0;0,0;0,0;56,33368542110752;0,0;0,0;43,66631457935415;7135,599592853672;3067,8892777463625;199,4101197498967;25,661118668780546
сечение;1250,0;42,5;35,0;22,5;FCC_A1 + SIGMA;2;нет;100;0,0;0,0;0,0;45,241892739118924;0,0;0,0;54,75810726054783;6949,809689065645;3031,2104844617716;213,9398414909083;22,311631590899196
сечение;1250,0;40,0;35,0;25,0;FCC_A1 + SIGMA;2;нет;100;0,0;0,0;0,0;34,42468767175018;0,0;0,0;65,57531232754724;6773,878175514488;2999,806956797358;230,776817461272;22,65564961291966
сечение;1250,0;37,5;35,0;27,5;FCC_A1 + SIGMA;2;нет;100;0,0;0,0;0,0;23,850604970066428;0,0;0,0;76,14939503099053;6606,621396045113;2973,015361332189;249,6317151402036;26,225156064683688
сечение;1250,0;35,0;35,0;30,0;FCC_A1 + SIGMA;2;нет;100;0,0;0,0;0,0;13,493656154768988;0,0;0,0;86,50634384783208;6447,0850688213395;2947,306410434787;270,27322068413196;32,64011739517446
сечение;1250,0;32,5;35,0;32,5;FCC_A1 + SIGMA;2;нет;100;0,0;0,0;0,0;3,3321502230533735;0,0;0,0;96,66784978292723;6294,490793846606;2903,0381477185438;292,51488081562275;22,247107617760776
сечение;1250,0;30,0;35,0;35,0;SIGMA;1;нет;100;0,0;0,0;0,0;0,0;0,0;0,0;99,99999999999997;7068,653983908778;2822,722698994432;862,1002665595588;50,80883886059746
сечение;1250,0;27,5;35,0;37,5;BCC_B2 + SIGMA;2;нет;100;4,211770439919374;0,0;0,0;0,0;0,0;0,0;95,78822956104848;8096,267583201217;2584,9588908490987;1610,0880823050102;88,84164660295937
сечение;1250,0;25,0;35,0;40,0;BCC_B2 + SIGMA;2;нет;100;14,062896967453431;0,0;0,0;0,0;0,0;0,0;85,93710303198799;8073,366222938101;2592,1795908514614;1614,3795114917157;91,10443393379683
сечение;1250,0;22,5;35,0;42,5;BCC_B2 + SIGMA;2;нет;100;23,892118758894867;0,0;0,0;0,0;0,0;0,0;76,1078812412043;8057,947569981465;2597,0943212001002;1617,2561058665306;92,65447635609598
сечение;1250,0;20,0;35,0;45,0;BCC_B2 + SIGMA;2;нет;100;33,708792497722364;0,0;0,0;0,0;0,0;0,0;66,29120750240757;8046,82046354076;2600,6648218426562;1619,326340139669;93,78635592901264
сечение;1250,0;17,5;35,0;47,5;BCC_B2 + SIGMA;2;нет;100;43,51756745112112;0,0;0,0;0,0;0,0;0,0;56,482432546886265;8038,396804988035;2603,382440999194;1620,8900363812281;94,65062148607103
сечение;1250,0;15,0;35,0;50,0;BCC_B2 + SIGMA;2;нет;100;53,32103314042149;0,0;0,0;0,0;0,0;0,0;46,67896686082806;8031,791204094654;2605,5223271352734;1622,1146917068982;95,33280427471618
сечение;1250,0;62,5;37,5;0,0;FCC_A1;1;нет;100;0,0;0,0;0,0;99,99999998839654;0,0;0,0;0,0;39259,24217866536;29830,148018522654;31408,302461771484;4025,0536937130673
сечение;1250,0;60,0;37,5;2,5;FCC_A1;1;нет;100;0,0;0,0;0,0;99,99999999999997;0,0;0,0;0,0;12008,618528621548;8695,374647441538;3828,9472145825275;2908,446108175631
сечение;1250,0;57,5;37,5;5,0;FCC_A1;1;нет;100;0,0;0,0;0,0;100,00000000000003;0,0;0,0;0,0;10344,525159913901;6289,420346092724;1916,8252261490416;1807,0580281149741
сечение;1250,0;55,0;37,5;7,5;FCC_A1;1;нет;100;0,0;0,0;0,0;99,99999999999997;0,0;0,0;0,0;9413,154230344473;4613,172234670143;844,7054502511601;808,6608325606067
сечение;1250,0;52,5;37,5;10,0;FCC_A1 + SIGMA;2;нет;100;0,0;0,0;0,0;98,68158047495753;0,0;0,0;1,3184195249390727;8716,174322557883;3362,404119530329;198,70613735323423;50,43615811000927
сечение;1250,0;50,0;37,5;12,5;FCC_A1 + SIGMA;2;нет;100;0,0;0,0;0,0;85,29223943218265;0,0;0,0;14,707760567175768;8444,876951534854;3297,6598546103633;184,36885653843638;35,78863242204534
сечение;1250,0;47,5;37,5;15,0;FCC_A1 + SIGMA;2;нет;100;0,0;0,0;0,0;72,5097582257235;0,0;0,0;27,490241774567448;8195,297628929577;3243,863079853516;176,17103451065486;28,636098056973424
сечение;1250,0;45,0;37,5;17,5;FCC_A1 + P_PHASE;2;нет;100;0,0;0,0;0,0;39,64479207989116;0,0;60,355207917029375;0,0;7764,953012018974;2857,969020438657;0,0003570472908904776;-265,5338047305704
сечение;1250,0;42,5;37,5;20,0;FCC_A1 + SIGMA;2;нет;100;0,0;0,0;0,0;48,38313553875074;0,0;0,0;51,616864461963786;7748,768265471139;3162,0655052002694;174,08460338848818;31,70282366327592
сечение;1250,0;40,0;37,5;22,5;FCC_A1 + SIGMA;2;нет;100;0,0;0,0;0,0;36,89997508386903;0,0;0,0;63,10002491555559;7546,997674333485;3131,4580015194515;178,6959948233416;40,06316313862044
сечение;1250,0;37,5;37,5;25,0;FCC_A1 + SIGMA;2;нет;100;0,0;0,0;0,0;25,734669318252195;0,0;0,0;74,26533068207321;7357,043873240444;3106,4060799877916;186,33690270809166;34,51197548865457
сечение;1250,0;35,0;37,5;27,5;FCC_A1 + SIGMA;2;нет;100;0,0;0,0;0,0;14,848027291298049;0,0;0,0;85,1519727109566;7177,413465349629;3076,63370163567;196,59272868782864;26,931758360893582
сечение;1250,0;32,5;37,5;30,0;FCC_A1 + SIGMA;2;нет;100;0,0;0,0;0,0;4,20801733796883;0,0;0,0;95,7919826623288;7006,852701051321;3042,091427248728;209,12746373888513;22,938273306455812
сечение;1250,0;30,0;37,5;32,5;SIGMA;1;нет;100;0,0;0,0;0,0;0,0;0,0;0,0;100,00000000000003;7737,917199938864;2923,2418948494305;705,776055188413;7,116496110640583
сечение;1250,0;27,5;37,5;35,0;BCC_B2 + SIGMA;2;нет;100;4,208380728600795;0,0;0,0;0,0;0,0;0,0;95,7916192680521;8748,03020330926;2423,858504598742;1474,918025484396;45,19278929990833
сечение;1250,0;25,0;37,5;37,5;BCC_B2 + SIGMA;2;нет;100;14,447658169138858;0,0;0,0;0,0;0,0;0,0;85,55234183206196;8589,327706351396;2454,217147866162;1510,7342529082525;51,94664154748898
сечение;1250,0;22,5;37,5;40,0;BCC_B2 + SIGMA;2;нет;100;24,51231618614152;0,0;0,0;0,0;0,0;0,0;75,48768381420295;8489,621856815633;2476,4826918165054;1532,1270503137494;57,52375223299896
сечение;1250,0;20,0;37,5;42,5;BCC_B2 + SIGMA;2;нет;100;34,49101984878114;0,0;0,0;0,0;0,0;0,0;65,50898015054696;8419,850182383976;2493,4154018338886;1546,6483535064617;62,012193767455756
сечение;1250,0;17,5;37,5;45,0;BCC_B2 + SIGMA;2;нет;100;44,41974654437394;0,0;0,0;0,0;0,0;0,0;55,580253455129636;8367,766167865077;2506,744173979285;1557,2689392317698;65,66961785120657
сечение;1250,0;15,0;37,5;47,5;BCC_B2 + SIGMA;2;нет;100;54,31633216349269;0,0;0,0;0,0;0,0;0,0;45,68366783550809;8327,16050236128;2517,5289283660677;1565,4281463256193;68,69999347746489
сечение;1250,0;60,0;40,0;0,0;FCC_A1;1;нет;100;0,0;0,0;0,0;100,00000001205913;0,0;0,0;0,0;39806,42057524086;29150,070512559192;31113,58680820596;3485,2797246425034
сечение;1250,0;57,5;40,0;2,5;FCC_A1;1;нет;100;0,0;0,0;0,0;100,00000000000004;0,0;0,0;0,0;12573,269555013714;8154,419926496717;3566,8984254671814;2444,4704647671897
сечение;1250,0;55,0;40,0;5,0;FCC_A1;1;нет;100;0,0;0,0;0,0;100,0;0,0;0,0;0,0;10915,211747229958;5877,978402410532;1685,0373473591608;1367,526588765235
сечение;1250,0;52,5;40,0;7,5;FCC_A1;1;нет;100;0,0;0,0;0,0;100,0;0,0;0,0;0,0;9969,105700156782;4242,143015745591;641,0849277241941;427,3025234371162
сечение;1250,0;50,0;40,0;10,0;FCC_A1 + SIGMA;2;нет;100;0,0;0,0;0,0;92,39703343706412;0,0;0,0;7,6029665632674615;9415,756143714418;3525,619101073302;260,11328777366725;34,93688473464863
сечение;1250,0;47,5;40,0;12,5;FCC_A1 + SIGMA;2;нет;100;0,0;0,0;0,0;78,26329571921319;0,0;0,0;21,736704284014586;9114,812682462114;3468,8635189612833;229,535407383024;53,575085793971084
сечение;1250,0;45,0;40,0;15,0;FCC_A1 + SIGMA;2;нет;100;0,0;0,0;0,0;64,86175048789242;0,0;0,0;35,13824951330598;8839,463759148915;3393,9172659338365;207,02663192138425;59,38334709746414
сечение;1250,0;42,5;40,0;17,5;FCC_A1 + SIGMA;2;нет;100;0,0;0,0;0,0;52,061266125059014;0,0;0,0;47,93873387479913;8585,793212186312;3330,489807945778;191,12538825358206;42,52063238811388
сечение;1250,0;40,0;40,0;20,0;FCC_A1 + SIGMA;2;нет;100;0,0;0,0;0,0;39,76251902242606;0,0;0,0;60,23748097801804;8350,649881043806;3276,6885056557076;180,70041131300968;32,3632540966355
сечение;1250,0;37,5;40,0;22,5;FCC_A1 + SIGMA;2;нет;100;0,0;0,0;0,0;27,88880867021514;0,0;0,0;72,11119132945088;8131,4699761269585;3231,017701009332;174,86748910679307;27,808522619947325
сечение;1250,0;35,0;40,0;25,0;FCC_A1 + SIGMA;2;нет;100;0,0;0,0;0,0;16,37987481306296;0,0;0,0;83,62012518780455;7926,144762270327;3192,2818838489184;172,92692678772437;27,985433383539203
сечение;1250,0;32,5;40,0;27,5;FCC_A1 + SIGMA;2;нет;100;0,0;0,0;0,0;5,187640241182663;0,0;0,0;94,81235975668551;7732,921522985052;3159,5153061132587;174,31850897301047;32,198844720216584
сечение;1250,0;30,0;40,0;30,0;SIGMA;1;нет;100;0,0;0,0;0,0;0,0;0,0;0,0;100,0;8427,64911059037;2991,0875510292826;596,5899400013877;13,300977902734303
сечение;1250,0;27,5;40,0;32,5;BCC_B2 + SIGMA;2;нет;100;4,649223916332163;0,0;0,0;0,0;0,0;0,0;95,35077607021714;9311,92202796819;2377,9472551567305;1325,9306719613378;30,589013479009736
сечение;1250,0;25,0;40,0;35,0;BCC_B2 + SIGMA;2;нет;100;15,224331273763928;0,0;0,0;0,0;0,0;0,0;84,77566872111686;9031,66349177144;2387,4232670033816;1404,530874298871;40,26016840356169
сечение;1250,0;22,5;40,0;37,5;BCC_B2 + SIGMA;2;нет;100;25,47111367229555;0,0;0,0;0,0;0,0;0,0;74,52888632766398;8858,373659381803;2406,7863482449175;1448,5724733454408;42,12849420517159
сечение;1250,0;20,0;40,0;40,0;BCC_B2 + SIGMA;2;нет;100;35,564444860191294;0,0;0,0;0,0;0,0;0,0;64,43555513998868;8739,319410609343;2425,352568956907;1476,9449541128852;45,49319515336538
сечение;1250,0;17,5;40,0;42,5;BCC_B2 + SIGMA;2;нет;100;45,573910712284814;0,0;0,0;0,0;0,0;0,0;54,42608928753068;8651,35837555243;2441,576941252686;1497,0084701806481;48,98884281079518
сечение;1250,0;15,0;40,0;45,0;BCC_B2 + SIGMA;2;нет;100;55,53170914924197;0,0;0,0;0,0;0,0;0,0;44,46829085031233;8583,110421374047;2455,5361769458686;1512,0916561848135;52,26502109420835
сечение;1250,0;57,5;42,5;0,0;FCC_A1;1;нет;100;0,0;0,0;0,0;99,99999998924483;0,0;0,0;0,0;40368,313080215565;28473,07841332913;30859,89321707742;2992,3502738673415
сечение;1250,0;55,0;42,5;2,5;FCC_A1;1;нет;100;0,0;0,0;0,0;99,99999999999997;0,0;0,0;0,0;13150,049139673065;7582,970625247952;3344,9857504411484;2049,6498468034406
сечение;1250,0;52,5;42,5;5,0;FCC_A1;1;нет;100;0,0;0,0;0,0;100,00000000000009;0,0;0,0;0,0;11493,409191554892;5340,899513632248;1492,6152417120757;990,494685055528
сечение;1250,0;50,0;42,5;7,5;FCC_A1;1;нет;100;0,0;0,0;0,0;100,0;0,0;0,0;0,0;10520,611214826335;3761,8584284516255;476,16595990351925;104,3420224275178
сечение;1250,0;47,5;42,5;10,0;FCC_A1 + SIGMA;2;нет;100;0,0;0,0;0,0;85,42837205338549;0,0;0,0;14,57162794696368;10111,203172024572;3626,703781969991;353,10807065831614;22,21562299846846
сечение;1250,0;45,0;42,5;12,5;FCC_A1 + SIGMA;2;нет;100;0,0;0,0;0,0;70,5130419456378;0,0;0,0;29,486958052977343;9779,045152427178;3577,4544598579814;304,9375326005684;23,18689737240493
сечение;1250,0;42,5;42,5;15,0;FCC_A1 + SIGMA;2;нет;100;0,0;0,0;0,0;56,47405207786811;0,0;0,0;43,5259479254197;9476,507561630497;3533,476732919342;267,01765226405405;32,16860843350878
сечение;1250,0;40,0;42,5;17,5;FCC_A1 + SIGMA;2;нет;100;0,0;0,0;0,0;43,14398972093389;0,0;0,0;56,856010279513015;9199,029256261696;3493,016857489143;237,47522648001905;47,521506598524866
сечение;1250,0;37,5;42,5;20,0;FCC_A1 + SIGMA;2;нет;100;0,0;0,0;0,0;30,397933604941784;0,0;0,0;69,60206639435599;8942,933923120465;3421,3486758993095;214,8562250965042;67,96971252506773
сечение;1250,0;35,0;42,5;22,5;FCC_A1 + SIGMA;2;нет;100;0,0;0,0;0,0;18,140745110676537;0,0;0,0;81,85925489001478;8705,233038306382;3359,669799817464;198,02151207746647;49,710392898414284
сечение;1250,0;32,5;42,5;25,0;P_PHASE + SIGMA;2;нет;100;0,0;0,0;0,0;0,0;0,0;7,510245498917298;92,48975450092199;7799,875269822194;3367,933993946368;2,4994005798362195e-05;64,73053852903831
сечение;1250,0;30,0;42,5;27,5;SIGMA;1;нет;100;0,0;0,0;0,0;0,0;0,0;0,0;99,99999999999997;9143,12783525708;3110,240122103656;531,9524233679549;3,7968658306490397
сечение;1250,0;27,5;42,5;30,0;BCC_B2 + SIGMA;2;нет;100;5,525917438483796;0,0;0,0;0,0;0,0;0,0;94,47408256521071;9805,522768529889;2437,664423366703;1167,6143044095224;36,538179780734936
сечение;1250,0;25,0;42,5;32,5;BCC_B2 + SIGMA;2;нет;100;16,331239931861766;0,0;0,0;0,0;0,0;0,0;83,66876006661282;9430,031962890833;2382,932896086786;1290,1182070699433;28,03870109167474
сечение;1250,0;22,5;42,5;35,0;BCC_B2 + SIGMA;2;нет;100;26,719897830359958;0,0;0,0;0,0;0,0;0,0;73,28010217275894;9188,217309961547;2378,5799063745944;1361,7582438977552;35,55494099040516
сечение;1250,0;20,0;42,5;37,5;BCC_B2 + SIGMA;2;нет;100;36,89572449399876;0,0;0,0;0,0;0,0;0,0;63,104275492047755;9023,318974227383;2388,133231834101;1406,7301128871186;40,26264894705673
сечение;1250,0;17,5;42,5;40,0;BCC_B2 + SIGMA;2;нет;100;46,957161154900305;0,0;0,0;0,0;0,0;0,0;53,04283884634054;8902,982211590279;2400,8997855730267;1437,5562688683567;41,29241344491311
сечение;1250,0;15,0;42,5;42,5;BCC_B2 + SIGMA;2;нет;100;56,95109424646099;0,0;0,0;0,0;0,0;0,0;43,04890575382635;8810,43368987189;2413,7739531427796;1460,1732331469975;43,2887286933983
сечение;1250,0;55,0;45,0;0,0;FCC_A1;1;нет;100;0,0;0,0;0,0;100,00000002244411;0,0;0,0;0,0;40943,10116727454;27806,75551880416;30642,276990500104;2546,509709759921
сечение;1250,0;52,5;45,0;2,5;FCC_A1;1;нет;100;0,0;0,0;0,0;99,99999999999996;0,0;0,0;0,0;13736,802209696907;7037,367621210433;3158,3382646182145;1618,1702600844728
сечение;1250,0;50,0;45,0;5,0;FCC_A1;1;нет;100;0,0;0,0;0,0;99,99999999999999;0,0;0,0;0,0;12075,886422839278;4785,289275438947;1334,7566334391013;645,1886489954486
сечение;1250,0;47,5;45,0;7,5;BCC_B2 + FCC_A1 + SIGMA;3;нет;100;6,305064799862893;0,0;0,0;92,69338372115779;0,0;0,0;1,0015515050141905;10868,59429165299;3653,7432754504553;486,76067901849456;52,40115687542129
сечение;1250,0;45,0;45,0;10,0;FCC_A1 + SIGMA;2;нет;100;0,0;0,0;0,0;77,66783808264103;0,0;0,0;22,332161917554654;10803,796012932755;3653,157529771299;474,0979172879306;48,147414507940994
сечение;1250,0;42,5;45,0;12,5;FCC_A1 + SIGMA;2;нет;100;0,0;0,0;0,0;61,93743169552545;0,0;0,0;38,062568303394066;10438,881320886983;3648,546001023962;407,0060586744803;29,932833213271806
сечение;1250,0;40,0;45,0;15,0;FCC_A1 + SIGMA;2;нет;100;0,0;0,0;0,0;47,248854832489855;0,0;0,0;52,75114516785728;10107,774859938654;3626,1610469223524;352,57728605718876;22,17965748946881
сечение;1250,0;37,5;45,0;17,5;FCC_A1 + SIGMA;2;нет;100;0,0;0,0;0,0;33,39035191411805;0,0;0,0;66,60964808606332;9805,266698847481;3581,6393972168735;308,4957524336205;22,777698239515303
сечение;1250,0;35,0;45,0;20,0;FCC_A1 + SIGMA;2;нет;100;0,0;0,0;0,0;20,20633956168209;0,0;0,0;79,7936604386692;9527,132476865954;3540,275794234796;272,95518559731136;30,11145198646409
сечение;1250,0;32,5;45,0;22,5;FCC_A1 + SIGMA;2;нет;100;0,0;0,0;0,0;7,580031629313366;0,0;0,0;92,41996836981356;9269,93219723762;3508,1191353645845;244,53475849248935;42,933623060424
сечение;1250,0;30,0;45,0;25,0;SIGMA;1;нет;100;0,0;0,0;0,0;0,0;0,0;0,0;100,00000000000004;9887,604112228277;3186,3051571552787;511,3552353233099;50,305924596468685
сечение;1250,0;27,5;45,0;27,5;BCC_B2 + SIGMA;2;нет;100;6,882255658083222;0,0;0,0;0,0;0,0;0,0;93,11774434608148;10250,603596367859;2550,0811312479345;1013,5938879296154;31,724696173972916
сечение;1250,0;25,0;45,0;30,0;BCC_B2 + SIGMA;2;нет;100;17,749491080782256;0,0;0,0;0,0;0,0;0,0;82,25050892442465;9807,344268710862;2438,0791691879713;1166,9953216948197;36,648434547445504
сечение;1250,0;22,5;45,0;32,5;BCC_B2 + SIGMA;2;нет;100;28,213960525344937;0,0;0,0;0,0;0,0;0,0;71,78603947528796;9500,715838916309;2388,6380399547925;1267,9862968362286;27,620536325106514
сечение;1250,0;20,0;45,0;35,0;BCC_B2 + SIGMA;2;нет;100;38,44491478133258;0,0;0,0;0,0;0,0;0,0;61,55508522082022;9288,929520858626;2377,621969142303;1332,723065121987;31,340772186405957
сечение;1250,0;17,5;45,0;37,5;BCC_B2 + SIGMA;2;нет;100;48,53923163121101;0,0;0,0;0,0;0,0;0,0;51,460768369659945;9135,72450573185;2380,5758102084656;1376,4215494246746;38,32006921982975
сечение;1250,0;15,0;45,0;40,0;BCC_B2 + SIGMA;2;нет;100;58,55233270005081;0,0;0,0;0,0;0,0;0,0;41,44766730849254;9019,25481749729;2388,4874824574363;1407,798298654452;40,267181910865474
сечение;1250,0;52,5;47,5;0,0;FCC_A1;1;нет;100;0,0;0,0;0,0;100,00000000000003;0,0;0,0;0,0;41529,18329389185;27156,867585038126;30456,254482292585;2147,3529240304924
сечение;1250,0;50,0;47,5;2,5;FCC_A1;1;нет;100;0,0;0,0;0,0;100,00000000000003;0,0;0,0;0,0;14331,496747200465;6501,630662413896;3002,5548394424113;1241,8412344267126
сечение;1250,0;47,5;47,5;5,0;BCC_B2 + FCC_A1;2;нет;100;8,591586189255702;0,0;0,0;91,40841380960802;0,0;0,0;0,0;12294,494680092743;4660,749579492418;1326,871539427084;568,1544516839058
сечение;1250,0;45,0;47,5;7,5;BCC_B2 + FCC_A1;2;нет;100;18,860719460935687;0,0;0,0;81,13928052278331;0,0;0,0;0,0;10932,575047477396;3693,5350565211556;518,5004717011616;81,27718211464526
сечение;1250,0;42,5;47,5;10,0;BCC_B2 + FCC_A1 + SIGMA;3;нет;100;12,26039676267458;0,0;0,0;66,65078601345398;0,0;0,0;21,08881722911192;10868,594291653397;3653,743275450499;486,760679018611;52,4011568754795
сечение;1250,0;40,0;47,5;12,5;BCC_B2 + FCC_A1 + SIGMA;3;нет;100;4,688243560715636;0,0;0,0;51,912211395390905;0,0;0,0;43,399545037973915;10868,59429165312;3653,743275450528;486,7606790185673;52,4011568754795
сечение;1250,0;37,5;47,5;15,0;FCC_A1 + SIGMA;2;нет;100;0,0;0,0;0,0;37,070102756385175;0,0;0,0;62,929897243629796;10735,1282136566;3652,466257309221;460,92250136741495;43,97007482033223
сечение;1250,0;35,0;47,5;17,5;FCC_A1 + SIGMA;2;нет;100;0,0;0,0;0,0;22,693612000391862;0,0;0,0;77,30638800042546;10406,255882721598;3648,0107989525422;401,3649183160014;28,790551830112236
сечение;1250,0;32,5;47,5;20,0;FCC_A1 + SIGMA;2;нет;100;0,0;0,0;0,0;9,090461171154269;0,0;0,0;90,90953882646615;10104,932228646649;3625,7117792624776;352,13734800466045;22,15055114486313
сечение;1250,0;30,0;47,5;22,5;SIGMA;1;нет;100;0,0;0,0;0,0;0,0;0,0;0,0;100,00000000000004;10653,449130010995;3318,2206077772717;536,341750997788;65,52949933013588
сечение;1250,0;27,5;47,5;25,0;BCC_B2 + SIGMA;2;нет;100;8,907222304604037;0,0;0,0;0,0;0,0;0,0;91,09277770472066;10658,663224446515;2745,7525440122845;874,7144814282074;44,97899007987871
сечение;1250,0;25,0;47,5;27,5;BCC_B2 + SIGMA;2;нет;100;19,58589620090364;0,0;0,0;0,0;0,0;0,0;80,41410380229742;10173,02017326212;2523,675225594445;1040,5595939333434;33,59130330977496
сечение;1250,0;22,5;47,5;30,0;BCC_B2 + SIGMA;2;нет;100;29,97629444949591;0,0;0,0;0,0;0,0;0,0;70,02370554891134;9808,5467068789;2438,3537891884916;1166,5866346381808;36,721609414875275
сечение;1250,0;20,0;47,5;32,5;BCC_B2 + SIGMA;2;нет;100;40,200093131422115;0,0;0,0;0,0;0,0;0,0;59,79990686945364;9548,481610914037;2393,6773267254466;1252,755255624943;27,83610598408268
сечение;1250,0;17,5;47,5;35,0;BCC_B2 + SIGMA;2;нет;100;50,3001206351184;0,0;0,0;0,0;0,0;0,0;49,69987936363987;9360,010778972355;2379,3017819985544;1311,5329937272181;29,280876043849275
сечение;1250,0;15,0;47,5;37,5;BCC_B2 + SIGMA;2;нет;100;60,31638214408345;0,0;0,0;0,0;0,0;0,0;39,68361785511105;9218,03680810488;2377,8970782646647;1353,2841329721996;34,15456977437134
сечение;1250,0;50,0;50,0;0,0;BCC_B2 + FCC_A1;2;нет;100;0,4925967464774957;0,0;0,0;99,50740325954379;0,0;0,0;0,0;42102,63662572186;26550,0407675764;30302,978433553086;1806,3279247022147
сечение;1250,0;47,5;50,0;2,5;BCC_B2 + FCC_A1;2;нет;100;10,756017404330048;0,0;0,0;89,24398259521917;0,0;0,0;0,0;14441,789960774331;6445,034470597049;3000,9675256642513;1195,913575416591
сечение;1250,0;45,0;50,0;5,0;BCC_B2 + FCC_A1;2;нет;100;20,764298415182765;0,0;0,0;79,23570158404334;0,0;0,0;0,0;12358,263582106738;4710,8511061882455;1370,4136406062753;591,1344682532799
сечение;1250,0;42,5;50,0;7,5;BCC_B2 + FCC_A1;2;нет;100;30,673474799202204;0,0;0,0;69,32652517903908;0,0;0,0;0,0;11039,741948463052;3761,45301732402;572,995601935254;131,03238987484656
сечение;1250,0;40,0;50,0;10,0;BCC_B2 + FCC_A1 + SIGMA;3;нет;100;25,787881926448897;0,0;0,0;55,34676292333558;0,0;0,0;18,865355121805084;10868,594291650908;3653,7432754504553;486,76067901810165;52,401156875290326
сечение;1250,0;37,5;50,0;12,5;BCC_B2 + FCC_A1 + SIGMA;3;нет;100;18,21572872467264;0,0;0,0;40,60818830596583;0,0;0,0;41,17608293770173;10868,594291653892;3653,743275450499;486,7606790186983;52,401156875508605
сечение;1250,0;35,0;50,0;15,0;BCC_B2 + FCC_A1 + SIGMA;3;нет;100;10,643575522472586;0,0;0,0;25,869613687744085;0,0;0,0;63,48681074809546;10868,594291653702;3653,7432754504553;486,7606790186255;52,4011568754504
сечение;1250,0;32,5;50,0;17,5;BCC_B2 + FCC_A1 + SIGMA;3;нет;100;3,07142232192178;0,0;0,0;11,131039070238462;0,0;0,0;85,79753849869212;10868,594291653018;3653,7432754503825;486,76067901846545;52,401156875363085
сечение;1250,0;30,0;50,0;20,0;BCC_B2 + SIGMA;2;нет;100;1,0226376107527;0,0;0,0;0,0;0,0;0,0;98,97736240312338;11238,205590349418;3444,8932067404385;579,7708076513663;62,742434617495746
сечение;1250,0;27,5;50,0;22,5;BCC_B2 + SIGMA;2;нет;100;12,107922794718268;0,0;0,0;0,0;0,0;0,0;87,89207721315533;11020,025099737584;2980,1796884576615;756,700991536869;90,89896171014698
сечение;1250,0;25,0;50,0;25,0;BCC_B2 + SIGMA;2;нет;100;22,095447712702235;0,0;0,0;0,0;0,0;0,0;77,90455228778451;10527,696938538196;2672,133022341979;918,5543293576193;36,162317205336876
сечение;1250,0;22,5;50,0;27,5;BCC_B2 + SIGMA;2;нет;100;32,12869175679066;0,0;0,0;0,0;0,0;0,0;67,87130824176351;10117,083438484304;2506,68558997073;1060,0317320831673;35,70735343702836
сечение;1250,0;20,0;50,0;30,0;BCC_B2 + SIGMA;2;нет;100;42,20492205432217;0,0;0,0;0,0;0,0;0,0;57,79507794475377;9809,40004798786;2438,549092912508;1166,296546779049;36,77373200569127
сечение;1250,0;17,5;50,0;32,5;BCC_B2 + SIGMA;2;нет;100;52,24806857093218;0,0;0,0;0,0;0,0;0,0;47,75193142945154;9583,18335828984;2397,946269411492;1241,5590472788463;28,25418897444615
сечение;1250,0;15,0;50,0;35,0;BCC_B2 + SIGMA;2;нет;100;62,238097061148665;0,0;0,0;0,0;0,0;0,0;37,761902939099556;9413,263090318564;2381,881785371821;1295,2943554426893;28,262781383033143
сечение;1250,0;47,5;52,5;0,0;BCC_B2 + FCC_A1;2;нет;100;13,72366960529186;0,0;0,0;86,27633039221195;0,0;0,0;0,0;42096,58092984001;26545,6930950026;30296,922736651584;1806,3279525425314
сечение;1250,0;45,0;52,5;2,5;BCC_B2 + FCC_A1;2;нет;100;23,378488006480374;0,0;0,0;76,62151199260649;0,0;0,0;0,0;14467,004044383299;6467,346225144691;3022,645902169723;1201,1634510805015
сечение;1250,0;42,5;52,5;5,0;BCC_B2 + FCC_A1;2;нет;100;32,96664731591155;0,0;0,0;67,0333526838834;0,0;0,0;0,0;12417,989171163077;4758,097181528952;1411,6092125987198;613,0283944347902
сечение;1250,0;40,0;52,5;7,5;BCC_B2 + FCC_A1;2;нет;100;42,5456312571587;0,0;0,0;57,45436873519629;0,0;0,0;0,0;11136,924330808222;3824,3852090075234;623,8389275987429;162,27147082588635
сечение;1250,0;37,5;52,5;10,0;BCC_B2 + FCC_A1 + SIGMA;3;нет;100;39,31536709018229;0,0;0,0;44,042739834133506;0,0;0,0;16,641893063361408;10868,59429165363;3653,74327545047;486,7606790186255;52,40115687546495
сечение;1250,0;35,0;52,5;12,5;BCC_B2 + FCC_A1 + SIGMA;3;нет;100;31,743213888960888;0,0;0,0;29,304165215448783;0,0;0,0;38,952620882029365;10868,59429165152;3653,743275450499;486,7606790182472;52,40115687537764
сечение;1250,0;32,5;52,5;15,0;BCC_B2 + FCC_A1 + SIGMA;3;нет;100;24,171060688353;0,0;0,0;14,565590597641878;0,0;0,0;61,263348697936294;10868,594291650836;3653,743275450499;486,76067901810165;52,40115687531943
сечение;1250,0;30,0;52,5;17,5;BCC_B2 + SIGMA;2;нет;100;16,56649041125044;0,0;0,0;0,0;0,0;0,0;83,43350958913767;10880,350619893608;3648,9686380342755;489,2965575936978;52,68238526112691
сечение;1250,0;27,5;52,5;20,0;BCC_B2 + SIGMA;2;нет;100;17,87306485895777;0,0;0,0;0,0;0,0;0,0;82,12693514906519;11276,153400401774;3245,9203568676603;661,1886960980773;82,89072782924632
сечение;1250,0;25,0;52,5;22,5;BCC_B2 + SIGMA;2;нет;100;25,77833141621131;0,0;0,0;0,0;0,0;0,0;74,22166857937755;10861,19835627488;2871,5236165979586;808,3483788423036;68,55507553854841
сечение;1250,0;22,5;52,5;25,0;BCC_B2 + SIGMA;2;нет;100;34,91807267707894;0,0;0,0;0,0;0,0;0,0;65,08192732395852;10426,208997997659;2622,2872785122454;953,0504278033186;32,41163252897968
сечение;1250,0;20,0;52,5;27,5;BCC_B2 + SIGMA;2;нет;100;44,5785222626334;0,0;0,0;0,0;0,0;0,0;55,42147773715252;10075,399212706485;2495,1303402821213;1074,5415860378562;37,687179409185774
сечение;1250,0;17,5;52,5;30,0;BCC_B2 + SIGMA;2;нет;100;54,434681133196804;0,0;0,0;0,0;0,0;0,0;45,565318866671625;9810,037168530238;2438,695128504216;1166,0799410917098;36,81275039535831
сечение;1250,0;15,0;52,5;32,5;BCC_B2 + SIGMA;2;нет;100;64,33652117484053;0,0;0,0;0,0;0,0;0,0;35,663478825148026;9609,647596085124;2401,5474917054817;1232,9508447513217;28,724784567355528
сечение;1250,0;45,0;55,0;0,0;BCC_B2 + FCC_A1;2;нет;100;26,954742331888653;0,0;0,0;73,04525766584257;0,0;0,0;0,0;42090,51270458099;26541,336427006638;30290,854510368517;1806,327980502916
сечение;1250,0;42,5;55,0;2,5;BCC_B2 + FCC_A1;2;нет;100;36,009374539501835;0,0;0,0;63,99062545988874;0,0;0,0;0,0;14491,465045941164;6489,029258850016;3043,7106403604703;1206,2850931378343
сечение;1250,0;40,0;55,0;5,0;BCC_B2 + FCC_A1;2;нет;100;45,19563105123712;0,0;0,0;54,804368945414424;0,0;0,0;0,0;12474,179520848484;4802,823797144112;1450,7261610809946;633,9493679245352
сечение;1250,0;37,5;55,0;7,5;BCC_B2 + FCC_A1;2;нет;100;54,46822772369857;0,0;0,0;45,53177228662929;0,0;0,0;0,0;11225,879919925414;3883,0815561543423;671,5519524742413;190,7852001205174
сечение;1250,0;35,0;55,0;10,0;BCC_B2 + FCC_A1 + SIGMA;3;нет;100;52,84285225427631;0,0;0,0;32,73871674444122;0,0;0,0;14,418430994231723;10868,59429165475;3653,7432754504553;486,7606790188438;52,40115687553771
сечение;1250,0;32,5;55,0;12,5;BCC_B2 + FCC_A1 + SIGMA;3;нет;100;45,270699053789244;0,0;0,0;18,00014212603484;0,0;0,0;36,729158812215296;10868,594291653179;3653,743275450528;486,76067901858187;52,40115687549405
сечение;1250,0;30,0;55,0;15,0;BCC_B2 + FCC_A1 + SIGMA;3;нет;100;37,69854585152043;0,0;0,0;3,261567508836596;0,0;0,0;59,03988662990961;10868,59429165542;3653,74327545047;486,7606790189602;52,401156875581364
сечение;1250,0;27,5;55,0;17,5;BCC_B2 + SIGMA;2;нет;100;29,20430941139085;0,0;0,0;0,0;0,0;0,0;70,79569058842895;11260,02714116346;3424,0561157716875;588,0327316742623;63,45836261873774
сечение;1250,0;25,0;55,0;20,0;BCC_B2 + SIGMA;2;нет;100;31,643818877886204;0,0;0,0;0,0;0,0;0,0;68,35618112454864;11142,006162131613;3085,6570954755152;715,5700632398948;92,45945267133357
сечение;1250,0;22,5;55,0;22,5;BCC_B2 + SIGMA;2;нет;100;38,78447314912235;0,0;0,0;0,0;0,0;0,0;61,215526851104926;10728,714962887287;2789,7250342053885;851,5856171707419;51,68027854792308
сечение;1250,0;20,0;55,0;25,0;BCC_B2 + SIGMA;2;нет;100;47,54217964542665;0,0;0,0;0,0;0,0;0,0;52,457820354991846;10346,855732642114;2587,493982043612;980,2975997578906;31,225417059045867
сечение;1250,0;17,5;55,0;27,5;BCC_B2 + SIGMA;2;нет;100;56,970739644259325;0,0;0,0;0,0;0,0;0,0;43,02926035582219;10043,377918059123;2486,8910463380016;1085,6783914949046;39,4344764562411
сечение;1250,0;15,0;55,0;30,0;BCC_B2 + SIGMA;2;нет;100;66,66519046395979;0,0;0,0;0,0;0,0;0,0;33,33480953578623;9810,531052096223;2438,808460236716;1165,9120212964772;36,84305696496449
сечение;1250,0;42,5;57,5;0,0;BCC_B2 + FCC_A1;2;нет;100;40,1858149312091;0,0;0,0;59,814185065611;0,0;0,0;0,0;42084,43058131517;26536,969780984087;30284,772386073906;1806,328008590077
сечение;1250,0;40,0;57,5;2,5;BCC_B2 + FCC_A1;2;нет;100;48,64825394362228;0,0;0,0;51,3517460533876;0,0;0,0;0,0;14515,218976777047;6510,12085699632;3064,198252902075;1211,285434554302
сечение;1250,0;37,5;57,5;5,0;BCC_B2 + FCC_A1;2;нет;100;57,4487472672695;0,0;0,0;42,55125273453266;0,0;0,0;0,0;12527,249707083989;4845,306315371272;1487,9868357298838;653,9924568320857
сечение;1250,0;35,0;57,5;7,5;BCC_B2 + FCC_A1;2;нет;100;66,43441010980256;0,0;0,0;33,56558989308216;0,0;0,0;0,0;11307,933233850606;3938,128216661862;716,5457215412607;217,97887803966296
сечение;1250,0;32,5;57,5;10,0;BCC_B2 + FCC_A1 + SIGMA;3;нет;100;66,37033741986575;0,0;0,0;21,4346936527645;0,0;0,0;12,194968923016093;10868,594291654983;3653,7432754505135;486,76067901891656;52,401156875595916
сечение;1250,0;30,0;57,5;12,5;BCC_B2 + FCC_A1 + SIGMA;3;нет;100;58,79818421814639;0,0;0,0;6,696119035876387;0,0;0,0;34,5056967421437;10868,594291652946;3653,743275450528;486,7606790185382;52,40115687546495
сечение;1250,0;27,5;57,5;15,0;BCC_B2 + SIGMA;2;нет;100;47,38725680761396;0,0;0,0;0,0;0,0;0,0;52,61274319059473;11097,132409785409;3544,0528458916815;539,0236520807666;58,172151959020994
сечение;1250,0;25,0;57,5;17,5;BCC_B2 + SIGMA;2;нет;100;41,458526262005144;0,0;0,0;0,0;0,0;0,0;58,541473739335856;11303,624265787847;3288,509170139936;643,2349475877127;75,86962267868512
сечение;1250,0;22,5;57,5;20,0;BCC_B2 + SIGMA;2;нет;100;44,50318738228209;0,0;0,0;0,0;0,0;0,0;55,49681261634787;11004,809190712578;2968,596683017313;761,6868137641723;91,151464081835
сечение;1250,0;20,0;57,5;22,5;BCC_B2 + SIGMA;2;нет;100;51,47074191580695;0,0;0,0;0,0;0,0;0,0;48,52925808280765;10619,425175827302;2722,555199751252;887,765794567953;41,84507437044522
сечение;1250,0;17,5;57,5;25,0;BCC_B2 + SIGMA;2;нет;100;60,049848773896706;0,0;0,0;0,0;0,0;0,0;39,950151225415574;10283,968423544138;2562,4619849851006;1002,0272716073523;31,318304121712572
сечение;1250,0;15,0;57,5;27,5;BCC_B2 + SIGMA;2;нет;100;69,32515525101014;0,0;0,0;0,0;0,0;0,0;30,674844749132536;10018,12437087459;2480,781420566869;1094,4524901679688;40,947916352481116
сечение;1250,0;40,0;60,0;0,0;BCC_B2 + FCC_A1;2;нет;100;53,41688737491249;0,0;0,0;46,583112621320595;0,0;0,0;0,0;42078,3350962407;26532,593541897513;30278,676899966144;1806,3280368021806
сечение;1250,0;37,5;60,0;2,5;BCC_B2 + FCC_A1;2;нет;100;61,29473846988095;0,0;0,0;38,70526153008707;0,0;0,0;0,0;14538,308310651817;6530,654933450554;3084,141942820148;1216,170820246829
сечение;1250,0;35,0;60,0;5,0;BCC_B2 + FCC_A1;2;нет;100;69,7238821731751;0,0;0,0;30,276117826582716;0,0;0,0;0,0;12577,543686493664;4885,776019743804;1523,5773206585145;673,2384666310536
сечение;1250,0;32,5;60,0;7,5;BCC_B2 + FCC_A1;2;нет;100;78,43879955465644;0,0;0,0;21,561200446127398;0,0;0,0;0,0;11384,10796974918;3989,9912624290155;759,1496504699608;243,98441991017899
сечение;1250,0;30,0;60,0;10,0;BCC_B2 + FCC_A1 + SIGMA;3;нет;100;79,89782258333283;0,0;0,0;10,130670564233949;0,0;0,0;9,971506848315412;10868,594291649715;3653,7432754504553;486,7606790178834;52,40115687523212
сечение;1250,0;27,5;60,0;12,5;BCC_B2 + SIGMA;2;нет;100;69,29054989806613;0,0;0,0;0,0;0,0;0,0;30,70945010033379;10972,514957299543;3608,7064645249047;509,59525800879055;54,897269285822404
сечение;1250,0;25,0;60,0;15,0;BCC_B2 + SIGMA;2;нет;100;56,62846269685182;0,0;0,0;0,0;0,0;0,0;43,371537306021274;11267,371045109569;3416,310933788802;591,0978556128393;63,79326665411645
сечение;1250,0;22,5;60,0;17,5;BCC_B2 + SIGMA;2;нет;100;53,30748804769504;0,0;0,0;0,0;0,0;0,0;46,69251194914848;11216,075966997407;3166,5695808926976;688,1166691826947;95,95511741099472
сечение;1250,0;20,0;60,0;20,0;BCC_B2 + SIGMA;2;нет;100;56,980576846649335;0,0;0,0;0,0;0,0;0,0;43,0194231526019;10880,558095259476;2883,466520309463;802,0666597272211;71,52331125787168
сечение;1250,0;17,5;60,0;22,5;BCC_B2 + SIGMA;2;нет;100;63,988309303906135;0,0;0,0;0,0;0,0;0,0;36,01169069595199;10529,461356340165;2673,0538298408355;917,9586645235977;36,250586553505855
сечение;1250,0;15,0;60,0;25,0;BCC_B2 + SIGMA;2;нет;100;72,48477042353521;0,0;0,0;0,0;0,0;0,0;27,515229575938083;10233,361937464419;2543,9256142540544;1019,5794727350294;32,02937139030837
сечение;1250,0;37,5;62,5;0,0;BCC_B2 + FCC_A1;2;нет;100;66,64795971856718;0,0;0,0;33,35204028528918;0,0;0,0;0,0;42072,2253934575;26528,207095255493;30272,567196144897;1806,3280651438108
сечение;1250,0;35,0;62,5;2,5;BCC_B2 + FCC_A1;2;нет;100;73,94847161566605;0,0;0,0;26,051528384026483;0,0;0,0;0,0;14560,77074493171;6550,662435868289;3103,5720020137815;1220,947074525393
сечение;1250,0;32,5;62,5;5,0;BCC_B2 + FCC_A1;2;нет;100;82,01922959998178;0,0;0,0;17,980770400079486;0,0;0,0;0,0;12625,351318710207;4924,430039448387;1557,6565855599765;691,7567698911153
сечение;1250,0;30,0;62,5;7,5;BCC_B2 + FCC_A1;2;нет;100;90,47708344291632;0,0;0,0;9,522916558269113;0,0;0,0;0,0;11455,212707663552;4039,0495255333226;799,6350728974357;268,913830214864
сечение;1250,0;27,5;62,5;10,0;BCC_B2 + SIGMA;2;нет;100;92,54902317539829;0,0;0,0;0,0;0,0;0,0;7,450976823782909;10890,096752649682;3644,953001316928;491,40611656647525;52,91532488721714
сечение;1250,0;25,0;62,5;12,5;BCC_B2 + SIGMA;2;нет;100;76,16111878166137;0,0;0,0;0,0;0,0;0,0;23,83888121831425;11159,70466272869;3505,05618461172;555,4757073412766;60,20955398895603
сечение;1250,0;22,5;62,5;15,0;BCC_B2 + SIGMA;2;нет;100;66,42977074382445;0,0;0,0;0,0;0,0;0,0;33,57022925385601;11312,088178246486;3313,5813103940745;632,5569972751546;72,38151933941117
сечение;1250,0;20,0;62,5;17,5;BCC_B2 + SIGMA;2;нет;100;65,00466207084142;0,0;0,0;0,0;0,0;0,0;34,99533792603531;11105,347454906514;3051,1959319476737;728,246524608141;91,25225157476962
сечение;1250,0;17,5;62,5;20,0;BCC_B2 + SIGMA;2;нет;100;69,28570481555079;0,0;0,0;0,0;0,0;0,0;30,714295185119827;10772,040651038362;2818,6477840744046;837,383049227923;56,56894426156941
сечение;1250,0;15,0;62,5;22,5;BCC_B2 + SIGMA;2;нет;100;76,41091549272801;0,0;0,0;0,0;0,0;0,0;23,589084506739987;10455,137350310426;2635,8758518103423;943,1743959776795;33,219250780530274
сечение;1250,0;35,0;65,0;0,0;BCC_B2 + FCC_A1;2;нет;100;79,87903188909465;0,0;0,0;20,12096811277977;0,0;0,0;0,0;42066,10287171441;26523,811445286687;30266,444673359307;1806,3280936089577
сечение;1250,0;32,5;65,0;2,5;BCC_B2 + FCC_A1;2;нет;100;86,60912467044206;0,0;0,0;13,390875328828042;0,0;0,0;0,0;14582,641318843394;6570,171690701449;3122,5161504821735;1225,6195588603878
сечение;1250,0;30,0;65,0;5,0;BCC_B2 + FCC_A1;2;нет;100;94,33323061637748;0,0;0,0;5,666769383326317;0,0;0,0;0,0;12670,917346278715;4961,435219905747;1590,360310983655;709,607450082025
сечение;1250,0;27,5;65,0;7,5;BCC_B2;1;нет;100;100,00000000000004;0,0;0,0;0,0;0,0;0,0;0,0;11592,149402503026;4079,40725388017;859,2382730247627;303,30462058936246
сечение;1250,0;25,0;65,0;10,0;BCC_B2 + SIGMA;2;нет;100;98,0520607945347;0,0;0,0;0,0;0,0;0,0;1,9479392033601342;11065,166136635307;3562,0325725171424;531,1537542073202;57,26721618784359
сечение;1250,0;22,5;65,0;12,5;BCC_B2 + SIGMA;2;нет;100;83,83699210022944;0,0;0,0;0,0;0,0;0,0;16,163007900229903;11271,120284380275;3412,1680021108623;592,7374548592197;63,98830088504474
сечение;1250,0;20,0;65,0;15,0;BCC_B2 + SIGMA;2;нет;100;76,58866101731918;0,0;0,0;0,0;0,0;0,0;23,41133898069635;11259,403768968084;3221,6803475885827;669,5446729597898;86,63273825874785
сечение;1250,0;17,5;65,0;17,5;BCC_B2 + SIGMA;2;нет;100;76,67832640771817;0,0;0,0;0,0;0,0;0,0;23,321673592384087;10995,297092791734;2961,4990879943653;764,7963771392679;91,35384479654022
сечение;1250,0;15,0;65,0;20,0;BCC_B2 + SIGMA;2;нет;100;81,51359582769608;0,0;0,0;0,0;0,0;0,0;18,48640417316139;10678,685428240628;2757,980189369031;868,0819865080703;46,74711449006281
сечение;1250,0;32,5;67,5;0,0;BCC_B2 + FCC_A1;2;нет;100;93,11010393991853;0,0;0,0;6,889896062335228;0,0;0,0;0,0;42059,96580660646;26519,405353958355;30260,30760720381;1806,3281222061778
сечение;1250,0;30,0;67,5;2,5;BCC_B2 + FCC_A1;2;нет;100;99,27639372536986;0,0;0,0;0,7236062750753557;0,0;0,0;0,0;14603,952269990099;6589,208698715258;3140,9998268188356;1230,1932216645946
сечение;1250,0;27,5;67,5;5,0;BCC_B2;1;нет;100;100,0;0,0;0,0;0,0;0,0;0,0;0,0;12894,866790573564;4975,401548210764;1675,388734159089;748,0145760980377
сечение;1250,0;25,0;67,5;7,5;BCC_B2;1;нет;100;99,99999999999994;0,0;0,0;0,0;0,0;0,0;0,0;11984,499145057402;4096,53503380109;999,114098881837;382,5768572338129
сечение;1250,0;22,5;67,5;10,0;BCC_B2;1;нет;100;100,00000000000007;0,0;0,0;0,0;0,0;0,0;0,0;11387,106748347418;3559,2043932310335;646,8895352382824;119,3438844147895
сечение;1250,0;20,0;67,5;12,5;BCC_B2 + SIGMA;2;нет;100;92,13622310350709;0,0;0,0;0,0;0,0;0,0;7,863776892399511;11313,247335504726;3329,9657659521035;625,7450439083332;70,43103631986014
сечение;1250,0;17,5;67,5;15,0;BCC_B2 + SIGMA;2;нет;100;87,04805263975116;0,0;0,0;0,0;0,0;0,0;12,951947362254584;11174,154130525247;3118,541628710518;704,0538438726508;94,15687160646485
сечение;1250,0;15,0;67,5;17,5;BCC_B2 + SIGMA;2;нет;100;88,38763492337914;0,0;0,0;0,0;0,0;0,0;11,61236507608357;10893,24659996474;2891,4712509679084;797,9518212110415;73,54378236476623
сечение;1250,0;30,0;70,0;0,0;BCC_B2;1;нет;100;99,99999996450268;0,0;0,0;0,0;0,0;0,0;0,0;42220,80813372182;26491,944649073717;30310,88300308399;1810,2570158989693
сечение;1250,0;27,5;70,0;2,5;BCC_B2;1;нет;100;100,00000000000011;0,0;0,0;0,0;0,0;0,0;0,0;14939,05987674807;6597,793804761313;3256,223099773444;1258,505368342565
сечение;1250,0;25,0;70,0;5,0;BCC_B2;1;нет;100;99,99999999999991;0,0;0,0;0,0;0,0;0,0;0,0;13262,75805860122;4972,861307961022;1806,7080077032733;811,2896758727584
сечение;1250,0;22,5;70,0;7,5;BCC_B2;1;нет;100;100,00000000000011;0,0;0,0;0,0;0,0;0,0;0,0;12374,308465832379;4114,22841660741;1144,5381498600036;462,19212657384924
сечение;1250,0;20,0;70,0;10,0;BCC_B2;1;нет;100;99,99999999999984;0,0;0,0;0,0;0,0;0,0;0,0;11806,368366269555;3594,1242434646847;813,040056944199;216,31218778812035
сечение;1250,0;17,5;70,0;12,5;BCC_B2;1;нет;100;100,00000000000004;0,0;0,0;0,0;0,0;0,0;0,0;11337,464108430315;3271,3421664132475;676,2723855481454;93,99089318212646
сечение;1250,0;15,0;70,0;15,0;BCC_B2 + SIGMA;2;нет;100;97,77594830325361;0,0;0,0;0,0;0,0;0,0;2,224051695944282;11080,831010980211;3029,6141721089516;736,5380612251611;90,82239517921698
сечение;1250,0;27,5;72,5;0,0;BCC_B2;1;нет;100;99,99999998133735;0,0;0,0;0,0;0,0;0,0;0,0;42546,73791143864;26447,229542338086;30420,190207561667;1826,932374735945
сечение;1250,0;25,0;72,5;2,5;BCC_B2;1;нет;100;100,00000000000003;0,0;0,0;0,0;0,0;0,0;0,0;15279,537827797205;6578,299242451671;3376,149062660741;1298,487215311383
сечение;1250,0;22,5;72,5;5,0;BCC_B2;1;нет;100;100,00000000000011;0,0;0,0;0,0;0,0;0,0;0,0;13627,920927395375;4971,176652453403;1941,2353121813358;884,0244418027432
сечение;1250,0;20,0;72,5;7,5;BCC_B2;1;нет;100;99,99999999999997;0,0;0,0;0,0;0,0;0,0;0,0;12776,018038205759;4131,617379086165;1300,3033747957234;549,3181267458858
сечение;1250,0;17,5;72,5;10,0;BCC_B2;1;нет;100;99,99999999999997;0,0;0,0;0,0;0,0;0,0;0,0;12253,341035667749;3630,0667535748216;1000,8020983513852;333,48918872815557
сечение;1250,0;15,0;72,5;12,5;BCC_B2;1;нет;100;99,9999999999999;0,0;0,0;0,0;0,0;0,0;0,0;11803,998362624116;3301,7612738512544;913,4491180473124;248,30314603363513
сечение;1250,0;25,0;75,0;0,0;BCC_B2;1;нет;100;100,00000001961504;0,0;0,0;0,0;0,0;0,0;0,0;42857,25536452883;26409,452261558545;30525,907036086195;1854,254880856708
сечение;1250,0;22,5;75,0;2,5;BCC_B2;1;нет;100;100,00000000000017;0,0;0,0;0,0;0,0;0,0;0,0;15616,888789313496;6552,708889178335;3496,963707320916;1349,1893086003256
сечение;1250,0;20,0;75,0;5,0;BCC_B2;1;нет;100;99,99999999999996;0,0;0,0;0,0;0,0;0,0;0,0;14006,098648301253;4968,553470202518;2083,817602140087;958,0850592496572
сечение;1250,0;17,5;75,0;7,5;BCC_B2;1;нет;100;100,00000000000013;0,0;0,0;0,0;0,0;0,0;0,0;13211,548241422424;4148,811098962964;1475,402645696522;656,4752405247564
сечение;1250,0;15,0;75,0;10,0;BCC_B2;1;нет;100;99,99999999999997;0,0;0,0;0,0;0,0;0,0;0,0;12753,068038985148;3669,695362692146;1225,7782042031322;482,52481082578015
сечение;1250,0;22,5;77,5;0,0;BCC_B2;1;нет;100;100,00000002376437;0,0;0,0;0,0;0,0;0,0;0,0;43164,19748986633;26374,695642642982;30630,201777338225;1892,7107277542236
сечение;1250,0;20,0;77,5;2,5;BCC_B2;1;нет;100;99,99999999999994;0,0;0,0;0,0;0,0;0,0;0,0;15967,955803745906;6525,395758292041;3623,574204650955;1413,3012010821549
сечение;1250,0;17,5;77,5;5,0;BCC_B2;1;нет;100;99,99999999999996;0,0;0,0;0,0;0,0;0,0;0,0;14421,27584810881;4964,140775078107;2243,5025183204125;1044,428317259677
сечение;1250,0;15,0;77,5;7,5;BCC_B2;1;нет;100;99,99999999999996;0,0;0,0;0,0;0,0;0,0;0,0;13714,346518416103;4167,590307775376;1685,4838963645452;794,2422289838723
сечение;1250,0;20,0;80,0;0,0;BCC_B2;1;нет;100;100,0000000169089;0,0;0,0;0,0;0,0;0,0;0,0;43485,442791740774;26339,72006178851;30738,052520925616;1945,1475566234585
сечение;1250,0;17,5;80,0;2,5;BCC_B2;1;нет;100;99,99999999999996;0,0;0,0;0,0;0,0;0,0;0,0;16358,378668088772;6494,206288221176;3765,0926264450973;1497,2931433279155
сечение;1250,0;15,0;80,0;5,0;BCC_B2;1;нет;100;100,00000000000007;0,0;0,0;0,0;0,0;0,0;0,0;14910,571972775957;4958,634145512871;2435,996717100541;1159,6341594461264
сечение;1250,0;17,5;82,5;0,0;BCC_B2;1;нет;100;99,99999996328374;0,0;0,0;0,0;0,0;0,0;0,0;43848,13964508634;26302,233689123765;30858,648584675015;2017,9779691944714
сечение;1250,0;15,0;82,5;2,5;BCC_B2;1;нет;100;100,0;0,0;0,0;0,0;0,0;0,0;0,0;16828,006033609985;6458,285867783357;3937,301053053219;1613,692776621625
сечение;1250,0;15,0;85,0;0,0;BCC_B2;1;нет;100;100,00000000837352;0,0;0,0;0,0;0,0;0,0;0,0;44294,5513207068;26261,272910873944;31007,863663239885;2123,3067927738157
