фаза;T, °C;узел Ni, ат. %;узел Cr, ат. %;узел Mo, ат. %;фазовый набор;мольная доля фазы, %;Ni в фазе, ат. %;Cr в фазе, ат. %;Mo в фазе, ат. %;евклид, ат. % (до измеренной);Чебышёв, ат. % (до измеренной);ΔNi, ат. % (до измеренной);ΔCr, ат. % (до измеренной);ΔMo, ат. % (до измеренной);y(NI) подрешётки 1;y(MO) подрешётки 2;y(NI) подрешётки 2;y(MO) подрешётки 3;y(CR) подрешётки 2;y(CR) подрешётки 3;y(NI) подрешётки 3;y(CR) подрешётки 1;y(MO) подрешётки 1
D_NIMO;700,0;75,0;0,0;25,0;DELTA + D_NIMO;0,6497140865486097;51,32695495869298;0,0;48,67304504130702;26,98096256427443;21,778221778221777;13,764517396255421;-21,778221778221777;8,013704381966363;1,0;0,7628452611565965;0,23715473884340357;1,0;;;;;
D_NIMO;700,0;70,0;0,0;30,0;DELTA + D_NIMO;21,63358525383014;51,32694976910686;0,0;48,673050230893146;26,980961458149586;21,778221778221777;13,764512206669302;-21,778221778221777;8,01370957155249;1,0;0,762845406465008;0,2371545935349918;1,0;;;;;
D_NIMO;700,0;67,5;0,0;32,5;DELTA + D_NIMO;32,125515720052285;51,32694597103061;0,0;48,67305402896938;26,9809606486168;21,778221778221777;13,764508408593052;-21,778221778221777;8,013713369628725;1,0;0,7628455128111428;0,2371544871888573;1,0;;;;;
D_NIMO;700,0;65,0;0,0;35,0;DELTA + D_NIMO;42,61744047556085;51,326940784062785;0,0;48,673059215937215;26,980959543053405;21,778221778221777;13,764503221625226;-21,778221778221777;8,013718556596558;1,0;0,7628456580462418;0,23715434195375817;1,0;;;;;
D_NIMO;700,0;62,5;0,0;37,5;DELTA + D_NIMO;53,1093553918564;51,326933275911166;0,0;48,67306672408883;26,98095794275049;21,778221778221777;13,764495713473607;-21,778221778221777;8,01372606474817;1,0;0,7628458682744872;0,23715413172551275;1,0;;;;;
D_NIMO;700,0;60,0;0,0;40,0;DELTA + D_NIMO;63,601252133615304;51,32692143936442;0,0;48,67307856063559;26,98095541989282;21,778221778221777;13,76448387692686;-21,778221778221777;8,013737901294931;1,0;0,7628461996977962;0,23715380030220357;1,0;;;;;
D_NIMO;700,0;57,5;0,0;42,5;DELTA + D_NIMO;74,09310871144629;51,32690001573349;0,0;48,67309998426652;26,98095085365679;21,778221778221777;13,764462453295934;-21,778221778221777;8,013759324925864;1,0;0,7628467995594626;0,23715320044053767;1,0;;;;;
D_NIMO;700,0;55,0;0,0;45,0;DELTA + D_NIMO;84,58484286311402;51,326849430504986;0,0;48,67315056949502;26,98094007204525;21,778221778221777;13,764411868067427;-21,778221778221777;8,013809910154365;1,0;0,7628482159458606;0,2371517840541395;1,0;;;;;
D_NIMO;700,0;52,5;0,0;47,5;DELTA + D_NIMO;95,07567282385311;51,326583331956755;0,0;48,673416668043245;26,98088335950565;21,778221778221777;13,764145769519196;-21,778221778221777;8,014076008702588;1,0;0,7628556667052109;0,23714433329478912;1,0;;;;;
D_NIMO;700,0;50,0;0,0;50,0;D_NIMO + FCC_A1;99,99901607153;49,99966781065864;0,0;50,00033218934136;26,762469296240653;21,778221778221777;12,437230248221084;-21,778221778221777;9,3409915300007;1,0;0,800009301301558;0,199990698698442;1,0;;;;;
D_NIMO;700,0;47,5;0,0;52,5;BCC_B2 + D_NIMO;96,56251846139831;49,18766434047471;0,0;50,812335659525296;26,693073051561143;21,778221778221777;11,625226778037153;-21,778221778221777;10,152995000184639;1,0;0,822745398466708;0,17725460153329176;1,0;;;;;
D_NIMO;700,0;45,0;0,0;55,0;BCC_B2 + D_NIMO;91,47099980051357;49,187532150444696;0,0;50,812467849555304;26,693065761395825;21,778221778221777;11,625094588007137;-21,778221778221777;10,153127190214647;1,0;0,8227490997875486;0,1772509002124513;0,9999999999999998;;;;;
D_NIMO;700,0;42,5;0,0;57,5;BCC_B2 + D_NIMO;86,37927986127892;49,1874987886938;0,0;50,81250121130619;26,693063921730843;21,778221778221777;11,625061226256243;-21,778221778221777;10,153160551965534;1,0;0,8227500339165735;0,1772499660834266;1,0;;;;;
D_NIMO;700,0;40,0;0,0;60,0;BCC_B2 + D_NIMO;81,28752292796698;49,18748358265089;0,0;50,81251641734911;26,69306308325258;21,778221778221777;11,625046020213333;-21,778221778221777;10,153175758008452;1,0;0,822750459685775;0,17724954031422505;1,0;;;;;
D_NIMO;700,0;37,5;0,0;62,5;BCC_B2 + D_NIMO;76,19575271550299;49,187474881750234;0,0;50,812525118249766;26,693062603482936;21,778221778221777;11,625037319312675;-21,778221778221777;10,15318445890911;1,0;0,8227507033109933;0,17724929668900669;1,0;;;;;
D_NIMO;700,0;35,0;0,0;65,0;BCC_B2 + D_NIMO;71,1039762290282;49,18746924724989;0,0;50,812530752750106;26,693062292798324;21,778221778221777;11,625031684812328;-21,778221778221777;10,15319009340945;1,0;0,822750861077003;0,17724913892299693;1,0;;;;;
D_NIMO;700,0;32,5;0,0;67,5;BCC_B2 + D_NIMO;66,01219628021737;49,18746530099059;0,0;50,812534699009404;26,693062075204214;21,778221778221777;11,62502773855303;-21,778221778221777;10,153194039668747;1,0;0,8227509715722635;0,1772490284277365;1,0;;;;;
D_NIMO;700,0;30,0;0,0;70,0;BCC_B2 + D_NIMO;60,92041422387721;49,18746238304836;0,0;50,81253761695164;26,69306191431158;21,778221778221777;11,625024820610804;-21,778221778221777;10,15319695761098;1,0;0,8227510532746459;0,17724894672535424;1,0;;;;;
D_NIMO;700,0;27,5;0,0;72,5;BCC_B2 + D_NIMO;55,82863076507063;49,18746013788638;0,0;50,81253986211362;26,693061790515856;21,778221778221777;11,625022575448824;-21,778221778221777;10,15319920277296;1,0;0,8227511161391814;0,1772488838608186;0,9999999999999999;;;;;
D_NIMO;700,0;25,0;0,0;75,0;BCC_B2 + D_NIMO;50,73684635685359;49,18745835677068;0,0;50,81254164322932;26,693061692307396;21,778221778221777;11,625020794333118;-21,778221778221777;10,153200983888667;1,0;0,8227511660104215;0,17724883398957886;0,9999999999999999;;;;;
D_NIMO;700,0;22,5;0,0;77,5;BCC_B2 + D_NIMO;45,64506122721368;49,18745690934753;0,0;50,81254309065246;26,69306161249849;21,778221778221777;11,625019346909973;-21,778221778221777;10,153202431311804;1,0;0,8227512065382689;0,17724879346173103;0,9999999999999999;;;;;
D_NIMO;700,0;20,0;0,0;80,0;BCC_B2 + D_NIMO;40,553275560578925;49,18745570990832;0,0;50,81254429009168;26,693061546363197;21,778221778221777;11,625018147470762;-21,778221778221777;10,153203630751023;1,0;0,8227512401225671;0,17724875987743288;0,9999999999999999;;;;;
D_NIMO;700,0;17,5;0,0;82,5;BCC_B2 + D_NIMO;35,46148948568027;49,18745469976994;0,0;50,81254530023006;26,69306149066575;21,778221778221777;11,625017137332378;-21,778221778221777;10,153204640889406;1,0;0,8227512684064417;0,1772487315935582;1,0;;;;;
D_NIMO;700,0;75,0;2,5;22,5;DELTA + D_NIMO + FCC_A1;5,1033279163699135;51,210474817995284;0,0;48,78952518200473;26,956627480511568;21,778221778221777;13,648037255557725;-21,778221778221777;8,130184522664074;1,0;0,7661067050961322;0,2338932949038676;0,9999999999999999;;;;;
D_NIMO;700,0;72,5;2,5;25,0;DELTA + D_NIMO + FCC_A1;15,91951413016368;51,21047481799523;0,0;48,78952518200477;26,95662748051155;21,778221778221777;13,648037255557668;-21,778221778221777;8,130184522664116;1,0;0,7661067050961337;0,23389329490386637;1,0;;;;;
D_NIMO;700,0;70,0;2,5;27,5;DELTA + D_NIMO + FCC_A1;26,735700337720804;51,21047481799522;0,0;48,78952518200479;26,95662748051155;21,778221778221777;13,64803725555766;-21,778221778221777;8,13018452266413;1,0;0,766106705096134;0,23389329490386604;0,9999999999999999;;;;;
D_NIMO;700,0;67,5;2,5;30,0;DELTA + D_NIMO + FCC_A1;37,5518865468931;51,21047481799524;0,0;48,789525182004766;26,956627480511557;21,778221778221777;13,648037255557682;-21,778221778221777;8,13018452266411;1,0;0,7661067050961332;0,23389329490386662;1,0;;;;;
D_NIMO;700,0;65,0;2,5;32,5;DELTA + D_NIMO + FCC_A1;48,3680727606494;51,21047481799524;0,0;48,789525182004766;26,956627480511557;21,778221778221777;13,648037255557682;-21,778221778221777;8,13018452266411;1,0;0,7661067050961331;0,23389329490386665;1,0;;;;;
D_NIMO;700,0;62,5;2,5;35,0;D_NIMO + FCC_A1;57,14861095925643;51,07986980327143;0,0;48,92013019672858;26,930513585670177;21,778221778221777;13,51743224083387;-21,778221778221777;8,260789537387922;1,0;0,7697636455084;0,23023635449159982;0,9999999999999999;;;;;
D_NIMO;700,0;60,0;2,5;37,5;D_NIMO + FCC_A1;64,39777180780153;50,79673321334581;0,0;49,2032667866542;26,87817327993205;21,778221778221777;13,234295650908251;-21,778221778221777;8,54392612731354;1,0;0,7776914700263174;0,2223085299736826;1,0;;;;;
D_NIMO;700,0;57,5;2,5;40,0;D_NIMO + FCC_A1;71,18196275951301;50,38468909732223;0,0;49,61531090267777;26,812506060508507;21,778221778221777;12,822251534884671;-21,778221778221777;8,955970243337113;1,0;0,7892287052749773;0,21077129472502226;1,0;;;;;
D_NIMO;700,0;55,0;2,5;42,5;D_NIMO + FCC_A1;77,26732092191145;49,779422652956654;0,0;50,220577347043346;26,738790464821907;21,778221778221777;12,216985090519096;-21,778221778221777;9,561236687702689;1,0;0,806176165717214;0,19382383428278632;1,0;;;;;
D_NIMO;700,0;52,5;2,5;45,0;BCC_B2 + D_NIMO + FCC_A1;78,31223432130724;49,35498169160599;0,0;50,64501830839401;26,7033480854106;21,778221778221777;11,792544129168434;-21,778221778221777;9,98567764905335;1,0;0,8180605126350323;0,18193948736496773;1,0;;;;;
D_NIMO;700,0;50,0;2,5;47,5;BCC_B2 + D_NIMO + FCC_A1;74,43623628457817;49,354981691607406;0,0;50,645018308392594;26,703348085410695;21,778221778221777;11,792544129169848;-21,778221778221777;9,985677649051937;1,0;0,8180605126349925;0,18193948736500737;1,0;;;;;
D_NIMO;700,0;47,5;2,5;50,0;D_NIMO + FCC_A1 + SIGMA;85,15631356468639;49,37092606281917;0,0;50,62907393718083;26,70443645007945;21,778221778221777;11,808488500381614;-21,778221778221777;9,96973327784017;1,0;0,817614070241063;0,1823859297589368;1,0;;;;;
D_NIMO;700,0;45,0;2,5;52,5;BCC_B2 + D_NIMO + SIGMA;82,99175123883593;49,35283336199313;0,0;50,647166638006865;26,703202892381853;21,778221778221777;11,790395799555569;-21,778221778221777;9,987825978666208;1,0;0,8181206658641924;0,1818793341358076;1,0;;;;;
D_NIMO;700,0;42,5;2,5;55,0;BCC_B2 + D_NIMO + SIGMA;78,30993859386668;49,352833361993504;0,0;50,647166638006496;26,70320289238188;21,778221778221777;11,790395799555945;-21,778221778221777;9,987825978665839;1,0;0,818120665864182;0,18187933413581797;1,0;;;;;
D_NIMO;700,0;40,0;2,5;57,5;BCC_B2 + D_NIMO + SIGMA;73,62812594141519;49,352833361993234;0,0;50,64716663800676;26,70320289238186;21,778221778221777;11,790395799555675;-21,778221778221777;9,987825978666102;1,0;0,8181206658641893;0,18187933413581073;1,0;;;;;
D_NIMO;700,0;37,5;2,5;60,0;BCC_B2 + D_NIMO + SIGMA;68,94631329386227;49,35283336199339;0,0;50,64716663800661;26,70320289238187;21,778221778221777;11,790395799555832;-21,778221778221777;9,987825978665953;1,0;0,8181206658641851;0,18187933413581495;1,0;;;;;
D_NIMO;700,0;35,0;2,5;62,5;BCC_B2 + D_NIMO + SIGMA;64,26450064070886;49,35283336199309;0,0;50,647166638006915;26,703202892381853;21,778221778221777;11,790395799555533;-21,778221778221777;9,987825978666258;1,0;0,8181206658641937;0,1818793341358067;1,0;;;;;
D_NIMO;700,0;32,5;2,5;65,0;BCC_B2 + D_NIMO + SIGMA;59,58268799861125;49,352833361993255;0,0;50,647166638006745;26,70320289238186;21,778221778221777;11,790395799555696;-21,778221778221777;9,987825978666088;1,0;0,8181206658641889;0,1818793341358111;1,0;;;;;
D_NIMO;700,0;30,0;2,5;67,5;BCC_B2 + D_NIMO + SIGMA;54,90087532187006;49,35283336199316;0,0;50,647166638006844;26,70320289238186;21,778221778221777;11,790395799555604;-21,778221778221777;9,987825978666187;1,0;0,8181206658641916;0,18187933413580834;0,9999999999999998;;;;;
D_NIMO;700,0;27,5;2,5;70,0;BCC_B2 + D_NIMO + SIGMA;50,21906270488423;49,35283336199336;0,0;50,64716663800664;26,70320289238187;21,778221778221777;11,790395799555803;-21,778221778221777;9,987825978665981;1,0;0,8181206658641859;0,18187933413581417;1,0;;;;;
D_NIMO;700,0;25,0;2,5;72,5;BCC_B2 + D_NIMO + SIGMA;45,53725004079545;49,35283336199338;0,0;50,64716663800662;26,70320289238187;21,778221778221777;11,790395799555824;-21,778221778221777;9,98782597866596;1,0;0,8181206658641854;0,1818793341358147;1,0;;;;;
D_NIMO;700,0;22,5;2,5;75,0;BCC_B2 + D_NIMO + SIGMA;40,85543741792178;49,35283336199297;0,0;50,64716663800702;26,70320289238184;21,778221778221777;11,790395799555412;-21,778221778221777;9,987825978666365;1,0;0,8181206658641967;0,1818793341358033;1,0;;;;;
D_NIMO;700,0;20,0;2,5;77,5;BCC_B2 + D_NIMO + SIGMA;36,173624731811785;49,35283336199299;0,0;50,647166638007015;26,70320289238185;21,778221778221777;11,790395799555434;-21,778221778221777;9,987825978666358;1,0;0,8181206658641963;0,18187933413580373;1,0;;;;;
D_NIMO;700,0;17,5;2,5;80,0;BCC_B2 + D_NIMO + SIGMA;31,491812083407705;49,35283336199299;0,0;50,647166638007;26,703202892381842;21,778221778221777;11,790395799555434;-21,778221778221777;9,987825978666343;1,0;0,818120665864196;0,1818793341358037;1,0;;;;;
D_NIMO;700,0;15,0;2,5;82,5;BCC_B2 + D_NIMO + SIGMA;26,809999432117127;49,35283336199319;0,0;50,64716663800681;26,70320289238186;21,778221778221777;11,790395799555633;-21,778221778221777;9,987825978666152;1,0;0,8181206658641907;0,1818793341358093;1,0;;;;;
D_NIMO;700,0;77,5;5,0;17,5;DELTA + D_NIMO + FCC_A1;2,315243316182556;51,21047481799523;0,0;48,78952518200477;26,95662748051155;21,778221778221777;13,648037255557668;-21,778221778221777;8,130184522664116;1,0;0,7661067050961337;0,23389329490386637;1,0;;;;;
D_NIMO;700,0;75,0;5,0;20,0;D_NIMO + FCC_A1;10,92507414281675;51,131127123695315;0,0;48,868872876304685;26,940614310972364;21,778221778221777;13,568689561257756;-21,778221778221777;8,209532216964028;1,0;0,7683284405365312;0,23167155946346882;1,0;;;;;
D_NIMO;700,0;72,5;5,0;22,5;D_NIMO + FCC_A1;18,705393932057113;51,00566551031926;0,0;48,99433448968074;26,916230115525618;21,778221778221777;13,443227947881702;-21,778221778221777;8,334993830340082;1,0;0,7718413657110605;0,22815863428893943;0,9999999999999999;;;;;
D_NIMO;700,0;70,0;5,0;25,0;D_NIMO + FCC_A1;26,378076088707815;50,852620937673834;0,0;49,147379062326166;26,888040350672206;21,778221778221777;13,290183375236275;-21,778221778221777;8,48803840298551;1,0;0,7761266137451325;0,22387338625486727;1,0;;;;;
D_NIMO;700,0;67,5;5,0;27,5;D_NIMO + FCC_A1;33,90955943378672;50,663406758214435;0,0;49,336593241785565;26,855559016145143;21,778221778221777;13,100969195776877;-21,778221778221777;8,677252582444908;1,0;0,7814246107699958;0,21857538923000422;1,0;;;;;
D_NIMO;700,0;65,0;5,0;30,0;D_NIMO + FCC_A1;41,25407194378101;50,42635031749733;0,0;49,57364968250267;26,818577526625653;21,778221778221777;12,863912755059772;-21,778221778221777;8,914309023162012;1,0;0,7880621911100747;0,21193780888992525;1,0;;;;;
D_NIMO;700,0;62,5;5,0;32,5;D_NIMO + FCC_A1;48,34984660752179;50,12580664720922;0,0;49,87419335279078;26,777652935677438;21,778221778221777;12,563369084771658;-21,778221778221777;9,214852693450126;1,0;0,7964774138781419;0,20352258612185817;1,0;;;;;
D_NIMO;700,0;60,0;5,0;35,0;D_NIMO + FCC_A1;55,11590733623514;49,741551013003885;0,0;50,258448986996115;26,735082362866272;21,778221778221777;12,179113450566327;-21,778221778221777;9,599108327655458;1,0;0,8072365716358915;0,1927634283641086;1,0;;;;;
D_NIMO;700,0;57,5;5,0;37,5;D_NIMO + FCC_A1 + SIGMA;60,53242720101787;49,370926062818995;0,0;50,62907393718101;26,704436450079438;21,778221778221777;11,808488500381436;-21,778221778221777;9,969733277840355;1,0;0,8176140702410682;0,18238592975893175;0,9999999999999999;;;;;
D_NIMO;700,0;55,0;5,0;40,0;BCC_B2 + D_NIMO + FCC_A1;55,62443264400132;49,35498169160643;0,0;50,645018308393574;26,70334808541063;21,778221778221777;11,792544129168874;-21,778221778221777;9,985677649052917;1,0;0,8180605126350199;0,1819394873649799;1,0;;;;;
D_NIMO;700,0;52,5;5,0;42,5;D_NIMO + FCC_A1 + SIGMA;64,6518193005216;49,37092606281924;0,0;50,629073937180756;26,70443645007945;21,778221778221777;11,808488500381678;-21,778221778221777;9,969733277840099;1,0;0,8176140702410613;0,18238592975893858;0,9999999999999999;;;;;
D_NIMO;700,0;50,0;5,0;45,0;BCC_B2 + D_NIMO + FCC_A1;47,872437070877375;49,35498169160462;0,0;50,645018308395386;26,703348085410507;21,778221778221777;11,792544129167062;-21,778221778221777;9,985677649054729;1,0;0,8180605126350707;0,18193948736492932;1,0;;;;;
D_NIMO;700,0;47,5;5,0;47,5;D_NIMO + FCC_A1 + SIGMA;68,771211476288;49,37092606281924;0,0;50,62907393718077;26,704436450079452;21,778221778221777;11,808488500381678;-21,778221778221777;9,969733277840113;1,0;0,8176140702410615;0,18238592975893858;1,0;;;;;
D_NIMO;700,0;45,0;5,0;50,0;D_NIMO + FCC_A1 + SIGMA;70,8309075581745;49,37092606281926;0,0;50,629073937180735;26,704436450079452;21,778221778221777;11,8084885003817;-21,778221778221777;9,969733277840078;1,0;0,8176140702410607;0,18238592975893933;1,0;;;;;
D_NIMO;700,0;42,5;5,0;52,5;BCC_B2 + D_NIMO + SIGMA;69,45334998482102;49,35283336199301;0,0;50,64716663800699;26,703202892381846;21,778221778221777;11,790395799555448;-21,778221778221777;9,987825978666336;1,0;0,8181206658641957;0,18187933413580437;1,0;;;;;
D_NIMO;700,0;40,0;5,0;55,0;BCC_B2 + D_NIMO + SIGMA;64,771537310187;49,352833361993355;0,0;50,647166638006645;26,70320289238187;21,778221778221777;11,790395799555796;-21,778221778221777;9,987825978665988;1,0;0,8181206658641861;0,18187933413581395;1,0;;;;;
D_NIMO;700,0;37,5;5,0;57,5;BCC_B2 + D_NIMO + SIGMA;60,08972466580463;49,35283336199293;0,0;50,647166638007086;26,703202892381846;21,778221778221777;11,79039579955537;-21,778221778221777;9,987825978666429;1,0;0,8181206658641982;0,18187933413580165;1,0;;;;;
D_NIMO;700,0;35,0;5,0;60,0;BCC_B2 + D_NIMO + SIGMA;55,40791201146921;49,352833361992985;0,0;50,64716663800702;26,703202892381846;21,778221778221777;11,790395799555426;-21,778221778221777;9,987825978666365;1,0;0,8181206658641965;0,1818793341358034;0,9999999999999999;;;;;
D_NIMO;700,0;32,5;5,0;62,5;BCC_B2 + D_NIMO + SIGMA;50,7260993533089;49,35283336199306;0,0;50,64716663800695;26,703202892381857;21,778221778221777;11,790395799555505;-21,778221778221777;9,987825978666294;1,0;0,8181206658641944;0,18187933413580545;0,9999999999999999;;;;;
D_NIMO;700,0;30,0;5,0;65,0;BCC_B2 + D_NIMO + SIGMA;46,044286697729085;49,35283336199291;0,0;50,64716663800709;26,70320289238184;21,778221778221777;11,790395799555348;-21,778221778221777;9,987825978666436;1,0;0,8181206658641985;0,18187933413580148;1,0;;;;;
D_NIMO;700,0;27,5;5,0;67,5;BCC_B2 + D_NIMO + SIGMA;41,36247403509811;49,352833361993014;0,0;50,647166638006986;26,703202892381846;21,778221778221777;11,790395799555455;-21,778221778221777;9,98782597866633;1,0;0,8181206658641956;0,1818793341358043;1,0;;;;;
D_NIMO;700,0;25,0;5,0;70,0;BCC_B2 + D_NIMO + FCC_A1;9,112456490108269;49,354981691605914;0,0;50,645018308394086;26,703348085410592;21,778221778221777;11,792544129168355;-21,778221778221777;9,985677649053429;1,0;0,8180605126350344;0,1819394873649656;1,0;;;;;
D_NIMO;700,0;20,0;5,0;75,0;BCC_B2 + D_NIMO + SIGMA;27,317036106318525;49,35283336199297;0,0;50,64716663800702;26,70320289238184;21,778221778221777;11,790395799555412;-21,778221778221777;9,987825978666365;1,0;0,8181206658641967;0,18187933413580326;1,0;;;;;
D_NIMO;700,0;75,0;7,5;17,5;D_NIMO + FCC_A1;3,6721394673537313;50,608678678147434;0,0;49,391321321852566;26,846654118551424;21,778221778221777;13,046241115709876;-21,778221778221777;8,731980662511909;1,0;0,7829569970118719;0,21704300298812812;1,0;;;;;
D_NIMO;700,0;72,5;7,5;20,0;D_NIMO + FCC_A1;11,24130218372735;50,441903680650746;0,0;49,558096319349254;26,820877010421373;21,778221778221777;12,879466118213188;-21,778221778221777;8,898755660008597;1,0;0,7876266969417791;0,21237330305822086;1,0;;;;;
D_NIMO;700,0;70,0;7,5;22,5;D_NIMO + FCC_A1;18,680456715583635;50,244320850364794;0,0;49,75567914963522;26,792993141491973;21,778221778221777;12,681883287927235;-21,778221778221777;9,096338490294563;1,0;0,793159016189786;0,20684098381021374;0,9999999999999998;;;;;
D_NIMO;700,0;67,5;7,5;25,0;D_NIMO + FCC_A1;25,957913137685118;50,00857443527447;0,0;49,99142556472554;26,763502677342444;21,778221778221777;12,44613687283691;-21,778221778221777;9,332084905384882;1,0;0,7997599158123151;0,20024008418768532;1,0;;;;;
D_NIMO;700,0;65,0;7,5;27,5;D_NIMO + FCC_A1;33,03394644007935;49,72560168650686;0,0;50,27439831349314;26,733552682408977;21,778221778221777;12,163164124069304;-21,778221778221777;9,61505765415248;1,0;0,8076831527778079;0,1923168472221921;1,0;;;;;
D_NIMO;700,0;62,5;7,5;30,0;D_NIMO + FCC_A1;39,85978940664322;49,38459406006109;0,0;50,61540593993891;26,705384549698017;21,778221778221777;11,822156497623531;-21,778221778221777;9,956065280598253;1,0;0,8172313663182894;0,1827686336817107;1,0;;;;;
D_NIMO;700,0;60,0;7,5;32,5;D_NIMO + FCC_A1 + SIGMA;42,08762904104054;49,370926062818924;0,0;50,62907393718107;26,704436450079427;21,778221778221777;11,808488500381365;-21,778221778221777;9,969733277840412;1,0;0,81761407024107;0,18238592975892992;1,0;;;;;
D_NIMO;700,0;57,5;7,5;35,0;D_NIMO + FCC_A1 + SIGMA;44,1473251336448;49,370926062820345;0,0;50,62907393717965;26,704436450079527;21,778221778221777;11,808488500382786;-21,778221778221777;9,96973327783899;1,0;0,8176140702410302;0,18238592975896972;0,9999999999999999;;;;;
D_NIMO;700,0;55,0;7,5;37,5;D_NIMO + FCC_A1 + SIGMA;46,20702119661894;49,37092606281898;0,0;50,62907393718101;26,70443645007943;21,778221778221777;11,808488500381422;-21,778221778221777;9,969733277840355;1,0;0,8176140702410684;0,1823859297589315;1,0;;;;;
D_NIMO;700,0;52,5;7,5;40,0;D_NIMO + FCC_A1 + SIGMA;48,26671724102404;49,370926062819805;0,0;50,629073937180195;26,70443645007949;21,778221778221777;11,808488500382246;-21,778221778221777;9,969733277839538;1,0;0,8176140702410454;0,18238592975895462;1,0;;;;;
D_NIMO;700,0;50,0;7,5;42,5;D_NIMO + FCC_A1 + SIGMA;50,32641336249134;49,37092606281926;0,0;50,62907393718074;26,704436450079452;21,778221778221777;11,8084885003817;-21,778221778221777;9,969733277840085;1,0;0,8176140702410608;0,18238592975893916;1,0;;;;;
D_NIMO;700,0;47,5;7,5;45,0;D_NIMO + FCC_A1 + SIGMA;52,386109431230096;49,37092606281924;0,0;50,629073937180756;26,70443645007945;21,778221778221777;11,808488500381678;-21,778221778221777;9,969733277840099;1,0;0,8176140702410613;0,18238592975893872;0,9999999999999999;;;;;
D_NIMO;700,0;45,0;7,5;47,5;D_NIMO + FCC_A1 + SIGMA;54,44580548603464;49,37092606281925;0,0;50,62907393718075;26,704436450079452;21,778221778221777;11,808488500381692;-21,778221778221777;9,969733277840092;1,0;0,8176140702410609;0,18238592975893922;0,9999999999999999;;;;;
D_NIMO;700,0;42,5;7,5;50,0;D_NIMO + FCC_A1 + SIGMA;56,50550155442772;49,37092606281924;0,0;50,62907393718076;26,704436450079452;21,778221778221777;11,808488500381678;-21,778221778221777;9,969733277840106;1,0;0,8176140702410613;0,18238592975893847;1,0;;;;;
D_NIMO;700,0;40,0;7,5;52,5;BCC_B2 + D_NIMO + SIGMA;55,91494867489186;49,352833361993724;0,0;50,64716663800627;26,703202892381892;21,778221778221777;11,790395799556165;-21,778221778221777;9,987825978665612;1,0;0,8181206658641756;0,18187933413582438;1,0;;;;;
D_NIMO;700,0;37,5;7,5;55,0;BCC_B2 + D_NIMO + SIGMA;51,23313603063454;49,35283336199341;0,0;50,64716663800658;26,70320289238187;21,778221778221777;11,790395799555853;-21,778221778221777;9,987825978665924;1,0;0,8181206658641844;0,18187933413581575;1,0;;;;;
D_NIMO;700,0;35,0;7,5;57,5;BCC_B2 + D_NIMO + SIGMA;46,55132336786419;49,35283336199327;0,0;50,64716663800672;26,70320289238186;21,778221778221777;11,79039579955571;-21,778221778221777;9,987825978666066;1,0;0,8181206658641884;0,18187933413581153;1,0;;;;;
D_NIMO;700,0;32,5;7,5;60,0;BCC_B2 + D_NIMO + SIGMA;41,86951071622346;49,35283336199283;0,0;50,647166638007164;26,70320289238183;21,778221778221777;11,79039579955527;-21,778221778221777;9,987825978666507;0,9999999999999999;0,8181206658642004;0,1818793341357995;0,9999999999999999;;;;;
D_NIMO;700,0;30,0;7,5;62,5;BCC_B2 + D_NIMO + SIGMA;37,187698057429955;49,35283336199321;0,0;50,647166638006794;26,703202892381864;21,778221778221777;11,790395799555654;-21,778221778221777;9,987825978666137;1,0;0,8181206658641901;0,18187933413580998;1,0;;;;;
D_NIMO;700,0;27,5;7,5;65,0;BCC_B2 + D_NIMO + SIGMA;32,50588540466849;49,35283336199337;0,0;50,647166638006624;26,703202892381867;21,778221778221777;11,79039579955581;-21,778221778221777;9,987825978665967;1,0;0,8181206658641855;0,18187933413581445;0,9999999999999999;;;;;
D_NIMO;700,0;15,0;7,5;77,5;BCC_B2 + D_NIMO + SIGMA;9,096822169231455;49,352833361993525;0,0;50,64716663800648;26,70320289238188;21,778221778221777;11,790395799555967;-21,778221778221777;9,987825978665825;1,0;0,8181206658641814;0,18187933413581864;1,0;;;;;
D_NIMO;700,0;72,5;10,0;17,5;D_NIMO + FCC_A1;3,719442236074353;49,94106019585779;0,0;50,05893980414221;26,755816306085503;21,778221778221777;12,378622633420228;-21,778221778221777;9,399599144801556;1,0;0,8016503145159818;0,1983496854840182;1,0;;;;;
D_NIMO;700,0;70,0;10,0;20,0;D_NIMO + FCC_A1;10,974601146154276;49,71679772873502;0,0;50,283202271265;26,73271642012765;21,778221778221777;12,154360166297458;-21,778221778221777;9,62386161192434;1,0;0,8079296635954197;0,19207033640458016;1,0;;;;;
D_NIMO;700,0;67,5;10,0;22,5;D_NIMO + FCC_A1;18,062210317210596;49,456440081452754;0,0;50,543559918547246;26,71059771154183;21,778221778221777;11,894002519015196;-21,778221778221777;9,884219259206589;1,0;0,8152196777193229;0,18478032228067706;1,0;;;;;
D_NIMO;700,0;65,0;10,0;25,0;D_NIMO + FCC_A1 + SIGMA;21,583134806460805;49,37092606281924;0,0;50,62907393718076;26,704436450079452;21,778221778221777;11,808488500381678;-21,778221778221777;9,969733277840106;1,0;0,8176140702410614;0,1823859297589385;0,9999999999999999;;;;;
D_NIMO;700,0;62,5;10,0;27,5;D_NIMO + FCC_A1 + SIGMA;23,642830922067514;49,37092606281913;0,0;50,62907393718088;26,70443645007945;21,778221778221777;11,808488500381571;-21,778221778221777;9,96973327784022;1,0;0,8176140702410646;0,18238592975893547;1,0;;;;;
D_NIMO;700,0;60,0;10,0;30,0;BCC_B2 + D_NIMO + FCC_A1;10,248829223648185;49,35498169160732;0,0;50,645018308392686;26,70334808541069;21,778221778221777;11,792544129169762;-21,778221778221777;9,985677649052029;1,0;0,8180605126349951;0,18193948736500484;1,0;;;;;
D_NIMO;700,0;57,5;10,0;32,5;D_NIMO + FCC_A1 + SIGMA;27,762223058897312;49,370926062819116;0,0;50,62907393718088;26,70443645007944;21,778221778221777;11,808488500381557;-21,778221778221777;9,96973327784022;1,0;0,8176140702410647;0,18238592975893528;1,0;;;;;
D_NIMO;700,0;55,0;10,0;35,0;D_NIMO + FCC_A1 + SIGMA;29,821919088913283;49,37092606281946;0,0;50,62907393718054;26,704436450079466;21,778221778221777;11,808488500381898;-21,778221778221777;9,969733277839886;1,0;0,8176140702410551;0,18238592975894471;1,0;;;;;
D_NIMO;700,0;52,5;10,0;37,5;D_NIMO + FCC_A1 + SIGMA;31,881615193178597;49,37092606281926;0,0;50,62907393718074;26,704436450079452;21,778221778221777;11,8084885003817;-21,778221778221777;9,969733277840085;1,0;0,8176140702410607;0,18238592975893922;1,0;;;;;
D_NIMO;700,0;50,0;10,0;40,0;D_NIMO + FCC_A1 + SIGMA;33,94131125607367;49,37092606281845;0,0;50,629073937181545;26,704436450079395;21,778221778221777;11,80848850038089;-21,778221778221777;9,969733277840888;1,0;0,8176140702410835;0,18238592975891657;1,0;;;;;
D_NIMO;700,0;47,5;10,0;42,5;D_NIMO + FCC_A1 + SIGMA;36,001007317730085;49,37092606281857;0,0;50,62907393718143;26,704436450079406;21,778221778221777;11,80848850038101;-21,778221778221777;9,969733277840774;1,0;0,8176140702410803;0,18238592975891985;1,0;;;;;
D_NIMO;700,0;45,0;10,0;45,0;D_NIMO + FCC_A1 + SIGMA;38,060703436773004;49,370926062818526;0,0;50,62907393718148;26,704436450079406;21,778221778221777;11,808488500380967;-21,778221778221777;9,969733277840824;1,0;0,8176140702410816;0,1823859297589188;1,0;;;;;
D_NIMO;700,0;42,5;10,0;47,5;D_NIMO + FCC_A1 + SIGMA;40,12039947209461;49,37092606281907;0,0;50,629073937180934;26,70443645007944;21,778221778221777;11,808488500381515;-21,778221778221777;9,969733277840277;1,0;0,8176140702410657;0,18238592975893372;1,0;;;;;
D_NIMO;700,0;40,0;10,0;50,0;D_NIMO + FCC_A1 + SIGMA;42,18009558264707;49,370926062820246;0,0;50,629073937179754;26,704436450079523;21,778221778221777;11,808488500382687;-21,778221778221777;9,969733277839097;1,0;0,817614070241033;0,18238592975896692;1,0;;;;;
D_NIMO;700,0;37,5;10,0;52,5;BCC_B2 + D_NIMO + SIGMA;42,37654738482712;49,35283336199296;0,0;50,64716663800704;26,703202892381842;21,778221778221777;11,790395799555398;-21,778221778221777;9,987825978666386;1,0;0,8181206658641972;0,18187933413580265;0,9999999999999999;;;;;
D_NIMO;700,0;35,0;10,0;55,0;BCC_B2 + D_NIMO + SIGMA;37,69473474069986;49,35283336199237;0,0;50,64716663800763;26,703202892381803;21,778221778221777;11,790395799554808;-21,778221778221777;9,987825978666976;1,0;0,8181206658642138;0,18187933413578622;1,0;;;;;
D_NIMO;700,0;32,5;10,0;57,5;BCC_B2 + D_NIMO + SIGMA;33,01292207558544;49,3528333619927;0,0;50,6471666380073;26,703202892381825;21,778221778221777;11,790395799555142;-21,778221778221777;9,987825978666642;1,0;0,8181206658642043;0,18187933413579532;0,9999999999999999;;;;;
D_NIMO;700,0;30,0;10,0;60,0;BCC_B2 + D_NIMO + SIGMA;28,331109428939005;49,35283336199326;0,0;50,64716663800674;26,703202892381864;21,778221778221777;11,790395799555704;-21,778221778221777;9,98782597866608;1,0;0,8181206658641887;0,1818793341358114;1,0;;;;;
D_NIMO;700,0;27,5;10,0;62,5;BCC_B2 + D_NIMO + SIGMA;23,649296783074718;49,352833361992595;0,0;50,6471666380074;26,703202892381814;21,778221778221777;11,790395799555036;-21,778221778221777;9,987825978666741;1,0;0,8181206658642074;0,18187933413579258;1,0;;;;;
D_NIMO;700,0;22,5;10,0;67,5;BCC_B2 + D_NIMO + SIGMA;14,285671489474428;49,352833361993525;0,0;50,64716663800648;26,70320289238188;21,778221778221777;11,790395799555967;-21,778221778221777;9,987825978665825;1,0;0,8181206658641814;0,18187933413581864;1,0;;;;;
D_NIMO;700,0;20,0;10,0;70,0;BCC_B2 + D_NIMO + SIGMA;9,603858829762292;49,352833361992744;0,0;50,647166638007256;26,703202892381828;21,778221778221777;11,790395799555185;-21,778221778221777;9,9878259786666;1,0;0,8181206658642031;0,18187933413579657;1,0;;;;;
D_NIMO;700,0;17,5;10,0;72,5;BCC_B2 + D_NIMO + SIGMA;4,922046203558163;49,35283336199289;0,0;50,64716663800711;26,70320289238184;21,778221778221777;11,790395799555334;-21,778221778221777;9,98782597866645;1,0;0,818120665864199;0,18187933413580107;1,0;;;;;
D_NIMO;700,0;15,0;10,0;75,0;BCC_B2 + D_NIMO + SIGMA;0,2402335423754748;49,35283336199275;0,0;50,647166638007256;26,70320289238183;21,778221778221777;11,790395799555192;-21,778221778221777;9,9878259786666;1,0;0,8181206658642032;0,18187933413579688;1,0;;;;;
D_NIMO;700,0;65,0;12,5;22,5;D_NIMO + FCC_A1 + SIGMA;5,198032767320123;49,37092606281919;0,0;50,62907393718081;26,70443645007945;21,778221778221777;11,808488500381628;-21,778221778221777;9,969733277840156;1,0;0,8176140702410628;0,18238592975893714;1,0;;;;;
D_NIMO;700,0;62,5;12,5;25,0;D_NIMO + FCC_A1 + SIGMA;7,25772886892838;49,37092606281755;0,0;50,629073937182454;26,704436450079342;21,778221778221777;11,808488500379994;-21,778221778221777;9,969733277841797;0,9999999999999999;0,8176140702411087;0,18238592975889134;1,0;;;;;
D_NIMO;700,0;60,0;12,5;27,5;D_NIMO + FCC_A1 + SIGMA;9,317424903430847;49,370926062817716;0,0;50,62907393718229;26,704436450079353;21,778221778221777;11,808488500380157;-21,778221778221777;9,969733277841634;1,0;0,8176140702411039;0,1823859297588959;1,0;;;;;
D_NIMO;700,0;57,5;12,5;30,0;D_NIMO + FCC_A1 + SIGMA;11,377120918191839;49,370926062820025;0,0;50,62907393717998;26,70443645007951;21,778221778221777;11,808488500382467;-21,778221778221777;9,969733277839325;1,0;0,8176140702410394;0,18238592975896056;1,0;;;;;
D_NIMO;700,0;55,0;12,5;32,5;D_NIMO + FCC_A1 + SIGMA;13,436817015424326;49,37092606281784;0,0;50,629073937182156;26,704436450079353;21,778221778221777;11,808488500380278;-21,778221778221777;9,969733277841499;0,9999999999999999;0,8176140702411002;0,1823859297588998;0,9999999999999999;;;;;
D_NIMO;700,0;52,5;12,5;35,0;D_NIMO + FCC_A1 + SIGMA;15,496513112970787;49,370926062818576;0,0;50,629073937181424;26,704436450079406;21,778221778221777;11,808488500381017;-21,778221778221777;9,969733277840767;1,0;0,8176140702410798;0,18238592975892026;1,0;;;;;
D_NIMO;700,0;50,0;12,5;37,5;D_NIMO + FCC_A1 + SIGMA;17,556209192443433;49,37092606281909;0,0;50,62907393718093;26,70443645007945;21,778221778221777;11,808488500381529;-21,778221778221777;9,96973327784027;1,0;0,8176140702410658;0,18238592975893397;0,9999999999999999;;;;;
D_NIMO;700,0;47,5;12,5;40,0;D_NIMO + FCC_A1 + SIGMA;19,615905241945512;49,37092606281801;0,0;50,62907393718199;26,704436450079367;21,778221778221777;11,808488500380449;-21,778221778221777;9,969733277841335;1,0;0,8176140702410958;0,1823859297589041;0,9999999999999999;;;;;
D_NIMO;700,0;45,0;12,5;42,5;D_NIMO + FCC_A1 + SIGMA;21,675601337378637;49,37092606281819;0,0;50,62907393718181;26,704436450079378;21,778221778221777;11,808488500380633;-21,778221778221777;9,96973327784115;1,0;0,8176140702410907;0,18238592975890933;1,0;;;;;
D_NIMO;700,0;42,5;12,5;45,0;D_NIMO + FCC_A1 + SIGMA;23,73529740609167;49,37092606281883;0,0;50,62907393718117;26,704436450079424;21,778221778221777;11,808488500381273;-21,778221778221777;9,969733277840511;1,0;0,8176140702410727;0,1823859297589273;1,0;;;;;
D_NIMO;700,0;40,0;12,5;47,5;D_NIMO + FCC_A1 + SIGMA;25,794993475241835;49,37092606281908;0,0;50,62907393718092;26,70443645007944;21,778221778221777;11,808488500381522;-21,778221778221777;9,969733277840263;1,0;0,8176140702410656;0,1823859297589342;0,9999999999999999;;;;;
D_NIMO;700,0;37,5;12,5;50,0;D_NIMO + FCC_A1 + SIGMA;27,854689553583174;49,37092606281908;0,0;50,62907393718092;26,70443645007944;21,778221778221777;11,808488500381522;-21,778221778221777;9,969733277840263;1,0;0,8176140702410657;0,18238592975893425;0,9999999999999999;;;;;
D_NIMO;700,0;35,0;12,5;52,5;BCC_B2 + D_NIMO + SIGMA;28,83814609151508;49,352833361993056;0,0;50,64716663800694;26,703202892381846;21,778221778221777;11,790395799555498;-21,778221778221777;9,98782597866628;1,0;0,8181206658641943;0,18187933413580584;1,0;;;;;
D_NIMO;700,0;32,5;12,5;55,0;BCC_B2 + D_NIMO + SIGMA;24,15633343122386;49,352833361992616;0,0;50,647166638007384;26,70320289238182;21,778221778221777;11,790395799555057;-21,778221778221777;9,987825978666727;1,0;0,818120665864207;0,18187933413579307;0,9999999999999999;;;;;
D_NIMO;700,0;30,0;12,5;57,5;BCC_B2 + D_NIMO + SIGMA;19,47452079436916;49,35283336199311;0,0;50,64716663800689;26,703202892381853;21,778221778221777;11,790395799555554;-21,778221778221777;9,98782597866623;1,0;0,8181206658641927;0,1818793341358072;1,0;;;;;
D_NIMO;700,0;27,5;12,5;60,0;BCC_B2 + D_NIMO + SIGMA;14,792708146146316;49,352833361993085;0,0;50,647166638006915;26,70320289238185;21,778221778221777;11,790395799555526;-21,778221778221777;9,987825978666258;1,0;0,8181206658641937;0,18187933413580623;1,0;;;;;
D_NIMO;700,0;25,0;12,5;62,5;BCC_B2 + D_NIMO + SIGMA;10,110895497181444;49,35283336199339;0,0;50,6471666380066;26,70320289238187;21,778221778221777;11,790395799555832;-21,778221778221777;9,987825978665946;1,0;0,8181206658641849;0,18187933413581497;0,9999999999999999;;;;;
D_NIMO;700,0;22,5;12,5;65,0;BCC_B2 + D_NIMO + SIGMA;5,429082841751927;49,35283336199294;0,0;50,64716663800707;26,70320289238185;21,778221778221777;11,790395799555384;-21,778221778221777;9,987825978666415;1,0;0,8181206658641978;0,18187933413580212;1,0;;;;;
D_NIMO;700,0;20,0;12,5;67,5;BCC_B2 + D_NIMO + SIGMA;0,7472702138913871;49,35283336199254;0,0;50,64716663800746;26,703202892381814;21,778221778221777;11,790395799554979;-21,778221778221777;9,987825978666805;1,0;0,8181206658642092;0,18187933413579094;0,9999999999999999;;;;;
D_NIMO;700,0;50,0;15,0;35,0;D_NIMO + FCC_A1 + SIGMA;1,171107136265829;49,370926062818924;0,0;50,62907393718107;26,704436450079427;21,778221778221777;11,808488500381365;-21,778221778221777;9,969733277840412;1,0;0,8176140702410699;0,18238592975893;1,0;;;;;
D_NIMO;700,0;47,5;15,0;37,5;D_NIMO + FCC_A1 + SIGMA;3,230803190648844;49,3709260628189;0,0;50,62907393718109;26,704436450079427;21,778221778221777;11,808488500381344;-21,778221778221777;9,969733277840433;1,0;0,8176140702410706;0,18238592975892937;0,9999999999999999;;;;;
D_NIMO;700,0;45,0;15,0;40,0;D_NIMO + FCC_A1 + SIGMA;5,290499284779197;49,37092606281723;0,0;50,62907393718277;26,704436450079314;21,778221778221777;11,808488500379674;-21,778221778221777;9,96973327784211;1,0;0,8176140702411174;0,18238592975888251;1,0;;;;;
D_NIMO;700,0;42,5;15,0;42,5;D_NIMO + FCC_A1 + SIGMA;7,350195365840855;49,370926062817325;0,0;50,62907393718267;26,704436450079317;21,778221778221777;11,808488500379767;-21,778221778221777;9,96973327784201;0,9999999999999999;0,8176140702411148;0,1823859297588851;1,0;;;;;
D_NIMO;700,0;40,0;15,0;45,0;D_NIMO + FCC_A1 + SIGMA;9,409891433007;49,370926062817354;0,0;50,62907393718265;26,704436450079324;21,778221778221777;11,808488500379795;-21,778221778221777;9,969733277841996;1,0;0,8176140702411141;0,18238592975888582;1,0;;;;;
D_NIMO;700,0;37,5;15,0;47,5;D_NIMO + FCC_A1 + SIGMA;11,46958746781796;49,37092606281873;0,0;50,62907393718128;26,70443645007942;21,778221778221777;11,808488500381173;-21,778221778221777;9,969733277840625;1,0;0,8176140702410759;0,18238592975892404;0,9999999999999998;;;;;
D_NIMO;700,0;35,0;15,0;50,0;D_NIMO + FCC_A1 + SIGMA;13,529283574576805;49,37092606281866;0,0;50,62907393718133;26,70443645007941;21,778221778221777;11,808488500381102;-21,778221778221777;9,969733277840675;1,0;0,8176140702410774;0,18238592975892254;0,9999999999999999;;;;;
D_NIMO;700,0;32,5;15,0;52,5;BCC_B2 + D_NIMO + SIGMA;15,299744810943174;49,352833361993405;0,0;50,64716663800659;26,70320289238187;21,778221778221777;11,790395799555846;-21,778221778221777;9,987825978665931;1,0;0,8181206658641846;0,18187933413581533;1,0;;;;;
D_NIMO;700,0;30,0;15,0;55,0;BCC_B2 + D_NIMO + SIGMA;10,617932147368176;49,3528333619934;0,0;50,6471666380066;26,703202892381874;21,778221778221777;11,790395799555839;-21,778221778221777;9,987825978665946;1,0;0,8181206658641847;0,18187933413581525;1,0;;;;;
D_NIMO;700,0;25,0;15,0;60,0;BCC_B2 + D_NIMO + SIGMA;1,2543068410868716;49,352833361992815;0,0;50,647166638007185;26,703202892381835;21,778221778221777;11,790395799555256;-21,778221778221777;9,987825978666528;1,0;0,8181206658642011;0,18187933413579865;1,0;;;;;
D_NIMO;700,0;30,0;17,5;52,5;D_NIMO + FCC_A1 + SIGMA;1,2635736152160495;49,370926062817674;0,0;50,62907393718233;26,704436450079346;21,778221778221777;11,808488500380115;-21,778221778221777;9,969733277841677;1,0;0,8176140702411052;0,1823859297588948;1,0;;;;;
D_NIMO;1100,0;75,0;0,0;25,0;D_NIMO + FCC_A1;3,4859926809810524;51,523948671089315;0,0;48,4760513289107;27,02435386739505;21,778221778221777;13,961511108651756;-21,778221778221777;7,816710669570043;1,0;0,7573294372095002;0,24267056279050073;0,9999999999999994;;;;;
D_NIMO;1100,0;72,5;0,0;27,5;D_NIMO + FCC_A1;13,763910025181264;51,523940961417544;0,0;48,47605903858246;27,024352114371208;21,778221778221777;13,961503398979985;-21,778221778221777;7,816718379241806;1,0;0,7573296530803088;0,2426703469196913;1,0;;;;;
D_NIMO;1100,0;70,0;0,0;30,0;D_NIMO + FCC_A1;24,041818783395723;51,52393116528799;0,0;48,47606883471201;27,024349886935138;21,778221778221777;13,961493602850432;-21,778221778221777;7,8167281753713524;1,0;0,7573299273719363;0,24267007262806367;1,0;;;;;
D_NIMO;1100,0;67,5;0,0;32,5;D_NIMO + FCC_A1;34,319714924376655;51,523918303467575;0,0;48,47608169653242;27,024346962435246;21,778221778221777;13,961480741030016;-21,778221778221777;7,816741037191761;1,0;0,7573302875029078;0,24266971249709224;1,0;;;;;
D_NIMO;1100,0;65,0;0,0;35,0;D_NIMO + FCC_A1;44,59759145966548;51,52390066957414;0,0;48,47609933042585;27,024342952888507;21,778221778221777;13,96146310713658;-21,778221778221777;7,816758671085196;0,9999999999999999;0,7573307812519239;0,24266921874807607;1,0;;;;;
D_NIMO;1100,0;62,5;0,0;37,5;D_NIMO + FCC_A1;54,87543496676726;51,52387500303853;0,0;48,47612499696146;27,0243371169415;21,778221778221777;13,961437440600974;-21,778221778221777;7,816784337620803;1,0;0,757331499914921;0,24266850008507898;1,0;;;;;
D_NIMO;1100,0;60,0;0,0;40,0;D_NIMO + FCC_A1;65,15321623091398;51,5238341965455;0,0;48,4761658034545;27,02432783863355;21,778221778221777;13,961396634107942;-21,778221778221777;7,816825144113842;1,0;0,7573326424967259;0,24266735750327406;1,0;;;;;
D_NIMO;1100,0;57,5;0,0;42,5;D_NIMO + FCC_A1;75,43085714257342;51,52375925117666;0,0;48,476240748823336;27,02431079836865;21,778221778221777;13,961321688739098;-21,778221778221777;7,8169000894826794;0,9999999999999999;0,7573347409670532;0,24266525903294683;0,9999999999999999;;;;;
D_NIMO;1100,0;55,0;0,0;45,0;D_NIMO + FCC_A1;85,70805495043471;51,5235765289436;0,0;48,4764234710564;27,024269254666784;21,778221778221777;13,961138966506041;-21,778221778221777;7,817082811715743;0,9999999999999999;0,7573398571895787;0,24266014281042037;1,0;;;;;
D_NIMO;1100,0;52,5;0,0;47,5;D_NIMO + FCC_A1;95,98141308551223;51,522459847888044;0,0;48,477540152111956;27,02401541852093;21,778221778221777;13,960022285450485;-21,778221778221777;7,818199492771299;1,0;0,7573711242591348;0,24262887574086525;0,9999999999999999;;;;;
D_NIMO;1100,0;50,0;0,0;50,0;D_NIMO + FCC_A1;99,99616634622035;49,99901263263827;0,0;50,00098736736173;26,76239351245759;21,778221778221777;12,43657507020071;-21,778221778221777;9,341646708021074;1,0;0,8000276462861285;0,19997235371387143;0,9999999999999998;;;;;
D_NIMO;1100,0;47,5;0,0;52,5;BCC_B2 + D_NIMO;98,57984268313791;48,172885406999114;0,0;51,827114593000886;26,675676597172096;21,778221778221777;10,610447844561556;-21,778221778221777;11,167773933660229;0,9999999999999998;0,851159208604025;0,14884079139597559;0,9999999999999998;;;;;
D_NIMO;1100,0;45,0;0,0;55,0;BCC_B2 + D_NIMO;93,30607863124723;48,17198667049026;0,0;51,82801332950974;26,675695404449666;21,778221778221777;10,609549108052704;-21,778221778221777;11,16867267016908;1,0;0,8511843732262727;0,14881562677372745;1,0;;;;;
D_NIMO;1100,0;42,5;0,0;57,5;BCC_B2 + D_NIMO;88,03064310187786;48,171880006758684;0,0;51,828119993241316;26,675697640551828;21,778221778221777;10,609442444321125;-21,778221778221777;11,168779333900659;0,9999999999999997;0,8511873598107565;0,14881264018924306;1,0;;;;;
D_NIMO;1100,0;40,0;0,0;60,0;BCC_B2 + D_NIMO;82,75506982823566;48,17183860343797;0,0;51,828161396562024;26,675698508762242;21,778221778221777;10,60940104100041;-21,778221778221777;11,168820737221367;1,0;0,851188519103737;0,1488114808962636;0,9999999999999997;;;;;
D_NIMO;1100,0;37,5;0,0;62,5;BCC_B2 + D_NIMO;77,47945560324835;48,17181659822861;0,0;51,8281834017714;26,675698970254626;21,778221778221777;10,60937903579105;-21,778221778221777;11,16884274243074;1,0;0,8511891352495992;0,1488108647504008;0,9999999999999999;;;;;
D_NIMO;1100,0;35,0;0,0;65,0;BCC_B2 + D_NIMO;72,20382371480007;48,171802946058804;0,0;51,828197053941196;26,675699256585634;21,778221778221777;10,609365383621245;-21,778221778221777;11,168856394600539;0,9999999999999999;0,8511895175103533;0,14881048248964673;0,9999999999999997;;;;;
D_NIMO;1100,0;32,5;0,0;67,5;BCC_B2 + D_NIMO;66,92818259186699;48,17179364957237;0,0;51,82820635042763;26,675699451571603;21,778221778221777;10,609356087134813;-21,778221778221777;11,168865691086971;1,0;0,8511897778119739;0,14881022218802656;1,0;;;;;
D_NIMO;1100,0;30,0;0,0;70,0;BCC_B2 + D_NIMO;61,652536037416425;48,1717869109907;0,0;51,8282130890093;26,675699592911723;21,778221778221777;10,609349348553138;-21,778221778221777;11,168872429668646;0,9999999999999999;0,8511899664922603;0,1488100335077395;1,0;;;;;
D_NIMO;1100,0;27,5;0,0;72,5;BCC_B2 + D_NIMO;56,376886012659966;48,17178180231151;0,0;51,82821819768849;26,6756997000673;21,778221778221777;10,609344239873948;-21,778221778221777;11,168877538347836;1,0;0,8511901095352777;0,14880989046472232;1,0;;;;;
D_NIMO;1100,0;25,0;0,0;75,0;BCC_B2 + D_NIMO;51,10123357987848;48,17177779599798;0,0;51,82822220400202;26,675699784101905;21,778221778221777;10,609340233560424;-21,778221778221777;11,16888154466136;1,0;0,8511902217120567;0,14880977828794353;0,9999999999999997;;;;;
D_NIMO;1100,0;22,5;0,0;77,5;BCC_B2 + D_NIMO;45,825579474268906;48,17177456997714;0,0;51,82822543002286;26,675699851770318;21,778221778221777;10,60933700753958;-21,778221778221777;11,168884770682205;1,0;0,8511903120406403;0,1488096879593599;0,9999999999999997;;;;;
D_NIMO;1100,0;20,0;0,0;80,0;BCC_B2 + D_NIMO;40,549924123901995;48,17177191652552;0,0;51,82822808347448;26,675699907429212;21,778221778221777;10,609334354087963;-21,778221778221777;11,168887424133821;1,0;0,8511903863372856;0,14880961366271464;0,9999999999999999;;;;;
D_NIMO;1100,0;17,5;0,0;82,5;BCC_B2 + D_NIMO;35,27426776241058;48,1717696954251;0,0;51,828230304574895;26,6756999540195;21,778221778221777;10,60933213298754;-21,778221778221777;11,168889645234238;0,9999999999999999;0,851190448528097;0,14880955147190295;1,0;;;;;
D_NIMO;1100,0;72,5;2,5;25,0;D_NIMO + FCC_A1;2,939435702786919;50,01685942858497;0,0;49,98314057141503;26,764469220251353;21,778221778221777;12,454421866147413;-21,778221778221777;9,32379991207437;0,9999999999999999;0,7995279359996202;0,2004720640003788;1,0;;;;;
D_NIMO;1100,0;70,0;2,5;27,5;D_NIMO + FCC_A1;12,505884493082824;49,864547672616936;0,0;50,135452327383064;26,7475148252992;21,778221778221777;12,302110110179378;-21,778221778221777;9,476111668042407;1,0;0,8037926651667258;0,1962073348332742;0,9999999999999998;;;;;
D_NIMO;1100,0;67,5;2,5;30,0;D_NIMO + FCC_A1;21,926107352923925;49,68143258137399;0,0;50,31856741862602;26,72941536355993;21,778221778221777;12,118995018936431;-21,778221778221777;9,65922675928536;1,0;0,8089198877215286;0,1910801122784715;0,9999999999999996;;;;;
D_NIMO;1100,0;65,0;2,5;32,5;D_NIMO + FCC_A1;31,15631559311261;49,458509960466465;0,0;50,541490039533535;26,710753615220312;21,778221778221777;11,896072398028906;-21,778221778221777;9,882149380192878;0,9999999999999992;0,8151617211069384;0,1848382788930612;1,0;;;;;
D_NIMO;1100,0;62,5;2,5;35,0;D_NIMO + FCC_A1;40,13697570052851;49,18368638224778;0,0;50,816313617752215;26,69285424287289;21,778221778221777;11,62124881981022;-21,778221778221777;10,156972958411558;1,0;0,8228567812970632;0,1771432187029382;0,9999999999999994;;;;;
D_NIMO;1100,0;60,0;2,5;37,5;D_NIMO + FCC_A1;48,787764203368354;48,84093833000811;0,0;51,1590616699919;26,67844944308072;21,778221778221777;11,278500767570549;-21,778221778221777;10,499721010651243;0,9999999999999996;0,8324537267597728;0,16754627324022722;1,0;;;;;
D_NIMO;1100,0;57,5;2,5;40,0;BCC_B2 + D_NIMO + FCC_A1;56,797121825495964;48,41845328042963;0,0;51,58154671957038;26,672806494870823;21,778221778221777;10,856015717992072;-21,778221778221777;10,922206060229726;0,9999999999999991;0,8442833081479697;0,1557166918520297;1,0;;;;;
D_NIMO;1100,0;55,0;2,5;42,5;BCC_B2 + D_NIMO + FCC_A1;53,29245963698474;48,41845328042746;0,0;51,58154671957254;26,672806494870823;21,778221778221777;10,856015717989898;-21,778221778221777;10,922206060231886;1,0;0,8442833081480309;0,1557166918519685;0,9999999999999999;;;;;
D_NIMO;1100,0;52,5;2,5;45,0;BCC_B2 + D_NIMO + FCC_A1;49,787797274514624;48,41845328042953;0,0;51,58154671957047;26,67280649487082;21,778221778221777;10,856015717991973;-21,778221778221777;10,922206060229811;0,9999999999999998;0,844283308147973;0,15571669185202697;1,0;;;;;
D_NIMO;1100,0;50,0;2,5;47,5;BCC_B2 + D_NIMO + FCC_A1;46,28313468374408;48,41845328042798;0,0;51,581546719572025;26,672806494870823;21,778221778221777;10,856015717990424;-21,778221778221777;10,922206060231368;0,9999999999999998;0,8442833081480169;0,15571669185198384;1,0;;;;;
D_NIMO;1100,0;47,5;2,5;50,0;BCC_B2 + D_NIMO + FCC_A1;42,778471931183006;48,418453280425844;0,0;51,581546719574156;26,672806494870827;21,778221778221777;10,856015717988285;-21,778221778221777;10,9222060602335;1,0;0,8442833081480764;0,15571669185192358;1,0;;;;;
D_NIMO;1100,0;45,0;2,5;52,5;BCC_B2 + D_NIMO + FCC_A1;39,27381009915952;48,4184532804308;0,0;51,5815467195692;26,672806494870816;21,778221778221777;10,856015717993245;-21,778221778221777;10,92220606022854;1,0;0,8442833081479376;0,1557166918520626;0,9999999999999999;;;;;
D_NIMO;1100,0;42,5;2,5;55,0;BCC_B2 + D_NIMO + FCC_A1;35,769147965794176;48,41845328043242;0,0;51,58154671956758;26,672806494870812;21,778221778221777;10,856015717994865;-21,778221778221777;10,92220606022692;1,0;0,8442833081478922;0,15571669185210774;0,9999999999999998;;;;;
D_NIMO;1100,0;40,0;2,5;57,5;BCC_B2 + D_NIMO + FCC_A1;32,26448483924883;48,41845328042652;0,0;51,58154671957349;26,67280649487083;21,778221778221777;10,85601571798896;-21,778221778221777;10,922206060232831;0,9999999999999996;0,8442833081480571;0,15571669185194223;0,9999999999999998;;;;;
D_NIMO;1100,0;37,5;2,5;60,0;BCC_B2 + D_NIMO + FCC_A1;28,75982337693066;48,41845328042954;0,0;51,58154671957047;26,67280649487082;21,778221778221777;10,85601571799198;-21,778221778221777;10,922206060229811;0,9999999999999999;0,8442833081479729;0,15571669185202708;1,0;;;;;
D_NIMO;1100,0;35,0;2,5;62,5;BCC_B2 + D_NIMO + FCC_A1;25,255159516414615;48,418453280427684;0,0;51,58154671957232;26,672806494870823;21,778221778221777;10,856015717990125;-21,778221778221777;10,922206060231666;1,0;0,8442833081480247;0,15571669185197468;1,0;;;;;
D_NIMO;1100,0;32,5;2,5;65,0;BCC_B2 + D_NIMO + FCC_A1;21,750497253259162;48,41845328042938;0,0;51,58154671957063;26,672806494870823;21,778221778221777;10,856015717991824;-21,778221778221777;10,922206060229975;0,9999999999999999;0,8442833081479775;0,15571669185202255;1,0;;;;;
D_NIMO;1100,0;30,0;2,5;67,5;BCC_B2 + D_NIMO + FCC_A1;18,245835410464167;48,41845328043061;0,0;51,581546719569396;26,67280649487082;21,778221778221777;10,856015717993053;-21,778221778221777;10,922206060228739;1,0;0,8442833081479433;0,15571669185205722;0,9999999999999996;;;;;
D_NIMO;1100,0;27,5;2,5;70,0;BCC_B2 + D_NIMO + FCC_A1;14,741173101069613;48,41845328042997;0,0;51,581546719570035;26,67280649487082;21,778221778221777;10,856015717992413;-21,778221778221777;10,922206060229378;1,0;0,8442833081479615;0,15571669185203874;0,9999999999999992;;;;;
D_NIMO;1100,0;25,0;2,5;72,5;BCC_B2 + D_NIMO + FCC_A1;11,23651074842162;48,418453280428956;0,0;51,58154671957105;26,672806494870823;21,778221778221777;10,856015717991397;-21,778221778221777;10,922206060230394;0,9999999999999998;0,844283308147989;0,155716691852011;1,0;;;;;
D_NIMO;1100,0;22,5;2,5;75,0;BCC_B2 + D_NIMO + FCC_A1;7,731848659680009;48,418453280431514;0,0;51,581546719568486;26,672806494870816;21,778221778221777;10,856015717993955;-21,778221778221777;10,922206060227829;0,9999999999999999;0,8442833081479174;0,15571669185208212;1,0;;;;;
D_NIMO;1100,0;20,0;2,5;77,5;BCC_B2 + D_NIMO + FCC_A1;4,227186302748856;48,41845328042914;0,0;51,581546719570866;26,67280649487082;21,778221778221777;10,856015717991582;-21,778221778221777;10,92220606023021;1,0;0,8442833081479839;0,15571669185201545;1,0;;;;;
D_NIMO;1100,0;17,5;2,5;80,0;BCC_B2 + D_NIMO + FCC_A1;0,7225235194377821;48,41845328042907;0,0;51,58154671957094;26,672806494870823;21,778221778221777;10,85601571799151;-21,778221778221777;10,92220606023028;1,0;0,8442833081479865;0,155716691852014;0,9999999999999997;;;;;
D_NIMO;1100,0;70,0;5,0;25,0;D_NIMO + FCC_A1;1,8020915250886091;48,74165781875696;0,0;51,258342181243044;26,675920651816394;21,778221778221777;11,179220256319404;-21,778221778221777;10,599001521902387;0,9999999999999998;0,8352335810748046;0,16476641892519475;1,0;;;;;
D_NIMO;1100,0;67,5;5,0;27,5;D_NIMO + FCC_A1;10,786545378980579;48,50464876954141;0,0;51,49535123045859;26,672871143160837;21,778221778221777;10,942211207103853;-21,778221778221777;10,836010571117932;0,9999999999999998;0,84186983445284;0,1581301655471595;1,0;;;;;
D_NIMO;1100,0;65,0;5,0;30,0;BCC_B2 + D_NIMO + FCC_A1;11,377129290161026;48,4184532804291;0,0;51,5815467195709;26,67280649487082;21,778221778221777;10,85601571799154;-21,778221778221777;10,922206060230245;1,0;0,8442833081479854;0,1557166918520147;1,0;;;;;
D_NIMO;1100,0;62,5;5,0;32,5;BCC_B2 + D_NIMO + FCC_A1;7,8724664362037196;48,418453280429006;0,0;51,581546719571;26,672806494870823;21,778221778221777;10,856015717991447;-21,778221778221777;10,922206060230344;0,9999999999999996;0,8442833081479878;0,15571669185201215;1,0;;;;;
D_NIMO;1100,0;60,0;5,0;35,0;BCC_B2 + D_NIMO + FCC_A1;4,3678032442412285;48,4184532804318;0,0;51,5815467195682;26,672806494870812;21,778221778221777;10,85601571799424;-21,778221778221777;10,922206060227545;1,0;0,8442833081479096;0,15571669185209017;0,9999999999999999;;;;;
D_NIMO;1100,0;57,5;5,0;37,5;BCC_B2 + D_NIMO + FCC_A1;0,8631417071575578;48,4184532804287;0,0;51,58154671957129;26,672806494870816;21,778221778221777;10,856015717991141;-21,778221778221777;10,922206060230636;1,0;0,8442833081479962;0,1557166918520038;1,0;;;;;
D_NIMO;1250,0;72,5;0,0;27,5;D_NIMO + FCC_A1;5,338278369536259;51,628663445903555;0,0;48,37133655409644;27,04855883604212;21,778221778221777;14,066225883465997;-21,778221778221777;7,7119958947557805;1,0;0,7543974235146991;0,2456025764852983;1,0;;;;;
D_NIMO;1250,0;70,0;0,0;30,0;D_NIMO + FCC_A1;16,676977012159806;51,62864122128743;0,0;48,37135877871257;27,048553615067394;21,778221778221777;14,066203658849872;-21,778221778221777;7,712018119371912;1,0;0,7543980458039521;0,24560195419604702;0,9999999999999982;;;;;
D_NIMO;1250,0;67,5;0,0;32,5;D_NIMO + FCC_A1;28,0156438980318;51,6286119951354;0,0;48,37138800486461;27,048546749356035;21,778221778221777;14,066174432697842;-21,778221778221777;7,712047345523956;1,0;0,754398864136212;0,24560113586379245;0,9999999999999977;;;;;
D_NIMO;1250,0;65,0;0,0;35,0;D_NIMO + FCC_A1;39,354261218230334;51,62857184159253;0,0;48,371428158407475;27,048537316718154;21,778221778221777;14,066134279154973;-21,778221778221777;7,7120874990668185;1,0;0,7543999884354075;0,24560001156458897;1,0;;;;;
D_NIMO;1250,0;62,5;0,0;37,5;D_NIMO + FCC_A1;50,69279479201823;51,628513221422054;0,0;48,37148677857795;27,048523546215165;21,778221778221777;14,066075658984495;-21,778221778221777;7,712146119237296;0,9999999999999989;0,7544016298001814;0,24559837019981764;1,0;;;;;
D_NIMO;1250,0;60,0;0,0;40,0;D_NIMO + FCC_A1;62,03116958169114;51,62841959453449;0,0;48,3715804054655;27,04850155277358;21,778221778221777;14,065982032096933;-21,778221778221777;7,712239746124844;1,0;0,7544042513530368;0,24559574864696682;0,999999999999997;;;;;
D_NIMO;1250,0;57,5;0,0;42,5;D_NIMO + FCC_A1;73,3691828281412;51,62824625553749;0,0;48,37175374446252;27,048460836207624;21,778221778221777;14,065808693099932;-21,778221778221777;7,7124130851218595;1,0;0,7544091048449506;0,24559089515504945;0,9999999999999994;;;;;
D_NIMO;1250,0;55,0;0,0;45,0;D_NIMO + FCC_A1;84,70603082479954;51,627816007331866;0,0;48,372183992668134;27,048359782137712;21,778221778221777;14,065378444894307;-21,778221778221777;7,712843333327477;1,0;0,7544211517947076;0,24557884820529155;0,999999999999999;;;;;
D_NIMO;1250,0;52,5;0,0;47,5;D_NIMO + FCC_A1;96,03175312639435;51,624932799146706;0,0;48,37506720085329;27,04768293527716;21,778221778221777;14,062495236709147;-21,778221778221777;7,71572654151263;1,0;0,754501881623894;0,24549811837610955;0,9999999999999994;;;;;
D_NIMO;1250,0;50,0;0,0;50,0;D_NIMO + FCC_A1;99,99257435542371;49,99825631708202;0,0;50,00174368291799;26,76230606982005;21,778221778221777;12,435818754644458;-21,778221778221777;9,342403023577333;0,9999999999999994;0,8000488231217028;0,1999511768782964;1,0;;;;;
D_NIMO;1250,0;47,5;0,0;52,5;BCC_B2 + D_NIMO;99,65337518488016;47,66039699636656;0,0;52,33960300363344;26,69622177354303;21,778221778221777;10,097959433928999;-21,778221778221777;11,680262344292785;1,0;0,8655088841017368;0,13449111589826387;0,9999999999999996;;;;;
D_NIMO;1250,0;45,0;0,0;55,0;BCC_B2 + D_NIMO;94,26565634616848;47,654930954538;0,0;52,345069045462;26,69654686668683;21,778221778221777;10,092493392100444;-21,778221778221777;11,68572838612134;0,9999999999999997;0,8656619332729353;0,13433806672706364;1,0;;;;;
D_NIMO;1250,0;42,5;0,0;57,5;BCC_B2 + D_NIMO;88,86649989866643;47,654760553882376;0,0;52,34523944611762;26,696557037188416;21,778221778221777;10,092322991444817;-21,778221778221777;11,68589878677696;1,0;0,8656667044912932;0,13433329550870637;1,0;;;;;
D_NIMO;1250,0;40,0;0,0;60,0;BCC_B2 + D_NIMO;83,46710298049769;47,654701452060095;0,0;52,3452985479399;26,696560565235874;21,778221778221777;10,092263889622537;-21,778221778221777;11,68595788859924;1,0;0,8656683593423172;0,13433164065768274;1,0;;;;;
D_NIMO;1250,0;37,5;0,0;62,5;BCC_B2 + D_NIMO;78,06764330043976;47,65467145049697;0,0;52,34532854950304;26,696562356260966;21,778221778221777;10,092233888059411;-21,778221778221777;11,68598789016238;0,9999999999999993;0,8656691993860841;0,1343308006139152;1,0;;;;;
D_NIMO;1250,0;35,0;0,0;65,0;BCC_B2 + D_NIMO;72,66815795120306;47,6546533028702;0,0;52,3453466971298;26,696563439665674;21,778221778221777;10,092215740432643;-21,778221778221777;11,686006037789141;1,0;0,8656697075196347;0,13433029248036557;0,9999999999999998;;;;;
D_NIMO;1250,0;32,5;0,0;67,5;BCC_B2 + D_NIMO;67,26865962058028;47,65464114265994;0,0;52,34535885734006;26,696564165638243;21,778221778221777;10,092203580222382;-21,778221778221777;11,686018197999402;0,999999999999999;0,8656700480055207;0,13432995199447884;1,0;;;;;
D_NIMO;1250,0;30,0;0,0;70,0;BCC_B2 + D_NIMO;61,86915381807591;47,65463242645624;0,0;52,34536757354376;26,696564686008156;21,778221778221777;10,09219486401868;-21,778221778221777;11,686026914203104;1,0;0,8656702920592254;0,1343297079407746;0,9999999999999998;;;;;
D_NIMO;1250,0;27,5;0,0;72,5;BCC_B2 + D_NIMO;56,469643317711785;47,65462587258041;0,0;52,345374127419596;26,696565077287723;21,778221778221777;10,092188310142852;-21,778221778221777;11,68603346807894;1,0;0,8656704755677482;0,13432952443225113;1,0;;;;;
D_NIMO;1250,0;25,0;0,0;75,0;BCC_B2 + D_NIMO;51,070129629160846;47,654620765122196;0,0;52,3453792348778;26,696565382215468;21,778221778221777;10,092183202684637;-21,778221778221777;11,68603857553714;1,0;0,865670618576579;0,1343293814234216;0,9999999999999992;;;;;
D_NIMO;1250,0;22,5;0,0;77,5;BCC_B2 + D_NIMO;45,6706137146362;47,65461667306496;0,0;52,345383326935035;26,696565626522705;21,778221778221777;10,092179110627399;-21,778221778221777;11,686042667594378;1,0;0,8656707331541809;0,13432926684581853;0,9999999999999999;;;;;
D_NIMO;1250,0;20,0;0,0;80,0;BCC_B2 + D_NIMO;40,27109613704674;47,65461332059431;0,0;52,34538667940569;26,696565826675496;21,778221778221777;10,092175758156749;-21,778221778221777;11,686046020065035;1,0;0,8656708270233593;0,13432917297664065;1,0;;;;;
D_NIMO;1250,0;17,5;0,0;82,5;BCC_B2 + D_NIMO;34,87157730018095;47,65461052410732;0,0;52,34538947589268;26,696565993634994;21,778221778221777;10,09217296166976;-21,778221778221777;11,686048816552024;1,0;0,8656709053249951;0,13432909467500484;0,9999999999999999;;;;;
D_NIMO;1250,0;70,0;2,5;27,5;D_NIMO + FCC_A1;3,165748489568558;48,96877680178091;0,0;51,03122319821909;26,68279344567747;21,778221778221777;11,406339239343353;-21,778221778221777;10,371882538878431;1,0;0,8288742495501343;0,17112575044986525;1,0;;;;;
D_NIMO;1250,0;67,5;2,5;30,0;D_NIMO + FCC_A1;13,138991533426164;48,76017689096673;0,0;51,23982310903328;26,676336306909835;21,778221778221777;11,197739328529174;-21,778221778221777;10,580482449692624;0,9999999999999988;0,8347150470529306;0,16528495294706894;1,0;;;;;
D_NIMO;1250,0;65,0;2,5;32,5;D_NIMO + FCC_A1;22,906836594652795;48,518986559367725;0,0;51,48101344063229;26,672935937554623;21,778221778221777;10,956548996930167;-21,778221778221777;10,821672781291632;0,9999999999999994;0,8414683763377033;0,15853162366229626;1,0;;;;;
D_NIMO;1250,0;62,5;2,5;35,0;D_NIMO + FCC_A1;32,4237911578191;48,23780563135419;0,0;51,76219436864581;26,6744782089264;21,778221778221777;10,675368068916633;-21,778221778221777;11,102853709305151;1,0;0,8493414423220839;0,15065855767791797;0,999999999999999;;;;;
D_NIMO;1250,0;60,0;2,5;37,5;BCC_B2 + D_NIMO + FCC_A1;41,15620157974815;47,92098196579887;0,0;52,07901803420113;26,683317209892053;21,778221778221777;10,358544403361314;-21,778221778221777;11,41967737486047;1,0;0,8582125049576321;0,1417874950423688;0,9999999999999998;;;;;
D_NIMO;1250,0;57,5;2,5;40,0;D_NIMO + FCC_A1 + MU_PHASE;12,519255862331494;47,761061034440985;0,0;52,238938965559015;26,690634340129265;21,778221778221777;10,198623472003426;-21,778221778221777;11,579598306218358;1,0;0,8626902910356529;0,13730970896434785;0,9999999999999999;;;;;
D_NIMO;1250,0;55,0;2,5;42,5;BCC_B2 + D_NIMO + FCC_A1;34,48705387143714;47,92098196580184;0,0;52,07901803419815;26,683317209891932;21,778221778221777;10,358544403364284;-21,778221778221777;11,419677374857493;0,9999999999999997;0,8582125049575483;0,14178749504245175;0,9999999999999997;;;;;
D_NIMO;1250,0;52,5;2,5;45,0;BCC_B2 + D_NIMO + FCC_A1;31,152480027029405;47,92098196580313;0,0;52,07901803419688;26,683317209891886;21,778221778221777;10,35854440336557;-21,778221778221777;11,41967737485622;0,9999999999999997;0,8582125049575127;0,1417874950424878;0,9999999999999994;;;;;
D_NIMO;1250,0;50,0;2,5;47,5;BCC_B2 + D_NIMO + FCC_A1;27,817905693855927;47,92098196579652;0,0;52,07901803420348;26,68331720989215;21,778221778221777;10,358544403358962;-21,778221778221777;11,419677374862822;1,0;0,8582125049576974;0,14178749504230256;0,9999999999999999;;;;;
D_NIMO;1250,0;47,5;2,5;50,0;BCC_B2 + D_NIMO + FCC_A1;24,483335248283904;47,92098196579865;0,0;52,07901803420134;26,683317209892056;21,778221778221777;10,358544403361094;-21,778221778221777;11,419677374860683;1,0;0,8582125049576376;0,1417874950423624;0,9999999999999999;;;;;
D_NIMO;1250,0;45,0;2,5;52,5;BCC_B2 + D_NIMO + FCC_A1;21,14875989084274;47,920981965800216;0,0;52,07901803419978;26,683317209891996;21,778221778221777;10,358544403362657;-21,778221778221777;11,41967737485912;0,9999999999999991;0,858212504957593;0,14178749504240645;1,0;;;;;
D_NIMO;1250,0;42,5;2,5;55,0;BCC_B2 + D_NIMO + FCC_A1;17,814186330194154;47,920981965800344;0,0;52,07901803419966;26,683317209891996;21,778221778221777;10,358544403362785;-21,778221778221777;11,419677374859006;1,0;0,8582125049575907;0,14178749504240973;0,9999999999999998;;;;;
D_NIMO;1250,0;40,0;2,5;57,5;BCC_B2 + D_NIMO + FCC_A1;14,479612397263239;47,920981965798234;0,0;52,07901803420177;26,68331720989208;21,778221778221777;10,358544403360675;-21,778221778221777;11,419677374861116;1,0;0,8582125049576498;0,1417874950423507;1,0;;;;;
D_NIMO;1250,0;37,5;2,5;60,0;BCC_B2 + D_NIMO + FCC_A1;11,145041765179805;47,920981965797104;0,0;52,0790180342029;26,683317209892127;21,778221778221777;10,358544403359545;-21,778221778221777;11,419677374862246;0,9999999999999997;0,8582125049576804;0,14178749504231822;1,0;;;;;
D_NIMO;1250,0;35,0;2,5;62,5;BCC_B2 + D_NIMO + FCC_A1;7,810468624213236;47,92098196579853;0,0;52,079018034201475;26,683317209892067;21,778221778221777;10,358544403360973;-21,778221778221777;11,419677374860818;1,0;0,8582125049576413;0,14178749504235863;0,9999999999999994;;;;;
D_NIMO;1250,0;32,5;2,5;65,0;BCC_B2 + D_NIMO + FCC_A1;4,475893246744427;47,920981965801936;0,0;52,079018034198064;26,683317209891932;21,778221778221777;10,358544403364377;-21,778221778221777;11,419677374857407;0,9999999999999994;0,8582125049575452;0,14178749504245441;1,0;;;;;
D_NIMO;1250,0;30,0;2,5;67,5;BCC_B2 + D_NIMO + FCC_A1;1,1413208954088725;47,92098196579891;0,0;52,0790180342011;26,683317209892053;21,778221778221777;10,35854440336135;-21,778221778221777;11,419677374860441;1,0;0,8582125049576315;0,14178749504236948;0,9999999999999994;;;;;
MU_PHASE;1250,0;57,5;2,5;40,0;D_NIMO + FCC_A1 + MU_PHASE;51,94122670419633;52,46961552960489;1,6941926676332202;45,836191802761896;25,541964842605775;20,084029110588556;14,907177967167328;-20,084029110588556;5,1768511434212385;0,9548453114021417;1,0;;0,9605884718286026;;0,0051283184129862;0,034283209758411023;0,028533110448624832;0,016621578149233575
P_PHASE;700,0;70,0;17,5;12,5;FCC_A1 + P_PHASE;3,365985543618789;42,33834847652018;36,233080094908395;21,428571428571427;24,527020594068052;19,23076923076923;4,775910914082623;14,454858316686618;-19,23076923076923;0,9878947977854708;;;0,9999999999999999;1,0;;;0,012105202214529103;
P_PHASE;700,0;67,5;17,5;15,0;FCC_A1 + P_PHASE;9,638817799829534;42,38250121113961;36,188927360288965;21,42857142857143;24,509670217235925;19,230769230769226;4,820063648702053;14,410705582067187;-19,230769230769226;0,9889250282599242;;;1,0;1,0;;;0,011074971740075731;
P_PHASE;700,0;65,0;17,5;17,5;FCC_A1 + P_PHASE + SIGMA;8,426243569663946;42,38564543248187;36,185783138946704;21,428571428571427;24,508440254896104;19,23076923076923;4,823207870044314;14,407561360724927;-19,23076923076923;0,988998393424577;;;0,9999999999999999;1,0;;;0,011001606575423026;
P_PHASE;700,0;62,5;17,5;20,0;FCC_A1 + P_PHASE + SIGMA;6,5639766506369615;42,38564543248187;36,185783138946704;21,42857142857143;24,508440254896104;19,230769230769226;4,823207870044314;14,407561360724927;-19,230769230769226;0,988998393424577;;;1,0;1,0;;;0,011001606575423024;
P_PHASE;700,0;60,0;17,5;22,5;FCC_A1 + P_PHASE + SIGMA;4,701709731290986;42,38564543248188;36,1857831389467;21,42857142857143;24,5084402548961;19,230769230769226;4,823207870044321;14,40756136072492;-19,230769230769226;0,9889983934245771;;;1,0;1,0;;;0,01100160657542296;
P_PHASE;700,0;57,5;17,5;25,0;FCC_A1 + P_PHASE + SIGMA;2,839442808049068;42,38564543248187;36,185783138946704;21,42857142857143;24,508440254896104;19,230769230769226;4,823207870044314;14,407561360724927;-19,230769230769226;0,988998393424577;;;1,0;1,0;;;0,01100160657542306;
P_PHASE;700,0;55,0;17,5;27,5;FCC_A1 + P_PHASE + SIGMA;0,9771758896446187;42,38564543248187;36,185783138946704;21,42857142857143;24,508440254896104;19,230769230769226;4,823207870044314;14,407561360724927;-19,230769230769226;0,988998393424577;;;1,0;1,0;;;0,011001606575422993;
P_PHASE;700,0;70,0;20,0;10,0;FCC_A1 + P_PHASE;4,987723417979542;42,23505830261286;36,33637026881572;21,42857142857143;24,568181806206162;19,230769230769226;4,672620740175304;14,558148490593943;-19,230769230769226;0,9854846937276334;;;1,0;0,9999999999999999;;;0,014515306272366645;
P_PHASE;700,0;67,5;20,0;12,5;FCC_A1 + P_PHASE;12,885254568949891;42,30857025596795;36,262858315460626;21,42857142857143;24,53880511287404;19,230769230769226;4,746132693530392;14,484636537238849;-19,230769230769226;0,9871999726392521;;;1,0;1,0;;;0,01280002736074791;
P_PHASE;700,0;65,0;20,0;15,0;FCC_A1 + P_PHASE;19,665879534969804;42,36660934642889;36,204819224999696;21,428571428571427;24,515898221941168;19,23076923076923;4,804171783991329;14,426597446777919;-19,23076923076923;0,9885542180833405;;;0,9999999999999999;1,0;;;0,011445781916659388;
P_PHASE;700,0;62,5;20,0;17,5;FCC_A1 + P_PHASE + SIGMA;21,069569138555444;42,385645432481844;36,18578313894673;21,42857142857143;24,508440254896115;19,230769230769226;4,8232078700442855;14,407561360724955;-19,230769230769226;0,9889983934245763;;;1,0;1,0;;;0,011001606575423662;
P_PHASE;700,0;60,0;20,0;20,0;FCC_A1 + P_PHASE + SIGMA;19,20730221820257;42,38564543248187;36,185783138946704;21,42857142857143;24,508440254896104;19,230769230769226;4,823207870044314;14,407561360724927;-19,230769230769226;0,988998393424577;;;1,0;1,0;;;0,011001606575422991;
P_PHASE;700,0;57,5;20,0;22,5;FCC_A1 + P_PHASE + SIGMA;17,345035297534338;42,38564543248187;36,1857831389467;21,42857142857143;24,508440254896097;19,230769230769226;4,823207870044314;14,40756136072492;-19,230769230769226;0,988998393424577;;;1,0;1,0;;;0,011001606575422956;
P_PHASE;700,0;55,0;20,0;25,0;FCC_A1 + P_PHASE + SIGMA;15,482768377641062;42,38564543248187;36,1857831389467;21,42857142857143;24,508440254896097;19,230769230769226;4,823207870044314;14,40756136072492;-19,230769230769226;0,988998393424577;;;1,0;1,0;;;0,011001606575422963;
P_PHASE;700,0;52,5;20,0;27,5;FCC_A1 + P_PHASE + SIGMA;13,620501457345425;42,385645432481866;36,185783138946704;21,42857142857143;24,5084402548961;19,230769230769226;4,823207870044307;14,407561360724927;-19,230769230769226;0,9889983934245768;;;1,0;1,0;;;0,011001606575423059;
P_PHASE;700,0;50,0;20,0;30,0;FCC_A1 + P_PHASE + SIGMA;11,758234534734322;42,38564543248187;36,185783138946704;21,428571428571427;24,508440254896104;19,23076923076923;4,823207870044314;14,407561360724927;-19,23076923076923;0,988998393424577;;;0,9999999999999999;1,0;;;0,011001606575423003;
P_PHASE;700,0;47,5;20,0;32,5;FCC_A1 + P_PHASE + SIGMA;9,895967612875896;42,385645432481866;36,185783138946704;21,42857142857143;24,5084402548961;19,230769230769226;4,823207870044307;14,407561360724927;-19,230769230769226;0,9889983934245768;;;1,0;0,9999999999999999;;;0,011001606575423118;
P_PHASE;700,0;45,0;20,0;35,0;FCC_A1 + P_PHASE + SIGMA;8,033700694919345;42,38564543248187;36,185783138946704;21,42857142857143;24,508440254896104;19,230769230769226;4,823207870044314;14,407561360724927;-19,230769230769226;0,988998393424577;;;1,0;1,0;;;0,011001606575423036;
P_PHASE;700,0;42,5;20,0;37,5;FCC_A1 + P_PHASE + SIGMA;6,17143377686977;42,38564543248187;36,185783138946704;21,42857142857143;24,508440254896104;19,230769230769226;4,823207870044314;14,407561360724927;-19,230769230769226;0,988998393424577;;;1,0;1,0;;;0,011001606575423003;
P_PHASE;700,0;40,0;20,0;40,0;FCC_A1 + P_PHASE + SIGMA;4,309166855351018;42,38564543248187;36,185783138946704;21,428571428571427;24,508440254896104;19,23076923076923;4,823207870044314;14,407561360724927;-19,23076923076923;0,988998393424577;;;0,9999999999999999;1,0;;;0,011001606575423086;
P_PHASE;700,0;37,5;20,0;42,5;FCC_A1 + P_PHASE + SIGMA;2,4468999305381325;42,38564543248188;36,1857831389467;21,428571428571427;24,508440254896104;19,23076923076923;4,823207870044321;14,40756136072492;-19,23076923076923;0,9889983934245771;;;0,9999999999999999;1,0;;;0,011001606575422904;
P_PHASE;700,0;35,0;20,0;45,0;FCC_A1 + P_PHASE + SIGMA;0,5846330107576905;42,38564543248187;36,185783138946704;21,42857142857143;24,508440254896104;19,230769230769226;4,823207870044314;14,407561360724927;-19,230769230769226;0,988998393424577;;;1,0;1,0;;;0,011001606575423034;
P_PHASE;700,0;70,0;22,5;7,5;FCC_A1 + P_PHASE;3,655033444638601;42,05707528650133;36,514353284927246;21,42857142857143;24,64097857757673;19,230769230769226;4,494637724063772;14,736131506705469;-19,230769230769226;0,9813317566850309;;;1,0;0,9999999999999999;;;0,01866824331496911;
P_PHASE;700,0;67,5;22,5;10,0;FCC_A1 + P_PHASE;13,333924587264006;42,165580351677924;36,405848219750645;21,428571428571427;24,596318099629276;19,23076923076923;4,603142789240366;14,627626441528868;-19,23076923076923;0,9838635415391516;;;1,0;1,0;;;0,01613645846084847;
P_PHASE;700,0;65,0;22,5;12,5;FCC_A1 + P_PHASE;22,01747483413235;42,26259699249798;36,308831578930594;21,42857142857143;24,557129413991802;19,230769230769226;4,700159430060424;14,530609800708817;-19,230769230769226;0,9861272631582861;;;1,0;1,0;;;0,01387273684171385;
P_PHASE;700,0;62,5;22,5;15,0;FCC_A1 + P_PHASE;29,477187947798246;42,34155191802593;36,22987665340264;21,42857142857143;24,52575682547289;19,230769230769226;4,779114355588369;14,451654875180864;-19,230769230769226;0,9879695447539383;;;1,0;1,0;;;0,012030455246061635;
P_PHASE;700,0;60,0;22,5;17,5;FCC_A1 + P_PHASE + SIGMA;33,71289470315757;42,38564543248187;36,185783138946704;21,42857142857143;24,508440254896104;19,230769230769226;4,823207870044314;14,407561360724927;-19,230769230769226;0,988998393424577;;;1,0;1,0;;;0,011001606575422991;
P_PHASE;700,0;57,5;22,5;20,0;FCC_A1 + P_PHASE + SIGMA;31,850627782872;42,38564543248187;36,1857831389467;21,428571428571427;24,5084402548961;19,23076923076923;4,823207870044314;14,40756136072492;-19,23076923076923;0,9889983934245771;;;1,0;1,0;;;0,011001606575423017;
P_PHASE;700,0;55,0;22,5;22,5;FCC_A1 + P_PHASE + SIGMA;29,988360865516;42,38564543248187;36,1857831389467;21,42857142857143;24,508440254896097;19,230769230769226;4,823207870044314;14,40756136072492;-19,230769230769226;0,988998393424577;;;1,0;0,9999999999999999;;;0,011001606575423041;
P_PHASE;700,0;52,5;22,5;25,0;FCC_A1 + P_PHASE + SIGMA;28,126093943092613;42,385645432481866;36,1857831389467;21,42857142857143;24,508440254896097;19,230769230769226;4,823207870044307;14,40756136072492;-19,230769230769226;0,9889983934245768;;;1,0;0,9999999999999999;;;0,01100160657542307;
P_PHASE;700,0;50,0;22,5;27,5;FCC_A1 + P_PHASE + SIGMA;26,2638270213175;42,385645432481866;36,185783138946704;21,428571428571427;24,508440254896104;19,23076923076923;4,823207870044307;14,407561360724927;-19,23076923076923;0,988998393424577;;;1,0;1,0;;;0,011001606575423116;
P_PHASE;700,0;47,5;22,5;30,0;FCC_A1 + P_PHASE + SIGMA;24,40156010238506;42,38564543248187;36,185783138946704;21,428571428571427;24,508440254896104;19,23076923076923;4,823207870044314;14,407561360724927;-19,23076923076923;0,988998393424577;;;0,9999999999999999;1,0;;;0,011001606575422988;
P_PHASE;700,0;45,0;22,5;32,5;FCC_A1 + P_PHASE + SIGMA;22,5392931846789;42,38564543248187;36,1857831389467;21,42857142857143;24,508440254896097;19,230769230769226;4,823207870044314;14,40756136072492;-19,230769230769226;0,988998393424577;;;1,0;1,0;;;0,01100160657542293;
P_PHASE;700,0;42,5;22,5;35,0;FCC_A1 + P_PHASE + SIGMA;20,67702625866445;42,38564543248188;36,1857831389467;21,42857142857143;24,5084402548961;19,230769230769226;4,823207870044321;14,40756136072492;-19,230769230769226;0,9889983934245771;;;1,0;0,9999999999999999;;;0,01100160657542303;
P_PHASE;700,0;40,0;22,5;37,5;FCC_A1 + P_PHASE + SIGMA;18,814759339343603;42,38564543248187;36,18578313894671;21,428571428571427;24,508440254896108;19,23076923076923;4,823207870044314;14,407561360724934;-19,23076923076923;0,988998393424577;;;0,9999999999999999;1,0;;;0,011001606575422972;
P_PHASE;700,0;37,5;22,5;40,0;FCC_A1 + P_PHASE + SIGMA;16,9524924214952;42,38564543248188;36,18578313894669;21,428571428571423;24,5084402548961;19,230769230769234;4,823207870044321;14,407561360724912;-19,230769230769234;0,9889983934245772;;;0,9999999999999999;1,0;;;0,011001606575422864;
P_PHASE;700,0;35,0;22,5;42,5;FCC_A1 + P_PHASE + SIGMA;15,09022549722272;42,385645432481866;36,185783138946704;21,42857142857143;24,5084402548961;19,230769230769226;4,823207870044307;14,407561360724927;-19,230769230769226;0,9889983934245768;;;1,0;1,0;;;0,011001606575423067;
P_PHASE;700,0;32,5;22,5;45,0;FCC_A1 + P_PHASE + SIGMA;13,227958583576438;42,38564543248187;36,1857831389467;21,428571428571427;24,5084402548961;19,23076923076923;4,823207870044314;14,40756136072492;-19,23076923076923;0,9889983934245771;;;1,0;1,0;;;0,011001606575422982;
P_PHASE;700,0;30,0;22,5;47,5;P_PHASE + SIGMA;7,1235233209023665;42,2700884908797;36,301340080548876;21,42857142857143;24,554132599107447;19,230769230769226;4,707650928442142;14,523118302327099;-19,230769230769226;0,9863020647871928;;;1,0;1,0;;;0,013697935212807115;
P_PHASE;700,0;67,5;25,0;7,5;FCC_A1 + P_PHASE;10,341818760114844;41,92086362415899;36,65056494726958;21,428571428571423;24,69827836673067;19,230769230769234;4,358426061721431;14,872343169047802;-19,230769230769234;0,9781534845637098;;;0,9999999999999999;1,0;;;0,021846515436290206;
P_PHASE;700,0;65,0;25,0;10,0;FCC_A1 + P_PHASE;20,904075681636655;42,057902192458876;36,513526378969694;21,428571428571423;24,640634917219483;19,230769230769234;4,495464630021317;14,735304600747916;-19,230769230769234;0,9813510511573739;;;0,9999999999999999;1,0;;;0,01864894884262617;
P_PHASE;700,0;62,5;25,0;12,5;FCC_A1 + P_PHASE;30,55104701661805;42,18770533160212;36,38372323982645;21,428571428571427;24,58731909111909;19,23076923076923;4,625267769164559;14,605501461604675;-19,23076923076923;0,984379791070716;;;1,0;1,0;;;0,01562020892928396;
P_PHASE;700,0;60,0;25,0;15,0;FCC_A1 + P_PHASE;38,92889048147111;42,29909609737585;36,27233247405272;21,428571428571427;24,542568409738728;19,23076923076923;4,736658534938293;14,49411069583094;-19,23076923076923;0,9869789089387699;;;1,0;1,0;;;0,01302109106123019;
P_PHASE;700,0;57,5;25,0;17,5;FCC_A1 + P_PHASE;45,71327604410717;42,380499242646096;36,19092932878248;21,42857142857143;24,51045373915758;19,230769230769226;4,818061680208537;14,412707550560704;-19,230769230769226;0,9888783156617421;;;1,0;1,0;;;0,011121684338257828;
P_PHASE;700,0;55,0;25,0;20,0;FCC_A1 + P_PHASE + SIGMA;44,49395334859647;42,38564543248187;36,185783138946704;21,42857142857143;24,508440254896104;19,230769230769226;4,823207870044314;14,407561360724927;-19,230769230769226;0,988998393424577;;;1,0;1,0;;;0,011001606575423043;
P_PHASE;700,0;52,5;25,0;22,5;FCC_A1 + P_PHASE + SIGMA;42,63168642844069;42,38564543248187;36,185783138946704;21,42857142857143;24,508440254896104;19,230769230769226;4,823207870044314;14,407561360724927;-19,230769230769226;0,988998393424577;;;1,0;1,0;;;0,011001606575423045;
P_PHASE;700,0;50,0;25,0;25,0;FCC_A1 + P_PHASE + SIGMA;40,769419507576885;42,38564543248187;36,185783138946704;21,42857142857143;24,508440254896104;19,230769230769226;4,823207870044314;14,407561360724927;-19,230769230769226;0,988998393424577;;;1,0;1,0;;;0,011001606575423064;
P_PHASE;700,0;47,5;25,0;27,5;FCC_A1 + P_PHASE + SIGMA;38,907152588680205;42,38564543248187;36,185783138946704;21,42857142857143;24,508440254896104;19,230769230769226;4,823207870044314;14,407561360724927;-19,230769230769226;0,988998393424577;;;1,0;1,0;;;0,011001606575423054;
P_PHASE;700,0;45,0;25,0;30,0;FCC_A1 + P_PHASE + SIGMA;37,044885667472414;42,385645432481866;36,185783138946704;21,42857142857143;24,5084402548961;19,230769230769226;4,823207870044307;14,407561360724927;-19,230769230769226;0,9889983934245768;;;1,0;1,0;;;0,011001606575423071;
P_PHASE;700,0;42,5;25,0;32,5;FCC_A1 + P_PHASE + SIGMA;35,18261874721508;42,38564543248187;36,18578313894671;21,428571428571427;24,508440254896108;19,23076923076923;4,823207870044314;14,407561360724934;-19,23076923076923;0,988998393424577;;;0,9999999999999999;1,0;;;0,011001606575422972;
P_PHASE;700,0;40,0;25,0;35,0;FCC_A1 + P_PHASE + SIGMA;33,32035182282006;42,38564543248187;36,185783138946704;21,42857142857143;24,508440254896104;19,230769230769226;4,823207870044314;14,407561360724927;-19,230769230769226;0,988998393424577;;;1,0;1,0;;;0,011001606575422974;
P_PHASE;700,0;37,5;25,0;37,5;FCC_A1 + P_PHASE + SIGMA;31,458084906938392;42,38564543248188;36,1857831389467;21,428571428571427;24,508440254896104;19,23076923076923;4,823207870044321;14,40756136072492;-19,23076923076923;0,9889983934245771;;;0,9999999999999999;1,0;;;0,011001606575422885;
P_PHASE;700,0;35,0;25,0;40,0;FCC_A1 + P_PHASE + SIGMA;29,59581798632844;42,38564543248187;36,185783138946704;21,42857142857143;24,508440254896104;19,230769230769226;4,823207870044314;14,407561360724927;-19,230769230769226;0,988998393424577;;;1,0;1,0;;;0,011001606575423022;
P_PHASE;700,0;32,5;25,0;42,5;P_PHASE + SIGMA;25,373410376261813;42,30977170978639;36,26165686164218;21,428571428571427;24,538328356457736;19,23076923076923;4,74733414734883;14,483435083420403;-19,23076923076923;0,9872280065616825;;;1,0;1,0;;;0,01277199343831749;
P_PHASE;700,0;30,0;25,0;45,0;P_PHASE + SIGMA;11,45158207127255;41,9133733968062;36,658055174622376;21,428571428571427;24,701468979526954;19,23076923076923;4,3509358343686415;14,879833396400599;-19,23076923076923;0,9779787125921447;;;1,0;1,0;;;0,02202128740785535;
P_PHASE;700,0;67,5;27,5;5,0;FCC_A1 + P_PHASE;4,107425101649645;41,56427832906585;37,00715024236273;21,42857142857143;24,85472745564656;19,230769230769226;4,001840766628291;15,22892846414095;-19,230769230769226;0,9698331610115364;;;1,0;1,0;;;0,030166838988463573;
P_PHASE;700,0;65,0;27,5;7,5;FCC_A1 + P_PHASE;15,97344852871257;41,71996219560719;36,85146637582139;21,42857142857143;24,785281902402858;19,230769230769226;4,157524633169629;15,073244597599611;-19,230769230769226;0,9734657845641675;;;1,0;1,0;;;0,026534215435832436;
P_PHASE;700,0;62,5;27,5;10,0;FCC_A1 + P_PHASE;27,414416766494952;41,88727473737654;36,68415383405203;21,42857142857143;24,71261848226251;19,230769230769226;4,324837174938985;14,905932055830256;-19,230769230769226;0,9773697438721193;;;1,0;0,9999999999999999;;;0,022630256127880784;
P_PHASE;700,0;60,0;27,5;12,5;FCC_A1 + P_PHASE;38,15434803286289;42,05915636273152;36,51227220869705;21,42857142857143;24,640113783499583;19,230769230769226;4,496718800293962;14,734050430475271;-19,230769230769226;0,981380315130402;;;1,0;0,9999999999999999;;;0,018619684869597936;
P_PHASE;700,0;57,5;27,5;15,0;FCC_A1 + P_PHASE;47,74523036884703;42,22053583971997;36,350892731708605;21,42857142857143;24,574033113970536;19,230769230769226;4,658098277282413;14,572670953486828;-19,230769230769226;0,9851458362601325;;;1,0;0,9999999999999999;;;0,014854163739867516;
P_PHASE;700,0;55,0;27,5;17,5;FCC_A1 + P_PHASE;55,595806424794084;42,3481821214233;36,22324645000527;21,42857142857143;24,523143639415316;19,230769230769226;4,785744558985741;14,445024671783493;-19,230769230769226;0,988124249499877;;;1,0;1,0;;;0,011875750500122996;
P_PHASE;700,0;52,5;27,5;20,0;FCC_A1 + P_PHASE + SIGMA;57,13727891438584;42,38564543248187;36,1857831389467;21,428571428571427;24,5084402548961;19,23076923076923;4,823207870044314;14,40756136072492;-19,23076923076923;0,9889983934245771;;;1,0;1,0;;;0,011001606575422982;
P_PHASE;700,0;50,0;27,5;22,5;FCC_A1 + P_PHASE + SIGMA;55,27501199260346;42,38564543248187;36,1857831389467;21,42857142857143;24,508440254896097;19,230769230769226;4,823207870044314;14,40756136072492;-19,230769230769226;0,988998393424577;;;1,0;1,0;;;0,011001606575422908;
P_PHASE;700,0;47,5;27,5;25,0;FCC_A1 + P_PHASE + SIGMA;53,41274507563926;42,385645432481866;36,18578313894671;21,428571428571427;24,508440254896108;19,23076923076923;4,823207870044307;14,407561360724934;-19,23076923076923;0,9889983934245768;;;0,9999999999999999;1,0;;;0,011001606575423076;
P_PHASE;700,0;45,0;27,5;27,5;FCC_A1 + P_PHASE + SIGMA;51,550478154386816;42,38564543248187;36,1857831389467;21,428571428571423;24,508440254896104;19,230769230769234;4,823207870044314;14,40756136072492;-19,230769230769234;0,9889983934245771;;;0,9999999999999999;1,0;;;0,011001606575422988;
P_PHASE;700,0;42,5;27,5;30,0;FCC_A1 + P_PHASE + SIGMA;49,688211234787246;42,38564543248187;36,1857831389467;21,42857142857143;24,508440254896097;19,230769230769226;4,823207870044314;14,40756136072492;-19,230769230769226;0,988998393424577;;;1,0;0,9999999999999999;;;0,01100160657542297;
P_PHASE;700,0;40,0;27,5;32,5;FCC_A1 + P_PHASE + SIGMA;47,82594431349331;42,38564543248187;36,1857831389467;21,42857142857143;24,508440254896097;19,230769230769226;4,823207870044314;14,40756136072492;-19,230769230769226;0,988998393424577;;;1,0;0,9999999999999999;;;0,011001606575423003;
P_PHASE;700,0;37,5;27,5;35,0;FCC_A1 + P_PHASE + SIGMA;45,96367739305596;42,38564543248187;36,1857831389467;21,42857142857143;24,508440254896097;19,230769230769226;4,823207870044314;14,40756136072492;-19,230769230769226;0,988998393424577;;;1,0;0,9999999999999999;;;0,011001606575422996;
P_PHASE;700,0;35,0;27,5;37,5;P_PHASE + SIGMA;43,51621694557498;42,36266182511111;36,208766746317465;21,42857142857143;24,51744820031832;19,230769230769226;4,800224262673552;14,430544968095688;-19,230769230769226;0,9884621092525925;;;1,0;1,0;;;0,011537890747407518;
P_PHASE;700,0;32,5;27,5;40,0;P_PHASE + SIGMA;30,122203645103653;41,90241622323606;36,66901234819251;21,42857142857143;24,706143846865622;19,230769230769226;4,339978660798501;14,890790569970733;-19,230769230769226;0,9777230452088413;;;1,0;0,9999999999999999;;;0,022276954791158553;
P_PHASE;700,0;30,0;27,5;42,5;P_PHASE + SIGMA;14,674013278991128;41,38672076109085;37,184707810337734;21,42857142857143;24,936067032481013;19,230769230769226;3,8242831986532906;15,406486032115957;-19,230769230769226;0,9656901510921196;;;1,0;1,0;;;0,03430984890788035;
P_PHASE;700,0;65,0;30,0;5,0;FCC_A1 + P_PHASE;8,055619136416643;41,26475445316238;37,30667411826619;21,428571428571427;24,993248441198627;19,23076923076923;3,7023168907248234;15,52845234004441;-19,23076923076923;0,962844270573789;;;1,0;1,0;;;0,037155729426211086;
P_PHASE;700,0;62,5;30,0;7,5;FCC_A1 + P_PHASE;20,435404485142957;41,42921188612588;37,1422166853027;21,42857142857143;24,916395573642752;19,230769230769226;3,8667743236883183;15,363994907080922;-19,230769230769226;0,9666816106762703;;;1,0;1,0;;;0,03331838932372957;
P_PHASE;700,0;60,0;30,0;10,0;FCC_A1 + P_PHASE;32,60462961236539;41,618214084404855;36,953214487023715;21,428571428571423;24,83046943002556;19,230769230769234;4,055776521967296;15,174992708801938;-19,230769230769234;0,9710916619694466;;;0,9999999999999999;1,0;;;0,028908338030553375;
P_PHASE;700,0;57,5;30,0;12,5;FCC_A1 + P_PHASE;44,38791375473301;41,83195304280188;36,7394755286267;21,42857142857143;24,736417716156403;19,230769230769226;4,269515480364319;14,961253750404921;-19,230769230769226;0,9760789043320438;;;1,0;1,0;;;0,023921095667956204;
P_PHASE;700,0;55,0;30,0;15,0;FCC_A1 + P_PHASE;55,40714241156692;42,06128489586715;36,51014367556142;21,428571428571427;24,63922960090113;19,23076923076923;4,498847333429595;14,731921897339646;-19,23076923076923;0,9814299809035668;;;0,9999999999999999;0,9999999999999999;;;0,018570019096433285;
P_PHASE;700,0;52,5;30,0;17,5;FCC_A1 + P_PHASE;64,87766571106867;42,273887628531845;36,29754094289673;21,428571428571423;24,552614442012036;19,230769230769234;4,711450066094287;14,519319164674954;-19,230769230769234;0,9863907113324097;;;0,9999999999999999;1,0;;;0,013609288667590288;
P_PHASE;700,0;50,0;30,0;20,0;FCC_A1 + P_PHASE + SIGMA;69,78060448313799;42,38564543248186;36,18578313894672;21,428571428571427;24,508440254896108;19,23076923076923;4,8232078700443;14,40756136072494;-19,23076923076923;0,9889983934245766;;;1,0;1,0;;;0,01100160657542329;
P_PHASE;700,0;47,5;30,0;22,5;FCC_A1 + P_PHASE + SIGMA;67,91833756465861;42,38564543248187;36,185783138946704;21,42857142857143;24,508440254896104;19,230769230769226;4,823207870044314;14,407561360724927;-19,230769230769226;0,988998393424577;;;1,0;1,0;;;0,01100160657542301;
P_PHASE;700,0;45,0;30,0;25,0;FCC_A1 + P_PHASE + SIGMA;66,05607064298299;42,38564543248187;36,1857831389467;21,428571428571423;24,508440254896104;19,230769230769234;4,823207870044314;14,40756136072492;-19,230769230769234;0,9889983934245771;;;0,9999999999999999;1,0;;;0,01100160657542301;
P_PHASE;700,0;42,5;30,0;27,5;FCC_A1 + P_PHASE + SIGMA;64,1938037196164;42,38564543248187;36,185783138946704;21,42857142857143;24,508440254896104;19,230769230769226;4,823207870044314;14,407561360724927;-19,230769230769226;0,988998393424577;;;1,0;1,0;;;0,011001606575423057;
P_PHASE;700,0;40,0;30,0;30,0;FCC_A1 + P_PHASE + SIGMA;62,33153679896505;42,38564543248187;36,1857831389467;21,428571428571427;24,5084402548961;19,23076923076923;4,823207870044314;14,40756136072492;-19,23076923076923;0,9889983934245771;;;1,0;1,0;;;0,011001606575422967;
P_PHASE;700,0;37,5;30,0;32,5;FCC_A1 + P_PHASE + SIGMA;60,46926988170498;42,38564543248188;36,1857831389467;21,42857142857143;24,5084402548961;19,230769230769226;4,823207870044321;14,40756136072492;-19,230769230769226;0,9889983934245771;;;1,0;0,9999999999999999;;;0,01100160657542296;
P_PHASE;700,0;35,0;30,0;35,0;P_PHASE + SIGMA;48,82126898389932;41,887186883327296;36,684241688101274;21,428571428571427;24,712656098634174;19,23076923076923;4,324749320889737;14,906019909879497;-19,23076923076923;0,9773676939443037;;;1,0;1,0;;;0,022632306055696334;
P_PHASE;700,0;32,5;30,0;37,5;P_PHASE + SIGMA;33,95795838304912;41,2799643103879;37,291464261040666;21,428571428571427;24,986059766589122;19,23076923076923;3,7175267479503447;15,513242482818889;-19,23076923076923;0,9631991672423845;;;1,0;1,0;;;0,03680083275761548;
P_PHASE;700,0;30,0;30,0;40,0;BCC_B2 + P_PHASE;73,5742568133399;40,744774406761586;37,826654164666984;21,428571428571423;25,248800665777104;19,230769230769234;3,182336844324027;16,048432386445207;-19,230769230769234;0,950711402824437;;;0,9999999999999999;1,0;;;0,049288597175563074;
P_PHASE;700,0;62,5;32,5;5,0;FCC_A1 + P_PHASE;11,072193277123697;40,872289360152486;37,69913921127609;21,42857142857143;25,184384368891568;19,230769230769226;3,309851797714927;15,920917433054314;-19,230769230769226;0,9536867517368913;;;1,0;1,0;;;0,046313248263108675;
P_PHASE;700,0;60,0;32,5;7,5;FCC_A1 + P_PHASE;23,762183962363395;41,025796908556515;37,545631662872054;21,428571428571423;25,108336417174627;19,230769230769234;3,4633593461189562;15,767409884650277;-19,230769230769234;0,9572685945329854;;;0,9999999999999999;1,0;;;0,04273140546701461;
P_PHASE;700,0;57,5;32,5;10,0;FCC_A1 + P_PHASE;36,391774528327545;41,21219793412446;37,35923063730411;21,428571428571427;25,018214825295566;19,23076923076923;3,6497603716869023;15,581008859082331;-19,23076923076923;0,9616179517962375;;;1,0;1,0;;;0,0383820482037625;
P_PHASE;700,0;55,0;32,5;12,5;FCC_A1 + P_PHASE;48,90459454572057;41,4418665407989;37,12956203062968;21,42857142857143;24,91056205609278;19,230769230769226;3,8794289783613394;15,351340252407901;-19,230769230769226;0,9669768859519743;;;1,0;1,0;;;0,03302311404802572;
P_PHASE;700,0;52,5;32,5;15,0;FCC_A1 + P_PHASE;61,15393661323385;41,726592302867516;36,84483626856105;21,428571428571423;24,782363529531388;19,230769230769234;4,164154740429957;15,066614490339276;-19,230769230769234;0,9736204870669087;;;0,9999999999999999;1,0;;;0,02637951293309134;
P_PHASE;700,0;50,0;32,5;17,5;FCC_A1 + P_PHASE;72,66654304127991;42,06569583125794;36,50573274017063;21,428571428571427;24,637398388976123;19,23076923076923;4,503258268820382;14,727510961948852;-19,23076923076923;0,981532902729352;;;1,0;1,0;;;0,018467097270647992;
P_PHASE;700,0;47,5;32,5;20,0;FCC_A1 + P_PHASE;81,74544786193496;42,37003028268383;36,20139828874475;21,42857142857143;24,514555954056497;19,230769230769226;4,807592720246269;14,423176510522971;-19,230769230769226;0,9886340399292891;;;1,0;0,9999999999999999;;;0,011365960070710852;
P_PHASE;700,0;45,0;32,5;22,5;FCC_A1 + P_PHASE + SIGMA;80,56166312817908;42,385645432481866;36,185783138946704;21,42857142857143;24,5084402548961;19,230769230769226;4,823207870044307;14,407561360724927;-19,230769230769226;0,9889983934245768;;;1,0;1,0;;;0,011001606575423073;
P_PHASE;700,0;42,5;32,5;25,0;FCC_A1 + P_PHASE + SIGMA;78,69939620701929;42,38564543248187;36,1857831389467;21,42857142857143;24,508440254896097;19,230769230769226;4,823207870044314;14,40756136072492;-19,230769230769226;0,988998393424577;;;1,0;0,9999999999999999;;;0,011001606575423003;
P_PHASE;700,0;40,0;32,5;27,5;FCC_A1 + P_PHASE + SIGMA;76,83712933070966;42,385645432481866;36,185783138946704;21,428571428571427;24,508440254896104;19,23076923076923;4,823207870044307;14,407561360724927;-19,23076923076923;0,988998393424577;;;1,0;1,0;;;0,011001606575423137;
P_PHASE;700,0;37,5;32,5;30,0;P_PHASE + SIGMA;67,56993530160118;41,86467699432159;36,70675157710698;21,42857142857143;24,722312822480056;19,230769230769226;4,302239431884033;14,9285297988852;-19,230769230769226;0,9768424632008371;;;1,0;0,9999999999999999;;;0,0231575367991629;
P_PHASE;700,0;35,0;32,5;32,5;P_PHASE + SIGMA;53,5900390102111;41,133627818032856;37,43780075339571;21,428571428571427;25,055903470608857;19,23076923076923;3,5711902555952975;15,659578975173936;-19,23076923076923;0,9597846490874334;;;1,0;1,0;;;0,04021535091256654;
P_PHASE;700,0;32,5;32,5;35,0;P_PHASE + SIGMA;37,708007568438056;40,44668296446308;38,12474560696549;21,42857142857143;25,40374377980324;19,230769230769226;2,8842454020255204;16,346523828743713;-19,230769230769226;0,9437559358374717;;;1,0;0,9999999999999999;;;0,05624406416252812;
P_PHASE;700,0;30,0;32,5;37,5;P_PHASE + SIGMA;19,955123376532423;39,81144621871265;38,759982352715916;21,428571428571427;25,75384859302672;19,23076923076923;2,2490086562750946;16,98176057449414;-19,23076923076923;0,9289337451032953;;;1,0;1,0;;;0,07106625489670469;
P_PHASE;700,0;27,5;32,5;40,0;P_PHASE + SIGMA;0,3168481242375441;39,22597878130398;39,34544979012459;21,428571428571427;26,099757750143027;19,23076923076923;1,6635412188664205;17,567228011902813;-19,23076923076923;0,9152728382304263;;;1,0;1,0;;;0,08472716176957373;
P_PHASE;700,0;60,0;35,0;5,0;BCC_B2 + FCC_A1 + P_PHASE;12,77816962481534;40,551418019011095;38,02001055241748;21,42857142857143;25,348613215765248;19,230769230769226;2,988980456573536;16,241788774195705;-19,230769230769226;0,9461997537769254;;;1,0;1,0;;;0,053800246223074576;
P_PHASE;700,0;57,5;35,0;7,5;BCC_B2 + FCC_A1 + P_PHASE;25,982390958142876;40,55141801901111;38,02001055241746;21,428571428571427;25,348613215765237;19,23076923076923;2,9889804565735503;16,241788774195683;-19,23076923076923;0,9461997537769259;;;1,0;1,0;;;0,053800246223074076;
P_PHASE;700,0;55,0;35,0;10,0;FCC_A1 + P_PHASE;38,95674671204221;40,644796843728294;37,92663172770028;21,42857142857143;25,300090273405665;19,230769230769226;3,082359281290735;16,148409949478506;-19,230769230769226;0,9483785930203268;;;1,0;1,0;;;0,05162140697967312;
P_PHASE;700,0;52,5;35,0;12,5;FCC_A1 + P_PHASE;51,78260179067824;40,83618870865664;37,735239862771934;21,428571428571427;25,202506976988065;19,23076923076923;3,273751146219084;15,957018084550157;-19,23076923076923;0,9528444032019883;;;0,9999999999999999;1,0;;;0,04715559679801166;
P_PHASE;700,0;50,0;35,0;15,0;FCC_A1 + P_PHASE;64,60684036227931;41,09637525200718;37,47505331942139;21,428571428571427;25,073925126187568;19,23076923076923;3,533937689569619;15,696831541199614;-19,23076923076923;0,9589154225468342;;;1,0;1,0;;;0,041084577453165835;
P_PHASE;700,0;47,5;35,0;17,5;FCC_A1 + P_PHASE;77,40825385203054;41,474598238058455;37,096830333370114;21,42857142857143;24,895526795487555;19,230769230769226;3,912160675620896;15,318608555148337;-19,230769230769226;0,9677406255546972;;;1,0;0,9999999999999999;;;0,03225937444530271;
P_PHASE;700,0;45,0;35,0;20,0;FCC_A1 + P_PHASE;89,95608641179005;42,08042130739512;36,49100726403345;21,428571428571427;24,631295521720165;19,23076923076923;4,5179837449575615;14,712785485811672;-19,23076923076923;0,9818764971725529;;;1,0;1,0;;;0,018123502827447173;
P_PHASE;700,0;42,5;35,0;22,5;FCC_A1 + P_PHASE + SIGMA;93,20498869575215;42,38564543248187;36,185783138946704;21,42857142857143;24,508440254896104;19,230769230769226;4,823207870044314;14,407561360724927;-19,230769230769226;0,988998393424577;;;1,0;1,0;;;0,01100160657542301;
P_PHASE;700,0;40,0;35,0;25,0;P_PHASE + SIGMA;86,41574464000928;41,82837408721574;36,74305448421283;21,428571428571427;24,737965105457572;19,23076923076923;4,2659365247781835;14,96483270599105;-19,23076923076923;0,9759953953683673;;;1,0;1,0;;;0,02400460463163269;
P_PHASE;700,0;37,5;35,0;27,5;P_PHASE + SIGMA;73,83036140705647;40,925768822741546;37,645659748687024;21,428571428571427;25,157703991425784;19,23076923076923;3,363331260303987;15,867437970465247;-19,23076923076923;0,9549346058639695;;;1,0;1,0;;;0,045065394136030626;
P_PHASE;700,0;35,0;35,0;30,0;P_PHASE + SIGMA;59,011542183588226;40,12903320688717;38,442395364541404;21,42857142857143;25,575468318765953;19,230769230769226;2,566595644449613;16,664173586319627;-19,230769230769226;0,9363441081607006;;;1,0;1,0;;;0,06365589183929947;
P_PHASE;700,0;32,5;35,0;32,5;P_PHASE + SIGMA;42,00668621944013;39,41684423926431;39,154584332164276;21,42857142857143;25,984597070884423;19,230769230769226;1,8544066768267484;17,3763625539425;-19,230769230769226;0,9197263655828337;;;1,0;1,0;;;0,08027363441716633;
P_PHASE;700,0;30,0;35,0;35,0;P_PHASE + SIGMA;22,81230848838588;38,775540466420885;39,795888105007684;21,42857142857143;26,380492863594263;19,230769230769226;1,2131029039833265;18,017666326785907;-19,230769230769226;0,9047626108831538;;;1,0;1,0;;;0,09523738911684589;
P_PHASE;700,0;27,5;35,0;37,5;P_PHASE + SIGMA;1,4156273269921156;38,195872032228515;40,375556539200055;21,428571428571427;26,7597568121706;19,23076923076923;0,6334344697909557;18,597334760978278;-19,23076923076923;0,8912370140853322;;;1,0;1,0;;;0,10876298591466795;
P_PHASE;700,0;57,5;37,5;5,0;BCC_B2 + FCC_A1 + P_PHASE;13,151705572503628;40,551418019011436;38,02001055241715;21,42857142857143;25,348613215765074;19,230769230769226;2,988980456573877;16,24178877419537;-19,230769230769226;0,9461997537769333;;;1,0;1,0;;;0,053800246223066645;
P_PHASE;700,0;55,0;37,5;7,5;BCC_B2 + FCC_A1 + P_PHASE;26,355926915771573;40,551418019011095;38,02001055241748;21,42857142857143;25,348613215765248;19,230769230769226;2,988980456573536;16,241788774195705;-19,230769230769226;0,9461997537769254;;;1,0;0,9999999999999999;;;0,05380024622307448;
P_PHASE;700,0;52,5;37,5;10,0;BCC_B2 + FCC_A1 + P_PHASE;39,56014824804327;40,551418019011116;38,02001055241745;21,42857142857143;25,34861321576523;19,230769230769226;2,9889804565735574;16,241788774195676;-19,230769230769226;0,946199753776926;;;1,0;1,0;;;0,05380024622307396;
P_PHASE;700,0;50,0;37,5;12,5;BCC_B2 + FCC_A1 + P_PHASE;52,76436959466374;40,55141801901153;38,02001055241705;21,42857142857143;25,34861321576502;19,230769230769226;2,9889804565739695;16,24178877419527;-19,230769230769226;0,9461997537769355;;;1,0;1,0;;;0,053800246223064487;
P_PHASE;700,0;47,5;37,5;15,0;BCC_B2 + FCC_A1 + P_PHASE;65,96859094898718;40,55141801901107;38,02001055241751;21,428571428571423;25,34861321576527;19,230769230769234;2,9889804565735076;16,241788774195733;-19,230769230769234;0,9461997537769249;;;0,9999999999999999;1,0;;;0,053800246223075325;
P_PHASE;700,0;45,0;37,5;17,5;BCC_B2 + FCC_A1 + P_PHASE;79,17281227960962;40,55141801901111;38,02001055241746;21,428571428571427;25,348613215765237;19,23076923076923;2,9889804565735503;16,241788774195683;-19,23076923076923;0,9461997537769259;;;1,0;1,0;;;0,053800246223074076;
P_PHASE;700,0;42,5;37,5;20,0;FCC_A1 + P_PHASE;92,3514341396013;40,689498733818894;37,88192983760969;21,42857142857143;25,2770728138892;19,230769230769226;3,127061171381335;16,103708059387912;-19,230769230769226;0,9494216371224407;;;1,0;0,9999999999999999;;;0,05057836287755931;
P_PHASE;700,0;40,0;37,5;22,5;P_PHASE + SIGMA;95,19159748096342;40,619469744960405;37,951958826468164;21,42857142857143;25,313192234048607;19,230769230769226;3,057032182522846;16,173737048246387;-19,230769230769226;0,9477876273824094;;;1,0;0,9999999999999999;;;0,05221237261759054;
P_PHASE;700,0;37,5;37,5;25,0;P_PHASE + SIGMA;81,94685077051686;39,695559851431405;38,875868719997165;21,428571428571427;25,820577585571243;19,23076923076923;2,133122288993846;17,097646941775388;-19,23076923076923;0,9262297298667328;;;1,0;1,0;;;0,07377027013326727;
P_PHASE;700,0;35,0;37,5;27,5;P_PHASE + SIGMA;66,02119133577195;38,90059609267423;39,670832478754335;21,42857142857143;26,301305502578344;19,230769230769226;1,3381585302366688;17,892610700532558;-19,230769230769226;0,9076805754957318;;;1,0;0,9999999999999999;;;0,09231942450426793;
P_PHASE;700,0;32,5;37,5;30,0;P_PHASE + SIGMA;47,46833614885262;38,202607836388644;40,36882073503993;21,428571428571427;26,755236361505002;19,23076923076923;0,6401702739510853;18,590598956818155;-19,23076923076923;0,8913941828490684;;;1,0;1,0;;;0,10860581715093176;
P_PHASE;700,0;30,0;37,5;32,5;BCC_B2 + P_PHASE + SIGMA;27,32118108998552;37,82855406237749;40,742874509051084;21,42857142857143;27,010208373864725;19,230769230769226;0,26611649993993325;18,964652730829307;-19,230769230769226;0,8826662614554747;;;1,0;1,0;;;0,11733373854452529;
P_PHASE;700,0;27,5;37,5;35,0;BCC_B2 + P_PHASE + SIGMA;7,881388215793522;37,828554062377314;40,742874509051255;21,428571428571427;27,01020837386485;19,23076923076923;0,2661164999397556;18,964652730829478;-19,23076923076923;0,8826662614554708;;;1,0;0,9999999999999999;;;0,11733373854452951;
P_PHASE;700,0;57,5;40,0;2,5;BCC_B2 + FCC_A1 + P_PHASE;0,32102021384802315;40,5514180190113;38,020010552417276;21,428571428571427;25,34861321576514;19,23076923076923;2,988980456573742;16,2417887741955;-19,23076923076923;0,9461997537769302;;;0,9999999999999999;1,0;;;0,05380024622306976;
P_PHASE;700,0;55,0;40,0;5,0;BCC_B2 + FCC_A1 + P_PHASE;13,525241546486576;40,551418019010974;38,02001055241761;21,42857142857143;25,348613215765315;19,230769230769226;2,9889804565734153;16,241788774195832;-19,230769230769226;0,9461997537769226;;;1,0;1,0;;;0,05380024622307737;
P_PHASE;700,0;52,5;40,0;7,5;BCC_B2 + FCC_A1 + P_PHASE;26,729462863251435;40,55141801901139;38,020010552417176;21,428571428571427;25,34861321576509;19,23076923076923;2,9889804565738345;16,2417887741954;-19,23076923076923;0,9461997537769324;;;0,9999999999999999;0,9999999999999999;;;0,05380024622306757;
P_PHASE;700,0;50,0;40,0;10,0;BCC_B2 + FCC_A1 + P_PHASE;39,933684220640174;40,551418019011216;38,020010552417354;21,42857142857143;25,34861321576518;19,230769230769226;2,988980456573657;16,241788774195577;-19,230769230769226;0,9461997537769283;;;1,0;0,9999999999999999;;;0,05380024622307171;
P_PHASE;700,0;47,5;40,0;12,5;BCC_B2 + FCC_A1 + P_PHASE;53,13790554759949;40,55141801901088;38,020010552417695;21,42857142857143;25,348613215765358;19,230769230769226;2,988980456573323;16,241788774195918;-19,230769230769226;0,9461997537769206;;;1,0;1,0;;;0,05380024622307943;
P_PHASE;700,0;45,0;40,0;15,0;BCC_B2 + FCC_A1 + P_PHASE;66,34212689702261;40,55141801901105;38,020010552417524;21,428571428571427;25,348613215765273;19,23076923076923;2,9889804565734934;16,241788774195747;-19,23076923076923;0,9461997537769246;;;0,9999999999999999;1,0;;;0,05380024622307546;
P_PHASE;700,0;42,5;40,0;17,5;BCC_B2 + FCC_A1 + P_PHASE;79,54634822944618;40,55141801901123;38,02001055241735;21,42857142857143;25,348613215765177;19,230769230769226;2,988980456573671;16,24178877419557;-19,230769230769226;0,9461997537769287;;;1,0;1,0;;;0,05380024622307132;
P_PHASE;700,0;40,0;40,0;20,0;BCC_B2 + FCC_A1 + P_PHASE;92,75056956783587;40,55141801901128;38,0200105524173;21,428571428571427;25,348613215765155;19,23076923076923;2,988980456573721;16,24178877419552;-19,23076923076923;0,9461997537769299;;;1,0;1,0;;;0,053800246223070156;
P_PHASE;700,0;37,5;40,0;22,5;P_PHASE + SIGMA;93,4420840944221;38,21248543733058;40,35894313409799;21,428571428571427;26,748612179914453;19,23076923076923;0,6500478748930192;18,580721355876214;-19,23076923076923;0,8916246602043801;;;0,9999999999999999;1,0;;;0,10837533979561965;
P_PHASE;700,0;35,0;40,0;25,0;BCC_B2 + P_PHASE + SIGMA;75,3012046437115;37,82855406237717;40,7428745090514;21,428571428571427;27,010208373864945;19,23076923076923;0,2661164999396135;18,96465273082962;-19,23076923076923;0,8826662614554673;;;0,9999999999999999;0,9999999999999999;;;0,11733373854453276;
P_PHASE;700,0;32,5;40,0;27,5;BCC_B2 + P_PHASE + SIGMA;55,86141176812044;37,82855406237595;40,74287450905263;21,42857142857143;27,010208373865797;19,230769230769226;0,26611649993839137;18,964652730830856;-19,230769230769226;0,8826662614554387;;;1,0;0,9999999999999999;;;0,11733373854456133;
P_PHASE;700,0;30,0;40,0;30,0;BCC_B2 + P_PHASE + SIGMA;36,42161889156769;37,82855406237733;40,74287450905124;21,428571428571427;27,010208373864838;19,23076923076923;0,2661164999397698;18,964652730829464;-19,23076923076923;0,8826662614554711;;;1,0;1,0;;;0,11733373854452896;
P_PHASE;700,0;27,5;40,0;32,5;BCC_B2 + P_PHASE + SIGMA;16,981826015502328;37,82855406237738;40,74287450905119;21,428571428571427;27,010208373864803;19,23076923076923;0,26611649993981956;18,964652730829414;-19,23076923076923;0,8826662614554722;;;1,0;1,0;;;0,11733373854452782;
P_PHASE;700,0;55,0;42,5;2,5;BCC_B2 + FCC_A1 + P_PHASE;0,6945561517690478;40,55141801901102;38,02001055241755;21,42857142857143;25,348613215765287;19,230769230769226;2,988980456573458;16,241788774195776;-19,230769230769226;0,9461997537769237;;;1,0;0,9999999999999999;;;0,05380024622307628;
P_PHASE;700,0;52,5;42,5;5,0;BCC_B2 + FCC_A1 + P_PHASE;13,898777507973433;40,551418019011486;38,02001055241709;21,42857142857143;25,34861321576504;19,230769230769226;2,988980456573927;16,241788774195314;-19,230769230769226;0,9461997537769347;;;1,0;1,0;;;0,05380024622306532;
P_PHASE;700,0;50,0;42,5;7,5;BCC_B2 + FCC_A1 + P_PHASE;27,10299882833581;40,55141801901138;38,02001055241719;21,42857142857143;25,348613215765095;19,230769230769226;2,9889804565738203;16,241788774195413;-19,230769230769226;0,9461997537769321;;;1,0;1,0;;;0,05380024622306764;
P_PHASE;700,0;47,5;42,5;10,0;BCC_B2 + FCC_A1 + P_PHASE;40,307220184613314;40,55141801901102;38,02001055241756;21,42857142857143;25,34861321576529;19,230769230769226;2,988980456573458;16,241788774195783;-19,230769230769226;0,9461997537769237;;;1,0;1,0;;;0,053800246223076255;
P_PHASE;700,0;45,0;42,5;12,5;BCC_B2 + FCC_A1 + P_PHASE;53,51144152141533;40,551418019011095;38,020010552417475;21,428571428571427;25,348613215765244;19,23076923076923;2,988980456573536;16,241788774195697;-19,23076923076923;0,9461997537769256;;;0,9999999999999999;1,0;;;0,053800246223074354;
P_PHASE;700,0;42,5;42,5;15,0;BCC_B2 + FCC_A1 + P_PHASE;66,71566287024453;40,55141801901084;38,02001055241774;21,428571428571427;25,348613215765383;19,23076923076923;2,9889804565732803;16,24178877419596;-19,23076923076923;0,9461997537769196;;;1,0;1,0;;;0,053800246223080536;
P_PHASE;700,0;40,0;42,5;17,5;BCC_B2 + FCC_A1 + P_PHASE;79,91988419565817;40,55141801901102;38,02001055241756;21,428571428571427;25,34861321576529;19,23076923076923;2,988980456573458;16,241788774195783;-19,23076923076923;0,9461997537769238;;;1,0;1,0;;;0,0538002462230764;
P_PHASE;700,0;37,5;42,5;20,0;BCC_B2 + P_PHASE;93,00667456943461;40,2729901483732;38,29843842305537;21,428571428571427;25,496806437678817;19,23076923076923;2,7105525859356376;16,520216644833596;-19,23076923076923;0,9397031034620412;;;1,0;1,0;;;0,06029689653795883;
P_PHASE;700,0;35,0;42,5;22,5;BCC_B2 + P_PHASE + SIGMA;84,40164244661081;37,828554062376924;40,74287450905165;21,428571428571423;27,010208373865126;19,230769230769234;0,2661164999393648;18,964652730829876;-19,230769230769234;0,8826662614554616;;;0,9999999999999999;0,9999999999999999;;;0,11733373854453878;
P_PHASE;700,0;32,5;42,5;25,0;BCC_B2 + P_PHASE + SIGMA;64,96184956806992;37,82855406237722;40,74287450905136;21,42857142857143;27,01020837386492;19,230769230769226;0,26611649993966324;18,964652730829584;-19,230769230769226;0,8826662614554683;;;1,0;1,0;;;0,11733373854453166;
P_PHASE;700,0;30,0;42,5;27,5;BCC_B2 + P_PHASE + SIGMA;45,522056689748915;37,828554062377506;40,74287450905106;21,428571428571427;27,010208373864714;19,23076923076923;0,26611649993994746;18,964652730829286;-19,23076923076923;0,8826662614554752;;;1,0;1,0;;;0,11733373854452482;
P_PHASE;700,0;27,5;42,5;30,0;BCC_B2 + P_PHASE + SIGMA;26,082263812201735;37,82855406237734;40,74287450905124;21,428571428571427;27,010208373864838;19,23076923076923;0,26611649993978403;18,964652730829464;-19,23076923076923;0,8826662614554713;;;1,0;1,0;;;0,11733373854452903;
P_PHASE;700,0;25,0;42,5;32,5;BCC_B2 + P_PHASE + SIGMA;6,642470926888463;37,82855406237822;40,74287450905036;21,428571428571427;27,010208373864227;19,23076923076923;0,266116499940658;18,964652730828583;-19,23076923076923;0,8826662614554918;;;1,0;1,0;;;0,11733373854450838;
P_PHASE;700,0;52,5;45,0;2,5;BCC_B2 + FCC_A1 + P_PHASE;1,0680921331665463;40,5514180190111;38,020010552417475;21,428571428571423;25,34861321576525;19,230769230769234;2,988980456573543;16,241788774195697;-19,230769230769234;0,9461997537769258;;;0,9999999999999999;1,0;;;0,05380024622307429;
P_PHASE;700,0;50,0;45,0;5,0;BCC_B2 + FCC_A1 + P_PHASE;14,272313459417596;40,55141801901145;38,020010552417126;21,42857142857143;25,348613215765063;19,230769230769226;2,9889804565738913;16,24178877419535;-19,230769230769226;0,9461997537769337;;;1,0;0,9999999999999999;;;0,05380024622306635;
P_PHASE;700,0;47,5;45,0;7,5;BCC_B2 + FCC_A1 + P_PHASE;27,47653481472192;40,55141801901135;38,020010552417226;21,42857142857143;25,348613215765116;19,230769230769226;2,988980456573792;16,24178877419545;-19,230769230769226;0,9461997537769313;;;1,0;1,0;;;0,05380024622306865;
P_PHASE;700,0;45,0;45,0;10,0;BCC_B2 + FCC_A1 + P_PHASE;40,68075614140574;40,551418019011095;38,02001055241748;21,42857142857143;25,348613215765248;19,230769230769226;2,988980456573536;16,241788774195705;-19,230769230769226;0,9461997537769254;;;1,0;1,0;;;0,05380024622307451;
P_PHASE;700,0;42,5;45,0;12,5;BCC_B2 + FCC_A1 + P_PHASE;53,884977473823994;40,551418019010946;38,02001055241763;21,428571428571427;25,34861321576533;19,23076923076923;2,988980456573387;16,241788774195854;-19,23076923076923;0,9461997537769219;;;0,9999999999999999;1,0;;;0,053800246223078066;
P_PHASE;700,0;40,0;45,0;15,0;BCC_B2 + FCC_A1 + P_PHASE;67,08919880339359;40,55141801901117;38,0200105524174;21,42857142857143;25,34861321576521;19,230769230769226;2,988980456573614;16,241788774195626;-19,230769230769226;0,9461997537769272;;;1,0;1,0;;;0,05380024622307272;
P_PHASE;700,0;37,5;45,0;17,5;BCC_B2 + FCC_A1 + P_PHASE;80,29342017475962;40,55141801901124;38,02001055241733;21,428571428571427;25,34861321576517;19,23076923076923;2,988980456573678;16,241788774195555;-19,23076923076923;0,9461997537769289;;;1,0;1,0;;;0,05380024622307113;
P_PHASE;700,0;35,0;45,0;20,0;BCC_B2 + P_PHASE;91,51394930701491;38,21065994186487;40,36076862956371;21,42857142857143;26,749835979732826;19,230769230769226;0,6482223794273096;18,58254685134193;-19,230769230769226;0,8915820653101801;;;1,0;0,9999999999999999;;;0,10841793468981982;
P_PHASE;700,0;32,5;45,0;22,5;BCC_B2 + P_PHASE + SIGMA;74,06228736670357;37,82855406237739;40,74287450905118;21,42857142857143;27,010208373864792;19,230769230769226;0,2661164999398338;18,9646527308294;-19,230769230769226;0,8826662614554724;;;1,0;1,0;;;0,11733373854452735;
P_PHASE;700,0;30,0;45,0;25,0;BCC_B2 + P_PHASE + SIGMA;54,622494487340255;37,82855406237628;40,7428745090523;21,428571428571427;27,01020837386557;19,23076923076923;0,2661164999387182;18,964652730830522;-19,23076923076923;0,8826662614554465;;;1,0;1,0;;;0,11733373854455377;
P_PHASE;700,0;27,5;45,0;27,5;BCC_B2 + P_PHASE + SIGMA;35,182701607805484;37,828554062377236;40,74287450905134;21,428571428571427;27,010208373864906;19,23076923076923;0,26611649993967745;18,964652730829563;-19,23076923076923;0,8826662614554689;;;1,0;1,0;;;0,1173337385445313;
P_PHASE;700,0;25,0;45,0;30,0;BCC_B2 + P_PHASE + SIGMA;15,742908730373232;37,828554062377854;40,74287450905072;21,42857142857143;27,010208373864476;19,230769230769226;0,2661164999402956;18,964652730828945;-19,230769230769226;0,8826662614554832;;;1,0;1,0;;;0,11733373854451666;
P_PHASE;700,0;50,0;47,5;2,5;BCC_B2 + FCC_A1 + P_PHASE;1,4416280996775561;40,55141801901133;38,020010552417254;21,42857142857143;25,348613215765127;19,230769230769226;2,9889804565737705;16,241788774195477;-19,230769230769226;0,9461997537769309;;;1,0;1,0;;;0,05380024622306906;
P_PHASE;700,0;47,5;47,5;5,0;BCC_B2 + FCC_A1 + P_PHASE;14,645849423260351;40,55141801901105;38,02001055241752;21,42857142857143;25,34861321576527;19,230769230769226;2,9889804565734934;16,24178877419574;-19,230769230769226;0,9461997537769244;;;0,9999999999999999;0,9999999999999999;;;0,0538002462230754;
P_PHASE;700,0;45,0;47,5;7,5;BCC_B2 + FCC_A1 + P_PHASE;27,850070759187247;40,55141801901095;38,02001055241763;21,42857142857143;25,348613215765326;19,230769230769226;2,988980456573394;16,241788774195854;-19,230769230769226;0,9461997537769221;;;1,0;1,0;;;0,053800246223077844;
P_PHASE;700,0;42,5;47,5;10,0;BCC_B2 + FCC_A1 + P_PHASE;41,05429206973115;40,55141801901154;38,020010552417034;21,42857142857143;25,348613215765013;19,230769230769226;2,9889804565739837;16,241788774195257;-19,230769230769226;0,9461997537769359;;;1,0;0,9999999999999999;;;0,053800246223064084;
P_PHASE;700,0;40,0;47,5;12,5;BCC_B2 + FCC_A1 + P_PHASE;54,25851341959077;40,55141801901129;38,02001055241728;21,428571428571427;25,348613215765145;19,23076923076923;2,988980456573728;16,241788774195506;-19,23076923076923;0,9461997537769301;;;1,0;1,0;;;0,05380024622306985;
P_PHASE;700,0;37,5;47,5;15,0;BCC_B2 + FCC_A1 + P_PHASE;67,46273478088396;40,55141801901151;38,02001055241708;21,42857142857143;25,348613215765038;19,230769230769226;2,988980456573948;16,2417887741953;-19,230769230769226;0,946199753776935;;;1,0;0,9999999999999999;;;0,053800246223065035;
P_PHASE;700,0;35,0;47,5;17,5;BCC_B2 + FCC_A1 + P_PHASE;80,66695610365333;40,551418019011095;38,020010552417475;21,428571428571427;25,348613215765244;19,23076923076923;2,988980456573536;16,241788774195697;-19,23076923076923;0,9461997537769256;;;1,0;1,0;;;0,05380024622307449;
P_PHASE;700,0;32,5;47,5;20,0;BCC_B2 + P_PHASE + SIGMA;83,16272516125794;37,828554062377286;40,74287450905129;21,42857142857143;27,01020837386487;19,230769230769226;0,2661164999397272;18,964652730829513;-19,230769230769226;0,8826662614554699;;;1,0;0,9999999999999999;;;0,11733373854453008;
P_PHASE;700,0;30,0;47,5;22,5;BCC_B2 + P_PHASE + SIGMA;63,72293228206792;37,82855406237702;40,742874509051546;21,42857142857143;27,010208373865048;19,230769230769226;0,2661164999394643;18,96465273082977;-19,230769230769226;0,8826662614554638;;;1,0;0,9999999999999999;;;0,11733373854453616;
P_PHASE;700,0;27,5;47,5;25,0;BCC_B2 + P_PHASE + SIGMA;44,28313940659684;37,82855406237684;40,74287450905173;21,42857142857143;27,010208373865176;19,230769230769226;0,26611649993927955;18,964652730829954;-19,230769230769226;0,8826662614554596;;;1,0;0,9999999999999999;;;0,11733373854454046;
P_PHASE;700,0;25,0;47,5;27,5;BCC_B2 + P_PHASE + SIGMA;24,843346527725597;37,828554062377236;40,74287450905134;21,42857142857143;27,010208373864906;19,230769230769226;0,26611649993967745;18,964652730829563;-19,230769230769226;0,8826662614554687;;;1,0;1,0;;;0,11733373854453118;
P_PHASE;700,0;22,5;47,5;30,0;BCC_B2 + P_PHASE + SIGMA;5,403553651937871;37,82855406237713;40,74287450905145;21,428571428571427;27,01020837386498;19,23076923076923;0,26611649993957087;18,96465273082967;-19,23076923076923;0,8826662614554662;;;0,9999999999999999;1,0;;;0,11733373854453372;
P_PHASE;700,0;47,5;50,0;2,5;BCC_B2 + FCC_A1 + P_PHASE;1,8151640396369886;40,551418019011436;38,02001055241713;21,428571428571427;25,348613215765067;19,23076923076923;2,988980456573877;16,241788774195356;-19,23076923076923;0,9461997537769335;;;1,0;1,0;;;0,05380024622306646;
P_PHASE;700,0;45,0;50,0;5,0;BCC_B2 + FCC_A1 + P_PHASE;15,019385390781787;40,55141801901134;38,02001055241725;21,428571428571427;25,348613215765127;19,23076923076923;2,9889804565737776;16,24178877419547;-19,23076923076923;0,946199753776931;;;0,9999999999999999;0,9999999999999999;;;0,05380024622306901;
P_PHASE;700,0;42,5;50,0;7,5;BCC_B2 + FCC_A1 + P_PHASE;28,223606716439498;40,5514180190113;38,020010552417276;21,42857142857143;25,34861321576514;19,230769230769226;2,988980456573742;16,2417887741955;-19,230769230769226;0,9461997537769302;;;1,0;0,9999999999999999;;;0,05380024622306977;
P_PHASE;700,0;40,0;50,0;10,0;BCC_B2 + FCC_A1 + P_PHASE;41,427828063697454;40,55141801901107;38,02001055241751;21,42857142857143;25,348613215765262;19,230769230769226;2,9889804565735076;16,241788774195733;-19,230769230769226;0,9461997537769248;;;1,0;1,0;;;0,053800246223075124;
P_PHASE;700,0;37,5;50,0;12,5;BCC_B2 + FCC_A1 + P_PHASE;54,63204941680158;40,5514180190111;38,020010552417475;21,42857142857143;25,348613215765244;19,230769230769226;2,988980456573543;16,241788774195697;-19,230769230769226;0,9461997537769257;;;1,0;0,9999999999999999;;;0,05380024622307444;
P_PHASE;700,0;35,0;50,0;15,0;BCC_B2 + FCC_A1 + P_PHASE;67,83627074713822;40,551418019011194;38,02001055241738;21,42857142857143;25,348613215765194;19,230769230769226;2,9889804565736355;16,241788774195605;-19,230769230769226;0,9461997537769278;;;1,0;0,9999999999999999;;;0,053800246223072196;
P_PHASE;700,0;32,5;50,0;17,5;BCC_B2 + P_PHASE;80,66516533751611;40,14835432738354;38,42307424404503;21,428571428571427;25,564830614172898;19,23076923076923;2,5859167649459778;16,644852465823256;-19,23076923076923;0,9367949343056159;;;1,0;1,0;;;0,06320506569438428;
P_PHASE;700,0;30,0;50,0;20,0;BCC_B2 + P_PHASE + SIGMA;72,82337008471443;37,828554062377165;40,7428745090514;21,42857142857143;27,010208373864945;19,230769230769226;0,2661164999396064;18,96465273082962;-19,230769230769226;0,8826662614554671;;;1,0;0,9999999999999999;;;0,11733373854453262;
P_PHASE;700,0;27,5;50,0;22,5;BCC_B2 + P_PHASE + SIGMA;53,38357720037382;37,82855406237692;40,74287450905166;21,42857142857143;27,010208373865126;19,230769230769226;0,2661164999393577;18,964652730829883;-19,230769230769226;0,8826662614554613;;;1,0;1,0;;;0,11733373854453862;
P_PHASE;700,0;25,0;50,0;25,0;BCC_B2 + P_PHASE + SIGMA;33,94378433177958;37,828554062377265;40,742874509051305;21,428571428571427;27,01020837386488;19,23076923076923;0,2661164999397059;18,964652730829528;-19,23076923076923;0,8826662614554694;;;1,0;1,0;;;0,11733373854453058;
P_PHASE;700,0;22,5;50,0;27,5;BCC_B2 + P_PHASE + SIGMA;14,503991437512342;37,82855406237652;40,74287450905205;21,428571428571423;27,0102083738654;19,230769230769234;0,2661164999389598;18,964652730830274;-19,230769230769234;0,8826662614554521;;;0,9999999999999999;1,0;;;0,11733373854454789;
P_PHASE;700,0;45,0;52,5;2,5;BCC_B2 + FCC_A1 + P_PHASE;2,1886999999109418;40,55141801901127;38,020010552417304;21,42857142857143;25,348613215765155;19,230769230769226;2,9889804565737137;16,241788774195527;-19,230769230769226;0,9461997537769296;;;1,0;1,0;;;0,05380024622307035;
P_PHASE;700,0;42,5;52,5;5,0;BCC_B2 + FCC_A1 + P_PHASE;15,392921359622253;40,55141801901103;38,020010552417546;21,42857142857143;25,34861321576528;19,230769230769226;2,988980456573472;16,24178877419577;-19,230769230769226;0,946199753776924;;;1,0;1,0;;;0,05380024622307606;
P_PHASE;700,0;40,0;52,5;7,5;BCC_B2 + FCC_A1 + P_PHASE;28,597142680007348;40,55141801901118;38,0200105524174;21,42857142857143;25,34861321576521;19,230769230769226;2,9889804565736213;16,241788774195626;-19,230769230769226;0,9461997537769273;;;1,0;0,9999999999999999;;;0,05380024622307268;
P_PHASE;700,0;37,5;52,5;10,0;BCC_B2 + FCC_A1 + P_PHASE;41,80136403090031;40,551418019011216;38,02001055241736;21,42857142857143;25,348613215765184;19,230769230769226;2,988980456573657;16,241788774195584;-19,230769230769226;0,9461997537769283;;;1,0;1,0;;;0,05380024622307172;
P_PHASE;700,0;35,0;52,5;12,5;BCC_B2 + FCC_A1 + P_PHASE;55,00558537475641;40,55141801901135;38,020010552417226;21,42857142857143;25,348613215765116;19,230769230769226;2,988980456573792;16,24178877419545;-19,230769230769226;0,9461997537769313;;;1,0;1,0;;;0,053800246223068636;
P_PHASE;700,0;32,5;52,5;15,0;BCC_B2 + FCC_A1 + P_PHASE;68,20980669028287;40,55141801901141;38,02001055241716;21,428571428571427;25,34861321576508;19,23076923076923;2,9889804565738487;16,241788774195385;-19,23076923076923;0,9461997537769329;;;1,0;1,0;;;0,05380024622306712;
P_PHASE;700,0;30,0;52,5;17,5;BCC_B2 + P_PHASE;77,75034868102149;38,47439341724965;40,097035154178926;21,42857142857143;26,575046043071552;19,230769230769226;0,9119558548120921;18,31881337595715;-19,230769230769226;0,8977358464024918;;;1,0;1,0;;;0,10226415359750811;
P_PHASE;700,0;27,5;52,5;20,0;BCC_B2 + P_PHASE + SIGMA;62,48401500576034;37,828554062377414;40,74287450905115;21,42857142857143;27,01020837386477;19,230769230769226;0,2661164999398551;18,96465273082937;-19,230769230769226;0,8826662614554729;;;1,0;0,9999999999999999;;;0,11733373854452686;
P_PHASE;700,0;25,0;52,5;22,5;BCC_B2 + P_PHASE + SIGMA;43,04422211949652;37,82855406237729;40,742874509051276;21,428571428571423;27,010208373864863;19,230769230769234;0,2661164999397343;18,9646527308295;-19,230769230769234;0,8826662614554702;;;0,9999999999999999;0,9999999999999999;;;0,11733373854452993;
P_PHASE;700,0;22,5;52,5;25,0;BCC_B2 + P_PHASE + SIGMA;23,604429246052383;37,82855406237676;40,74287450905182;21,428571428571427;27,01020837386524;19,23076923076923;0,2661164999392014;18,964652730830046;-19,23076923076923;0,8826662614554576;;;0,9999999999999999;0,9999999999999999;;;0,11733373854454253;
P_PHASE;700,0;20,0;52,5;27,5;BCC_B2 + P_PHASE + SIGMA;4,1646363639735755;37,82855406237737;40,742874509051205;21,42857142857143;27,01020837386481;19,230769230769226;0,26611649993981246;18,964652730829428;-19,230769230769226;0,8826662614554719;;;1,0;1,0;;;0,11733373854452799;
P_PHASE;700,0;42,5;55,0;2,5;BCC_B2 + FCC_A1 + P_PHASE;2,5622359727268935;40,5514180190109;38,020010552417666;21,42857142857143;25,348613215765344;19,230769230769226;2,988980456573344;16,24178877419589;-19,230769230769226;0,946199753776921;;;1,0;0,9999999999999998;;;0,053800246223078926;
P_PHASE;700,0;40,0;55,0;5,0;BCC_B2 + FCC_A1 + P_PHASE;15,766457316356504;40,551418019011344;38,02001055241723;21,428571428571427;25,34861321576512;19,23076923076923;2,9889804565737847;16,241788774195456;-19,23076923076923;0,9461997537769312;;;0,9999999999999999;1,0;;;0,053800246223068726;
P_PHASE;700,0;37,5;55,0;7,5;BCC_B2 + FCC_A1 + P_PHASE;28,970678647420893;40,55141801901136;38,02001055241722;21,428571428571427;25,348613215765113;19,23076923076923;2,988980456573799;16,24178877419544;-19,23076923076923;0,9461997537769317;;;0,9999999999999999;1,0;;;0,05380024622306831;
P_PHASE;700,0;35,0;55,0;10,0;BCC_B2 + FCC_A1 + P_PHASE;42,17489998008757;40,551418019011265;38,02001055241731;21,428571428571427;25,34861321576516;19,23076923076923;2,9889804565737066;16,241788774195534;-19,23076923076923;0,9461997537769294;;;0,9999999999999999;1,0;;;0,053800246223070544;
P_PHASE;700,0;32,5;55,0;12,5;BCC_B2 + FCC_A1 + P_PHASE;55,37912130958068;40,55141801901129;38,02001055241729;21,42857142857143;25,34861321576515;19,230769230769226;2,988980456573728;16,241788774195513;-19,230769230769226;0,9461997537769299;;;1,0;0,9999999999999999;;;0,053800246223070065;
P_PHASE;700,0;30,0;55,0;15,0;BCC_B2 + FCC_A1 + P_PHASE;68,58334265893475;40,551418019011265;38,020010552417304;21,42857142857143;25,348613215765155;19,230769230769226;2,9889804565737066;16,241788774195527;-19,230769230769226;0,9461997537769294;;;1,0;0,9999999999999999;;;0,053800246223070496;
P_PHASE;700,0;27,5;55,0;17,5;BCC_B2 + P_PHASE + SIGMA;71,58445279143768;37,82855406237684;40,742874509051745;21,42857142857143;27,010208373865183;19,230769230769226;0,26611649993927955;18,964652730829968;-19,230769230769226;0,8826662614554593;;;1,0;1,0;;;0,11733373854454061;
P_PHASE;700,0;25,0;55,0;20,0;BCC_B2 + P_PHASE + SIGMA;52,14465991924387;37,82855406237727;40,74287450905131;21,42857142857143;27,010208373864884;19,230769230769226;0,266116499939713;18,964652730829535;-19,230769230769226;0,8826662614554696;;;1,0;1,0;;;0,11733373854453043;
P_PHASE;700,0;22,5;55,0;22,5;BCC_B2 + P_PHASE + SIGMA;32,70486703868515;37,82855406237729;40,742874509051276;21,428571428571427;27,010208373864863;19,23076923076923;0,2661164999397343;18,9646527308295;-19,23076923076923;0,8826662614554702;;;1,0;1,0;;;0,11733373854452972;
P_PHASE;700,0;20,0;55,0;25,0;BCC_B2 + P_PHASE + SIGMA;13,26507416177435;37,82855406237651;40,74287450905207;21,428571428571434;27,010208373865407;19,230769230769223;0,2661164999389527;18,964652730830295;-19,230769230769223;0,8826662614554517;;;1,0;1,0;;;0,11733373854454801;
P_PHASE;700,0;40,0;57,5;2,5;BCC_B2 + FCC_A1 + P_PHASE;2,935771946980632;40,55141801901129;38,0200105524173;21,42857142857143;25,348613215765152;19,230769230769226;2,988980456573728;16,24178877419552;-19,230769230769226;0,9461997537769299;;;1,0;1,0;;;0,05380024622307008;
P_PHASE;700,0;37,5;57,5;5,0;BCC_B2 + FCC_A1 + P_PHASE;16,139993252743228;40,55141801901146;38,02001055241712;21,42857142857143;25,34861321576506;19,230769230769226;2,9889804565738984;16,241788774195342;-19,230769230769226;0,946199753776934;;;1,0;1,0;;;0,053800246223065874;
P_PHASE;700,0;35,0;57,5;7,5;BCC_B2 + FCC_A1 + P_PHASE;29,344214583369126;40,55141801901108;38,020010552417496;21,42857142857143;25,348613215765255;19,230769230769226;2,988980456573522;16,24178877419572;-19,230769230769226;0,9461997537769252;;;1,0;1,0;;;0,05380024622307477;
P_PHASE;700,0;32,5;57,5;10,0;BCC_B2 + FCC_A1 + P_PHASE;42,54843595106098;40,551418019011045;38,020010552417524;21,428571428571427;25,348613215765273;19,23076923076923;2,9889804565734863;16,241788774195747;-19,23076923076923;0,9461997537769243;;;1,0;1,0;;;0,053800246223075714;
P_PHASE;700,0;30,0;57,5;12,5;BCC_B2 + FCC_A1 + P_PHASE;55,752657284573104;40,55141801901128;38,0200105524173;21,428571428571427;25,348613215765155;19,23076923076923;2,988980456573721;16,24178877419552;-19,23076923076923;0,9461997537769298;;;1,0;1,0;;;0,053800246223070176;
P_PHASE;700,0;27,5;57,5;15,0;BCC_B2 + P_PHASE;68,21526468177782;40,04835449556645;38,523074075862134;21,42857142857143;25,620155086870746;19,230769230769226;2,485916933128891;16,744852297640357;-19,230769230769226;0,9344616048965503;;;1,0;1,0;;;0,06553839510344968;
P_PHASE;700,0;25,0;57,5;17,5;BCC_B2 + P_PHASE + SIGMA;61,24509771001717;37,82855406237729;40,74287450905128;21,428571428571427;27,010208373864867;19,23076923076923;0,2661164999397343;18,964652730829506;-19,23076923076923;0,8826662614554701;;;1,0;1,0;;;0,11733373854452991;
P_PHASE;700,0;22,5;57,5;20,0;BCC_B2 + P_PHASE + SIGMA;41,805304832816724;37,82855406237697;40,7428745090516;21,42857142857143;27,010208373865087;19,230769230769226;0,26611649993941455;18,964652730829826;-19,230769230769226;0,8826662614554627;;;1,0;1,0;;;0,11733373854453735;
P_PHASE;700,0;20,0;57,5;22,5;BCC_B2 + P_PHASE + SIGMA;22,365511948882222;37,828554062377506;40,74287450905108;21,428571428571423;27,010208373864728;19,230769230769234;0,26611649993994746;18,9646527308293;-19,230769230769234;0,8826662614554752;;;0,9999999999999999;1,0;;;0,11733373854452508;
P_PHASE;700,0;17,5;57,5;25,0;BCC_B2 + P_PHASE + SIGMA;2,9257190783958245;37,82855406237721;40,74287450905137;21,42857142857143;27,010208373864923;19,230769230769226;0,26611649993964903;18,96465273082959;-19,230769230769226;0,8826662614554681;;;1,0;1,0;;;0,11733373854453183;
P_PHASE;700,0;37,5;60,0;2,5;BCC_B2 + FCC_A1 + P_PHASE;3,309307868074308;40,551418019011315;38,020010552417254;21,42857142857143;25,348613215765127;19,230769230769226;2,9889804565737563;16,241788774195477;-19,230769230769226;0,9461997537769307;;;1,0;0,9999999999999999;;;0,05380024622306923;
P_PHASE;700,0;35,0;60,0;5,0;BCC_B2 + FCC_A1 + P_PHASE;16,51352922397171;40,55141801901089;38,02001055241769;21,42857142857143;25,348613215765358;19,230769230769226;2,98898045657333;16,24178877419591;-19,230769230769226;0,9461997537769207;;;1,0;1,0;;;0,053800246223079315;
P_PHASE;700,0;32,5;60,0;7,5;BCC_B2 + FCC_A1 + P_PHASE;29,7177505477009;40,551418019011166;38,0200105524174;21,428571428571423;25,348613215765212;19,230769230769234;2,988980456573607;16,241788774195626;-19,230769230769234;0,9461997537769272;;;0,9999999999999999;1,0;;;0,05380024622307282;
P_PHASE;700,0;30,0;60,0;10,0;BCC_B2 + FCC_A1 + P_PHASE;42,9219719256943;40,55141801901119;38,02001055241738;21,428571428571423;25,3486132157652;19,230769230769234;2,9889804565736284;16,241788774195605;-19,230769230769234;0,9461997537769278;;;0,9999999999999999;1,0;;;0,05380024622307227;
P_PHASE;700,0;27,5;60,0;12,5;BCC_B2 + FCC_A1 + P_PHASE;56,126193239324394;40,551418019011095;38,020010552417475;21,428571428571423;25,348613215765248;19,230769230769234;2,988980456573536;16,241788774195697;-19,230769230769234;0,9461997537769256;;;0,9999999999999999;1,0;;;0,05380024622307445;
P_PHASE;700,0;25,0;60,0;15,0;BCC_B2 + P_PHASE;64,3637283170742;38,62312159740626;39,94830697402231;21,428571428571423;26,478284156111545;19,230769230769234;1,060684034968702;18,17008519580053;-19,230769230769234;0,9012061706061462;;;0,9999999999999999;1,0;;;0,09879382939385392;
P_PHASE;700,0;22,5;60,0;17,5;BCC_B2 + P_PHASE + SIGMA;50,90574262927285;37,828554062376895;40,742874509051674;21,428571428571423;27,01020837386514;19,230769230769234;0,2661164999393364;18,964652730829897;-19,230769230769234;0,8826662614554609;;;0,9999999999999999;1,0;;;0,11733373854453914;
P_PHASE;700,0;20,0;60,0;20,0;BCC_B2 + P_PHASE + SIGMA;31,465949750068013;37,828554062377286;40,74287450905129;21,42857142857143;27,01020837386487;19,230769230769226;0,2661164999397272;18,964652730829513;-19,230769230769226;0,8826662614554699;;;1,0;1,0;;;0,11733373854453008;
P_PHASE;700,0;17,5;60,0;22,5;BCC_B2 + P_PHASE + SIGMA;12,026156875662412;37,828554062376526;40,742874509052044;21,428571428571427;27,010208373865392;19,23076923076923;0,2661164999389669;18,964652730830267;-19,23076923076923;0,8826662614554525;;;1,0;1,0;;;0,1173337385445477;
P_PHASE;700,0;35,0;62,5;2,5;BCC_B2 + FCC_A1 + P_PHASE;3,682843847847099;40,551418019011095;38,020010552417475;21,428571428571427;25,348613215765244;19,23076923076923;2,988980456573536;16,241788774195697;-19,23076923076923;0,9461997537769257;;;1,0;1,0;;;0,05380024622307433;
P_PHASE;700,0;32,5;62,5;5,0;BCC_B2 + FCC_A1 + P_PHASE;16,887065184343314;40,55141801901151;38,02001055241706;21,428571428571427;25,34861321576503;19,23076923076923;2,988980456573948;16,241788774195285;-19,23076923076923;0,9461997537769353;;;1,0;1,0;;;0,0538002462230647;
P_PHASE;700,0;30,0;62,5;7,5;BCC_B2 + FCC_A1 + P_PHASE;30,09128651283475;40,55141801901103;38,020010552417546;21,42857142857143;25,34861321576528;19,230769230769226;2,988980456573472;16,24178877419577;-19,230769230769226;0,946199753776924;;;1,0;1,0;;;0,05380024622307601;
P_PHASE;700,0;27,5;62,5;10,0;BCC_B2 + FCC_A1 + P_PHASE;43,29550787070235;40,55141801901118;38,02001055241738;21,42857142857143;25,348613215765194;19,230769230769226;2,9889804565736213;16,241788774195605;-19,230769230769226;0,9461997537769276;;;1,0;0,9999999999999999;;;0,05380024622307235;
P_PHASE;700,0;25,0;62,5;12,5;BCC_B2 + FCC_A1 + P_PHASE;56,49972918084292;40,551418019011265;38,020010552417304;21,42857142857143;25,348613215765155;19,230769230769226;2,9889804565737066;16,241788774195527;-19,230769230769226;0,9461997537769294;;;1,0;0,9999999999999999;;;0,053800246223070544;
P_PHASE;700,0;22,5;62,5;15,0;BCC_B2 + P_PHASE;58,91614848405406;37,93056394223821;40,64086462919036;21,42857142857143;26,939883027990337;19,230769230769226;0,3681263798006498;18,862642850968584;-19,230769230769226;0,8850464919855582;;;1,0;0,9999999999999999;;;0,11495350801444186;
P_PHASE;700,0;20,0;62,5;17,5;BCC_B2 + P_PHASE + SIGMA;40,56638755182425;37,828554062376746;40,74287450905182;21,428571428571434;27,010208373865236;19,230769230769223;0,2661164999391872;18,964652730830046;-19,230769230769223;0,8826662614554572;;;1,0;1,0;;;0,1173337385445424;
P_PHASE;700,0;17,5;62,5;20,0;BCC_B2 + P_PHASE + SIGMA;21,126594673123392;37,82855406237714;40,74287450905144;21,42857142857143;27,010208373864973;19,230769230769226;0,266116499939578;18,964652730829663;-19,230769230769226;0,8826662614554664;;;1,0;1,0;;;0,11733373854453338;
P_PHASE;700,0;15,0;62,5;22,5;BCC_B2 + P_PHASE + SIGMA;1,686801800491374;37,82855406237829;40,74287450905028;21,42857142857143;27,01020837386417;19,230769230769226;0,26611649994072906;18,964652730828504;-19,230769230769226;0,8826662614554933;;;1,0;0,9999999999999999;;;0,11733373854450665;
P_PHASE;700,0;32,5;65,0;2,5;BCC_B2 + FCC_A1 + P_PHASE;4,056379796346389;40,5514180190111;38,020010552417475;21,42857142857143;25,348613215765244;19,230769230769226;2,988980456573543;16,241788774195697;-19,230769230769226;0,9461997537769256;;;1,0;0,9999999999999999;;;0,05380024622307444;
P_PHASE;700,0;30,0;65,0;5,0;BCC_B2 + FCC_A1 + P_PHASE;17,260601151342726;40,55141801901089;38,02001055241768;21,428571428571427;25,348613215765354;19,23076923076923;2,98898045657333;16,241788774195903;-19,23076923076923;0,9461997537769208;;;1,0;1,0;;;0,053800246223079225;
P_PHASE;700,0;27,5;65,0;7,5;BCC_B2 + FCC_A1 + P_PHASE;30,464822489265096;40,55141801901123;38,020010552417354;21,42857142857143;25,348613215765184;19,230769230769226;2,988980456573671;16,241788774195577;-19,230769230769226;0,9461997537769286;;;1,0;1,0;;;0,05380024622307135;
P_PHASE;700,0;25,0;65,0;10,0;BCC_B2 + FCC_A1 + P_PHASE;43,66904379702955;40,551418019010946;38,020010552417624;21,428571428571427;25,348613215765322;19,23076923076923;2,988980456573387;16,241788774195847;-19,23076923076923;0,9461997537769222;;;1,0;1,0;;;0,05380024622307789;
P_PHASE;700,0;22,5;65,0;12,5;BCC_B2 + P_PHASE;55,6817572399908;39,96807172185656;38,60335684957201;21,428571428571423;25,6650488229663;19,230769230769234;2,4056341594190016;16,825135071350232;-19,230769230769234;0,932588340176653;;;0,9999999999999999;0,9999999999999999;;;0,06741165982334703;
P_PHASE;700,0;20,0;65,0;15,0;BCC_B2 + P_PHASE + SIGMA;49,66682535136458;37,82855406237744;40,742874509051134;21,42857142857143;27,010208373864764;19,230769230769226;0,2661164999398835;18,964652730829357;-19,230769230769226;0,8826662614554736;;;1,0;1,0;;;0,11733373854452633;
P_PHASE;700,0;17,5;65,0;17,5;BCC_B2 + P_PHASE + SIGMA;30,227032459628454;37,82855406237684;40,74287450905174;21,42857142857143;27,01020837386518;19,230769230769226;0,26611649993927955;18,96465273082996;-19,230769230769226;0,8826662614554595;;;1,0;1,0;;;0,11733373854454039;
P_PHASE;700,0;15,0;65,0;20,0;BCC_B2 + P_PHASE + SIGMA;10,78723959161137;37,82855406237678;40,74287450905179;21,428571428571427;27,01020837386522;19,23076923076923;0,2661164999392227;18,96465273083001;-19,23076923076923;0,8826662614554583;;;1,0;1,0;;;0,11733373854454168;
P_PHASE;700,0;30,0;67,5;2,5;BCC_B2 + FCC_A1 + P_PHASE;4,429915755301596;40,551418019010974;38,02001055241761;21,42857142857143;25,348613215765315;19,230769230769226;2,9889804565734153;16,241788774195832;-19,230769230769226;0,9461997537769226;;;1,0;1,0;;;0,05380024622307739;
P_PHASE;700,0;27,5;67,5;5,0;BCC_B2 + FCC_A1 + P_PHASE;17,634137131539447;40,55141801901117;38,0200105524174;21,428571428571427;25,34861321576521;19,23076923076923;2,988980456573614;16,241788774195626;-19,23076923076923;0,9461997537769272;;;0,9999999999999999;1,0;;;0,05380024622307272;
P_PHASE;700,0;25,0;67,5;7,5;BCC_B2 + FCC_A1 + P_PHASE;30,83835845578442;40,55141801901077;38,02001055241781;21,428571428571427;25,34861321576542;19,23076923076923;2,988980456573209;16,24178877419603;-19,23076923076923;0,9461997537769178;;;0,9999999999999999;1,0;;;0,053800246223082215;
P_PHASE;700,0;22,5;67,5;10,0;BCC_B2 + FCC_A1 + P_PHASE;44,042579775175724;40,55141801901128;38,02001055241729;21,428571428571427;25,348613215765152;19,23076923076923;2,988980456573721;16,241788774195513;-19,23076923076923;0,94619975377693;;;1,0;1,0;;;0,05380024622307002;
P_PHASE;700,0;20,0;67,5;12,5;BCC_B2 + P_PHASE;51,14073670061497;38,724291973279364;39,84713659814921;21,428571428571427;26,41321778293751;19,23076923076923;1,161854410841805;18,068914819927436;-19,23076923076923;0,9035668127098517;;;0,9999999999999999;0,9999999999999999;;;0,09643318729014833;
P_PHASE;700,0;17,5;67,5;15,0;BCC_B2 + P_PHASE + SIGMA;39,32747026518884;37,82855406237678;40,74287450905179;21,428571428571427;27,01020837386522;19,23076923076923;0,2661164999392227;18,96465273083001;-19,23076923076923;0,8826662614554582;;;1,0;1,0;;;0,11733373854454192;
P_PHASE;700,0;15,0;67,5;17,5;BCC_B2 + P_PHASE + SIGMA;19,887677379173176;37,82855406237742;40,74287450905115;21,428571428571427;27,010208373864774;19,23076923076923;0,2661164999398622;18,96465273082937;-19,23076923076923;0,8826662614554732;;;1,0;0,9999999999999999;;;0,11733373854452687;
P_PHASE;700,0;27,5;70,0;2,5;BCC_B2 + FCC_A1 + P_PHASE;4,803451716683784;40,55141801901142;38,02001055241715;21,428571428571427;25,348613215765074;19,23076923076923;2,988980456573863;16,24178877419537;-19,23076923076923;0,9461997537769332;;;1,0;1,0;;;0,05380024622306682;
P_PHASE;700,0;25,0;70,0;5,0;BCC_B2 + FCC_A1 + P_PHASE;18,007673065233668;40,55141801901126;38,02001055241732;21,42857142857143;25,348613215765166;19,230769230769226;2,9889804565736995;16,24178877419554;-19,230769230769226;0,9461997537769293;;;1,0;1,0;;;0,053800246223070634;
P_PHASE;700,0;22,5;70,0;7,5;BCC_B2 + FCC_A1 + P_PHASE;31,211894404278954;40,55141801901118;38,020010552417396;21,42857142857143;25,3486132157652;19,230769230769226;2,9889804565736213;16,24178877419562;-19,230769230769226;0,9461997537769276;;;1,0;1,0;;;0,053800246223072425;
P_PHASE;700,0;20,0;70,0;10,0;BCC_B2 + FCC_A1 + P_PHASE;44,41611576124228;40,55141801901119;38,02001055241738;21,428571428571427;25,348613215765194;19,23076923076923;2,9889804565736284;16,241788774195605;-19,23076923076923;0,9461997537769278;;;1,0;1,0;;;0,05380024622307223;
P_PHASE;700,0;17,5;70,0;12,5;BCC_B2 + P_PHASE;45,41402440082884;38,08581083452245;40,48561773690612;21,428571428571427;26,83399091346706;19,23076923076923;0,5233732720848892;18,707395958684344;-19,23076923076923;0,8886689194721905;;;1,0;1,0;;;0,11133108052780961;
P_PHASE;700,0;15,0;70,0;15,0;BCC_B2 + P_PHASE + SIGMA;28,98811518694484;37,82855406237671;40,742874509051866;21,428571428571427;27,01020837386527;19,23076923076923;0,26611649993915165;18,96465273083009;-19,23076923076923;0,8826662614554566;;;1,0;1,0;;;0,11733373854454354;
P_PHASE;700,0;25,0;72,5;2,5;BCC_B2 + FCC_A1 + P_PHASE;5,176987670058951;40,55141801901121;38,02001055241737;21,42857142857143;25,348613215765187;19,230769230769226;2,9889804565736497;16,24178877419559;-19,230769230769226;0,9461997537769281;;;1,0;1,0;;;0,05380024622307192;
P_PHASE;700,0;22,5;72,5;5,0;BCC_B2 + FCC_A1 + P_PHASE;18,38120901889092;40,551418019010846;38,02001055241772;21,42857142857143;25,348613215765372;19,230769230769226;2,9889804565732874;16,241788774195946;-19,230769230769226;0,9461997537769198;;;1,0;1,0;;;0,053800246223079974;
P_PHASE;700,0;20,0;72,5;7,5;BCC_B2 + FCC_A1 + P_PHASE;31,585430358146972;40,55141801901133;38,02001055241725;21,42857142857143;25,348613215765123;19,230769230769226;2,9889804565737705;16,24178877419547;-19,230769230769226;0,9461997537769309;;;1,0;0,9999999999999999;;;0,053800246223069045;
P_PHASE;700,0;17,5;72,5;10,0;BCC_B2 + P_PHASE;43,0849413263824;39,903178994490155;38,66824957693842;21,428571428571427;25,701645758593926;19,23076923076923;2,340741432052596;16,890027798716645;-19,23076923076923;0,9310741765381035;;;1,0;1,0;;;0,06892582346189646;
P_PHASE;700,0;15,0;72,5;12,5;BCC_B2 + P_PHASE + SIGMA;38,088552986475214;37,82855406237758;40,742874509051;21,42857142857143;27,010208373864668;19,230769230769226;0,2661164999400185;18,964652730829222;-19,230769230769226;0,8826662614554767;;;1,0;0,9999999999999999;;;0,11733373854452334;
P_PHASE;700,0;22,5;75,0;2,5;BCC_B2 + FCC_A1 + P_PHASE;5,550523626140942;40,551418019011315;38,02001055241726;21,42857142857143;25,348613215765134;19,230769230769226;2,9889804565737563;16,241788774195484;-19,230769230769226;0,9461997537769307;;;1,0;1,0;;;0,05380024622306929;
P_PHASE;700,0;20,0;75,0;5,0;BCC_B2 + FCC_A1 + P_PHASE;18,75474497871328;40,55141801901115;38,02001055241743;21,42857142857143;25,348613215765223;19,230769230769226;2,988980456573593;16,241788774195655;-19,230769230769226;0,9461997537769268;;;1,0;1,0;;;0,05380024622307318;
P_PHASE;700,0;17,5;75,0;7,5;BCC_B2 + FCC_A1 + P_PHASE;31,95896631497339;40,55141801901118;38,020010552417396;21,42857142857143;25,3486132157652;19,230769230769226;2,9889804565736213;16,24178877419562;-19,230769230769226;0,9461997537769273;;;1,0;0,9999999999999999;;;0,05380024622307265;
P_PHASE;700,0;15,0;75,0;10,0;BCC_B2 + P_PHASE;38,01079402462679;38,799262553056366;39,772166018372204;21,428571428571427;26,365398737401307;19,23076923076923;1,236824990618807;17,993944240150427;-19,23076923076923;0,905316126237982;;;1,0;1,0;;;0,09468387376201813;
P_PHASE;700,0;20,0;77,5;2,5;BCC_B2 + FCC_A1 + P_PHASE;5,924059600658626;40,55141801901126;38,02001055241732;21,42857142857143;25,348613215765166;19,230769230769226;2,9889804565736995;16,24178877419554;-19,230769230769226;0,9461997537769293;;;1,0;0,9999999999999999;;;0,053800246223070766;
P_PHASE;700,0;17,5;77,5;5,0;BCC_B2 + FCC_A1 + P_PHASE;19,12828094161119;40,551418019011166;38,0200105524174;21,428571428571427;25,34861321576521;19,23076923076923;2,988980456573607;16,241788774195626;-19,23076923076923;0,9461997537769271;;;0,9999999999999999;0,9999999999999999;;;0,05380024622307286;
P_PHASE;700,0;15,0;77,5;7,5;BCC_B2 + FCC_A1 + P_PHASE;32,33250228316385;40,55141801901127;38,020010552417304;21,42857142857143;25,348613215765155;19,230769230769226;2,9889804565737137;16,241788774195527;-19,230769230769226;0,9461997537769296;;;1,0;1,0;;;0,05380024622307037;
P_PHASE;700,0;17,5;80,0;2,5;BCC_B2 + FCC_A1 + P_PHASE;6,297595551839581;40,55141801901134;38,02001055241723;21,42857142857143;25,348613215765116;19,230769230769226;2,9889804565737776;16,241788774195456;-19,230769230769226;0,9461997537769311;;;1,0;1,0;;;0,05380024622306882;
P_PHASE;700,0;15,0;80,0;5,0;BCC_B2 + FCC_A1 + P_PHASE;19,501816901866405;40,55141801901113;38,02001055241745;21,42857142857143;25,348613215765234;19,230769230769226;2,9889804565735716;16,241788774195676;-19,230769230769226;0,9461997537769262;;;1,0;0,9999999999999999;;;0,053800246223073875;
P_PHASE;700,0;15,0;82,5;2,5;BCC_B2 + FCC_A1 + P_PHASE;6,671131523457398;40,55141801901142;38,02001055241715;21,428571428571427;25,348613215765074;19,23076923076923;2,988980456573863;16,24178877419537;-19,23076923076923;0,9461997537769332;;;1,0;1,0;;;0,053800246223066804;
P_PHASE;1100,0;60,0;27,5;12,5;FCC_A1 + P_PHASE;1,7976396312193146;41,054554401498;37,51687416993057;21,428571428571427;25,094273138144306;19,23076923076923;3,4921168390604436;15,73865239170879;-19,23076923076923;0,9579396027016202;;;1,0;1,0;;;0,0420603972983799;
P_PHASE;1100,0;57,5;27,5;15,0;FCC_A1 + P_PHASE + SIGMA;12,315749548543133;41,17920551530717;37,39222305612141;21,42857142857143;25,033987527724314;19,230769230769226;3,6167679528696084;15,614001277899632;-19,230769230769226;0,9608481286905005;;;1,0;1,0;;;0,03915187130949944;
P_PHASE;1100,0;55,0;27,5;17,5;FCC_A1 + P_PHASE + SIGMA;5,545635035032421;41,17920551530726;37,39222305612132;21,428571428571427;25,033987527724268;19,23076923076923;3,6167679528697008;15,61400127789954;-19,23076923076923;0,9608481286905027;;;1,0;1,0;;;0,0391518713094974;
P_PHASE;1100,0;57,5;30,0;12,5;FCC_A1 + P_PHASE;12,830640195075738;40,89066331673057;37,680765254698;21,428571428571427;25,175195349785398;19,23076923076923;3,3282257542930083;15,902543476476225;-19,23076923076923;0,9541154773903799;;;1,0;1,0;;;0,04588452260962003;
P_PHASE;1100,0;55,0;30,0;15,0;FCC_A1 + P_PHASE;27,884716066433846;41,07556270190725;37,495865869521324;21,42857142857143;25,084036143201477;19,230769230769226;3,513125139469693;15,717644091299547;-19,230769230769226;0,9584297963778359;;;1,0;1,0;;;0,041570203622164105;
P_PHASE;1100,0;52,5;30,0;17,5;FCC_A1 + P_PHASE + SIGMA;32,10516460939952;41,17920551530724;37,39222305612133;21,428571428571423;25,03398752772428;19,230769230769234;3,6167679528696794;15,614001277899554;-19,230769230769234;0,9608481286905023;;;0,9999999999999999;1,0;;;0,039151871309497814;
P_PHASE;1100,0;50,0;30,0;20,0;FCC_A1 + P_PHASE + SIGMA;25,335050083282795;41,17920551530718;37,392223056121395;21,42857142857143;25,033987527724307;19,230769230769226;3,6167679528696226;15,614001277899618;-19,230769230769226;0,9608481286905008;;;1,0;1,0;;;0,03915187130949911;
P_PHASE;1100,0;47,5;30,0;22,5;FCC_A1 + P_PHASE + SIGMA;18,564935565415265;41,17920551530715;37,392223056121416;21,428571428571423;25,03398752772432;19,230769230769234;3,616767952869594;15,61400127789964;-19,230769230769234;0,9608481286905003;;;0,9999999999999999;1,0;;;0,0391518713094997;
P_PHASE;1100,0;45,0;30,0;25,0;FCC_A1 + P_PHASE + SIGMA;11,794821033623975;41,17920551530712;37,39222305612146;21,42857142857143;25,033987527724335;19,230769230769226;3,6167679528695587;15,614001277899682;-19,230769230769226;0,9608481286904993;;;1,0;0,9999999999999999;;;0,03915187130950073;
P_PHASE;1100,0;42,5;30,0;27,5;FCC_A1 + P_PHASE + SIGMA;5,024706526474529;41,17920551530718;37,39222305612139;21,428571428571423;25,033987527724307;19,230769230769234;3,6167679528696226;15,614001277899611;-19,230769230769234;0,960848128690501;;;0,9999999999999999;1,0;;;0,039151871309499174;
P_PHASE;1100,0;57,5;32,5;10,0;FCC_A1 + P_PHASE;5,526525177039302;40,47294847341107;38,0984800980175;21,42857142857143;25,389848179830807;19,230769230769226;2,910510910973514;16,32025831979572;-19,230769230769226;0,9443687977129249;;;1,0;0,9999999999999999;;;0,05563120228707501;
P_PHASE;1100,0;55,0;32,5;12,5;FCC_A1 + P_PHASE;22,26255992389244;40,63913011464834;37,93229845678024;21,428571428571427;25,303017914957817;19,23076923076923;3,0766925522107798;16,15407667855846;-19,23076923076923;0,9482463693417945;;;1,0;1,0;;;0,05175363065820563;
P_PHASE;1100,0;52,5;32,5;15,0;FCC_A1 + P_PHASE;38,611158128739376;40,85114211769392;37,72028645373466;21,42857142857143;25,194989362512143;19,230769230769226;3,288704555256359;15,942064675512881;-19,230769230769226;0,9531933160795246;;;1,0;1,0;;;0,046806683920475406;
P_PHASE;1100,0;50,0;32,5;17,5;FCC_A1 + P_PHASE;54,03361230475608;41,11599692916918;37,45543164225939;21,42857142857143;25,064420569824964;19,230769230769226;3,553559366731619;15,677209864037614;-19,230769230769226;0,959373261680614;;;1,0;0,9999999999999999;;;0,04062673831938587;
P_PHASE;1100,0;47,5;32,5;20,0;FCC_A1 + P_PHASE + SIGMA;51,89457967010107;41,17920551530719;37,39222305612138;21,428571428571427;25,0339875277243;19,23076923076923;3,6167679528696297;15,614001277899604;-19,23076923076923;0,9608481286905011;;;1,0;1,0;;;0,03915187130949907;
P_PHASE;1100,0;45,0;32,5;22,5;FCC_A1 + P_PHASE + SIGMA;45,124465147673455;41,179205515307146;37,39222305612142;21,428571428571427;25,03398752772432;19,23076923076923;3,616767952869587;15,614001277899646;-19,23076923076923;0,9608481286905002;;;1,0;1,0;;;0,03915187130949991;
P_PHASE;1100,0;42,5;32,5;25,0;FCC_A1 + P_PHASE + SIGMA;38,35435063340237;41,17920551530717;37,392223056121395;21,42857142857143;25,033987527724303;19,230769230769226;3,6167679528696084;15,614001277899618;-19,230769230769226;0,9608481286905005;;;1,0;0,9999999999999999;;;0,0391518713094993;
P_PHASE;1100,0;40,0;32,5;27,5;FCC_A1 + P_PHASE + SIGMA;31,584236109743035;41,179205515307174;37,3922230561214;21,42857142857143;25,033987527724307;19,230769230769226;3,6167679528696155;15,614001277899625;-19,230769230769226;0,9608481286905006;;;1,0;1,0;;;0,039151871309499334;
P_PHASE;1100,0;37,5;32,5;30,0;FCC_A1 + P_PHASE + SIGMA;24,81412157358559;41,179205515307125;37,39222305612145;21,428571428571423;25,03398752772434;19,230769230769234;3,6167679528695658;15,614001277899675;-19,230769230769234;0,9608481286904995;;;0,9999999999999999;1,0;;;0,039151871309500555;
P_PHASE;1100,0;35,0;32,5;32,5;FCC_A1 + P_PHASE + SIGMA;18,04400708662905;41,1792055153073;37,39222305612128;21,42857142857143;25,03398752772425;19,230769230769226;3,6167679528697434;15,614001277899504;-19,230769230769226;0,9608481286905036;;;1,0;1,0;;;0,03915187130949635;
P_PHASE;1100,0;32,5;32,5;35,0;FCC_A1 + P_PHASE + SIGMA;11,273892524936576;41,17920551530716;37,392223056121416;21,428571428571427;25,033987527724317;19,23076923076923;3,6167679528696013;15,61400127789964;-19,23076923076923;0,9608481286905004;;;1,0;1,0;;;0,03915187130949968;
P_PHASE;1100,0;55,0;35,0;10,0;FCC_A1 + P_PHASE;12,509114267300955;40,12168932116626;38,44973925026232;21,428571428571427;25,57951816575538;19,23076923076923;2,559251758728699;16,67151747204054;-19,23076923076923;0,9361727508272127;;;1,0;1,0;;;0,0638272491727874;
P_PHASE;1100,0;52,5;35,0;12,5;FCC_A1 + P_PHASE;29,773332355156327;40,264004024157074;38,3074245472715;21,42857142857143;25,5016762338194;19,230769230769226;2,7015664617195156;16,529202769049725;-19,230769230769226;0,9394934272303317;;;1,0;1,0;;;0,06050657276966838;
P_PHASE;1100,0;50,0;35,0;15,0;FCC_A1 + P_PHASE;47,00242240816166;40,46299259849559;38,10843597293298;21,42857142857143;25,395109772738714;19,230769230769226;2,90055503605803;16,330214194711203;-19,230769230769226;0,944136493964897;;;1,0;0,9999999999999999;;;0,05586350603510307;
P_PHASE;1100,0;47,5;35,0;17,5;FCC_A1 + P_PHASE;64,1043415026975;40,76057910778819;37,81084946364038;21,428571428571427;25,240755635488597;19,23076923076923;3,19814154535063;16,032627685418603;-19,23076923076923;0,9510801791817245;;;1,0;1,0;;;0,04891982081827551;
P_PHASE;1100,0;45,0;35,0;20,0;FCC_A1 + P_PHASE + SIGMA;78,45410926248883;41,179205515307146;37,39222305612142;21,428571428571427;25,03398752772432;19,23076923076923;3,616767952869587;15,614001277899646;-19,23076923076923;0,9608481286905002;;;1,0;1,0;;;0,03915187130949985;
P_PHASE;1100,0;42,5;35,0;22,5;FCC_A1 + P_PHASE + SIGMA;71,68399473521832;41,17920551530723;37,39222305612135;21,42857142857143;25,033987527724285;19,230769230769226;3,6167679528696723;15,614001277899575;-19,230769230769226;0,9608481286905018;;;1,0;1,0;;;0,03915187130949811;
P_PHASE;1100,0;40,0;35,0;25,0;FCC_A1 + P_PHASE + SIGMA;64,91388021043932;41,179205515307125;37,39222305612146;21,42857142857143;25,033987527724335;19,230769230769226;3,6167679528695658;15,614001277899682;-19,230769230769226;0,9608481286904994;;;1,0;0,9999999999999999;;;0,03915187130950057;
P_PHASE;1100,0;37,5;35,0;27,5;FCC_A1 + P_PHASE + SIGMA;58,14376569913106;41,17920551530713;37,39222305612144;21,42857142857143;25,033987527724324;19,230769230769226;3,616767952869573;15,61400127789966;-19,230769230769226;0,9608481286904997;;;1,0;1,0;;;0,03915187130950016;
P_PHASE;1100,0;35,0;35,0;30,0;P_PHASE + SIGMA;40,716387296213306;40,94617132684949;37,62525724457908;21,428571428571427;25,14757786482643;19,23076923076923;3,3837337644119287;15,847035466357305;-19,23076923076923;0,9554106642931548;;;1,0;1,0;;;0,04458933570684518;
P_PHASE;1100,0;32,5;35,0;32,5;P_PHASE + SIGMA;18,190717679527715;40,72770742611019;37,84372114531837;21,42857142857143;25,257507565695306;19,230769230769226;3,165269863672634;16,065499367096592;-19,230769230769226;0,9503131732759045;;;1,0;0,9999999999999999;;;0,049686826724095426;
P_PHASE;1100,0;55,0;37,5;7,5;FCC_A1 + P_PHASE;0,5730941818056668;39,60451353361007;38,96691503781851;21,428571428571427;25,87361079269082;19,23076923076923;2,0420759711725083;17,188693259596732;-19,23076923076923;0,9241053157842348;;;1,0;1,0;;;0,0758946842157652;
P_PHASE;1100,0;52,5;37,5;10,0;FCC_A1 + P_PHASE;17,931980542299353;39,659950291305606;38,91147828012297;21,42857142857143;25,841256223620466;19,230769230769226;2,097512728868047;17,133256501901194;-19,230769230769226;0,925398840130464;;;1,0;1,0;;;0,07460115986953571;
P_PHASE;1100,0;50,0;37,5;12,5;FCC_A1 + P_PHASE;35,323672521310385;39,7364032848988;38,83502528652977;21,428571428571427;25,79696024904029;19,23076923076923;2,17396572246124;17,056803508307993;-19,23076923076923;0,9271827433143055;;;1,0;1,0;;;0,07281725668569457;
P_PHASE;1100,0;47,5;37,5;15,0;FCC_A1 + P_PHASE;52,775058587804146;39,84920884873677;38,7222197226918;21,428571428571427;25,732292444808476;19,23076923076923;2,2867712862992136;16,94399794447002;-19,23076923076923;0,9298148731371915;;;1,0;1,0;;;0,07018512686280864;
P_PHASE;1100,0;45,0;37,5;17,5;FCC_A1 + P_PHASE;70,35642619183207;40,03492126122033;38,53650731020824;21,428571428571427;25,627637324174735;19,23076923076923;2,4724836987827743;16,758285531986466;-19,23076923076923;0,9341481627618078;;;1,0;1,0;;;0,06585183723819224;
P_PHASE;1100,0;42,5;37,5;20,0;FCC_A1 + P_PHASE;88,35697027238847;40,419220422416835;38,152208149011734;21,428571428571427;25,418322587987337;19,23076923076923;2,856782859979276;16,373986370789957;-19,23076923076923;0,9431151431897262;;;1,0;1,0;;;0,05688485681027383;
P_PHASE;1100,0;40,0;37,5;22,5;P_PHASE + SIGMA;92,2175478226908;40,78250554220109;37,78892302922748;21,42857142857143;25,22962301641375;19,230769230769226;3,2200679797635345;16,010701251005706;-19,230769230769226;0,9515917959846921;;;1,0;0,9999999999999999;;;0,0484082040153079;
P_PHASE;1100,0;37,5;37,5;25,0;P_PHASE + SIGMA;70,79830177312468;40,428465654092214;38,14296291733636;21,42857142857143;25,413408956286904;19,230769230769226;2,8660280916546554;16,364741139114585;-19,230769230769226;0,9433308652621516;;;1,0;0,9999999999999999;;;0,05666913473784842;
P_PHASE;1100,0;35,0;37,5;27,5;P_PHASE + SIGMA;47,258420562785865;40,26811515494316;38,30331341648541;21,428571428571427;25,49944764293333;19,23076923076923;2,7056775925056016;16,525091638263632;-19,23076923076923;0,9395893536153406;;;1,0;1,0;;;0,060410646384659476;
P_PHASE;1100,0;32,5;37,5;30,0;P_PHASE + SIGMA;22,88618897075187;40,18128404949849;38,39014452193009;21,42857142857143;25,546757511919694;19,230769230769226;2,618846487060928;16,611922743708313;-19,230769230769226;0,9375632944882979;;;1,0;0,9999999999999999;;;0,062436705511702;
P_PHASE;1100,0;52,5;40,0;7,5;FCC_A1 + P_PHASE;4,756295177362997;39,10510616052919;39,46632241089939;21,428571428571427;26,173865125395;19,23076923076923;1,5426685980916304;17,68810063267761;-19,23076923076923;0,9124524770790146;;;1,0;1,0;;;0,08754752292098567;
P_PHASE;1100,0;50,0;40,0;10,0;FCC_A1 + P_PHASE;21,98456115804612;39,08075467459779;39,490673896830785;21,42857142857143;26,188904752092935;19,230769230769226;1,5183171121602328;17,712452118609008;-19,230769230769226;0,9118842757406149;;;0,9999999999999999;0,9999999999999999;;;0,08811572425938495;
P_PHASE;1100,0;47,5;40,0;12,5;FCC_A1 + P_PHASE;39,19295603535187;39,04664637189242;39,52478219953616;21,428571428571427;26,210031815786227;19,23076923076923;1,4842088094548629;17,746560421314385;-19,23076923076923;0,9110884153441564;;;0,9999999999999999;1,0;;;0,08891158465584358;
P_PHASE;1100,0;45,0;40,0;15,0;FCC_A1 + P_PHASE;56,36757793850546;38,99559072448144;39,57583784694714;21,42857142857143;26,241790162310345;19,230769230769226;1,4331531620438795;17,79761606872536;-19,230769230769226;0,9098971169045669;;;1,0;1,0;;;0,0901028830954331;
P_PHASE;1100,0;42,5;40,0;17,5;FCC_A1 + P_PHASE;73,47820175935806;38,91134007048542;39,660088500943154;21,428571428571427;26,294546595681936;19,23076923076923;1,348902508047864;17,881866722721377;-19,23076923076923;0,9079312683113264;;;0,9999999999999999;1,0;;;0,09206873168867354;
P_PHASE;1100,0;40,0;40,0;20,0;FCC_A1 + P_PHASE + SIGMA;89,73019634762079;38,81488306503185;39,756545506396726;21,428571428571427;26,355478159561585;19,23076923076923;1,2524455025942913;17,97832372817495;-19,23076923076923;0,9056806048507431;;;1,0;0,9999999999999998;;;0,09431939514925715;
P_PHASE;1100,0;37,5;40,0;22,5;P_PHASE + SIGMA;81,90897537553448;39,203188512631144;39,368240058797426;21,428571428571427;26,113661022511707;19,23076923076923;1,6407509501935849;17,59001828057565;-19,23076923076923;0,9147410652947265;;;0,9999999999999998;0,9999999999999999;;;0,08525893470527342;
P_PHASE;1100,0;35,0;40,0;25,0;P_PHASE + SIGMA;53,328471923901944;39,488368653710346;39,08305991771823;21,42857142857143;25,94203382176507;19,230769230769226;1,925931091272787;17,304838139496454;-19,230769230769226;0,9213952685865746;;;1,0;1,0;;;0,0786047314134253;
P_PHASE;1100,0;32,5;40,0;27,5;P_PHASE + SIGMA;26,678598692681945;39,603505480408764;38,967923091019806;21,428571428571427;25,874200947586424;19,23076923076923;2,041067917971205;17,18970131279803;-19,23076923076923;0,9240817945428712;;;1,0;1,0;;;0,07591820545712888;
P_PHASE;1100,0;30,0;40,0;30,0;P_PHASE + SIGMA;0,5912333122188562;39,668399613412674;38,9030289580159;21,42857142857143;25,836342278123972;19,230769230769226;2,1059620509751156;17,124807179794125;-19,230769230769226;0,925595990979629;;;1,0;0,9999999999999999;;;0,074404009020371;
P_PHASE;1100,0;47,5;42,5;10,0;FCC_A1 + P_PHASE + SIGMA;11,632721887097906;38,81488306503188;39,756545506396705;21,428571428571427;26,35547815956157;19,23076923076923;1,2524455025943197;17,978323728174928;-19,23076923076923;0,9056806048507436;;;0,9999999999999999;0,9999999999999999;;;0,09431939514925643;
P_PHASE;1100,0;45,0;42,5;12,5;FCC_A1 + P_PHASE + SIGMA;26,28093792861726;38,81488306503158;39,75654550639699;21,428571428571427;26,355478159561752;19,23076923076923;1,2524455025940213;17,978323728175212;-19,23076923076923;0,9056806048507369;;;1,0;1,0;;;0,09431939514926316;
P_PHASE;1100,0;42,5;42,5;15,0;FCC_A1 + P_PHASE + SIGMA;40,92915346728247;38,814883065032355;39,756545506396215;21,42857142857143;26,355478159561258;19,230769230769226;1,2524455025947958;17,978323728174438;-19,230769230769226;0,905680604850755;;;1,0;1,0;;;0,09431939514924483;
P_PHASE;1100,0;40,0;42,5;17,5;FCC_A1 + P_PHASE + SIGMA;55,57736957233866;38,81488306503172;39,756545506396854;21,428571428571427;26,355478159561663;19,23076923076923;1,2524455025941634;17,978323728175077;-19,23076923076923;0,9056806048507401;;;0,9999999999999999;0,9999999999999999;;;0,09431939514925991;
P_PHASE;1100,0;37,5;42,5;20,0;FCC_A1 + P_PHASE + SIGMA;70,22558525351621;38,81488306503174;39,75654550639683;21,428571428571427;26,355478159561653;19,23076923076923;1,2524455025941776;17,978323728175056;-19,23076923076923;0,9056806048507405;;;1,0;1,0;;;0,09431939514925962;
P_PHASE;1100,0;35,0;42,5;22,5;P_PHASE + SIGMA;57,746451318054895;38,8185880556141;39,752840515814476;21,42857142857143;26,353127291280376;19,230769230769226;1,2561504931765413;17,9746187375927;-19,230769230769226;0,9057670546309955;;;0,9999999999999999;0,9999999999999999;;;0,09423294536900435;
P_PHASE;1100,0;32,5;42,5;25,0;P_PHASE + SIGMA;29,342760907228172;39,08050340247815;39,490925168950426;21,42857142857143;26,18906013032405;19,230769230769226;1,5180658400405918;17,71270339072865;-19,230769230769226;0,9118784127244901;;;1,0;1,0;;;0,08812158727550988;
P_PHASE;1100,0;30,0;42,5;27,5;P_PHASE + SIGMA;2,1335262132864994;39,246070416403704;39,32535815502487;21,428571428571427;26,08752766783739;19,23076923076923;1,6836328539661451;17,547136376803095;-19,23076923076923;0,9157416430494199;;;1,0;1,0;;;0,08425835695058029;
P_PHASE;1100,0;42,5;45,0;12,5;FCC_A1 + P_PHASE + SIGMA;6,776326337818834;38,81488306503183;39,756545506396755;21,42857142857143;26,3554781595616;19,230769230769226;1,25244550259427;17,978323728174978;-19,230769230769226;0,9056806048507425;;;1,0;1,0;;;0,09431939514925755;
P_PHASE;1100,0;40,0;45,0;15,0;FCC_A1 + P_PHASE + SIGMA;21,424542159861893;38,81488306503177;39,756545506396805;21,428571428571423;26,355478159561635;19,230769230769234;1,2524455025942132;17,978323728175027;-19,230769230769234;0,9056806048507413;;;0,9999999999999999;1,0;;;0,0943193951492589;
P_PHASE;1100,0;37,5;45,0;17,5;FCC_A1 + P_PHASE + SIGMA;36,072757342037285;38,8148830650319;39,756545506396684;21,42857142857143;26,355478159561553;19,230769230769226;1,252445502594341;17,978323728174907;-19,230769230769226;0,9056806048507442;;;1,0;0,9999999999999999;;;0,09431939514925584;
P_PHASE;1100,0;35,0;45,0;20,0;FCC_A1 + P_PHASE + SIGMA;50,72097362197228;38,81488306503179;39,75654550639678;21,42857142857143;26,355478159561617;19,230769230769226;1,2524455025942345;17,978323728175006;-19,230769230769226;0,9056806048507418;;;1,0;0,9999999999999998;;;0,09431939514925826;
P_PHASE;1100,0;32,5;45,0;22,5;P_PHASE + SIGMA;29,977899061297258;38,758938774271144;39,81248979715743;21,42857142857143;26,3910765853882;19,230769230769226;1,196501211833585;18,034268018935656;-19,230769230769226;0,9043752380663266;;;1,0;0,9999999999999999;;;0,09562476193367345;
P_PHASE;1100,0;30,0;45,0;25,0;P_PHASE + SIGMA;2,6137660034340553;38,91756488984264;39,65386368158593;21,428571428571427;26,29063385956849;19,23076923076923;1,3551273274050786;17,875641903364155;-19,23076923076923;0,9080765140963282;;;0,9999999999999999;0,9999999999999999;;;0,09192348590367184;
P_PHASE;1100,0;37,5;47,5;15,0;FCC_A1 + P_PHASE + SIGMA;1,9199306660986368;38,81488306503175;39,756545506396826;21,42857142857143;26,355478159561645;19,230769230769226;1,2524455025941919;17,97832372817505;-19,230769230769226;0,9056806048507409;;;1,0;1,0;;;0,09431939514925919;
P_PHASE;1100,0;35,0;47,5;17,5;FCC_A1 + P_PHASE + SIGMA;16,568145969227306;38,814883065031836;39,75654550639674;21,42857142857143;26,35547815956159;19,230769230769226;1,2524455025942771;17,978323728174963;-19,230769230769226;0,9056806048507428;;;1,0;1,0;;;0,09431939514925723;
P_PHASE;1100,0;32,5;47,5;20,0;P_PHASE + SIGMA;27,315592440582137;38,784579341454005;39,786849229974564;21,42857142857143;26,374737504497404;19,230769230769226;1,2221417790164466;18,008627451752787;-19,230769230769226;0,9049735179672601;;;1,0;1,0;;;0,09502648203273985;
P_PHASE;1100,0;30,0;47,5;22,5;P_PHASE + SIGMA;1,7521140870689975;38,7417675773546;39,82966099407398;21,428571428571427;26,402040872909648;19,23076923076923;1,179330014917042;18,051439215852206;-19,23076923076923;0,9039745768049405;;;0,9999999999999999;0,9999999999999999;;;0,0960254231950596;
P_PHASE;1100,0;27,5;55,0;17,5;BCC_B2 + P_PHASE;63,23604651968525;37,879469917053534;40,69195865437504;21,42857142857143;26,975033592960244;19,230769230769226;0,317032354615975;18,913736876153266;-19,230769230769226;0,8838542980645824;;;1,0;0,9999999999999998;;;0,11614570193541757;
P_PHASE;1100,0;25,0;57,5;17,5;BCC_B2 + P_PHASE;55,93301844417362;37,70431057854821;40,86711799288037;21,42857142857143;27,0966524104696;19,230769230769226;0,14187301611065095;19,08889621465859;-19,230769230769226;0,8797672468327914;;;1,0;1,0;;;0,12023275316720848;
P_PHASE;1100,0;20,0;67,5;12,5;BCC_B2 + P_PHASE;30,941953890577125;38,22778535213961;40,34364321928896;21,42857142857143;26,73836281773435;19,230769230769226;0,6653477897020537;18,56542144106718;-19,230769230769226;0,8919816582165908;;;0,9999999999999999;0,9999999999999999;;;0,10801834178340909;
P_PHASE;1100,0;15,0;75,0;10,0;BCC_B2 + P_PHASE;11,820169969159094;38,23411193071232;40,33731664071626;21,42857142857143;26,734128633250176;19,230769230769226;0,6716743682747577;18,559094862494483;-19,230769230769226;0,8921292783832874;;;1,0;1,0;;;0,10787072161671261;
P_PHASE;1250,0;47,5;35,0;17,5;FCC_A1 + P_PHASE;49,58000707565914;40,239023612195425;38,33240495923315;21,42857142857143;25,515242089373537;19,230769230769226;2,6765860497578657;16,554183181011375;-19,230769230769226;0,9389105509512264;;;1,0;1,0;;;0,061089449048773496;
P_PHASE;1250,0;45,0;37,5;17,5;FCC_A1 + P_PHASE;60,355207917029375;39,70300715934977;38,86842141207882;21,42857142857143;25,816263225560213;19,230769230769226;2,140569596912208;17,09019963385704;-19,230769230769226;0,9264035003848278;;;1,0;1,0;;;0,0735964996151722;
P_PHASE;1250,0;32,5;42,5;25,0;P_PHASE + SIGMA;7,510245498917298;40,05722562439041;38,514202947038164;21,428571428571427;25,61522044340317;19,23076923076923;2,4947880619528533;16,735981168816387;-19,23076923076923;0,9346685979024429;;;0,9999999999999999;1,0;;;0,06533140209755706;
SIGMA;700,0;47,5;2,5;50,0;D_NIMO + FCC_A1 + SIGMA;12,253942302382677;29,502660736880774;17,755311304950062;52,74202795816915;15,071003401068321;12,082687298828496;-8,059776825556785;-4,022910473271715;12,082687298828496;1,0;0,03278154997571206;;0,8717490104193276;0,9672184500242877;0,08098442174377041;0,047266567836901786;;
SIGMA;700,0;45,0;2,5;52,5;BCC_B2 + D_NIMO + SIGMA;13,690095204977002;29,492383109880173;17,7288456312831;52,778771258836734;15,113034907080678;12,119430599496077;-8,070054452557386;-4,049376146938677;12,119430599496077;0,9999999999999999;0,03297206155849053;;0,8723190628565031;0,9670279384415095;0,08058566308993842;0,047095274053558366;;
SIGMA;700,0;42,5;2,5;55,0;BCC_B2 + D_NIMO + SIGMA;13,02780184495693;29,49238310988039;17,728845631283445;52,778771258836166;15,113034907080014;12,119430599495509;-8,07005445255717;-4,049376146938332;12,119430599495509;1,0;0,032972061558488426;;0,8723190628564942;0,9670279384415117;0,08058566308994375;0,04709527405356208;;
SIGMA;700,0;40,0;2,5;57,5;BCC_B2 + D_NIMO + SIGMA;12,365508481041141;29,49238310988024;17,728845631283125;52,77877125883664;15,11303490708056;12,119430599495985;-8,070054452557319;-4,049376146938652;12,119430599495985;0,9999999999999997;0,03297206155849069;;0,8723190628565016;0,9670279384415092;0,08058566308993896;0,04709527405355981;;
SIGMA;700,0;37,5;2,5;60,0;BCC_B2 + D_NIMO + SIGMA;11,703215120132219;29,492383109880322;17,72884563128348;52,77877125883621;15,113034907080074;12,119430599495551;-8,070054452557237;-4,049376146938297;12,119430599495551;0,9999999999999999;0,03297206155848743;;0,8723190628564951;0,9670279384415125;0,0805856630899441;0,047095274053561016;;
SIGMA;700,0;35,0;2,5;62,5;BCC_B2 + D_NIMO + SIGMA;11,040921756856587;29,492383109880134;17,72884563128304;52,77877125883682;15,113034907080783;12,119430599496162;-8,070054452557425;-4,049376146938737;12,119430599496162;0,9999999999999998;0,03297206155849114;;0,8723190628565047;0,9670279384415085;0,08058566308993777;0,047095274053558005;;
SIGMA;700,0;32,5;2,5;65,0;BCC_B2 + D_NIMO + SIGMA;10,37862839713358;29,492383109880244;17,72884563128319;52,77877125883658;15,11303490708049;12,11943059949592;-8,070054452557315;-4,049376146938588;12,11943059949592;1,0;0,03297206155849041;;0,8723190628565004;0,9670279384415097;0,08058566308993984;0,04709527405355957;;
SIGMA;700,0;30,0;2,5;67,5;BCC_B2 + D_NIMO + SIGMA;9,716335026816203;29,492383109880212;17,728845631282987;52,7787712588368;15,113034907080738;12,119430599496141;-8,070054452557347;-4,0493761469387906;12,119430599496141;0,9999999999999998;0,032972061558491764;;0,872319062856504;0,9670279384415083;0,08058566308993675;0,04709527405355908;;
SIGMA;700,0;27,5;2,5;70,0;BCC_B2 + D_NIMO + SIGMA;9,054041673601224;29,492383109880315;17,72884563128339;52,77877125883629;15,113034907080165;12,11943059949563;-8,070054452557244;-4,0493761469383855;12,11943059949563;0,9999999999999998;0,03297206155848858;;0,8723190628564964;0,9670279384415112;0,08058566308994297;0,04709527405356104;;
SIGMA;700,0;25,0;2,5;72,5;BCC_B2 + D_NIMO + SIGMA;8,39174830823029;29,492383109880322;17,72884563128353;52,77877125883615;15,113034907080015;12,119430599495495;-8,070054452557237;-4,049376146938247;12,119430599495495;1,0;0,032972061558487795;;0,8723190628564942;0,9670279384415124;0,08058566308994494;0,04709527405356092;;
SIGMA;700,0;22,5;2,5;75,0;BCC_B2 + D_NIMO + SIGMA;7,729454953513764;29,492383109880087;17,728845631282876;52,77877125883704;15,113034907081028;12,119430599496383;-8,070054452557471;-4,049376146938901;12,119430599496383;1,0;0,03297206155849243;;0,872319062856508;0,9670279384415078;0,08058566308993514;0,04709527405355698;;
SIGMA;700,0;20,0;2,5;77,5;BCC_B2 + D_NIMO + SIGMA;7,0671615823986125;29,492383109880087;17,728845631282823;52,77877125883709;15,113034907081083;12,119430599496432;-8,070054452557471;-4,049376146938954;12,119430599496432;0,9999999999999999;0,03297206155849248;;0,872319062856509;0,9670279384415073;0,08058566308993441;0,04709527405355714;;
SIGMA;700,0;17,5;2,5;80,0;BCC_B2 + D_NIMO + SIGMA;6,404868220996737;29,492383109880084;17,72884563128296;52,77877125883697;15,113034907080952;12,119430599496312;-8,070054452557475;-4,049376146938815;12,119430599496312;1,0;0,03297206155849113;;0,8723190628565067;0,967027938441509;0,08058566308993617;0,04709527405355684;;
SIGMA;700,0;15,0;2,5;82,5;BCC_B2 + D_NIMO + SIGMA;5,7425748591202765;29,492383109880222;17,728845631283026;52,778771258836755;15,113034907080687;12,119430599496098;-8,070054452557336;-4,0493761469387515;12,119430599496098;1,0;0,032972061558491625;;0,8723190628565032;0,9670279384415084;0,08058566308993735;0,04709527405355915;;
SIGMA;700,0;57,5;5,0;37,5;D_NIMO + FCC_A1 + SIGMA;1,109593476553666;29,50266073688068;17,75531130494965;52,74202795816968;15,071003401068904;12,082687298829022;-8,059776825556877;-4,022910473272127;12,082687298829022;1,0;0,03278154997571494;;0,8717490104193356;0,9672184500242853;0,08098442174376407;0,047266567836900156;;
SIGMA;700,0;52,5;5,0;42,5;D_NIMO + FCC_A1 + SIGMA;10,964886570718932;29,502660736880838;17,75531130494995;52,74202795816921;15,071003401068364;12,082687298828553;-8,059776825556721;-4,022910473271828;12,082687298828553;0,9999999999999999;0,032781549975713184;;0,8717490104193284;0,9672184500242867;0,08098442174376871;0,04726656783690285;;
SIGMA;700,0;47,5;5,0;47,5;D_NIMO + FCC_A1 + SIGMA;20,820179656969202;29,502660736880813;17,7553113049501;52,74202795816909;15,07100340106824;12,082687298828432;-8,059776825556746;-4,022910473271676;12,082687298828432;0,9999999999999997;0,03278154997571212;;0,8717490104193266;0,9672184500242879;0,08098442174377106;0,047266567836902654;;
SIGMA;700,0;45,0;5,0;50,0;D_NIMO + FCC_A1 + SIGMA;25,747826203752417;29,50266073688084;17,755311304949988;52,742027958169174;15,071003401068323;12,082687298828517;-8,059776825556717;-4,022910473271789;12,082687298828517;0,9999999999999999;0,03278154997571308;;0,8717490104193278;0,967218450024287;0,08098442174376935;0,04726656783690294;;
SIGMA;700,0;42,5;5,0;52,5;BCC_B2 + D_NIMO + SIGMA;27,871038114559326;29,492383109880123;17,728845631282823;52,77877125883707;15,113034907081047;12,119430599496411;-8,070054452557436;-4,049376146938954;12,119430599496411;1,0;0,03297206155849338;;0,8723190628565081;0,9670279384415066;0,08058566308993444;0,04709527405355756;;
SIGMA;700,0;40,0;5,0;55,0;BCC_B2 + D_NIMO + SIGMA;27,20874474565423;29,49238310988031;17,72884563128338;52,77877125883631;15,113034907080186;12,11943059949565;-8,070054452557248;-4,049376146938396;12,11943059949565;1,0;0,03297206155848871;;0,8723190628564964;0,9670279384415114;0,08058566308994267;0,0470952740535607;;
SIGMA;700,0;37,5;5,0;57,5;BCC_B2 + D_NIMO + SIGMA;26,546451385146657;29,49238310988005;17,728845631282866;52,7787712588371;15,113034907081097;12,11943059949644;-8,07005445255751;-4,049376146938911;12,11943059949644;0,9999999999999999;0,03297206155849198;;0,8723190628565087;0,9670279384415078;0,08058566308993484;0,04709527405355636;;
SIGMA;700,0;35,0;5,0;60,0;BCC_B2 + D_NIMO + SIGMA;25,884158021467645;29,492383109880087;17,728845631282816;52,7787712588371;15,11303490708109;12,11943059949644;-8,070054452557471;-4,049376146938961;12,11943059949644;0,9999999999999996;0,03297206155849302;;0,8723190628565087;0,9670279384415064;0,0805856630899344;0,04709527405355719;;
SIGMA;700,0;32,5;5,0;62,5;BCC_B2 + D_NIMO + SIGMA;25,221864657597237;29,492383109880144;17,72884563128304;52,77877125883682;15,113034907080777;12,119430599496162;-8,070054452557414;-4,049376146938737;12,119430599496162;1,0;0,032972061558491375;;0,8723190628565044;0,9670279384415084;0,08058566308993767;0,04709527405355786;;
SIGMA;700,0;30,0;5,0;65,0;BCC_B2 + D_NIMO + SIGMA;24,5595712921298;29,492383109880038;17,72884563128282;52,77877125883714;15,113034907081149;12,119430599496482;-8,070054452557521;-4,0493761469389575;12,119430599496482;1,0;0,03297206155849292;;0,8723190628565095;0,967027938441507;0,08058566308993428;0,04709527405355624;;
SIGMA;700,0;27,5;5,0;67,5;BCC_B2 + D_NIMO + SIGMA;23,89727792870194;29,492383109880098;17,728845631282976;52,77877125883693;15,11303490708091;12,119430599496276;-8,07005445255746;-4,049376146938801;12,119430599496276;1,0;0,03297206155849137;;0,8723190628565063;0,9670279384415086;0,08058566308993664;0,04709527405355717;;
SIGMA;700,0;22,5;5,0;72,5;BCC_B2 + DELTA + SIGMA;21,796018200794006;30,035943842105972;16,404381712260307;53,55967444563372;15,872771546724215;12,90033378629306;-7,526493720331587;-5,3738400659614705;12,90033378629306;0,9999999999999998;0,05096434274547081;;0,8813358312615686;0,9490356572545289;0,06250954914777651;0,05615461959065518;;
SIGMA;700,0;20,0;5,0;75,0;BCC_B2 + D_NIMO + SIGMA;21,910397848663273;29,492383109880087;17,72884563128281;52,77877125883711;15,113034907081103;12,119430599496454;-8,070054452557471;-4,049376146938968;12,119430599496454;1,0;0,03297206155849275;;0,8723190628565088;0,9670279384415074;0,08058566308993399;0,04709527405355692;;
SIGMA;700,0;17,5;5,0;77,5;BCC_B2 + SIGMA;48,284203469385005;36,07130663458216;9,613583470972397;54,315109894445456;18,34889451690866;13,655769235104799;-1,4911309278554015;-12,16463830724938;13,655769235104799;1,0;0,34945190536944315;;0,8275958526031032;0,6505480946305569;0,01566014793163836;0,15674399946525797;;
SIGMA;700,0;15,0;5,0;80,0;BCC_B2 + SIGMA;42,92969970114391;34,729067668560205;10,680866508806067;54,59006582263374;18,03453305484692;13,930725163293083;-2,8333698938773537;-11,09735526941571;13,930725163293083;1,0;0,2822075238769867;;0,8471216472934523;0,7177924761230159;0,018505002674986136;0,13437335003155773;;
SIGMA;700,0;60,0;7,5;32,5;D_NIMO + FCC_A1 + SIGMA;4,748184311208201;29,502660736880674;17,755311304949522;52,7420279581698;15,071003401069037;12,082687298829143;-8,059776825556884;-4,022910473272255;12,082687298829143;1,0;0,032781549975716646;;0,8717490104193375;0,9672184500242835;0,08098442174376237;0,047266567836900156;;
SIGMA;700,0;57,5;7,5;35,0;D_NIMO + FCC_A1 + SIGMA;9,675830867202102;29,502660736881452;17,755311304951793;52,74202795816676;15,071003401065578;12,082687298826102;-8,059776825556106;-4,0229104732699845;12,082687298826102;1,0;0,032781549975699355;;0,8717490104192903;0,967218450024301;0,0809844217437962;0,0472665678369129;;
SIGMA;700,0;55,0;7,5;37,5;D_NIMO + FCC_A1 + SIGMA;14,603477395852508;29,50266073688067;17,75531130494973;52,7420279581696;15,071003401068824;12,082687298828944;-8,059776825556888;-4,022910473272049;12,082687298828944;1,0;0,032781549975714176;;0,8717490104193347;0,9672184500242859;0,08098442174376536;0,047266567836900135;;
SIGMA;700,0;52,5;7,5;40,0;D_NIMO + FCC_A1 + SIGMA;19,53112392840697;29,502660736881154;17,755311304950848;52,742027958168;15,071003401066985;12,082687298827345;-8,059776825556405;-4,0229104732709295;12,082687298827345;0,9999999999999997;0,03278154997570711;;0,8717490104193096;0,9672184500242932;0,08098442174378226;0,04726656783690828;;
SIGMA;700,0;50,0;7,5;42,5;D_NIMO + FCC_A1 + SIGMA;24,45877048720979;29,50266073688084;17,755311304950027;52,74202795816913;15,071003401068277;12,082687298828475;-8,059776825556717;-4,02291047327175;12,082687298828475;1,0;0,032781549975712275;;0,8717490104193273;0,9672184500242873;0,08098442174376996;0,04726656783690293;;
SIGMA;700,0;47,5;7,5;45,0;D_NIMO + FCC_A1 + SIGMA;29,386417026754984;29,502660736880852;17,755311304950027;52,742027958169125;15,071003401068266;12,082687298828468;-8,059776825556707;-4,02291047327175;12,082687298828468;1,0;0,03278154997571265;;0,871749010419327;0,9672184500242874;0,08098442174376984;0,04726656783690302;;
SIGMA;700,0;45,0;7,5;47,5;D_NIMO + FCC_A1 + SIGMA;34,31406356541877;29,502660736880834;17,755311304950272;52,7420279581689;15,071003401068028;12,08268729882824;-8,059776825556725;-4,022910473271505;12,08268729882824;1,0;0,032781549975710506;;0,8717490104193237;0,9672184500242895;0,08098442174377354;0,04726656783690284;;
SIGMA;700,0;42,5;7,5;50,0;D_NIMO + FCC_A1 + SIGMA;39,24171010708212;29,502660736880838;17,755311304950023;52,74202795816913;15,07100340106828;12,082687298828475;-8,059776825556721;-4,022910473271754;12,082687298828475;0,9999999999999996;0,032781549975713045;;0,8717490104193274;0,9672184500242869;0,08098442174377009;0,047266567836903084;;
SIGMA;700,0;40,0;7,5;52,5;BCC_B2 + D_NIMO + SIGMA;42,051981008182075;29,492383109880514;17,72884563128399;52,7787712588355;15,113034907079266;12,11943059949484;-8,070054452557045;-4,049376146937789;12,11943059949484;0,9999999999999997;0,032972061558483895;;0,8723190628564839;0,9670279384415158;0,08058566308995181;0,04709527405356422;;
SIGMA;700,0;37,5;7,5;55,0;BCC_B2 + D_NIMO + SIGMA;41,389687646287996;29,49238310988035;17,728845631283473;52,77877125883619;15,113034907080044;12,11943059949553;-8,070054452557208;-4,049376146938304;12,11943059949553;1,0;0,032972061558488086;;0,8723190628564945;0,967027938441512;0,08058566308994404;0,04709527405356125;;
SIGMA;700,0;35,0;7,5;57,5;BCC_B2 + D_NIMO + SIGMA;40,7273942797305;29,492383109880276;17,72884563128331;52,77877125883642;15,113034907080316;12,119430599495765;-8,070054452557283;-4,049376146938467;12,119430599495765;1,0;0,032972061558489335;;0,8723190628564982;0,9670279384415107;0,08058566308994163;0,04709527405356003;;
SIGMA;700,0;32,5;7,5;60,0;BCC_B2 + D_NIMO + SIGMA;40,065100921082056;29,492383109880006;17,72884563128265;52,77877125883735;15,113034907081383;12,119430599496695;-8,070054452557553;-4,049376146939128;12,119430599496695;1,0;0,03297206155849373;;0,8723190628565127;0,9670279384415064;0,08058566308993163;0,04709527405355563;;
SIGMA;700,0;30,0;7,5;62,5;BCC_B2 + D_NIMO + SIGMA;39,402807551638055;29,492383109880237;17,728845631283185;52,778771258836585;15,1130349070805;12,119430599495928;-8,070054452557322;-4,049376146938592;12,119430599495928;0,9999999999999997;0,03297206155849048;;0,8723190628565007;0,9670279384415098;0,08058566308993974;0,047095274053559615;;
SIGMA;700,0;27,5;7,5;65,0;BCC_B2 + D_NIMO + SIGMA;38,74051419500857;29,492383109880322;17,728845631283544;52,77877125883613;15,113034907079994;12,119430599495473;-8,070054452557237;-4,049376146938233;12,119430599495473;1,0;0,032972061558487836;;0,8723190628564937;0,9670279384415122;0,08058566308994518;0,04709527405356088;;
SIGMA;700,0;25,0;7,5;67,5;BCC_B2 + SIGMA;70,88148912721249;35,204364696560724;10,289043565475648;54,50659173796364;18,14684782763801;13,847251078622982;-2,358072865876835;-11,489178212746129;13,847251078622982;1,0;0,30639582682893246;;0,8403552341151858;0,6936041731710701;0,017349798719911706;0,1422949671649003;;
SIGMA;700,0;22,5;7,5;70,0;BCC_B2 + SIGMA;65,46653367121715;34,28521358058704;11,062498601263945;54,65228781814902;17,926781373732723;13,992947158808363;-3,2772239818505184;-10,715723176957832;13,992947158808363;1,0;0,259301675769237;;0,8532488690204334;0,7406983242307629;0,01977534908089675;0,12697578189867448;;
SIGMA;700,0;20,0;7,5;72,5;BCC_B2 + SIGMA;59,88309450092035;33,29474736866459;11,979487529228303;54,72576510210711;17,666144714579954;14,066424442766454;-4,267690193772971;-9,798734248993474;14,066424442766454;1,0;0,20743369865641856;;0,8659997075559143;0,7925663013435796;0,023532280744120674;0,11046801169996538;;
SIGMA;700,0;17,5;7,5;75,0;BCC_B2 + FCC_A1 + SIGMA;24,895697168814664;29,505347679850836;17,6926950022914;52,80195731785776;15,134443026706418;12,142616658517106;-8,057089882586723;-4,085526775930376;12,142616658517106;1,0;0,033354828160771705;;0,872620437928569;0,9666451718392282;0,0800682118516949;0,04731135021973612;;
SIGMA;700,0;15,0;7,5;77,5;BCC_B2 + D_NIMO + SIGMA;35,42904738606811;29,49238310988041;17,72884563128375;52,778771258835846;15,113034907079664;12,119430599495189;-8,070054452557148;-4,049376146938027;12,119430599495189;1,0;0,03297206155848635;;0,8723190628564893;0,9670279384415138;0,08058566308994827;0,0470952740535624;;
SIGMA;700,0;65,0;10,0;25,0;D_NIMO + FCC_A1 + SIGMA;3,4591285902336013;29,502660736880824;17,755311304950073;52,742027958169096;15,071003401068246;12,08268729882844;-8,059776825556735;-4,022910473271704;12,08268729882844;1,0;0,03278154997571215;;0,8717490104193266;0,9672184500242881;0,08098442174377044;0,047266567836902466;;
SIGMA;700,0;62,5;10,0;27,5;D_NIMO + FCC_A1 + SIGMA;8,386775132703283;29,502660736880777;17,755311304949835;52,7420279581694;15,07100340106858;12,082687298828745;-8,059776825556781;-4,022910473271942;12,082687298828745;0,9999999999999999;0,03278154997571385;;0,8717490104193312;0,967218450024286;0,08098442174376697;0,047266567836901786;;
SIGMA;700,0;57,5;10,0;32,5;D_NIMO + FCC_A1 + SIGMA;18,242068224724484;29,50266073688075;17,75531130495004;52,74202795816921;15,071003401068387;12,082687298828553;-8,05977682555681;-4,022910473271736;12,082687298828553;1,0;0,03278154997571212;;0,8717490104193287;0,9672184500242879;0,08098442174377007;0,047266567836901335;;
SIGMA;700,0;55,0;10,0;35,0;D_NIMO + FCC_A1 + SIGMA;23,169714748040636;29,502660736880955;17,75531130495028;52,74202795816877;15,071003401067859;12,082687298828112;-8,059776825556604;-4,022910473271498;12,082687298828112;1,0;0,03278154997571116;;0,8717490104193213;0,9672184500242891;0,08098442174377374;0,04726656783690472;;
SIGMA;700,0;52,5;10,0;37,5;D_NIMO + FCC_A1 + SIGMA;28,09736129506963;29,502660736880813;17,755311304950144;52,74202795816903;15,071003401068182;12,082687298828375;-8,059776825556746;-4,022910473271633;12,082687298828375;1,0;0,03278154997571147;;0,8717490104193258;0,9672184500242886;0,0809844217437716;0,047266567836902536;;
SIGMA;700,0;50,0;10,0;40,0;D_NIMO + FCC_A1 + SIGMA;33,02500784408259;29,502660736880365;17,755311304949007;52,742027958170624;15,071003401070001;12,082687298829967;-8,059776825557194;-4,02291047327277;12,082687298829967;0,9999999999999996;0,032781549975719165;;0,8717490104193504;0,9672184500242805;0,08098442174375436;0,047266567836895076;;
SIGMA;700,0;47,5;10,0;42,5;D_NIMO + FCC_A1 + SIGMA;37,95265438397206;29,50266073688042;17,755311304949153;52,74202795817043;15,07100340106978;12,082687298829775;-8,05977682555714;-4,022910473272624;12,082687298829775;1,0;0,03278154997571829;;0,8717490104193476;0,9672184500242818;0,0809844217437566;0,04726656783689593;;
SIGMA;700,0;45,0;10,0;45,0;D_NIMO + FCC_A1 + SIGMA;42,88030093603931;29,502660736880408;17,755311304949185;52,74202795817041;15,07100340106976;12,082687298829754;-8,059776825557151;-4,022910473272592;12,082687298829754;1,0;0,03278154997571794;;0,8717490104193473;0,9672184500242819;0,08098442174375713;0,0472665678368957;;
SIGMA;700,0;42,5;10,0;47,5;D_NIMO + FCC_A1 + SIGMA;47,80794746591241;29,502660736880742;17,75531130494984;52,74202795816942;15,071003401068614;12,082687298828766;-8,059776825556817;-4,0229104732719385;12,082687298828766;0,9999999999999998;0,032781549975713795;;0,8717490104193317;0,9672184500242861;0,08098442174376709;0,047266567836901294;;
SIGMA;700,0;40,0;10,0;50,0;D_NIMO + FCC_A1 + SIGMA;52,73559401913032;29,502660736881385;17,75531130495156;52,74202795816705;15,071003401065909;12,082687298826393;-8,059776825556174;-4,0229104732702154;12,082687298826393;1,0;0,032781549975700965;;0,871749010419295;0,9672184500242986;0,08098442174379304;0,04726656783691203;;
SIGMA;700,0;37,5;10,0;52,5;BCC_B2 + D_NIMO + SIGMA;56,232923909364175;29,492383109880073;17,72884563128295;52,778771258836976;15,113034907080964;12,119430599496319;-8,070054452557486;-4,049376146938826;12,119430599496319;0,9999999999999999;0,0329720615584922;;0,8723190628565067;0,9670279384415083;0,08058566308993616;0,04709527405355676;;
SIGMA;700,0;35,0;10,0;55,0;BCC_B2 + D_NIMO + SIGMA;55,570630549639574;29,492383109879768;17,728845631281853;52,77877125883839;15,113034907082556;12,119430599497733;-8,070054452557791;-4,049376146939924;12,119430599497733;1,0;0,032972061558500146;;0,8723190628565286;0,9670279384415001;0,08058566308991974;0,04709527405355162;;
SIGMA;700,0;32,5;10,0;57,5;BCC_B2 + D_NIMO + SIGMA;54,908337179210434;29,492383109879903;17,728845631282606;52,77877125883748;15,113034907081552;12,119430599496823;-8,070054452557656;-4,049376146939171;12,119430599496823;0,9999999999999998;0,03297206155849384;;0,8723190628565151;0,9670279384415058;0,080585663089931;0,04709527405355401;;
SIGMA;700,0;30,0;10,0;60,0;BCC_B2 + D_NIMO + SIGMA;54,24604382116349;29,492383109880226;17,72884563128345;52,778771258836315;15,11303490708022;12,119430599495658;-8,070054452557333;-4,049376146938329;12,119430599495658;1,0;0,032972061558487996;;0,8723190628564969;0,9670279384415121;0,08058566308994368;0,04709527405355936;;
SIGMA;700,0;27,5;10,0;62,5;BCC_B2 + D_NIMO + SIGMA;53,583750453194725;29,492383109879853;17,728845631282383;52,77877125883777;15,113034907081872;12,119430599497115;-8,070054452557706;-4,0493761469393945;12,119430599497115;0,9999999999999999;0,03297206155849581;;0,8723190628565194;0,9670279384415043;0,08058566308992757;0,04709527405355313;;
SIGMA;700,0;25,0;10,0;65,0;BCC_B2 + FCC_A1 + SIGMA;37,46916385756613;29,505347679850818;17,692695002291465;52,80195731785773;15,134443026706382;12,14261665851707;-8,057089882586741;-4,085526775930312;12,14261665851707;1,0;0,033354828160771115;;0,8726204379285685;0,9666451718392286;0,08006821185169583;0,047311350219735815;;
SIGMA;700,0;22,5;10,0;67,5;BCC_B2 + D_NIMO + SIGMA;52,25916373973549;29,492383109880404;17,728845631283697;52,77877125883591;15,113034907079735;12,119430599495253;-8,070054452557155;-4,04937614693808;12,119430599495253;0,9999999999999999;0,032972061558486164;;0,8723190628564905;0,9670279384415138;0,0805856630899475;0,04709527405356248;;
SIGMA;700,0;20,0;10,0;70,0;BCC_B2 + D_NIMO + SIGMA;51,59687036967227;29,49238310987993;17,728845631282567;52,77877125883751;15,113034907081571;12,119430599496852;-8,070054452557628;-4,04937614693921;12,119430599496852;0,9999999999999996;0,032972061558493956;;0,8723190628565156;0,9670279384415058;0,08058566308993041;0,0470952740535547;;
SIGMA;700,0;17,5;10,0;72,5;BCC_B2 + D_NIMO + SIGMA;50,93457701490024;29,492383109880056;17,728845631282738;52,77877125883722;15,113034907081225;12,11943059949656;-8,070054452557503;-4,049376146939039;12,11943059949656;0,9999999999999999;0,03297206155849337;;0,8723190628565105;0,9670279384415066;0,08058566308993302;0,04709527405355643;;
SIGMA;700,0;15,0;10,0;75,0;BCC_B2 + D_NIMO + SIGMA;50,27228365169728;29,49238310987997;17,728845631282457;52,778771258837565;15,113034907081625;12,119430599496908;-8,070054452557589;-4,04937614693932;12,119430599496908;1,0;0,03297206155849485;;0,8723190628565162;0,967027938441505;0,0805856630899287;0,047095274053555077;;
SIGMA;700,0;65,0;12,5;22,5;D_NIMO + FCC_A1 + SIGMA;12,025365951369826;29,502660736880802;17,755311304950023;52,74202795816917;15,071003401068328;12,08268729882851;-8,059776825556757;-4,022910473271754;12,08268729882851;1,0;0,032781549975712386;;0,8717490104193276;0,9672184500242876;0,08098442174376973;0,047266567836902265;;
SIGMA;700,0;62,5;12,5;25,0;D_NIMO + FCC_A1 + SIGMA;16,95301250421284;29,502660736879875;17,755311304947814;52,74202795817232;15,071003401071943;12,082687298831665;-8,059776825557684;-4,022910473273964;12,082687298831665;1,0;0,03278154997572778;;0,8717490104193768;0,9672184500242722;0,0809844217437363;0,04726656783688668;;
SIGMA;700,0;60,0;12,5;27,5;D_NIMO + FCC_A1 + SIGMA;21,880659035003845;29,502660736879957;17,755311304947828;52,74202795817221;15,071003401071804;12,082687298831551;-8,059776825557602;-4,022910473273949;12,082687298831551;1,0;0,032781549975728554;;0,8717490104193749;0,9672184500242718;0,08098442174373674;0,04726656783688817;;
SIGMA;700,0;57,5;12,5;30,0;D_NIMO + FCC_A1 + SIGMA;26,808305570465972;29,502660736881282;17,755311304951167;52,74202795816755;15,071003401066466;12,08268729882689;-8,059776825556277;-4,02291047327061;12,08268729882689;1,0;0,032781549975704226;;0,8717490104193026;0,9672184500242957;0,08098442174378707;0,04726656783691012;;
SIGMA;700,0;55,0;12,5;32,5;D_NIMO + FCC_A1 + SIGMA;31,735952110643755;29,50266073688003;17,755311304948012;52,74202795817195;15,071003401071511;12,082687298831296;-8,059776825557528;-4,022910473273765;12,082687298831296;1,0;0,03278154997572698;;0,8717490104193709;0,9672184500242733;0,08098442174373946;0,0472665678368893;;
SIGMA;700,0;52,5;12,5;35,0;D_NIMO + FCC_A1 + SIGMA;36,66359865286837;29,502660736880443;17,755311304949213;52,74202795817035;15,071003401069682;12,08268729882969;-8,059776825557115;-4,022910473272564;12,08268729882969;1,0;0,032781549975718256;;0,8717490104193459;0,9672184500242816;0,08098442174375761;0,04726656783689622;;
SIGMA;700,0;50,0;12,5;37,5;D_NIMO + FCC_A1 + SIGMA;41,59124520244399;29,502660736880713;17,755311304949892;52,742027958169395;15,071003401068593;12,082687298828738;-8,059776825556845;-4,022910473271885;12,082687298828738;1,0;0,03278154997571295;;0,8717490104193316;0,9672184500242869;0,08098442174376781;0,04726656783690082;;
SIGMA;700,0;47,5;12,5;40,0;D_NIMO + FCC_A1 + SIGMA;46,518891744258624;29,502660736880102;17,755311304948293;52,7420279581716;15,071003401071113;12,08268729883094;-8,059776825557456;-4,022910473273484;12,08268729883094;0,9999999999999999;0,0327815499757245;;0,8717490104193658;0,9672184500242754;0,08098442174374375;0,04726656783689083;;
SIGMA;700,0;45,0;12,5;42,5;D_NIMO + FCC_A1 + SIGMA;51,446538286468716;29,502660736880223;17,755311304948517;52,74202795817126;15,07100340107072;12,082687298830606;-8,059776825557336;-4,02291047327326;12,082687298830606;0,9999999999999997;0,03278154997572278;;0,8717490104193604;0,967218450024277;0,08098442174374706;0,04726656783689273;;
SIGMA;700,0;42,5;12,5;45,0;D_NIMO + FCC_A1 + SIGMA;56,37418482953468;29,502660736880603;17,755311304949462;52,74202795816994;15,071003401069206;12,082687298829285;-8,059776825556956;-4,022910473272315;12,082687298829285;0,9999999999999998;0,032781549975716404;;0,8717490104193399;0,9672184500242836;0,08098442174376137;0,04726656783689906;;
SIGMA;700,0;40,0;12,5;47,5;D_NIMO + FCC_A1 + SIGMA;61,30183137173931;29,502660736880745;17,755311304949885;52,74202795816937;15,07100340106856;12,082687298828716;-8,059776825556813;-4,022910473271892;12,082687298828716;0,9999999999999998;0,03278154997571375;;0,871749010419331;0,9672184500242862;0,08098442174376777;0,04726656783690135;;
SIGMA;700,0;37,5;12,5;50,0;D_NIMO + FCC_A1 + SIGMA;66,2294779112491;29,502660736880728;17,755311304949885;52,74202795816939;15,071003401068582;12,08268729882873;-8,059776825556831;-4,022910473271892;12,08268729882873;0,9999999999999998;0,03278154997571339;;0,8717490104193313;0,9672184500242864;0,08098442174376781;0,04726656783690114;;
SIGMA;700,0;35,0;12,5;52,5;BCC_B2 + D_NIMO + SIGMA;70,41386680527893;29,49238310988012;17,72884563128293;52,77877125883695;15,113034907080923;12,11943059949629;-8,07005445255744;-4,049376146938847;12,11943059949629;0,9999999999999998;0,032972061558491396;;0,8723190628565068;0,9670279384415086;0,08058566308993584;0,04709527405355769;;
SIGMA;700,0;32,5;12,5;55,0;BCC_B2 + D_NIMO + SIGMA;69,75157344444335;29,4923831098799;17,728845631282343;52,77877125883776;15,113034907081849;12,1194305994971;-8,07005445255766;-4,049376146939434;12,1194305994971;0,9999999999999999;0,032972061558496614;;0,8723190628565187;0,9670279384415036;0,08058566308992708;0,04709527405355381;;
SIGMA;700,0;30,0;12,5;57,5;BCC_B2 + D_NIMO + SIGMA;69,08928008281595;29,49238310988016;17,728845631283185;52,778771258836656;15,1130349070806;12,119430599495999;-8,0700544525574;-4,049376146938592;12,119430599495999;1,0;0,03297206155849041;;0,872319062856502;0,9670279384415097;0,08058566308993985;0,047095274053558296;;
SIGMA;700,0;27,5;12,5;60,0;BCC_B2 + D_NIMO + SIGMA;68,42698672104254;29,492383109880148;17,728845631283004;52,778771258836855;15,113034907080813;12,119430599496198;-8,070054452557411;-4,049376146938773;12,119430599496198;1,0;0,03297206155849159;;0,8723190628565048;0,9670279384415084;0,08058566308993703;0,04709527405355796;;
SIGMA;700,0;25,0;12,5;62,5;BCC_B2 + D_NIMO + SIGMA;67,76469336417176;29,492383109880304;17,72884563128357;52,77877125883612;15,113034907079992;12,119430599495466;-8,070054452557255;-4,049376146938208;12,119430599495466;0,9999999999999999;0,032972061558486664;;0,872319062856494;0,9670279384415134;0,08058566308994548;0,04709527405356076;;
SIGMA;700,0;22,5;12,5;65,0;BCC_B2 + D_NIMO + SIGMA;67,10239999858568;29,49238310988003;17,728845631283008;52,77877125883696;15,11303490708096;12,119430599496305;-8,070054452557528;-4,049376146938769;12,119430599496305;1,0;0,03297206155849106;;0,8723190628565071;0,9670279384415089;0,08058566308993706;0,04709527405355612;;
SIGMA;700,0;20,0;12,5;67,5;BCC_B2 + D_NIMO + SIGMA;66,44010664680825;29,492383109879857;17,72884563128216;52,778771258837985;15,1130349070821;12,119430599497328;-8,070054452557702;-4,049376146939618;12,119430599497328;1,0;0,03297206155849755;;0,8723190628565225;0,9670279384415025;0,08058566308992429;0,04709527405355315;;
SIGMA;700,0;17,5;12,5;70,0;BCC_B2 + SIGMA;60,02082992494121;29,087847861844413;19,006649573966612;51,905502564188986;14,351879342680562;11,246161904848329;-8,474589700593146;-2,7715722042551647;11,246161904848329;0,9999999999999999;0,02223536514884394;;0,8601505171478512;0,977764634851156;0,09949646293252;0,04035301991962917;;
SIGMA;700,0;15,0;12,5;72,5;BCC_B2 + SIGMA;52,15541088696689;28,67303674848476;20,714986092408182;50,61197715910707;13,38681777911296;9,952636499766413;-8,8894008139528;-1,063235685813595;9,952636499766413;0,9999999999999999;0,013684389767722042;;0,840491977147846;0,9863156102322782;0,12606852148851896;0,03343950136363484;;
SIGMA;700,0;70,0;15,0;15,0;FCC_A1 + SIGMA;0,6352117736209082;29,42076006466131;20,1613166418731;50,4179232934656;12,8113711102595;9,758582634124942;-8,14167749777625;-1,6169051363486773;9,758582634124942;1,0;0,017492062888431928;;0,8364115964714416;0,9825079371115685;0,1176868468953142;0,04590155663324398;;
SIGMA;700,0;67,5;15,0;17,5;FCC_A1 + SIGMA;7,048905446647886;29,43076596191551;19,814559233394018;50,75467480469048;13,110904816791338;10,095334145349824;-8,131671600522047;-1,9636625448277591;10,095334145349824;1,0;0,019068769798721012;;0,8416737423451254;0,9809312302012789;0,11225793606739379;0,04606832158748066;;
SIGMA;700,0;65,0;15,0;20,0;FCC_A1 + SIGMA;13,418394879754667;29,440907423623045;19,477744398501468;51,08134817787548;13,411550569813834;10,422007518534826;-8,121530138814514;-2,3004773797203093;10,422007518534826;1,0;0,020762402647230255;;0,8467419357096513;0,9792375973527699;0,10702071834107561;0,046237345949273014;;
SIGMA;700,0;62,5;15,0;22,5;FCC_A1 + SIGMA;19,746711666513505;29,451274124659815;19,14915020899509;51,3995756663451;13,71333794654468;10,740235007004443;-8,111163437777744;-2,6290715692266886;10,740235007004443;1,0;0,02258788791499031;;0,8516400637913093;0,9774121120850097;0,10194981190880488;0,04641012429988582;;
SIGMA;700,0;60,0;15,0;25,0;FCC_A1 + SIGMA;26,036468407594445;29,461962022151717;18,82724752422104;51,71079045362724;14,016436622129797;11,051449794286583;-8,100475540285842;-2,9509742540007373;11,051449794286583;1,0;0,02456253531961394;;0,8563881663783176;0,9754374646803862;0,09702357769693153;0,046588255924750896;;
SIGMA;700,0;57,5;15,0;27,5;FCC_A1 + SIGMA;32,28995380757381;29,473076852829205;18,510652214355634;52,016270932815154;14,321125402056266;11,356930273474497;-8,089360709608354;-3,267569563866143;11,356930273474497;1,0;0,02670653947580949;;0,8610030623300726;0,9732934605241909;0,09222343456721815;0,04677350310270898;;
SIGMA;700,0;55,0;15,0;30,0;FCC_A1 + SIGMA;38,509212525448504;29,48473810584895;18,198087248706738;52,317174645444304;14,627771019808556;11,657833986103647;-8,077699456588608;-3,580134529515039;11,657833986103647;0,9999999999999998;0,02904359400645876;;0,8654987787559698;0,970956405993541;0,08753336392432537;0,04696785731970488;;
SIGMA;700,0;52,5;15,0;32,5;FCC_A1 + SIGMA;44,696116341890715;29,497083738061907;17,888351895552482;52,61456436638562;14,936813378427091;11,955223707044965;-8,065353824375652;-3,889869882669295;11,955223707044965;1,0;0,03160164551688199;;0,8698868182137866;0,9683983544831183;0,08293956392962619;0,047173617856587316;;
SIGMA;700,0;50,0;15,0;35,0;D_NIMO + FCC_A1 + SIGMA;50,15748256614801;29,502660736880674;17,755311304949633;52,742027958169686;15,071003401068916;12,082687298829029;-8,059776825556884;-4,022910473272145;12,082687298829029;1,0;0,03278154997571561;;0,8717490104193358;0,9672184500242846;0,08098442174376393;0,04726656783690012;;
SIGMA;700,0;47,5;15,0;37,5;D_NIMO + FCC_A1 + SIGMA;55,085129113663896;29,502660736880625;17,755311304949625;52,74202795816974;15,07100340106899;12,082687298829086;-8,059776825556934;-4,022910473272152;12,082687298829086;1,0;0,03278154997571515;;0,8717490104193367;0,9672184500242847;0,08098442174376375;0,0472665678368993;;
SIGMA;700,0;45,0;15,0;40,0;D_NIMO + FCC_A1 + SIGMA;60,01277565448107;29,502660736879687;17,755311304947245;52,742027958173075;15,0710034010728;12,082687298832418;-8,059776825557872;-4,022910473274532;12,082687298832418;1,0;0,03278154997573206;;0,8717490104193883;0,9672184500242684;0,0809844217437277;0,047266567836883606;;
SIGMA;700,0;42,5;15,0;42,5;D_NIMO + FCC_A1 + SIGMA;64,94042220040625;29,502660736879744;17,75531130494733;52,74202795817293;15,071003401072632;12,082687298832276;-8,059776825557815;-4,022910473274447;12,082687298832276;0,9999999999999997;0,03278154997573228;;0,871749010419386;0,9672184500242678;0,08098442174372927;0,04726656783688473;;
SIGMA;700,0;40,0;15,0;45,0;D_NIMO + FCC_A1 + SIGMA;69,8680687402884;29,502660736879747;17,755311304947412;52,74202795817284;15,071003401072534;12,082687298832184;-8,059776825557812;-4,022910473274365;12,082687298832184;1,0;0,032781549975730795;;0,8717490104193848;0,9672184500242692;0,08098442174373026;0,04726656783688461;;
SIGMA;700,0;37,5;15,0;47,5;D_NIMO + FCC_A1 + SIGMA;74,79571527088645;29,502660736880514;17,755311304949302;52,742027958170176;15,071003401069483;12,08268729882952;-8,059776825557044;-4,022910473272475;12,08268729882952;1,0;0,03278154997571752;;0,8717490104193436;0,9672184500242826;0,08098442174375893;0,04726656783689746;;
SIGMA;700,0;35,0;15,0;50,0;D_NIMO + FCC_A1 + SIGMA;79,72336182905613;29,502660736880504;17,75531130494925;52,74202795817025;15,07100340106956;12,08268729882959;-8,059776825557055;-4,022910473272528;12,08268729882959;1,0;0,0327815499757175;;0,8717490104193446;0,9672184500242823;0,08098442174375804;0,0472665678368973;;
SIGMA;700,0;32,5;15,0;52,5;BCC_B2 + D_NIMO + SIGMA;84,59480970723583;29,492383109880354;17,728845631283434;52,77877125883622;15,113034907080081;12,119430599495566;-8,070054452557205;-4,049376146938343;12,119430599495566;1,0;0,032972061558488315;;0,8723190628564951;0,9670279384415119;0,08058566308994347;0,0470952740535614;;
SIGMA;700,0;30,0;15,0;55,0;BCC_B2 + D_NIMO + SIGMA;83,93251634451005;29,492383109880343;17,72884563128351;52,778771258836144;15,113034907080003;12,119430599495487;-8,070054452557216;-4,049376146938268;12,119430599495487;0,9999999999999999;0,03297206155848793;;0,8723190628564941;0,9670279384415118;0,08058566308994479;0,04709527405356145;;
SIGMA;700,0;27,5;15,0;57,5;BCC_B2 + FCC_A1 + SIGMA;78,66199422345674;29,505347679850846;17,69269500229148;52,80195731785767;15,134443026706316;12,142616658517014;-8,057089882586713;-4,085526775930298;12,142616658517014;1,0;0,03335482816077141;;0,8726204379285676;0,9666451718392286;0,08006821185169605;0,047311350219736294;;
SIGMA;700,0;25,0;15,0;60,0;BCC_B2 + D_NIMO + SIGMA;82,60792962157954;29,492383109879995;17,72884563128257;52,77877125883743;15,113034907081474;12,119430599496773;-8,070054452557564;-4,049376146939206;12,119430599496773;1,0;0,0329720615584951;;0,8723190628565136;0,9670279384415056;0,0805856630899305;0,04709527405355537;;
SIGMA;700,0;22,5;15,0;62,5;BCC_B2 + SIGMA;77,03342397527229;29,176829522458842;18,697973237953434;52,12519723958773;14,53520623826081;11,46585658024707;-8,385608039978717;-3,080248540268343;11,46585658024707;1,0;0,02439420075333653;;0,8633323538257206;0,9756057992466634;0,09483159857774318;0,041836047596536294;;
SIGMA;700,0;20,0;15,0;65,0;BCC_B2 + SIGMA;69,36261446124986;28,791000895840636;20,17788035850838;51,031118745650986;13,67746228389749;10,371778086310329;-8,771436666596923;-1,6003414197133985;10,371778086310329;0,9999999999999998;0,015864858501239972;;0,8469931216494628;0,9841351414987599;0,1176013078643041;0,03540557048623277;;
SIGMA;700,0;17,5;15,0;67,5;BCC_B2 + SIGMA;61,37488078487614;28,45604742750962;21,835785715623864;49,7081668568665;12,837870167961354;9,106390134927938;-9,106390134927938;0,05756393740208665;9,048826197525841;0,9999999999999999;0,010178469642175263;;0,8262075654717363;0,9898215303578246;0,14396942184754788;0,02982301268071602;;
SIGMA;700,0;15,0;15,0;70,0;BCC_B2 + SIGMA;53,10543979937766;28,16961262078691;23,65033841273462;48,180048966478466;12,177480631015836;9,392824941650648;-9,392824941650648;1,8721166345128424;7,520708307137809;0,9999999999999999;0,006499376900866345;;0,8015565101300043;0,9935006230991337;0,17339439063465847;0,025049099235337543;;
SIGMA;700,0;65,0;17,5;17,5;FCC_A1 + P_PHASE + SIGMA;6,777881726397872;29,40816682339986;20,617134627790247;49,97469854880989;12,434474145106432;9,315357889469233;-8,154270739037699;-1,1610871504315305;9,315357889469233;0,9999999999999999;0,01564572768923579;;0,8294348141047793;0,9843542723107641;0,12487351661633436;0,04569166927888677;;
SIGMA;700,0;62,5;17,5;20,0;FCC_A1 + P_PHASE + SIGMA;14,191045718500305;29,408166823399867;20,61713462779032;49,97469854880982;12,434474145106368;9,315357889469162;-8,154270739037692;-1,161087150431456;9,315357889469162;1,0;0,015645727689235434;;0,8294348141047779;0,9843542723107646;0,12487351661633543;0,045691669278886744;;
SIGMA;700,0;60,0;17,5;22,5;FCC_A1 + P_PHASE + SIGMA;21,60420970630299;29,408166823399895;20,61713462779028;49,97469854880983;12,434474145106362;9,315357889469176;-8,154270739037663;-1,1610871504314986;9,315357889469176;0,9999999999999999;0,015645727689235566;;0,8294348141047782;0,9843542723107644;0,12487351661633478;0,04569166927888716;;
SIGMA;700,0;57,5;17,5;25,0;FCC_A1 + P_PHASE + SIGMA;29,017373696924093;29,408166823399878;20,6171346277903;49,97469854880982;12,43447414510636;9,315357889469162;-8,154270739037681;-1,1610871504314773;9,315357889469162;1,0;0,015645727689235608;;0,8294348141047779;0,9843542723107642;0,12487351661633518;0,04569166927888683;;
SIGMA;700,0;55,0;17,5;27,5;FCC_A1 + P_PHASE + SIGMA;36,43053768432457;29,40816682339989;20,61713462779029;49,97469854880984;12,434474145106371;9,315357889469183;-8,15427073903767;-1,161087150431488;9,315357889469183;1,0;0,015645727689235642;;0,829434814104778;0,9843542723107643;0,12487351661633493;0,04569166927888694;;
SIGMA;700,0;52,5;17,5;30,0;FCC_A1 + SIGMA;43,32928580547649;29,4126238638575;20,453422682653795;50,1339534534887;12,567531323383072;9,474612794148044;-8,149813698580058;-1,3247990955679825;9,474612794148044;1,0;0,016281367225012285;;0,83194780928592;0,9837186327749876;0,12228623742756606;0,04576595328651394;;
SIGMA;700,0;50,0;17,5;32,5;FCC_A1 + SIGMA;49,630943919926594;29,42206905788791;20,115158059925964;50,46277288218613;12,850628921142368;9,803432222845473;-8,140368504549649;-1,6630637182958132;9,803432222845473;1,0;0,017692872570027246;;0,8371144652430959;0,9823071274299728;0,11696216156988311;0,04592337318702065;;
SIGMA;700,0;47,5;17,5;35,0;FCC_A1 + SIGMA;55,89487690421038;29,43166586187731;19,78406809805778;50,78426604006491;13,137739962108288;10,12492538072425;-8,13077170056025;-1,994153680163997;10,12492538072425;1,0;0,01921522639936742;;0,8421343836901113;0,9807847736006327;0,11178229638971128;0,046083319920177356;;
SIGMA;700,0;45,0;17,5;37,5;FCC_A1 + SIGMA;62,12302241419896;29,441492092214787;19,45878640448753;51,09972150329769;13,428741115611931;10,44038084395703;-8,120945470222772;-2,3194353737342475;10,44038084395703;0,9999999999999999;0,02086287897473704;;0,8470258297272422;0,979137121025263;0,10672707984695597;0,046247090425802065;;
SIGMA;700,0;42,5;17,5;40,0;FCC_A1 + SIGMA;68,31709366297282;29,451633585368924;19,138044738996477;51,410321675634606;13,723675483105746;10,750981016293949;-8,110803977068635;-2,6401770392253;10,750981016293949;1,0;0,022652816736372074;;0,8518047353191606;0,9773471832636278;0,10177914936913503;0,046416115311704156;;
SIGMA;700,0;40,0;17,5;42,5;FCC_A1 + SIGMA;74,47863456875963;29,462187409396368;18,82064409165394;51,7171684989497;14,022727083002097;11,05782783960904;-8,100250153041191;-2,957577686567838;11,05782783960904;1,0;0,024605128759645177;;0,856485001924796;0,9753948712403548;0,09692298569637565;0,04659201237882838;;
SIGMA;700,0;37,5;17,5;45,0;FCC_A1 + SIGMA;80,609072543457;29,473265774060383;18,50542978877544;52,02130443716418;14,32620286456377;11,361963777823526;-8,089171788377175;-3,272791989446336;11,361963777823526;1,0;0,02674371892934734;;0,861078691968437;0,9732562810706527;0,09214465624166791;0,046776651789895284;;
SIGMA;700,0;35,0;17,5;47,5;FCC_A1 + SIGMA;86,70977299480683;29,485000927281252;18,191269577809972;52,32372949490879;14,634519998631005;11,664388835568133;-8,077436635156307;-3,5869522004118046;11,664388835568133;1,0;0,029097204021110972;;0,8655961129104549;0,9709027959788891;0,08743164941263522;0,04697223767690972;;
SIGMA;700,0;32,5;17,5;50,0;FCC_A1 + SIGMA;92,78210011402325;29,49755140916998;17,877034095333308;52,62541449549673;14,948196448221662;11,96607383615607;-8,06488615326758;-3,9011876828884695;11,96607383615607;1,0;0,031700047289861755;;0,8700457866383093;0,9682999527101381;0,08277280098663546;0,04718141237505511;;
SIGMA;700,0;30,0;17,5;52,5;D_NIMO + FCC_A1 + SIGMA;98,14489224226998;29,502660736879953;17,755311304947817;52,742027958172244;15,071003401071838;12,082687298831587;-8,059776825557606;-4,02291047327396;12,082687298831587;0,9999999999999999;0,032781549975728734;;0,8717490104193752;0,9672184500242713;0,08098442174373659;0,0472665678368881;;
SIGMA;700,0;27,5;17,5;55,0;BCC_B2 + SIGMA;93,99690141333586;29,249493738843963;18,458348028275637;52,29215823288042;14,678182497470859;11,63281757353976;-8,312943823593596;-3,31987374994614;11,63281757353976;1,0;0,026242482120768025;;0,8657043078545027;0,9737575178792321;0,0912485742758756;0,043047117869621565;;
SIGMA;700,0;25,0;17,5;57,5;BCC_B2 + SIGMA;86,48413934105722;28,891521392436616;19,75450110390344;51,353977503659955;13,91601558732668;10,694636844319298;-8,670916170000943;-2,023720674318337;10,694636844319298;1,0;0,01787942564303419;;0,8519264193625471;0,9821205743569658;0,11099266854128716;0,037080912096165715;;
SIGMA;700,0;22,5;17,5;60,0;BCC_B2 + SIGMA;78,67811075741257;28,5723028760308;21,21215950634165;50,215537617627554;13,132549199639488;9,556196958286897;-8,990134686406758;-0,5660622718801278;9,556196958286897;0,9999999999999998;0,01197672971896364;;0,834264131467356;0,9880232702810363;0,1339752650432416;0,03176060348940232;;
SIGMA;700,0;20,0;17,5;62,5;BCC_B2 + SIGMA;70,60255581328171;28,29090830852337;22,827993242074886;48,88109844940175;12,436260530840334;9,271529253914188;-9,271529253914188;1,0497714638531086;8,22175779006109;1,0;0,00793093819455885;;0,8129225434467936;0,9920690618054412;0,1600067625222611;0,027070694030944996;;
SIGMA;700,0;17,5;17,5;65,0;BCC_B2 + SIGMA;62,28275523061859;28,046536657932354;24,581355706552806;47,372107635514844;11,977945162712103;9,515900904505205;-9,515900904505205;2,803133928331029;6,712766976174187;0,9999999999999999;0,005226398461445612;;0,7883737053782595;0,9947736015385544;0,1886284614339791;0,022997833187761427;;
SIGMA;700,0;15,0;17,5;67,5;BCC_B2 + SIGMA;53,744452275165166;27,83898317920958;26,425572306408522;45,73544451438189;11,912609387607631;9,723454383227978;-9,723454383227978;4,647350528186745;5,076103855041232;1,0;0,0034606129578442966;;0,7614883834712884;0,9965393870421556;0,2189730079863298;0,01953860854238207;;
SIGMA;700,0;62,5;20,0;17,5;FCC_A1 + P_PHASE + SIGMA;4,312486074006623;29,408166823399778;20,6171346277905;49,974698548809734;12,434474145106345;9,315357889469077;-8,15427073903778;-1,1610871504312783;9,315357889469077;1,0;0,015645727689234307;;0,8294348141047767;0,9843542723107654;0,12487351661633816;0,04569166927888517;;
SIGMA;700,0;60,0;20,0;20,0;FCC_A1 + P_PHASE + SIGMA;11,725650062582872;29,408166823399874;20,617134627790314;49,97469854880982;12,434474145106362;9,315357889469162;-8,154270739037685;-1,161087150431463;9,315357889469162;0,9999999999999999;0,01564572768923548;;0,8294348141047779;0,9843542723107643;0,12487351661633536;0,04569166927888682;;
SIGMA;700,0;57,5;20,0;22,5;FCC_A1 + P_PHASE + SIGMA;19,13881405070574;29,408166823399878;20,61713462779025;49,974698548809876;12,434474145106408;9,315357889469219;-8,154270739037681;-1,161087150431527;9,315357889469219;0,9999999999999999;0,015645727689235778;;0,8294348141047787;0,9843542723107642;0,12487351661633428;0,04569166927888675;;
SIGMA;700,0;55,0;20,0;25,0;FCC_A1 + P_PHASE + SIGMA;26,551978040184643;29,40816682339989;20,617134627790314;49,97469854880979;12,434474145106332;9,315357889469134;-8,15427073903767;-1,161087150431463;9,315357889469134;0,9999999999999999;0,015645727689235413;;0,8294348141047776;0,9843542723107646;0,12487351661633533;0,04569166927888709;;
SIGMA;700,0;52,5;20,0;27,5;FCC_A1 + P_PHASE + SIGMA;33,96514202870494;29,408166823399885;20,61713462779035;49,97469854880977;12,434474145106314;9,315357889469112;-8,154270739037674;-1,1610871504314275;9,315357889469112;1,0;0,015645727689235563;;0,8294348141047772;0,9843542723107643;0,12487351661633601;0,04569166927888692;;
SIGMA;700,0;50,0;20,0;30,0;FCC_A1 + P_PHASE + SIGMA;41,378306019755314;29,40816682339989;20,617134627790314;49,974698548809805;12,434474145106341;9,315357889469148;-8,15427073903767;-1,161087150431463;9,315357889469148;1,0;0,015645727689235576;;0,8294348141047777;0,9843542723107644;0,12487351661633539;0,045691669278887036;;
SIGMA;700,0;47,5;20,0;32,5;FCC_A1 + P_PHASE + SIGMA;48,79147000892112;29,408166823399878;20,617134627790342;49,97469854880979;12,434474145106336;9,315357889469134;-8,154270739037681;-1,1610871504314346;9,315357889469134;0,9999999999999999;0,015645727689235573;;0,8294348141047776;0,9843542723107643;0,12487351661633594;0,04569166927888696;;
SIGMA;700,0;45,0;20,0;35,0;FCC_A1 + P_PHASE + SIGMA;56,20463399885405;29,4081668233999;20,617134627790392;49,97469854880971;12,43447414510626;9,315357889469055;-8,15427073903766;-1,1610871504313849;9,315357889469055;0,9999999999999999;0,015645727689235087;;0,8294348141047762;0,9843542723107646;0,12487351661633661;0,04569166927888725;;
SIGMA;700,0;42,5;20,0;37,5;FCC_A1 + P_PHASE + SIGMA;63,61779799034646;29,40816682339987;20,617134627790282;49,97469854880984;12,434474145106384;9,315357889469183;-8,154270739037688;-1,161087150431495;9,315357889469183;1,0;0,015645727689235746;;0,8294348141047784;0,9843542723107642;0,12487351661633483;0,04569166927888672;;
SIGMA;700,0;40,0;20,0;40,0;FCC_A1 + P_PHASE + SIGMA;71,03096197675309;29,408166823399885;20,61713462779035;49,974698548809776;12,43447414510632;9,31535788946912;-8,154270739037674;-1,1610871504314275;9,31535788946912;0,9999999999999999;0,01564572768923554;;0,829434814104777;0,9843542723107644;0,12487351661633585;0,045691669278886855;;
SIGMA;700,0;37,5;20,0;42,5;FCC_A1 + P_PHASE + SIGMA;78,44412596883274;29,408166823399906;20,6171346277903;49,97469854880979;12,434474145106321;9,315357889469134;-8,154270739037653;-1,1610871504314773;9,315357889469134;1,0;0,01564572768923578;;0,8294348141047775;0,9843542723107643;0,12487351661633515;0,04569166927888731;;
SIGMA;700,0;35,0;20,0;45,0;FCC_A1 + P_PHASE + SIGMA;85,85728995404594;29,408166823399878;20,61713462779034;49,974698548809776;12,434474145106325;9,31535788946912;-8,154270739037681;-1,1610871504314382;9,31535788946912;1,0;0,01564572768923533;;0,8294348141047774;0,9843542723107647;0,12487351661633571;0,045691669278886855;;
SIGMA;700,0;32,5;20,0;47,5;FCC_A1 + SIGMA;92,42939647848566;29,414252226172525;20,394254598283503;50,19149317554396;12,616268109921881;9,532152516203304;-8,148185336265033;-1,3839671799382742;9,532152516203304;1,0;0,016518480486296512;;0,8328541128176669;0,9834815195137036;0,12135279452390205;0,04579309265843097;;
SIGMA;700,0;30,0;20,0;50,0;FCC_A1 + SIGMA;98,58880074314953;29,42326361889931;20,073241037798546;50,50349534330214;12,886446106283415;9,844154683961484;-8,13917394353825;-1,7049807404232311;9,844154683961484;1,0;0,017877572904732242;;0,8377521284095397;0,9821224270952679;0,11630458905324967;0,045943282537210785;;
SIGMA;700,0;27,5;20,0;52,5;BCC_B2 + SIGMA;95,88876398187458;28,674988600863298;20,705717730092157;50,61929366904454;13,391701831109863;9,95995300970388;-8,887448961574261;-1,0725040481296197;9,95995300970388;1,0;0,013718871705876986;;0,8406062563272141;0,9862811282941228;0,12592171143617528;0,03347203223661058;;
SIGMA;700,0;25,0;20,0;55,0;BCC_B2 + SIGMA;87,98249080557915;28,402450725095754;22,14320747198654;49,45434180291772;12,70396074192808;9,159986837341805;-9,159986837341805;0,364985693764762;8,79500114357706;1,0;0,00941023183142474;;0,8221478674194231;0,9905897681685752;0,14892239827342563;0,02892973430715145;;
SIGMA;700,0;22,5;20,0;57,5;BCC_B2 + SIGMA;79,84089550817605;28,159331557489935;23,72416434798026;48,11650409452979;12,157893794741016;9,403106004947624;-9,403106004947624;1,9459425697584827;7,4571634351891305;1,0;0,006386249510515974;;0,8005225683509375;0,993613750489484;0,17459968346867458;0,024877748180387755;;
SIGMA;700,0;20,0;20,0;60,0;BCC_B2 + SIGMA;71,48230277156546;27,945738913265565;25,4289862197012;46,62527486703324;11,891229746610463;9,616698649171994;-9,616698649171994;3,6507644414794242;5,965934207692584;1,0;0,004311467800052611;;0,7761298104949866;0,9956885321999475;0,20255231872836496;0,021317870776648252;;
SIGMA;700,0;17,5;20,0;62,5;BCC_B2 + SIGMA;62,92549926008277;27,762353497649457;27,214275386238455;45,02337111611209;12,026516051366393;9,800084064788102;-9,800084064788102;5,436053608016678;4,364030456771431;1,0;0,0029207158748443154;;0,7497404706296804;0,9970792841251557;0,23199808218727294;0,018261447183046363;;
SIGMA;700,0;15,0;20,0;65,0;BCC_B2 + SIGMA;54,191420208728324;27,6099331382335;29,007884303464294;43,38218255830221;12,59897744062739;9,952504424204058;-9,952504424204058;7,229662525242517;2,722841898961555;1,0;0,0020103790516220687;;0,7225896250713433;0,997989620948378;0,2616892670692098;0,015721107859447272;;
SIGMA;700,0;60,0;22,5;17,5;FCC_A1 + P_PHASE + SIGMA;1,8470904177787173;29,408166823399856;20,61713462779027;49,97469854880987;12,434474145106416;9,315357889469212;-8,154270739037702;-1,1610871504315057;9,315357889469212;0,9999999999999998;0,015645727689235764;;0,8294348141047788;0,9843542723107643;0,12487351661633467;0,0456916692788866;;
SIGMA;700,0;57,5;22,5;20,0;FCC_A1 + P_PHASE + SIGMA;9,260254407086265;29,408166823399895;20,617134627790367;49,97469854880975;12,434474145106291;9,315357889469091;-8,154270739037663;-1,1610871504314098;9,315357889469091;1,0;0,015645727689235365;;0,8294348141047767;0,9843542723107646;0,12487351661633612;0,045691669278887;;
SIGMA;700,0;55,0;22,5;22,5;FCC_A1 + P_PHASE + SIGMA;16,673418395611836;29,408166823399895;20,61713462779034;49,974698548809776;12,434474145106314;9,31535788946912;-8,154270739037663;-1,1610871504314382;9,31535788946912;1,0;0,01564572768923553;;0,8294348141047773;0,9843542723107644;0,12487351661633578;0,04569166927888711;;
SIGMA;700,0;52,5;22,5;25,0;FCC_A1 + P_PHASE + SIGMA;24,08658238628015;29,408166823399885;20,617134627790364;49,974698548809755;12,434474145106304;9,315357889469098;-8,154270739037674;-1,1610871504314133;9,315357889469098;1,0;0,01564572768923534;;0,8294348141047769;0,9843542723107647;0,12487351661633617;0,04569166927888695;;
SIGMA;700,0;50,0;22,5;27,5;FCC_A1 + P_PHASE + SIGMA;31,49974637369133;29,40816682339988;20,617134627790364;49,97469854880974;12,434474145106293;9,315357889469084;-8,154270739037678;-1,1610871504314133;9,315357889469084;1,0;0,015645727689235483;;0,8294348141047767;0,9843542723107646;0,12487351661633617;0,04569166927888688;;
SIGMA;700,0;47,5;22,5;30,0;FCC_A1 + P_PHASE + SIGMA;38,91291036427923;29,40816682339989;20,617134627790335;49,97469854880978;12,434474145106323;9,315357889469126;-8,15427073903767;-1,1610871504314417;9,315357889469126;1,0;0,015645727689235524;;0,8294348141047772;0,9843542723107646;0,1248735166163356;0,04569166927888696;;
SIGMA;700,0;45,0;22,5;32,5;FCC_A1 + P_PHASE + SIGMA;46,32607435377392;29,40816682339986;20,617134627790225;49,97469854880991;12,43447414510645;9,315357889469254;-8,154270739037699;-1,1610871504315519;9,315357889469254;0,9999999999999997;0,015645727689235944;;0,8294348141047794;0,9843542723107638;0,12487351661633404;0,04569166927888676;;
SIGMA;700,0;42,5;22,5;35,0;FCC_A1 + P_PHASE + SIGMA;53,739238344576634;29,408166823399878;20,617134627790286;49,97469854880984;12,434474145106378;9,315357889469183;-8,154270739037681;-1,1610871504314915;9,315357889469183;0,9999999999999998;0,015645727689235778;;0,8294348141047783;0,9843542723107642;0,12487351661633495;0,04569166927888692;;
SIGMA;700,0;40,0;22,5;37,5;FCC_A1 + P_PHASE + SIGMA;61,15240233669069;29,408166823399878;20,617134627790282;49,97469854880984;12,434474145106378;9,315357889469183;-8,154270739037681;-1,161087150431495;9,315357889469183;1,0;0,015645727689235625;;0,8294348141047784;0,9843542723107642;0,12487351661633489;0,04569166927888684;;
SIGMA;700,0;37,5;22,5;40,0;FCC_A1 + P_PHASE + SIGMA;68,56556632228974;29,40816682339989;20,617134627790197;49,97469854880991;12,434474145106433;9,315357889469254;-8,15427073903767;-1,1610871504315803;9,315357889469254;1,0;0,015645727689235913;;0,8294348141047795;0,984354272310764;0,12487351661633347;0,045691669278886994;;
SIGMA;700,0;35,0;22,5;42,5;FCC_A1 + P_PHASE + SIGMA;75,9787303103731;29,408166823399895;20,61713462779035;49,97469854880977;12,434474145106307;9,315357889469112;-8,154270739037663;-1,1610871504314275;9,315357889469112;1,0;0,0156457276892353;;0,829434814104777;0,9843542723107647;0,12487351661633579;0,045691669278887015;;
SIGMA;700,0;32,5;22,5;45,0;FCC_A1 + P_PHASE + SIGMA;83,39189429902444;29,40816682339989;20,617134627790296;49,97469854880982;12,434474145106355;9,315357889469162;-8,15427073903767;-1,1610871504314808;9,315357889469162;1,0;0,015645727689235667;;0,829434814104778;0,9843542723107643;0,12487351661633507;0,045691669278887063;;
SIGMA;700,0;30,0;22,5;47,5;P_PHASE + SIGMA;92,876476677468;29,058897746161275;21,441452438141948;49,499649815696785;12,270887049246598;8,840309156356128;-8,503539816276284;-0,3367693400798295;8,840309156356128;0,9999999999999999;0,01222758917925135;;0,8222769215551129;0,9877724108207484;0,1378525604533106;0,03987051799157694;;
SIGMA;700,0;27,5;22,5;50,0;BCC_B2 + SIGMA;97,28382388596616;28,26535566561324;22,99411162363956;48,7405327107472;12,378197965946615;9,29708189682432;-9,29708189682432;1,2158898454177844;8,081192051406546;0,9999999999999999;0,007614288377887009;;0,8106501477618117;0,992385711622113;0,1627050355890786;0,026644816649109514;;
SIGMA;700,0;25,0;22,5;52,5;BCC_B2 + SIGMA;89,09100578105347;28,050849097771675;24,546900425093483;47,40225047713485;11,983435625133293;9,511588464665884;-9,511588464665884;2,768678646871706;6,742909817794192;1,0;0,005268054445337977;;0,7888668291866167;0,9947319455546619;0,18806346362829976;0,023069707185083426;;
SIGMA;700,0;22,5;22,5;55,0;BCC_B2 + SIGMA;80,70188828592134;27,860660839460373;26,214124081121547;45,92521507941809;11,896685850748487;9,701776722977186;-9,701776722977186;4,43590230289977;5,265874420077431;1,0;0,003623898952700445;;0,7646149404452569;0,9963761010472996;0,21548515667484813;0,019899902879895088;;
SIGMA;700,0;20,0;22,5;57,5;BCC_B2 + SIGMA;72,13018400631356;27,69596981681411;27,955096367839783;44,34893381534611;12,211226929679864;9,86646774562345;-9,86646774562345;6,176874589618006;3,6895931560054507;0,9999999999999999;0,002498366580159778;;0,7385937043490665;0,9975016334198403;0,24425124314847635;0,017155052502457482;;
SIGMA;700,0;17,5;22,5;60,0;BCC_B2 + SIGMA;63,39174953977123;27,558065025266675;29,701214717943873;42,74072025678946;12,930329772053817;10,004372537170884;-10,004372537170884;7,922992939722096;2,0813795974488016;0,9999999999999999;0,001746974009541613;;0,7119571211665929;0,9982530259904584;0,2731862395234072;0,014856639310000369;;
SIGMA;700,0;15,0;22,5;62,5;BCC_B2 + SIGMA;54,50659395469963;27,44746233804392;31,360974811111824;41,19156285084426;13,94364155952775;10,114975224393639;-10,114975224393639;9,582753032890047;0,5322221915035996;0,9999999999999999;0,00125756181776979;;0,6862465893323444;0,9987424381822303;0,30074014947803474;0,013013261189620954;;
SIGMA;700,0;55,0;25,0;20,0;FCC_A1 + P_PHASE + SIGMA;6,794858751632309;29,40816682339989;20,617134627790325;49,97469854880979;12,43447414510633;9,315357889469134;-8,15427073903767;-1,1610871504314524;9,315357889469134;1,0;0,01564572768923556;;0,8294348141047775;0,9843542723107643;0,12487351661633554;0,045691669278887063;;
SIGMA;700,0;52,5;25,0;22,5;FCC_A1 + P_PHASE + SIGMA;14,20802274197475;29,40816682339989;20,617134627790325;49,97469854880979;12,43447414510633;9,315357889469134;-8,15427073903767;-1,1610871504314524;9,315357889469134;1,0;0,0156457276892356;;0,8294348141047775;0,9843542723107643;0,1248735166163356;0,045691669278887015;;
SIGMA;700,0;50,0;25,0;25,0;FCC_A1 + P_PHASE + SIGMA;21,621186730305464;29,408166823399895;20,61713462779039;49,97469854880972;12,434474145106266;9,315357889469063;-8,154270739037663;-1,1610871504313884;9,315357889469063;1,0;0,01564572768923529;;0,8294348141047763;0,9843542723107646;0,1248735166163365;0,04569166927888704;;
SIGMA;700,0;47,5;25,0;27,5;FCC_A1 + P_PHASE + SIGMA;29,034350719382562;29,408166823399885;20,617134627790364;49,974698548809755;12,434474145106304;9,315357889469098;-8,154270739037674;-1,1610871504314133;9,315357889469098;1,0;0,0156457276892356;;0,829434814104777;0,9843542723107644;0,12487351661633621;0,04569166927888699;;
SIGMA;700,0;45,0;25,0;30,0;FCC_A1 + P_PHASE + SIGMA;36,44751470968753;29,408166823399885;20,61713462779036;49,974698548809755;12,434474145106304;9,315357889469098;-8,154270739037674;-1,1610871504314169;9,315357889469098;0,9999999999999999;0,015645727689235098;;0,8294348141047768;0,9843542723107648;0,12487351661633601;0,045691669278886904;;
SIGMA;700,0;42,5;25,0;32,5;FCC_A1 + P_PHASE + SIGMA;43,860678700208425;29,40816682339989;20,61713462779025;49,97469854880986;12,43447414510639;9,315357889469205;-8,15427073903767;-1,161087150431527;9,315357889469205;1,0;0,015645727689235705;;0,8294348141047785;0,9843542723107642;0,12487351661633428;0,0456916692788869;;
SIGMA;700,0;40,0;25,0;35,0;FCC_A1 + P_PHASE + SIGMA;51,27384268901285;29,408166823399885;20,61713462779034;49,97469854880978;12,434474145106325;9,315357889469126;-8,154270739037674;-1,1610871504314382;9,315357889469126;0,9999999999999999;0,015645727689235448;;0,8294348141047775;0,9843542723107646;0,12487351661633586;0,04569166927888707;;
SIGMA;700,0;37,5;25,0;37,5;FCC_A1 + P_PHASE + SIGMA;58,68700667733546;29,408166823399856;20,61713462779016;49,97469854880999;12,434474145106515;9,315357889469333;-8,154270739037702;-1,1610871504316158;9,315357889469333;1,0;0,015645727689236125;;0,8294348141047806;0,9843542723107639;0,12487351661633296;0,04569166927888656;;
SIGMA;700,0;35,0;25,0;40,0;FCC_A1 + P_PHASE + SIGMA;66,10017066665701;29,408166823399885;20,61713462779034;49,97469854880979;12,434474145106332;9,315357889469134;-8,154270739037674;-1,1610871504314382;9,315357889469134;0,9999999999999999;0,01564572768923544;;0,8294348141047774;0,9843542723107647;0,1248735166163356;0,045691669278886925;;
SIGMA;700,0;32,5;25,0;42,5;P_PHASE + SIGMA;74,6265896232723;29,16462899417443;21,17098084592451;49,66439015990105;12,328132332457903;9,005049500560396;-8,39780856826313;-0,6072409322972661;9,005049500560396;0,9999999999999999;0,013233409112414572;;0,8247990784178144;0,9867665908875856;0,13356821612372283;0,04163270545846274;;
SIGMA;700,0;30,0;25,0;45,0;P_PHASE + SIGMA;88,54841793003453;28,45929519265692;23,492314388750383;48,048390418592696;11,849192834394538;9,103142369780638;-9,103142369780638;1,7140926105286063;7,389049759252039;1,0;0,007038164526828973;;0,7992424704150274;0,9929618354731709;0,17088038748513507;0,029877142099837457;;
SIGMA;700,0;27,5;25,0;47,5;BCC_B2 + SIGMA;98,35350936922869;27,958968737105526;25,312890911321464;46,72814035157302;11,897513566457974;9,603468825332033;-9,603468825332033;3,534669133099687;6,068799692232361;1,0;0,004425236347599348;;0,7778189533378614;0,9955747636524008;0,20064267882149087;0,021538367840647676;;
SIGMA;700,0;25,0;25,0;50,0;BCC_B2 + SIGMA;89,94018742597449;27,78707027086288;26,952540595970742;45,26038913316638;11,979191457331046;9,775367291574678;-9,775367291574678;5,174318817748965;4,6010484738257205;0,9999999999999999;0,003088603180369414;;0,7536534626238021;0,9969113968196307;0,2276731439729279;0,01867339340327035;;
SIGMA;700,0;22,5;25,0;52,5;BCC_B2 + SIGMA;81,35665143302096;27,637159054054937;28,662390733223642;43,700450212721414;12,455973787128693;9,925278508382622;-9,925278508382622;6,884168955001865;3,041109553380757;1,0;0,0021577683074762715;;0,7278613328103624;0,9978422316925237;0,25596379406649994;0,01617487312313801;;
SIGMA;700,0;20,0;25,0;55,0;BCC_B2 + SIGMA;72,61460406427459;27,510898694293466;30,37609125862407;42,113010047082476;13,30676323937201;10,051538868144092;-10,051538868144092;8,597869480402291;1,4536693877418188;1,0;0,0015265745083693735;;0,7015442620050698;0,9984734254916305;0,28438520420114966;0,01407053379377972;;
SIGMA;700,0;17,5;25,0;57,5;BCC_B2 + SIGMA;63,72987381615863;27,409345934626263;32,00217114324032;40,58848292213342;14,4090052064713;10,223949365018541;-10,153091627811296;10,223949365018541;-0,0708577372072341;1,0;0,0011103598918950138;;0,6762279687262471;0,9988896401081048;0,3113940434744264;0,012377987799326577;;
SIGMA;700,0;15,0;25,0;60,0;BCC_B2 + SIGMA;54,72383771846636;27,331931525707;33,44525471800905;39,222813756283955;15,583533647054105;11,667032939787276;-10,23050603673056;11,667032939787276;-1,436526903056702;1,0;0,0008427138112372144;;0,6535262928689021;0,9991572861887629;0,3353859594804259;0,011087747650672152;;
SIGMA;700,0;52,5;27,5;20,0;FCC_A1 + P_PHASE + SIGMA;4,3294630981827975;29,4081668233999;20,61713462779034;49,97469854880977;12,434474145106307;9,315357889469112;-8,15427073903766;-1,1610871504314382;9,315357889469112;1,0;0,015645727689235427;;0,8294348141047773;0,9843542723107643;0,1248735166163358;0,04569166927888722;;
SIGMA;700,0;50,0;27,5;22,5;FCC_A1 + P_PHASE + SIGMA;11,74262708782388;29,408166823399874;20,617134627790175;49,97469854880996;12,434474145106481;9,315357889469304;-8,154270739037685;-1,1610871504316016;9,315357889469304;0,9999999999999998;0,015645727689236087;;0,82943481410478;0,9843542723107639;0,1248735166163331;0,04569166927888677;;
SIGMA;700,0;47,5;27,5;25,0;FCC_A1 + P_PHASE + SIGMA;19,15579107463276;29,40816682339989;20,617134627790364;49,974698548809755;12,4344741451063;9,315357889469098;-8,15427073903767;-1,1610871504314133;9,315357889469098;1,0;0,015645727689235264;;0,8294348141047769;0,9843542723107647;0,12487351661633608;0,04569166927888701;;
SIGMA;700,0;45,0;27,5;27,5;FCC_A1 + P_PHASE + SIGMA;26,568955065682275;29,408166823399885;20,617134627790296;49,97469854880984;12,434474145106375;9,315357889469183;-8,154270739037674;-1,1610871504314808;9,315357889469183;1,0;0,015645727689235486;;0,829434814104778;0,9843542723107646;0,12487351661633496;0,045691669278886814;;
SIGMA;700,0;42,5;27,5;30,0;FCC_A1 + P_PHASE + SIGMA;33,98211905366698;29,408166823399853;20,617134627790225;49,97469854880992;12,434474145106458;9,315357889469261;-8,154270739037706;-1,1610871504315519;9,315357889469261;0,9999999999999998;0,01564572768923575;;0,8294348141047797;0,9843542723107641;0,12487351661633396;0,04569166927888663;;
SIGMA;700,0;40,0;27,5;32,5;FCC_A1 + P_PHASE + SIGMA;41,39528304327385;29,408166823399895;20,617134627790335;49,974698548809776;12,434474145106314;9,31535788946912;-8,154270739037663;-1,1610871504314417;9,31535788946912;0,9999999999999998;0,015645727689235528;;0,829434814104777;0,9843542723107642;0,12487351661633567;0,04569166927888708;;
SIGMA;700,0;37,5;27,5;35,0;FCC_A1 + P_PHASE + SIGMA;48,808447034364946;29,40816682339987;20,617134627790303;49,97469854880983;12,434474145106376;9,315357889469176;-8,154270739037688;-1,1610871504314737;9,315357889469176;1,0;0,01564572768923543;;0,8294348141047784;0,9843542723107647;0,1248735166163351;0,04569166927888678;;
SIGMA;700,0;35,0;27,5;37,5;P_PHASE + SIGMA;56,483783054923805;29,327660578884526;20,790594882959983;49,8817445381555;12,403212977171615;9,222403878814845;-8,234776983553033;-0,9876268952617941;9,222403878814845;0,9999999999999998;0,014833771373617292;;0,8280660153306766;0,9851662286263826;0,12758408613235908;0,04434989853696439;;
SIGMA;700,0;32,5;27,5;40,0;P_PHASE + SIGMA;69,87779635624032;28,446902864828;23,547516213016127;48,00558092215587;11,840212059727873;9,115534697609558;-9,115534697609558;1,7692944347943502;7,346240262815215;0,9999999999999999;0,006940951602564479;;0,7985505816798056;0,9930590483974356;0,17177881501750525;0,02967060330268883;;
SIGMA;700,0;30,0;27,5;42,5;P_PHASE + SIGMA;85,32598672038634;28,04175845976235;25,834463667180728;46,12377787305692;11,702841659208627;9,52067910267521;-9,52067910267521;4,056241888958951;5,464437213716266;0,9999999999999999;0,004028364682247548;;0,7678344390660048;0,9959716353177526;0,20924736438240038;0,02291819655159467;;
SIGMA;700,0;27,5;27,5;45,0;BCC_B2 + SIGMA;99,19655592948897;27,72207295143934;27,656929191238945;44,620997857321726;12,127930750114148;9,840364610998218;-9,840364610998218;5,8787074130171675;3,9616571979810686;1,0;0,0026595497126763513;;0,7430922865747672;0,9973404502873238;0,23931760867902144;0,017590104746211154;;
SIGMA;700,0;25,0;27,5;47,5;BCC_B2 + SIGMA;90,60403611941963;27,58400326155081;29,348487957184677;43,06750878126451;12,754503315335844;9,97843430088675;-9,97843430088675;7,5702661789629;2,4081681219238504;0,9999999999999999;0,001875887592844498;;0,7173749491115543;0,9981241124071556;0,26733610764037674;0,015288943248069238;;
SIGMA;700,0;22,5;27,5;50,0;BCC_B2 + SIGMA;81,85943203457917;27,467165186020114;31,044739997335803;41,488094816644086;13,72842735758459;10,095272376417444;-10,095272376417444;9,266518219114026;0,8287541573034289;0,9999999999999999;0,0013378407576961242;;0,6911709489979132;0,998662159242304;0,29548740901286236;0,013341641989224107;;
SIGMA;700,0;20,0;27,5;52,5;BCC_B2 + SIGMA;72,97466548019793;27,373116204866648;32,651737945962495;39,97514584917086;14,91722984056466;10,873516167740718;-10,189321357570911;10,873516167740718;-0,6841948101697994;0,9999999999999999;0,00098002652982751;;0,6660346471462193;0,9990199734701725;0,32219119388378104;0,01177415896999973;;
SIGMA;700,0;17,5;27,5;55,0;BCC_B2 + SIGMA;63,967789186083394;27,301913070465243;34,06693228798777;38,631154641547;16,137047665727785;12,288710509765991;-10,260524491972316;12,288710509765991;-2,028186017793658;1,0;0,0007495563277248478;;0,6436860092862888;0,9992504436722751;0,34572655065040153;0,010587440063309556;;
SIGMA;700,0;15,0;27,5;57,5;BCC_B2 + SIGMA;54,84788134393052;27,258604590986085;35,04275992044162;37,69863548857229;17,0552842584986;13,264538142219841;-10,303832971451474;13,264538142219841;-2,960705170768364;1,0;0,0006247842117303822;;0,628171750540265;0,9993752157882696;0,36196261738774493;0,009865632071990317;;
SIGMA;700,0;50,0;30,0;20,0;FCC_A1 + P_PHASE + SIGMA;1,8640674414401994;29,40816682339984;20,617134627790353;49,974698548809805;12,434474145106371;9,315357889469148;-8,15427073903772;-1,161087150431424;9,315357889469148;1,0;0,01564572768923553;;0,8294348141047776;0,9843542723107644;0,124873516616336;0,04569166927888611;;
SIGMA;700,0;47,5;30,0;22,5;FCC_A1 + P_PHASE + SIGMA;9,277231432117032;29,408166823399885;20,61713462779034;49,974698548809776;12,434474145106321;9,31535788946912;-8,154270739037674;-1,1610871504314382;9,31535788946912;0,9999999999999999;0,01564572768923553;;0,8294348141047774;0,9843542723107644;0,12487351661633582;0,04569166927888704;;
SIGMA;700,0;45,0;30,0;25,0;FCC_A1 + P_PHASE + SIGMA;16,690395420034065;29,40816682339989;20,617134627790314;49,9746985488098;12,434474145106337;9,31535788946914;-8,15427073903767;-1,161087150431463;9,31535788946914;0,9999999999999998;0,015645727689235483;;0,8294348141047775;0,9843542723107643;0,12487351661633535;0,045691669278887063;;
SIGMA;700,0;42,5;30,0;27,5;FCC_A1 + P_PHASE + SIGMA;24,103559410249954;29,408166823399874;20,61713462779034;49,974698548809805;12,434474145106348;9,315357889469148;-8,154270739037685;-1,1610871504314382;9,315357889469148;1,0;0,015645727689235573;;0,8294348141047776;0,9843542723107644;0,12487351661633578;0,045691669278886876;;
SIGMA;700,0;40,0;30,0;30,0;FCC_A1 + P_PHASE + SIGMA;31,516723399990948;29,4081668233999;20,61713462779035;49,974698548809755;12,434474145106295;9,315357889469098;-8,15427073903766;-1,1610871504314275;9,315357889469098;1,0;0,015645727689235597;;0,8294348141047767;0,9843542723107647;0,12487351661633583;0,04569166927888717;;
SIGMA;700,0;37,5;30,0;32,5;FCC_A1 + P_PHASE + SIGMA;38,92988738686705;29,40816682339989;20,61713462779028;49,97469854880984;12,434474145106373;9,315357889469183;-8,15427073903767;-1,1610871504314986;9,315357889469183;0,9999999999999998;0,01564572768923576;;0,829434814104778;0,9843542723107643;0,12487351661633471;0,045691669278887015;;
SIGMA;700,0;35,0;30,0;35,0;P_PHASE + SIGMA;51,17873101505469;28,43005977857262;23,623656645253938;47,94628357617344;11,828165153939448;9,13237778386494;-9,13237778386494;1,8454348670321608;7,2869429168327855;1,0;0,006809538615226726;;0,7975914954661738;0,9931904613847733;0,17301861933539384;0,029389885198432567;;
SIGMA;700,0;32,5;30,0;37,5;P_PHASE + SIGMA;66,04204161973502;27,985456607216157;26,25082396241003;45,76371943037381;11,737862546173085;9,576980955221401;-9,576980955221401;4,472602184188254;5,104378771033154;1,0;0,0036689785592394393;;0,761913328604177;0,9963310214407606;0,2161068390533315;0,021979832342491526;;
SIGMA;700,0;27,5;30,0;42,5;BCC_B2 + SIGMA;99,87236917539668;27,535036419352465;30,025089673918565;42,43987390672897;13,104575629087488;10,027401143085093;-10,027401143085093;8,246867895696788;1,7805332473883126;1,0;0,001637136979269666;;0,7069674235612007;0,9983628630207302;0,2785597472273695;0,014472829211429969;;
SIGMA;700,0;25,0;30,0;45,0;BCC_B2 + SIGMA;91,12674674656253;27,425798792499748;31,7204206964441;40,85378051105616;14,199879286023618;10,13663876993781;-10,13663876993781;9,942198918222324;0,19443985171550082;1,0;0,0011726071308029464;;0,6806357624885354;0,9988273928691972;0,30671203541424685;0,012652202097217933;;
SIGMA;700,0;22,5;30,0;47,5;BCC_B2 + SIGMA;82,24199049281678;27,33796295554691;33,32499549641488;39,337041548038215;15,47954583396612;11,546773718193101;-10,224474606890649;11,546773718193101;-1,322299111302442;0,9999999999999999;0,0008621237019878047;;0,6554257760890841;0,9991378762980122;0,3333859524295787;0,011188271481337449;;
SIGMA;700,0;20,0;30,0;50,0;BCC_B2 + SIGMA;73,23250933127811;27,27228102665803;34,72325222822315;38,00446674511881;16,748417548614096;12,945030450001376;-10,29015653577953;12,945030450001376;-2,654873914221845;1,0;0,0006630102306634038;;0,6332604434784994;0,9993369897693365;0,3566459838549778;0,010093572666522799;;
SIGMA;700,0;17,5;30,0;52,5;BCC_B2 + SIGMA;64,04414274103391;27,25860459098613;35,04275992044081;37,69863548857306;17,055284258497807;13,264538142219031;-10,303832971451428;13,264538142219031;-2,9607051707675964;1,0;0,0006247842117304647;;0,6281717505402774;0,9993752157882695;0,36196261738773106;0,00986563207199086;;
SIGMA;700,0;15,0;30,0;55,0;BCC_B2 + SIGMA;54,81671734896608;27,258604590986096;35,04275992044127;37,69863548857265;17,055284258498258;13,264538142219493;-10,303832971451463;13,264538142219493;-2,9607051707680085;1,0;0,0006247842117304166;;0,6281717505402705;0,9993752157882697;0,3619626173877388;0,009865632071990371;;
SIGMA;700,0;45,0;32,5;22,5;FCC_A1 + P_PHASE + SIGMA;6,811835775803711;29,408166823399885;20,617134627790353;49,97469854880977;12,434474145106314;9,315357889469112;-8,154270739037674;-1,161087150431424;9,315357889469112;0,9999999999999999;0,01564572768923552;;0,8294348141047769;0,9843542723107646;0,12487351661633596;0,04569166927888691;;
SIGMA;700,0;42,5;32,5;25,0;FCC_A1 + P_PHASE + SIGMA;14,22499976591864;29,40816682339989;20,617134627790314;49,974698548809805;12,434474145106341;9,315357889469148;-8,15427073903767;-1,161087150431463;9,315357889469148;1,0;0,0156457276892356;;0,8294348141047776;0,9843542723107647;0,12487351661633526;0,045691669278886904;;
SIGMA;700,0;40,0;32,5;27,5;FCC_A1 + P_PHASE + SIGMA;21,638163767553987;29,408166823399895;20,617134627790445;49,97469854880967;12,434474145106224;9,315357889469013;-8,154270739037663;-1,1610871504313316;9,315357889469013;1,0;0,015645727689234938;;0,8294348141047755;0,9843542723107648;0,12487351661633742;0,04569166927888705;;
SIGMA;700,0;37,5;32,5;30,0;P_PHASE + SIGMA;32,43006469803643;28,40594037152686;23,734987208868898;47,859072419604246;11,811287363258899;9,156497190910699;-9,156497190910699;1,9567654306471205;7,199731760263589;0,9999999999999999;0,006622801510621543;;0,7961794733243771;0,9933771984893783;0,17483263159461981;0,028987895081003353;;
SIGMA;700,0;35,0;32,5;32,5;P_PHASE + SIGMA;46,40996098922766;27,91743955310616;26,798272841429394;45,28428760546444;11,815965196786859;9,644998009331399;-9,644998009331399;5,020051063207617;4,624946946123785;1,0;0,0032516492717358163;;0,7540155380306883;0,9967483507282642;0,2251382471953201;0,02084621477399158;;
SIGMA;700,0;32,5;32,5;35,0;P_PHASE + SIGMA;62,29199243020644;27,689532880819538;29,09510088459982;43,21536623458063;12,551662577162732;9,87290468161802;-9,87290468161802;7,3168791063780425;2,556025575239971;1,0;0,002002186330242245;;0,719811173614068;0,9979978136697577;0,2631410561500511;0,017047770235881457;;
SIGMA;700,0;30,0;32,5;37,5;P_PHASE + SIGMA;80,04487662851353;27,55401434796917;30,939391433700585;41,506594218330264;13,594609346707836;10,00842321446839;-10,00842321446839;9,161169655478808;0,8472535589896069;1,0;0,0013832349945287967;;0,6914691847511645;0,9986167650054713;0,2937416872271271;0,014789128021708325;;
SIGMA;700,0;27,5;32,5;40,0;P_PHASE + SIGMA;99,68315166224171;27,462728339384885;32,478241365936235;40,05903029467889;14,725994638787855;10,700019587714458;-10,099709223052674;10,700019587714458;-0,600310364661766;1,0;0,0010260232092302523;;0,6674224997537083;0,9989739767907698;0,31930980570098855;0,01326769454530377;;
SIGMA;700,0;25,0;32,5;42,5;BCC_B2 + SIGMA;91,53456683738945;27,302971428418303;34,04431746495554;38,65271110662615;16,116460868100784;12,266095686733763;-10,259466134019256;12,266095686733763;-2,0066295527145073;1,0;0,0007527450664565166;;0,6440445750956679;0,9992472549335436;0,3453503455418051;0,010605079362527435;;
SIGMA;700,0;22,5;32,5;45,0;BCC_B2 + SIGMA;82,46782949945064;27,258604590986074;35,042759920441746;37,69863548857217;17,055284258498723;13,264538142219969;-10,303832971451484;13,264538142219969;-2,9607051707684846;0,9999999999999999;0,0006247842117303613;;0,6281717505402629;0,9993752157882698;0,3619626173877469;0,009865632071990194;;
SIGMA;700,0;20,0;32,5;47,5;BCC_B2 + SIGMA;73,24040413040677;27,258604590986117;35,042759920440695;37,698635488573196;17,055284258497704;13,264538142218917;-10,303832971451442;13,264538142218917;-2,9607051707674614;1,0;0,0006247842117304827;;0,6281717505402797;0,9993752157882695;0,3619626173877293;0,009865632071990793;;
SIGMA;700,0;17,5;32,5;50,0;BCC_B2 + SIGMA;64,01297874761994;27,258604590986124;35,04275992044028;37,698635488573586;17,05528425849731;13,264538142218505;-10,303832971451435;13,264538142218505;-2,9607051707670706;1,0;0,0006247842117305295;;0,6281717505402865;0,9993752157882694;0,3619626173877227;0,009865632071991093;;
SIGMA;700,0;15,0;32,5;52,5;BCC_B2 + SIGMA;54,78555335714857;27,258604590986096;35,0427599204413;37,698635488572606;17,055284258498286;13,264538142219521;-10,303832971451463;13,264538142219521;-2,960705170768051;1,0;0,0006247842117304066;;0,6281717505402701;0,9993752157882694;0,36196261738773955;0,009865632071990432;;
SIGMA;700,0;42,5;35,0;22,5;FCC_A1 + P_PHASE + SIGMA;4,346440121122734;29,4081668233999;20,617134627790353;49,97469854880974;12,434474145106284;9,315357889469084;-8,15427073903766;-1,161087150431424;9,315357889469084;1,0;0,01564572768923538;;0,8294348141047766;0,9843542723107646;0,12487351661633596;0,04569166927888713;;
SIGMA;700,0;40,0;35,0;25,0;P_PHASE + SIGMA;13,584255359881453;28,36886498072352;23,91162252101947;47,71951249825701;11,786399023435505;9,19357258171404;-9,19357258171404;2,1334007427976935;7,060171838916354;1,0;0,006339127973163273;;0,7939165131991363;0,9936608720268366;0,17771351489991644;0,028369971900947505;;
SIGMA;700,0;37,5;35,0;27,5;P_PHASE + SIGMA;26,169638593057527;27,83514546330777;27,536006383472696;44,628848153219536;11,980370815889541;9,727292099129787;-9,727292099129787;5,757784605250919;3,9695074938788792;0,9999999999999999;0,0027728406947388354;;0,7431979490659391;0,9972271593052611;0,23732740432337573;0,019474646610685042;;
SIGMA;700,0;35,0;35,0;30,0;P_PHASE + SIGMA;40,98845781870516;27,61567339811929;30,04394480612024;42,34038179576047;13,041709773524046;9,946764164318267;-9,946764164318267;8,265723027898463;1,6810411364198146;0,9999999999999999;0,0016522970344754213;;0,705305852810569;0,9983477029655247;0,2788773683318874;0,0158167788575438;;
SIGMA;700,0;32,5;35,0;32,5;P_PHASE + SIGMA;57,99331377936071;27,489875787554436;31,990682045857533;40,519442166588036;14,344699962534946;10,212460267635755;-10,072561774883123;10,212460267635755;-0,13989849275262145;1,0;0,001126942289835884;;0,6750736044898368;0,9988730577101642;0,31120624349536663;0,013720152014796021;;
SIGMA;700,0;30,0;35,0;35,0;P_PHASE + SIGMA;77,18769140646161;27,406447409869717;33,58260718364717;39,010945406483124;15,659018413952971;11,804385405425393;-10,155990152567842;11,804385405425393;-1,648395252857533;0,9999999999999999;0,0008316722996941031;;0,6499976073747867;0,999168327700306;0,33767271357182926;0,012329679053384167;;
SIGMA;700,0;27,5;35,0;37,5;P_PHASE + SIGMA;98,58437266175858;27,3464120787134;34,922809421043254;37,73077850024334;16,90336763203159;13,144587642821477;-10,21602548372416;13,144587642821477;-2,928562159097318;1,0;0,0006471719976514312;;0,628702492337911;0,9993528280023486;0,35996841746131025;0,01132909020077897;;
SIGMA;700,0;25,0;35,0;40,0;BCC_B2 + SIGMA;91,664090895998;27,258604590986064;35,0427599204419;37,698635488572044;17,055284258498872;13,264538142220125;-10,303832971451495;13,264538142220125;-2,9607051707686125;1,0;0,000624784211730341;;0,6281717505402606;0,9993752157882697;0,36196261738774954;0,009865632071989927;;
SIGMA;700,0;22,5;35,0;42,5;BCC_B2 + SIGMA;82,43666550442552;27,25860459098608;35,04275992044152;37,69863548857241;17,055284258498503;13,264538142219742;-10,303832971451477;13,264538142219742;-2,96070517076825;0,9999999999999999;0,000624784211730394;;0,6281717505402666;0,9993752157882695;0,36196261738774316;0,009865632071990222;;
SIGMA;700,0;20,0;35,0;45,0;BCC_B2 + SIGMA;73,20924011695628;27,258604590986103;35,042759920441384;37,6986354885725;17,055284258498368;13,264538142219607;-10,303832971451456;13,264538142219607;-2,9607051707681578;0,9999999999999999;0,0006247842117304062;;0,6281717505402682;0,9993752157882695;0,3619626173877408;0,00986563207199049;;
SIGMA;700,0;17,5;35,0;47,5;BCC_B2 + SIGMA;63,981814754137346;27,258604590986096;35,042759920441405;37,69863548857249;17,05528425849839;13,264538142219628;-10,303832971451463;13,264538142219628;-2,960705170768165;0,9999999999999999;0,0006247842117303977;;0,628171750540268;0,9993752157882696;0,36196261738774127;0,009865632071990446;;
SIGMA;700,0;15,0;35,0;50,0;BCC_B2 + SIGMA;54,754389364529246;27,258604590986106;35,0427599204413;37,69863548857259;17,055284258498283;13,264538142219521;-10,303832971451452;13,264538142219521;-2,9607051707680654;1,0;0,0006247842117304158;;0,6281717505402696;0,9993752157882696;0,36196261738773944;0,009865632071990576;;
SIGMA;700,0;40,0;37,5;22,5;P_PHASE + SIGMA;4,808402519406961;27,736402188052423;28,552603746257827;43,710994065689746;12,31892084315838;9,826035374385135;-9,826035374385135;6,7743819680360495;3,0516534063490894;0,9999999999999999;0,0022389666022199135;;0,7280190196276691;0,99776103339778;0,2541520550159016;0,01782892535642932;;
SIGMA;700,0;37,5;37,5;25,0;P_PHASE + SIGMA;18,05314922949023;27,533915233930724;31,254657026755574;41,21142773931369;13,80865255037171;10,028522328506835;-10,028522328506835;9,476435248533797;0,5520870799730346;1,0;0,0013002719623769828;;0,686568179663589;0,998699728037623;0,2989776775486768;0,014454142787734376;;
SIGMA;700,0;35,0;37,5;27,5;P_PHASE + SIGMA;33,97880866595488;27,42109976517813;33,282049104266335;39,296851130555545;15,39614085352629;11,503827326044558;-10,141337797259428;11,503827326044558;-1,3624895287851118;1,0;0,0008803074235180962;;0,6547518949706996;0,9991196925764819;0,3326742200541097;0,012573884975191098;;
SIGMA;700,0;32,5;37,5;30,0;P_PHASE + SIGMA;52,53166379846898;27,347044880482184;34,90769400286102;37,7452611166568;16,888728434231197;13,129472224639244;-10,215392681955375;13,129472224639244;-2,914079542683858;0,9999999999999999;0,0006489912757961207;;0,628943464994103;0,9993510087242039;0,3597168981089717;0,0113396368969254;;
SIGMA;700,0;30,0;37,5;32,5;BCC_B2 + P_PHASE + SIGMA;71,9862654024775;27,313836003099254;35,73255964608971;36,953604350811034;17,70564488633609;13,954337867867935;-10,248601559338304;13,954337867867935;-3,705736308529623;1,0;0,000557174477123633;;0,6157695892963786;0,9994428255228763;0,37344425509641155;0,010786155607209793;;
SIGMA;700,0;27,5;37,5;35,0;BCC_B2 + P_PHASE + SIGMA;89,73362003389163;27,313836003099222;35,732559646089825;36,953604350810956;17,705644886336213;13,954337867868048;-10,248601559338336;13,954337867868048;-3,7057363085297013;1,0;0,0005571744771236246;;0,6157695892963775;0,9994428255228764;0,37344425509641355;0,010786155607209445;;
SIGMA;700,0;25,0;37,5;37,5;BCC_B2 + SIGMA;91,6329268924263;27,258604590986103;35,04275992044113;37,69863548857277;17,055284258498123;13,264538142219351;-10,303832971451456;13,264538142219351;-2,9607051707678878;0,9999999999999999;0,0006247842117304395;;0,6281717505402726;0,9993752157882696;0,3619626173877365;0,00986563207199052;;
SIGMA;700,0;22,5;37,5;40,0;BCC_B2 + SIGMA;82,40550150908115;27,258604590986064;35,04275992044206;37,69863548857189;17,05528425849902;13,264538142220282;-10,303832971451495;13,264538142220282;-2,960705170768769;1,0;0,000624784211730325;;0,6281717505402581;0,9993752157882696;0,36196261738775226;0,009865632071990022;;
SIGMA;700,0;20,0;37,5;42,5;BCC_B2 + SIGMA;73,17807612340275;27,2586045909861;35,042759920441455;37,69863548857246;17,055284258498435;13,264538142219678;-10,30383297145146;13,264538142219678;-2,9607051707682004;1,0;0,0006247842117303994;;0,6281717505402676;0,9993752157882697;0,36196261738774216;0,009865632071990604;;
SIGMA;700,0;17,5;37,5;45,0;BCC_B2 + SIGMA;63,95065077313791;27,258604590986096;35,04275992044173;37,69863548857216;17,055284258498702;13,264538142219955;-10,303832971451463;13,264538142219955;-2,960705170768499;1,0;0,0006247842117303651;;0,6281717505402625;0,9993752157882697;0,36196261738774677;0,009865632071990451;;
SIGMA;700,0;15,0;37,5;47,5;BCC_B2 + SIGMA;54,723225376592666;27,258604590986117;35,0427599204408;37,69863548857308;17,055284258497807;13,264538142219024;-10,303832971451442;13,264538142219024;-2,960705170767575;1,0;0,0006247842117304677;;0,628171750540278;0,9993752157882695;0,3619626173877313;0,009865632071990827;;
SIGMA;700,0;37,5;40,0;22,5;P_PHASE + SIGMA;6,557915904230571;27,34797531090787;34,88551011934293;37,7665145697492;16,867266806742478;13,107288341121155;-10,214462251529689;13,107288341121155;-2,892826089591459;0,9999999999999998;0,0006516711206624608;;0,6292970936912281;0,9993483288793376;0,3593477622380848;0,011355144070686642;;
SIGMA;700,0;35,0;40,0;25,0;BCC_B2 + P_PHASE + SIGMA;23,83934336083482;27,313836003099215;35,732559646090266;36,95360435081051;17,70564488633666;13,954337867868489;-10,248601559338343;13,954337867868489;-3,705736308530149;0,9999999999999998;0,0005571744771235848;;0,6157695892963698;0,9994428255228766;0,3734442550964207;0,010786155607209268;;
SIGMA;700,0;32,5;40,0;27,5;BCC_B2 + P_PHASE + SIGMA;41,58669798833561;27,31383600309912;35,73255964609277;36,95360435080813;17,705644886339183;13,95433786787099;-10,24860155933844;13,95433786787099;-3,705736308532529;0,9999999999999999;0,0005571744771233302;;0,6157695892963302;0,9994428255228768;0,3734442550964622;0,010786155607207502;;
SIGMA;700,0;30,0;40,0;30,0;BCC_B2 + P_PHASE + SIGMA;59,334052619209906;27,313836003099244;35,732559646090074;36,95360435081069;17,705644886336454;13,954337867868297;-10,248601559338315;13,954337867868297;-3,705736308529964;0,9999999999999999;0,0005571744771236075;;0,6157695892963727;0,9994428255228764;0,3734442550964173;0,010786155607209582;;
SIGMA;700,0;27,5;40,0;32,5;BCC_B2 + P_PHASE + SIGMA;77,08140725005802;27,313836003099247;35,732559646089804;36,95360435081094;17,705644886336184;13,954337867868027;-10,248601559338312;13,954337867868027;-3,7057363085297155;1,0;0,0005571744771236371;;0,615769589296377;0,9994428255228763;0,37344425509641305;0,01078615560720955;;
SIGMA;700,0;25,0;40,0;35,0;BCC_B2 + SIGMA;91,57611804310612;27,26639898245462;35,14302567949323;37,590575338052155;17,147702888640232;13,36480390127145;-10,296038579982937;13,36480390127145;-3,0687653212885024;1,0;0,0006144260747535917;;0,6263730498398128;0,9993855739252463;0,3636314115637212;0,009995538596465821;;
SIGMA;700,0;22,5;40,0;37,5;BCC_B2 + SIGMA;82,37433751783152;27,258604590986053;35,04275992044234;37,698635488571604;17,055284258499302;13,264538142220566;-10,303832971451506;13,264538142220566;-2,960705170769053;1,0;0,0006247842117302897;;0,6281717505402534;0,9993752157882697;0,36196261738775704;0,009865632071989835;;
SIGMA;700,0;20,0;40,0;40,0;BCC_B2 + SIGMA;73,14691212571988;27,258604590986035;35,04275992044225;37,69863548857172;17,05528425849922;13,264538142220474;-10,303832971451524;13,264538142220474;-2,9607051707689394;1,0;0,000624784211730293;;0,6281717505402553;0,9993752157882696;0,36196261738775554;0,009865632071989608;;
SIGMA;700,0;17,5;40,0;42,5;BCC_B2 + SIGMA;63,91948674086135;27,258604590986096;35,04275992044158;37,69863548857233;17,055284258498556;13,264538142219806;-10,303832971451463;13,264538142219806;-2,9607051707683283;1,0;0,0006247842117303822;;0,6281717505402654;0,9993752157882694;0,3619626173877442;0,009865632071990454;;
SIGMA;700,0;15,0;40,0;45,0;BCC_B2 + SIGMA;54,69206143859269;27,258604590986135;35,04275992044061;37,69863548857326;17,055284258497615;13,264538142218832;-10,303832971451424;13,264538142218832;-2,9607051707673975;0,9999999999999999;0,0006247842117305003;;0,6281717505402807;0,9993752157882696;0,3619626173877277;0,009865632071991013;;
SIGMA;700,0;35,0;42,5;22,5;BCC_B2 + P_PHASE + SIGMA;11,18713057439521;27,31383600309921;35,7325596460908;36,95360435081;17,70564488633719;13,954337867869022;-10,24860155933835;13,954337867869022;-3,7057363085306605;0,9999999999999999;0,0005571744771235406;;0,6157695892963613;0,9994428255228764;0,37344425509642953;0,010786155607208933;;
SIGMA;700,0;32,5;42,5;25,0;BCC_B2 + P_PHASE + SIGMA;28,934485204511784;27,31383600309923;35,73255964609027;36,9536043508105;17,705644886336657;13,954337867868496;-10,24860155933833;13,954337867868496;-3,705736308530156;1,0;0,0005571744771235941;;0,6157695892963697;0,9994428255228764;0,3734442550964209;0,010786155607209372;;
SIGMA;700,0;30,0;42,5;27,5;BCC_B2 + P_PHASE + SIGMA;46,681839834894404;27,313836003099247;35,73255964608949;36,95360435081127;17,70564488633587;13,954337867867714;-10,248601559338312;13,954337867867714;-3,7057363085293886;1,0;0,0005571744771236716;;0,6157695892963826;0,9994428255228762;0,373444255096408;0,010786155607209698;;
SIGMA;700,0;27,5;42,5;30,0;BCC_B2 + P_PHASE + SIGMA;64,42919446538575;27,31383600309924;35,73255964608998;36,95360435081078;17,705644886336366;13,954337867868205;-10,248601559338319;13,954337867868205;-3,705736308529879;1,0;0,0005571744771236195;;0,6157695892963743;0,9994428255228763;0,37344425509641604;0,010786155607209535;;
SIGMA;700,0;25,0;42,5;32,5;BCC_B2 + P_PHASE + SIGMA;82,17654909375102;27,313836003099308;35,732559646087964;36,95360435081273;17,705644886334326;13,954337867866187;-10,248601559338251;13,954337867866187;-3,705736308527925;0,9999999999999999;0,000557174477123828;;0,6157695892964069;0,9994428255228762;0,37344425509638246;0,01078615560721069;;
SIGMA;700,0;22,5;42,5;35,0;BCC_B2 + SIGMA;82,343173520488;27,258604590986103;35,0427599204411;37,6986354885728;17,055284258498094;13,264538142219322;-10,303832971451456;13,264538142219322;-2,9607051707678593;1,0;0,0006247842117304329;;0,6281717505402733;0,9993752157882696;0,3619626173877363;0,009865632071990656;;
SIGMA;700,0;20,0;42,5;37,5;BCC_B2 + SIGMA;73,11574813806936;27,25860459098613;35,04275992044054;37,698635488573345;17,055284258497547;13,264538142218761;-10,303832971451428;13,264538142218761;-2,960705170767312;0,9999999999999998;0,0006247842117305044;;0,628171750540282;0,9993752157882696;0,36196261738772667;0,009865632071990987;;
SIGMA;700,0;17,5;42,5;40,0;BCC_B2 + SIGMA;63,88832275099073;27,258604590986085;35,04275992044185;37,698635488572066;17,055284258498816;13,264538142220076;-10,303832971451474;13,264538142220076;-2,960705170768591;1,0;0,0006247842117303428;;0,6281717505402609;0,9993752157882697;0,36196261738774865;0,009865632071990225;;
SIGMA;700,0;15,0;42,5;42,5;BCC_B2 + SIGMA;54,66089729488661;27,258604590986103;35,04275992044118;37,69863548857273;17,05528425849817;13,2645381422194;-10,303832971451456;13,2645381422194;-2,9607051707679304;0,9999999999999998;0,0006247842117304298;;0,6281717505402719;0,9993752157882697;0,3619626173877373;0,009865632071990524;;
SIGMA;700,0;32,5;45,0;22,5;BCC_B2 + P_PHASE + SIGMA;16,28227242036838;27,31383600309924;35,73255964608976;36,953604350811005;17,70564488633614;13,954337867867984;-10,248601559338319;13,954337867867984;-3,7057363085296515;1,0;0,0005571744771236449;;0,6157695892963782;0,9994428255228764;0,3734442550964123;0,010786155607209611;;
SIGMA;700,0;30,0;45,0;25,0;BCC_B2 + P_PHASE + SIGMA;34,0296270503924;27,313836003099148;35,732559646092035;36,95360435080883;17,70564488633844;13,954337867870258;-10,248601559338411;13,954337867870258;-3,705736308531826;1,0;0,0005571744771234075;;0,6157695892963418;0,9994428255228764;0,3734442550964502;0,010786155607207987;;
SIGMA;700,0;27,5;45,0;27,5;BCC_B2 + P_PHASE + SIGMA;51,77698168025143;27,313836003099222;35,73255964609011;36,95360435081067;17,705644886336497;13,954337867868333;-10,248601559338336;13,954337867868333;-3,7057363085299855;0,9999999999999999;0,0005571744771235987;;0,6157695892963726;0,9994428255228764;0,3734442550964182;0,010786155607209337;;
SIGMA;700,0;25,0;45,0;30,0;BCC_B2 + P_PHASE + SIGMA;69,52433631072186;27,313836003099283;35,732559646088966;36,95360435081176;17,705644886335335;13,954337867867189;-10,248601559338276;13,954337867867189;-3,7057363085288983;1,0;0,0005571744771237212;;0,6157695892963909;0,9994428255228762;0,3734442550963993;0,010786155607210354;;
SIGMA;700,0;22,5;45,0;32,5;BCC_B2 + SIGMA;82,31200952658591;27,258604590986064;35,04275992044218;37,69863548857176;17,05528425849914;13,264538142220403;-10,303832971451495;13,264538142220403;-2,9607051707688967;0,9999999999999999;0,0006247842117303086;;0,6281717505402559;0,9993752157882698;0,36196261738775404;0,009865632071989927;;
SIGMA;700,0;20,0;45,0;35,0;BCC_B2 + SIGMA;73,08458413813692;27,258604590986153;35,04275992044043;37,69863548857341;17,05528425849744;13,264538142218655;-10,303832971451406;13,264538142218655;-2,9607051707672483;1,0;0,0006247842117305123;;0,6281717505402833;0,9993752157882695;0,361962617387725;0,009865632071991306;;
SIGMA;700,0;17,5;45,0;37,5;BCC_B2 + SIGMA;63,85715875481971;27,258604590986067;35,04275992044153;37,69863548857239;17,055284258498524;13,264538142219756;-10,303832971451492;13,264538142219756;-2,9607051707682643;1,0;0,0006247842117303715;;0,6281717505402665;0,9993752157882697;0,36196261738774343;0,009865632071990052;;
SIGMA;700,0;15,0;45,0;40,0;BCC_B2 + SIGMA;54,62973336782508;27,258604590986074;35,042759920441924;37,698635488571995;17,055284258498894;13,264538142220147;-10,303832971451484;13,264538142220147;-2,9607051707686622;1,0;0,0006247842117303348;;0,6281717505402599;0,9993752157882696;0,36196261738774993;0,00986563207199015;;
SIGMA;700,0;32,5;47,5;20,0;BCC_B2 + P_PHASE + SIGMA;3,630059634939197;27,31383600309923;35,73255964609015;36,953604350810615;17,705644886336536;13,954337867868375;-10,24860155933833;13,954337867868375;-3,7057363085300423;1,0;0,0005571744771235921;;0,6157695892963718;0,9994428255228764;0,373444255096419;0,010786155607209478;;
SIGMA;700,0;30,0;47,5;22,5;BCC_B2 + P_PHASE + SIGMA;21,377414265054504;27,313836003099212;35,73255964609058;36,95360435081022;17,70564488633697;13,954337867868801;-10,248601559338347;13,954337867868801;-3,7057363085304402;1,0;0,000557174477123558;;0,6157695892963649;0,9994428255228764;0,3734442550964258;0,010786155607209054;;
SIGMA;700,0;27,5;47,5;25,0;BCC_B2 + P_PHASE + SIGMA;39,124768896198816;27,313836003099194;35,732559646090756;36,95360435081005;17,705644886337154;13,95433786786898;-10,248601559338365;13,95433786786898;-3,7057363085306037;1,0;0,0005571744771235296;;0,6157695892963623;0,9994428255228767;0,37344425509642876;0,010786155607208707;;
SIGMA;700,0;25,0;47,5;27,5;BCC_B2 + P_PHASE + SIGMA;56,87212352632722;27,31383600309923;35,73255964609011;36,953604350810664;17,705644886336493;13,954337867868333;-10,24860155933833;13,954337867868333;-3,7057363085299926;1,0;0,0005571744771236092;;0,6157695892963725;0,9994428255228764;0,3734442550964182;0,01078615560720936;;
SIGMA;700,0;22,5;47,5;30,0;BCC_B2 + P_PHASE + SIGMA;74,61947815729984;27,313836003099212;35,73255964609024;36,95360435081054;17,705644886336632;13,95433786786846;-10,248601559338347;13,95433786786846;-3,7057363085301205;0,9999999999999999;0,0005571744771235969;;0,6157695892963704;0,9994428255228764;0,3734442550964204;0,01078615560720915;;
SIGMA;700,0;20,0;47,5;32,5;BCC_B2 + SIGMA;73,0534201449154;27,2586045909861;35,04275992044136;37,69863548857255;17,055284258498343;13,264538142219585;-10,30383297145146;13,264538142219585;-2,960705170768108;1,0;0,0006247842117303975;;0,6281717505402691;0,9993752157882696;0,3619626173877406;0,009865632071990545;;
SIGMA;700,0;17,5;47,5;35,0;BCC_B2 + SIGMA;63,825994759940926;27,258604590986103;35,04275992044119;37,698635488572705;17,055284258498183;13,264538142219415;-10,303832971451456;13,264538142219415;-2,9607051707679517;1,0;0,0006247842117304197;;0,6281717505402717;0,9993752157882696;0,36196261738773766;0,009865632071990529;;
SIGMA;700,0;15,0;47,5;37,5;BCC_B2 + SIGMA;54,598569369263274;27,258604590986067;35,042759920441505;37,69863548857243;17,055284258498496;13,264538142219727;-10,303832971451492;13,264538142219727;-2,960705170768229;0,9999999999999998;0,0006247842117303922;;0,6281717505402671;0,9993752157882696;0,36196261738774305;0,009865632071990146;;
SIGMA;700,0;30,0;50,0;20,0;BCC_B2 + P_PHASE + SIGMA;8,72520148202355;27,31383600309923;35,73255964609045;36,95360435081032;17,705644886336835;13,954337867868674;-10,24860155933833;13,954337867868674;-3,7057363085303336;1,0;0,0005571744771235712;;0,6157695892963668;0,9994428255228763;0,37344425509642387;0,010786155607209368;;
SIGMA;700,0;27,5;50,0;22,5;BCC_B2 + P_PHASE + SIGMA;26,472556110517885;27,3138360030992;35,73255964609087;36,95360435080993;17,705644886337264;13,954337867869093;-10,248601559338358;13,954337867869093;-3,7057363085307244;0,9999999999999999;0,0005571744771235232;;0,6157695892963603;0,9994428255228766;0,3734442550964308;0,010786155607208964;;
SIGMA;700,0;25,0;50,0;25,0;BCC_B2 + P_PHASE + SIGMA;44,21991074353224;27,31383600309924;35,732559646090024;36,95360435081075;17,705644886336405;13,954337867868247;-10,248601559338319;13,954337867868247;-3,7057363085299073;1,0;0,0005571744771236144;;0,6157695892963736;0,9994428255228763;0,3734442550964165;0,010786155607209351;;
SIGMA;700,0;22,5;50,0;27,5;BCC_B2 + P_PHASE + SIGMA;61,9672653693363;27,313836003099166;35,73255964609169;36,953604350809165;17,70564488633809;13,95433786786991;-10,248601559338393;13,95433786786991;-3,705736308531492;1,0;0,000557174477123443;;0,6157695892963475;0,9994428255228766;0,37344425509644436;0,010786155607208345;;
SIGMA;700,0;20,0;50,0;30,0;BCC_B2 + SIGMA;73,02225615232116;27,258604590986103;35,04275992044129;37,69863548857261;17,055284258498276;13,264538142219514;-10,303832971451456;13,264538142219514;-2,960705170768044;1,0;0,0006247842117304099;;0,62817175054027;0,9993752157882696;0,3619626173877392;0,009865632071990453;;
SIGMA;700,0;17,5;50,0;32,5;BCC_B2 + SIGMA;63,7948307659514;27,25860459098609;35,042759920442066;37,69863548857186;17,055284258499018;13,264538142220289;-10,30383297145147;13,264538142220289;-2,9607051707687972;1,0;0,0006247842117303215;;0,6281717505402572;0,9993752157882696;0,3619626173877519;0,009865632071990161;;
SIGMA;700,0;15,0;50,0;35,0;BCC_B2 + SIGMA;54,5674053796869;27,25860459098611;35,042759920440865;37,69863548857304;17,055284258497867;13,264538142219088;-10,303832971451449;13,264538142219088;-2,9607051707676177;0,9999999999999999;0,0006247842117304684;;0,6281717505402772;0,9993752157882695;0,36196261738773233;0,009865632071990824;;
SIGMA;700,0;27,5;52,5;20,0;BCC_B2 + P_PHASE + SIGMA;13,82034332835102;27,313836003099233;35,73255964608981;36,953604350810956;17,705644886336195;13,954337867868034;-10,248601559338326;13,954337867868034;-3,7057363085297013;0,9999999999999999;0,000557174477123633;;0,6157695892963776;0,9994428255228762;0,3734442550964134;0,010786155607209632;;
SIGMA;700,0;25,0;52,5;22,5;BCC_B2 + P_PHASE + SIGMA;31,56769795625905;27,31383600309925;35,73255964609019;36,95360435081056;17,705644886336565;13,95433786786841;-10,248601559338308;13,95433786786841;-3,705736308530099;1,0;0,0005571744771235943;;0,6157695892963705;0,9994428255228766;0,37344425509641915;0,010786155607209509;;
SIGMA;700,0;22,5;52,5;25,0;BCC_B2 + P_PHASE + SIGMA;49,31505258802027;27,313836003099187;35,73255964609107;36,953604350809734;17,70564488633747;13,954337867869292;-10,248601559338372;13,954337867869292;-3,7057363085309234;1,0;0,0005571744771235076;;0,6157695892963571;0,9994428255228766;0,37344425509643414;0,010786155607208688;;
SIGMA;700,0;20,0;52,5;27,5;BCC_B2 + P_PHASE + SIGMA;67,06240721728783;27,313836003099233;35,73255964608984;36,95360435081093;17,705644886336223;13,954337867868063;-10,248601559338326;13,954337867868063;-3,7057363085297297;1,0;0,000557174477123633;;0,6157695892963769;0,9994428255228762;0,3734442550964139;0,010786155607209554;;
SIGMA;700,0;17,5;52,5;30,0;BCC_B2 + SIGMA;63,76366677336325;27,258604590986057;35,042759920441846;37,6986354885721;17,055284258498826;13,264538142220069;-10,303832971451502;13,264538142220069;-2,9607051707685557;1,0;0,0006247842117303536;;0,6281717505402615;0,9993752157882696;0,3619626173877486;0,009865632071989783;;
SIGMA;700,0;15,0;52,5;32,5;BCC_B2 + SIGMA;54,53624138245944;27,258604590986113;35,04275992044085;37,69863548857303;17,055284258497853;13,264538142219074;-10,303832971451445;13,264538142219074;-2,960705170767625;1,0;0,0006247842117304629;;0,6281717505402773;0,9993752157882695;0,3619626173877322;0,009865632071990836;;
SIGMA;700,0;27,5;55,0;17,5;BCC_B2 + P_PHASE + SIGMA;1,168130540307239;27,313836003099194;35,73255964609087;36,95360435080993;17,705644886337268;13,954337867869093;-10,248601559338365;13,954337867869093;-3,7057363085307244;1,0;0,0005571744771235271;;0,6157695892963602;0,9994428255228764;0,3734442550964308;0,010786155607208742;;
SIGMA;700,0;25,0;55,0;20,0;BCC_B2 + P_PHASE + SIGMA;18,915485172441322;27,313836003099222;35,732559646090166;36,953604350810615;17,705644886336554;13,95433786786839;-10,248601559338336;13,95433786786839;-3,7057363085300423;0,9999999999999999;0,0005571744771235982;;0,6157695892963717;0,9994428255228764;0,3734442550964192;0,010786155607209377;;
SIGMA;700,0;22,5;55,0;22,5;BCC_B2 + P_PHASE + SIGMA;36,66283980198919;27,313836003099222;35,732559646089925;36,95360435081085;17,705644886336316;13,954337867868148;-10,248601559338336;13,954337867868148;-3,705736308529808;1,0;0,0005571744771236284;;0,6157695892963757;0,9994428255228764;0,37344425509641527;0,010786155607209443;;
SIGMA;700,0;20,0;55,0;25,0;BCC_B2 + P_PHASE + SIGMA;54,410194432683234;27,31383600309917;35,732559646091865;36,953604350808966;17,70564488633827;13,954337867870088;-10,24860155933839;13,954337867870088;-3,705736308531691;0,9999999999999999;0,0005571744771234253;;0,6157695892963443;0,9994428255228766;0,3734442550964476;0,010786155607208433;;
SIGMA;700,0;17,5;55,0;27,5;BCC_B2 + SIGMA;63,732502781034206;27,258604590986103;35,04275992044088;37,69863548857303;17,055284258497885;13,264538142219102;-10,303832971451456;13,264538142219102;-2,960705170767625;1,0;0,0006247842117304642;;0,6281717505402772;0,9993752157882695;0,36196261738773267;0,009865632071990676;;
SIGMA;700,0;15,0;55,0;30,0;BCC_B2 + SIGMA;54,50507739164693;27,258604590986117;35,04275992044105;37,698635488572826;17,05528425849804;13,264538142219273;-10,303832971451442;13,264538142219273;-2,960705170767831;1,0;0,000624784211730445;;0,6281717505402736;0,9993752157882696;0,36196261738773544;0,009865632071990852;;
SIGMA;700,0;25,0;57,5;17,5;BCC_B2 + P_PHASE + SIGMA;6,2632723859027015;27,313836003099233;35,73255964608991;36,95360435081086;17,705644886336295;13,954337867868134;-10,248601559338326;13,954337867868134;-3,7057363085297936;1,0;0,0005571744771236273;;0,6157695892963757;0,9994428255228763;0,3734442550964148;0,01078615560720937;;
SIGMA;700,0;22,5;57,5;20,0;BCC_B2 + P_PHASE + SIGMA;24,01062701661146;27,313836003099198;35,73255964609052;36,95360435081028;17,70564488633692;13,954337867868745;-10,248601559338361;13,954337867868745;-3,7057363085303763;0,9999999999999999;0,0005571744771235588;;0,6157695892963662;0,9994428255228764;0,3734442550964251;0,010786155607208917;;
SIGMA;700,0;20,0;57,5;22,5;BCC_B2 + P_PHASE + SIGMA;41,75798164517358;27,31383600309926;35,73255964608967;36,953604350811084;17,705644886336042;13,954337867867892;-10,248601559338297;13,954337867867892;-3,7057363085295734;0,9999999999999999;0,0005571744771236457;;0,6157695892963794;0,9994428255228763;0,37344425509641066;0,010786155607209812;;
SIGMA;700,0;17,5;57,5;25,0;BCC_B2 + P_PHASE + SIGMA;59,505336277793134;27,313836003099226;35,73255964609019;36,953604350810586;17,705644886336575;13,95433786786841;-10,248601559338333;13,95433786786841;-3,7057363085300707;0,9999999999999999;0,0005571744771235975;;0,615769589296371;0,9994428255228763;0,3734442550964195;0,010786155607209365;;
SIGMA;700,0;15,0;57,5;27,5;BCC_B2 + SIGMA;54,473913394325436;27,258604590986085;35,04275992044171;37,69863548857222;17,05528425849868;13,264538142219934;-10,303832971451474;13,264538142219934;-2,960705170768435;0,9999999999999999;0,000624784211730363;;0,6281717505402634;0,9993752157882696;0,36196261738774616;0,009865632071990274;;
SIGMA;700,0;22,5;60,0;17,5;BCC_B2 + P_PHASE + SIGMA;11,358414231814105;27,313836003099194;35,732559646090806;36,953604350810004;17,705644886337204;13,954337867869029;-10,248601559338365;13,954337867869029;-3,7057363085306534;1,0;0,0005571744771235462;;0,6157695892963616;0,9994428255228766;0,3734442550964298;0,010786155607208836;;
SIGMA;700,0;20,0;60,0;20,0;BCC_B2 + P_PHASE + SIGMA;29,1057688617189;27,313836003099233;35,732559646090245;36,95360435081054;17,705644886336625;13,954337867868468;-10,248601559338326;13,954337867868468;-3,7057363085301205;1,0;0,0005571744771235972;;0,6157695892963705;0,9994428255228763;0,3734442550964204;0,010786155607209547;;
SIGMA;700,0;17,5;60,0;22,5;BCC_B2 + P_PHASE + SIGMA;46,85312349326096;27,313836003099173;35,73255964609176;36,95360435080907;17,70564488633816;13,954337867869981;-10,248601559338386;13,954337867869981;-3,705736308531584;1,0;0,0005571744771234362;;0,615769589296346;0,9994428255228766;0,37344425509644563;0,010786155607208447;;
SIGMA;700,0;15,0;60,0;25,0;BCC_B2 + SIGMA;54,44274940426003;27,2586045909861;35,042759920441284;37,69863548857261;17,055284258498272;13,264538142219507;-10,30383297145146;13,264538142219507;-2,960705170768044;1,0;0,0006247842117304112;;0,6281717505402702;0,9993752157882695;0,36196261738773944;0,009865632071990487;;
SIGMA;700,0;20,0;62,5;17,5;BCC_B2 + P_PHASE + SIGMA;16,453556078446912;27,313836003099183;35,73255964609114;36,95360435080968;17,705644886337538;13,954337867869363;-10,248601559338375;13,954337867869363;-3,7057363085309802;0,9999999999999998;0,0005571744771235019;;0,6157695892963561;0,9994428255228764;0,3734442550964353;0,01078615560720869;;
SIGMA;700,0;17,5;62,5;20,0;BCC_B2 + P_PHASE + SIGMA;34,20091070856991;27,31383600309923;35,732559646090515;36,95360435081025;17,7056448863369;13,954337867868738;-10,24860155933833;13,954337867868738;-3,7057363085304047;1,0;0,0005571744771235572;;0,6157695892963655;0,9994428255228764;0,3734442550964249;0,010786155607209311;;
SIGMA;700,0;15,0;62,5;22,5;BCC_B2 + P_PHASE + SIGMA;51,948265340530575;27,31383600309932;35,73255964608787;36,95360435081281;17,70564488633423;13,954337867866094;-10,24860155933824;13,954337867866094;-3,7057363085278467;1,0;0,000557174477123829;;0,6157695892964082;0,9994428255228762;0,3734442550963809;0,010786155607210853;;
SIGMA;700,0;20,0;65,0;15,0;BCC_B2 + P_PHASE + SIGMA;3,80134329447416;27,313836003099244;35,73255964608961;36,95360435081115;17,705644886335993;13,954337867867835;-10,248601559338315;13,954337867867835;-3,7057363085295094;1,0;0,0005571744771236532;;0,6157695892963806;0,9994428255228764;0,37344425509640994;0,010786155607209654;;
SIGMA;700,0;17,5;65,0;17,5;BCC_B2 + P_PHASE + SIGMA;21,548697920885974;27,313836003099198;35,732559646091076;36,95360435080973;17,70564488633747;13,954337867869299;-10,248601559338361;13,954337867869299;-3,7057363085309305;1,0;0,0005571744771235089;;0,6157695892963568;0,9994428255228766;0,37344425509643425;0,010786155607208815;;
SIGMA;700,0;15,0;65,0;20,0;BCC_B2 + P_PHASE + SIGMA;39,29605255416978;27,31383600309919;35,73255964609124;36,95360435080956;17,705644886337637;13,954337867869462;-10,248601559338368;13,954337867869462;-3,705736308531094;1,0;0,0005571744771234937;;0,6157695892963544;0,9994428255228766;0,37344425509643714;0,010786155607208778;;
SIGMA;700,0;17,5;67,5;15,0;BCC_B2 + P_PHASE + SIGMA;8,896485138736333;27,313836003099198;35,73255964609133;36,95360435080948;17,705644886337723;13,954337867869555;-10,248601559338361;13,954337867869555;-3,705736308531179;1,0;0,0005571744771234808;;0,6157695892963528;0,9994428255228766;0,37344425509643847;0,010786155607208817;;
SIGMA;700,0;15,0;67,5;17,5;BCC_B2 + P_PHASE + SIGMA;26,643839766663685;27,313836003099237;35,732559646089754;36,95360435081102;17,705644886336135;13,954337867867977;-10,248601559338322;13,954337867867977;-3,7057363085296373;1,0;0,0005571744771236402;;0,6157695892963786;0,9994428255228763;0,3734442550964124;0,010786155607209632;;
SIGMA;700,0;15,0;70,0;15,0;BCC_B2 + P_PHASE + SIGMA;13,991626985261998;27,313836003099194;35,73255964609114;36,95360435080967;17,705644886337534;13,954337867869363;-10,248601559338365;13,954337867869363;-3,7057363085309873;1,0;0,0005571744771235021;;0,6157695892963557;0,9994428255228763;0,3734442550964352;0,01078615560720859;;
SIGMA;700,0;15,0;72,5;12,5;BCC_B2 + P_PHASE + SIGMA;1,3394142012334374;27,31383600309926;35,73255964608943;36,95360435081132;17,7056448863358;13,95433786786765;-10,248601559338297;13,95433786786765;-3,705736308529339;0,9999999999999999;0,000557174477123676;;0,6157695892963833;0,9994428255228763;0,3734442550964068;0,010786155607209802;;
SIGMA;1100,0;15,0;5,0;80,0;BCC_B2 + FCC_A1 + SIGMA;2,955573037172895;32,66455469493822;15,135380979952004;52,20006432510977;14,188195557735462;11,540723665769114;-4,897882867499341;-6,6428407982697735;11,540723665769114;1,0;0,13017049788691973;;0,8410742947769583;0,8698295021130802;0,05896090475184882;0,09996480047119234;;
SIGMA;1100,0;40,0;7,5;52,5;BCC_B2 + FCC_A1 + SIGMA;1,3398674855791464;32,66455469493989;15,135380979948174;52,20006432511194;14,18819555773844;11,540723665771282;-4,897882867497671;-6,642840798273603;11,540723665771282;1,0;0,13017049788703045;;0,8410742947769695;0,8698295021129696;0,05896090475180949;0,09996480047122004;;
SIGMA;1100,0;37,5;7,5;55,0;BCC_B2 + FCC_A1 + SIGMA;4,434492465678774;32,66455469493891;15,135380979949323;52,200064325111775;14,188195557738108;11,540723665771118;-4,897882867498652;-6,642840798272454;11,540723665771118;1,0;0,1301704978869918;;0,8410742947769757;0,869829502113007;0,058960904751820496;0,09996480047120401;;
SIGMA;1100,0;35,0;7,5;57,5;BCC_B2 + FCC_A1 + SIGMA;7,529117406014447;32,66455469493835;15,135380979950236;52,200064325111406;14,188195557737572;11,540723665770749;-4,897882867499206;-6,642840798271541;11,540723665770749;0,9999999999999999;0,1301704978869656;;0,8410742947769755;0,8698295021130343;0,058960904751829586;0,0999648004711947;;
SIGMA;1100,0;32,5;7,5;60,0;BCC_B2 + FCC_A1 + SIGMA;10,623742374693885;32,66455469493844;15,135380979949996;52,20006432511157;14,188195557737787;11,540723665770912;-4,897882867499121;-6,642840798271781;11,540723665770912;1,0;0,13017049788697196;;0,8410742947769766;0,8698295021130291;0,058960904751826755;0,09996480047119594;;
SIGMA;1100,0;30,0;7,5;62,5;BCC_B2 + FCC_A1 + SIGMA;13,718367364183576;32,66455469493834;15,135380979950005;52,20006432511165;14,188195557737881;11,54072366577099;-4,89788286749922;-6,642840798271772;11,54072366577099;0,9999999999999994;0,13017049788697047;;0,8410742947769786;0,869829502113029;0,05896090475182699;0,0999648004711948;;
SIGMA;1100,0;27,5;7,5;65,0;BCC_B2 + FCC_A1 + SIGMA;16,812992330151495;32,664554694938666;15,13538097994987;52,20006432511146;14,18819555773768;11,540723665770805;-4,897882867498893;-6,642840798271907;11,540723665770805;0,9999999999999999;0,13017049788697718;;0,8410742947769739;0,8698295021130225;0,058960904751826144;0,09996480047120003;;
SIGMA;1100,0;25,0;7,5;67,5;BCC_B2 + FCC_A1 + SIGMA;19,907617265832542;32,664554694939035;15,135380979949034;52,200064325111924;14,188195557738322;11,540723665771267;-4,897882867498524;-6,6428407982727435;11,540723665771267;0,9999999999999998;0,13017049788700205;;0,8410742947769764;0,8698295021129978;0,05896090475181777;0,0999648004712064;;
SIGMA;1100,0;22,5;7,5;70,0;BCC_B2 + FCC_A1 + SIGMA;23,00224229007901;32,66455469493899;15,135380979949181;52,200064325111825;14,188195557738185;11,540723665771168;-4,897882867498566;-6,642840798272596;11,540723665771168;0,9999999999999999;0,13017049788699844;;0,8410742947769746;0,8698295021130015;0,05896090475181917;0,09996480047120497;;
SIGMA;1100,0;20,0;7,5;72,5;BCC_B2 + FCC_A1 + SIGMA;26,096867262200917;32,66455469493892;15,13538097994929;52,200064325111796;14,188195557738135;11,54072366577114;-4,897882867498637;-6,642840798272488;11,54072366577114;1,0;0,13017049788699453;;0,8410742947769755;0,8698295021130052;0,058960904751820246;0,09996480047120414;;
SIGMA;1100,0;17,5;7,5;75,0;BCC_B2 + FCC_A1 + SIGMA;29,19149224269398;32,66455469493871;15,135380979949817;52,20006432511147;14,188195557737696;11,540723665770813;-4,897882867498851;-6,64284079827196;11,540723665770813;1,0;0,1301704978869784;;0,841074294776974;0,8698295021130216;0,058960904751825534;0,09996480047120082;;
SIGMA;1100,0;15,0;7,5;77,5;BCC_B2 + FCC_A1 + SIGMA;32,286117185388875;32,664554694938936;15,135380979949232;52,20006432511183;14,188195557738187;11,540723665771175;-4,897882867498623;-6,642840798272545;11,540723665771175;0,9999999999999993;0,13017049788699503;;0,8410742947769764;0,8698295021130041;0,05896090475181966;0,0999648004712048;;
SIGMA;1100,0;62,5;10,0;27,5;BCC_B2 + FCC_A1 + SIGMA;2,8187868524561366;32,66455469493919;15,135380979948627;52,20006432511219;14,188195557738672;11,54072366577153;-4,897882867498367;-6,64284079827315;11,54072366577153;0,9999999999999999;0,1301704978870141;;0,8410742947769778;0,869829502112986;0,05896090475181357;0,09996480047120884;;
SIGMA;1100,0;60,0;10,0;30,0;BCC_B2 + FCC_A1 + SIGMA;5,91341184085359;32,66455469493946;15,135380979948396;52,20006432511214;14,188195557738645;11,54072366577148;-4,897882867498097;-6,642840798273381;11,54072366577148;0,9999999999999991;0,13017049788702167;;0,8410742947769754;0,8698295021129775;0,058960904751811614;0,09996480047121371;;
SIGMA;1100,0;57,5;10,0;32,5;BCC_B2 + FCC_A1 + SIGMA;9,00803681399073;32,664554694937955;15,13538097995088;52,200064325111164;14,188195557737211;11,540723665770507;-4,897882867499604;-6,642840798270898;11,540723665770507;1,0;0,13017049788694462;;0,8410742947769762;0,8698295021130555;0,05896090475183566;0,0999648004711882;;
SIGMA;1100,0;55,0;10,0;35,0;BCC_B2 + FCC_A1 + SIGMA;12,102661785794199;32,66455469493844;15,135380979950034;52,20006432511154;14,188195557737748;11,540723665770884;-4,897882867499121;-6,6428407982717435;11,540723665770884;1,0;0,13017049788697208;;0,841074294776976;0,8698295021130289;0,05896090475182743;0,099964800471196;;
SIGMA;1100,0;52,5;10,0;37,5;BCC_B2 + FCC_A1 + SIGMA;15,197286749452122;32,6645546949405;15,135380979947048;52,200064325112464;14,188195557739185;11,540723665771807;-4,89788286749706;-6,6428407982747295;11,540723665771807;1,0;0,13017049788706486;;0,8410742947769709;0,8698295021129362;0,05896090475179822;0,09996480047123049;;
SIGMA;1100,0;50,0;10,0;40,0;BCC_B2 + FCC_A1 + SIGMA;18,291911748108856;32,66455469493917;15,135380979949122;52,200064325111704;14,188195557738053;11,540723665771047;-4,897882867498389;-6,642840798272655;11,540723665771047;1,0;0,13017049788700094;;0,8410742947769725;0,869829502113;0,05896090475181865;0,09996480047120825;;
SIGMA;1100,0;47,5;10,0;42,5;BCC_B2 + FCC_A1 + SIGMA;21,3865367141454;32,66455469494061;15,135380979946683;52,200064325112706;14,188195557739514;11,540723665772049;-4,897882867496946;-6,642840798275094;11,540723665772049;1,0;0,13017049788707513;;0,8410742947769729;0,8698295021129249;0,05896090475179481;0,09996480047123252;;
SIGMA;1100,0;45,0;10,0;45,0;BCC_B2 + FCC_A1 + SIGMA;24,4811616380314;32,664554694939;15,13538097994933;52,20006432511168;14,188195557737998;11,540723665771026;-4,897882867498559;-6,642840798272447;11,540723665771026;1,0;0,1301704978869936;;0,8410742947769737;0,8698295021130074;0,05896090475182046;0,09996480047120532;;
SIGMA;1100,0;42,5;10,0;47,5;BCC_B2 + FCC_A1 + SIGMA;27,575786642334627;32,66455469493916;15,135380979948758;52,20006432511208;14,188195557738533;11,540723665771424;-4,897882867498396;-6,642840798273019;11,540723665771424;1,0;0,13017049788701038;;0,8410742947769769;0,8698295021129897;0,05896090475181498;0,09996480047120831;;
SIGMA;1100,0;40,0;10,0;50,0;BCC_B2 + FCC_A1 + SIGMA;30,670411632923617;32,66455469493895;15,135380979949284;52,20006432511176;14,1881955577381;11,540723665771104;-4,897882867498609;-6,642840798272493;11,540723665771104;1,0;0,1301704978869957;;0,8410742947769747;0,8698295021130056;0,05896090475182018;0,09996480047120472;;
SIGMA;1100,0;37,5;10,0;52,5;BCC_B2 + FCC_A1 + SIGMA;33,76503660980107;32,66455469493902;15,13538097994902;52,20006432511195;14,188195557738355;11,540723665771296;-4,897882867498538;-6,642840798272758;11,540723665771296;1,0;0,1301704978870019;;0,8410742947769771;0,8698295021129981;0,058960904751817596;0,09996480047120625;;
SIGMA;1100,0;35,0;10,0;55,0;BCC_B2 + FCC_A1 + SIGMA;36,859661599758034;32,66455469493913;15,135380979948836;52,20006432511203;14,188195557738469;11,540723665771374;-4,897882867498431;-6,642840798272941;11,540723665771374;1,0;0,13017049788700719;;0,8410742947769768;0,8698295021129926;0,05896090475181566;0,09996480047120787;;
SIGMA;1100,0;32,5;10,0;57,5;BCC_B2 + FCC_A1 + SIGMA;39,954286531525675;32,66455469493905;15,135380979948945;52,20006432511202;14,188195557738432;11,54072366577136;-4,8978828674985095;-6,642840798272832;11,54072366577136;0,9999999999999999;0,13017049788700302;;0,8410742947769773;0,8698295021129969;0,05896090475181638;0,09996480047120629;;
SIGMA;1100,0;30,0;10,0;60,0;BCC_B2 + FCC_A1 + SIGMA;43,04891153286711;32,664554694938715;15,135380979949836;52,20006432511145;14,188195557737668;11,540723665770791;-4,8978828674988435;-6,642840798271941;11,540723665770791;1,0;0,13017049788697932;;0,8410742947769735;0,8698295021130209;0,05896090475182602;0,09996480047120088;;
SIGMA;1100,0;27,5;10,0;62,5;BCC_B2 + FCC_A1 + SIGMA;46,14353650921335;32,66455469493893;15,13538097994908;52,20006432511199;14,188195557738387;11,540723665771331;-4,89788286749863;-6,642840798272697;11,540723665771331;0,9999999999999997;0,13017049788700008;;0,8410742947769774;0,8698295021130001;0,05896090475181791;0,09996480047120437;;
SIGMA;1100,0;25,0;10,0;65,0;BCC_B2 + FCC_A1 + SIGMA;49,23816146453669;32,66455469493892;15,135380979949357;52,200064325111725;14,188195557738048;11,540723665771068;-4,897882867498637;-6,64284079827242;11,540723665771068;0,9999999999999997;0,1301704978869927;;0,8410742947769747;0,8698295021130076;0,05896090475182086;0,09996480047120429;;
SIGMA;1100,0;22,5;10,0;67,5;BCC_B2 + FCC_A1 + SIGMA;52,332786421223766;32,66455469493894;15,13538097994923;52,200064325111825;14,18819555773818;11,540723665771168;-4,897882867498616;-6,642840798272546;11,540723665771168;0,9999999999999986;0,13017049788699506;;0,841074294776976;0,8698295021130035;0,05896090475181977;0,09996480047120511;;
SIGMA;1100,0;20,0;10,0;70,0;BCC_B2 + FCC_A1 + SIGMA;55,4274114439254;32,66455469493904;15,135380979949142;52,200064325111825;14,188195557738187;11,540723665771168;-4,897882867498517;-6,642840798272635;11,540723665771168;1,0;0,13017049788699894;;0,8410742947769749;0,8698295021130017;0,058960904751818595;0,09996480047120607;;
SIGMA;1100,0;17,5;10,0;72,5;BCC_B2 + SIGMA;52,88121237318006;32,2800865170866;15,752497510901206;51,96741597201219;13,859478806547806;11,308075312671534;-5,282351045350957;-6,025724267320571;11,308075312671534;0,9999999999999992;0,11217549363792753;;0,8411957120584411;0,8878245063620727;0,0652472904345594;0,09355699750699903;;
SIGMA;1100,0;15,0;10,0;75,0;BCC_B2 + SIGMA;45,885643831261795;31,64905995776947;16,90104025142272;51,449899790807805;13,23597751246311;10,790559131467148;-5,913377604668089;-4,877181526799056;10,790559131467148;0,9999999999999991;0,08462741602436631;;0,8386922373969375;0,9153725839756339;0,07826787441801561;0,08303988818504711;;
SIGMA;1100,0;65,0;12,5;22,5;FCC_A1 + SIGMA;3,3248792290293117;32,26895229286724;17,26398093426395;50,46706677286882;12,024593473976458;9,807726113528162;-5,2934852695703185;-4,514240843957825;9,807726113528162;1,0;0,08281541999062293;;0,8227143528832307;0,9171845800093769;0,08391422001342651;0,09337142710334272;;
SIGMA;1100,0;62,5;12,5;25,0;FCC_A1 + SIGMA;11,00471532817665;32,32486586688006;16,8930192881001;50,78211484501984;12,40031926402901;10,122774185679184;-5,237571695557499;-4,885202490121678;10,122774185679184;1,0;0,08958449440932703;;0,8264609153260358;0,9104155055906727;0,0792357646704077;0,09430332000355654;;
SIGMA;1100,0;60,0;12,5;27,5;FCC_A1 + SIGMA;18,65357455049358;32,38574263148951;16,52085491630509;51,0934024522054;12,779190984808187;10,434061792864746;-5,176694930948052;-5,257366861916687;10,434061792864746;1,0;0,09695467238494032;;0,8300112247845477;0,9030453276150604;0,0746708424684047;0,09531793274704722;;
SIGMA;1100,0;57,5;12,5;30,0;FCC_A1 + SIGMA;26,27808419127129;32,452301249650006;16,146946043126693;51,4007527072233;13,160649388321952;10,74141204788264;-5,110136312787553;-5,631275735095084;10,74141204788264;0,9999999999999997;0,10498492766072551;;0,8333492278624494;0,8950150723392738;0,07022352908782846;0,09642724304972251;;
SIGMA;1100,0;55,0;12,5;32,5;FCC_A1 + SIGMA;33,885657060780254;32,52533067327631;15,770885389009644;51,70378393771405;13,544012095210016;11,044443278373393;-5,037106889161251;-6,007336389212133;11,044443278373393;1,0;0,11373535404594573;;0,8364552091739126;0,8862646459540551;0,06590039071592618;0,09764440011016051;;
SIGMA;1100,0;52,5;12,5;35,0;FCC_A1 + SIGMA;41,4846443240098;32,6056790124647;15,392440020815364;52,00188096671994;13,928420032454408;11,34254030737928;-4,956758549972861;-6,385781757406413;11,34254030737928;1,0;0,12326442238832994;;0,8393059222479256;0,8767355776116699;0,06171053865544053;0,09898353909663381;;
SIGMA;1100,0;50,0;12,5;37,5;BCC_B2 + FCC_A1 + SIGMA;47,622455922634046;32,66455469493935;15,135380979948426;52,20006432511223;14,188195557738746;11,540723665771573;-4,897882867498211;-6,642840798273351;11,540723665771573;1,0;0,13017049788702056;;0,8410742947769773;0,8698295021129795;0,058960904751811705;0,0999648004712114;;
SIGMA;1100,0;47,5;12,5;40,0;BCC_B2 + FCC_A1 + SIGMA;50,71708087637221;32,66455469493898;15,135380979949176;52,20006432511184;14,188195557738204;11,540723665771182;-4,897882867498581;-6,642840798272601;11,540723665771182;1,0;0,13017049788699797;;0,841074294776975;0,8698295021130025;0,05896090475181891;0,09996480047120489;;
SIGMA;1100,0;45,0;12,5;42,5;BCC_B2 + FCC_A1 + SIGMA;53,8117058597644;32,664554694939106;15,135380979948943;52,20006432511196;14,188195557738368;11,540723665771303;-4,897882867498453;-6,642840798272834;11,540723665771303;1,0;0,13017049788700377;;0,8410742947769765;0,8698295021129965;0,05896090475181655;0,09996480047120748;;
SIGMA;1100,0;42,5;12,5;45,0;BCC_B2 + FCC_A1 + SIGMA;56,90633083946467;32,66455469493921;15,135380979948753;52,20006432511204;14,188195557738483;11,540723665771381;-4,897882867498346;-6,642840798273024;11,540723665771381;0,9999999999999999;0,13017049788701066;;0,841074294776976;0,8698295021129896;0,0589609047518149;0,09996480047120924;;
SIGMA;1100,0;40,0;12,5;47,5;BCC_B2 + FCC_A1 + SIGMA;60,00095582278412;32,66455469493904;15,135380979948875;52,20006432511208;14,188195557738519;11,540723665771424;-4,897882867498517;-6,642840798272902;11,540723665771424;0,9999999999999992;0,13017049788700588;;0,8410742947769779;0,8698295021129933;0,058960904751816125;0,09996480047120658;;
SIGMA;1100,0;37,5;12,5;50,0;BCC_B2 + FCC_A1 + SIGMA;63,09558077316443;32,66455469493915;15,13538097994878;52,20006432511207;14,18819555773852;11,540723665771417;-4,89788286749841;-6,642840798272998;11,540723665771417;1,0;0,13017049788700982;;0,8410742947769764;0,869829502112991;0,058960904751814876;0,0999648004712079;;
SIGMA;1100,0;35,0;12,5;52,5;BCC_B2 + FCC_A1 + SIGMA;66,19020574272751;32,664554694939085;15,13538097994897;52,20006432511195;14,188195557738357;11,540723665771296;-4,897882867498474;-6,6428407982728075;11,540723665771296;0,9999999999999999;0,13017049788700327;;0,841074294776976;0,8698295021129968;0,058960904751816874;0,09996480047120695;;
SIGMA;1100,0;32,5;12,5;55,0;BCC_B2 + FCC_A1 + SIGMA;69,28483073258967;32,664554694939255;15,135380979948879;52,20006432511186;14,188195557738265;11,540723665771203;-4,8978828674983035;-6,642840798272898;11,540723665771203;1,0;0,13017049788700835;;0,8410742947769738;0,8698295021129924;0,05896090475181641;0,09996480047120998;;
SIGMA;1100,0;30,0;12,5;57,5;BCC_B2 + FCC_A1 + SIGMA;72,37945570476005;32,66455469493888;15,135380979949304;52,200064325111825;14,188195557738167;11,540723665771168;-4,89788286749868;-6,6428407982724735;11,540723665771168;1,0;0,13017049788699298;;0,8410742947769758;0,8698295021130087;0,05896090475181962;0,09996480047120325;;
SIGMA;1100,0;27,5;12,5;60,0;BCC_B2 + FCC_A1 + SIGMA;75,47408067698214;32,66455469493892;15,135380979949332;52,200064325111754;14,188195557738082;11,540723665771097;-4,897882867498637;-6,642840798272445;11,540723665771097;0,9999999999999999;0,13017049788699261;;0,8410742947769756;0,8698295021130075;0,05896090475182064;0,09996480047120461;;
SIGMA;1100,0;25,0;12,5;62,5;BCC_B2 + SIGMA;76,19227097370704;32,52333717652632;15,355912822359928;52,120750001113755;14,071335726345165;11,461409341773098;-5,03910038591124;-6,422308955861849;11,461409341773098;1,0;0,12347042159913352;;0,8412412952187551;0,8765295784008665;0,0611475296169174;0,09761117516432755;;
SIGMA;1100,0;22,5;12,5;65,0;BCC_B2 + SIGMA;69,53476157811035;31,964534550303835;16,302856313205886;51,73260913649027;13,562205568261373;11,073268477149611;-5,597903012133724;-5,475365465015891;11,073268477149611;0,9999999999999991;0,09805298941652071;;0,8404205990711667;0,9019470105834793;0,0712816028682139;0,08829779806061995;;
SIGMA;1100,0;20,0;12,5;67,5;BCC_B2 + SIGMA;62,584830903974144;31,43531366073572;17,338555543332586;51,22613079593169;12,996512508160743;10,566790136591031;-6,1271239017018395;-4,4396662348891915;10,566790136591031;1,0;0,07597819220631064;;0,8368848038863477;0,9240218077936899;0,08363774621250075;0,07947744990115067;;
SIGMA;1100,0;17,5;12,5;70,0;BCC_B2 + SIGMA;55,31916610975789;30,949856773332808;18,45186037822404;50,598282848443155;12,392476616647443;9,938942189102498;-6,612580789104751;-3,3263613999977366;9,938942189102498;1,0;0,05786081651888617;;0,8304467549143;0,9421391834811138;0,09816674330793089;0,07138650177776884;;
SIGMA;1100,0;15,0;12,5;72,5;BCC_B2 + SIGMA;47,734740455498134;30,517452890438033;19,622826405643174;49,859720703918796;11,786625098199789;9,20038004457814;-7,044984671999526;-2,155395372578603;9,20038004457814;0,9999999999999996;0,04372242501937957;;0,8212792506165623;0,9562775749806205;0,11454097898724835;0,0641797703961897;;
SIGMA;1100,0;65,0;15,0;20,0;FCC_A1 + SIGMA;0,8614166844661849;31,97608549297434;19,828853286264064;48,195061220761595;9,580942090486497;7,535720561420938;-5,586352069463217;-1,9493684919577134;7,535720561420938;0,9999999999999999;0,04867199842309368;;0,7924350206964502;0,9513280015769068;0,11907466553175515;0,08849031377179463;;
SIGMA;1100,0;62,5;15,0;22,5;FCC_A1 + SIGMA;8,741922465415808;32,011588459299865;19,44966374411147;48,538747796588666;9,91560210569883;7,879407137248009;-5,550849103137693;-2,3285580341103085;7,879407137248009;1,0;0,052567926206516534;;0,7972973685639183;0,9474320737934838;0,11362060155886133;0,08908202987721994;;
SIGMA;1100,0;60,0;15,0;25,0;FCC_A1 + SIGMA;16,567359499517917;32,04893585172072;19,07377340506131;48,87729074321797;10,259017774537039;8,217950083877312;-5,513501710716838;-2,704448373160467;8,217950083877312;1,0;0,05677086615815502;;0,8020057643518204;0,9432291338418457;0,10828974923061165;0,08970448641756752;;
SIGMA;1100,0;57,5;15,0;27,5;FCC_A1 + SIGMA;24,342596921024885;32,08844706900263;18,70030861264486;49,21124431835252;10,610050780748796;8,551903659011863;-5,4739904934349255;-3,0779131655769163;8,551903659011863;1,0;0,061313592635978804;;0,8065621624978797;0,9386864073640212;0,10307483079652063;0,09036300670559921;;
SIGMA;1100,0;55,0;15,0;30,0;FCC_A1 + SIGMA;32,07254883820727;32,13047919070286;18,328471828654756;49,54104898064238;10,967756797608006;8,881708321301723;-5,4319583717347015;-3,449749949567021;8,881708321301723;1,0;0,06623237793824713;;0,8109658434688733;0,9337676220617536;0,09797061446385616;0,09106354206726969;;
SIGMA;1100,0;52,5;15,0;32,5;FCC_A1 + SIGMA;39,762298923834116;32,175432390875535;17,957540906864505;49,86702670225996;11,33132425200878;9,207686042919306;-5,3870051715620235;-3,820680871357272;9,207686042919306;0,9999999999999997;0,07156710414629143;;0,8152133107829347;0,928432895853708;0,09297392714691777;0,09181276207014795;;
SIGMA;1100,0;50,0;15,0;35,0;FCC_A1 + SIGMA;47,41722894227425;32,22375490224115;17,586873653969263;50,1893714437896;11,70001788022144;9,53003078444894;-5,338682660196412;-4,191348124252514;9,53003078444894;0,9999999999999997;0,07736120831163916;;0,8192981444383513;0,9226387916883608;0,0880837183020742;0,0926181372595749;;
SIGMA;1100,0;47,5;15,0;37,5;FCC_A1 + SIGMA;55,04315179364947;32,27594686803828;17,21591825225971;50,50813487970201;12,073124902857558;9,848794220361356;-5,286490694399276;-4,562303525962069;9,848794220361356;1,0;0,08366136450490191;;0,823210833660611;0,9163386354950981;0,08330116298319554;0,09348800335619357;;
SIGMA;1100,0;45,0;15,0;40,0;FCC_A1 + SIGMA;62,64644708972027;32,3325620523489;16,84423022770296;50,82320771994816;12,449902172198719;10,163867060607501;-5,229875510088661;-4,933991550518819;10,163867060607501;0,9999999999999988;0,09051677394511738;;0,8269386233446653;0,9094832260548826;0,07862978689396417;0,09443158976137088;;
SIGMA;1100,0;42,5;15,0;42,5;FCC_A1 + SIGMA;70,23419336740265;32,394205918687376;16,47149654402686;51,134297537285775;12,829523476322553;10,474956877945118;-5,1682316437501825;-5,306725234194918;10,474956877945118;0,9999999999999992;0,09797790221488979;;0,8304654251292312;0,9020220977851093;0,07407558733708981;0,09545898753367846;;
SIGMA;1100,0;40,0;15,0;45,0;FCC_A1 + SIGMA;77,81428558319288;32,46152807378657;16,09756694397078;51,44090498224265;13,211027447030078;10,781564322901993;-5,100909488650991;-5,680654834250998;10,781564322901993;0,9999999999999994;0,10609448086969914;;0,8337718650663337;0,8939055191303005;0,06964711148166855;0,09658102345199888;;
SIGMA;1100,0;37,5;15,0;47,5;FCC_A1 + SIGMA;85,3955194011643;32,53520663075873;15,722491647373676;51,7423017218676;13,593268340306471;11,082961062526941;-5,0272309316788295;-6,055730130848101;11,082961062526941;0,9999999999999992;0,11491259858342211;;0,8368355623459223;0,8850874014165775;0,06535543825254424;0,09780899940153508;;
SIGMA;1100,0;35,0;15,0;50,0;FCC_A1 + SIGMA;92,98761654668981;32,6159219054588;15,346562805495937;52,03751528904527;13,974874317511212;11,37817462970461;-4,946515656978761;-6,43165897272584;11,37817462970461;1,0;0,12447077180143813;;0,8396317499726562;0,8755292281985629;0,061213996047473594;0,09915425397986832;;
SIGMA;1100,0;32,5;15,0;52,5;BCC_B2 + FCC_A1 + SIGMA;98,6153749002224;32,6645546949391;15,135380979948994;52,2000643251119;14,1881955577383;11,540723665771246;-4,89788286749846;-6,642840798272783;11,540723665771246;1,0;0,13017049788700288;;0,8410742947769755;0,869829502112997;0,05896090475181718;0,09996480047120718;;
SIGMA;1100,0;30,0;15,0;55,0;BCC_B2 + SIGMA;92,93246212469874;32,21235292003457;15,86701475103241;51,92063232893302;13,797915214509747;11,26129166959236;-5,35008464240299;-5,911207027189366;11,26129166959236;1,0;0,1090908409829558;;0,8411014630415599;0,8909091590170441;0,06647043273564139;0,09242810422279829;;
SIGMA;1100,0;27,5;15,0;57,5;BCC_B2 + SIGMA;86,2817390648001;31,731356355638766;16,739853991776993;51,528789652584244;13,324097695847572;10,869448993243587;-5,8310812067987925;-5,038367786444784;10,869448993243587;1,0;0,08805697831140905;;0,8392449434738687;0,9119430216885916;0,07634356170992947;0,08441149481620161;;
SIGMA;1100,0;25,0;15,0;60,0;BCC_B2 + SIGMA;79,37618244763401;31,271163776022068;17,694909763872136;51,0339264601058;12,801780868285812;10,374585800765146;-6,291273786415491;-4,083312014349641;10,374585800765146;1,0;0,0696045649141148;;0,8350977599097378;0,9303954350858856;0,08816062160100543;0,07674161848925663;;
SIGMA;1100,0;22,5;15,0;62,5;BCC_B2 + SIGMA;72,19346992814947;30,841738489423864;18,726681764478776;50,431579746097356;12,24648313820001;9,772239086756699;-6,720699073013694;-3,0515400137430007;9,772239086756699;0,9999999999999993;0,05414016819618441;;0,8284951806135816;0,9458598318038154;0,10192028900713179;0,06958453037928689;;
SIGMA;1100,0;20,0;15,0;65,0;BCC_B2 + SIGMA;64,72445378186485;30,45068335290954;19,822332666834246;49,726983980256215;11,688657131943273;9,067643320915558;-7,111754209528019;-1,9558891113875312;9,067643320915558;0,9999999999999998;0,04172007349184093;;0,8195119388949722;0,958279926508159;0,11742111633431308;0,06306694477071456;;
SIGMA;1100,0;17,5;15,0;67,5;BCC_B2 + SIGMA;56,97381835558228;30,102449152579723;20,961636720866075;48,935914126554195;11,172282962281836;8,276573467213538;-7,459988409857836;-0,8165850573557023;8,276573467213538;0,9999999999999997;0,032093645579903095;;0,8084666475359249;0,9679063544200969;0,13427031103219084;0,05726304143188447;;
SIGMA;1100,0;15,0;15,0;70,0;BCC_B2 + SIGMA;48,95772128803002;29,798465006773288;22,118344564075404;48,083190429151315;10,74748802089505;7,763972555664271;-7,763972555664271;0,34012278585362665;7,4238497698106585;1,0;0,024829223537326778;;0,7958689019220047;0,9751707764626731;0,15193445907621816;0,052196639001776964;;
SIGMA;1100,0;62,5;17,5;20,0;FCC_A1 + SIGMA;5,952594188253547;31,796826258678383;22,097135159495117;46,10603858182649;7,93791519919445;5,765611303759176;-5,765611303759176;0,31891338127334024;5,446697922485832;0,9999999999999998;0,031098997826780522;;0,7615230879578235;0,9689010021732194;0,15297425217531432;0,08550265986686208;;
SIGMA;1100,0;60,0;17,5;22,5;FCC_A1 + SIGMA;14,029034404882202;31,825470440510465;21,694008676057926;46,480520883431616;8,173495140146361;5,821180224090959;-5,736967121927094;-0,0842131021638508;5,821180224090959;0,9999999999999999;0,03362283563126528;;0,7672036068058014;0,9663771643687346;0,14681633029680227;0,08598006289739678;;
SIGMA;1100,0;57,5;17,5;25,0;FCC_A1 + SIGMA;22,033727538606307;31,854716673024786;21,29834589550769;46,84693743146753;8,43176804879525;6,187596772126874;-5,707720889412773;-0,47987588271408654;6,187596772126874;0,9999999999999999;0,03632274421703776;;0,7727105695873395;0,9636772557829623;0,1408219303066922;0,08646750010596878;;
SIGMA;1100,0;55,0;17,5;27,5;FCC_A1 + SIGMA;29,97195379675327;31,884748803494794;20,908970062261496;47,20628113424371;8,709430393030805;6,546940474903053;-5,6776887589427645;-0,8692517159602815;6,546940474903053;1,0;0,039216492242211264;;0,7780565761835707;0,9607835077577888;0,1349753882026275;0,08696803561380224;;
SIGMA;1100,0;52,5;17,5;30,0;FCC_A1 + SIGMA;37,84861975190273;31,91576335551569;20,524816188416395;47,55942045606791;9,003724583353032;6,900079796727255;-5,646674206921869;-1,2534055898053822;6,900079796727255;0,9999999999999998;0,042323948658930646;;0,783251685676925;0,9576760513410691;0,12926336950892453;0,08748494481415048;;
SIGMA;1100,0;50,0;17,5;32,5;FCC_A1 + SIGMA;45,668379226174444;31,947973408495383;20,1449139988992;47,907112592605415;9,312362752519773;7,247771933264758;-5,614464153942176;-1,6333077793225783;7,247771933264758;1,0;0,04566732944842451;;0,7883035811104403;0,9543326705515756;0,12367463985908096;0,08802177903047859;;
SIGMA;1100,0;47,5;17,5;35,0;FCC_A1 + SIGMA;53,435745348011835;31,981612652675434;19,76837555371907;48,25001179360549;9,633450928308637;7,590671134264831;-5,580824909762125;-2,009846224502706;7,590671134264831;0,9999999999999999;0,04927145140080817;;0,793217651804356;0,9507285485991919;0,11819991509549735;0,08858243310014596;;
SIGMA;1100,0;45,0;17,5;37,5;FCC_A1 + SIGMA;61,1551986441344;32,016939644371334;19,394387094726;48,58867326090268;9,965416723033144;7,929332601562024;-5,545497918066225;-2,3838346834957775;7,929332601562024;1,0;0,053163979846591394;;0,7979970032713577;0,9468360201534084;0,11283178043356482;0,08917121629507777;;
SIGMA;1100,0;42,5;17,5;40,0;FCC_A1 + SIGMA;68,83129492785908;32,05424222523666;19,022204974263623;48,92355280049973;10,306941680757799;8,26421214115907;-5,508195337200895;-2,756016803958154;8,26421214115907;0,9999999999999993;0,05737564876304904;;0,8026424025054291;0,9426243512369502;0,1075646715184048;0,08979292597616682;;
SIGMA;1100,0;40,0;17,5;42,5;FCC_A1 + SIGMA;76,46877610610119;32,09384198139825;18,65115577981826;49,25500223878348;10,656898112285937;8,595661579442826;-5,46859558103931;-3,1270659984035163;8,595661579442826;1,0;0,061940419685983836;;0,8071521662717283;0,9380595803140162;0,10239491181607853;0,09045292191219295;;
SIGMA;1100,0;37,5;17,5;45,0;FCC_A1 + SIGMA;84,07268555125592;32,136098487981506;18,280640993488312;49,583260518530174;11,014289480031946;8,923919859189517;-5,4263390744560525;-3,497580784733465;8,923919859189517;1,0;0,06689552930716094;;0,811522002129467;0,9331044706928393;0,09732080084861866;0,09115719702191387;;
SIGMA;1100,0;35,0;17,5;47,5;FCC_A1 + SIGMA;91,64848868936568;32,181412897775346;17,910146687633564;49,90844041459109;11,37819307406522;9,249099755250434;-5,381024664662213;-3,8680750905882135;9,249099755250434;1,0;0,07228135409778898;;0,8157448171103429;0,9277186459022111;0,09234274570451248;0,09191243718514461;;
SIGMA;1100,0;32,5;17,5;50,0;FCC_A1 + SIGMA;99,20219650073975;32,23023017476181;17,539258828518395;50,23051099671981;11,747703781644665;9,57117033737915;-5,332207387675751;-4,238962949703382;9,57117033737915;0,9999999999999999;0,07814099405663112;;0,8198105179327453;0,9218590059433691;0,08746342359900221;0,09272605846825221;;
SIGMA;1100,0;30,0;17,5;52,5;BCC_B2 + SIGMA;96,23792161949177;31,13923500876451;17,99558218855611;50,86518280267938;12,638239876089024;10,205842143338721;-6,42320255367305;-3,782639589665667;10,205842143338721;1,0;0,0646616660119565;;0,8333837875975547;0,9353383339880431;0,09207340670081449;0,07454280570163067;;
SIGMA;1100,0;27,5;17,5;55,0;BCC_B2 + SIGMA;89,12944776337469;30,751764355005317;18,964031371413977;50,28420427358071;12,122002176906527;9,624863614240056;-6,810673207432242;-2,8141904068078;9,624863614240056;1,0;0,0511366381213978;;0,8267063738660344;0,9488633618786022;0,10520866466165463;0,06808496147231079;;
SIGMA;1100,0;25,0;17,5;57,5;BCC_B2 + SIGMA;81,76250594103675;30,39290660798047;19,999548039409834;49,607545352609684;11,603284949043502;8,948204693269027;-7,1695309544570875;-1,7786737388119427;8,948204693269027;1,0;0,04002764867740173;;0,8178973895040722;0,9599723513225984;0,11999861147403089;0,06210399902189681;;
SIGMA;1100,0;22,5;17,5;60,0;BCC_B2 + SIGMA;74,13475216686368;30,067096603859508;21,08763574691389;48,84526764922661;11,120541616113783;8,18592698988595;-7,495340958578051;-0,6905860313078875;8,18592698988595;1,0;0,031194014095309284;;0,8071557910214856;0,9688059859046907;0,13617037669196674;0,05667383228654717;;
SIGMA;1100,0;20,0;17,5;62,5;BCC_B2 + SIGMA;66,25309000508746;29,776884282282158;22,20726627465787;48,01584944305999;10,719941256508841;7,785553280155401;-7,785553280155401;0,42904449643609155;7,356508783719335;0,9999999999999999;0,02435399395166528;;0,7948521587284073;0,9756460060483347;0,1533108810113345;0,051836960260258136;;
SIGMA;1100,0;17,5;17,5;65,0;BCC_B2 + SIGMA;58,13206046662657;29,52307181886607;23,332267036590228;47,1446611445437;10,445374096688083;8,039365743571487;-8,039365743571487;1,5540452583684505;6,48532048520304;0,9999999999999999;0,01916356688759574;;0,781485781989596;0,9808364331124043;0,17090746547374727;0,04760675253665682;;
SIGMA;1100,0;15,0;17,5;67,5;BCC_B2 + SIGMA;49,79199207306583;29,304929082125547;24,434105708060713;46,26096520981375;10,325616851097292;8,257508480312012;-8,257508480312012;2,655883929838936;5,60162455047309;1,0;0,015279118116811815;;0,7676207272487153;0,9847208818831881;0,18840823249363672;0,04397104025764807;;
SIGMA;1100,0;62,5;20,0;17,5;FCC_A1 + SIGMA;2,641299428196433;31,619379652177354;24,906114895523366;43,47450545229928;7,2820879896828234;5,943057910260205;-5,943057910260205;3,127893117301589;2,815164792958626;1,0;0,018371422315477295;;0,7204925525793265;0,9816285776845226;0,1969622309954955;0,08254521642517815;;
SIGMA;1100,0;60,0;20,0;20,0;FCC_A1 + SIGMA;11,040413131454375;31,64612019813763;24,452555013649995;43,901324788212385;7,257088293598818;5,916317364299928;-5,916317364299928;2,674333235428218;3,241984128871728;1,0;0,01996289746050635;;0,7272525470345383;0,9800371025394936;0,18975656077427913;0,08299089219118275;;
SIGMA;1100,0;57,5;20,0;22,5;FCC_A1 + SIGMA;19,342222993277513;31,672576222262556;24,013206468996497;44,31421730874094;7,283113791285765;5,889861340175003;-5,889861340175003;2,23498469077472;3,6548766494002862;1,0;0,021650253671628927;;0,7337591209964314;0,9783497463283712;0,18280905307697015;0,08343182592659806;;
SIGMA;1100,0;55,0;20,0;25,0;FCC_A1 + SIGMA;27,554497620670908;31,6988948061519;23,586209823612084;44,71489537023603;7,3550988055994155;5,863542756285661;-5,863542756285661;1,8079880453903066;4,055554710895372;0,9999999999999998;0,023442019444337443;;0,7400389185163029;0,9765579805556626;0,17609061249227626;0,08387046899142042;;
SIGMA;1100,0;52,5;20,0;27,5;FCC_A1 + SIGMA;35,68400643662961;31,725217490660118;23,169938879860574;45,104843629479305;7,468099578531802;5,837220071777441;-5,837220071777441;1,3917171016387968;4,445502970138648;0,9999999999999998;0,02534768064848077;;0,7461145759027704;0,9746523193515193;0,16957624369733856;0,08430918039989087;;
SIGMA;1100,0;50,0;20,0;30,0;FCC_A1 + SIGMA;43,736724490876114;31,751683736703455;22,762956188002892;45,48536007529365;7,617415919079496;5,810753825734103;-5,810753825734103;0,9847344097811153;4,826019415952992;1,0;0,027377811148750958;;0,7520053765551719;0,9726221888512491;0,16324433894421508;0,08475028450061318;;
SIGMA;1100,0;47,5;20,0;32,5;FCC_A1 + SIGMA;51,71799770472158;31,778434048475223;22,363978403284563;45,85758754824021;7,798690799825794;5,784003513962336;-5,784003513962336;0,5857566250627855;5,198246888899554;0,9999999999999996;0,02954421999307289;;0,7577277435833205;0,9704557800069266;0,15707613338653675;0,08519612303014273;;
SIGMA;1100,0;45,0;20,0;35,0;FCC_A1 + SIGMA;59,63267991922551;31,805612919885206;21,971849105883155;46,222537974231635;8,007976390544961;5,756824642552353;-5,756824642552353;0,19362732766137825;5,563197314890978;1,0;0,03186011683839509;;0,7632956069397727;0,9681398831616048;0,1510552888399181;0,08564910422030896;;
SIGMA;1100,0;42,5;20,0;37,5;FCC_A1 + SIGMA;67,48525019320923;31,83337172902277;21,585517429676347;46,58111084130089;8,24176512511139;5,921770181960234;-5,72906583341479;-0,19270434854542984;5,921770181960234;1,0;0,03434029678397368;;0,7687206702919098;0,965659703216026;0,14516757866882238;0,08611175103926862;;
SIGMA;1100,0;40,0;20,0;40,0;FCC_A1 + SIGMA;75,27991670909957;31,86187168035506;21,20402135791288;46,934106961732056;8,496990623054293;6,274766302391399;-5,7005658820825005;-0,5742004203088982;6,274766302391399;0,9999999999999998;0,03700134494016806;;0,7740125949310523;0,9629986550598318;0,13940065484080752;0,08658675022813986;;
SIGMA;1100,0;37,5;20,0;42,5;FCC_A1 + SIGMA;83,02071240065051;31,89128687396469;20,826474926047155;47,28223819998815;8,771005873667239;6,622897540647493;-5,671150688472867;-0,9517468521746224;6,622897540647493;0,9999999999999997;0,03986185959304565;;0,7791791123124587;0,9601381404069543;0,13374388423257366;0,08707700345496694;;
SIGMA;1100,0;35,0;20,0;45,0;FCC_A1 + SIGMA;90,71158647917966;31,921807560642605;20,452058873105283;47,62613356625211;9,061546130536888;6,966792906911451;-5,640630001794953;-1,3261629051164938;6,966792906911451;1,0;0,042942690401346344;;0,78422607268168;0,9570573095986541;0,12818824575205362;0,08758568156626531;;
SIGMA;1100,0;32,5;20,0;47,5;FCC_A1 + SIGMA;98,35649536355211;31,9536436167514;20,080014526960692;47,96634185628791;9,366682651055818;7,307001196947255;-5,608793945686159;-1,6982072512610848;7,307001196947255;0,9999999999999999;0,046267184298104364;;0,7891574344274418;0,9537328157018957;0,12272628307114569;0,0881162825014122;;
SIGMA;1100,0;30,0;20,0;50,0;BCC_B2 + SIGMA;98,8412997898188;30,342066753525355;20,15914940236265;49,49878384411199;11,527831790638775;8,839443184771334;-7,220370808912204;-1,6190723758591261;8,839443184771334;1,0;0,038569529883366996;;0,8164087240944518;0,9614304701166332;0,1223346077912369;0,06125666811431148;;
SIGMA;1100,0;27,5;20,0;52,5;BCC_B2 + SIGMA;91,32609721610757;30,034906421799494;21,204197724264922;48,76089585393559;11,073771952630457;8,10155519459493;-7,5275311406380645;-0,5740240539568546;8,10155519459493;0,9999999999999999;0,03038739589305563;;0,805928842922692;0,9696126041069444;0,13793382782509447;0,056137329252213944;;
SIGMA;1100,0;25,0;20,0;55,0;BCC_B2 + SIGMA;83,57043069157507;29,75652614566918;22,292055505668795;47,95141834866203;10,694422619898447;7,805911416768378;-7,805911416768378;0,5138337274470182;7,292077689321374;1,0;0,023910587868034395;;0,7938768418403594;0,9760894121319655;0,15462550017626536;0,05149765798337528;;
SIGMA;1100,0;22,5;20,0;57,5;BCC_B2 + SIGMA;75,5810635329828;29,508739863634144;23,400520187748974;47,090739948616886;10,433446006539196;8,053697698803415;-8,053697698803415;1,6222984095271968;6,431399289276229;1,0;0,018892200255221946;;0,7806473990868986;0,9811077997447781;0,17198471429697657;0,04736788661612451;;
SIGMA;1100,0;20,0;20,0;60,0;BCC_B2 + SIGMA;67,37049722045587;29,292210438901645;24,50280219647237;46,204987364625985;10,323477733313794;8,270227123535914;-8,270227123535914;2,724580418250593;5,545646705285328;1,0;0,015068677344291154;;0,7667345277783683;0,9849313226557087;0,1895064093510486;0,043759062870582885;;
SIGMA;1100,0;17,5;20,0;62,5;BCC_B2 + SIGMA;58,956191137999056;29,106432740886;25,57053020025757;45,32303705885644;10,374761916150332;8,45600482155156;-8,45600482155156;3,7923084220357914;4,663696399515786;1,0;0,012190492303507525;;0,7526749526912722;0,9878095076964926;0,20666227940507217;0,040662767903655556;;
SIGMA;1100,0;15,0;20,0;65,0;BCC_B2 + SIGMA;50,359511428983126;28,949759235289825;26,577761405632028;44,47247935907816;10,571368659990881;8,612678327147734;-8,612678327147734;4,799539627410251;3,8131386997375003;1,0;0,01003926926120913;;0,7389770405932559;0,989960730738791;0,22297141659635794;0,03805154281038588;;
SIGMA;1100,0;60,0;22,5;17,5;FCC_A1 + SIGMA;7,579060062877523;31,480352424391874;27,384296025151652;41,13535155045646;8,285313177966625;6,082085138045684;-6,082085138045684;5,606074246929875;0,47601089111580563;1,0;0,011798433134383009;;0,6829673184777447;0,9882015668656171;0,2368045855601682;0,08022809596208683;;
SIGMA;1100,0;57,5;22,5;20,0;FCC_A1 + SIGMA;16,252351722332847;31,508063918923813;26,877423581342903;41,614512499733294;7,97305791330445;6,054373643513745;-6,054373643513745;5,099201803121126;0,9551718403926373;1,0;0,012898777641292812;;0,6907088132974897;0,9871012223587075;0,2286012324982244;0,08068995420428558;;
SIGMA;1100,0;55,0;22,5;22,5;FCC_A1 + SIGMA;24,80509987936137;31,534929050764624;26,39128338802107;42,0737875612143;7,7208714736300115;6,027508511672934;-6,027508511672934;4,613061609799292;1,4144469018736459;0,9999999999999999;0,014059481737272592;;0,6981054634119556;0,9859405182627273;0,2207568301864118;0,08113770640163274;;
SIGMA;1100,0;52,5;22,5;25,0;FCC_A1 + SIGMA;33,2481651314402;31,56111231494892;25,923237962669088;42,51564972238199;7,526150890927187;6,001325247488637;-6,001325247488637;4,145016184447311;1,85630906304133;1,0;0,015285164481595002;;0,7051974588215675;0,9847148355184051;0,2132284470403948;0,0815740941380376;;
SIGMA;1100,0;50,0;22,5;27,5;FCC_A1 + SIGMA;41,59074967725175;31,586760491767258;25,471033623320217;42,94220588491253;7,386274393383951;5,975677070670301;-5,975677070670301;3,69281184509844;2,282865225571875;1,0;0,016580932849574646;;0,7120187796708592;0,9834190671504255;0,20597965657746475;0,08200156375167673;;
SIGMA;1100,0;47,5;22,5;30,0;FCC_A1 + SIGMA;49,84073810082485;31,612007324090175;25,03272250872637;43,35527016718346;7,2984540101004525;5,9504302383473835;-5,9504302383473835;3,254500730504592;2,6959295078428056;1,0;0,017952444948158206;;0,7185984039090227;0,9820475550518418;0,19897925180058584;0,08242234429039182;;
SIGMA;1100,0;45,0;22,5;32,5;FCC_A1 + SIGMA;58,00495859842211;31,6369772671589;24,606602959376335;43,756419773464756;7,259663825272959;5,925460295278658;-5,925460295278658;2,8283811811545583;3,0970791141240994;1,0;0,019405981929559057;;0,7249612224622882;0,9805940180704409;0,19220026752950753;0,08283851000820382;;
SIGMA;1100,0;42,5;22,5;35,0;FCC_A1 + SIGMA;66,08938720055212;31,661788599146888;24,191173262847407;44,147038138005705;7,266637926704951;5,900648963290671;-5,900648963290671;2,41295148462563;3,487697478665048;1,0;0,02094853005670288;;0,7311287400652722;0,9790514699432971;0,185619227726724;0,08325203220800363;;
SIGMA;1100,0;40,0;22,5;37,5;FCC_A1 + SIGMA;74,09931068608432;31,686556098858233;23,78509530277009;44,528348598371686;7,315924189728405;5,875881463579326;-5,875881463579326;2,0068735245483147;3,869007939031029;0,9999999999999999;0,02258787449849498;;0,7371196156398624;0,9774121255015049;0,17921556049027815;0,08366482386985931;;
SIGMA;1100,0;37,5;22,5;40,0;FCC_A1 + SIGMA;82,03945936992733;31,711393443473696;23,387165678574405;44,901440877951906;7,403974069463313;5,851044118963863;-5,851044118963863;1,608943900352628;4,242100218611249;1,0;0,024332706549027732;;0,7429500798438586;0,9756672934509725;0,17297114054269044;0,08407877961345027;;
SIGMA;1100,0;35,0;22,5;42,5;FCC_A1 + SIGMA;89,91411803056327;31,73641544435043;22,996292562905122;45,26729199274445;7,5272468836857795;5,826022118087128;-5,826022118087128;1,218070784683345;4,60795133340379;0,9999999999999999;0,02619274607069799;;0,7486342563078079;0,973807253929302;0,1668699307307961;0,08449581296139613;;
SIGMA;1100,0;32,5;22,5;45,0;FCC_A1 + SIGMA;97,72722110536546;31,7617402155563;22,61147705925465;45,626782725189045;7,682309857786558;5,8006973468812575;-5,8006973468812575;0,8332552810328728;4,967442065848388;0,9999999999999999;0,028178880983313323;;0,7541844052013034;0,9718211190166866;0,16089770231720268;0,0849178924814939;;
SIGMA;1100,0;30,0;22,5;47,5;SIGMA;100,0;29,999999999995335;22,499999999960703;47,50000000004396;10,222819860623833;7,5624375624422235;-7,5624375624422235;0,7217782217389264;6,840659340703304;1,0;0,023632676428801815;;0,7864149607943324;0,9763673235711983;0,15802948365018998;0,05555555555547785;;
SIGMA;1100,0;27,5;22,5;50,0;BCC_B2 + SIGMA;93,04688000503674;29,49469341873862;23,467945607680623;47,03736097358076;10,422226504777615;8,067744143698938;-8,067744143698938;1,6897238294588455;6,3780203142401035;1,0;0,018628466863189388;;0,7798163569234151;0,9813715331368107;0,17304986387538585;0,04713377920119933;;
SIGMA;1100,0;25,0;22,5;52,5;BCC_B2 + SIGMA;84,96599887591363;29,279330493158128;24,572910783229407;46,14775872361246;10,32196116075247;8,283107069279431;-8,283107069279431;2,79468900500763;5,488418064271805;0,9999999999999999;0,014857340390074657;;0,7658276808624134;0,9851426596099255;0,19062792202939555;0,043544397108191114;;
SIGMA;1100,0;22,5;22,5;55,0;BCC_B2 + SIGMA;76,67603428525291;29,09183491642531;25,659932585797176;45,248232497777515;10,386371661227503;8,47060264601225;-8,47060264601225;3,8817108075753985;4,588891838436858;1,0;0,011979583815951532;;0,7514750785594139;0,9880204161840483;0,2081054506112755;0,04041947082931081;;
SIGMA;1100,0;20,0;22,5;57,5;BCC_B2 + SIGMA;68,19224375177768;28,93186671612538;26,69993917533107;44,368194108543555;10,604982280885066;8,630570846312178;-8,630570846312178;4,921717397109294;3,7088534492028984;1,0;0,009809098876421962;;0,7372901020587431;0,9901909011235779;0,22495656378361154;0,037753334157645146;;
SIGMA;1100,0;17,5;22,5;60,0;BCC_B2 + SIGMA;59,53417460596798;28,79796787320718;27,667535046944202;43,53449707984862;10,94378655461519;8,764469689230378;-8,764469689230378;5,889313268722425;2,875156420507963;1,0;0,008183912688281104;;0,7237563040667477;0,991816087311719;0,24072200915757688;0,035521686775675215;;
SIGMA;1100,0;15,0;22,5;62,5;BCC_B2 + SIGMA;50,724311780640285;28,687687414399633;28,54492632281367;42,7673862627867;11,357523358994598;8,874750148037926;-8,874750148037926;6,766704544591892;2,108045603446044;1,0;0,006969762244832209;;0,711240934992038;0,9930302377551677;0,25507538587907946;0,03368367912888279;;
SIGMA;1100,0;60,0;25,0;15,0;FCC_A1 + SIGMA;3,582418630559639;31,313494954874106;30,51059986739284;38,17590517773306;11,021395673695976;8,732378089171064;-6,248942607563453;8,732378089171064;-2,4834354816076;1,0;0,006897320999420676;;0,6347323482956797;0,9931026790005794;0,28782051356752963;0,07744713813679067;;
SIGMA;1100,0;57,5;25,0;17,5;FCC_A1 + SIGMA;12,720372256818221;31,345301846022785;29,908263052676467;38,746435101300754;10,411990939039326;8,13004127445469;-6,217135716414774;8,13004127445469;-1,9129055580399026;1,0;0,007636949648813035;;0,6440768184330542;0,992363050351187;0,27794592857767747;0,07797725298926868;;
SIGMA;1100,0;55,0;25,0;20,0;FCC_A1 + SIGMA;21,692031069829312;31,37548652593835;29,33858986026763;39,285923613794026;9,865282714907584;7,560368082045851;-6,1869510364992095;7,560368082045851;-1,3734170455466312;1,0;0,008414655749796211;;0,6528954700632792;0,9915853442502036;0,2686241989488597;0,07848033098786154;;
SIGMA;1100,0;52,5;25,0;22,5;FCC_A1 + SIGMA;30,515845502694976;31,404299660477342;28,797173570706704;39,79852676881596;9,377064958658792;7,018951792484927;-6,158137901960217;7,018951792484927;-0,860813890524696;1,0;0,00923272134675025;;0,6612570636254324;0,9907672786532497;0,2597823864777227;0,07896054989684438;;
SIGMA;1100,0;50,0;25,0;25,0;FCC_A1 + SIGMA;39,20692463341015;31,431951205506742;28,280367968187793;40,28768082630548;8,944210366471497;6,502146189966016;-6,130486356930817;6,502146189966016;-0,37165983303517436;1,0;0,010093666913139966;;0,6692183100132826;0,9899063330868599;0,2513602810060499;0,07942140898066803;;
SIGMA;1100,0;47,5;25,0;27,5;FCC_A1 + SIGMA;47,7778078026709;31,458620128688832;27,785115332225626;40,75626453908556;8,564388575498702;6,103817433748727;-6,103817433748727;6,006893554003849;0,09692387974489947;1,0;0,011000276111043955;;0,6768265698489717;0,988999723888956;0,24330753911732575;0,07986589103370273;;
SIGMA;1100,0;45,0;25,0;30,0;FCC_A1 + SIGMA;56,2390256013035;31,484461593935176;27,308820174616873;41,20671823144796;8,23583224102741;6,077975968502383;-6,077975968502383;5,530598396395096;0,5473775721073011;1,0;0,011955624175820051;;0,6841218318183949;0,9880443758241799;0,23558158606046337;0,0802965821211418;;
SIGMA;1100,0;42,5;25,0;32,5;FCC_A1 + SIGMA;64,59951631222857;31,509612400373406;26,84925474600442;41,641132853622175;7,957134139601235;6,052825162064153;-6,052825162064153;5,071032967782642;0,9817921942815175;1,0;0,012963110528396375;;0,6911381896651706;0,9870368894716036;0,22814604810638403;0,08071576222844576;;
SIGMA;1100,0;40,0;25,0;35,0;FCC_A1 + SIGMA;72,86694094894983;31,534195199051858;26,404487094443624;42,06131770650451;7,727067775590526;6,028242363385701;-6,028242363385701;4,626265316221847;1,4019770471638537;1,0;0,014026496270499407;;0,6979049626038533;0,9859735037295007;0,22096956185639363;0,08112547553975313;;
SIGMA;1100,0;37,5;25,0;37,5;FCC_A1 + SIGMA;81,04792578622862;31,558321843202226;25,97282544001595;42,46885271678183;7,544431014697589;6,004115719235333;-6,004115719235333;4,194603661794172;1,8095120574411752;1,0;0,015149947317879428;;0,704447556986835;0,9848500526821207;0,21402485673757235;0,08152758627559263;;
SIGMA;1100,0;35,0;25,0;40,0;FCC_A1 + SIGMA;89,1482522510562;31,582096120227565;25,552774562362714;42,86512931740972;7,407917122224473;5,980341442209994;-5,980341442209994;3,774552784140937;2,2057886580690607;0,9999999999999999;0,016338084030013182;;0,7107881366168257;0,9836619159699869;0,20728803915715927;0,08192382422601509;;
SIGMA;1100,0;32,5;25,0;42,5;FCC_A1 + SIGMA;97,17300810150864;31,605616043733576;25,14300116706392;43,2513827892025;7,316019774730688;5,956821518703983;-5,956821518703983;3,3647793888421447;2,592042129861845;0,9999999999999998;0,017596038344412295;;0,7169461490768392;0,9824039616555875;0,200738027972046;0,0823158229511153;;
SIGMA;1100,0;30,0;25,0;45,0;SIGMA;99,99999999999997;29,99999999999326;24,999999999926885;45,00000000007985;9,295786158688689;7,562437562444298;-7,562437562444298;3,221778221705108;4,340659340739194;1,0;0,014980561299446755;;0,7466709863792313;0,9850194387005533;0,1977734580653251;0,055555555555443156;;
SIGMA;1100,0;27,5;25,0;47,5;BCC_B2 + SIGMA;94,41845928091408;29,076512133718964;25,754708386508742;45,168779479772304;10,399923778705034;8,485925428718595;-8,485925428718595;3,976486608286965;4,509438820431647;1,0;0,011760545591633368;;0,7501995367536199;0,9882394544083667;0,20963637212884198;0,04016409111753823;;
SIGMA;1100,0;25,0;25,0;50,0;BCC_B2 + SIGMA;86,05565541187626;28,912522476704805;26,83381894897049;44,25365857432471;10,644210398956082;8,649915085732754;-8,649915085732754;5,055597170748712;3,594317914984053;1,0;0,009563751483237588;;0,7354356981313588;0,9904362485167624;0,22713337170133854;0,037430930167302125;;
SIGMA;1100,0;22,5;25,0;52,5;BCC_B2 + SIGMA;77,50415702735167;28,77405098093158;27,851132083684625;43,3748169353838;11,022240683724172;8,788386581505979;-8,788386581505979;6,072910305462848;2,715476276043141;0,9999999999999999;0,007911276402020898;;0,7211555541670586;0,9920887235979791;0,24372137392852614;0,03512307190441514;;
SIGMA;1100,0;20,0;25,0;55,0;BCC_B2 + SIGMA;68,78259278418139;28,659672112187884;28,781208957589293;42,55911893022282;11,48521743699531;8,902765450249674;-8,902765450249674;7,002987179367516;1,899778270882166;0,9999999999999999;0,006678477219462816;;0,7078345427882775;0,9933215227805373;0,2589486997863688;0,03321675742535367;;
SIGMA;1100,0;17,5;25,0;57,5;BCC_B2 + SIGMA;59,91334301954359;28,56689430119982;29,6084022283939;41,824703470406284;11,98288758724174;8,995543261237739;-8,995543261237739;7,830180450172122;1,1653628110656271;1,0;0,005761383492750376;;0,6957980837306049;0,9942386165072495;0,2725314556938431;0,03167046057555272;;
SIGMA;1100,0;15,0;25,0;60,0;BCC_B2 + SIGMA;50,920227890547324;28,492565846429606;30,328093188349904;41,17934096522048;12,475306585117757;9,069871716007953;-9,069871716007953;8,549871410128127;0,5200003058798259;1,0;0,005077125774866204;;0,6851940992481491;0,9949228742251338;0,284374247755802;0,03043165299604917;;
SIGMA;1100,0;57,5;27,5;15,0;FCC_A1 + P_PHASE + SIGMA;2,0996022925720927;31,239825965167284;31,910338473414708;36,84983556141802;12,535850000141291;10,13211669519293;-6,322611597270274;10,13211669519293;-3,8095050979226386;1,0;0,005456549637482125;;0,6129513594375263;0,9945434503625179;0,3108293189207967;0,07621932164167686;;
SIGMA;1100,0;55,0;27,5;17,5;FCC_A1 + P_PHASE + SIGMA;15,115549759469344;31,2398259651674;31,910338473414047;36,84983556141855;12,535850000140538;10,13211669519227;-6,322611597270157;10,13211669519227;-3,8095050979221057;1,0;0,005456549637482709;;0,6129513594375351;0,9945434503625175;0,3108293189207857;0,0762193216416788;;
SIGMA;1100,0;52,5;27,5;20,0;FCC_A1 + SIGMA;27,443242901637717;31,245750396003803;31,79764257451255;36,95660702948365;12,409656167090489;10,019420796290774;-6,316687166433756;10,019420796290774;-3,7027336298570077;1,0;0,005559828320547282;;0,6147079330868279;0,9944401716794526;0,308974004757553;0,07631806215561879;;
SIGMA;1100,0;50,0;27,5;22,5;FCC_A1 + SIGMA;36,55171580925408;31,277433952327105;31,19522617999224;37,527339867680645;11,746943059410166;9,417004401770463;-6,285003610110454;9,417004401770463;-3,132000791660012;1,0;0,006148014270129305;;0,6240894390679822;0,9938519857298705;0,2990644395043441;0,07684612142767405;;
SIGMA;1100,0;47,5;27,5;25,0;FCC_A1 + SIGMA;45,50146525838068;31,30749219499391;30,624457502645207;38,06805030236088;11,139794152314776;8,84623572442343;-6,25494536744365;8,84623572442343;-2,5912903569797763;0,9999999999999999;0,006766280491268504;;0,6329638871523993;0,9932337195087315;0,289689020708813;0,07734709213878727;;
SIGMA;1100,0;45,0;27,5;27,5;FCC_A1 + SIGMA;54,30923664279055;31,336152747043915;30,08133663923906;38,58251061371703;10,584023905682212;8,303114861017281;-6,226284815393644;8,303114861017281;-2,0768300456236304;1,0;0,007416149745748052;;0,6413938102851175;0,9925838502542521;0,28078142170859494;0,0778247680062875;;
SIGMA;1100,0;42,5;27,5;30,0;FCC_A1 + SIGMA;62,988868581035206;31,363607522462438;29,562514732306582;39,07387774523098;10,076428102831352;7,784292954084805;-6,198830039975121;7,784292954084805;-1,5854629141096765;0,9999999999999999;0,008099312879301187;;0,6494314484473384;0,9919006871206987;0,2722862039560656;0,07828234759659632;;
SIGMA;1100,0;40,0;27,5;32,5;FCC_A1 + SIGMA;71,55193263350192;31,390020670964823;29,065155220970272;39,544824108064894;9,614586648642364;7,286933442748495;-6,172416891472736;7,286933442748495;-1,1145165512757629;1,0;0,00881764240928406;;0,6571209257101296;0,991182357590716;0,26415650755156767;0,0787225667383027;;
SIGMA;1100,0;37,5;27,5;35,0;FCC_A1 + SIGMA;80,00820587542141;31,415534544879282;28,58682993071004;39,99763552441068;9,196706767478746;6,808608152488262;-6,146903017558277;6,808608152488262;-0,6617051349299743;1,0;0,009573208673302998;;0,6644998790349996;0,990426791326697;0,2563523229947902;0,07914779797021027;;
SIGMA;1100,0;35,0;27,5;37,5;FCC_A1 + SIGMA;88,36602646148363;31,440274271137845;28,12543992587581;40,434285802986345;8,821491442359115;6,347218147654033;-6,122163291299714;6,347218147654033;-0,225054856354312;1,0;0,010368298784172291;;0,6716006969866228;0,9896317012158278;0,24883917627219052;0,07956012674118619;;
SIGMA;1100,0;32,5;27,5;40,0;FCC_A1 + SIGMA;96,63256566805404;31,464351323106996;27,679154299173973;40,85649437771902;8,48802273723477;6,098086239330563;-6,098086239330563;5,900932520952196;0,1971537183783596;1,0;0,011205438706584483;;0,6784514754716315;0,9887945612934156;0,2415871135876961;0,0799614109406721;;
SIGMA;1100,0;30,0;27,5;42,5;SIGMA;99,99999999999999;29,99999999999099;27,49999999987715;42,500000000131855;9,660084612080498;7,5624375624465685;-7,5624375624465685;5,721778221655374;1,8406593407911984;1,0;0,009718434436857167;;0,7061736812384518;0,9902815655631428;0,23827076320614318;0,05555555555540557;;
SIGMA;1100,0;27,5;27,5;45,0;BCC_B2 + SIGMA;95,52293541639604;28,747111565105126;28,062220053782198;43,19066838111267;11,117833727912236;8,815325997332433;-8,815325997332433;6,283998275560421;2,5313277217720156;0,9999999999999998;0,007610425020557659;;0,7181532674584207;0,9923895749794424;0,24717265090093835;0,03467408164064112;;
SIGMA;1100,0;25,0;27,5;47,5;BCC_B2 + SIGMA;86,90240018882777;28,62739560606284;29,060878973808283;42,31172542012888;11,644846327379748;8,935041956374718;-8,935041956374718;7,282657195586506;1,6523847607882232;1,0;0,006351244603586143;;0,7037840359791286;0,9936487553964138;0,26353714836426817;0,03267881565660275;;
SIGMA;1100,0;22,5;27,5;50,0;BCC_B2 + SIGMA;78,11176180289772;28,53066697243455;29,952199820250698;41,517133207314764;12,211576682696391;9,03177059000301;-9,03177059000301;8,17397804202892;0,8577925479741069;0,9999999999999998;0,005422450462927192;;0,6907472311301511;0,9945775495370728;0,27818609710705106;0,031066671762798072;;
SIGMA;1100,0;20,0;27,5;52,5;BCC_B2 + SIGMA;69,17482166963316;28,454138818953915;30,72358196661999;40,8222792144261;12,767424324171996;9,108298743483644;-9,108298743483644;8,945360188398212;0,16293855508544652;0,9999999999999999;0,004740029566244557;;0,679317980336825;0,9952599704337554;0,2908908171250541;0,02979120253812082;;
SIGMA;1100,0;17,5;27,5;55,0;BCC_B2 + SIGMA;60,117334992615;28,394366844508568;31,376066121342177;40,22956703414927;13,27994134371931;9,5978443431204;-9,168070717928991;9,5978443431204;-0,4297736251913875;0,9999999999999998;0,0042369223429442795;;0,6695512456040555;0,9957630776570557;0,30165375143191264;0,028795002964031664;;
SIGMA;1100,0;15,0;27,5;57,5;BCC_B2 + SIGMA;50,96378264701107;28,347881939060343;31,92036416747419;39,73175389346546;13,734318504695096;10,142142389252413;-9,214555623377215;10,142142389252413;-0,9275867658751977;0,9999999999999999;0,003862332244590553;;0,6613376021700709;0,9961376677554094;0,3106421432900344;0,028020254539894728;;
SIGMA;1100,0;52,5;30,0;17,5;FCC_A1 + P_PHASE + SIGMA;6,1263717719242345;31,239825965167366;31,910338473414214;36,849835561418416;12,535850000140732;10,132116695192437;-6,322611597270193;10,132116695192437;-3,8095050979222407;0,9999999999999998;0,005456549637482599;;0,6129513594375331;0,9945434503625173;0,31082931892078874;0,07621932164167851;;
SIGMA;1100,0;50,0;30,0;20,0;FCC_A1 + P_PHASE + SIGMA;19,142319235237462;31,239825965167324;31,91033847341473;36,84983556141794;12,535850000141314;10,132116695192952;-6,322611597270235;10,132116695192952;-3,8095050979227167;1,0;0,00545654963748213;;0,6129513594375253;0,9945434503625179;0,3108293189207972;0,07621932164167765;;
SIGMA;1100,0;47,5;30,0;22,5;FCC_A1 + P_PHASE + SIGMA;32,158266701156506;31,23982596516725;31,91033847341475;36,849835561418004;12,53585000014135;10,132116695192973;-6,32261159727031;10,132116695192973;-3,809505097922653;0,9999999999999999;0,005456549637482104;;0,612951359437526;0,994543450362518;0,3108293189207972;0,07621932164167627;;
SIGMA;1100,0;45,0;30,0;25,0;FCC_A1 + P_PHASE + SIGMA;45,174214163188985;31,239825965167274;31,910338473415337;36,84983556141739;12,535850000141997;10,13211669519356;-6,322611597270285;10,13211669519356;-3,809505097923264;1,0;0,005456549637481609;;0,6129513594375159;0,9945434503625185;0,31082931892080673;0,07621932164167651;;
SIGMA;1100,0;42,5;30,0;27,5;FCC_A1 + P_PHASE + SIGMA;58,19016163201531;31,239825965167288;31,910338473414495;36,849835561418224;12,535850000141057;10,132116695192718;-6,322611597270271;10,132116695192718;-3,8095050979224325;1,0;0,005456549637482335;;0,6129513594375298;0,9945434503625178;0,31082931892079296;0,0762193216416769;;
SIGMA;1100,0;40,0;30,0;30,0;FCC_A1 + SIGMA;70,13146170088554;31,247326624180733;31,767661103329676;36,985012272489584;12,376195428600939;9,989439325107899;-6,315110938256826;9,989439325107899;-3,674328386851073;1,0;0,00558765002528082;;0,6151751712025418;0,9944123499747192;0,30848049617222373;0,07634433262523442;;
SIGMA;1100,0;37,5;30,0;32,5;FCC_A1 + SIGMA;78,89738694928256;31,275592979523143;31,230212138644383;37,49419488183248;11,784849781652715;9,451990360422606;-6,286844582914416;9,451990360422606;-3,1651457775081795;0,9999999999999999;0,0061121171219553645;;0,6235449997812175;0,9938878828780447;0,2996395616711739;0,07681543854760772;;
SIGMA;1100,0;35,0;30,0;35,0;FCC_A1 + SIGMA;87,54235361328568;31,30266776358715;30,715999757277807;37,98133247913504;11,235671806827876;8,93777797905603;-6,25976979885041;8,93777797905603;-2,678008180205616;1,0;0,006662840337018522;;0,63154157679958;0,9933371596629815;0,29119173825174544;0,0772666849486748;;
SIGMA;1100,0;32,5;30,0;37,5;FCC_A1 + SIGMA;96,07667705424096;31,328697150920085;30,222491574173475;38,44881127490644;10,726213314327442;8,444269795951698;-6,2337404115174735;8,444269795951698;-2,210529384434217;1,0;0,0072411052208586684;;0,6392043867549166;0,9927588947791411;0,2830951051741933;0,07770050807089032;;
SIGMA;1100,0;30,0;30,0;40,0;SIGMA;100,00000000000003;29,99999999998969;29,99999999981082;40,0000000001995;11,190300671372288;8,221778221589044;-7,562437562447869;8,221778221589044;-0,6593406591411579;1,0;0,006415779734481371;;0,6652409378401067;0,9935842202655188;0,2792035066045095;0,055555555555383634;;
SIGMA;1100,0;27,5;30,0;42,5;BCC_B2 + SIGMA;96,40968503260848;28,48666734455486;30,387688863877678;41,12564379156746;12,518385165744158;9,075770217882699;-9,075770217882699;8,6094670856559;0,4663031322268054;1,0;0,005024662769071012;;0,6843108047996646;0,9949753372309288;0,2853558505688662;0,03033334463147012;;
SIGMA;1100,0;25,0;30,0;45,0;BCC_B2 + SIGMA;87,5381994837043;28,407132995642304;31,23253985333906;40,36032715101864;13,164085272225732;9,454318075117282;-9,155304566795255;9,454318075117282;-0,29901350832201956;0,9999999999999999;0,00434228439395892;;0,6717071670960975;0,9956577156060411;0,2992850607543084;0,02900777214959395;;
SIGMA;1100,0;22,5;30,0;47,5;BCC_B2 + SIGMA;78,51859387271564;28,346857684169073;31,932771193453686;39,720371122377244;13,74494271033819;10,154549415231909;-9,215579878268485;10,154549415231909;-0,9389695369634126;1,0;0,003854232217477569;;0,6611496893246257;0,9961457677825225;0,31084712705033424;0,028003183625040156;;
SIGMA;1100,0;20,0;30,0;50,0;BCC_B2 + SIGMA;69,38140896406186;28,30172686859501;32,4996730647162;39,1986000666888;14,242332790759507;10,721451286494421;-9,260710693842547;10,721451286494421;-1,4607405926518595;1,0;0,0035034075891509295;;0,6525314660916687;0,996496592410849;0,3202175305428592;0,02725100336547247;;
SIGMA;1100,0;17,5;30,0;52,5;BCC_B2 + SIGMA;60,15458841057715;28,267919571495973;32,95391345548287;38,778166973021165;14,656840163802036;11,175691677261092;-9,294517990941586;11,175691677261092;-1,8811736863194923;0,9999999999999999;0,003247677413103487;;0,645581076791885;0,9967523225868964;0,3277313747942929;0,026687548413821677;;
SIGMA;1100,0;15,0;30,0;55,0;BCC_B2 + SIGMA;50,860896350607256;28,24235132160589;33,31785216993248;38,43979650846163;14,998448364798751;11,539630391710702;-9,320086240831667;11,539630391710702;-2,219544150879024;0,9999999999999999;0,003057601324791358;;0,6399838081799624;0,9969423986752086;0,3337547809043837;0,026261410915653743;;
SIGMA;1100,0;47,5;32,5;20,0;FCC_A1 + P_PHASE + SIGMA;10,153141251071917;31,239825965167352;31,9103384734147;36,84983556141794;12,535850000141277;10,132116695192924;-6,322611597270207;10,132116695192924;-3,8095050979227167;1,0;0,005456549637482234;;0,6129513594375249;0,9945434503625177;0,3108293189207965;0,07621932164167784;;
SIGMA;1100,0;45,0;32,5;22,5;FCC_A1 + P_PHASE + SIGMA;23,169088715608694;31,239825965167263;31,910338473414907;36,849835561417834;12,53585000014152;10,13211669519313;-6,322611597270296;10,13211669519313;-3,8095050979228233;1,0;0,005456549637482021;;0,6129513594375232;0,9945434503625179;0,31082931892079974;0,07621932164167637;;
SIGMA;1100,0;42,5;32,5;25,0;FCC_A1 + P_PHASE + SIGMA;36,18503618253725;31,239825965167267;31,910338473414583;36,84983556141815;12,53585000014116;10,132116695192806;-6,322611597270292;10,132116695192806;-3,8095050979225036;0,9999999999999998;0,0054565496374822655;;0,6129513594375281;0,9945434503625178;0,31082931892079424;0,0762193216416763;;
SIGMA;1100,0;40,0;32,5;27,5;FCC_A1 + P_PHASE + SIGMA;49,20098364664486;31,239825965167274;31,91033847341457;36,84983556141816;12,535850000141142;10,132116695192792;-6,322611597270285;10,132116695192792;-3,8095050979224965;1,0;0,00545654963748224;;0,6129513594375289;0,9945434503625178;0,3108293189207945;0,07621932164167683;;
SIGMA;1100,0;37,5;32,5;30,0;FCC_A1 + P_PHASE + SIGMA;62,21693110732415;31,239825965167228;31,91033847341492;36,84983556141785;12,535850000141545;10,132116695193144;-6,322611597270331;10,132116695193144;-3,809505097922809;1,0;0,005456549637481921;;0,6129513594375234;0,9945434503625181;0,31082931892079996;0,07621932164167568;;
SIGMA;1100,0;35,0;32,5;32,5;FCC_A1 + P_PHASE + SIGMA;75,23287858184497;31,239825965167487;31,91033847341399;36,84983556141853;12,535850000140456;10,132116695192213;-6,322611597270072;10,132116695192213;-3,809505097922127;1,0;0,0054565496374828805;;0,6129513594375349;0,994543450362517;0,31082931892078497;0,07621932164168044;;
SIGMA;1100,0;32,5;32,5;35,0;FCC_A1 + P_PHASE + SIGMA;88,24882603527513;31,239825965167306;31,910338473414885;36,84983556141781;12,535850000141489;10,132116695193108;-6,322611597270253;10,132116695193108;-3,8095050979228446;1,0;0,005456549637482077;;0,612951359437523;0,9945434503625179;0,3108293189207995;0,0762193216416772;;
SIGMA;1100,0;30,0;32,5;37,5;SIGMA;99,99999999999996;29,999999999989253;32,49999999973308;37,50000000027767;13,49549641610903;10,7217782215113;-7,562437562448306;10,7217782215113;-3,159340659062984;1,0;0,004290460570606511;;0,6240465643222707;0,9957095394293936;0,32039788012235254;0,055555555555376314;;
SIGMA;1100,0;27,5;32,5;40,0;BCC_B2 + SIGMA;97,1014901222621;28,284614555908732;32,72607538563354;38,98931005845774;14,44723158801297;10,947853607411766;-9,277823006528827;10,947853607411766;-1,6700306008829173;0,9999999999999999;0,003373276090071758;;0,649072217398724;0,9966267239099282;0,3239619844472415;0,026965798154034323;;
SIGMA;1100,0;25,0;32,5;42,5;BCC_B2 + SIGMA;87,96773056661009;28,242654240301697;33,31342412383982;38,44392163585849;14,994243421244052;11,535202345618046;-9,319783322135862;11,535202345618046;-2,21541902348217;1,0;0,003059839040116496;;0,6400520630331712;0,9969401609598835;0,33368147740624526;0,02626645956058394;;
SIGMA;1100,0;22,5;32,5;45,0;BCC_B2 + SIGMA;78,72223943312846;28,213642413262388;33,75194830383779;38,03440928289982;15,416236972183105;11,973726525616016;-9,34879514917517;11,973726525616016;-2,624931376440834;1,0;0,002846727107012909;;0,6332742153578832;0,9971532728929869;0,3409428555321884;0,025782929109928722;;
SIGMA;1100,0;20,0;32,5;47,5;BCC_B2 + SIGMA;69,3994180327014;28,193257356434408;34,080065438242826;37,72667720532276;15,739040952443498;12,30184366002105;-9,36918020600315;12,30184366002105;-2,9326634540178986;1,0;0,0026979475847081617;;0,6281784095143332;0,9973020524152918;0,34637841232287125;0,025443178162795795;;
SIGMA;1100,0;17,5;32,5;50,0;BCC_B2 + SIGMA;60,02371413224675;28,17855549159572;34,329155454567214;37,492289053837055;15,987914020891276;12,550933676345437;-9,383882070841839;12,550933676345437;-3,1670516055036018;1,0;0,002590708968753405;;0,6242957711264501;0,9974092910312464;0,35050608179139875;0,02519814708215084;;
SIGMA;1100,0;15,0;32,5;52,5;BCC_B2 + SIGMA;50,61150422089964;28,16764391822436;34,521966553095154;37,310389528680474;16,182726969828394;12,743744774873377;-9,394793644213198;12,743744774873377;-3,3489511306601827;0,9999999999999999;0,0025109160928142396;;0,6212818441240492;0,9974890839071858;0,35370186834998907;0,02501628752596161;;
SIGMA;1100,0;45,0;35,0;20,0;FCC_A1 + P_PHASE + SIGMA;1,1639632684998267;31,239825965167263;31,910338473414836;36,849835561417905;12,535850000141442;10,132116695193059;-6,322611597270296;10,132116695193059;-3,8095050979227523;0,9999999999999998;0,00545654963748198;;0,6129513594375247;0,994543450362518;0,3108293189207988;0,07621932164167665;;
SIGMA;1100,0;42,5;35,0;22,5;FCC_A1 + P_PHASE + SIGMA;14,179910731646569;31,239825965167324;31,910338473414214;36,84983556141847;12,535850000140735;10,132116695192437;-6,322611597270235;10,132116695192437;-3,809505097922184;1,0;0,0054565496374826055;;0,6129513594375339;0,9945434503625173;0,31082931892078847;0,07621932164167752;;
SIGMA;1100,0;40,0;35,0;25,0;FCC_A1 + P_PHASE + SIGMA;27,195858195445915;31,239825965167284;31,910338473415273;36,84983556141746;12,53585000014192;10,132116695193496;-6,322611597270274;10,132116695193496;-3,8095050979232;1,0;0,0054565496374817096;;0,6129513594375171;0,9945434503625185;0,3108293189208059;0,07621932164167688;;
SIGMA;1100,0;37,5;35,0;27,5;FCC_A1 + P_PHASE + SIGMA;40,21180566314494;31,23982596516725;31,910338473415;36,849835561417756;12,535850000141627;10,132116695193222;-6,32261159727031;10,132116695193222;-3,8095050979229015;1,0;0,005456549637481879;;0,6129513594375221;0,9945434503625182;0,31082931892080146;0,07621932164167639;;
SIGMA;1100,0;35,0;35,0;30,0;P_PHASE + SIGMA;59,283612677816855;30,91612919927689;33,19695551705282;35,88691528367029;14,047666675390625;11,418733738831044;-6,646308363160667;11,418733738831044;-4,772425375670366;1,0;0,004280122518184719;;0,5971641163904639;0,9957198774818151;0,3320115080660326;0,07082437554350371;;
SIGMA;1100,0;32,5;35,0;32,5;P_PHASE + SIGMA;81,80928232035048;30,670526635747414;34,36768387337162;34,96178949088097;15,441990849105629;12,589462095149841;-6,891910926690144;12,589462095149841;-5,69755116845969;0,9999999999999999;0,003458145827545198;;0,581928014664117;0,9965418541724548;0,3513409858512035;0,06673099948467898;;
SIGMA;1100,0;30,0;35,0;35,0;SIGMA;100,0;29,999999999990006;34,99999999965118;35,00000000035881;16,249123604582113;13,221778221429403;-7,562437562447553;13,221778221429403;-5,659340658981847;1,0;0,0028957574538621064;;0,5826898316828999;0,9971042425461379;0,3617546127617113;0,05555555555538906;;
SIGMA;1100,0;27,5;35,0;37,5;BCC_B2 + SIGMA;97,5880522290842;28,139296745417752;35,062822021393956;36,7978812331883;16,738788945981007;13,284600243172179;-9,423140817019807;13,284600243172179;-3,861459426152358;0,9999999999999999;0,0023011536864098606;;0,6127866530672693;0,9976988463135902;0,36266951228687916;0,024543834645851404;;
SIGMA;1100,0;25,0;35,0;40,0;BCC_B2 + SIGMA;88,16328456215766;28,13060267570391;35,24343425236804;36,625963071928055;16,92748035199428;13,465212474146263;-9,43183488673365;13,465212474146263;-4,033377587412602;1,0;0,002235463245036939;;0,6099359482554594;0,9977645367549631;0,3656651182605866;0,02439893348395403;;
SIGMA;1100,0;22,5;35,0;42,5;BCC_B2 + SIGMA;78,70031473750704;28,12521767517052;35,359732178778174;36,5150501460513;17,049741576328664;13,581510400556397;-9,437219887267037;13,581510400556397;-4,144290513289356;1,0;0,002194259290888694;;0,608096555925102;0,9978057407091114;0,36759426059983363;0,02430918347506429;;
SIGMA;1100,0;20,0;35,0;45,0;BCC_B2 + SIGMA;69,21613731474639;28,12160917623776;35,439804334117945;36,43858648964428;17,134259374430272;13,661582555896167;-9,440828386199797;13,661582555896167;-4,220754169696377;1,0;0,0021663768683391395;;0,6068283577455514;0,9978336231316609;0,36892260042826325;0,024249041826184765;;
SIGMA;1100,0;17,5;35,0;47,5;BCC_B2 + SIGMA;59,7192240212141;28,119041734252555;35,49791556712883;36,38304269861861;17,19576827821404;13,719693788907051;-9,443395828185004;13,719693788907051;-4,276297960722047;0,9999999999999999;0,00214638631822195;;0,6059070702395942;0,997853613681778;0,36988667863397423;0,02420625112643146;;
SIGMA;1100,0;15,0;35,0;50,0;BCC_B2 + SIGMA;50,21414692327709;28,117129355335546;35,54185668555171;36,341013959112765;17,242373342417824;13,76363490732993;-9,445308207102013;13,76363490732993;-4,3183267002278924;0,9999999999999999;0,0021314054826308392;;0,6052099203224057;0,9978685945173693;0,3706157015331129;0,024174378144481257;;
SIGMA;1100,0;40,0;37,5;22,5;P_PHASE + SIGMA;7,782452274132623;30,727762938912868;34,07642959068467;35,19580747040247;15,093339177087513;12,298207812462891;-6,834674623524691;12,298207812462891;-5,463533188938186;1,0;0,0036443166879569547;;0,5857869430204949;0,9963556833120432;0,3465281191087347;0,06768493787076985;;
SIGMA;1100,0;37,5;37,5;25,0;P_PHASE + SIGMA;29,201698225328833;30,400056924150288;35,94116317137243;33,65877990447728;17,34636723340267;14,162941393150653;-7,162380638287271;14,162941393150653;-7,000560754863379;0,9999999999999998;0,002621237811064697;;0,5603971677832734;0,9973787621889353;0,3773796612586659;0,06222317095806034;;
SIGMA;1100,0;35,0;37,5;27,5;P_PHASE + SIGMA;52,74157943801831;30,279572507313258;36,78020124373596;32,94022624895079;18,376186725638927;15,001979465514182;-7,282865055124301;15,001979465514182;-7,719114410389864;1,0;0,002269753273760743;;0,5484993811994554;0,9977302467262396;0,39128552145643514;0,06021509734410988;;
SIGMA;1100,0;32,5;37,5;30,0;P_PHASE + SIGMA;77,11381102967346;30,220313443100434;37,23581884392046;32,54386771297909;18,939508831339186;15,457597065698685;-7,342124119337125;15,457597065698685;-8,115472946361564;1,0;0,0021010874050814646;;0,5419308869040782;0,9978989125949185;0,39884166682202615;0,0592274462738963;;
SIGMA;1100,0;30,0;37,5;32,5;SIGMA;100,00000000000003;29,99999999999252;37,499999999575316;32,50000000043217;19,259792634278885;15,721778221353539;-7,562437562445037;15,721778221353539;-8,159340658908484;1,0;0,0019665053569764184;;0,5412296654834302;0,9980334946430236;0,40321477896113894;0,055555555555430895;;
SIGMA;1100,0;27,5;37,5;35,0;BCC_B2 + SIGMA;97,78821290783854;28,063506452779297;37,347047532203064;34,589446015017636;19,221385188821483;15,568825753981287;-9,498931109658262;15,568825753981287;-6,069894644323021;1,0;0,001605796299823946;;0,5761339232947775;0,9983942037001761;0,4005854136033453;0,023280663101877107;;
SIGMA;1100,0;25,0;37,5;37,5;BCC_B2 + SIGMA;88,0617292218405;28,07090765114433;36,93606755115277;34,99302479770291;18,760505429672822;15,15784577293099;-9,491529911293227;15,15784577293099;-5,666315861637749;1,0;0,0017113191046890625;;0,5828367868273397;0,9982886808953109;0,3937591967646993;0,02340401640796115;;
SIGMA;1100,0;22,5;37,5;40,0;BCC_B2 + SIGMA;78,42256520448268;28,076183995995503;36,71485798381602;35,20895802018848;18,51482591811964;14,93663620559424;-9,486253566442056;14,93663620559424;-5,450382639152174;1,0;0,0017713296488198655;;0,5864223381922927;0,99822867035118;0,3900857063188939;0,02349195548881417;;
SIGMA;1100,0;20,0;37,5;42,5;BCC_B2 + SIGMA;68,82102175360578;28,08002814738066;36,572418927308554;35,34755292531079;18,35754467602346;14,794197149086777;-9,4824094150569;14,794197149086777;-5,3117877340298705;1,0;0,0018112161477745524;;0,5887233896112299;0,9981887838522255;0,38772058571020357;0,023556024678566535;;
SIGMA;1100,0;17,5;37,5;45,0;BCC_B2 + SIGMA;59,23990439671076;28,082945041822207;36,47183469239613;35,44522026578168;18,24692002499384;14,693612914174352;-9,479492520615352;14,693612914174352;-5,214120393558979;1,0;0,0018399861187694867;;0,5903447852921901;0,9981600138812304;0,3860505751218841;0,023604639585925558;;
SIGMA;1100,0;15,0;37,5;47,5;BCC_B2 + SIGMA;49,67133041631227;28,085234045961354;36,39657678348994;35,518189170548716;18,164391764754065;14,618355005268164;-9,477203516476205;14,618355005268164;-5,141151488791941;1,0;0,0018618451745703209;;0,5915560761370185;0,9981381548254296;0,3848011342080703;0,023642789654911442;;
SIGMA;1100,0;40,0;40,0;20,0;FCC_A1 + P_PHASE + SIGMA;0,8118655864138011;30,201900532959346;50,77070907079825;19,0273903962424;36,91453774541522;28,99248729257647;-7,360537029478213;28,99248729257647;-21,631950263098258;0,9999999999999999;0,00025608536290171484;;0,31706626541228394;0,9997439146370982;0,6240131701495042;0,05892056443821122;;
SIGMA;1100,0;37,5;40,0;22,5;P_PHASE + SIGMA;18,09102458662163;29,788638724394026;42,860358151748514;27,35100312385746;26,115134891566175;21,082136373526737;-7,7737988380435326;21,082136373526737;-13,308337535483197;0,9999999999999999;0,000845114622306332;;0,45566224881488937;0,9991548853776936;0,4923048835563207;0,052032867628789045;;
SIGMA;1100,0;35,0;40,0;25,0;P_PHASE + SIGMA;46,671528091039285;29,871437643565994;41,04772685844495;29,080835497989042;23,75977877759545;19,269505080223176;-7,690999918871565;19,269505080223176;-11,578505161351615;0,9999999999999999;0,001125254124060324;;0,4844305351611375;0,9988747458759397;0,4621566152238741;0,05341284961498902;;
SIGMA;1100,0;32,5;40,0;27,5;P_PHASE + SIGMA;73,32140130845497;29,915330732799976;40,37552972618653;29,709139541013496;22,896397321568653;18,59730794796475;-7,647106829637583;18,59730794796475;-10,950201118327161;1,0;0,001253214321362604;;0,4948738336121443;0,9987467856786373;0,45098176528563383;0,054144401102221816;;
SIGMA;1100,0;30,0;40,0;30,0;P_PHASE + SIGMA;99,40876668860871;29,94249721667755;40,00652423261982;30,050978550702627;22,424804299479224;18,22830245439804;-7,619940345760011;18,22830245439804;-10,60836210863803;0,9999999999999999;0,0013300643575344512;;0,5005540726544807;0,9986699356424655;0,44484875151200476;0,05459717583351481;;
SIGMA;1100,0;27,5;40,0;32,5;BCC_B2 + SIGMA;97,55490387343816;28,086529454469844;39,517201590900406;32,39626895462976;21,74264457839621;17,73897981267863;-9,475908107967715;17,73897981267863;-8,263071704710896;1,0;0,0011579029598045186;;0,5396805041416505;0,9988420970401957;0,43665511606162977;0,023664379796719502;;
SIGMA;1100,0;25,0;40,0;35,0;BCC_B2 + SIGMA;87,6358650718442;28,060650237270146;38,375103302749984;33,56424645997987;20,398058741207237;16,596881524528207;-9,501787325167413;16,596881524528207;-7,095094199360787;0,9999999999999999;0,0013726995769413302;;0,5590990633159;0,9986273004230586;0,4176678771740426;0,02323305951005824;;
SIGMA;1100,0;22,5;40,0;37,5;BCC_B2 + SIGMA;77,89337122055909;28,05918014341434;37,836099256444655;34,10472060014101;19,777016326996844;16,057877478222878;-9,503257419023218;16,057877478222878;-6,5546200591996495;1,0;0,0014897014061304357;;0,5680809652454325;0,9985102985938696;0,4087104768087734;0,02320855794579466;;
SIGMA;1100,0;20,0;40,0;40,0;BCC_B2 + SIGMA;68,22686340417809;28,061507548876648;37,50916395790588;34,429328493217476;19,40472273888988;15,730942179684106;-9,500930013560911;15,730942179684106;-6,230012166123181;1,0;0,0015662091915166786;;0,5734740950666211;0,9984337908084833;0,40327855689654635;0,02324734803683305;;
SIGMA;1100,0;17,5;40,0;42,5;BCC_B2 + SIGMA;58,599238286855595;28,06443714643469;37,28344544911622;34,65211740444909;19,14969201373657;15,505223670894445;-9,49800041600287;15,505223670894445;-6,007223254891564;0,9999999999999999;0,001621635741849019;;0,5771749265759629;0,9983783642581509;0,3995288987612368;0,023296174662800442;;
SIGMA;1100,0;15,0;40,0;45,0;BCC_B2 + SIGMA;48,99490377363772;28,067272139302418;37,11584258591449;34,8168852747831;18,96140984668111;15,337620807692716;-9,495165423135141;15,337620807692716;-5,84245538455756;1,0;0,001664227545417248;;0,579911592902959;0,9983357724545828;0,39674498255311214;0,023343424543929268;;
SIGMA;1100,0;50,0;42,5;7,5;FCC_A1 + SIGMA;8,80265981232121;30,182280418854933;51,099001867748875;18,7187177133962;37,357272381405025;29,320780089527098;-7,380157143582625;29,320780089527098;-21,940622945944458;0,9999999999999999;0,0002423343010305125;;0,3119247764897077;0,9997576656989694;0,6294816609738212;0,058593562536471196;;
SIGMA;1100,0;47,5;42,5;10,0;FCC_A1 + P_PHASE + SIGMA;13,896729648413814;30,201900532959602;50,77070907080072;19,02739039623967;36,914537745418706;28,992487292578943;-7,360537029477957;28,992487292578943;-21,631950263100986;1,0;0,00025608536290161753;;0,3170662654122385;0,9997439146370984;0,6240131701495454;0,05892056443821546;;
SIGMA;1100,0;45,0;42,5;12,5;FCC_A1 + P_PHASE + SIGMA;16,43856016892767;30,201900532959034;50,77070907079772;19,027390396243256;36,914537745414364;28,992487292575944;-7,360537029478525;28,992487292575944;-21,6319502630974;1,0;0,0002560853629017303;;0,31706626541229826;0,9997439146370982;0,6240131701494956;0,05892056443820603;;
SIGMA;1100,0;42,5;42,5;15,0;FCC_A1 + P_PHASE + SIGMA;18,980391202050164;30,20190053296058;50,77070907080634;19,02739039623308;36,91453774542679;28,992487292584563;-7,36053702947698;28,992487292584563;-21,631950263107576;0,9999999999999999;0,000256085362901407;;0,3170662654121289;0,9997439146370987;0,6240131701496395;0,058920564438232056;;
SIGMA;1100,0;40,0;42,5;17,5;FCC_A1 + P_PHASE + SIGMA;21,522221687280833;30,201900532959097;50,770709070796904;19,027390396243998;36,91453774541328;28,992487292575127;-7,360537029478461;28,992487292575127;-21,63195026309666;0,9999999999999998;0,00025608536290176677;;0,3170662654123106;0,9997439146370981;0,6240131701494819;0,05892056443820711;;
SIGMA;1100,0;37,5;42,5;20,0;FCC_A1 + P_PHASE + SIGMA;24,06405254399609;30,20190053295917;50,770709070797494;19,027390396243344;36,91453774541411;28,992487292575717;-7,36053702947839;28,992487292575717;-21,631950263097313;1,0;0,00025608536290174194;;0,31706626541229965;0,9997439146370984;0,6240131701494915;0,05892056443820819;;
SIGMA;1100,0;35,0;42,5;22,5;P_PHASE + SIGMA;42,25354869106882;29,781268925582705;46,25444702536609;23,964284049051198;30,632615019369275;24,476225247144313;-7,781168636854854;24,476225247144313;-16,69505661028946;1,0;0,0005011345316249643;;0,3992933709216034;0,9994988654683752;0,5487965914297961;0,05191003764860069;;
SIGMA;1100,0;32,5;42,5;25,0;P_PHASE + SIGMA;70,65723909216095;29,76722781031634;43,74961807813534;26,48315411154833;27,28501082069108;21,971396299913565;-7,79520975212122;21,971396299913565;-14,176186547792327;1,0;0,0007358186877271359;;0,44122238659519936;0,9992641813122729;0,5071015943439726;0,05167601906082778;;
SIGMA;1100,0;30,0;42,5;27,5;P_PHASE + SIGMA;97,86647378921452;29,798432085630377;42,56920842117185;27,632359493197765;25,734162992688567;20,790986642950074;-7,764005476807181;20,790986642950074;-13,026981166142892;0,9999999999999999;0,0008845518405666533;;0,4603427578109482;0,9991154481594333;0,4874611518729905;0,052196090316062205;;
SIGMA;1100,0;27,5;42,5;30,0;BCC_B2 + SIGMA;96,9424141897861;28,207338486015775;41,655592331594946;30,137069182389286;24,358693230147605;19,87737055337317;-9,355099076421784;19,87737055337317;-10,52227147695137;1,0;0,0008498346895025219;;0,5020956342199319;0,9991501653104975;0,47222650212424944;0,025677863655818395;;
SIGMA;1100,0;25,0;42,5;32,5;BCC_B2 + SIGMA;87,01584576757853;28,09640356756037;39,77328747621847;32,13030895622116;22,049321324254073;17,995065697996694;-9,46603399487719;17,995065697996694;-8,5290317031195;1,0;0,0011151588902971804;;0,5352573361836199;0,9988848411097028;0,44091371546815167;0,0238289483482284;;
SIGMA;1100,0;22,5;42,5;35,0;BCC_B2 + SIGMA;77,19681469722572;28,067590562456964;38,84566332265852;33,08674611488453;20,947407203769455;17,06744154443674;-9,494846999980595;17,06744154443674;-7,5725945444561304;1,0;0,0012791084334950159;;0,5511615222628543;0,998720891566505;0,4254897461406406;0,0233487315965048;;
SIGMA;1100,0;20,0;42,5;37,5;BCC_B2 + SIGMA;67,48616846263916;28,06023476413248;38,326290007484836;33,6134752283827;20,341451271028593;16,54806822926306;-9,502202798305078;16,54806822926306;-7,04586543095796;0,9999999999999999;0,0013828503310679406;;0,559917287066141;0,998617149668932;0,4168565779760957;0,023226134957763617;;
SIGMA;1100,0;17,5;42,5;40,0;BCC_B2 + SIGMA;57,83198602347102;28,058909266823225;37,985262163201625;33,95582856997515;19,947989433478742;16,207040384979848;-9,503528295614334;16,207040384979848;-6,7035120893655105;1,0;0,001456217506189539;;0,5656068722759882;0,9985437824938104;0,41118908438806917;0,023204043335942604;;
SIGMA;1100,0;15,0;42,5;42,5;BCC_B2 + SIGMA;48,209065112284506;28,059631391924288;37,73817715141973;34,20219145665599;19,665153862976677;15,95995537319795;-9,50280617051327;15,95995537319795;-6,457149202684668;1,0;0,0015121608164219748;;0,5697004885406174;0,998487839183578;0,40708343270508945;0,023216078754293858;;
SIGMA;1100,0;47,5;45,0;7,5;FCC_A1 + SIGMA;15,992321027440951;30,059607143118193;53,11769067705083;16,822702179830966;40,08291542745587;31,339468898829054;-7,502830419319366;31,339468898829054;-23,83663847950969;1,0;0,00017173789668342628;;0,2803402056868087;0,9998282621033165;0,6631107863723325;0,05654900794085887;;
SIGMA;1100,0;45,0;45,0;10,0;FCC_A1 + SIGMA;31,030049192666798;30,155660889712124;51,54209025975652;18,302248850531356;37,955075573805075;29,763868481534743;-7,406776672725435;29,763868481534743;-22,3570918088093;1,0;0,0002248639141069083;;0,30498751108349886;0,9997751360858932;0,6368625851990769;0,058149903717424414;;
SIGMA;1100,0;42,5;45,0;12,5;FCC_A1 + P_PHASE + SIGMA;39,69074762265763;30,201900532959385;50,77070907079906;19,027390396241557;36,91453774541634;28,99248729257728;-7,360537029478174;28,99248729257728;-21,6319502630991;1,0;0,00025608536290168204;;0,3170662654122701;0,9997439146370983;0,6240131701495182;0,05892056443821209;;
SIGMA;1100,0;40,0;45,0;15,0;FCC_A1 + P_PHASE + SIGMA;42,23257837931921;30,201900532959264;50,770709070798084;19,02739039624266;36,914537745414954;28,992487292576307;-7,360537029478294;28,992487292576307;-21,631950263098;0,9999999999999999;0,00025608536290172264;;0,31706626541228833;0,9997439146370983;0,6240131701495016;0,05892056443820989;;
SIGMA;1100,0;37,5;45,0;17,5;FCC_A1 + P_PHASE + SIGMA;44,77440980113784;30,201900532959364;50,770709070798134;19,027390396242513;36,91453774541506;28,992487292576357;-7,360537029478195;28,992487292576357;-21,631950263098144;0,9999999999999999;0,00025608536290172085;;0,3170662654122859;0,9997439146370983;0,6240131701495024;0,058920564438211594;;
SIGMA;1100,0;35,0;45,0;20,0;FCC_A1 + P_PHASE + SIGMA;47,3162400798894;30,201900532959314;50,770709070798546;19,027390396242133;36,914537745415615;28,99248729257677;-7,360537029478245;28,99248729257677;-21,631950263098524;1,0;0,0002560853629016979;;0,3170662654122796;0,9997439146370983;0,6240131701495096;0,058920564438210796;;
SIGMA;1100,0;32,5;45,0;22,5;P_PHASE + SIGMA;70,02210094576897;29,82041990415638;47,220879543296434;22,958700552547178;31,946522999570348;25,442657765074657;-7,742017658281178;25,442657765074657;-17,70064010679348;1,0;0,00043304780469751727;;0,38254877636363127;0,9995669521953026;0,5648886696782065;0,05256255395816182;;
SIGMA;1100,0;30,0;45,0;25,0;P_PHASE + SIGMA;97,38623399725614;29,760659931275683;45,14348587867488;25,09585419004944;29,138040630245392;23,365264100453103;-7,801777631161876;23,365264100453103;-15,563486469291217;0,9999999999999999;0,0005935998582387656;;0,4181323254212153;0,9994064001417611;0,5303011201686342;0,05156655441015014;;
SIGMA;1100,0;27,5;45,0;27,5;BCC_B2 + SIGMA;96,04059043634933;28,396557977117563;43,760618615069205;27,842823407813228;27,04629796707723;21,98239683684743;-9,165879585319995;21,98239683684743;-12,81651725152743;1,0;0,0006315102696096213;;0,46390672118141846;0,9993684897303904;0,5072617569777335;0,028831521840848435;;
SIGMA;1100,0;25,0;45,0;30,0;BCC_B2 + SIGMA;86,29212109222067;28,183936250352545;41,33196586782374;30,48409788182372;23,95497360390603;19,553744089601963;-9,378501312085014;19,553744089601963;-10,175242777516939;0,9999999999999999;0,0008900241627724948;;0,5078705148831126;0,9991099758372276;0,46684165872212285;0,02528782639476469;;
SIGMA;1100,0;22,5;45,0;32,5;BCC_B2 + SIGMA;76,4411962040969;28,10211042858234;39,90704329007955;31,990846281338115;22,210239838187615;18,128821511857772;-9,46032713385522;18,128821511857772;-8,668494378002542;1,0;0,0010935420282713155;;0,5329377620160193;0,9989064579717286;0,4431381752853859;0,023924062698594453;;
SIGMA;1100,0;20,0;45,0;35,0;BCC_B2 + SIGMA;66,67563892961932;28,074164383632972;39,12341444453699;32,802421171830034;21,274731969649856;17,345192666315214;-9,488273178804587;17,345192666315214;-7,856919487510623;1,0;0,0012273037523709196;;0,5464342853633068;0,9987726962476291;0,4301074193539211;0,023458295282771637;;
SIGMA;1100,0;17,5;45,0;37,5;BCC_B2 + SIGMA;56,989080166238715;28,06390933426841;38,64041499416149;33,295675671570095;20,706983377718917;16,862193215939712;-9,49852822816915;16,862193215939712;-7,363664987770562;0,9999999999999999;0,0013190007388014448;;0,5546348165842123;0,9986809992611986;0,4220778056224249;0,023287377793362412;;
SIGMA;1100,0;15,0;45,0;40,0;BCC_B2 + SIGMA;47,34844559810492;28,060082552273492;38,30649848686012;33,633418960866386;20,318520059531856;16,528276708638344;-9,502355010164067;16,528276708638344;-7,025921698474271;1,0;0,0013869905074454544;;0,5602487625683407;0,9986130094925544;0,416527639338212;0,023223598093446936;;
SIGMA;1100,0;45,0;47,5;7,5;BCC_B2 + FCC_A1 + SIGMA;15,549972141213827;30,056421675568558;53,16929493087771;16,77428339355373;40,152655064880165;31,391073152655935;-7,506015886869001;31,391073152655935;-23,885057265786926;0,9999999999999999;0,0001702113561564636;;0,2795335651467498;0,9998297886438435;0,6639705180382192;0,05649591681503177;;
SIGMA;1100,0;42,5;47,5;10,0;BCC_B2 + FCC_A1 + SIGMA;38,72029784022707;30,056421675568657;53,1692949308755;16,774283393555848;40,15265506487716;31,391073152653725;-7,5060158868689015;31,391073152653725;-23,88505726578481;0,9999999999999997;0,00017021135615652506;;0,2795335651467848;0,9998297886438434;0,6639705180381817;0,05649591681503304;;
SIGMA;1100,0;40,0;47,5;12,5;FCC_A1 + SIGMA;53,79161996131659;30,13383247992661;51,90339167866317;17,962775841410224;38,44273779970523;30,125169900441392;-7,428605082510948;30,125169900441392;-22,696564817930433;1,0;0,0002114918144957533;;0,299332599175838;0,9997885081855042;0,6428813039364965;0,05778609688766574;;
SIGMA;1100,0;37,5;47,5;15,0;FCC_A1 + P_PHASE + SIGMA;65,48476577620248;30,201900532959364;50,77070907079937;19,027390396241266;36,91453774541676;28,992487292577593;-7,360537029478195;28,992487292577593;-21,63195026309939;1,0;0,00025608536290167044;;0,3170662654122651;0,9997439146370984;0,624013170149523;0,05892056443821155;;
SIGMA;1100,0;35,0;47,5;17,5;FCC_A1 + P_PHASE + SIGMA;68,02659705367692;30,20190053295944;50,77070907079942;19,02739039624116;36,914537745416844;28,992487292577643;-7,36053702947812;28,992487292577643;-21,631950263099498;0,9999999999999999;0,0002560853629016675;;0,3170662654122634;0,9997439146370983;0,624013170149524;0,05892056443821287;;
SIGMA;1100,0;32,5;47,5;20,0;P_PHASE + SIGMA;72,68440756340183;30,13818659748203;50,39868611318664;19,46312728933134;36,38035104787474;28,620464334964865;-7,4242509649555295;28,620464334964865;-21,196213370009318;0,9999999999999999;0,00027031553639807757;;0,3243253847029895;0,9997296844636018;0,6178159497834216;0,05785866551358954;;
SIGMA;1100,0;30,0;47,5;22,5;P_PHASE + SIGMA;98,24788591960218;29,844102761806283;47,63678980325803;22,519107434935695;32,516246613591015;25,858568025036256;-7,7183348006312755;25,858568025036256;-18,140233224404962;0,9999999999999998;0,00040681896369322747;;0,37522805303477413;0,9995931810363067;0,5718146787128988;0,052957268252327;;
SIGMA;1100,0;27,5;47,5;25,0;BCC_B2 + SIGMA;94,86598703515347;28,638226486675844;45,81827931803177;25,543494195292393;29,766671365250158;24,040057539809993;-8,924211075761715;24,040057539809993;-15,115846464048264;0,9999999999999999;0,00047430046437268216;;0,4256195031516791;0,9995256995356273;0,5415211665148342;0,03285933033348611;;
SIGMA;1100,0;25,0;47,5;27,5;BCC_B2 + SIGMA;85,40330161651664;28,32721758701305;43,064230286122125;28,608552126864822;26,145840021834008;21,28600850790035;-9,23521997542451;21,28600850790035;-12,050788532475835;1,0;0,0006962808744510331;;0,4766544730312025;0,9993037191255489;0,49566967829635805;0,02767584867243971;;
SIGMA;1100,0;22,5;47,5;30,0;BCC_B2 + SIGMA;75,65442440376229;28,170110967415223;41,12899486197201;30,700894170612763;23,70314059940609;19,350773083750234;-9,392326595022336;19,350773083750234;-9,958446488727894;1,0;0,0009162813674251389;;0,5114779514285629;0,9990837186325747;0,46346464355896155;0,02505740501247612;;
SIGMA;1100,0;20,0;47,5;32,5;BCC_B2 + SIGMA;65,85318814811454;28,105864453691765;39,99066485521504;31,903470691093204;22,311098509365948;18,21244307699326;-9,456573108745793;18,21244307699326;-8,755869968247453;1,0;0,0010802667213005025;;0,5314844522468201;0,9989197332786995;0,4445289179694286;0,023986629783751667;;
SIGMA;1100,0;17,5;47,5;35,0;BCC_B2 + SIGMA;56,12091908538353;28,079601210975408;39,310453869799865;32,60994491922472;21,496421077997358;17,532232091578088;-9,48283635146215;17,532232091578088;-8,049395740115934;0,9999999999999999;0,001193767173502859;;0,5432338003929669;0,9988062328264972;0,4332172905352204;0,023548909071812226;;
SIGMA;1100,0;15,0;47,5;37,5;BCC_B2 + SIGMA;46,45110394779714;28,067949456728336;38,86308920348423;33,068961339787435;20,967876801024683;17,084867425262452;-9,494488105709223;17,084867425262452;-7,590379319553222;1,0;0,0012757856688877733;;0,5508658477367043;0,9987242143311122;0,42577943909560095;0,023354713167694417;;
SIGMA;1100,0;42,5;50,0;7,5;BCC_B2 + FCC_A1 + SIGMA;14,886204009909559;30,05642167556833;53,16929493088062;16,774283393551055;40,15265506488407;31,39107315265884;-7,506015886869228;31,39107315265884;-23,8850572657896;1,0;0,00017021135615637476;;0,2795335651467051;0,9998297886438436;0,6639705180382676;0,056495916815027816;;
SIGMA;1100,0;40,0;50,0;10,0;BCC_B2 + FCC_A1 + SIGMA;38,056529743084795;30,05642167556881;53,16929493087401;16,774283393557187;40,15265506487517;31,391073152652233;-7,506015886868749;31,391073152652233;-23,88505726578347;0,9999999999999999;0,0001702113561565716;;0,2795335651468072;0,9998297886438434;0,6639705180381572;0,05649591681503587;;
SIGMA;1100,0;37,5;50,0;12,5;BCC_B2 + FCC_A1 + SIGMA;61,22685540590561;30,056421675568796;53,169294930872866;16,774283393558335;40,15265506487359;31,39107315265109;-7,506015886868763;31,39107315265109;-23,885057265782322;1,0;0,00017021135615660337;;0,2795335651468263;0,9998297886438433;0,6639705180381382;0,05649591681503555;;
SIGMA;1100,0;35,0;50,0;15,0;FCC_A1 + SIGMA;76,96927466338306;30,115659174851604;52,20276426647713;17,681576558671267;38,84694244132327;30,424542488255355;-7,446778387585955;30,424542488255355;-22,97776410066939;1,0;0,00020097333577500905;;0,29464828190323783;0,9997990266642249;0,6478685096270136;0,0574832084697491;;
SIGMA;1100,0;32,5;50,0;17,5;FCC_A1 + SIGMA;89,3842676938502;30,188231589387275;50,99957602592082;18,812192384691908;37,22316947194283;29,22135424769904;-7,374205973050284;29,22135424769904;-21,84714827464875;1,0;0,00024642436232867376;;0,31348177877545885;0,9997535756376713;0,6278254725125312;0,058692748712010134;;
SIGMA;1100,0;30,0;50,0;20,0;SIGMA;100,0;30,00000000001593;49,999999999574676;20,000000000409408;35,783621732889536;28,2217782213529;-7,5624375624216285;28,2217782213529;-20,65934065893125;0,9999999999999999;0,0002843768345506689;;0,33327013848803433;0,9997156231654496;0,6111743059561443;0,05555555555582083;;
SIGMA;1100,0;27,5;50,0;22,5;BCC_B2 + SIGMA;93,37609181953796;28,927726238752914;47,82442749715366;23,24784626409343;32,49804931179737;26,04620571893188;-8,634711323684645;26,04620571893188;-17,411494395247228;0,9999999999999999;0,00035933647790864547;;0,38738425185091074;0,9996406635220915;0,5749314219476516;0,03768432620143747;;
SIGMA;1100,0;25,0;50,0;25,0;BCC_B2 + SIGMA;84,2559179010459;28,525090444094754;44,91227828232794;26,56263127357732;28,558281264446986;23,134056504106162;-9,037347118342804;23,134056504106162;-14,096709385763337;1,0;0,0005378426379336107;;0,4425910006400811;0,9994621573620662;0,5264352697361174;0,030973729623801335;;
SIGMA;1100,0;22,5;50,0;27,5;BCC_B2 + SIGMA;74,77067796332489;28,28007815653033;42,548627816707786;29,17129402676187;25,486215462016233;20,77040603848601;-9,28235940590723;20,77040603848601;-11,488046632578786;1,0;0,0007487380096195874;;0,4860218475550047;0,9992512619903806;0,4870879609472675;0,026890191497727735;;
SIGMA;1100,0;20,0;50,0;30,0;BCC_B2 + SIGMA;65,02501103630274;28,161252284701124;40,993391007482195;30,845356707816688;23,535490097642214;19,215169229260418;-9,401185277736435;19,215169229260418;-9,81398395152397;1,0;0,0009342943664289629;;0,5138816574932937;0,9990657056335711;0,4612085822061317;0,024909760300574176;;
SIGMA;1100,0;17,5;50,0;32,5;BCC_B2 + SIGMA;55,258607056340125;28,108532829406762;40,0482775935216;31,843189577071644;22,380700929613127;18,27005581529982;-9,453904733030797;18,27005581529982;-8,816151082269013;0,9999999999999998;0,0010712254892735484;;0,5304817761758001;0,9989287745107265;0,4454871211118653;0,02403110271233516;;
SIGMA;1100,0;15,0;50,0;35,0;BCC_B2 + SIGMA;45,54917333533183;28,084049551183337;39,44638691477907;32,4695635340376;21,658170466285547;17,668165136557292;-9,478388011254221;17,668165136557292;-8,18977712530306;1,0;0,001170047636642098;;0,5408993816480393;0,9988299523633579;0,43547757027668255;0,023623048075277663;;
SIGMA;1100,0;40,0;52,5;7,5;BCC_B2 + FCC_A1 + SIGMA;14,222435877454034;30,056421675568522;53,16929493087813;16,774283393553347;40,152655064880726;31,391073152656354;-7,5060158868690365;31,391073152656354;-23,88505726578731;1,0;0,00017021135615644868;;0,2795335651467432;0,9998297886438436;0,6639705180382258;0,05649591681503097;;
SIGMA;1100,0;37,5;52,5;10,0;BCC_B2 + FCC_A1 + SIGMA;37,392761579119565;30,05642167556857;53,16929493087652;16,774283393554924;40,15265506487852;31,39107315265474;-7,50601588686899;31,39107315265474;-23,885057265785733;0,9999999999999999;0,00017021135615649576;;0,27953356514676947;0,9998297886438434;0,6639705180381991;0,056495916815031716;;
SIGMA;1100,0;35,0;52,5;12,5;BCC_B2 + FCC_A1 + SIGMA;60,56308730996999;30,05642167556863;53,16929493087641;16,774283393554967;40,152655064878395;31,391073152654634;-7,50601588686893;31,391073152654634;-23,88505726578569;1,0;0,00017021135615650105;;0,2795335651467702;0,9998297886438434;0,6639705180381972;0,05649591681503279;;
SIGMA;1100,0;32,5;52,5;15,0;BCC_B2 + FCC_A1 + SIGMA;83,73341304074732;30,05642167556867;53,16929493087607;16,77428339355526;40,15265506487795;31,391073152654293;-7,506015886868887;31,391073152654293;-23,885057265785395;0,9999999999999999;0,00017021135615651135;;0,279533565146775;0,9998297886438435;0,6639705180381913;0,05649591681503327;;
SIGMA;1100,0;30,0;52,5;17,5;SIGMA;100,00000000000003;30,000000000018673;52,499999999651436;17,50000000032989;39,2093506543057;30,72177822142966;-7,562437562418886;30,72177822142966;-23,159340659010766;1,0;0,00018933856146999847;;0,2916245914362828;0,9998106614385301;0,6528198530078508;0,05555555555586699;;
SIGMA;1100,0;27,5;52,5;20,0;BCC_B2 + SIGMA;91,44360736943922;29,265896543703303;49,771088973719976;20,963014482576728;35,21900724838529;27,9928671954982;-8,296541018734256;27,9928671954982;-19,69632617676393;1,0;0,00027435123933574636;;0,34932260776753743;0,9997256487606642;0,6073568942818519;0,04332049795061051;;
SIGMA;1100,0;25,0;52,5;22,5;BCC_B2 + SIGMA;82,75270322141436;28,775655039822656;46,818516619854314;24,405828340323026;31,11913519942477;25,040294841632537;-8,786782522614903;25,040294841632537;-16,25351231901763;1,0;0,0004129730960050025;;0,40667203387293815;0,9995870269039949;0,5581781599077951;0,03514980621926639;;
SIGMA;1100,0;22,5;52,5;25,0;BCC_B2 + SIGMA;73,67633350429247;28,438384078432907;44,152602833744;27,4090130878231;27,557802168337144;22,37438105552222;-9,124053484004651;22,37438105552222;-13,250327571517555;0,9999999999999999;0,0005978592446976594;;0,45668402718711876;0,9994021407553023;0,5137873492834436;0,02952862352943719;;
SIGMA;1100,0;20,0;52,5;27,5;BCC_B2 + SIGMA;64,13886926996962;28,24799217871546;42,17207606662019;29,579931754664358;25,00842832366298;20,393854288398416;-9,314445383722099;20,393854288398416;-11,0794089046763;1,0;0,000789698508059445;;0,49282337402039256;0,9992103014919406;0,48082120077879403;0,026355425200813125;;
SIGMA;1100,0;17,5;52,5;30,0;BCC_B2 + SIGMA;54,401060090684815;28,155177774482375;40,89754759963199;30,94727462588562;23,417288126969638;19,119325821410214;-9,407259787955184;19,119325821410214;-9,712066033455038;0,9999999999999999;0,0009472595452658335;;0,515577408310257;0,9990527404547341;0,45961407322614817;0,024808518463595417;;
SIGMA;1100,0;15,0;52,5;32,5;BCC_B2 + SIGMA;44,660278228717594;28,11053128023752;40,090518907820936;31,798949811941533;22,431791825418056;18,31229712959916;-9,451906282200039;18,31229712959916;-8,860390847399124;1,0;0,0010646502940322578;;0,5297459079114627;0,9989353497059679;0,446189681862356;0,024064410226180784;;
SIGMA;1100,0;37,5;55,0;7,5;BCC_B2 + FCC_A1 + SIGMA;13,558667744849654;30,056421675568654;53,16929493087589;16,774283393555432;40,15265506487771;31,391073152654116;-7,506015886868905;31,391073152654116;-23,885057265785225;0,9999999999999998;0,00017021135615651625;;0,27953356514677796;0,9998297886438435;0,6639705180381886;0,056495916815033284;;
SIGMA;1100,0;35,0;55,0;10,0;BCC_B2 + FCC_A1 + SIGMA;36,728993452554796;30,05642167556855;53,16929493087816;16,774283393553283;40,15265506488078;31,391073152656382;-7,506015886869008;31,391073152656382;-23,885057265787374;1,0;0,00017021135615644863;;0,2795335651467422;0,9998297886438435;0,6639705180382263;0,05649591681503135;;
SIGMA;1100,0;32,5;55,0;12,5;BCC_B2 + FCC_A1 + SIGMA;59,89931914715556;30,056421675568732;53,16929493087463;16,774283393556637;40,152655064875994;31,39107315265285;-7,506015886868827;31,39107315265285;-23,88505726578402;1,0;0,00017021135615655398;;0,2795335651467981;0,9998297886438433;0,6639705180381679;0,05649591681503462;;
SIGMA;1100,0;30,0;55,0;15,0;BCC_B2 + FCC_A1 + SIGMA;83,06964485371766;30,05642167556884;53,16929493087324;16,774283393557912;40,15265506487413;31,391073152651465;-7,50601588686872;31,391073152651465;-23,885057265782745;1,0;0,00017021135615659128;;0,27953356514681943;0,9998297886438434;0,6639705180381449;0,05649591681503639;;
SIGMA;1100,0;25,0;55,0;20,0;BCC_B2 + SIGMA;80,742895837271;29,078492626687474;48,736487541895535;22,18501983141698;33,76427023808983;26,958265763673758;-8,483944935750085;26,958265763673758;-18,474320827923677;0,9999999999999998;0,0003167164333495059;;0,3696799490939831;0,9996832835666505;0,5901229515723366;0,040197099333680174;;
SIGMA;1100,0;22,5;55,0;22,5;BCC_B2 + SIGMA;72,2391092052043;28,648857295422868;45,89925052368537;25,45189218089178;29,87544861823286;24,12102874546359;-8,91358026701469;24,12102874546359;-15,207448478448878;1,0;0,00046900908773547535;;0,42409397877314386;0,9995309909122645;0,5428695107475859;0,03303651047927001;;
SIGMA;1100,0;20,0;55,0;25,0;BCC_B2 + SIGMA;63,09387763071196;28,374194534106927;43,54293169420642;28,082873771686668;26,76366804178538;21,764709915984646;-9,188243028330632;21,764709915984646;-12,57646688765399;0,9999999999999998;0,000651048093471164;;0,4679032188406731;0,9993489519065287;0,5036379833686564;0,028458797790671182;;
SIGMA;1100,0;17,5;55,0;27,5;BCC_B2 + SIGMA;53,50850222539627;28,225616868989288;41,89408091047688;29,880302220533828;24,657892832835696;20,115859132255103;-9,33682069344827;20,115859132255103;-10,779038438806829;1,0;0,0008214756587241362;;0,49782248686251424;0,999178524341276;0,47619500976544277;0,02598250337204405;;
SIGMA;1100,0;15,0;55,0;30,0;BCC_B2 + SIGMA;43,78081070746192;28,15078509028864;40,82664431419925;31,02257059551211;23,330000870740303;19,048422535977473;-9,41165247214892;19,048422535977473;-9,636770063828546;1,0;0,0009569779917938674;;0,5168301814825811;0,9990430220082063;0,4584345114570528;0,024735307060366203;;
SIGMA;1100,0;35,0;57,5;7,5;BCC_B2 + FCC_A1 + SIGMA;12,894899603063886;30,056421675568863;53,169294930872404;16,774283393558733;40,15265506487299;31,391073152650627;-7,5060158868686955;31,391073152650627;-23,885057265781924;0,9999999999999999;0,00017021135615661977;;0,279533565146833;0,9998297886438434;0,6639705180381303;0,05649591681503665;;
SIGMA;1100,0;32,5;57,5;10,0;BCC_B2 + FCC_A1 + SIGMA;36,06522531791666;30,056421675568533;53,16929493087754;16,774283393553926;40,15265506487992;31,391073152655764;-7,506015886869026;31,391073152655764;-23,88505726578673;0,9999999999999999;0,00017021135615646413;;0,27953356514675287;0,9998297886438433;0,6639705180382159;0,05649591681503113;;
SIGMA;1100,0;30,0;57,5;12,5;BCC_B2 + FCC_A1 + SIGMA;59,235551033680856;30,056421675568757;53,169294930874536;16,774283393556722;40,152655064875866;31,39107315265276;-7,506015886868802;31,39107315265276;-23,885057265783935;0,9999999999999999;0,0001702113561565534;;0,2795335651467994;0,9998297886438434;0,6639705180381656;0,05649591681503478;;
SIGMA;1100,0;27,5;57,5;15,0;BCC_B2 + FCC_A1 + SIGMA;82,40587672322823;30,056421675568696;53,16929493087548;16,77428339355582;40,15265506487715;31,391073152653703;-7,5060158868688625;31,391073152653703;-23,885057265784837;1,0;0,00017021135615652663;;0,27953356514678435;0,9998297886438435;0,6639705180381814;0,05649591681503375;;
SIGMA;1100,0;22,5;57,5;20,0;BCC_B2 + SIGMA;70,28850223817801;28,91373435321044;47,73572670506738;23,350538941722196;32,375712287582814;25,9575049268456;-8,648703209227119;25,9575049268456;-17,30880171761846;1,0;0,00036377249722794664;;0,3890948106959859;0,9996362275027719;0,5734540611949512;0,03745112810906277;;
SIGMA;1100,0;20,0;57,5;22,5;BCC_B2 + SIGMA;61,75216783778755;28,54728413287919;45,09690149810531;26,355814369015505;28,803206064169462;23,318679719883534;-9,015153429558367;23,318679719883534;-14,303526290325152;0,9999999999999999;0,0005242205409739604;;0,4391470793633753;0,9994757794590261;0,5295092961997492;0,03134362443687538;;
SIGMA;1100,0;17,5;57,5;25,0;BCC_B2 + SIGMA;52,499844354882;28,327273885141807;43,06482325934541;28,607902855512776;26,146602148312684;21,286601481123633;-9,235163677295752;21,286601481123633;-12,05143780382788;0,9999999999999999;0,000696222838023842;;0,4766436647389854;0,9993037771619762;0,4956795482864288;0,02767678697458566;;
SIGMA;1100,0;15,0;57,5;27,5;BCC_B2 + SIGMA;42,88027990642729;28,20949872563717;41,68437582725008;30,106125447112756;24,394728636001943;19,906154049028302;-9,352938836800387;19,906154049028302;-10,5532152122279;1,0;0,0008463565979322151;;0,5015806782078944;0,9991536434020679;0,4727054541425974;0,025713867649508417;;
SIGMA;1100,0;32,5;60,0;7,5;BCC_B2 + FCC_A1 + SIGMA;12,2311314647569;30,0564216755687;53,16929493087452;16,77428339355678;40,15265506487583;31,391073152652744;-7,506015886868859;31,391073152652744;-23,885057265783878;1,0;0,00017021135615655504;;0,27953356514680044;0,9998297886438433;0,663970518038166;0,056495916815034034;;
SIGMA;1100,0;30,0;60,0;10,0;BCC_B2 + FCC_A1 + SIGMA;35,40145717474483;30,05642167556868;53,169294930874635;16,77428339355669;40,15265506487597;31,391073152652858;-7,50601588686888;31,391073152652858;-23,885057265783967;1,0;0,0001702113561565512;;0,279533565146799;0,9998297886438434;0,6639705180381678;0,056495916815033596;;
SIGMA;1100,0;27,5;60,0;12,5;BCC_B2 + FCC_A1 + SIGMA;58,57178288948326;30,05642167556868;53,16929493087548;16,774283393555855;40,15265506487714;31,391073152653703;-7,50601588686888;31,391073152653703;-23,885057265784802;0,9999999999999997;0,00017021135615652864;;0,27953356514678485;0,9998297886438435;0,6639705180381811;0,05649591681503337;;
SIGMA;1100,0;25,0;60,0;15,0;BCC_B2 + SIGMA;73,25010670469398;29,83688098813416;52,37233140642478;17,790787605441064;38,96991772000919;30,594109628203;-7,7255565743034005;30,594109628203;-22,868553053899593;0,9999999999999999;0,00019053406595915048;;0,29647078585380454;0,9998094659340409;0,6506923087884038;0,05283690535779145;;
SIGMA;1100,0;22,5;60,0;17,5;BCC_B2 + SIGMA;67,52579838024221;29,23413047364047;49,6027625618465;21,163106964513037;34,98097907532371;27,82454078362472;-8,32830708879709;27,82454078362472;-19,49623369482762;0,9999999999999998;0,0002808473094408159;;0,35265603889534153;0,9997191526905592;0,6045528976550951;0,042791063449563516;;
SIGMA;1100,0;20,0;60,0;20,0;BCC_B2 + SIGMA;59,93297420398792;28,77323127639171;46,8016869440071;24,425081779601193;31,096223523385266;25,023465165785325;-8,78920628604585;25,023465165785325;-16,234258879739464;1,0;0,0004139356046209719;;0,40699271063677095;0,999586064395379;0,5578978792011456;0,035109410162084215;;
SIGMA;1100,0;17,5;60,0;22,5;BCC_B2 + SIGMA;51,25115371762836;28,468429607450794;44,42330947965135;27,108260912897848;27,912949324377244;22,645087701429574;-9,094007954986765;22,645087701429574;-13,55107974644281;1,0;0,0005757140856220814;;0,45167641208482584;0,9994242859143779;0,5182942055687719;0,03002938234640225;;
SIGMA;1100,0;15,0;60,0;25,0;BCC_B2 + SIGMA;41,89549136929837;28,292789264880884;42,69166461412794;29,015546120991182;25,668588236644553;20,91344283590616;-9,269648297556675;20,91344283590616;-11,643794538349475;1,0;0,0007337777604877906;;0,48342937362530036;0,9992662222395122;0,48946858307112995;0,027102043303570467;;
SIGMA;1100,0;30,0;62,5;7,5;BCC_B2 + FCC_A1 + SIGMA;11,567363330535304;30,056421675568785;53,16929493087411;16,77428339355712;40,15265506487529;31,391073152652332;-7,506015886868774;31,391073152652332;-23,885057265783537;1,0;0,0001702113561565678;;0,27953356514680605;0,9998297886438434;0,6639705180381585;0,0564959168150352;;
SIGMA;1100,0;27,5;62,5;10,0;BCC_B2 + FCC_A1 + SIGMA;34,73768903985207;30,056421675568746;53,16929493087389;16,77428339355736;40,152655064874985;31,391073152652112;-7,506015886868813;31,391073152652112;-23,885057265783296;1,0;0,00017021135615657342;;0,2795335651468102;0,9998297886438434;0,6639705180381553;0,056495916815034755;;
SIGMA;1100,0;25,0;62,5;12,5;BCC_B2 + FCC_A1 + SIGMA;57,90801475353864;30,0564216755687;53,16929493087511;16,774283393556182;40,15265506487665;31,391073152653334;-7,506015886868859;31,391073152653334;-23,885057265784475;1,0;0,00017021135615653672;;0,27953356514679034;0,9998297886438434;0,6639705180381752;0,05649591681503375;;
SIGMA;1100,0;22,5;62,5;15,0;BCC_B2 + SIGMA;63,25300579831347;29,606706061209668;51,415814517303204;18,977479421487132;37,57370987572051;29,637592739081427;-7,955731501227891;29,637592739081427;-21,681861237853525;0,9999999999999999;0,00021802581748153535;;0,3162428735097896;0,9997819741825185;0,6347564699144937;0,049000656575716645;;
SIGMA;1100,0;20,0;62,5;17,5;BCC_B2 + SIGMA;57,35917594947756;29,056052131383563;48,6055426087826;22,33840525983385;33,58154865339584;26,827320830560822;-8,506385431053996;26,827320830560822;-18,32093539950681;1,0;0,00032251420067464935;;0,3722350845081919;0,9996774857993252;0,5879418244131931;0,03982309107861488;;
SIGMA;1100,0;17,5;62,5;20,0;BCC_B2 + SIGMA;49,588042828527705;28,657400615791808;45,96385182630145;25,37874755790675;29,962324832617544;24,185630048079673;-8,905036946645751;24,185630048079673;-15,280593101433908;1,0;0,0004648305969379002;;0,4228758302769042;0,9995351694030622;0,5439452705710105;0,03317889915208585;;
SIGMA;1100,0;15,0;62,5;22,5;BCC_B2 + SIGMA;40,72332734985945;28,4082418628708;43,87201919007192;27,719738947057277;27,191330887883538;22,09379741185014;-9,15419569956676;22,09379741185014;-12,93960171228338;0,9999999999999998;0,0006217502435796239;;0,46185748239682595;0,9993782497564204;0,5091162643331054;0,02902625327006904;;
SIGMA;1100,0;27,5;65,0;7,5;BCC_B2 + FCC_A1 + SIGMA;10,903595194940168;30,05642167556872;53,16929493087446;16,774283393556818;40,15265506487575;31,39107315265268;-7,506015886868838;31,39107315265268;-23,88505726578384;1,0;0,00017021135615655715;;0,2795335651468011;0,9998297886438434;0,6639705180381648;0,05649591681503438;;
SIGMA;1100,0;25,0;65,0;10,0;BCC_B2 + FCC_A1 + SIGMA;34,073920908350885;30,056421675568647;53,169294930874955;16,774283393556395;40,15265506487641;31,391073152653178;-7,506015886868912;31,391073152653178;-23,885057265784262;0,9999999999999997;0,0001702113561565419;;0,27953356514679395;0,9998297886438434;0,6639705180381729;0,05649591681503298;;
SIGMA;1100,0;22,5;65,0;12,5;BCC_B2 + SIGMA;55,44996452162998;30,00222192502345;52,98361445473623;17,01416362024033;39,87515253626072;31,20539267651445;-7,56021563741411;31,20539267651445;-23,64517703910033;1,0;0,00017474466660967336;;0,2835305615225367;0,9998252553333903;0,6608768508381838;0,055592587639279836;;
SIGMA;1100,0;20,0;65,0;15,0;BCC_B2 + SIGMA;53,487757061971394;29,395782003911695;50,43165708759093;20,172560908497385;36,15828760601594;28,65343530936915;-8,166655558525864;28,65343530936915;-20,486779750843272;0,9999999999999999;0,00025023117543403054;;0,33615374154708216;0,9997497688245659;0,6183610028321676;0,04548525562075061;;
SIGMA;1100,0;17,5;65,0;17,5;BCC_B2 + SIGMA;47,25243756604406;28,901426556970033;47,657092201471976;23,441481241558005;32,26737871211001;25,8788704232502;-8,661011005467525;25,8788704232502;-17,217859417782652;0,9999999999999999;0,00036775059556225177;;0,39060963167139745;0,9996322494044376;0,5721443701568802;0,03724599817172298;;
SIGMA;1100,0;15,0;65,0;20,0;BCC_B2 + SIGMA;39,20906485431285;28,56464033941068;45,23879952218038;26,19656013840895;28,991914102792133;23,460577743958602;-8,997797223026879;23,460577743958602;-14,462780520931705;1,0;0,0005139923731027257;;0,4364951151127927;0,9994860076268973;0,531871990341473;0,03163289454573327;;
SIGMA;1100,0;25,0;67,5;7,5;BCC_B2 + FCC_A1 + SIGMA;10,239825521725807;30,056421675568696;53,16929493087553;16,774283393555773;40,15265506487722;31,391073152653753;-7,5060158868688625;31,391073152653753;-23,885057265784884;0,9999999999999999;0,00017021135615652644;;0,27953356514678374;0,9998297886438434;0,6639705180381829;0,05649591681503411;;
SIGMA;1100,0;22,5;67,5;10,0;BCC_B2 + FCC_A1 + SIGMA;33,41015277837792;30,0564216755687;53,169294930875196;16,774283393556104;40,15265506487676;31,39107315265342;-7,506015886868859;31,39107315265342;-23,885057265784553;1,0;0,00017021135615653618;;0,2795335651467892;0,9998297886438435;0,6639705180381771;0,05649591681503388;;
SIGMA;1100,0;17,5;67,5;15,0;BCC_B2 + SIGMA;43,79654549243696;29,2046767104046;49,44420536241702;21,351117927178382;34,757247865956295;27,665983584195246;-8,35776085203296;27,665983584195246;-19,308222732162275;1,0;0,0002871025334372081;;0,3557881648899871;0,9997128974665627;0,6019116677143811;0,04230016739563231;;
SIGMA;1100,0;15,0;67,5;17,5;BCC_B2 + SIGMA;37,11998250245729;28,77117296076922;46,78737360799495;24,441453431235825;31,07674169993887;25,009151829773174;-8,791264601668338;25,009151829773174;-16,217887228104832;0,9999999999999999;0,00041475597740262427;;0,4072653891922854;0,9995852440225973;0,5576595059060053;0,03507510490170929;;
SIGMA;1100,0;22,5;70,0;7,5;BCC_B2 + FCC_A1 + SIGMA;9,576057715264103;30,056421675568686;53,1692949308751;16,77428339355622;40,15265506487661;31,39107315265332;-7,506015886868873;31,39107315265332;-23,885057265784436;0,9999999999999996;0,0001702113561565388;;0,27953356514679106;0,9998297886438433;0,6639705180381753;0,056495916815033694;;
SIGMA;1100,0;20,0;70,0;10,0;BCC_B2 + FCC_A1 + SIGMA;32,74638330508889;30,056421675568682;53,16929493087488;16,774283393556434;40,15265506487632;31,3910731526531;-7,506015886868877;31,3910731526531;-23,885057265784223;0,9999999999999997;0,00017021135615654482;;0,2795335651467946;0,9998297886438435;0,6639705180381714;0,056495916815033645;;
SIGMA;1100,0;17,5;70,0;12,5;BCC_B2 + SIGMA;38,278537859657106;29,561693220694835;51,21459656659619;19,223710212708973;37,28268127895493;29,436374788374415;-8,000744341742724;29,436374788374415;-21,435630446631684;0,9999999999999999;0,00022427088222249487;;0,32034533223798894;0,9997757291177775;0,6314042251948747;0,04825044256713613;;
SIGMA;1100,0;15,0;70,0;15,0;BCC_B2 + SIGMA;34,075116078806694;29,035682538960888;48,485280502746356;22,47903695829275;33,414008732983916;26,70705872452458;-8,526755023476671;26,70705872452458;-18,180303701047908;0,9999999999999999;0,00032793076285504767;;0,37457774246868913;0,9996720692371449;0,5859386596597405;0,03948359787157039;;
SIGMA;1100,0;20,0;72,5;7,5;BCC_B2 + FCC_A1 + SIGMA;8,91228981375371;30,0564216755687;53,169294930875076;16,77428339355622;40,1526550648766;31,3910731526533;-7,506015886868859;31,3910731526533;-23,885057265784436;0,9999999999999998;0,00017021135615654138;;0,2795335651467912;0,9998297886438434;0,6639705180381752;0,0564959168150341;;
SIGMA;1100,0;17,5;72,5;10,0;BCC_B2 + SIGMA;28,553484731584632;29,93345375271259;52,73734717092376;17,32919907636365;39,509041311221964;30,959125392701985;-7,628983809724968;30,959125392701985;-23,330141582977006;1,0;0,00018094525129818575;;0,28877977455021664;0,9998190547487018;0,6567737740156842;0,05444645143409852;;
SIGMA;1100,0;15,0;72,5;12,5;BCC_B2 + SIGMA;29,35469274274923;29,36006862646127;50,25434472525932;20,38558664827941;35,905341329079285;28,476122947037545;-8,202368935976288;28,476122947037545;-20,273754011061246;1,0;0,00025649733301703344;;0,3397027780639864;0,9997435026669831;0,6154071892727704;0,04489003266324339;;
SIGMA;1100,0;17,5;75,0;7,5;BCC_B2 + FCC_A1 + SIGMA;8,248521875532319;30,0564216755689;53,16929493087187;16,774283393559237;40,15265506487226;31,391073152650094;-7,50601588686866;31,391073152650094;-23,88505726578142;1,0;0,00017021135615663638;;0,2795335651468414;0,9998297886438433;0,6639705180381215;0,05649591681503723;;
SIGMA;1100,0;15,0;77,5;7,5;BCC_B2 + FCC_A1 + SIGMA;7,584753868613136;30,05642167556858;53,169294930877264;16,77428339355416;40,15265506487955;31,391073152655487;-7,50601588686898;31,391073152655487;-23,885057265786497;1,0;0,0001702113561564745;;0,2795335651467568;0,9998297886438435;0,6639705180382115;0,056495916815031993;;
SIGMA;1250,0;15,0;5,0;80,0;BCC_B2 + FCC_A1 + SIGMA;1,1819014285185345;34,02877415852411;14,077644148913581;51,89358169256231;14,071028550524659;11,23424103322165;-3,533663403913451;-7,700577629308196;11,23424103322165;1,0;0,18245874834141695;;0,8243466396890564;0,8175412516585844;0,05295156877998525;0,12270179153095699;;
SIGMA;1250,0;40,0;7,5;52,5;BCC_B2 + FCC_A1 + SIGMA;2,935166208627467;34,02877415852303;14,077644148916294;51,89358169256069;14,071028550522152;11,23424103322003;-3,533663403914531;-7,700577629305483;11,23424103322003;1,0;0,1824587483413241;;0,8243466396890495;0,817541251658677;0,05295156878000972;0,12270179153093863;;
SIGMA;1250,0;37,5;7,5;55,0;BCC_B2 + FCC_A1 + SIGMA;6,156591241357928;34,0287741585226;14,077644148916308;51,893581692561085;14,071028550522568;11,234241033220428;-3,5336634039149573;-7,700577629305469;11,234241033220428;1,0;0,1824587483413204;;0,8243466396890579;0,817541251658681;0,05295156878000928;0,12270179153093211;;
SIGMA;1250,0;35,0;7,5;57,5;BCC_B2 + FCC_A1 + SIGMA;9,378016303544227;34,02877415852273;14,077644148916047;51,89358169256122;14,071028550522788;11,234241033220563;-3,5336634039148294;-7,70057762930573;11,234241033220563;0,9999999999999999;0,18245874834132844;;0,8243466396890582;0,817541251658671;0,05295156878000716;0,12270179153093438;;
SIGMA;1250,0;32,5;7,5;60,0;BCC_B2 + FCC_A1 + SIGMA;12,599441324363386;34,02877415852398;14,077644148913974;51,89358169256205;14,071028550524272;11,234241033221394;-3,533663403913579;-7,700577629307803;11,234241033221394;1,0;0,18245874834140408;;0,8243466396890555;0,8175412516585959;0,052951568779989334;0,12270179153095521;;
SIGMA;1250,0;30,0;7,5;62,5;BCC_B2 + FCC_A1 + SIGMA;15,820866415822396;34,02877415852379;14,07764414891428;51,893581692561945;14,071028550524067;11,234241033221288;-3,5336634039137707;-7,700577629307498;11,234241033221288;0,9999999999999999;0,1824587483413922;;0,8243466396890552;0,8175412516586078;0,05295156877999145;0,12270179153095126;;
SIGMA;1250,0;27,5;7,5;65,0;BCC_B2 + FCC_A1 + SIGMA;19,042291460550484;34,02877415852405;14,077644148913743;51,89358169256221;14,071028550524506;11,23424103322155;-3,5336634039135078;-7,700577629308034;11,23424103322155;1,0;0,18245874834141262;;0,8243466396890562;0,8175412516585874;0,052951568779987336;0,12270179153095634;;
SIGMA;1250,0;25,0;7,5;67,5;BCC_B2 + FCC_A1 + SIGMA;22,263716454644776;34,028774158523426;14,077644148914766;51,89358169256181;14,071028550523785;11,234241033221153;-3,533663403914133;-7,700577629307011;11,234241033221153;1,0;0,18245874834137515;;0,8243466396890576;0,8175412516586251;0,052951568779996044;0,12270179153094586;;
SIGMA;1250,0;22,5;7,5;70,0;BCC_B2 + FCC_A1 + SIGMA;25,485141499255736;34,02877415852406;14,077644148913787;51,893581692562165;14,071028550524446;11,234241033221508;-3,5336634039135006;-7,70057762930799;11,234241033221508;1,0;0,18245874834140982;;0,8243466396890565;0,8175412516585904;0,05295156877998756;0,12270179153095678;;
SIGMA;1250,0;20,0;7,5;72,5;BCC_B2 + FCC_A1 + SIGMA;28,70656654952138;34,02877415852406;14,077644148913956;51,89358169256199;14,071028550524211;11,23424103322133;-3,5336634039135006;-7,700577629307821;11,23424103322133;1,0;0,18245874834140763;;0,8243466396890528;0,8175412516585937;0,052951568779989314;0,122701791530956;;
SIGMA;1250,0;17,5;7,5;75,0;BCC_B2 + FCC_A1 + SIGMA;31,927991612033118;34,02877415852298;14,077644148915622;51,893581692561405;14,071028550523106;11,234241033220748;-3,5336634039145807;-7,700577629306155;11,234241033220748;0,9999999999999998;0,1824587483413425;;0,8243466396890586;0,8175412516586571;0,052951568780003296;0,12270179153093873;;
SIGMA;1250,0;15,0;7,5;77,5;BCC_B2 + FCC_A1 + SIGMA;35,149416657964096;34,02877415852386;14,0776441489141;51,89358169256204;14,071028550524222;11,23424103322138;-3,5336634039136996;-7,700577629307677;11,23424103322138;0,9999999999999999;0,18245874834139733;;0,8243466396890564;0,8175412516586019;0,052951568779990056;0,12270179153095301;;
SIGMA;1250,0;62,5;10,0;27,5;BCC_B2 + FCC_A1 + SIGMA;7,909856034702233;34,02877415852379;14,077644148914167;51,89358169256204;14,071028550524202;11,23424103322138;-3,5336634039137707;-7,70057762930761;11,23424103322138;0,9999999999999981;0,18245874834139625;;0,8243466396890574;0,8175412516586026;0,052951568779991215;0,12270179153095306;;
SIGMA;1250,0;60,0;10,0;30,0;BCC_B2 + FCC_A1 + SIGMA;11,131281087907423;34,02877415852383;14,077644148914127;51,893581692562044;14,07102855052422;11,234241033221387;-3,533663403913728;-7,70057762930765;11,234241033221387;0,9999999999999984;0,18245874834139897;;0,8243466396890565;0,8175412516585998;0,052951568779991055;0,12270179153095347;;
SIGMA;1250,0;57,5;10,0;32,5;BCC_B2 + FCC_A1 + SIGMA;14,35270610301994;34,028774158523674;14,077644148914416;51,893581692561916;14,071028550523998;11,23424103322126;-3,5336634039138843;-7,700577629307361;11,23424103322126;1,0;0,18245874834138798;;0,824346639689057;0,8175412516586122;0,052951568779993144;0,12270179153095005;;
SIGMA;1250,0;55,0;10,0;35,0;BCC_B2 + FCC_A1 + SIGMA;17,574131193575248;34,02877415852367;14,077644148914386;51,893581692561945;14,07102855052404;11,234241033221288;-3,5336634039138914;-7,700577629307391;11,234241033221288;1,0;0,18245874834138798;;0,8243466396890566;0,8175412516586116;0,05295156877999257;0,12270179153094962;;
SIGMA;1250,0;52,5;10,0;37,5;BCC_B2 + FCC_A1 + SIGMA;20,795556228653073;34,02877415852413;14,077644148913619;51,893581692562265;14,071028550524598;11,234241033221608;-3,5336634039134296;-7,7005776293081585;11,234241033221608;1,0;0,18245874834141643;;0,8243466396890562;0,8175412516585836;0,05295156877998611;0,12270179153095764;;
SIGMA;1250,0;50,0;10,0;40,0;BCC_B2 + FCC_A1 + SIGMA;24,0169812858724;34,02877415852501;14,077644148912052;51,89358169256294;14,071028550525774;11,234241033222283;-3,5336634039125485;-7,700577629309725;11,234241033222283;0,9999999999999999;0,18245874834147363;;0,8243466396890554;0,8175412516585268;0,052951568779972834;0,12270179153097288;;
SIGMA;1250,0;47,5;10,0;42,5;BCC_B2 + FCC_A1 + SIGMA;27,238406299952334;34,02877415852315;14,077644148915335;51,893581692561526;14,071028550523316;11,234241033220869;-3,53366340391441;-7,7005776293064425;11,234241033220869;0,9999999999999998;0,1824587483413531;;0,8243466396890576;0,8175412516586469;0,05295156878000058;0,12270179153094112;;
SIGMA;1250,0;45,0;10,0;45,0;BCC_B2 + FCC_A1 + SIGMA;30,459831369544776;34,02877415852287;14,07764414891597;51,89358169256116;14,071028550522747;11,234241033220506;-3,5336634039146873;-7,700577629305807;11,234241033220506;1,0;0,18245874834133233;;0,8243466396890559;0,8175412516586692;0,05295156878000617;0,12270179153093638;;
SIGMA;1250,0;42,5;10,0;47,5;BCC_B2 + FCC_A1 + SIGMA;33,681256436922524;34,02877415852394;14,077644148913917;51,89358169256215;14,071028550524394;11,234241033221494;-3,5336634039136214;-7,70057762930786;11,234241033221494;0,9999999999999983;0,18245874834140383;;0,8243466396890575;0,8175412516585928;0,05295156877998921;0,1227017915309555;;
SIGMA;1250,0;40,0;10,0;50,0;BCC_B2 + FCC_A1 + SIGMA;36,90268145819572;34,028774158523284;14,077644148915224;51,89358169256149;14,071028550523314;11,234241033220833;-3,533663403914275;-7,700577629306553;11,234241033220833;1,0;0,1824587483413574;;0,8243466396890562;0,8175412516586439;0,052951568779999424;0,1227017915309433;;
SIGMA;1250,0;37,5;10,0;52,5;BCC_B2 + FCC_A1 + SIGMA;40,124106495212146;34,028774158524264;14,077644148913421;51,89358169256231;14,071028550524707;11,23424103322165;-3,5336634039132946;-7,700577629308356;11,23424103322165;1,0;0,18245874834142378;;0,824346639689055;0,8175412516585757;0,05295156877998452;0,12270179153095971;;
SIGMA;1250,0;35,0;10,0;55,0;BCC_B2 + FCC_A1 + SIGMA;43,3455315555576;34,028774158523596;14,077644148914676;51,89358169256173;14,07102855052373;11,234241033221075;-3,5336634039139625;-7,7005776293071015;11,234241033221075;1,0;0,18245874834137857;;0,824346639689056;0,8175412516586219;0,0529515687799953;0,12270179153094886;;
SIGMA;1250,0;32,5;10,0;57,5;BCC_B2 + FCC_A1 + SIGMA;46,56695660251004;34,02877415852412;14,07764414891373;51,89358169256216;14,071028550524455;11,234241033221501;-3,5336634039134367;-7,700577629308047;11,234241033221501;1,0;0,18245874834141487;;0,824346639689054;0,8175412516585865;0,05295156877998721;0,12270179153095721;;
SIGMA;1250,0;30,0;10,0;60,0;BCC_B2 + FCC_A1 + SIGMA;49,788381626147014;34,028774158523746;14,077644148914324;51,89358169256194;14,07102855052405;11,23424103322128;-3,5336634039138133;-7,700577629307453;11,23424103322128;1,0;0,18245874834139056;;0,8243466396890561;0,8175412516586096;0,05295156877999201;0,12270179153095101;;
SIGMA;1250,0;27,5;10,0;62,5;BCC_B2 + FCC_A1 + SIGMA;53,009806698110694;34,028774158524136;14,077644148913691;51,89358169256218;14,07102855052449;11,234241033221522;-3,5336634039134225;-7,700577629308086;11,234241033221522;0,9999999999999999;0,18245874834141285;;0,8243466396890553;0,8175412516585878;0,052951568779986365;0,12270179153095767;;
SIGMA;1250,0;25,0;10,0;65,0;BCC_B2 + FCC_A1 + SIGMA;56,23123173627276;34,02877415852401;14,07764414891378;51,893581692562215;14,0710285505245;11,234241033221558;-3,5336634039135504;-7,700577629307997;11,234241033221558;0,9999999999999999;0,18245874834141093;;0,8243466396890562;0,817541251658589;0,05295156877998754;0,1227017915309554;;
SIGMA;1250,0;22,5;10,0;67,5;BCC_B2 + FCC_A1 + SIGMA;59,45265679808176;34,028774158523724;14,077644148914322;51,893581692561966;14,071028550524078;11,23424103322131;-3,5336634039138346;-7,700577629307455;11,23424103322131;0,9999999999999999;0,18245874834139045;;0,8243466396890571;0,8175412516586095;0,05295156877999219;0,12270179153095111;;
SIGMA;1250,0;20,0;10,0;70,0;BCC_B2 + SIGMA;57,38258489653657;33,67580040899932;14,565950929610674;51,75824866139001;13,795236786447967;11,098908002049356;-3,8866371534382367;-7,212270848611103;11,098908002049356;1,0;0,16466996217579769;;0,826044152761878;0,8353300378242021;0,057136951532577265;0,1168188957055438;;
SIGMA;1250,0;17,5;10,0;72,5;BCC_B2 + SIGMA;50,64812147472908;33,037929019253944;15,53001883558705;51,432052145159005;13,250001144391398;10,772711485818348;-4,5245085431836145;-6,248202942634727;10,772711485818348;0,9999999999999992;0,13357132429872073;;0,8275183525751569;0,8664286757012787;0,06629394154838901;0,10618770587645529;;
SIGMA;1250,0;15,0;10,0;75,0;BCC_B2 + SIGMA;43,60336352922039;32,43492236085221;16,566614740083708;50,99846289906409;12,662926547619342;10,33912223972343;-5,1275152015853465;-5,2116070381380695;10,33912223972343;1,0;0,10591753574241053;;0,8264371514860872;0,8940824642575901;0,07742525361081928;0,09613759490309177;;
SIGMA;1250,0;62,5;12,5;25,0;FCC_A1 + SIGMA;6,337097968849608;33,30814394003071;16,7783868598383;49,913469200131;11,346200178306773;9,25412854079034;-4,254293622406848;-4,999834918383478;9,25412854079034;0,9999999999999998;0,10837569218150658;;0,8078076661840704;0,8916243078184926;0,08150104592652874;0,1106912878894006;;
SIGMA;1250,0;60,0;12,5;27,5;FCC_A1 + SIGMA;14,671844077453915;33,38753542397981;16,394734966845427;50,217729609174775;11,737739877432672;9,558388949834118;-4,174902138457746;-5,3834868113763505;9,558388949834118;0,9999999999999996;0,116800489117357;;0,8110064959046113;0,8831995108826428;0,07697902480683645;0,1120144792885524;;
SIGMA;1250,0;57,5;12,5;30,0;FCC_A1 + SIGMA;22,987617180122736;33,47385069574583;16,009020013686918;50,51712929056726;12,131621007282444;9,857788631226605;-4,0885868666917276;-5,769201764534859;9,857788631226605;1,0;0,12591887652782496;;0,8139701822810488;0,8740811234721754;0,07257675056763181;0,11345306715131928;;
SIGMA;1250,0;55,0;12,5;32,5;FCC_A1 + SIGMA;31,294199601768426;33,567859290670214;15,621280109702779;50,81086059962702;12,52668924244762;10,151519940286363;-3,9945782717673453;-6,156941668518998;10,151519940286363;0,9999999999999992;0,135774923344431;;0,8166754714727997;0,8642250766555679;0,06830465146047589;0,11501987706672653;;
SIGMA;1250,0;52,5;12,5;35,0;FCC_A1 + SIGMA;39,602470454468154;33,67032517527135;15,23178847946213;51,09788634526652;12,92159292837393;10,43854568592586;-3,8921123871662076;-6,546433298759647;10,43854568592586;0,9999999999999999;0,14640453503426593;;0,8190970979690492;0,8535954649657341;0,0641752602208723;0,11672764181007789;;
SIGMA;1250,0;50,0;12,5;37,5;FCC_A1 + SIGMA;47,924411422630854;33,78196055415368;14,84110285761905;51,37693658822728;13,31474700561879;10,717595928886624;-3,7804770082838814;-6,937118920602726;10,717595928886624;1,0;0,15783051147950372;;0,821208829475009;0,8421694885204962;0,06020293906687375;0,11858823145811648;;
SIGMA;1250,0;47,5;12,5;40,0;FCC_A1 + SIGMA;56,27299358272994;33,90336359147738;14,450110937758808;51,64652547076382;13,704315411410999;10,987184811423163;-3,659073970960179;-7,328110840462969;10,987184811423163;0,9999999999999998;0,17005681672767903;;0,8229850207954681;0,8299431832723208;0,056403363791019914;0,12061161541351167;;
SIGMA;1250,0;45,0;12,5;42,5;BCC_B2 + FCC_A1 + SIGMA;64,42734661968525;34,02877415852421;14,077644148913587;51,89358169256221;14,071028550524552;11,23424103322155;-3,5336634039133514;-7,7005776293081905;11,23424103322155;1,0;0,1824587483414207;;0,824346639689054;0,8175412516585817;0,052951568779986;0,12270179153095873;;
SIGMA;1250,0;42,5;12,5;45,0;BCC_B2 + FCC_A1 + SIGMA;67,64877168774406;34,02877415852322;14,077644148915368;51,89358169256142;14,071028550523195;11,234241033220762;-3,533663403914339;-7,700577629306409;11,234241033220762;0,9999999999999999;0,182458748341354;;0,8243466396890562;0,8175412516586458;0,05295156878000154;0,12270179153094257;;
SIGMA;1250,0;40,0;12,5;47,5;BCC_B2 + FCC_A1 + SIGMA;70,87019668194067;34,02877415852357;14,07764414891468;51,89358169256176;14,071028550523756;11,234241033221103;-3,533663403913991;-7,700577629307096;11,234241033221103;1,0;0,18245874834137998;;0,824346639689056;0,81754125165862;0,05295156877999576;0,1227017915309482;;
SIGMA;1250,0;37,5;12,5;50,0;BCC_B2 + FCC_A1 + SIGMA;74,0916217798293;34,028774158523845;14,077644148913945;51,89358169256221;14,071028550524447;11,23424103322155;-3,533663403913714;-7,700577629307832;11,23424103322155;1,0;0,18245874834140402;;0,8243466396890576;0,8175412516585965;0,05295156877998865;0,12270179153095265;;
SIGMA;1250,0;35,0;12,5;52,5;BCC_B2 + FCC_A1 + SIGMA;77,31304682373384;34,02877415852348;14,077644148915091;51,89358169256143;14,071028550523291;11,234241033220776;-3,533663403914076;-7,700577629306686;11,234241033220776;0,9999999999999999;0,18245874834136527;;0,8243466396890529;0,8175412516586349;0,052951568779999104;0,12270179153094635;;
SIGMA;1250,0;32,5;12,5;55,0;BCC_B2 + FCC_A1 + SIGMA;80,53447186551395;34,028774158523795;14,077644148914132;51,89358169256207;14,071028550524249;11,234241033221416;-3,5336634039137635;-7,700577629307645;11,234241033221416;1,0;0,18245874834139605;;0,824346639689058;0,8175412516586035;0,05295156877999035;0,12270179153095225;;
SIGMA;1250,0;30,0;12,5;57,5;BCC_B2 + FCC_A1 + SIGMA;83,7558969151777;34,0287741585237;14,077644148914418;51,89358169256189;14,071028550523968;11,234241033221231;-3,533663403913856;-7,700577629307359;11,234241033221231;0,9999999999999983;0,18245874834138634;;0,8243466396890569;0,817541251658612;0,052951568779993206;0,12270179153095137;;
SIGMA;1250,0;27,5;12,5;60,0;BCC_B2 + SIGMA;80,74793578929196;33,678408091580124;14,562236782307815;51,75935512611207;13,797334726470876;11,100014466771412;-3,8840294708574348;-7,215984995913962;11,100014466771412;1,0;0,16480009278606395;;0,8260336759271866;0,8351999072139349;0,057103966990922427;0,1168623570818907;;
SIGMA;1250,0;25,0;12,5;62,5;BCC_B2 + SIGMA;74,22561871218771;33,13960950033364;15,368273069852872;51,49211742981349;13,341585478111284;10,832776770472833;-4,4228280621039175;-6,409948708368905;10,832776770472833;1,0;0,13841866474704909;;0,8274422538864359;0,8615813352529518;0,06467536555244745;0,10788238056111604;;
SIGMA;1250,0;22,5;12,5;65,0;BCC_B2 + SIGMA;67,46671357991409;32,61185630852276;16,247430067973106;51,14071362350414;12,843562235908902;10,481372964163484;-4,950581253914798;-5,530791710248671;10,481372964163484;1,0;0,11381902495058463;;0,8270521104027171;0,8861809750494156;0,07386139556634837;0,09908649403093509;;
SIGMA;1250,0;20,0;12,5;67,5;BCC_B2 + SIGMA;60,43816539506227;32,10907899220739;17,193013857257363;50,69790715053525;12,309998723481357;10,038566491194594;-5,453358570230172;-4,5852079209644145;10,038566491194594;1,0;0,09190248913130349;;0,8245423438130758;0,9080975108686964;0,08475078409457915;0,09070687209234547;;
SIGMA;1250,0;17,5;12,5;70,0;BCC_B2 + SIGMA;53,118071172589744;31,643980400742578;18,191443438741583;50,164576160515836;11,757662010969012;9,505235501175179;-5,918457161694981;-3,586778339480194;9,505235501175179;0,9999999999999993;0,07327807816495098;;0,8197922519719415;0,9267219218350489;0,09725251912679335;0,08295522890126547;;
SIGMA;1250,0;15,0;12,5;72,5;BCC_B2 + SIGMA;45,50044959499976;31,2255634621241;19,223039545909653;49,55139699196625;11,213991056984751;8,892056332625593;-6,336874100313459;-2,5551822323121236;8,892056332625593;0,9999999999999996;0,058121735956310955;;0,8129406752091459;0,941878264043688;0,11107771153323005;0,0759816132576239;;
SIGMA;1250,0;62,5;15,0;22,5;FCC_A1 + SIGMA;3,8071202404514946;32,899996384141794;19,35610051443155;47,74390310142666;8,820207149120046;7,084562442086003;-4,662441178295765;-2,4221212637902276;7,084562442086003;0,9999999999999997;0,0657730562086167;;0,7811154836440851;0,9342269437913833;0,11499568773132955;0,1038888286245856;;
SIGMA;1250,0;60,0;15,0;25,0;FCC_A1 + SIGMA;12,32078484518907;32,94917146483811;18,978260686067237;48,07256784909466;9,169402574418234;7,413227189754004;-4,61326609759945;-2,7999610921545397;7,413227189754004;1,0;0,07071328103236463;;0,7854954016999409;0,9292867189676356;0,10979618499720158;0,1047084133028572;;
SIGMA;1250,0;57,5;15,0;27,5;FCC_A1 + SIGMA;20,782197923409708;33,00127846147412;18,6010839099206;48,39763762860529;9,527833823226826;7,738296969264631;-4,561159100963437;-3,177137868301177;7,738296969264631;1,0;0,07604065111491025;;0,7897293713401078;0,9239593488850891;0,10469376541310117;0,10557686324679075;;
SIGMA;1250,0;55,0;15,0;30,0;FCC_A1 + SIGMA;29,197453267526807;33,056729953514704;18,22408277361393;48,71918727287136;9,894161538747106;8,059846613530702;-4,5057076089228545;-3,5541390046078476;8,059846613530702;0,9999999999999999;0,0817912443477029;;0,7938106224705882;0,9182087556522972;0,09968832274861038;0,10650105478080038;;
SIGMA;1250,0;52,5;15,0;32,5;FCC_A1 + SIGMA;37,573035364439534;33,11597840667279;17,846849852038854;49,037171741288354;10,267167958279074;8,377831081947697;-4,446459155764771;-3,9313719261829227;8,377831081947697;0,9999999999999998;0,08800326213892225;;0,7977299152128232;0,9119967378610769;0,09478155578707491;0,1074885290001022;;
SIGMA;1250,0;50,0;15,0;35,0;FCC_A1 + SIGMA;45,91594488324125;33,17951607595489;17,469072353760772;49,35141157028434;10,64569707627816;8,692070910943684;-4,382921486482665;-4,309149424461005;8,692070910943684;1,0;0,09471639554680719;;0,8014754382721149;0,9052836044531933;0,0899770715730809;0,10854749015480349;;
SIGMA;1250,0;47,5;15,0;37,5;FCC_A1 + SIGMA;54,23382024414971;33,24787189224922;17,090551682227794;49,66157642552299;11,028598126741963;9,00223576618233;-4,314565670188337;-4,687670095993983;9,00223576618233;0,9999999999999996;0,10197080107222269;;0,8050327624093331;0,8980291989277773;0,08528048383095702;0,1096867537597091;;
SIGMA;1250,0;45,0;15,0;40,0;FCC_A1 + SIGMA;62,53504654300222;33,321603958661555;16,71122788218585;49,96716815915261;11,414672556128656;9,30782749981195;-4,240833603776004;-5,066993896035928;9,30782749981195;1,0;0,10980557531732964;;0,8083848970264699;0,8901944246826722;0,08069948144028133;0,11091562153324787;;
SIGMA;1250,0;42,5;15,0;42,5;FCC_A1 + SIGMA;70,82883807583909;33,40128604111918;16,331208278751717;50,26750568012911;11,802625687256295;9,608165020788455;-4,161151521318381;-5,44701349947006;9,608165020788455;0,9999999999999989;0,11825662533866142;;0,8115125112602268;0,881743374661337;0,07624383249889805;0,11224365624087548;;
SIGMA;1250,0;40,0;15,0;45,0;FCC_A1 + SIGMA;79,1252751360139;33,487486392360175;15,950798541917651;50,56171506572218;12,19102569506324;9,902374406381526;-4,074951170077384;-5,827423236304126;9,902374406381526;1,0;0,1273538705636142;;0,8143943909701215;0,872646129436386;0,07192528026831937;0,11368032876155805;;
SIGMA;1250,0;37,5;15,0;47,5;FCC_A1 + SIGMA;87,43527069796417;33,58073760344278;15,570532892447645;50,84872950410958;12,578274162059119;10,18938884476892;-3,9816999589947812;-6,207688885774132;10,18938884476892;1,0;0,13711779918120068;;0,8170082030282264;0,8628822008187995;0,0677572813588387;0,1152345156129353;;
SIGMA;1250,0;35,0;15,0;50,0;FCC_A1 + SIGMA;95,77044037525701;33,68149717360075;15,191198351580054;51,12730447481919;12,962593967528242;10,467963815478534;-3,8809403888368124;-6,587023426641723;10,467963815478534;0,9999999999999998;0,14755554921952105;;0,8193316191982042;0,8524444507804788;0,06375453901956114;0,11691384178223485;;
SIGMA;1250,0;32,5;15,0;52,5;BCC_B2 + SIGMA;97,7404066794183;33,215203500359856;15,250155058614427;51,53464144102572;13,408440109805966;10,875300781685063;-4,347234062077703;-6,5280667196073505;10,875300781685063;1,0;0,14205207018190458;;0,8273435639766717;0,8579479298180956;0,06351415546177461;0,10914228056155281;;
SIGMA;1250,0;30,0;15,0;55,0;BCC_B2 + SIGMA;91,18740719737623;32,750628419360474;16,006259796818956;51,243111783820574;12,980187346858084;10,583771124479917;-4,811809143077085;-5,771961981402821;10,583771124479917;1,0;0,12014592045549828;;0,8273527696291203;0,8798540795445025;0,07124786782598183;0,10139936254489629;;
SIGMA;1250,0;27,5;15,0;57,5;BCC_B2 + SIGMA;84,4226366597146;32,29521925090947;16,828691257867092;50,87608949122344;12,51492699966714;10,216748831882782;-5,26721831152809;-4,949530520354685;10,216748831882782;0,9999999999999997;0,09981945765035695;;0,8257527231536447;0,900180542349643;0,08043806710897532;0,09380920973738018;;
SIGMA;1250,0;25,0;15,0;60,0;BCC_B2 + SIGMA;77,41822483675148;31,85851461930393;17,713903934433144;50,427581446262934;12,019648270554212;9,768240786922277;-5,70392294313363;-4,064317843788633;9,768240786922277;0,9999999999999999;0,08165207224598665;;0,8223147858274965;0,9183479277540133;0,09115441496188281;0,0865307992106213;;
SIGMA;1250,0;22,5;15,0;62,5;BCC_B2 + SIGMA;70,1534296175121;31,449556956288227;18,652895717118213;49,89754732659357;11,509971099882305;9,23820666725291;-6,112880606149332;-3,1253260611035643;9,23820666725291;1,0;0,06603433319433671;;0,8169514925111511;0,9339656668056641;0,10333366932848921;0,07971483816035924;;
SIGMA;1250,0;20,0;15,0;65,0;BCC_B2 + SIGMA;62,618229384316294;31,07549822765777;19,63100708212485;49,29349469021737;11,010882285863948;8,634154030876715;-6,4869393347797875;-2,1472146960969276;8,634154030876715;0,9999999999999996;0,053092569836997276;;0,8097598959842902;0,9469074301630024;0,11675957799919137;0,07348052601651865;;
SIGMA;1250,0;17,5;15,0;67,5;BCC_B2 + SIGMA;54,81450967621693;30,740733428676954;20,628921208238857;48,6303453630842;10,55430978680422;7,971004703743546;-6,821704133760605;-1,1493005699829197;7,971004703743546;0,9999999999999997;0,04269837241842492;;0,8010172288473085;0,9573016275815751;0,13108165845251968;0,06790111270017146;;
SIGMA;1250,0;15,0;15,0;70,0;BCC_B2 + SIGMA;46,754734668330954;30,446783460721498;21,624723678870176;47,928492860408326;10,17333124812419;7,269152201067669;-7,115654101716061;-0,15349809935160152;7,269152201067669;0,9999999999999999;0,03454686940475106;;0,791131132250194;0,965453130595249;0,14586692118222538;0,06300194656758058;;
SIGMA;1250,0;62,5;17,5;20,0;FCC_A1 + SIGMA;0,6668150913716143;32,62127227611186;21,955618665930654;45,42310905795749;6,865862902667027;4,941165286325699;-4,941165286325699;0,17739688770887696;4,763768398616833;1,0;0,040401562070053534;;0,7480736927281686;0,9595984379299464;0,15268288044774514;0,0992434268240866;;
SIGMA;1250,0;60,0;17,5;22,5;FCC_A1 + SIGMA;9,451483346743764;32,65814157573177;21,56428669132748;45,77757173294074;7,09183873684311;5,118231073600086;-4,90429598670579;-0,21393508689429552;5,118231073600086;1,0;0,0434205596668617;;0,7533105156230434;0,9565794403331382;0,1468315692258719;0,09985791515108525;;
SIGMA;1250,0;57,5;17,5;25,0;FCC_A1 + SIGMA;18,15901692634213;32,6960707870744;21,177095057980395;46,1268341549452;7,344138074044129;5,467493495604543;-4,866366775363161;-0,6011267202413819;5,467493495604543;0,9999999999999994;0,04665117717483254;;0,758413640988013;0,9533488228251666;0,14109629033852522;0,10049006867346252;;
SIGMA;1250,0;55,0;17,5;27,5;FCC_A1 + SIGMA;26,794989560821847;32,73527403505616;20,793288170053863;46,471437794889994;7,619191233040468;5,812097135549337;-4,827163527381401;-0,9849336081679141;5,812097135549337;1,0;0,05011337846424316;;0,763387656922779;0,9498866215357571;0,13546888693739606;0,1011434561398247;;
SIGMA;1250,0;52,5;17,5;30,0;FCC_A1 + SIGMA;35,364815054028455;32,77598338911993;20,412174449064047;46,811842161816024;7,913880438617352;6,152501502475367;-4,78645417331763;-1,3660473291577304;6,152501502475367;0,9999999999999996;0,053829151217292086;;0,7682353357597578;0,9461708487827082;0,12994271886602116;0,10182194537422128;;
SIGMA;1250,0;50,0;17,5;32,5;FCC_A1 + SIGMA;43,87385492817285;32,818451991377756;20,03312295189685;47,1484250567254;8,225508210952462;6,489084397384744;-4,7439855710598025;-1,7450988263249272;6,489084397384744;0,9999999999999998;0,05782263563222193;;0,7729576096938184;0,9421773643677782;0,12451263489433015;0,10252975541185162;;
SIGMA;1250,0;47,5;17,5;35,0;FCC_A1 + SIGMA;52,32752475325293;32,86295712800483;19,65556283047663;47,48148004151854;8,55174737184869;6,82213938217788;-4,699480434432729;-2,1226589477451476;6,82213938217788;0,9999999999999991;0,062120213593872785;;0,7775535087822262;0,9378797864061271;0,11917498352880457;0,10327150768896985;;
SIGMA;1250,0;45,0;17,5;37,5;FCC_A1 + SIGMA;60,73140116371375;32,90980309411769;19,278985773780185;47,81121113210214;8,890581497340476;7,15187047276148;-4,652634468319867;-2,4992360044415918;7,15187047276148;0,9999999999999992;0,06675053126175082;;0,7820200674768688;0,9332494687382493;0,11392765873228108;0,1040522737908507;;
SIGMA;1250,0;42,5;17,5;40,0;FCC_A1 + SIGMA;69,09133090836691;32,95932360392654;18,90295166543651;48,13772473063695;9,240241590690864;7,47838407129629;-4,603113958511017;-2,875270112785266;7,47838407129629;1,0;0,07174441774007109;;0,7863522082350443;0,928255582259929;0,10877017614395758;0,10487761562099786;;
SIGMA;1250,0;40,0;17,5;42,5;FCC_A1 + SIGMA;77,4135414124598;33,011883366437516;18,527097742995792;48,46101889056669;9,599142368292277;7,801678231226035;-4,550554196000043;-3,2511240352259847;7,801678231226035;1,0;0,07713465004391114;;0,7905426148330197;0,9228653499560894;0,10370377350413208;0,10575361166284716;;
SIGMA;1250,0;37,5;17,5;45,0;FCC_A1 + SIGMA;85,70475107996354;33,067878279948125;18,15115152460386;48,78097019544802;9,965819990861934;8,121629536107363;-4,494559282489433;-3,627070253617916;8,121629536107363;1,0;0,08295550080260125;;0,7945816141902223;0,9170444991973988;0,09873152558842022;0,10668686022135766;;
SIGMA;1250,0;35,0;17,5;47,5;FCC_A1 + SIGMA;93,97227447713612;33,12773350206983;17,774947626356678;49,097318871573506;10,338872295765603;8,43797821223285;-4,434704060367729;-4,003274151865099;8,43797821223285;1,0;0,08924199219359899;;0,7984570940387584;0,9107580078064011;0,09385845870452211;0,10768444725671937;;
SIGMA;1250,0;32,5;17,5;50,0;SIGMA;99,99999999999999;32,49999999999575;17,499999999988262;50,000000000015994;11,453356389107897;9,340659340675337;-5,062437562441808;-4,278221778233515;9,340659340675337;0,9999999999999998;0,08940711662771263;;0,8134650851941082;0,9105928833722876;0,08931269258374043;0,09722222222215149;;
SIGMA;1250,0;30,0;17,5;52,5;BCC_B2 + SIGMA;94,5153230398448;31,65527801040667;18,16550204586293;50,1792199437304;11,771761950832925;9,519879284389745;-5,90715955203089;-3,6127197323588476;9,519879284389745;1,0;0,07370930647412693;;0,8199404865123674;0,9262906935258731;0,09691599109196593;0,08314352239566668;;
SIGMA;1250,0;27,5;17,5;55,0;BCC_B2 + SIGMA;87,30567259810755;31,28676152255957;19,062861258917582;49,65037721852285;11,295841310670285;8,991036559182191;-6,27567603987799;-2,7153605193041948;8,991036559182191;1,0;0,06023609603312864;;0,8141204878569079;0,9397639039668709;0,10887793121154403;0,07700158093154846;;
SIGMA;1250,0;25,0;17,5;57,5;BCC_B2 + SIGMA;79,84800456431284;30,945339294117513;20,003686069403265;49,050974636479225;10,833027613771813;8,391633977138568;-6,617098268320046;-1,7745357088185116;8,391633977138568;0,9999999999999997;0,0489136736271809;;0,8066465386908356;0,9510863263728188;0,12204225085165014;0,07131121045751411;;
SIGMA;1250,0;22,5;17,5;60,0;BCC_B2 + SIGMA;72,13859847160484;30,635273485540846;20,971975482145687;48,392751032313456;10,41351387548833;7,7334103729727985;-6,927164076896712;-0,8062462960760897;7,7334103729727985;1,0;0,039667245045548374;;0,7977309071951024;0,9603327549544517;0,13612564582366107;0,06614344698123632;;
SIGMA;1250,0;20,0;17,5;62,5;BCC_B2 + SIGMA;64,18247506876136;30,358927588737718;21,948009595852824;47,693062815409455;10,06939080644813;7,203509973699841;-7,203509973699841;0,16978781763104678;7,033722156068798;0,9999999999999999;0,03229158579503814;;0,7877084723023712;0,9677084142049618;0,15075384566311106;0,06153768203451742;;
SIGMA;1250,0;17,5;17,5;65,0;BCC_B2 + SIGMA;55,99222130655554;30,11680827358056;22,910416989317433;46,97277473710201;9,827446838184953;7,445629288856999;-7,445629288856999;1,132195211095656;6,31343407776135;1,0;0,02651052366905965;;0,7769883514696867;0,9734894763309406;0,16550928841508145;0,05750236011523143;;
SIGMA;1250,0;15,0;17,5;67,5;BCC_B2 + SIGMA;47,58617694376082;29,907822513446884;23,83872768683445;46,25344979971867;9,702209708211996;7,654615048990674;-7,654615048990674;2,0605059086126722;5,594109140378016;1,0;0,02203093133389849;;0,7659950674766671;0,9779690686661016;0,17998566841032934;0,054019264113003604;;
SIGMA;1250,0;60,0;20,0;20,0;FCC_A1 + SIGMA;6,045906815953252;32,428433337571015;24,230750183107205;43,34081647932178;6,2899290561071375;5,134004224866544;-5,134004224866544;2,4525284048854274;2,6814758199811237;1,0;0,02681720302883222;;0,716387562871178;0,9731827969711679;0,18758299261374944;0,09602944451507242;;
SIGMA;1250,0;57,5;20,0;22,5;FCC_A1 + SIGMA;15,07971473880405;32,46133725045623;23,817291033513257;43,72137171603052;6,289281518019699;5,101100311981327;-5,101100311981327;2,03906925529148;3,062031056689861;0,9999999999999999;0,028858157320263852;;0,7222766047515611;0,9711418426797361;0,1811455521852796;0,09657784306315945;;
SIGMA;1250,0;55,0;20,0;25,0;FCC_A1 + SIGMA;24,017309524677437;32,49443444805945;23,41124187497525;44,094323676965296;6,336443681996754;5,068003114378108;-5,068003114378108;1,633020096753473;3,4349830176246385;0,9999999999999996;0,031028421341356804;;0,7280101898735644;0,9689715786586431;0,17486034710322226;0,09712946302321311;;
SIGMA;1250,0;52,5;20,0;27,5;FCC_A1 + SIGMA;32,86516098225493;32,52787212568307;23,011612088281723;44,46051578603521;6,4278326936623085;5,034565436754491;-5,034565436754491;1,2333903100599457;3,8011751266945524;0,9999999999999998;0,03333937940416875;;0,7335998454552158;0,9666606205958312;0,16871339689451062;0,09768675765027328;;
SIGMA;1250,0;50,0;20,0;30,0;FCC_A1 + SIGMA;41,629209342066844;32,56180181715747;22,617500041031445;44,82069814181108;6,5595458650969345;5,000635745280086;-5,000635745280086;0,8392782628096676;4,161357482470422;1,0;0,03580362982768049;;0,7390552735129222;0,9641963701723193;0,16269247397889755;0,09825225250818015;;
SIGMA;1250,0;47,5;20,0;32,5;FCC_A1 + SIGMA;50,31498639638991;32,596381820373196;22,22808068618443;45,17553749344237;6,727563936129787;4,966055742064363;-4,966055742064363;0,4498589079626534;4,516196834101713;1,0;0,038435117253717455;;0,7443844877232132;0,961564882746283;0,15678692638167752;0,09882858589510876;;
SIGMA;1250,0;45,0;20,0;35,0;FCC_A1 + SIGMA;58,9277240608547;32,6317796297341;21,842596032573375;45,52562433769253;6,927932486113638;4,930657932703461;-4,930657932703461;0,06437425435159838;4,86628367835187;0,9999999999999999;0,0412492725333082;;0,7495939006208069;0,9587507274666913;0,150987549994736;0,09941854938445721;;
SIGMA;1250,0;42,5;20,0;37,5;FCC_A1 + SIGMA;67,47245474539774;32,66817441144991;21,460348161432748;45,871477427117334;7,156900524205683;5,212136767776677;-4,894263150987648;-0,31787361678902926;5,212136767776677;1,0;0,044263156783789025;;0,7546883667222245;0,9557368432162114;0,1452865041980543;0,10002512907972064;;
SIGMA;1250,0;40,0;20,0;40,0;FCC_A1 + SIGMA;75,95410699925003;32,70575953681174;21,08069461210698;46,21354585108128;7,411009438937675;5,554205191740621;-4,856678025625818;-0,6975271661147957;5,554205191740621;0,9999999999999998;0,04749560390753151;;0,7596711855385698;0,9525043960924683;0,13967726662567898;0,10065154783575132;;
SIGMA;1250,0;37,5;20,0;42,5;FCC_A1 + SIGMA;84,37759930776426;32,74474516167937;20,703046091198082;46,552208747122556;7,687135820725973;5,892868087781899;-4,81769240075819;-1,0751756870236946;5,892868087781899;1,0;0,05096735254244508;;0,7645440674426102;0,9490326474575547;0,134154624307178;0,10130130825021157;;
SIGMA;1250,0;35,0;20,0;45,0;FCC_A1 + SIGMA;92,74793442187556;32,785360804270255;20,326866569873275;46,88777262585646;7,982497043891624;6,2284319665158066;-4,777076758167304;-1,4513552083485024;6,2284319665158066;0,9999999999999996;0,05470115384168812;;0,769307065132788;0,9452988461583118;0,1287146992404852;0,10197823562672664;;
SIGMA;1250,0;32,5;20,0;47,5;SIGMA;99,99999999999996;32,499999999993456;19,999999999976197;47,50000000003036;8,693961524048584;6,8406593406897045;-5,062437562444103;-1,7782217782455803;6,8406593406897045;1,0;0,05651577890859903;;0,7791076046874835;0,943484221091401;0,1236701730904029;0,09722222222211285;;
SIGMA;1250,0;30,0;20,0;50,0;BCC_B2 + SIGMA;97,17748317085744;30,829536461825935;20,351308376813922;48,81915516136014;10,674765186789921;8,159814502019486;-6,732901100611624;-1,4269134014078553;8,159814502019486;1,0;0,04534215443650283;;0,8035765517034462;0,9546578455634966;0,1270422850438994;0,06938116325265443;;
SIGMA;1250,0;27,5;20,0;52,5;BCC_B2 + SIGMA;89,55946335516565;30,53848561495453;21,300499694236734;48,161014690808734;10,287819624414112;7,501674031468077;-7,023951947483027;-0,4777220839850429;7,501674031468077;0,9999999999999999;0,0369901199178045;;0,7944635515317444;0,9630098800821952;0,14100613266345768;0,06453031580479772;;
SIGMA;1250,0;25,0;20,0;55,0;BCC_B2 + SIGMA;81,70421433581362;30,275764451169707;22,266222385639555;47,458013163190735;9,977760141330375;7,286673111267852;-7,286673111267852;0,48800060741777784;6,798672503850078;1,0;0,030234049598883803;;0,7842482083645381;0,9697659504011164;0,1556001618937445;0,06015162974171739;;
SIGMA;1250,0;22,5;20,0;57,5;BCC_B2 + SIGMA;73,61760754168264;30,042813979600286;23,2278292193239;46,72935680107583;9,771959707335405;7,519623582837273;-7,519623582837273;1,449607441102124;6,070016141735174;1,0;0,024870674978069635;;0,7732957966894703;0,97512932502193;0,1704350814283027;0,05626912188222689;;
SIGMA;1250,0;20,0;20,0;60,0;BCC_B2 + SIGMA;65,31161993786063;29,83971438164506;24,16388176993071;45,99640384842424;9,685869625772458;7,722723180792499;-7,722723180792499;2,385659991708934;5,33706318908358;0,9999999999999999;0,020672063626363504;;0,7620129388901008;0,9793279363736361;0,18510293252692606;0,052884128582973124;;
SIGMA;1250,0;17,5;20,0;62,5;BCC_B2 + SIGMA;56,80322770740872;29,665304202889175;25,054819237240743;45,27987655987009;9,718547124700422;7,897133359548384;-7,897133359548384;3,2765974590189657;4,620535900529433;1,0;0,01741477654787281;;0,7507946589871964;0,9825852234521271;0,19922804874242867;0,049977292270375125;;
SIGMA;1250,0;15,0;20,0;65,0;BCC_B2 + SIGMA;48,11290641762207;29,51741577007912;25,88531885681408;44,597265373106794;9,853825303088835;8,04502179235844;-8,04502179235844;4,107097078592304;3,9379247137661366;1,0;0,014898158199630222;;0,7399770543963065;0,9851018418003699;0,21251046054681916;0,047512485056874186;;
SIGMA;1250,0;60,0;22,5;17,5;FCC_A1 + SIGMA;2,0681841170117115;32,221292055355754;27,014742738646206;40,76396520599805;7,4806372317168135;5,341145507081805;-5,341145507081805;5,2365209604244285;0,10462454665739074;1,0;0,01655850720639196;;0,6757197518318804;0,983441492793608;0,23170315835663494;0,09257708981148484;;
SIGMA;1250,0;57,5;22,5;20,0;FCC_A1 + SIGMA;11,511389661585165;32,253999756790584;26,55834238715454;41,187657856054884;7,162973128018125;5,3084378056469745;-5,3084378056469745;4,780120608932762;0,5283171967142266;1,0;0,01789706388848288;;0,6824838389590296;0,982102936111517;0,22439394287223854;0,09312221816873198;;
SIGMA;1250,0;55,0;22,5;22,5;FCC_A1 + SIGMA;20,828020037702412;32,28617403171058;26,11452753022388;41,599298438065546;6,893912172802283;5,276263530726979;-5,276263530726979;4,336305752002104;0,9399577787248887;1,0;0,01931137976282597;;0,6890302229093533;0,9806886202371743;0,2173113210065815;0,09365845608406524;;
SIGMA;1250,0;52,5;22,5;25,0;FCC_A1 + SIGMA;30,027523665575824;32,31795235270082;25,681841022367013;42,00020662493216;6,673888660750197;5,244485209736737;-5,244485209736737;3,9036192441452364;1,3408659655915045;0,9999999999999998;0,020807304522537828;;0,6953795982994164;0,9791926954774621;0,2104323069333474;0,09418809476723587;;
SIGMA;1250,0;50,0;22,5;27,5;FCC_A1 + SIGMA;39,118203880315704;32,34946484813824;25,258987308839014;42,39154784302275;6,503180370123695;5,212972714299319;-5,212972714299319;3,480765530617237;1,7322071836820925;1,0;0,022391288236571535;;0,7015499555533633;0,9776087117634285;0,20373674142211054;0,09471330302452616;;
SIGMA;1250,0;47,5;22,5;30,0;FCC_A1 + SIGMA;48,10742696025262;32,38083689109648;24,844805307624075;42,77435780127944;6,381709611909547;5,18160067134108;-5,18160067134108;3,0665835294022976;2,115017141938786;1,0;0,02407045152381965;;0,7075569741271421;0,9759295484761802;0,19720685546569458;0,0952361704071636;;
SIGMA;1250,0;45,0;22,5;32,5;FCC_A1 + SIGMA;57,001792200997016;32,412191391310635;24,43824662846559;43,14956198022378;6,308880253587243;5,150246171126923;-5,150246171126923;2,6600248502438113;2,4902213208831228;1,0;0,02585266419136948;;0,713414329850092;0,9741473358086307;0,19082692473917523;0,09575874541073286;;
SIGMA;1250,0;42,5;22,5;35,0;FCC_A1 + SIGMA;65,80727363526915;32,44365088977676;24,038357989347894;43,517991120875344;6,283476359013837;5,1187866726607965;-5,1187866726607965;2,2601362111261167;2,858650461534687;0,9999999999999998;0,027746633053426173;;0,7191339335582722;0,9722533669465738;0,1845829960565596;0,09628307038516827;;
SIGMA;1250,0;40,0;22,5;37,5;FCC_A1 + SIGMA;74,52934060701523;32,47533953436816;23,644266996627916;43,88039346900392;6,303639607953771;5,0870980280693985;-5,0870980280693985;1,8660452184061391;3,221052809663263;1,0;0,029761999541895907;;0,7247261134740884;0,9702380004581045;0,17846267206421984;0,0968112144616916;;
SIGMA;1250,0;37,5;22,5;40,0;FCC_A1 + SIGMA;83,17306287868989;32,50738499881704;23,25517068913807;44,23744431204491;6,366927065383953;5,055052563620521;-5,055052563620521;1,4769489109162919;3,5781036527042502;1,0;0,03190944746262651;;0,7301997502090534;0,9680905525373736;0,1724549442551068;0,09734530553583927;;
SIGMA;1250,0;35,0;22,5;42,5;FCC_A1 + SIGMA;91,74320466615464;32,53992039538653;22,870326420133573;44,58975318447989;6,470433823166645;5,022517167051028;-5,022517167051028;1,0921046419117957;3,930412525139232;1,0;0,03420082084422654;;0,7355623706648368;0,9657991791557734;0,16655006718983217;0,09788756214533098;;
SIGMA;1250,0;32,5;22,5;45,0;SIGMA;100,0;32,49999999999076;22,499999999955495;45,00000000005375;6,707500382941562;5,062437562446796;-5,062437562446796;0,7217782217337181;4,340659340713096;0,9999999999999999;0,03631580744757809;;0,7419298205681004;0,9636841925524223;0,1608479572098309;0,09722222222206807;;
SIGMA;1250,0;30,0;22,5;47,5;BCC_B2 + SIGMA;99,31897786612144;30,195812878248308;22,584076900046025;47,22011022170567;9,897487507722953;7,366624684189251;-7,366624684189251;0,8058551218242478;6,56076956236501;0,9999999999999999;0,028326885709342418;;0,780706973537463;0,9716731142906577;0,16047392293617657;0,05881910352636078;;
SIGMA;1250,0;27,5;22,5;50,0;BCC_B2 + SIGMA;91,33788377417235;29,969639270480872;23,553654790685297;46,476705938833824;9,72853982256013;7,5927982919566865;-7,5927982919566865;1,7754330124635196;5,817365279493167;1,0;0,0233070726176478;;0,769432416176642;0,9766929273823521;0,1755180404264544;0,05504954339690341;;
SIGMA;1250,0;25,0;22,5;52,5;BCC_B2 + SIGMA;83,13491726349534;29,770590745268954;24,506505889182723;45,72290336554832;9,684837545980805;7,791846817168604;-7,791846817168604;2,7282841109609457;5,063562706207662;1,0;0,019343081931633057;;0,7577499267743313;0,9806569180683671;0,1905180052489638;0,05173206797670482;;
SIGMA;1250,0;22,5;22,5;55,0;BCC_B2 + SIGMA;74,72131036072426;29,598531365714916;25,420520679377955;44,98094795490712;9,765573859873987;7,963906196722643;-7,963906196722643;3,6422989011561775;4,321607295566466;1,0;0,016251056038094788;;0,7460711201288753;0,9837489439619053;0,20506446822032023;0,048864411650804;;
SIGMA;1250,0;20,0;22,5;57,5;BCC_B2 + SIGMA;66,11334262267907;29,452203336800636;26,27672792506546;44,2710687381339;9,952740148473005;8,110234225636923;-8,110234225636923;4,498506146843685;3,6117280787932415;1,0;0,013858065851155874;;0,7347715754464192;0,986141934148844;0,2188028133846814;0,04642561116889961;;
SIGMA;1250,0;17,5;22,5;60,0;BCC_B2 + SIGMA;57,331054581419735;29,329418326778868;27,061692382632067;43,608889290589055;10,217509701022697;8,233019235658691;-8,233019235658691;5,28347060441029;2,9495486312483976;0,9999999999999998;0,0120120154464597;;0,7241454847439378;0,9879879845535403;0,23147532092085898;0,0443791943352035;;
SIGMA;1250,0;15,0;22,5;62,5;BCC_B2 + SIGMA;48,3964641827469;29,227380603713875;27,76852411401199;43,004095282274136;10,528759225146603;8,335056958723683;-8,335056958723683;5,990302335790211;2,344754622933479;0,9999999999999999;0,010586043269795661;;0,7143824673112806;0,9894139567302044;0,2429389670712654;0,04267856561745328;;
SIGMA;1250,0;57,5;25,0;17,5;FCC_A1 + SIGMA;7,395168193822241;32,05326585121124;29,418333220114228;38,52840092867452;9,657286364400907;7,640111441892451;-5,509171711226315;7,640111441892451;-2,1309397306661353;1,0;0,01107535867979191;;0,6396788246601771;0,9889246413202082;0,2705445222640798;0,08977665307574292;;
SIGMA;1250,0;55,0;25,0;20,0;FCC_A1 + SIGMA;17,178731613949104;32,08768299121466;28,920093699863564;38,99222330892179;9,151969865571509;7,141871921641787;-5,4747545712228955;7,141871921641787;-1,66711735041887;1,0;0,012027184516133577;;0,647197680811778;0,9879728154838665;0,26245204711242254;0,09035027207580003;;
SIGMA;1250,0;52,5;25,0;22,5;FCC_A1 + SIGMA;26,80851523386633;32,121072984402595;28,439046860325234;39,43988015527219;8,686893758211566;6,660825082103457;-5,441364578034964;6,660825082103457;-1,219460504068465;1,0;0,013029363839814472;;0,6544359217345775;0,9869706361601857;0,254657306303157;0,0909067719622653;;
SIGMA;1250,0;50,0;25,0;25,0;FCC_A1 + SIGMA;36,297325535122305;32,15359220160868;27,97327551772164;39,87313228066968;8,261502441284136;6,195053739499862;-5,408845360828877;6,195053739499862;-0,7862083786709775;0,9999999999999999;0,014085245984078907;;0,661422150014699;0,9859147540159211;0,2471290910696003;0,09144875891570008;;
SIGMA;1250,0;47,5;25,0;27,5;FCC_A1 + SIGMA;45,6561911492402;32,185381406416305;27,521100854798174;40,29351773878552;7,8757361181281675;5,742879076576397;-5,377056156021254;5,742879076576397;-0,3658229205551393;1,0;0,01519851350148347;;0,6681811815349844;0,9848014864985166;0,23984023946918803;0,09197857899582722;;
SIGMA;1250,0;45,0;25,0;30,0;FCC_A1 + SIGMA;54,89469045783666;32,21656917226972;27,08104054705938;40,702390280670905;7,529943493149779;5,345868390167837;-5,345868390167837;5,302818768837604;0,04304962133024759;0,9999999999999999;0,016373217819659308;;0,6747346784957019;0,9836267821803408;0,23276694641091392;0,09249837509338428;;
SIGMA;1250,0;42,5;25,0;32,5;FCC_A1 + SIGMA;64,02121025961061;32,247274691883746;26,65177541419229;41,10094989392396;7,224783740657191;5,315162870553813;-5,315162870553813;4,873553635970513;0,4416092345833036;1,0;0,01761381979257344;;0,6811016493892718;0,9823861802074269;0,22588821685710997;0,09301013375361782;;
SIGMA;1250,0;40,0;25,0;35,0;FCC_A1 + SIGMA;73,04315298928664;32,27761014053224;26,232122590681577;41,49026726878618;6,961111431146403;5,2848274219053195;-5,2848274219053195;4,4539008124598;0,8309266094455197;0,9999999999999998;0,018925235729085912;;0,6872988465399725;0,981074764270914;0,2191854288956008;0,09351572456442617;;
SIGMA;1250,0;37,5;25,0;37,5;FCC_A1 + SIGMA;81,96710517190205;32,30768271399502;25,821013748446006;41,87130353755898;6,739841945470168;5,254754848442538;-5,254754848442538;4,042791970224229;1,2119628782183227;0,9999999999999999;0,02031288954942556;;0,6933410835038886;0,9796871104505747;0,2126419823739723;0,09401693412213942;;
SIGMA;1250,0;35,0;25,0;40,0;FCC_A1 + SIGMA;90,79897644584184;32,337596433430086;25,41747728914939;42,24492627742053;6,561800610308638;5,224841129007473;-5,224841129007473;3,6392555109276117;1,5855856180798753;0,9999999999999997;0,021782771775059405;;0,6992414886736623;0,9782172282249404;0,20624301521361418;0,09451549611272383;;
SIGMA;1250,0;32,5;25,0;42,5;FCC_A1 + SIGMA;99,54411633848254;32,36745378972003;25,020623698104384;42,61192251217559;6,427565830147301;5,194983772717528;-5,194983772717528;3,2424019198826066;1,952581852834932;1,0;0,023341506113437265;;0,7050117071777181;0,976658493886563;0,1999751741047256;0,09501311871755594;;
SIGMA;1250,0;30,0;25,0;45,0;SIGMA;99,99999999999999;29,99999999999426;24,999999999935856;45,00000000006989;9,295786158686333;7,5624375624433;-7,5624375624433;3,2217782217140787;4,340659340729232;0,9999999999999999;0,018224299121222858;;0,7459501557520039;0,981775700878777;0,19849428869253583;0,05555555555545971;;
SIGMA;1250,0;27,5;25,0;47,5;BCC_B2 + SIGMA;92,75546825502853;29,527911865048857;25,823838885219608;44,648249249731535;9,840325843229332;8,034525697388702;-8,034525697388702;4,045617106997831;3,988908590390878;1,0;0,015069501168223184;;0,7407887094581428;0,984930498831777;0,21152387056882094;0,047687419973036584;;
SIGMA;1250,0;25,0;25,0;50,0;BCC_B2 + SIGMA;84,23667509718122;29,381883905039626;26,71814584407167;43,8999702508887;10,09088638661374;8,180553657397933;-8,180553657397933;4,939924065849894;3,2406295915480428;1,0;0,012783122373401125;;0,7288254769873891;0,9872168776265988;0,22592090237306142;0,04525362063954918;;
SIGMA;1250,0;22,5;25,0;52,5;BCC_B2 + SIGMA;75,52651636588466;29,259686872205698;27,538859692485396;43,20145343530891;10,42031456190926;8,30275069023186;-8,30275069023186;5,760637914263619;2,5421127759682562;1,0;0,01102715094648918;;0,7175737459337064;0,9889728490535109;0,23920925064064294;0,043217003425650505;;
SIGMA;1250,0;20,0;25,0;55,0;BCC_B2 + SIGMA;66,64595371631287;29,15891527737741;28,274968259341115;42,566116463281475;10,791788341231179;8,403522285060149;-8,403522285060149;6,496746481119338;1,9067758039408176;1,0;0,009682214343227188;;0,7072836712006408;0,9903177856567726;0,2511788519541803;0,04153747684517915;;
SIGMA;1250,0;17,5;25,0;57,5;BCC_B2 + SIGMA;57,61825004065746;29,076610711216944;28,923372024758432;42,000017264024635;11,174070124749825;8,485826851220615;-8,485826851220615;7,145150246536655;1,3406766046839778;1,0;0,008649740112380308;;0,698078123264326;0,9913502598876197;0,26175614265983604;0,04016573407583786;;
SIGMA;1250,0;15,0;25,0;60,0;BCC_B2 + SIGMA;48,46664608959148;29,00968704977323;29,487396411435377;41,502916538791396;11,54523863424464;8,552750512664328;-8,552750512664328;7,7091746332136;0,8435758794507393;1,0;0,007851832807958795;;0,6899704239114214;0,9921481671920412;0,27097923637013605;0,039050339718442836;;
SIGMA;1250,0;57,5;27,5;15,0;FCC_A1 + SIGMA;2,630800756783474;31,848462660669608;32,406985435308634;35,744551904021755;13,029784133501735;10,628763657086857;-5,713974901767951;10,628763657086857;-4,914788755318902;1,0;0,006810542310611602;;0,5942290778868937;0,9931894576893884;0,3194076555463913;0,08636326656671595;;
SIGMA;1250,0;55,0;27,5;17,5;FCC_A1 + SIGMA;12,991788394200263;31,887507717358087;31,836177011006207;36,27631527163571;12,352255007104393;10,05795523278443;-5,674929845079472;10,05795523278443;-4,383025387704947;1,0;0,007466041904456558;;0,6029461341040492;0,9925339580955436;0,31003984838442694;0,08701401751152357;;
SIGMA;1250,0;52,5;27,5;20,0;FCC_A1 + SIGMA;23,1464693674004;31,92483387087868;31,290436438729202;36,78472969039213;11,716544426209756;9,512214660507425;-5,63760369155888;9,512214660507425;-3,8746109689485237;1,0;0,008154909498401525;;0,611266626062446;0,9918450905015985;0,30109725386735353;0,08763612007019993;;
SIGMA;1250,0;50,0;27,5;22,5;FCC_A1 + SIGMA;33,11544340580175;31,96066370594743;30,76689599736729;37,27244029668529;11,119677541356248;8,988674219145512;-5,60177385649013;8,988674219145512;-3,3869003626553678;0,9999999999999999;0,008878894694940085;;0,6192342505681014;0,9911211053050598;0,29253246544388595;0,08823328398801276;;
SIGMA;1250,0;47,5;27,5;25,0;FCC_A1 + SIGMA;42,91600721536362;31,995189383866617;30,26309589788755;37,74171471824583;10,55935046489721;8,484874119665772;-5,567248178570942;8,484874119665772;-2,917625941094826;1,0;0,009639927158801034;;0,6268863726021413;0,990360072841199;0,2843049154445259;0,0888087119533325;;
SIGMA;1250,0;45,0;27,5;27,5;FCC_A1 + SIGMA;52,56282559070312;32,028578785923024;29,776907271769925;38,194513942307054;10,033839411118118;7,998685493548148;-5,533858776514535;7,998685493548148;-2,4648267170336027;1,0;0,01044013082333212;;0,6342552032999327;0,9895598691766679;0,27637959471246143;0,08936520198760595;;
SIGMA;1250,0;42,5;27,5;30,0;FCC_A1 + SIGMA;62,068441905661196;32,06098030946778;29,306472201712737;38,63254748881948;9,541932555888081;7,5282504234909595;-5,501457252969779;7,5282504234909595;-2,0267931705211737;1,0;0,01128184067079327;;0,641368715775704;0,9887181593292067;0,26872605684427747;0,08990522738001851;;
SIGMA;1250,0;40,0;27,5;32,5;FCC_A1 + SIGMA;71,44367217525237;32,09252667302732;28,850156446268755;39,05731688070394;9,082877587776403;7,071934668046978;-5,469910889410237;7,071934668046978;-1,6020237786367204;1,0;0,012167622259321463;;0,6482513652874387;0,9878323777406784;0,2613176346065508;0,09043100010601099;;
SIGMA;1250,0;37,5;27,5;35,0;FCC_A1 + SIGMA;80,69791338636486;32,12333798449783;28,406511751465793;39,470150264036384;8,656339063624717;6,628289973244016;-5,439099577939729;6,628289973244016;-1,1891903953042728;0,9999999999999999;0,013100294235052693;;0,6549246612372612;0,986899705764947;0,254130816798886;0,09094452196385272;;
SIGMA;1250,0;35,0;27,5;37,5;FCC_A1 + SIGMA;89,8393878898695;32,153524257159866;27,97424549184462;39,87223025099552;8,26236018330791;6,196023713622843;-5,408913305277693;6,196023713622843;-0,7871104083451357;0,9999999999999998;0,014082954139517151;;0,6614076254855881;0,9859170458604829;0,24714474800619188;0,09144762650822007;;
SIGMA;1250,0;32,5;27,5;40,0;FCC_A1 + SIGMA;98,87533955453544;32,18318750998652;27,552195982348998;40,26461650766449;7,901323711419345;5,773974204127221;-5,379250052451042;5,773974204127221;-0,39472415167616504;1,0;0,01511900788394242;;0,6677171622646431;0,9848809921160576;0,24034082368002602;0,09194201405533077;;
SIGMA;1250,0;30,0;27,5;42,5;SIGMA;100,0;29,99999999999258;27,49999999989269;42,50000000011474;9,660084612085198;7,56243756244498;-7,56243756244498;5,721778221670913;1,8406593407740814;1,0;0,012038129531844025;;0,7056581934392804;0,9879618704681559;0,23878625100528797;0,05555555555543186;;
SIGMA;1250,0;27,5;27,5;45,0;BCC_B2 + SIGMA;93,88638676045024;29,181017503347377;28,108413169744175;42,71056932690844;10,70173183680452;8,381420059090182;-8,381420059090182;6,330191391522398;2,051228667567784;1,0;0,009969445223411125;;0,7096273898432717;0,990030554776589;0,24846676287871647;0,04190584727801189;;
SIGMA;1250,0;25,0;27,5;47,5;BCC_B2 + SIGMA;85,06394924530223;29,081002383098355;28,88757664965001;42,03142096725163;11,151693761962353;8,481435179339204;-8,481435179339204;7,109354871428234;1,37208030791097;0,9999999999999999;0,008703382563353578;;0,6985895977734485;0,9912966174366462;0,2611714736193566;0,04023892860719482;;
SIGMA;1250,0;22,5;27,5;50,0;BCC_B2 + SIGMA;76,07130007144997;29,000861268539825;29,56454024718599;41,43459848427418;11,59863649880819;8,561576293897733;-8,561576293897733;7,786318468964215;0,7752578249335258;0,9999999999999999;0,007749285836746021;;0,6888545778852926;0,9922507141632539;0,27224217875015433;0,038903243364552635;;
SIGMA;1250,0;20,0;27,5;52,5;BCC_B2 + SIGMA;66,93521992224157;28,93720912176503;30,14227338588943;40,92051749234555;12,017493011756345;8,62522844067253;-8,62522844067253;8,364051607667651;0,261176833004896;1,0;0,007027426053101019;;0,6804469746384032;0,992972573946899;0,28171065110995724;0,0378423742516392;;
SIGMA;1250,0;17,5;27,5;55,0;BCC_B2 + SIGMA;57,68177810628532;28,88674064037241;30,630247170309854;40,48301218931774;12,395852627191218;8,852025392088077;-8,67569692206515;8,852025392088077;-0,1763284700229164;1,0;0,006476165710804966;;0,6732777218862281;0,993523834289195;0,2897210452186766;0,03700123289509584;;
SIGMA;1250,0;15,0;27,5;57,5;BCC_B2 + SIGMA;48,33410630985316;28,846567146056998;31,040807074109647;40,11262577983336;12,730309526410217;9,26258529588787;-8,715870416380561;9,26258529588787;-0,5467148795072987;0,9999999999999998;0,006049697897630651;;0,6671993856866376;0,9939503021023692;0,2964689396568562;0,03633167465650523;;
SIGMA;1250,0;55,0;30,0;15,0;FCC_A1 + SIGMA;8,1456516492283;31,67955901935393;34,8668803640684;33,45356061657767;16,057537468560103;13,088658585846623;-5,882878543083628;13,088658585846623;-7,205780042762989;1,0;0,004602419486265521;;0,556536583723791;0,9953975805137345;0,35991521039808794;0,08354820587812105;;
SIGMA;1250,0;52,5;30,0;17,5;FCC_A1 + SIGMA;18,948304916270942;31,722813010122646;34,23911379001056;34,03807319986679;15,271418644361377;12,460892011788786;-5,839624552314913;12,460892011788786;-6,62126745947387;1,0;0,005083655804329868;;0,5661715187079286;0,9949163441956702;0,34955937556780486;0,08426910572426617;;
SIGMA;1250,0;50,0;30,0;20,0;FCC_A1 + SIGMA;29,500347850617036;31,763822353835668;33,642327040430416;34,59385060573392;14,53172741282323;11,86410526220864;-5,798615208601891;11,86410526220864;-6,065490053606737;1,0;0,00558958314572758;;0,5753220471742924;0,9944104168542723;0,3397253580395576;0,08495259478615005;;
SIGMA;1250,0;47,5;30,0;22,5;FCC_A1 + SIGMA;39,82959716406517;31,80286811975937;33,07293612105989;35,12419575918075;13,834053683469337;11,294714342838112;-5,759569442678188;11,294714342838112;-5,5351449001599065;1,0;0,006121196041480171;;0,5840429968660168;0,9938788039585198;0,330353645582438;0,08560335755154497;;
SIGMA;1250,0;45,0;30,0;25,0;FCC_A1 + SIGMA;49,95907007727914;31,840189115630675;32,527891718529474;35,631919165839854;13,174767473691995;10,749669940307697;-5,7222484468068835;10,749669940307697;-5,027421493500803;1,0;0,006679605415589815;;0,5923809626716441;0,9933203945844101;0,3213936631789554;0,08622537414939994;;
SIGMA;1250,0;42,5;30,0;27,5;FCC_A1 + SIGMA;59,90801898099172;31,87599043063571;32,00457602456333;36,11943354480097;12,55088677198123;10,22635424634155;-5,686447131801849;10,22635424634155;-4,539907114539687;1,0;0,007266043862350451;;0,6003758826661604;0,9927339561376496;0,3128020546010221;0,08682206273281731;;
SIGMA;1250,0;40,0;30,0;30,0;FCC_A1 + SIGMA;69,69270362686338;31,910450004444673;31,500722932035767;36,58882706351956;11,959977967178082;9,72250115381399;-5,651987557992886;9,72250115381399;-4,070513595821097;1,0;0,007881872653143778;;0,6080622571357385;0,9921181273468561;0,3045413539012947;0,08739638896296674;;
SIGMA;1250,0;37,5;30,0;32,5;FCC_A1 + SIGMA;79,32697654236193;31,94372375129885;31,01435554285844;37,0419207058427;11,400080654526416;9,236133764636662;-5,618713811138708;9,236133764636662;-3,617419953497958;1,0;0,00852859044095506;;0,6154701027771661;0,991471409559045;0,2965789458122974;0,0879509514105364;;
SIGMA;1250,0;35,0;30,0;35,0;FCC_A1 + SIGMA;88,82273319187377;31,975949612106646;30,543736671567316;37,480313716326044;10,86965092673485;8,76551489334554;-5,586487950330913;8,76551489334554;-3,1790269430146125;0,9999999999999998;0,009207843698156507;;0,6226257077836215;0,9907921563018435;0,28888624312571226;0,08848804909066645;;
SIGMA;1250,0;32,5;30,0;37,5;FCC_A1 + SIGMA;98,19026269194431;32,00725080164978;30,087329228773925;37,90541996957629;10,367518784046895;8,309107450552148;-5,555186760787777;8,309107450552148;-2,7539206897643638;0,9999999999999999;0,009921438973216432;;0,6295522352766677;0,9900785610267835;0,28143802914028004;0,08900973558305184;;
SIGMA;1250,0;30,0;30,0;40,0;SIGMA;99,99999999999999;29,999999999991456;29,999999999836252;40,000000000172285;11,190300671391382;8,221778221614475;-7,562437562446103;8,221778221614475;-0,6593406591683717;0,9999999999999998;0,008081831897357063;;0,6648707040256812;0,9919181681026429;0,2795737404189058;0,055555555555413305;;
SIGMA;1250,0;27,5;30,0;42,5;BCC_B2 + SIGMA;94,77101185786799;28,91000809395998;30,40169218763722;40,6882997184028;12,215957442466173;8,652429468477578;-8,652429468477578;8,623470409415443;0,028959059062145798;1,0;0,006728088940028046;;0,6766431977644848;0,993271911059972;0,2859677784472931;0,03738902378822192;;
SIGMA;1250,0;25,0;30,0;45,0;BCC_B2 + SIGMA;85,63714337902107;28,85108009896497;30,99360921787202;40,15531068316301;12,691144973411525;9,215387439650243;-8,711357463472588;9,215387439650243;-0,5040299761776481;1,0;0,006097089991086174;;0,6679002691658086;0,9939029100089138;0,29569284029588594;0,03640689053830493;;
SIGMA;1250,0;22,5;30,0;47,5;BCC_B2 + SIGMA;76,36414725213498;28,80647023758272;31,473399417657976;39,72013034475931;13,09753981743004;9,6951776394362;-8,75596732485484;9,6951776394362;-0,9392103145813451;1,0;0,0056339855434970375;;0,6607501756252115;0,994366014456503;0,3035864315261879;0,0356633928486009;;
SIGMA;1250,0;20,0;30,0;50,0;BCC_B2 + SIGMA;66,98368365186535;28,77250845478188;31,86060652306193;39,36688502215619;13,43829518334405;10,082384744840152;-8,789929107655677;10,082384744840152;-1,2924556371844673;1,0;0,0052887863009922825;;0,6549394645246048;0,9947112136990076;0,3099631723401416;0,035097363135253565;;
SIGMA;1250,0;17,5;30,0;52,5;BCC_B2 + SIGMA;57,52153629966944;28,7463355997447;32,174192152479186;39,079472247776124;13,722093063264584;10,39597037425741;-8,816101962692859;10,39597037425741;-1,579868411564533;0,9999999999999999;0,005026457860191506;;0,6502075468273374;0,9949735421398085;0,31513130428802894;0,034661148884633834;;
SIGMA;1250,0;15,0;30,0;55,0;BCC_B2 + SIGMA;47,99748924449293;28,725851281272146;32,430224107147716;38,843924611580135;13,958730105077281;10,652002328925938;-8,836586281165413;10,652002328925938;-1,8154160477605217;1,0;0,004822998591498599;;0,646326966061558;0,9951770014085013;0,31935329036168375;0,03431974357675789;;
SIGMA;1250,0;55,0;32,5;12,5;FCC_A1 + SIGMA;2,4530832900547397;31,460275782321958;38,013932726538094;30,525791491139948;20,087894542045046;16,235710948316317;-6,102161780115601;16,235710948316317;-10,133549168200709;1,0;0,002807103781992819;;0,5081393906785561;0,9971928962180072;0,41196712406052194;0,07989348526092127;;
SIGMA;1250,0;52,5;32,5;15,0;FCC_A1 + SIGMA;14,0735683324431;31,511414934120914;37,28604881609435;31,20253624978475;19,145201067775908;15,507827037872573;-6,051022628316645;15,507827037872573;-9,456804409555907;1,0;0,0031456825355907995;;0,5193432302662815;0,9968543174644092;0,3999109652761484;0,08074580445757097;;
SIGMA;1250,0;50,0;32,5;17,5;FCC_A1 + SIGMA;25,346226654040333;31,55935904576778;36,6001030325589;31,84053792167332;18,26188372870831;14,821881254337121;-6,0030785166697775;14,821881254337121;-8,818802737667337;1,0;0,0035028285242307373;;0,5298972256891709;0,9964971714757692;0,3885579013258107;0,08154487298501865;;
SIGMA;1250,0;47,5;32,5;20,0;FCC_A1 + SIGMA;36,31680031727389;31,604524700418263;35,9509763743963;32,44449892518545;17,43121691770311;14,17275459617452;-5,957912862019295;14,17275459617452;-8,214841734155208;0,9999999999999999;0,003879013102148309;;0,5398796458415023;0,9961209868978518;0,37782272026263786;0,08229763389586003;;
SIGMA;1250,0;45,0;32,5;22,5;FCC_A1 + SIGMA;47,022125023181324;31,647258635423945;35,33437406885307;33,018367295722996;16,647614862462692;13,556152290631296;-5,9151789270136135;13,556152290631296;-7,640973363617661;1,0;0,004274789220008168;;0,5493561684353813;0,9957252107799918;0,36763396541866405;0,0830098661459545;;
SIGMA;1250,0;42,5;32,5;25,0;FCC_A1 + SIGMA;57,49226722358834;31,68785265416405;34,74665841687267;33,56548892896327;15,906408427668264;12,968436638650893;-5,874584908273508;12,968436638650893;-7,093851730377388;1,0;0,004690790764772189;;0,5583824175349941;0,9953092092352278;0,3579311493400495;0,08368643312495637;;
SIGMA;1250,0;40,0;32,5;27,5;FCC_A1 + SIGMA;67,75206367298146;31,726554845536192;34,18472116838957;34,08872398607423;15,203675794710591;12,406499390167795;-5,8358827169013665;12,406499390167795;-6,570616673266429;1,0;0,005127733411967735;;0,5670059034541333;0,9948722665880322;0,3486626268980414;0,08433146964782554;;
SIGMA;1250,0;37,5;32,5;30,0;FCC_A1 + SIGMA;77,82225127472286;31,763578148123518;33,645884881301605;34,59053697057489;14,536112831426355;11,867663103079828;-5,798859414314041;11,867663103079828;-6,068803688765769;1,0;0,005586416780242176;;0,5752675235584165;0,9944135832197578;0,339783951750636;0,08494852469094735;;
SIGMA;1250,0;35,0;32,5;32,5;FCC_A1 + SIGMA;87,72031033372232;31,799106975994267;33,127825801342574;35,07306722266316;13,900933128376712;11,349604023120797;-5,763330586443292;11,349604023120797;-5,586273436677494;1,0;0,006067727763630505;;0,583202736430246;0,9939322722363695;0,33125659174762745;0,0855406718221267;;
SIGMA;1250,0;32,5;32,5;35,0;FCC_A1 + SIGMA;97,46110345247395;31,833302409866025;32,62851291577896;35,53818467435501;13,295790536434348;10,850291137557186;-5,7291351525715335;10,850291137557186;-5,1211559849856485;1,0;0,006572644978135279;;0,590842490132998;0,9934273550218647;0,3230469141470128;0,0861105957199895;;
SIGMA;1250,0;30,0;32,5;37,5;SIGMA;100,00000000000007;29,999999999990944;32,49999999976981;37,500000000239254;13,49549641614626;10,721778221548036;-7,562437562446615;10,721778221548036;-3,159340659101403;1,0;0,005491825465531446;;0,6237795943449806;0,9945081745344686;0,3206648500996151;0,05555555555540478;;
SIGMA;1250,0;27,5;32,5;40,0;BCC_B2 + SIGMA;95,4170118019571;28,70571271280155;32,692272219930466;38,602015067268;14,20530396359468;10,914050441708689;-8,85672484963601;10,914050441708689;-2,057325592072658;1,0;0,004624200591118214;;0,6423393176564405;0,9953757994088817;0,32367658157464524;0,03398410076891483;;
SIGMA;1250,0;25,0;32,5;42,5;BCC_B2 + SIGMA;85,94387960478602;28,68277395251581;33,005111042894384;38,3121150045898;14,505203778675781;11,226889264672607;-8,87966360992175;11,226889264672607;-2,347225654750858;1,0;0,004398710056177239;;0,6375577589529018;0,9956012899438228;0,3288404529496125;0,03360178809748577;;
SIGMA;1250,0;22,5;32,5;45,0;BCC_B2 + SIGMA;76,38829893063868;28,666519224621133;33,23748865700489;38,09599211837397;14,731697669133393;11,459266878783112;-8,895918337816425;11,459266878783112;-2,563348540966686;0,9999999999999998;0,004239123899977051;;0,6339911744395713;0,9957608761000231;0,3326779495945208;0,03333087596590797;;
SIGMA;1250,0;20,0;32,5;47,5;BCC_B2 + SIGMA;66,77682337294421;28,654604554168124;33,41428935009285;37,93110609573903;14,906066592981349;11,636067571871074;-8,907833008269435;11,636067571871074;-2,7282345636016245;1,0;0,0041220130195508;;0,6312690987024171;0,9958779869804493;0,3355986031725589;0,033132298125024384;;
SIGMA;1250,0;17,5;32,5;50,0;BCC_B2 + SIGMA;57,12660353164245;28,645591602427636;33,55209306257935;37,80231533499302;15,043163915849915;11,773871284357575;-8,916845960009923;11,773871284357575;-2,8570253243476387;1,0;0,0040332246767466615;;0,6291423167661621;0,9959667753232534;0,33787560097115504;0,03298208226268282;;
SIGMA;1250,0;15,0;32,5;52,5;BCC_B2 + SIGMA;47,44881094056985;28,63858205734358;33,66191186003761;37,699506082618804;15,15314844373942;11,883690081815836;-8,923855505093979;11,883690081815836;-2,9598345767218532;1,0;0,003963987726747453;;0,6274442152154804;0,9960360122732527;0,3396905282732373;0,03286525651128179;;
SIGMA;1250,0;52,5;35,0;12,5;FCC_A1 + SIGMA;8,30834836681944;31,288283347831854;40,430618890422735;28,28109776174541;23,24860912768255;18,65239711220096;-6,274154214605705;18,65239711220096;-12,378242897595246;1,0;0,001925390998919608;;0,470923764695997;0,9980746090010804;0,45204929061791677;0,07702694468608648;;
SIGMA;1250,0;50,0;35,0;15,0;FCC_A1 + SIGMA;20,495489984228243;31,344981814235446;39,639537490924795;29,015480694839752;22,209521152933718;17,861315712703018;-6,217455748202113;17,861315712703018;-11,643859964500905;1,0;0,002178060719498606;;0,4831073314207739;0,9978219392805013;0,43892074945307946;0,07797191912614623;;
SIGMA;1250,0;45,0;35,0;20,0;FCC_A1 + SIGMA;43,66631457935415;31,44744335775642;38,19594347494498;30,356613167298597;20,324392576645906;16,417721696723206;-6,114994204681139;16,417721696723206;-10,30272749204206;1,0;0,0027283841872211704;;0,5053372451911495;0,9972716158127788;0,4149831432906877;0,07967961151816239;;
SIGMA;1250,0;42,5;35,0;22,5;FCC_A1 + SIGMA;54,75810726054783;31,49412326063444;37,53261552934489;30,97326121002067;19,463953761490345;15,75439375112311;-6,06831430180312;15,75439375112311;-9,686079449319987;0,9999999999999998;0,0030265723360221185;;0,5155484485367839;0,9969734276639779;0,40399394156375285;0,08045760989946293;;
SIGMA;1250,0;40,0;35,0;25,0;FCC_A1 + SIGMA;65,57531232754724;31,538255244841338;36,902447350410476;31,55929740474819;18,65056993739171;15,1242255721887;-6,024182317596221;15,1242255721887;-9,100043254592467;1,0;0,0033405672756416263;;0,5252459417956606;0,9966594327243582;0,3935609152347617;0,08119314296957798;;
SIGMA;1250,0;37,5;35,0;27,5;FCC_A1 + SIGMA;76,14939503099053;31,580133046734648;36,30187721501578;32,117989738249584;17,879575222094587;14,523655436794002;-5,982304515702911;14,523655436794002;-8,541350921091073;1,0;0,0036707833824432853;;0,5344840993302833;0,9963292166175567;0,3836247943352502;0,08189110633446624;;
SIGMA;1250,0;35,0;35,0;30,0;FCC_A1 + SIGMA;86,50634384783208;31,62000718008819;35,72784335676575;32,65214946314607;17,14699775138682;13,949621578543976;-5,942430382349368;13,949621578543976;-8,00719119619459;0,9999999999999999;0,004017692776466861;;0,5433096704354416;0,9959823072235333;0,374134654340866;0,08255567522369196;;
SIGMA;1250,0;32,5;35,0;32,5;FCC_A1 + SIGMA;96,66784978292723;31,65809311530019;35,177694972782916;33,164211911916894;16,449441333451496;13,39947319456114;-5,904344447137369;13,39947319456114;-7,495128747423763;1,0;0,004381826145178926;;0,5517631260552418;0,995618173854821;0,36504643313419954;0,08319044081055874;;
SIGMA;1250,0;30,0;35,0;35,0;SIGMA;99,99999999999997;29,999999999991662;34,999999999699654;35,00000000030869;16,249123604638243;13,221778221477877;-7,562437562445897;13,221778221477877;-5,659340659031969;1,0;0,003764445475379591;;0,5824967898995049;0,9962355545246206;0,3619476545450786;0,05555555555541663;;
SIGMA;1250,0;27,5;35,0;37,5;BCC_B2 + SIGMA;95,78822956104848;28,567989721463277;34,95607416435339;36,47593611418334;16,49414317456728;13,177852386131612;-8,994447840974281;13,177852386131612;-4,183404545157316;1,0;0,003240302023878206;;0,607212201453305;0,9967596979761216;0,3610990809667518;0,03168871757994367;;
SIGMA;1250,0;25,0;35,0;40,0;BCC_B2 + SIGMA;85,93710303198799;28,571396441011963;34,88227871179048;36,54632484719756;16,41560317613444;13,1040569335687;-8,991041121425596;13,1040569335687;-4,113015812143097;0,9999999999999999;0,0032773652946031288;;0,6083771107211585;0,9967226347053968;0,35987739303975297;0,03174549623908827;;
SIGMA;1250,0;22,5;35,0;42,5;BCC_B2 + SIGMA;76,1078812412043;28,57372886643626;34,83269917120903;36,593571962354716;16,362968530281275;13,054477392987252;-8,9887086960013;13,054477392987252;-4,065768696985941;1,0;0,0033025311513159915;;0,6091589702278418;0,9966974688486839;0,3590566597759986;0,03178436999615996;;
SIGMA;1250,0;20,0;35,0;45,0;BCC_B2 + SIGMA;66,29120750240757;28,575431295923302;34,79697064646447;36,62759805761222;16,32510496552255;13,018748868242696;-8,987006266514257;13,018748868242696;-4,031742601728439;0,9999999999999998;0,003320799720618209;;0,6097220121333998;0,9966792002793818;0,3584652440456565;0,03181274382094422;;
SIGMA;1250,0;17,5;35,0;47,5;BCC_B2 + SIGMA;56,482432546886265;28,576730729612954;34,76995103454755;36,653318235839485;16,296507969891465;12,991729256325776;-8,985706832824604;12,991729256325776;-4,006022423501172;0,9999999999999998;0,003334689944300853;;0,6101475950541465;0,9966653100556991;0,35801800389674804;0,03183440104910461;;
SIGMA;1250,0;15,0;35,0;50,0;BCC_B2 + SIGMA;46,67896686082806;28,577756081847465;34,7487799143689;36,673464003783636;16,274123398332257;12,970558136147126;-8,984681480590094;12,970558136147126;-3,9858766555570213;1,0;0,003345618743329706;;0,6104809292312092;0,9966543812566703;0,3576675805157771;0,031851490253013086;;
SIGMA;1250,0;52,5;37,5;10,0;FCC_A1 + SIGMA;1,3184195249390727;31,051427108660544;43,67014270025924;25,278430191080215;27,53582876215239;21,891920922037464;-6,511010453777015;21,891920922037464;-15,380910468260442;0,9999999999999999;0,0011613197438973925;;0,42104909879713737;0,9988386802561026;0,5058715605029644;0,07307934069989795;;
SIGMA;1250,0;50,0;37,5;12,5;FCC_A1 + SIGMA;14,707760567175768;31,118890812797517;42,7586296559987;26,122479531203783;26,325218724474404;20,980407877776926;-6,443546749640042;20,980407877776926;-14,536861128136874;1,0;0,0013391997804755287;;0,4350770589021796;0,9986608002195244;0,49071920532897295;0,07420373576884753;;
SIGMA;1250,0;47,5;37,5;15,0;FCC_A1 + SIGMA;27,490241774567448;31,181222451602874;41,908367689736394;26,910409858660735;25,19872573904281;20,130145911514617;-6,381215110834685;20,130145911514617;-13,748930800679922;1,0;0,0015292425843418949;;0,4481669992922696;0,998470757415658;0,476590404292127;0,07524259641560348;;
SIGMA;1250,0;42,5;37,5;20,0;FCC_A1 + SIGMA;51,616864461963786;31,293220445558628;40,36196218152838;28,344817372913;23,15828090355644;18,5837404033066;-6,269217116878931;18,5837404033066;-12,314523286427658;1,0;0,001946103308710262;;0,47198115547994757;0,9980538966912897;0,45090961487185277;0,07710922964819915;;
SIGMA;1250,0;40,0;37,5;22,5;FCC_A1 + SIGMA;63,10002491555559;31,343955197621735;39,653911647319084;29,002133155059184;22,228366966908517;17,875689869097307;-6,218482364815824;17,875689869097307;-11,657207504281473;1,0;0,002173185096256365;;0,48288595589626265;0,9978268149037436;0,4391592352544861;0,07795480884925103;;
SIGMA;1250,0;37,5;37,5;25,0;FCC_A1 + SIGMA;74,26533068207321;31,39174502737807;38,982862478330325;29,625392494291596;21,350061360358193;17,20464070010855;-6,170692535059487;17,20464070010855;-11,033948165049061;1,0;0,00241295099383708;;0,4932203302395629;0,9975870490061629;0,42802836374858055;0,07875130601185683;;
SIGMA;1250,0;35,0;37,5;27,5;FCC_A1 + SIGMA;85,1519727109566;31,436929769624626;38,34486888659029;30,218201343785083;20,518114736492414;16,566647108368514;-6,1255077928129325;16,566647108368514;-10,441139315555574;1,0;0,002665640942417649;;0,5030443244092141;0,9973343590575823;0,41745129054148655;0,07950438504929931;;
SIGMA;1250,0;32,5;37,5;30,0;FCC_A1 + SIGMA;95,7919826623288;31,479798177647222;37,736537087761405;30,78366473459138;19,728033464457678;15,958315309539628;-6,082639384790337;15,958315309539628;-9,875675924749277;0,9999999999999999;0,002931535800180651;;0,5124096265098163;0,9970684641998194;0,40737151497384133;0,08021885851634268;;
SIGMA;1250,0;30,0;37,5;32,5;SIGMA;100,00000000000003;29,999999999993783;37,499999999634774;32,50000000037144;19,259792634352653;15,721778221412997;-7,562437562443776;15,721778221412997;-8,159340658969214;1,0;0,0025954190988883665;;0,5410899068731043;0,9974045809011117;0,4033545375714435;0,055555555555451865;;
SIGMA;1250,0;27,5;37,5;35,0;BCC_B2 + SIGMA;95,7916192680521;28,505458065786204;37,15505404839819;34,33948788581561;18,931888108346037;15,376832270176415;-9,056979496651355;15,376832270176415;-6,319852773525049;1,0;0,002324402906796697;;0,5718082641176387;0,9976755970932033;0,3975452125637026;0,03064652331865907;;
SIGMA;1250,0;25,0;37,5;37,5;BCC_B2 + SIGMA;85,55234183206196;28,51367146834751;36,598777663061185;34,887550868591305;18,298704925480386;14,820555884839408;-9,048766094090048;14,820555884839408;-5,771789790749352;1,0;0,002525079047735146;;0,5808980524659138;0,9974749209522649;0,38831853417273865;0,03078341336134737;;
SIGMA;1250,0;22,5;37,5;40,0;BCC_B2 + SIGMA;75,48768381420295;28,521393908770637;36,25704686183846;35,22155922939089;17,914974547271484;14,478825083616684;-9,041043653666922;14,478825083616684;-5,437781429949766;0,9999999999999999;0,002657954683372074;;0,5864353305602102;0,997342045316628;0,38265254873805726;0,0309121207017331;;
SIGMA;1250,0;20,0;37,5;42,5;BCC_B2 + SIGMA;65,50898015054696;28,527867717117637;36,02110854330526;35,45102373957711;17,652474071065775;14,242886765083483;-9,034569845319922;14,242886765083483;-5,208316919763547;0,9999999999999999;0,0027542584379533536;;0,5902383382289623;0,9972457415620466;0,37874164426352186;0,03102001750751643;;
SIGMA;1250,0;17,5;37,5;45,0;BCC_B2 + SIGMA;55,580253455129636;28,533240151841415;35,846568451606316;35,62019139655228;17,459605072701574;14,06834667338454;-9,029197410596144;14,06834667338454;-5,039149262788378;0,9999999999999999;0,0028280116206580814;;0,5930414095823913;0,9971719883793418;0,37584903233136235;0,031109558086245534;;
SIGMA;1250,0;15,0;37,5;47,5;BCC_B2 + SIGMA;45,68366783550809;28,537734626688472;35,711390867127975;35,75087450618356;17,311022613215496;13,933169088906197;-9,024702935749087;13,933169088906197;-4,9084661531571;1,0;0,0028866483645387454;;0,5952064310220507;0,9971133516354612;0,37360910297758604;0,03118446600036352;;
SIGMA;1250,0;50,0;40,0;10,0;FCC_A1 + SIGMA;7,6029665632674615;30,879229549384725;45,95312087184351;23,16764957877177;30,57859173327934;24,174899093621733;-6,683208013052834;24,174899093621733;-17,491691080568888;1,0;0,0008111496834243931;;0,3859472374943239;0,9991888503165757;0,5438433811270413;0,07020938137863407;;
SIGMA;1250,0;47,5;40,0;12,5;FCC_A1 + SIGMA;21,736704284014586;30,95296115535011;44,98349915887118;24,06353968577871;29,284649334468803;23,205277380649406;-6,609476407087449;23,205277380649406;-16,595800973561946;1,0;0,0009450864954571534;;0,4008489755417657;0,9990549135045429;0,5277127829801765;0,0714382414780572;;
SIGMA;1250,0;45,0;40,0;15,0;FCC_A1 + SIGMA;35,13824951330598;31,02088392127705;44,07973449797956;24,8993815807434;28,080699845067226;22,30151271975778;-6,541553641160508;22,30151271975778;-15,759959078597259;1,0;0,0010891545798746018;;0,41474765866130675;0,9989108454201253;0,5126820537618537;0,07257028757683977;;
SIGMA;1250,0;42,5;40,0;17,5;FCC_A1 + SIGMA;47,93873387479913;31,083807619745908;43,2338006781124;25,682391702141675;26,955955036509394;21,455578899890625;-6,478629942691651;21,455578899890625;-14,976948957198982;1,0;0,0012433620267709691;;0,4277635590297456;0,998756637973229;0,4986174250856004;0,07361901588465414;;
SIGMA;1250,0;40,0;40,0;20,0;FCC_A1 + SIGMA;60,23748097801804;31,14239616116346;42,43889183152832;26,41871200730822;25,901268753687695;20,660670053306546;-6,420041401274098;20,660670053306546;-14,240628652032438;1,0;0,0014077540031776866;;0,4399990325655419;0,9985922459968224;0,4854054758595114;0,07459549157494653;;
SIGMA;1250,0;37,5;40,0;22,5;FCC_A1 + SIGMA;72,11119132945088;31,197198492506583;41,68922231579296;27,113579191700456;24,908871202098698;19,911000537571184;-6,3652390699309755;19,911000537571184;-13,545761467640201;1,0;0,001582409529658486;;0,45154133996619444;0,9984175904703415;0,47294979626980643;0,0755088637639983;;
SIGMA;1250,0;35,0;40,0;25,0;FCC_A1 + SIGMA;83,62012518780455;31,24867245544297;40,97985286850377;27,77147467605327;23,972137075295613;19,201631090281992;-6,3137651069945875;19,201631090281992;-12,887865983287387;1,0;0,001767439261013566;;0,4624651469873294;0,9982325607389865;0,46116808986639934;0,0763667631462719;;
SIGMA;1250,0;32,5;40,0;27,5;FCC_A1 + SIGMA;94,81235975668551;31,29720316068504;40,30654538593721;28,396251453377747;23,085391369750102;18,528323607715436;-6,265234401752519;18,528323607715436;-12,26308920596291;1,0;0,00196298400256168;;0,47283463888905974;0,9980370159974383;0,44998975287730036;0,0771756082336394;;
SIGMA;1250,0;30,0;40,0;30,0;SIGMA;100,0;29,999999999997133;39,99999999958516;30,000000000417703;22,424210280795414;18,22177822136338;-7,562437562440426;18,22177822136338;-10,659340658922954;1,0;0,0017952359058082063;;0,4996010586945603;0,9982047640941917;0,44484338574993265;0,05555555555550819;;
SIGMA;1250,0;27,5;40,0;32,5;BCC_B2 + SIGMA;95,35077607021714;28,527316557221035;39,28492464297656;32,1877587998024;21,44494709661406;17,506702864754786;-9,035121005216524;17,506702864754786;-8,471581859538254;1,0;0,0017056030586186182;;0,536083623761458;0,9982943969413816;0,4329055447293022;0,031010831509239393;;
SIGMA;1250,0;25,0;40,0;35,0;BCC_B2 + SIGMA;84,77566872111686;28,50535118570156;38,19355832050604;33,3010904937924;20,14045513216871;16,415336542284265;-9,057086376735999;16,415336542284265;-7,358250165548256;1,0;0,0019958711315731376;;0,5545746479784128;0,9980041288684268;0,41478061003767275;0,03064474198391495;;
SIGMA;1250,0;22,5;40,0;37,5;BCC_B2 + SIGMA;74,52888632766398;28,503029092811115;37,55182723749993;33,94514366968897;19,389686748897123;15,773605459278151;-9,059408469626444;15,773605459278151;-6,71419698965169;1,0;0,0021922011642208942;;0,5652652386805448;0,9978077988357791;0,40412872088371454;0,030606040435740868;;
SIGMA;1250,0;20,0;40,0;40,0;BCC_B2 + SIGMA;64,43555513998868;28,5057693319706;37,12409727414347;34,370133393885936;18,896382251662033;15,345875495921696;-9,056668230466958;15,345875495921696;-6,289207265454721;0,9999999999999999;0,0023350881347865824;;0,5723166480903684;0,9976649118652134;0,3970316408212326;0,03065171108839889;;
SIGMA;1250,0;17,5;40,0;42,5;BCC_B2 + SIGMA;54,42608928753068;28,509836753544704;36,81430738752961;34,6758558589257;18,542802976152192;15,036085609307833;-9,052600808892855;15,036085609307833;-5,983484800414956;1,0;0,0024451072348047704;;0,5773875738188049;0,9975548927651953;0,3918929247332278;0,030719501447967233;;
SIGMA;1250,0;15,0;40,0;45,0;BCC_B2 + SIGMA;44,46829085031233;28,514097922831873;36,57730345505634;34,90859862211179;18,274471338181886;14,799081676834561;-9,048339639605686;14,799081676834561;-5,750742037228868;1,0;0,0025332062767314993;;0,5812470423070341;0,9974667937232685;0,38796243675687925;0,030790520936086665;;
SIGMA;1250,0;47,5;42,5;10,0;FCC_A1 + SIGMA;14,57162794696368;30,711134429012947;48,11658808493119;21,172277486055858;33,472309831442345;26,33836630670941;-6,8513031334246115;26,33836630670941;-19,4870631732848;0,9999999999999998;0,0005750283991374987;;0,3527435073455672;0,9994249716008625;0,5798486966153285;0,06740779603910495;;
SIGMA;1250,0;45,0;42,5;12,5;FCC_A1 + SIGMA;29,486958052977343;30,790998966328047;47,097101431461965;22,111899602210002;32,10771896793476;25,318879653240188;-6,771438596109512;25,318879653240188;-18,547441057130655;1,0;0,0006766379221268506;;0,36838129605413855;0,9993233620778732;0,5628798322848387;0,06873887166102297;;
SIGMA;1250,0;42,5;42,5;15,0;FCC_A1 + SIGMA;43,5259479254197;30,86441402734099;46,146477801968736;22,989108170690262;30,836869768485634;24,36825602374696;-6,698023535096567;24,36825602374696;-17,670232488650395;1,0;0,000786733419090042;;0,3829769731961511;0,9992132665809099;0,5470605707926103;0,06996245601123888;;
SIGMA;1250,0;40,0;42,5;17,5;FCC_A1 + SIGMA;56,856010279513015;30,932272557292894;45,256789268324695;23,810938174382414;29,649129593934283;23,478567490102918;-6,630165005144665;23,478567490102918;-16,848402484958243;1,0;0,0009053052639187378;;0,39664779062550265;0,9990946947360811;0,53225877786406;0,07109343151043697;;
SIGMA;1250,0;37,5;42,5;20,0;FCC_A1 + SIGMA;69,60206639435599;30,995311298881905;44,42115876518509;24,583529935933004;28,535266481529522;22,642936986963313;-6,567126263555654;22,642936986963313;-16,075810723407653;1,0;0,0010323708935492547;;0,4094960831780947;0,9989676291064508;0,5183598396183179;0,07214407720358725;;
SIGMA;1250,0;35,0;42,5;22,5;FCC_A1 + SIGMA;81,85925489001478;31,05414131313225;43,63365049963217;25,31220818723559;27,48730906767182;21,85542872141039;-6,50829624930531;21,85542872141039;-15,347132472105066;1,0;0,0011679722022298904;;0,4216105870756531;0,9988320277977701;0,5052648354832537;0,07312457744109294;;
SIGMA;1250,0;32,5;42,5;25,0;P_PHASE + SIGMA;92,48975450092199;31,886346952295558;42,82365005765983;25,290002990044602;26,671044157894457;21,045428279438056;-5,676090610142001;21,045428279438056;-15,369337669296055;1,0;0,0014313517294582913;;0,421181971671975;0,9985686482705417;0,49182335690087714;0,08699467142714842;;
SIGMA;1250,0;30,0;42,5;27,5;SIGMA;99,99999999999997;30,000000000001247;42,499999999557936;27,500000000440814;25,685614672749487;20,72177822133616;-7,562437562436312;20,72177822133616;-13,159340658899843;1,0;0,001242776909782171;;0,4580571606940618;0,998757223090218;0,4863872837503614;0,05555555555557623;;
SIGMA;1250,0;27,5;42,5;30,0;BCC_B2 + SIGMA;94,47408256521071;28,63090239949212;41,374653783156084;29,994443817351797;24,031905715968687;19,596432004934307;-8,93153516294544;19,596432004934307;-10,66489684198886;1,0;0,0012717290800032153;;0,49962479049364017;0,9987282709199968;0,46763794729260183;0,03273726221375736;;
SIGMA;1250,0;25,0;42,5;32,5;BCC_B2 + SIGMA;83,66876006661282;28,544129997373226;39,76578894147231;31,69008106115447;22,030207932069104;17,98756716325053;-9,018307565064333;17,98756716325053;-8,969259598186188;1,0;0,001592920790401262;;0,5278140352880407;0,9984070792095988;0,4408949092001829;0,031291055511775724;;
SIGMA;1250,0;22,5;42,5;35,0;BCC_B2 + SIGMA;73,28010217275894;28,51464519754146;38,79469392887822;32,69066087358031;20,854801093760734;17,01647215065644;-9,0477923648961;17,01647215065644;-7,968679785760344;1,0;0,0018297004903426119;;0,5444377477840402;0,9981702995096575;0,4247626100347131;0,030799642181246544;;
SIGMA;1250,0;20,0;42,5;37,5;BCC_B2 + SIGMA;63,104275492047755;28,505054952679053;38,16210166114419;33,33284338617676;20,103364446063836;16,383879882922415;-9,057382609758506;16,383879882922415;-7,326497273163895;1,0;0,002005021394427583;;0,5551018294597401;0,9979949786055724;0,4142583657733873;0,030639804766873256;;
SIGMA;1250,0;17,5;42,5;40,0;BCC_B2 + SIGMA;53,04283884634054;28,502880695608354;37,71476855883809;33,78235074555354;19,579123682851947;15,936546780616311;-9,059556866829205;15,936546780616311;-6,8769899137871136;1,0;0,002140373496037329;;0,5625635405378842;0,9978596265039625;0,40683289231308756;0,030603567149028142;;
SIGMA;1250,0;15,0;42,5;42,5;BCC_B2 + SIGMA;43,04890575382635;28,503732706291373;37,37837183286115;34,11789546084748;19,188937455808247;15,600150054639371;-9,058704856146186;15,600150054639371;-6,541445198493179;1,0;0,0022489274754151317;;0,5681318293529214;0,997751072524585;0,40125040332000034;0,030617767327078594;;
SIGMA;1250,0;47,5;45,0;7,5;BCC_B2 + FCC_A1 + SIGMA;1,0015515050141905;30,532155607215365;50,34229323222828;19,12555116055636;36,45593412021512;28,564071454006502;-7,030281955222193;28,564071454006502;-21,533789498784298;1,0;0,00040117680593824837;;0,31867003560795293;0,9995988231940618;0,6169051487162351;0,06442481567581146;;
SIGMA;1250,0;45,0;45,0;10,0;FCC_A1 + SIGMA;22,332161917554654;30,547290232010145;50,15739034535813;19,295319422631714;36,2078845561584;28,379168567136354;-7,015147330427414;28,379168567136354;-21,364021236708943;1,0;0,0004134777316385458;;0,32149677310349783;0,9995865222683615;0,6138261674741109;0,06467705942239131;;
SIGMA;1250,0;42,5;45,0;12,5;FCC_A1 + SIGMA;38,062568303394066;30,63315049506096;49,09669151960067;20,270157985338386;34,785522540082404;27,31846974137889;-6,929287067376599;27,31846974137889;-20,38918267400227;1,0;0,0004911648385494567;;0,33772681868040655;0,9995088351614506;0,596165117513022;0,06610806380657157;;
SIGMA;1250,0;40,0;45,0;15,0;FCC_A1 + SIGMA;52,75114516785728;30,711954612251585;48,10619807757425;21,181847310174167;33,45839505769634;26,32797629935247;-6,850482950185974;26,32797629935247;-19,47749334916649;1,0;0,0005759862868728088;;0,35290279155026427;0,9994240137131272;0,5796757426899868;0,06742146575974846;;
SIGMA;1250,0;37,5;45,0;17,5;FCC_A1 + SIGMA;66,60964808606332;30,784665493696252;47,17851496781957;22,03681953848418;32,216632059079096;25,40029318959779;-6,7777720687413066;25,40029318959779;-18,622521120856476;1,0;0,0006679306318909896;;0,3671318966120939;0,999332069368109;0,5642347896040797;0,06863331378382648;;
SIGMA;1250,0;35,0;45,0;20,0;FCC_A1 + SIGMA;79,7936604386692;30,852086399635002;46,306981478668504;22,840932121696493;31,05132119547855;24,528759700446727;-6,7103511628025565;24,528759700446727;-17,818408537644164;0,9999999999999999;0,0007670062490247233;;0,38051175619515826;0,9992329937509752;0,5497312482553696;0,06975699554947236;;
SIGMA;1250,0;32,5;45,0;22,5;FCC_A1 + SIGMA;92,41996836981356;30,91488743285464;45,48570996400026;23,59940260314511;29,95457236024866;23,70748818577848;-6,647550129582918;23,70748818577848;-17,05993805619555;1,0;0,0008732390335435376;;0,39312932360052;0,9991267609664565;0,536066996963014;0,0708036794364663;;
SIGMA;1250,0;30,0;45,0;25,0;SIGMA;100,00000000000004;30,000000000005965;44,99999999955769;25,000000000436344;29,011314956723364;23,22177822133591;-7,562437562431594;23,22177822133591;-15,659340658904313;1,0;0,0008589408376239276;;0,4164757909322448;0,999141059162376;0,5279686535121;0,055555555555654904;;
SIGMA;1250,0;27,5;45,0;27,5;BCC_B2 + SIGMA;93,11774434608148;28,805846523506222;43,41244054796696;27,781712928526826;26,656155093593537;21,634218769745182;-8,756591038931337;21,634218769745182;-12,877627730813831;1,0;0,0009622169550028115;;0,4628147228187797;0,9990377830449972;0,5015322795672276;0,035652997613992536;;
SIGMA;1250,0;25,0;45,0;30,0;BCC_B2 + SIGMA;82,25050892442465;28,631453756320074;41,382734640616405;29,985811603063528;24,042121762276334;19,60451286239463;-8,930983806117485;19,60451286239463;-10,673529056277129;0,9999999999999999;0,0012703070485325266;;0,4994812362624959;0,9987296929514674;0,4677723122432805;0,03274645149422342;;
SIGMA;1250,0;22,5;45,0;32,5;BCC_B2 + SIGMA;71,78603947528796;28,556502407361016;40,05951731874244;31,383980273896555;22,390733461348912;18,28129554052066;-9,005935155076543;18,28129554052066;-9,275360385444102;1,0;0,0015281682133797198;;0,5227267449619694;0,9984718317866202;0,445775992693125;0,03149726234490588;;
SIGMA;1250,0;20,0;45,0;35,0;BCC_B2 + SIGMA;61,55508522082022;28,524587908902493;39,19276996974377;32,28264212135374;21,333501669230444;17,414548191521995;-9,037849653535066;17,414548191521995;-8,376698537986918;1,0;0,0017281955905015611;;0,5376599918913397;0,9982718044094985;0,43137465407139647;0,030965354037263762;;
SIGMA;1250,0;17,5;45,0;37,5;BCC_B2 + SIGMA;51,460768369659945;28,510718760311054;38,59077181472774;32,898509424961205;20,611306446979697;16,81255003650596;-9,051718802126505;16,81255003650596;-7,760831234379452;0,9999999999999999;0,0018842674773003306;;0,5478897643099532;0,9981157325226996;0,42137603412930674;0,030734201560739742;;
SIGMA;1250,0;15,0;45,0;40,0;BCC_B2 + SIGMA;41,44766730849254;28,50491769503245;38,14680132159192;33,34828098337563;20,085334351252303;16,368579543370146;-9,057519867405109;16,368579543370146;-7,311059675965026;1,0;0,002009489037907141;;0,5553581299367257;0,997990510962093;0,41400435292384485;0,03063751713942984;;
SIGMA;1250,0;42,5;47,5;10,0;BCC_B2 + FCC_A1 + SIGMA;21,08881722911192;30,53215560721524;50,34229323223006;19,125551160554704;36,45593412021751;28,564071454008285;-7,030281955222318;28,564071454008285;-21,533789498785953;1,0;0,0004011768059381203;;0,31867003560792545;0,9995988231940618;0,6169051487162652;0,0644248156758096;;
SIGMA;1250,0;40,0;47,5;12,5;BCC_B2 + FCC_A1 + SIGMA;43,399545037973915;30,532155607215376;50,34229323222832;19,125551160556302;36,45593412021518;28,564071454006545;-7,030281955222183;28,564071454006545;-21,533789498784355;0,9999999999999999;0,00040117680593822994;;0,31867003560795215;0,9995988231940619;0,6169051487162361;0,06442481567581197;;
SIGMA;1250,0;37,5;47,5;15,0;FCC_A1 + SIGMA;62,929897243629796;30,56336575104635;49,96030496459244;19,4763292843612;35,943522223858864;28,18208318637066;-6,999071811391207;28,18208318637066;-21,183011374979458;1,0;0,0004269773758337489;;0,32451060421139033;0,9995730226241663;0,6105444110489483;0,06494498473966157;;
SIGMA;1250,0;35,0;47,5;17,5;FCC_A1 + SIGMA;77,30638800042546;30,640878075343924;49,000268577596394;20,358853347059686;34,656277970907354;27,222046799374617;-6,921559487093635;27,222046799374617;-20,30048731228097;1,0;0,0004988705616770234;;0,33920336232617765;0,999501129438323;0,5945597808625348;0,06623685681128767;;
SIGMA;1250,0;32,5;47,5;20,0;FCC_A1 + SIGMA;90,90953882646615;30,7126347519193;48,0975808552091;21,189784392871598;33,44685459022393;26,319359076987325;-6,849802810518259;26,319359076987325;-19,46955626646906;1,0;0,0005767818881000226;;0,3530348994616155;0,9994232181118998;0,579532299117507;0,0674328014208771;;
SIGMA;1250,0;30,0;47,5;22,5;SIGMA;100,00000000000004;30,000000000010267;47,499999999584695;22,500000000405038;32,3815069124626;25,721778221362918;-7,5624375624272915;25,721778221362918;-18,15934065893562;1,0;0,000591126875715393;;0,37486863847881396;0,9994088731242847;0,5695758059654596;0,055555555555726825;;
SIGMA;1250,0;27,5;47,5;25,0;BCC_B2 + SIGMA;91,09277770472066;29,044605427373266;45,36543703656834;25,58995753605839;29,257417788331477;23,58721525834656;-8,517832135064292;23,58721525834656;-15,069383123282268;0,9999999999999999;0,0007403411470148106;;0,4263347720127478;0,9992596588529852;0,5340329153088093;0,03963231267844356;;
SIGMA;1250,0;25,0;47,5;27,5;BCC_B2 + SIGMA;80,41410380229742;28,769348810445567;43,04920817280238;28,181443016752063;26,181504952499562;21,270986394580603;-8,793088751991991;21,270986394580603;-12,477897642588594;1,0;0,001010814710018296;;0,4694660914547525;0,9989891852899817;0,49548920614893277;0,03504470239631507;;
SIGMA;1250,0;22,5;47,5;30,0;BCC_B2 + SIGMA;70,02370554891134;28,63181842209122;41,38807016704977;29,98011141085901;24,04886794434129;19,60984838882799;-8,930619140346337;19,60984838882799;-10,679229248481647;1,0;0,001269369077756246;;0,4993864414970375;0,9987306309222438;0,4678610292458861;0,03275252925707578;;
SIGMA;1250,0;20,0;47,5;32,5;BCC_B2 + SIGMA;59,79990686945364;28,56587418276312;40,26049554933085;31,173630267906034;22,638712375594515;18,48227377110907;-8,996563379674438;18,48227377110907;-9,485710391434623;0,9999999999999999;0,0014855414287768046;;0,5192303841475945;0,9985144585712232;0,4491161572507977;0,031653458601607384;;
SIGMA;1250,0;17,5;47,5;35,0;BCC_B2 + SIGMA;49,69987936363987;28,533590863349982;39,47919871701605;31,98721041963397;21,680648057606266;17,70097693879427;-9,028846699087577;17,70097693879427;-8,672130239706686;0,9999999999999999;0,0016590447574854439;;0,5327514970477916;0,9983409552425146;0,436133099674153;0,03111540327805525;;
SIGMA;1250,0;15,0;47,5;37,5;BCC_B2 + SIGMA;39,68361785511105;28,517253844497887;38,911617314349925;32,57112884115218;20,994946094348055;17,13339553612815;-9,045183717939672;17,13339553612815;-8,088211818188476;1,0;0,0017992119257675143;;0,5424523224801436;0,9982007880742326;0,4267045578893361;0,030843119630520482;;
SIGMA;1250,0;40,0;50,0;10,0;BCC_B2 + FCC_A1 + SIGMA;18,865355121805084;30,53215560721568;50,34229323222513;19,125551160559198;36,45593412021091;28,564071454003354;-7,030281955221877;28,564071454003354;-21,53378949878146;1,0;0,0004011768059384454;;0,31867003560800017;0,9995988231940616;0,6169051487161826;0,06442481567581673;;
SIGMA;1250,0;37,5;50,0;12,5;BCC_B2 + FCC_A1 + SIGMA;41,17608293770173;30,53215560721494;50,34229323223411;19,12555116055095;36,45593412022296;28,564071454012335;-7,03028195522262;28,564071454012335;-21,53378949878971;1,0;0,0004011768059378578;;0,318670035607863;0,9995988231940621;0,6169051487163325;0,06442481567580455;;
SIGMA;1250,0;35,0;50,0;15,0;BCC_B2 + FCC_A1 + SIGMA;63,48681074809546;30,53215560721473;50,34229323223624;19,125551160549044;36,4559341202258;28,56407145401446;-7,030281955222829;28,56407145401446;-21,533789498791613;1,0;0,000401176805937724;;0,31867003560783125;0,9995988231940623;0,6169051487163677;0,064424815675801;;
SIGMA;1250,0;32,5;50,0;17,5;BCC_B2 + FCC_A1 + SIGMA;85,79753849869212;30,532155607215408;50,34229323222856;19,125551160556036;36,455934120215524;28,564071454006786;-7,030281955222151;28,564071454006786;-21,53378949878462;0,9999999999999999;0,0004011768059382302;;0,3186700356079475;0,9995988231940617;0,6169051487162398;0,0644248156758122;;
SIGMA;1250,0;30,0;50,0;20,0;BCC_B2 + SIGMA;98,97736240312338;30,084257915524642;49,81978347427745;20,09595861019791;35,56831503577595;28,041561696055673;-7,478179646912917;28,041561696055673;-20,563382049142746;1,0;0,0004183344262304607;;0,33483968029746947;0,9995816655737695;0,6082004655548975;0,05695985414763278;;
SIGMA;1250,0;27,5;50,0;22,5;BCC_B2 + SIGMA;87,89207721315533;29,34409434804266;47,17767185230094;23,478233799656405;31,746868541308444;25,399450074079162;-8,2183432143949;25,399450074079162;-17,181106859684252;1,0;0,0005828740932845748;;0,3911743690846545;0,9994171259067154;0,5642018362257454;0,044623794689599816;;
SIGMA;1250,0;25,0;50,0;25,0;BCC_B2 + SIGMA;77,90455228778451;28,95876383138172;44,73111285084556;26,310123317772714;28,403493598107737;22,952891072623785;-8,603673731055839;22,952891072623785;-14,349217341567943;0,9999999999999999;0,0008057364863407676;;0,43832300274369174;0,9991942635136594;0,5234753778443905;0,03820161941191768;;
SIGMA;1250,0;22,5;50,0;27,5;BCC_B2 + SIGMA;67,87130824176351;28,744653604868535;42,789178402815395;28,466167992316073;25,84351121443817;21,010956624593618;-8,817783957569024;21,010956624593618;-12,193172667024584;1,0;0,0010472199676514957;;0,4742034176569008;0,9989527800323484;0,49116346670640126;0,03463311563669774;;
SIGMA;1250,0;20,0;50,0;30,0;BCC_B2 + SIGMA;57,79507794475377;28,632077567179675;41,39185739301196;29,976065039808365;24,05365688700081;19,613635614790184;-8,930359995257884;19,613635614790184;-10,683275619532292;1,0;0,0012687037520715593;;0,4993191498296791;0,9987312962479286;0,4679240018284376;0,03275684834188351;;
SIGMA;1250,0;17,5;50,0;32,5;BCC_B2 + SIGMA;47,75193142945154;28,573203468559555;40,407740746591244;31,019055784849208;22,821051663951096;18,629518968369467;-8,989234093878004;18,629518968369467;-9,64028487449145;1,0;0,0014551441372527298;;0,5166608977169863;0,9985448558627472;0,45156348891813264;0,031775613364881605;;
SIGMA;1250,0;15,0;50,0;35,0;BCC_B2 + SIGMA;37,761902939099556;28,54145225536485;39,696755714534405;31,761792030100757;21,945806112943263;17,918533936312627;-9,02098530707271;17,918533936312627;-8,8975486292399;0,9999999999999999;0,001608576754171926;;0,5290057390007522;0,9983914232458281;0,439747834520945;0,03124642647830307;;
SIGMA;1250,0;37,5;52,5;10,0;BCC_B2 + FCC_A1 + SIGMA;16,641893063361408;30,532155607215124;50,34229323223115;19,125551160553727;36,45593412021897;28,564071454009373;-7,030281955222435;28,564071454009373;-21,53378949878693;0,9999999999999998;0,0004011768059380462;;0,3186700356079092;0,9995988231940621;0,616905148716283;0,06442481567580757;;
SIGMA;1250,0;35,0;52,5;12,5;BCC_B2 + FCC_A1 + SIGMA;38,952620882029365;30,532155607215316;50,34229323222837;19,12555116055631;36,45593412021523;28,564071454006594;-7,030281955222243;28,564071454006594;-21,533789498784348;0,9999999999999999;0,00040117680593822696;;0,3186700356079522;0,9995988231940618;0,6169051487162369;0,06442481567581086;;
SIGMA;1250,0;32,5;52,5;15,0;BCC_B2 + FCC_A1 + SIGMA;61,263348697936294;30,53215560721525;50,34229323222976;19,125551160554977;36,455934120217115;28,56407145400798;-7,030281955222311;28,56407145400798;-21,53378949878568;1,0;0,0004011768059381431;;0,31867003560793006;0,9995988231940619;0,6169051487162601;0,06442481567580971;;
SIGMA;1250,0;30,0;52,5;17,5;BCC_B2 + SIGMA;83,43350958913767;30,52086986048272;50,338668873917506;19,140461265599782;36,44646737846637;28,56044709569573;-7,04156770195484;28,56044709569573;-21,518879393740875;1,0;0,00040101291158630553;;0,31891857377964383;0,9995989870884137;0,616844706323422;0,0642367198969342;;
SIGMA;1250,0;27,5;52,5;20,0;BCC_B2 + SIGMA;82,12693514906519;29,69527839017715;48,718014945490644;21,586706664332205;33,93243311117639;26,939793167268867;-7,867159172260408;26,939793167268867;-19,072633995008452;1,0;0,00047794138652033214;;0,3596722352085325;0,9995220586134796;0,5898509027329603;0,05047686205850848;;
SIGMA;1250,0;25,0;52,5;22,5;BCC_B2 + SIGMA;74,22166857937755;29,19859168835788;46,36495330766686;24,43645500397526;30,62096184141558;24,586731529445082;-8,36384587407968;24,586731529445082;-16,222885655365396;1,0;0,0006485157713692871;;0,4071301354503945;0,9993514842286308;0,5506711141880852;0,0421987503615202;;
SIGMA;1250,0;22,5;52,5;25,0;BCC_B2 + SIGMA;65,08192732395852;28,898486037034885;44,24448990990593;26,8570240530592;27,754300630700232;22,466268131684153;-8,663951525402673;22,466268131684153;-13,802316606281458;0,9999999999999999;0,0008600652775667931;;0,4474259419337495;0,9991399347224331;0,5153770685601137;0,03719698950613707;;
SIGMA;1250,0;20,0;52,5;27,5;BCC_B2 + SIGMA;55,42147773715252;28,727116432808312;42,59648136898128;28,6764021982104;25,594015824312482;20,818259590759503;-8,835321129629246;20,818259590759503;-11,982938461130257;1,0;0,001075107413385846;;0,4777011238783096;0,9989248925866141;0,4879580466859957;0,03434082943569393;;
SIGMA;1250,0;17,5;52,5;30,0;BCC_B2 + SIGMA;45,565318866671625;28,632271232697722;41,39468530209695;29,97304346520533;24,057232999281712;19,616463523875176;-8,930166329739837;19,616463523875176;-10,686297194135328;1,0;0,0012682072034814328;;0,49926890059709284;0,9987317927965185;0,46797102330238943;0,0327600761005175;;
SIGMA;1250,0;15,0;52,5;32,5;BCC_B2 + SIGMA;35,663478825148026;28,57909106244159;40,52072094683197;30,900187990726437;22,96133380780968;18,742499168610195;-8,983346499995967;18,742499168610195;-9,75915266861422;1,0;0,0014322850409938805;;0,5146848476141084;0,998567714959006;0,4534414124563092;0,03187373992958195;;
SIGMA;1250,0;35,0;55,0;10,0;BCC_B2 + FCC_A1 + SIGMA;14,418430994231723;30,53215560721512;50,3422932322313;19,125551160553577;36,455934120219176;28,56407145400952;-7,0302819552224385;28,56407145400952;-21,53378949878708;1,0;0,00040117680593805213;;0,3186700356079066;0,9995988231940621;0,6169051487162852;0,06442481567580734;;
SIGMA;1250,0;32,5;55,0;12,5;BCC_B2 + FCC_A1 + SIGMA;36,729158812215296;30,53215560721528;50,34229323222987;19,125551160554842;36,45593412021728;28,564071454008094;-7,030281955222279;28,564071454008094;-21,533789498785815;1,0;0,00040117680593814066;;0,3186700356079278;0,9995988231940619;0,6169051487162619;0,06442481567581021;;
SIGMA;1250,0;30,0;55,0;15,0;BCC_B2 + FCC_A1 + SIGMA;59,03988662990961;30,532155607215124;50,34229323223172;19,125551160553165;36,455934120219744;28,56407145400994;-7,030281955222435;28,56407145400994;-21,533789498787492;1,0;0,0004011768059380229;;0,31867003560789986;0,999598823194062;0,6169051487162925;0,06442481567580764;;
SIGMA;1250,0;27,5;55,0;17,5;BCC_B2 + SIGMA;70,79569058842895;30,042654599002518;49,73100786238491;20,22633753861258;35,43180777515924;27,95278608416313;-7,519782963435041;27,95278608416313;-20,433003120728078;1,0;0,0004225292298630468;;0,3370117302591289;0,999577470770137;0,6067218042019401;0,05626646553893072;;
SIGMA;1250,0;25,0;55,0;20,0;BCC_B2 + SIGMA;68,35618112454864;29,48062172323488;47,84238521219991;22,676993064565202;32,6805934430701;26,06416343397813;-8,08181583920268;26,06416343397813;-17,982347594775455;0,9999999999999999;0,0005346038185215054;;0,3778310835608598;0,9994653961814784;0,5752696654963367;0,04689925094280365;;
SIGMA;1250,0;22,5;55,0;22,5;BCC_B2 + SIGMA;61,215526851104926;29,094658242139175;45,70811698538535;25,197224772475472;29,722385485387136;23,929895207163575;-8,467779320298384;23,929895207163575;-15,462115886865185;1,0;0,0007073854822973818;;0,41979654943408085;0,9992926145177027;0,5397369243080444;0,04046652625787529;;
SIGMA;1250,0;20,0;55,0;25,0;BCC_B2 + SIGMA;52,457820354991846;28,854855873341627;43,86688777497958;27,278256351678802;27,25407422088223;22,088665996757804;-8,707581689095932;22,088665996757804;-13,381084307661855;1,0;0,0009049097849103958;;0,45443651479799985;0,9990950902150896;0,5090936650907507;0,036469820111249246;;
SIGMA;1250,0;17,5;55,0;27,5;BCC_B2 + SIGMA;43,02926035582219;28,714141225439977;42,449118605659;28,836740168901027;25,403783302382788;20,670896827437225;-8,848296336997581;20,670896827437225;-11,82260049043963;1,0;0,0010969737406954015;;0,48036856420597346;0,9989030262593044;0,485506859814471;0,03412457597955495;;
SIGMA;1250,0;15,0;55,0;30,0;BCC_B2 + SIGMA;33,33480953578623;28,632421465312785;41,3968776047721;29,970700929915118;24,060005469679314;19,618655826550324;-8,930016097124774;19,618655826550324;-10,688639729425539;1,0;0,0012678224058987279;;0,4992299438528299;0,9987321775941012;0,4680074761697348;0,032762579977435355;;
SIGMA;1250,0;32,5;57,5;10,0;BCC_B2 + FCC_A1 + SIGMA;12,194968923016093;30,532155607215437;50,34229323222719;19,125551160557357;36,45593412021366;28,564071454005415;-7,030281955222122;28,564071454005415;-21,5337894987833;0,9999999999999998;0,0004011768059383059;;0,3186700356079698;0,9995988231940616;0,6169051487162177;0,06442481567581314;;
SIGMA;1250,0;30,0;57,5;12,5;BCC_B2 + FCC_A1 + SIGMA;34,5056967421437;30,53215560721557;50,34229323222539;19,125551160559038;36,455934120211225;28,56407145400361;-7,030281955221987;28,56407145400361;-21,53378949878162;1,0;0,00040117680593843057;;0,31867003560799767;0,9995988231940615;0,6169051487161873;0,0644248156758151;;
SIGMA;1250,0;27,5;57,5;15,0;BCC_B2 + SIGMA;52,61274319059473;30,287740623290734;50,1546771628919;19,557582213817376;36,10302820052384;28,376455384670123;-7,274696939146825;28,376455384670123;-21,10175844552328;1,0;0,0004043938402082023;;0,3258698382657989;0,9995956061597917;0,6137789291238004;0,060351232610401165;;
SIGMA;1250,0;25,0;57,5;17,5;BCC_B2 + SIGMA;58,541473739335856;29,775172104343707;48,994326811272835;21,230501084383466;34,33420573880094;27,216105033051058;-7,787265458093852;27,216105033051058;-19,42883957495719;1,0;0,0004616714424583452;;0,3537390910858447;0,9995383285575417;0,5944524849528712;0,05180842396128383;;
SIGMA;1250,0;22,5;57,5;20,0;BCC_B2 + SIGMA;55,49681261634787;29,328878428280465;47,09796615063005;23,57315542108949;31,635718374893816;25,319744372408273;-8,233559134157094;25,319744372408273;-17,08618523825117;1,0;0,0005889803050215504;;0,3927550391725979;0,9994110196949784;0,5628747648005058;0,04437019602689677;;
SIGMA;1250,0;20,0;57,5;22,5;BCC_B2 + SIGMA;48,52925808280765;29,017875343600597;45,17458788590012;25,80753677049929;28,999578778125368;23,39636610767834;-8,544562218836962;23,39636610767834;-14,851803888841367;1,0;0,0007594009347054824;;0,42995685707838677;0,9992405990652945;0,5308563316393806;0,039186811282232004;;
SIGMA;1250,0;17,5;57,5;25,0;BCC_B2 + SIGMA;39,950151225415574;28,822360272901566;43,56950840843142;27,608131318667013;26,862300521010912;21,79128663020964;-8,740077289535993;21,79128663020964;-13,051209340673644;1,0;0,0009419831702387547;;0,4599261923843973;0,9990580168297611;0,5041455808450213;0,035928226770581745;;
SIGMA;1250,0;15,0;57,5;27,5;BCC_B2 + SIGMA;30,674844749132536;28,704209556926063;42,3333189984778;28,96247144459614;25,254642633754354;20,555097220256023;-8,858228005511496;20,555097220256023;-11,696869214744517;0,9999999999999999;0,001114493220726675;;0,4824601922497742;0,9988855067792732;0,48358075957923596;0,03395904817098997;;
SIGMA;1250,0;30,0;60,0;10,0;BCC_B2 + FCC_A1 + SIGMA;9,971506848315412;30,53215560721577;50,34229323222346;19,12555116056075;36,455934120208674;28,564071454001684;-7,030281955221788;28,564071454001684;-21,533789498779907;0,9999999999999999;0,00040117680593855845;;0,31867003560802615;0,9995988231940615;0,6169051487161552;0,06442481567581847;;
SIGMA;1250,0;27,5;60,0;12,5;BCC_B2 + SIGMA;30,70945010033379;30,4283634423804;50,290759088823656;19,280877468795953;36,34416715001746;28,51253731060188;-7,134074120057157;28,51253731060188;-21,378463190544704;1,0;0,00040079986694079934;;0,3212588911761678;0,9995992001330594;0,6160461625619363;0,06269494626189537;;
SIGMA;1250,0;25,0;60,0;15,0;BCC_B2 + SIGMA;43,371537306021274;30,027257130691865;49,69639723609903;20,276345633209104;35,37894785421249;27,918175457877254;-7,535180431745694;27,918175457877254;-20,382995026131553;0,9999999999999998;0,000424203069979728;;0,337844826537934;0,9995757969300203;0,6061453323949794;0,05600984106708672;;
SIGMA;1250,0;22,5;60,0;17,5;BCC_B2 + SIGMA;46,69251194914848;29,58382876199353;48,288162331696654;22,1280089063098;33,314342302980926;26,509940553474877;-7,978608800444029;26,509940553474877;-18,531331753030855;1,0;0,0005047929593388276;;0,36868797222531013;0,9994952070406613;0,5826926595192413;0,048619368255447534;;
SIGMA;1250,0;20,0;60,0;20,0;BCC_B2 + SIGMA;43,0194231526019;29,214947796947317;46,46219334129388;24,322858861758807;30,754831734773642;24,683971563072106;-8,347489765490241;24,683971563072106;-16,33648179758185;1,0;0,0006402565258730973;;0,4052387018013415;0,9993597434741269;0,5522899460273142;0,04247135217134405;;
SIGMA;1250,0;17,5;60,0;22,5;BCC_B2 + SIGMA;36,01169069595199;28,959857997302013;44,73960848027841;26,30053352241958;28,41487281075118;22,961386702056636;-8,602579565135546;22,961386702056636;-14,358807136921076;0,9999999999999999;0,0008048211001788081;;0,4381633762402867;0,9991951788998211;0,5236167682491245;0,03821985551058918;;
SIGMA;1250,0;15,0;60,0;25,0;BCC_B2 + SIGMA;27,515229575938083;28,797507008035435;43,33147129626679;27,871021695697777;26,55009744476407;21,553249518045014;-8,764930554402124;21,553249518045014;-12,78831896364288;1,0;0,0009728288923879232;;0,46430084406332117;0,9990271711076121;0,5001851502471995;0,03551400568947947;;
SIGMA;1250,0;27,5;62,5;10,0;BCC_B2 + SIGMA;7,450976823782909;30,511433750244564;50,33527042408661;19,15329582566882;36,43805217776814;28,557048645864832;-7,051003812192995;28,557048645864832;-21,506044833671837;1,0;0,0004008988161165475;;0,31913250846867675;0,9995991011838835;0,6167880401383585;0,06407945139296513;;
SIGMA;1250,0;25,0;62,5;12,5;BCC_B2 + SIGMA;23,83888121831425;30,206365493085297;50,04047473910872;19,753159767805986;35,915667029643714;28,26225296088694;-7,356072069352262;28,26225296088694;-20,90618089153467;1,0;0,0004086934062376985;;0,3291285087064915;0,9995913065937623;0,6118765108531985;0,058994980440310665;;
SIGMA;1250,0;22,5;62,5;15,0;BCC_B2 + SIGMA;33,57022925385601;29,824654863666776;49,152371542686154;21,022973593647073;34,56594086610948;27,374149764464377;-7,737782698770783;27,374149764464377;-19,636367065693584;1,0;0,00045272656208042276;;0,3502822873247667;0,9995472734379195;0,5970845760585648;0,05263313661666857;;
SIGMA;1250,0;20,0;62,5;17,5;BCC_B2 + SIGMA;34,99533792603531;29,436346511502126;47,63648737219501;22,927166116302864;32,39001805064811;25,858265593973236;-8,126091050935432;25,858265593973236;-17,732174543037793;1,0;0,0005490583868928352;;0,38199742229684913;0,9994509416131071;0,5718412469558927;0,04616133074725736;;
SIGMA;1250,0;17,5;62,5;20,0;BCC_B2 + SIGMA;30,714295185119827;29,12722385108231;45,92149516964683;24,95128097927086;30,013224074097124;24,143273391425055;-8,43521371135525;24,143273391425055;-15,708059680069798;1,0;0,0006876579381815438;;0,41570187011269594;0,9993123420618184;0,5432888434803761;0,041009286406927185;;
SIGMA;1250,0;15,0;62,5;22,5;BCC_B2 + SIGMA;23,589084506739987;28,915143413294697;44,382777698233326;26,702078888471966;27,938267673269976;22,60455592001155;-8,647294149142862;22,60455592001155;-13,95726177086869;1,0;0,0008442400963759579;;0,44484703923089375;0,9991557599036239;0,5176783483253057;0,03747461244380047;;
SIGMA;1250,0;25,0;65,0;10,0;BCC_B2 + SIGMA;1,9479392033601342;30,326040198832406;50,1993908302758;19,4745689708918;36,17903880123309;28,421169052054026;-7,236397363605153;28,421169052054026;-21,18477168844886;1,0;0,0004029394780706263;;0,3244866074086252;0,9995970605219293;0,6145238337219452;0,060989558869428674;;
SIGMA;1250,0;22,5;65,0;12,5;BCC_B2 + SIGMA;16,163007900229903;30,01903375047079;49,677524002033394;20,303442247495813;35,35019951569329;27,899302223811617;-7,543403811966769;27,899302223811617;-20,355898411844844;1,0;0,00042512425180481027;;0,3382962320689737;0,9995748757481953;0,6058309832009579;0,05587278473006886;;
SIGMA;1250,0;20,0;65,0;15,0;BCC_B2 + SIGMA;23,41133898069635;29,659598645285943;48,58609031858038;21,75431103613367;33,741914937980745;26,807868540358605;-7,902838917151616;26,807868540358605;-18,905029623206985;1,0;0,00048598466622109865;;0,36246385400973413;0,9995140153337788;0,5876539463466107;0,049882199643654326;;
SIGMA;1250,0;17,5;65,0;17,5;BCC_B2 + SIGMA;23,321673592384087;29,319526351895686;47,0483908087707;23,632082839333613;31,566668131533643;25,27016903054892;-8,242911210541873;25,27016903054892;-17,027257820007044;1,0;0,0005928136032000727;;0,3937363109659602;0,9994071863968;0,5620493609468893;0,044214328087150284;;
SIGMA;1250,0;15,0;65,0;20,0;BCC_B2 + SIGMA;18,48640417316139;29,05859859025121;45,46311479220496;25,478286617543827;29,38968928329561;23,684893013983185;-8,503838972186347;23,684893013983185;-15,18105404179683;1,0;0,0007307839052321519;;0,4244757138690121;0,9992692160947679;0,5356587540712453;0,039865532059742345;;
SIGMA;1250,0;20,0;67,5;12,5;BCC_B2 + SIGMA;7,863776892399511;29,85691565390274;49,250061581302226;20,89302276479504;34,71000393484938;27,47183980308045;-7,70552190853482;27,47183980308045;-19,766317894545615;1,0;0,0004473349925763593;;0,3481176383037894;0,9995526650074236;0,5987115452422767;0,05317081645393466;;
SIGMA;1250,0;17,5;67,5;15,0;BCC_B2 + SIGMA;12,951947362254584;29,52266606764813;48,02966631677594;22,44766761557592;32,94603619712394;26,25144453855416;-8,039771494789427;26,25144453855416;-18,211673043764737;1,0;0,0005218343777796749;;0,37401183039786995;0,9994781656222204;0,5783881795857726;0,04759999001635802;;
SIGMA;1250,0;15,0;67,5;17,5;BCC_B2 + SIGMA;11,61236507608357;29,2258503868566;46,52614328861991;24,24800632452349;30,84299271260875;24,747921510398136;-8,33658717558096;24,747921510398136;-16,411334334817166;0,9999999999999999;0,0006348865810449926;;0,4039923528351592;0,9993651134189551;0,553354585161675;0,04265306200316557;;
SIGMA;1250,0;15,0;70,0;15,0;BCC_B2 + SIGMA;2,224051695944282;29,408475180871065;47,50219284178361;23,089331977345328;32,20116449578119;25,723971063561834;-8,153962381566494;25,723971063561834;-17,57000868199533;1,0;0,0005587242428374638;;0,3846980386795693;0,9994412757571626;0,5696051527503573;0,04569680857007327;;
