"Время, ч","AL, матрица, ат.%","CR, матрица, ат.%","NI, матрица, ат.%"
0.0,5.2,14.2,80.60000000000001
1.024e-05,5.2,14.2,80.60000000000001
2.049024e-05,5.2,14.2,80.60000000000001
3.075073024e-05,5.2,14.2,80.60000000000001
4.102148097024e-05,5.2,14.2,80.60000000000001
5.1302502451210234e-05,5.2,14.2,80.60000000000001
6.159380495366144e-05,5.2,14.2,80.60000000000001
7.18953987586151e-05,5.2,14.2,80.60000000000001
8.220729415737373e-05,5.2,14.2,80.60000000000001
9.25295014515311e-05,5.2,14.2,80.60000000000001
0.00010286203095298264,5.2,14.2,80.60000000000001
0.00011320489298393563,5.2,14.2,80.60000000000001
0.00012355809787691955,5.2,14.2,80.60000000000001
0.0001339216559747965,5.2,14.2,80.60000000000001
0.00014429557763077127,5.2,14.2,80.60000000000001
0.000154679873208402,5.2,14.2,80.60000000000001
0.00016507455308161038,5.2,14.2,80.60000000000001
0.00017547962763469195,5.2,14.2,80.60000000000001
0.00018589510726232662,5.2,14.2,80.60000000000001
0.00019632100236958888,5.2,14.2,80.60000000000001
0.0002067573233719584,5.2,14.2,80.60000000000001
0.0002172040806953303,5.2,14.2,80.60000000000001
0.00022766128477602556,5.2,14.2,80.60000000000001
0.0002381289460608015,5.2,14.2,80.60000000000001
0.00024860707500686224,5.2,14.2,80.60000000000001
0.000259095682081869,5.2,14.2,80.60000000000001
0.0002695947777639508,5.2,14.2,80.60000000000001
0.0002801043725417147,5.2,14.2,80.60000000000001
0.0002906244769142563,5.2,14.2,80.60000000000001
0.00030115510139117047,5.2,14.2,80.60000000000001
0.00031169625649256154,5.2,14.2,80.60000000000001
0.000322247952749054,5.2,14.2,80.60000000000001
0.00033281020070180295,5.2,14.2,80.60000000000001
0.00034338301090250465,5.2,14.2,80.60000000000001
0.00035396639391340704,5.2,14.2,80.60000000000001
0.00036456036030732027,5.2,14.2,80.60000000000001
0.0003751649206676274,5.2,14.2,80.60000000000001
0.0003857800855882949,5.2,14.2,80.60000000000001
0.00039640586567388306,5.2,14.2,80.60000000000001
0.0004070422715395568,5.2,14.2,80.60000000000001
0.00041768931381109615,5.2,14.2,80.60000000000001
0.0004283470031249071,5.2,14.2,80.60000000000001
0.00043901535012803183,5.2,14.2,80.60000000000001
0.0004496943654781597,5.2,14.2,80.60000000000001
0.0004603840598436377,5.2,14.2,80.60000000000001
0.0004710844439034811,5.2,14.2,80.60000000000001
0.0004817955283473845,5.2,14.2,80.60000000000001
0.0004925173238757317,5.2,14.2,80.60000000000001
0.0005032498411996073,5.2,14.2,80.60000000000001
0.0005139930910408066,5.2,14.2,80.60000000000001
0.0005247470841318473,5.2,14.2,80.60000000000001
0.000535511831215979,5.2,14.2,80.60000000000001
0.0005462873430471948,5.2,14.2,80.60000000000001
0.0005570736303902419,5.2,14.2,80.60000000000001
0.000567870704020632,5.2,14.2,80.60000000000001
0.0005786785747246524,5.2,14.2,80.60000000000001
0.0005894972532993769,5.2,14.2,80.60000000000001
0.0006003267505526762,5.2,14.2,80.60000000000001
0.0006111670773032287,5.2,14.2,80.60000000000001
0.0006220182443805319,5.2,14.2,80.60000000000001
0.0006328802626249123,5.2,14.2,80.60000000000001
0.0006437531428875371,5.2,14.2,80.60000000000001
0.0006546368960304246,5.2,14.2,80.60000000000001
0.000665531532926455,5.2,14.2,80.60000000000001
0.0006764370644593815,5.2,14.2,80.60000000000001
0.0006873535015238409,5.2,14.2,80.60000000000001
0.0006982808550253648,5.2,14.2,80.60000000000001
0.0007092191358803901,5.2,14.2,80.60000000000001
0.0007201683550162705,5.2,14.2,80.60000000000001
0.0007311285233712868,5.2,14.2,80.60000000000001
0.0007420996518946581,5.2,14.2,80.60000000000001
0.0007530817515465528,5.2,14.2,80.60000000000001
0.0007640748332980993,5.2,14.2,80.60000000000001
0.0007750789081313973,5.2,14.2,80.60000000000001
0.0007860939870395289,5.2,14.2,80.60000000000001
0.0007971200810265684,5.2,14.2,80.60000000000001
0.0008081572011075949,5.2,14.2,80.60000000000001
0.0008192053583087023,5.2,14.2,80.60000000000001
0.0008302645636670109,5.2,14.2,80.60000000000001
0.0008413348282306777,5.2,14.2,80.60000000000001
0.0008524161630589082,5.2,14.2,80.60000000000001
0.0008635085792219671,5.2,14.2,80.60000000000001
0.0008746120878011888,5.2,14.2,80.60000000000001
0.0008857266998889898,5.2,14.2,80.60000000000001
0.0008968524265888788,5.2,14.2,80.60000000000001
0.0009079892790154675,5.2,14.2,80.60000000000001
0.0009191372682944829,5.2,14.2,80.60000000000001
0.0009302964055627773,5.2,14.2,80.60000000000001
0.00094146670196834,5.2,14.2,80.60000000000001
0.0009526481686703081,5.2,14.2,80.60000000000001
0.0009638408168389782,5.2,14.2,80.60000000000001
0.000975044657655817,5.2,14.2,80.60000000000001
0.0009862597023134725,5.2,14.2,80.60000000000001
0.0009974859620157858,5.2,14.2,80.60000000000001
0.0010087234479778013,5.2,14.2,80.60000000000001
0.0010199721714257788,5.2,14.2,80.60000000000001
0.0010312321435972044,5.2,14.2,80.60000000000001
0.0010425033757408015,5.2,14.2,80.60000000000001
0.0010537858791165422,5.2,14.2,80.60000000000001
0.0010650796649956584,5.2,14.2,80.60000000000001
0.0010763847446606538,5.2,14.2,80.60000000000001
0.0010877011294053143,5.2,14.2,80.60000000000001
0.0010990288305347195,5.2,14.2,80.60000000000001
0.001110367859365254,5.2,14.2,80.60000000000001
0.001121718227224619,5.2,14.2,80.60000000000001
0.0011330799454518435,5.2,14.2,80.60000000000001
0.0011444530253972953,5.2,14.2,80.60000000000001
0.0011558374784226924,5.2,14.2,80.60000000000001
0.001167233315901115,5.2,14.2,80.60000000000001
0.001178640549217016,5.2,14.2,80.60000000000001
0.001190059189766233,5.2,14.2,80.60000000000001
0.001201489248955999,5.2,14.2,80.60000000000001
0.001212930738204955,5.2,14.2,80.60000000000001
0.0012243836689431597,5.2,14.2,80.60000000000001
0.0012358480526121025,5.2,14.2,80.60000000000001
0.0012473239006647143,5.2,14.2,80.60000000000001
0.0012588112245653788,5.2,14.2,80.60000000000001
0.0012703100357899441,5.2,14.2,80.60000000000001
0.0012818203458257339,5.2,14.2,80.60000000000001
0.0012933421661715594,5.2,14.2,80.60000000000001
0.001304875508337731,5.2,14.2,80.60000000000001
0.0013164203838460684,5.2,14.2,80.60000000000001
0.0013279768042299145,5.2,14.2,80.60000000000001
0.0013395447810341443,5.2,14.2,80.60000000000001
0.0013511243258151782,5.2,14.2,80.60000000000001
0.001362715450140993,5.2,14.2,80.60000000000001
0.001374318165591134,5.2,14.2,80.60000000000001
0.0013859324837567249,5.2,14.2,80.60000000000001
0.0013975584162404812,5.2,14.2,80.60000000000001
0.0014091959746567217,5.2,14.2,80.60000000000001
0.0014208451706313782,5.2,14.2,80.60000000000001
0.0014325060158020093,5.2,14.2,80.60000000000001
0.0014441785218178114,5.2,14.2,80.60000000000001
0.0014558627003396292,5.2,14.2,80.60000000000001
0.0014675585630399687,5.2,14.2,80.60000000000001
0.0014792661216030084,5.2,14.2,80.60000000000001
0.0014909853877246113,5.2,14.2,80.60000000000001
0.0015027163731123358,5.2,14.2,80.60000000000001
0.001514459089485448,5.2,14.2,80.60000000000001
0.0015262135485749333,5.2,14.2,80.60000000000001
0.0015379797621235083,5.2,14.2,80.60000000000001
0.0015497577418856316,5.2,14.2,80.60000000000001
0.0015615474996275172,5.2,14.2,80.60000000000001
0.0015733490471271448,5.2,14.2,80.60000000000001
0.0015851623961742722,5.2,14.2,80.60000000000001
0.0015969875585704464,5.2,14.2,80.60000000000001
0.001608824546129017,5.2,14.2,80.60000000000001
0.0016206733706751462,5.2,14.2,80.60000000000001
0.0016325340440458216,5.2,14.2,80.60000000000001
0.0016444065780898676,5.2,14.2,80.60000000000001
0.0016562909846679576,5.2,14.2,80.60000000000001
0.0016681872756526257,5.2,14.2,80.60000000000001
0.0016800954629282783,5.2,14.2,80.60000000000001
0.0016920155583912068,5.2,14.2,80.60000000000001
0.0017039475739495985,5.2,14.2,80.60000000000001
0.0017158915215235483,5.2,14.2,80.60000000000001
0.0017278474130450721,5.2,14.2,80.60000000000001
0.0017398152604581173,5.2,14.2,80.60000000000001
0.0017517950757185757,5.2,14.2,80.60000000000001
0.0017637868707942948,5.2,14.2,80.60000000000001
0.0017757906576650895,5.2,14.2,80.60000000000001
0.0017878064483227549,5.2,14.2,80.60000000000001
0.0017998342547710783,5.2,14.2,80.60000000000001
0.0018118740890258498,5.2,14.2,80.60000000000001
0.0018239259631148764,5.2,14.2,80.60000000000001
0.001835989889077992,5.2,14.2,80.60000000000001
0.0018480658789670704,5.2,14.2,80.60000000000001
0.0018601539448460382,5.2,14.2,80.60000000000001
0.0018722540987908848,5.2,14.2,80.60000000000001
0.001884366352889676,5.2,14.2,80.60000000000001
0.0018964907192425661,5.2,14.2,80.60000000000001
0.001908627209961809,5.2,14.2,80.60000000000001
0.0019207758371717711,5.2,14.2,80.60000000000001
0.0019329366130089432,5.2,14.2,80.60000000000001
0.0019451095496219525,5.2,14.2,80.60000000000001
0.001957294659171575,5.2,14.2,80.60000000000001
0.001969491953830747,5.2,14.2,80.60000000000001
0.001981701445784578,5.2,14.2,80.60000000000001
0.0019939231472303628,5.2,14.2,80.60000000000001
0.0020061570703775932,5.2,14.2,80.60000000000001
0.002018403227447971,5.2,14.2,80.60000000000001
0.002030661630675419,5.2,14.2,80.60000000000001
0.0020429322923060946,5.2,14.2,80.60000000000001
0.0020552152245984006,5.2,14.2,80.60000000000001
0.0020675104398229995,5.2,14.2,80.60000000000001
0.0020798179502628227,5.2,14.2,80.60000000000001
0.002092137768213086,5.2,14.2,80.60000000000001
0.0021044699059812994,5.2,14.2,80.60000000000001
0.0021168143758872812,5.2,14.2,80.60000000000001
0.002129171190263169,5.2,14.2,80.60000000000001
0.0021415403614534322,5.2,14.2,80.60000000000001
0.0021539219018148863,5.2,14.2,80.60000000000001
0.0021663158237167014,5.2,14.2,80.60000000000001
0.002178722139540419,5.2,14.2,80.60000000000001
0.00219114086167996,5.2,14.2,80.60000000000001
0.0022035720025416405,5.2,14.2,80.60000000000001
0.0022160155745441826,5.2,14.2,80.60000000000001
0.002228471590118727,5.2,14.2,80.60000000000001
0.0022409400617088462,5.2,14.2,80.60000000000001
0.0022534210017705553,5.2,14.2,80.60000000000001
0.002265914422772326,5.2,14.2,80.60000000000001
0.002278420337195099,5.2,14.2,80.60000000000001
0.002290938757532294,5.2,14.2,80.60000000000001
0.002303469696289827,5.2,14.2,80.60000000000001
0.0023160131659861172,5.2,14.2,80.60000000000001
0.002328569179152104,5.2,14.2,80.60000000000001
0.002341137748331257,5.2,14.2,80.60000000000001
0.002353718886079589,5.2,14.2,80.60000000000001
0.0023663126049656693,5.2,14.2,80.60000000000001
0.0023789189175706356,5.2,14.2,80.60000000000001
0.002391537836488207,5.2,14.2,80.60000000000001
0.002404169374324696,5.2,14.2,80.60000000000001
0.002416813543699022,5.2,14.2,80.60000000000001
0.0024294703572427215,5.2,14.2,80.60000000000001
0.0024421398275999654,5.2,14.2,80.60000000000001
0.0024548219674275663,5.2,14.2,80.60000000000001
0.002467516789394995,5.2,14.2,80.60000000000001
0.0024802243061843913,5.2,14.2,80.60000000000001
0.002492944530490577,5.2,14.2,80.60000000000001
0.0025056774750210685,5.2,14.2,80.60000000000001
0.0025184231524960905,5.2,14.2,80.60000000000001
0.0025311815756485874,5.2,14.2,80.60000000000001
0.002543952757224237,5.2,14.2,80.60000000000001
0.0025567367099814616,5.2,14.2,80.60000000000001
0.0025695334466914435,5.2,14.2,80.60000000000001
0.002582342980138135,5.2,14.2,80.60000000000001
0.002595165323118274,5.2,14.2,80.60000000000001
0.0026080004884413924,5.2,14.2,80.60000000000001
0.0026208484889298344,5.2,14.2,80.60000000000001
0.002633709337418764,5.2,14.2,80.60000000000001
0.0026465830467561832,5.2,14.2,80.60000000000001
0.002659469629802939,5.2,14.2,80.60000000000001
0.0026723690994327424,5.2,14.2,80.60000000000001
0.002685281468532175,5.2,14.2,80.60000000000001
0.0026982067500007072,5.2,14.2,80.60000000000001
0.0027111449567507077,5.2,14.2,80.60000000000001
0.002724096101707458,5.2,14.2,80.60000000000001
0.0027370601978091652,5.2,14.2,80.60000000000001
0.0027500372580069746,5.2,14.2,80.60000000000001
0.0027630272952649817,5.2,14.2,80.60000000000001
0.002776030322560247,5.2,14.2,80.60000000000001
0.002789046352882807,5.2,14.2,80.60000000000001
0.0028020753992356903,5.2,14.2,80.60000000000001
0.0028151174746349266,5.2,14.2,80.60000000000001
0.0028281725921095622,5.2,14.2,80.60000000000001
0.002841240764701672,5.2,14.2,80.60000000000001
0.002854322005466374,5.2,14.2,80.60000000000001
0.0028674163274718407,5.2,14.2,80.60000000000001
0.002880523743799313,5.2,14.2,80.60000000000001
0.0028936442675431126,5.2,14.2,80.60000000000001
0.002906777911810656,5.2,14.2,80.60000000000001
0.0029199246897224675,5.2,14.2,80.60000000000001
0.0029330846144121903,5.2,14.2,80.60000000000001
0.002946257699026603,5.2,14.2,80.60000000000001
0.00295944395672563,5.2,14.2,80.60000000000001
0.002972643400682356,5.2,14.2,80.60000000000001
0.0029858560440830387,5.2,14.2,80.60000000000001
0.0029990819001271215,5.2,14.2,80.60000000000001
0.0030123209820272488,5.2,14.2,80.60000000000001
0.003025573303009276,5.2,14.2,80.60000000000001
0.0030388388763122848,5.2,14.2,80.60000000000001
0.0030521177151885967,5.2,14.2,80.60000000000001
0.003065409832903785,5.2,14.2,80.60000000000001
0.0030787152427366885,5.2,14.2,80.60000000000001
0.003092033957979424,5.2,14.2,80.60000000000001
0.0031053659919374034,5.2,14.2,80.60000000000001
0.00311871135792934,5.2,14.2,80.60000000000001
0.0031320700692872685,5.2,14.2,80.60000000000001
0.0031454421393565554,5.2,14.2,80.60000000000001
0.0031588275814959112,5.2,14.2,80.60000000000001
0.0031722264090774067,5.2,14.2,80.60000000000001
0.0031856386354864835,5.2,14.2,80.60000000000001
0.003199064274121969,5.2,14.2,80.60000000000001
0.0032125033383960905,5.2,14.2,80.60000000000001
0.0032259558417344855,5.2,14.2,80.60000000000001
0.0032394217975762196,5.2,14.2,80.60000000000001
0.003252901219373795,5.2,14.2,80.60000000000001
0.003266394120593168,5.2,14.2,80.60000000000001
0.003279900514713761,5.2,14.2,80.60000000000001
0.003293420415228474,5.2,14.2,80.60000000000001
0.003306953835643702,5.2,14.2,80.60000000000001
0.0033205007894793453,5.2,14.2,80.60000000000001
0.0033340612902688247,5.2,14.2,80.60000000000001
0.0033476353515590933,5.2,14.2,80.60000000000001
0.003361222986910652,5.2,14.2,80.60000000000001
0.0033748242098975627,5.2,14.2,80.60000000000001
0.00338843903410746,5.2,14.2,80.60000000000001
0.003402067473141567,5.2,14.2,80.60000000000001
0.0034157095406147082,5.2,14.2,80.60000000000001
0.003429365250155323,5.2,14.2,80.60000000000001
0.0034430346154054776,5.2,14.2,80.60000000000001
0.003456717650020883,5.2,14.2,80.60000000000001
0.0034704143676709035,5.2,14.2,80.60000000000001
0.0034841247820385736,5.2,14.2,80.60000000000001
0.0034978489068206117,5.2,14.2,80.60000000000001
0.0035115867557274317,5.2,14.2,80.60000000000001
0.003525338342483159,5.2,14.2,80.60000000000001
0.003539103680825641,5.2,14.2,80.60000000000001
0.003552882784506466,5.2,14.2,80.60000000000001
0.0035666756672909717,5.2,14.2,80.60000000000001
0.003580482342958262,5.2,14.2,80.60000000000001
0.0035943028253012195,5.2,14.2,80.60000000000001
0.00360813712812652,5.2,14.2,80.60000000000001
0.0036219852652546454,5.2,14.2,80.60000000000001
0.0036358472505198993,5.2,14.2,80.60000000000001
0.0036497230977704177,5.2,14.2,80.60000000000001
0.0036636128208681873,5.2,14.2,80.60000000000001
0.0036775164336890543,5.2,14.2,80.60000000000001
0.0036914339501227422,5.2,14.2,80.60000000000001
0.0037053653840728638,5.2,14.2,80.60000000000001
0.0037193107494569357,5.2,14.2,80.60000000000001
0.0037332700602063914,5.2,14.2,80.60000000000001
0.0037472433302665966,5.2,14.2,80.60000000000001
0.0037612305735968614,5.2,14.2,80.60000000000001
0.003775231804170457,5.2,14.2,80.60000000000001
0.003789247035974626,5.2,14.2,80.60000000000001
0.0038032762830105993,5.2,14.2,80.60000000000001
0.003817319559293609,5.2,14.2,80.60000000000001
0.003831376878852901,5.2,14.2,80.60000000000001
0.003845448255731753,5.2,14.2,80.60000000000001
0.003859533703987484,5.2,14.2,80.60000000000001
0.0038736332376914703,5.2,14.2,80.60000000000001
0.003887746870929161,5.2,14.2,80.60000000000001
0.003901874617800089,5.2,14.2,80.60000000000001
0.003916016492417889,5.2,14.2,80.60000000000001
0.003930172508910306,5.2,14.2,80.60000000000001
0.003944342681419216,5.2,14.2,80.60000000000001
0.0039585270241006346,5.2,14.2,80.60000000000001
0.003972725551124735,5.2,14.2,80.60000000000001
0.00398693827667586,5.2,14.2,80.60000000000001
0.004001165214952536,5.2,14.2,80.60000000000001
0.004015406380167489,5.2,14.2,80.60000000000001
0.004029661786547656,5.2,14.2,80.60000000000001
0.004043931448334204,5.2,14.2,80.60000000000001
0.004058215379782538,5.2,14.2,80.60000000000001
0.004072513595162321,5.2,14.2,80.60000000000001
0.004086826108757484,5.2,14.2,80.60000000000001
0.004101152934866241,5.2,14.2,80.60000000000001
0.0041154940878011075,5.2,14.2,80.60000000000001
0.004129849581888908,5.2,14.2,80.60000000000001
0.004144219431470797,5.2,14.2,80.60000000000001
0.004158603650902268,5.2,14.2,80.60000000000001
0.00417300225455317,5.2,14.2,80.60000000000001
0.004187415256807723,5.2,14.2,80.60000000000001
0.004201842672064531,5.2,14.2,80.60000000000001
0.004216284514736595,5.2,14.2,80.60000000000001
0.004230740799251331,5.2,14.2,80.60000000000001
0.004245211540050583,5.2,14.2,80.60000000000001
0.004259696751590633,5.2,14.2,80.60000000000001
0.004274196448342223,5.2,14.2,80.60000000000001
0.004288710644790565,5.2,14.2,80.60000000000001
0.004303239355435354,5.2,14.2,80.60000000000001
0.004317782594790789,5.2,14.2,80.60000000000001
0.004332340377385579,5.2,14.2,80.60000000000001
0.004346912717762964,5.2,14.2,80.60000000000001
0.004361499630480726,5.2,14.2,80.60000000000001
0.004376101130111207,5.2,14.2,80.60000000000001
0.004390717231241317,5.2,14.2,80.60000000000001
0.004405347948472558,5.2,14.2,80.60000000000001
0.004419993296421029,5.2,14.2,80.60000000000001
0.00443465328971745,5.2,14.2,80.60000000000001
0.0044493279430071675,5.2,14.2,80.60000000000001
0.0044640172709501744,5.2,14.2,80.60000000000001
0.004478721288221124,5.2,14.2,80.60000000000001
0.004493440009509344,5.2,14.2,80.60000000000001
0.004508173449518853,5.2,14.2,80.60000000000001
0.004522921622968372,5.2,14.2,80.60000000000001
0.004537684544591341,5.2,14.2,80.60000000000001
0.004552462229135933,5.2,14.2,80.60000000000001
0.004567254691365069,5.2,14.2,80.60000000000001
0.004582061946056435,5.2,14.2,80.60000000000001
0.004596884008002492,5.2,14.2,80.60000000000001
0.004611720892010495,5.2,14.2,80.60000000000001
0.0046265726129025055,5.2,14.2,80.60000000000001
0.004641439185515408,5.2,14.2,80.60000000000001
0.004656320624700925,5.2,14.2,80.60000000000001
0.004671216945325626,5.2,14.2,80.60000000000001
0.004686128162270951,5.2,14.2,80.60000000000001
0.004701054290433223,5.2,14.2,80.60000000000001
0.0047159953447236565,5.2,14.2,80.60000000000001
0.00473095134006838,5.2,14.2,80.60000000000001
0.004745922291408449,5.2,14.2,80.60000000000001
0.004760908213699858,5.2,14.2,80.60000000000001
0.004775909121913558,5.2,14.2,80.60000000000001
0.004790925031035472,5.2,14.2,80.60000000000001
0.004805955956066507,5.2,14.2,80.60000000000001
0.004821001912022574,5.2,14.2,80.60000000000001
0.004836062913934596,5.2,14.2,80.60000000000001
0.00485113897684853,5.2,14.2,80.60000000000001
0.004866230115825378,5.2,14.2,80.60000000000001
0.004881336345941203,5.2,14.2,80.60000000000001
0.0048964576822871425,5.2,14.2,80.60000000000001
0.0049115941399694284,5.2,14.2,80.60000000000001
0.004926745734109397,5.2,14.2,80.60000000000001
0.004941912479843506,5.2,14.2,80.60000000000001
0.004957094392323349,5.2,14.2,80.60000000000001
0.0049722914867156714,5.2,14.2,80.60000000000001
0.004987503778202386,5.2,14.2,80.60000000000001
0.005002731281980589,5.2,14.2,80.60000000000001
0.005017974013262569,5.2,14.2,80.60000000000001
0.0050332319872758305,5.2,14.2,80.60000000000001
0.005048505219263106,5.2,14.2,80.60000000000001
0.005063793724482368,5.2,14.2,80.60000000000001
0.005079097518206849,5.2,14.2,80.60000000000001
0.005094416615725055,5.2,14.2,80.60000000000001
0.005109751032340779,5.2,14.2,80.60000000000001
0.0051251007833731195,5.2,14.2,80.60000000000001
0.005140465884156492,5.2,14.2,80.60000000000001
0.005155846350040648,5.2,14.2,80.60000000000001
0.005171242196390689,5.2,14.2,80.60000000000001
0.00518665343858708,5.2,14.2,80.60000000000001
0.005202080092025667,5.2,14.2,80.60000000000001
0.005217522172117693,5.2,14.2,80.60000000000001
0.00523297969428981,5.2,14.2,80.60000000000001
0.005248452673984099,5.2,14.2,80.60000000000001
0.005263941126658083,5.2,14.2,80.60000000000001
0.005279445067784739,5.2,14.2,80.60000000000001
0.005294964512852523,5.2,14.2,80.60000000000001
0.005310499477365374,5.2,14.2,80.60000000000001
0.005326049976842737,5.2,14.2,80.60000000000001
0.005341616026819579,5.2,14.2,80.60000000000001
0.005357197642846397,5.2,14.2,80.60000000000001
0.005372794840489243,5.2,14.2,80.60000000000001
0.005388407635329731,5.2,14.2,80.60000000000001
0.0054040360429650595,5.2,14.2,80.60000000000001
0.005419680079008025,5.2,14.2,80.60000000000001
0.005435339759087032,5.2,14.2,80.60000000000001
0.005451015098846119,5.2,14.2,80.60000000000001
0.005466706113944965,5.2,14.2,80.60000000000001
0.0054824128200589095,5.2,14.2,80.60000000000001
0.005498135232878967,5.2,14.2,80.60000000000001
0.005513873368111845,5.2,14.2,80.60000000000001
0.005529627241479955,5.2,14.2,80.60000000000001
0.005545396868721433,5.2,14.2,80.60000000000001
0.005561182265590153,5.2,14.2,80.60000000000001
0.005576983447855742,5.2,14.2,80.60000000000001
0.005592800431303596,5.2,14.2,80.60000000000001
0.005608633231734899,5.2,14.2,80.60000000000001
0.005624481864966633,5.2,14.2,80.60000000000001
0.005640346346831598,5.2,14.2,80.60000000000001
0.005656226693178428,5.2,14.2,80.60000000000001
0.005672122919871605,5.2,14.2,80.60000000000001
0.0056880350427914745,5.2,14.2,80.60000000000001
0.0057039630778342645,5.2,14.2,80.60000000000001
0.005719907040912098,5.2,14.2,80.60000000000001
0.005735866947953009,5.2,14.2,80.60000000000001
0.005751842814900962,5.2,14.2,80.60000000000001
0.005767834657715863,5.2,14.2,80.60000000000001
0.0057838424923735785,5.2,14.2,80.60000000000001
0.0057998663348659526,5.2,14.2,80.60000000000001
0.005815906201200818,5.2,14.2,80.60000000000001
0.005831962107402018,5.2,14.2,80.60000000000001
0.00584803406950942,5.2,14.2,80.60000000000001
0.00586412210357893,5.2,14.2,80.60000000000001
0.00588022622568251,5.2,14.2,80.60000000000001
0.005896346451908193,5.2,14.2,80.60000000000001
0.005912482798360102,5.2,14.2,80.60000000000001
0.005928635281158463,5.2,14.2,80.60000000000001
0.005944803916439621,5.2,14.2,80.60000000000001
0.005960988720356061,5.2,14.2,80.60000000000001
0.005977189709076417,5.2,14.2,80.60000000000001
0.005993406898785494,5.2,14.2,80.60000000000001
0.00600964030568428,5.2,14.2,80.60000000000001
0.006025889945989965,5.2,14.2,80.60000000000001
0.0060421558359359554,5.2,14.2,80.60000000000001
0.006058437991771892,5.2,14.2,80.60000000000001
0.006074736429763664,5.2,14.2,80.60000000000001
0.006091051166193428,5.2,14.2,80.60000000000001
0.006107382217359622,5.2,14.2,80.60000000000001
0.006123729599576982,5.2,14.2,80.60000000000001
0.006140093329176559,5.2,14.2,80.60000000000001
0.006156473422505737,5.2,14.2,80.60000000000001
0.006172869895928244,5.2,14.2,80.60000000000001
0.006189282765824173,5.2,14.2,80.60000000000001
0.006205712048589998,5.2,14.2,80.60000000000001
0.0062221577606385884,5.2,14.2,80.60000000000001
0.006238619918399227,5.2,14.2,80.60000000000001
0.006255098538317627,5.2,14.2,80.60000000000001
0.006271593636855945,5.2,14.2,80.60000000000001
0.0062881052304928015,5.2,14.2,80.60000000000001
0.006304633335723295,5.2,14.2,80.60000000000001
0.006321177969059019,5.2,14.2,80.60000000000001
0.006337739147028078,5.2,14.2,80.60000000000001
0.006354316886175106,5.2,14.2,80.60000000000001
0.00637091120306128,5.2,14.2,80.60000000000001
0.0063875221142643416,5.2,14.2,80.60000000000001
0.006404149636378606,5.2,14.2,80.60000000000001
0.006420793786014984,5.2,14.2,80.60000000000001
0.006437454579801,5.2,14.2,80.60000000000001
0.006454132034380801,5.2,14.2,80.60000000000001
0.006470826166415182,5.2,14.2,80.60000000000001
0.006487536992581596,5.2,14.2,80.60000000000001
0.006504264529574179,5.2,14.2,80.60000000000001
0.006521008794103752,5.2,14.2,80.60000000000001
0.006537769802897856,5.2,14.2,80.60000000000001
0.006554547572700755,5.2,14.2,80.60000000000001
0.006571342120273455,5.2,14.2,80.60000000000001
0.006588153462393729,5.2,14.2,80.60000000000001
0.006604981615856122,5.2,14.2,80.60000000000001
0.006621826597471978,5.2,14.2,80.60000000000001
0.00663868842406945,5.2,14.2,80.60000000000001
0.006655567112493519,5.2,14.2,80.60000000000001
0.0066724626796060135,5.2,14.2,80.60000000000001
0.006689375142285619,5.2,14.2,80.60000000000001
0.006706304517427905,5.2,14.2,80.60000000000001
0.006723250821945333,5.2,14.2,80.60000000000001
0.006740214072767279,5.2,14.2,80.60000000000001
0.006757194286840046,5.2,14.2,80.60000000000001
0.0067741914811268854,5.2,14.2,80.60000000000001
0.0067912056726080125,5.2,14.2,80.60000000000001
0.006808236878280621,5.2,14.2,80.60000000000001
0.006825285115158901,5.2,14.2,80.60000000000001
0.006842350400274059,5.2,14.2,80.60000000000001
0.006859432750674333,5.2,14.2,80.60000000000001
0.006876532183425007,5.2,14.2,80.60000000000001
0.0068936487156084315,5.2,14.2,80.60000000000001
0.00691078236432404,5.2,14.2,80.60000000000001
0.0069279331466883635,5.2,14.2,80.60000000000001
0.006945101079835052,5.2,14.2,80.60000000000001
0.006962286180914886,5.2,14.2,80.60000000000001
0.0069794884670958,5.2,14.2,80.60000000000001
0.006996707955562895,5.2,14.2,80.60000000000001
0.0070139446635184574,5.2,14.2,80.60000000000001
0.007031198608181975,5.2,14.2,80.60000000000001
0.007048469806790155,5.2,14.2,80.60000000000001
0.007065758276596945,5.2,14.2,80.60000000000001
0.007083064034873541,5.2,14.2,80.60000000000001
0.007100387098908412,5.2,14.2,80.60000000000001
0.007117727486007319,5.2,14.2,80.60000000000001
0.007135085213493326,5.2,14.2,80.60000000000001
0.007152460298706817,5.2,14.2,80.60000000000001
0.0071698527590055225,5.2,14.2,80.60000000000001
0.007187262611764527,5.2,14.2,80.60000000000001
0.007204689874376291,5.2,14.2,80.60000000000001
0.007222134564250666,5.2,14.2,80.60000000000001
0.007239596698814916,5.2,14.2,80.60000000000001
0.00725707629551373,5.2,14.2,80.60000000000001
0.007274573371809243,5.2,14.2,80.60000000000001
0.00729208794518105,5.2,14.2,80.60000000000001
0.007309620033126229,5.2,14.2,80.60000000000001
0.007449968340112928,5.2,14.2,80.60000000000001
0.007593355316765794,5.2,14.2,80.60000000000001
0.007742308101805699,5.2,14.2,80.60000000000001
0.007897105854182698,5.2,14.2,80.60000000000001
0.008058095849457153,5.2,14.2,80.60000000000001
0.00822565218998248,5.2,14.2,80.60000000000001
0.008400179441449915,5.2,14.2,80.60000000000001
0.00858211575212617,5.2,14.2,80.60000000000001
0.008771936381725758,5.2,14.2,80.60000000000001
0.00897015768146576,5.2,14.2,80.60000000000001
0.009177341593426652,5.2,14.2,80.60000000000001
0.009394100750127943,5.2,14.2,80.60000000000001
0.009621104268774546,5.2,14.2,80.60000000000001
0.009859084352672692,5.2,14.2,80.60000000000001
0.010108843832979716,5.2,14.2,80.60000000000001
0.010371264810015513,5.2,14.2,80.60000000000001
0.010647318584082481,5.2,14.2,80.60000000000001
0.010938077104785586,5.2,14.2,80.60000000000001
0.011244726214274326,5.2,14.2,80.60000000000001
0.011568581018937603,5.2,14.2,80.60000000000001
0.0119111037960143,5.2,14.2,80.60000000000001
0.012273924933024635,5.2,14.2,80.60000000000001
0.012658867510914468,5.2,14.2,80.60000000000001
0.013067976286710468,5.2,14.2,80.60000000000001
0.013503552014147512,5.2,14.2,80.60000000000001
0.01396819227415518,5.2,14.2,80.60000000000001
0.014464840289670515,5.2,14.2,80.60000000000001
0.014996843589038834,5.2,14.2,80.60000000000001
0.015568024892451893,5.2,14.2,80.60000000000001
0.016182768268252982,5.2,14.2,80.60000000000001
0.01684612449619615,5.199999999999998,14.200000000000001,80.60000000000001
0.017563940768925913,5.199999999999994,14.200000000000001,80.60000000000001
0.018343021473029353,5.1999999999999815,14.200000000000006,80.60000000000001
0.01919132899249954,5.199999999999942,14.200000000000031,80.60000000000002
0.020118236507631813,5.199999999999816,14.200000000000104,80.60000000000008
0.021134848990834638,5.199999999999423,14.200000000000331,80.60000000000025
0.02225441456781832,5.19999999999819,14.20000000000104,80.60000000000078
0.02349285693718872,5.199999999994331,14.200000000003257,80.60000000000241
0.024869471902650236,5.199999999982243,14.200000000010208,80.60000000000755
0.02640784924919494,5.199999999944391,14.200000000031965,80.60000000002364
0.028137108370513014,5.199999999825891,14.200000000100085,80.60000000007402
0.030093577402916113,5.1999999994549375,14.200000000313326,80.60000000023173
0.032323109726125586,5.199999998293808,14.200000000980795,80.6000000007254
0.034884333201806755,5.199999994659393,14.20000000307001,80.6000000022706
0.0378532919682775,5.19999998328277,14.200000009609736,80.6000000071075
0.04133021391495623,5.199999947665026,14.20000003008409,80.60000002225088
0.04544960433713817,5.199999836117166,14.200000094205315,80.60000006967752
0.05039569207831335,5.19999948658069,14.200000295127985,80.60000021829133
0.05642677044674172,5.199998390378497,14.200000925245718,80.60000068437579
0.06391489107378195,5.199994948226235,14.200002903826956,80.60000214794681
0.07341332310464903,5.199984120838065,14.200009127369201,80.60000675179273
0.08577737834769812,5.199949988805706,14.200028745711899,80.6000212654824
0.10239697556706442,5.199842178312026,14.200090710031448,80.60006711165653
0.12569512071004646,5.19950192883163,14.200286256616392,80.60021181455198
0.15358648765405813,5.198641589338529,14.200780686075417,80.60057772458606
0.18118471836078057,5.197158245963377,14.201633155413981,80.60120859862265
0.20859161239920013,5.195109717761193,14.202810457058302,80.60207982518051
0.23589439399667775,5.192633854399436,14.204233397573537,80.60313274802702
0.2631592386440691,5.18978129329796,14.205871386687315,80.60434732001472
0.29044344740113237,5.186791882035121,14.207587997767765,80.60562012019712
0.3177752369748886,5.183768178894401,14.209324325459729,80.60690749564587
0.3451703239240381,5.180780801950975,14.211039792142618,80.60817940590641
0.37263589250558554,5.177773391671052,14.212765279173773,80.60946132915518
0.40018489542502605,5.174887925591927,14.214420721113624,80.61069135329446
0.4278140790989553,5.17213587779181,14.215999514424976,80.61186460778322
0.4555186312803837,5.169520370053949,14.217499846603628,80.61297978334242
0.48329313789385336,5.166945041211419,14.218975844878862,80.61407911390972
0.5111424262120713,5.1645215465749885,14.220364716428978,80.61511373699604
0.5390588702635069,5.16222940920138,14.221678049351294,80.61609254144733
0.5670368731541005,5.160059017347099,14.222921413746228,80.61701956890668
0.5950716760495921,5.158000943234415,14.224100212168967,80.61789884459662
0.6231593362378992,5.155978251339194,14.225257747801844,80.61876400085896
0.6513038583562196,5.154063575294025,14.226353310313927,80.61958311439204
0.679501297667791,5.1522420218951845,14.227395285710356,80.62036269239445
0.7077491020724568,5.150505220178814,14.228388533111932,80.62110624670925
0.7360454080966268,5.1488456959367195,14.229337337554679,80.6218169665086
0.7643889428467562,5.147256706340496,14.230245565311602,80.62249772834791
0.7927789432800344,5.1456855843982225,14.231142853113244,80.62317156248852
0.8212198407702315,5.14418034615383,14.232002337865168,80.623817315981
0.8497109286975353,5.142732871774481,14.232828540802814,80.6244385874227
0.8782521555464912,5.141338077578785,14.233624426316835,80.62503749610438
0.9068438081556838,5.139991466973556,14.23439257197485,80.6256159610516
0.9354864536243634,5.1386889881342785,14.235135300508162,80.62617571135756
0.9641808954214777,5.13742698044775,14.23585471046186,80.62671830909038
0.9929281358623185,5.13620212811632,14.236552702752514,80.62724516913117
1.021729344050906,5.134982785657126,14.23724709154173,80.62777012280115
1.0505886344741784,5.13379704260706,14.237922111605844,80.6282808457871
1.0795071929932465,5.132642131267186,14.238579350753595,80.62877851797923
1.1084863314947861,5.131515536559447,14.239220249924692,80.62926421351587
1.1375274664923776,5.130414963142846,14.239846124122908,80.62973891273425
1.166632101235029,5.129338310398717,14.240458176754483,80.6302035128468
1.19580181051589,5.1282836507698315,14.241057512032546,80.63065883719761
1.2250382277778702,5.127249210924297,14.241645145765123,80.63110564331058
1.254343034178186,5.126233355326492,14.242222014765819,80.6315446299077
1.2837179493243203,5.125215926954926,14.24279944578069,80.63198462726439
1.313166491501911,5.124215582502765,14.243367026843403,80.63241739065383
1.342690290456024,5.123230672475017,14.243925626054304,80.63284370147068
1.3722910309958571,5.122259843980937,14.244476044885024,80.63326411113404
1.4019704258497039,5.121301879668725,14.245018979947005,80.63367914038427
1.4317302071501385,5.120355645152621,14.245555080305824,80.63408927454155
1.4615721221607938,5.119420081006954,14.246084952066978,80.63449496692607
1.491497929708196,5.118494195685587,14.246609162432003,80.63489664188242
1.5215093972188338,5.117577059244724,14.247128243294785,80.6352946974605
1.5516066120782794,5.11666784800535,14.24764266602253,80.63568948597212
1.5817893271007255,5.115754357318321,14.248159285067866,80.6360863576138
1.6120584454754754,5.114847951190023,14.248671765532968,80.63648028327701
1.6424135689517907,5.113947892388654,14.249180475896505,80.63687163171484
1.672854171230919,5.113053473359267,14.249685839705073,80.63726068693566
1.7033802033381336,5.11216404491446,14.250188228274569,80.63764772681097
1.7339916737488106,5.111278992987785,14.250687992801545,80.63803301421066
1.7646886463504532,5.110397731971125,14.25118546817906,80.63841679984982
1.7954712279913314,5.10951970626584,14.251680972118763,80.6387993216154
1.8263389628712048,5.10864440516167,14.25217479678248,80.63918079805586
1.857292064923359,5.1077713259055715,14.252667229637098,80.63956144445733
1.8883307970250196,5.106899989698311,14.253158544439195,80.63994146586249
1.919455469721351,5.106023340294258,14.253652703231806,80.64032395647394
1.9506670970329232,5.105147841635767,14.254146107588964,80.64070605077526
1.981965628465038,5.1042731145814235,14.254638939529238,80.64108794588934
2.0133512653797974,5.103398727756563,14.255131457699013,80.64146981454442
2.044824467446808,5.102524292199467,14.255623884428939,80.6418518233716
2.0763857371662717,5.10164942931698,14.256116436040617,80.6422341346424
2.108035619747571,5.100773774540715,14.256609320855965,80.64261690460333
2.139774442303983,5.099896986341804,14.257102734081286,80.64300027957691
2.1716024347427414,5.099018741982373,14.257596860221927,80.6433843977957
2.2035202562944307,5.098138722236028,14.258091881685282,80.6437693960787
2.2355286059962887,5.0972566214293344,14.258587973136164,80.6441554054345
2.2676282221444897,5.096368475263756,14.259087367468728,80.64454415726752
2.2998201029998286,5.095477865333649,14.25958805176039,80.64493408290596
2.3321045323720795,5.094584525424943,14.260090178440803,80.64532529613425
2.364482337445679,5.093688195467631,14.260593896136095,80.64571790839628
2.396954382552057,5.092788626974702,14.261099346817543,80.64611202620775
2.4295215687533966,5.091885574768867,14.261606670574126,80.64650775465701
2.462184662194423,5.090978809101394,14.262115998721589,80.64690519217702
2.494944108687231,5.0900681204165386,14.262627451149019,80.64730442843444
2.5278009063114992,5.089153294741114,14.263141150143714,80.64770555511518
2.560756088976049,5.0882319804147444,14.263658416135916,80.64810960344934
2.593810959279349,5.087306221126043,14.26417811475873,80.64851566411522
2.626966305487938,5.086375865560846,14.264700318846678,80.64892381559248
2.6602228342934353,5.085440733824517,14.265225136063838,80.64933413011164
2.693581696879095,5.084500665434241,14.265752658264697,80.64974667630106
2.7270440777595972,5.08355549624227,14.266282979286718,80.650161524471
2.7606111959456796,5.082605068305181,14.266816189478797,80.65057874221601
2.794283706285262,5.081649248838675,14.267352364992417,80.65099838616891
2.828062727114305,5.080687900878424,14.267891584260276,80.6514205148613
2.8619495640351973,5.079720890818025,14.268433923767985,80.65184518541399
2.8959455564124013,5.078746972485492,14.268980086100377,80.65227294141413
2.9300519374801564,5.077767222778481,14.26952946632094,80.65270331090058
2.9642695814196993,5.076781540877224,14.270082122457902,80.65313633666487
2.9985999048131746,5.075789835471963,14.270638106990093,80.65357205753794
3.0330443557076894,5.074792006133981,14.271197477467517,80.6540105163985
3.0676043586563533,5.073787960603996,14.271760286864108,80.6544517525319
3.102280663121644,5.072777634084629,14.272326572687499,80.65489579322787
3.1370747977203317,5.071760946732452,14.272896380824953,80.6553426724426
3.1719883237881255,5.070737201885231,14.27347010430871,80.65579269380606
3.2070229093135794,5.069706997526628,14.274047407385538,80.65624559508784
3.2421793507382306,5.068670294043209,14.274628313313528,80.65670139264326
3.277459255824848,5.067627049066541,14.275212846730309,80.65716010420316
3.3128642908992743,5.066577215426603,14.275801034897576,80.65762174967583
3.348396132158487,5.065520748693307,14.27639290357616,80.65808634773053
3.3840556433437414,5.064457635428029,14.276988461096568,80.65855390347541
3.419844566281176,5.063387842602643,14.277587726716186,80.65902443068117
3.455764674965295,5.062311017458511,14.27819089965284,80.65949808288865
3.491817603208268,5.061227493330444,14.27879779285133,80.65997471381823
3.528004470983041,5.060137276534371,14.279408403430624,80.660454320035
3.564327123448983,5.059040367435779,14.280022731684436,80.66093690087979
3.60078743624347,5.0579367578277115,14.280640782728884,80.66142245944341
3.637386765773397,5.056826460724147,14.281262549782603,80.66191098949325
3.6741266316731305,5.05570948978415,14.281888025650217,80.66240248456563
3.7110089824635653,5.054585676996825,14.282517305355983,80.6628970176472
3.7480357692662807,5.053455222386143,14.283150276678578,80.66339450093528
3.785208061265462,5.05231817111439,14.283786914687383,80.66389491419824
3.8225278764580035,5.051174555984071,14.28442720123141,80.66439824278451
3.8599972631826813,5.0500243989876985,14.285071124236604,80.6649044767757
3.8976176419159607,5.048867745785551,14.285718658381285,80.66541359583317
3.935390742932423,5.047704637011073,14.286369781109762,80.66592558187918
3.973318685537123,5.046535017817493,14.28702452357418,80.66644045860834
4.0114032662564965,5.045359030417875,14.287682805977028,80.6669581636051
4.049337054919901,5.0441863211186355,14.288339229074056,80.66747444980732
4.086897895565055,5.043023930522287,14.28898985257128,80.66798621690643
4.124096210009302,5.04187169180438,14.289634770727094,80.66849353746852
4.157287329929656,5.040843005583681,14.290210516036344,80.66894647837998
4.190223286091186,5.039821536323929,14.290782203149755,80.66939626052631
4.222909705039867,5.038807243437256,14.291349856239593,80.66984290032315
4.2553520377021705,5.0378000499000954,14.29191351849481,80.67028643160509
4.287555557911671,5.036799888959738,14.292473227796282,80.67072688324399
4.319525372157293,5.035806691414542,14.293029023186968,80.67116428539849
4.3483422171408534,5.0349114819747935,14.293529966952,80.6715585510732
4.376988524654513,5.0340214498216955,14.294027999145479,80.67195055103282
4.40546726071446,5.033136554540811,14.294523143019136,80.67234030244005
4.433781315453922,5.03225674170635,14.295015429250668,80.67272782904298
4.461933503027631,5.0313819924208705,14.295504868729125,80.67311313885
4.489926570548366,5.030512270004136,14.295991482001016,80.67349624799485
4.515344752460872,5.029722898503674,14.29643312216689,80.67384397932943
4.5406437700359055,5.028937378105435,14.296872595940622,80.67419002595393
4.565825302697662,5.028155686662175,14.29730991611483,80.674534397223
4.590890995504856,5.02737780312048,14.297745094617245,80.67487710226227
4.615842460207499,5.026603706842265,14.298178143130968,80.67521815002677
4.640681276178634,5.025833377400511,14.29860907321283,80.67555754938665
4.665408991286407,5.025066787190345,14.29903790045973,80.67589531234994
4.687994197922004,5.024367152734487,14.29942925659935,80.67620359066616
4.710494473431837,5.0236704440841695,14.299818966456405,80.67651058945943
4.732910801586978,5.022976648508197,14.300207037420588,80.67681631407122
4.7552441498340166,5.022285758521838,14.300593473766163,80.677120767712
4.777495470261072,5.02159776210951,14.30097828231989,80.6774239555706
4.799665699390552,5.020912647309633,14.301361469885322,80.67772588280503
4.821755758516656,5.020230402193379,14.301743043240652,80.67802655456597
4.843766554031233,5.0195510148118245,14.30212300917474,80.67832597601343
4.865698977735047,5.018874473166465,14.302501374504253,80.67862415232928
4.887553907136943,5.0182007620651925,14.302878147844966,80.67892109008984
4.909332205389974,5.017529872730313,14.303253334200239,80.67921679306944
4.929332550949266,5.016914436427325,14.30359749223836,80.67948807133432
4.949273206631989,5.016301245853229,14.303940386753315,80.67975836739345
4.969154741163123,5.0156902960346015,14.304282020705594,80.68002768325981
4.988977715877725,5.0150815783668685,14.30462239903168,80.68029602260145
5.008742684502289,5.0144750837406855,14.304961526981884,80.68056338927742
5.028450193241118,5.0138708046918925,14.305299408850104,80.680829786458
5.048100781061272,5.01326873396019,14.305636048804244,80.68109521723557
5.06769497983618,5.012668864029387,14.305971451187165,80.68135968478344
5.087233314444765,5.012071187461574,14.306305620270617,80.68162319226782
5.106716302897349,5.011475692542333,14.306638563131818,80.68188574432584
5.126144456072106,5.010882372912475,14.306970283493023,80.68214734359451
5.145518278316466,5.010291221618056,14.3073007852881,80.68240799309385
5.164838267499766,5.009702232978538,14.307630071539675,80.68266769548178
5.18410491523087,5.00911540269615,14.307958144750673,80.68292645255318
5.20331870709366,5.008530719468615,14.308285011968453,80.68318426856294
5.221048624348204,5.007991955717419,14.308586191277872,80.68342185300472
5.238736695156437,5.007454928692751,14.308886394429324,80.68365867687793
5.256383249083064,5.006919633322459,14.30918562433193,80.68389474234561
5.273988612069408,5.006386060616965,14.309483886671515,80.68413005271152
5.291553106199858,5.005854208961142,14.309781181988459,80.68436460905039
5.309077050294595,5.005324074295578,14.310077512520063,80.68459841318436
5.326560759777565,5.0047956517258605,14.31037288100698,80.68483146726716
5.344004546662236,5.004268937345215,14.310667289653727,80.68506377300105
5.361408719673927,5.003743925945379,14.310960741490577,80.68529533256404
5.378773584200838,5.003220608856325,14.311253241984343,80.68552614915933
5.396099442094896,5.002698987546237,14.311544789798244,80.68575622265553
5.4133865924462485,5.002179059093179,14.311835386457394,80.68598555444943
5.430635331305694,5.001660818647224,14.31212503470099,80.68621414665178
5.447845951587702,5.001144261244464,14.312413737334614,80.68644200142091
5.465018743105347,5.0006293818234235,14.31270149722423,80.68666912095235
5.482153992605853,5.0001161752440355,14.312988317283338,80.68689550747263
5.4992519838071185,4.999604636301477,14.313274200463502,80.68712116323502
5.516312997434287,4.99909475973585,14.313559149747821,80.68734609051633
5.533337311256422,4.9985865359791175,14.313843171109305,80.68757029291159
5.550325199831654,4.998079963183484,14.314126265187168,80.68779377162934
5.567276935078468,4.997575036614372,14.314408434575634,80.68801652881
5.584192786113342,4.997071751234444,14.314689682068582,80.68823856669698
5.601073019267395,4.996570102148872,14.314970010444606,80.68845988740651
5.617917898134943,4.996070086591485,14.315249421173936,80.68868049223458
5.634727683756534,4.995571698986708,14.315527917396917,80.68890038361639
5.650313919758309,4.995110401264521,14.315785671021967,80.68910392771352
5.665871924328339,4.9946504394690825,14.316042674287525,80.6893068862434
5.681401880027692,4.994191806628049,14.316298931162635,80.68950926220931
5.6969039675814965,4.993734495629767,14.316554445744323,80.68971105862592
5.712378365893219,4.993278503095964,14.31680921997155,80.68991227693249
5.727825252289525,4.992823825704181,14.317063255735423,80.6901129185604
5.743244802541407,4.992370460034961,14.31731655497944,80.6903129849856
5.758637190875894,4.991918396011749,14.317569124358856,80.69051247962939
5.77400258961555,4.9914676379929395,14.31782096043524,80.69071140157182
5.7893411700202035,4.991018182788244,14.31807206495532,80.69090975225643
5.804653101868996,4.99057002699589,14.318322439847146,80.69110753315695
5.819938553465865,4.990123168843677,14.318572086112574,80.69130474504375
5.835197691751424,4.989677605279487,14.318821005466683,80.69150138925383
5.850430682242931,4.989233332754705,14.319069199920111,80.69169746732518
5.865637689021522,4.988790347691233,14.319316671496942,80.69189298081183
5.880818874746312,4.9883486464797455,14.31956342223944,80.69208793128082
5.895974400668351,4.987908225483516,14.319809454205433,80.69228232031105
5.9111044266446555,4.9874690810414,14.320054769466322,80.69247614949228
5.926209111152083,4.987031209469976,14.320299370105632,80.6926694204244
5.941288611301284,4.986594607065206,14.320543258218265,80.69286213471652
5.95634308285048,4.986159270054174,14.3207864359368,80.69305429400903
5.971372680216219,4.985725194749195,14.321028905344498,80.6932458999063
5.986377556492873,4.9852923773276565,14.32127066860126,80.69343695407109
6.001357863459298,4.984860813959386,14.32151172787051,80.6936274581701
6.016313751592688,4.9844305008149,14.321752085313861,80.69381741387124
6.031245370082636,4.984001435819003,14.321991742103943,80.69400682207706
6.046152866943306,4.983573615189985,14.322230700364905,80.69419568444512
6.061036388930328,4.983147035062602,14.322468962278517,80.69438400265888
6.075896081549772,4.982721691567375,14.322706530023869,80.69457177840876
6.090732089071228,4.982297580823233,14.322943405785397,80.69475901339138
6.105544554540171,4.981874694689659,14.323179594745671,80.69494571056467
6.120333619566589,4.981453032799173,14.323415096642744,80.69513187055807
6.135099424749393,4.981032591396044,14.32364991356508,80.69531749503888
6.149842109508615,4.98061336664578,14.323884047651122,80.6955025857031
6.164561812093615,4.980195356258461,14.324117499943098,80.69568714379844
6.1792586696756455,4.979778556127147,14.324350272752456,80.6958711711204
6.193932818264323,4.979362962104548,14.324582368415454,80.69605466948
6.2085843927178,4.97894857003328,14.324813789275487,80.69623764069122
6.223213526754133,4.978535375750746,14.325044537679805,80.69642008656945
6.237820352962747,4.978123376539427,14.325274615162966,80.6966020082976
6.252405002893887,4.977712568368458,14.32550402399167,80.69678340763987
6.266967606998575,4.977302947062837,14.325732766524709,80.69696428641245
6.281508294632565,4.976894508457401,14.325960845111904,80.6971446464307
6.296027194067914,4.976487248392279,14.326188262100045,80.69732448950768
6.310524432504443,4.976081162713725,14.326415019832394,80.69750381745389
6.325000136080879,4.975676247274784,14.326641120648237,80.69768263207698
6.3394544298860325,4.975272497935838,14.326866566882519,80.69786093518164
6.35388743796978,4.974869910564949,14.327091360865671,80.69803872856937
6.368299283353904,4.97446848102813,14.32731550492908,80.69821601404279
6.382690088042424,4.974068205220407,14.327539001387546,80.69839279339205
6.397059973033178,4.973669079034685,14.327761852556806,80.69856906840852
6.411409058327895,4.973271098372572,14.32798406074748,80.69874484087994
6.425737462942461,4.972874259117963,14.32820562828371,80.69892011259833
6.440045304915816,4.972478558057057,14.328426556977808,80.69909488496513
6.454332701366222,4.972083991651539,14.328646848815552,80.69926915953292
6.468599768483248,4.971690555834239,14.328866506091146,80.69944293807461
6.482846621510119,4.971298246549924,14.329085531088964,80.69961622236112
6.4970733747534,4.970907059750923,14.329303926089171,80.6997890141599
6.511280141592695,4.970516991397932,14.32952169336712,80.69996131523494
6.525467034489982,4.970128037460311,14.329738835193236,80.70013312734645
6.539634164999008,4.969740193916685,14.329955353832563,80.70030445225075
6.553781643774529,4.969353456755057,14.33017125154475,80.70047529170019
6.5679095805815155,4.968967821968632,14.330386530586333,80.70064564744503
6.582018084303922,4.968583285569659,14.33060119320307,80.70081552122727
6.595185018460436,4.968225234942641,14.330801052367,80.70097371269036
6.608335987248228,4.967868094060698,14.331000401424133,80.70113150451516
6.62238936223691,4.967486639585704,14.331213335631713,80.70130002478258
6.635507518335941,4.967131393247862,14.331411621874897,80.70145698487724
6.648609949895997,4.9667770504573925,14.331609401506187,80.70161354803642
6.661696734055468,4.966423608684974,14.331806675917353,80.70176971539767
6.674767947426093,4.966071065378882,14.332003446559796,80.70192548806132
6.688732151050056,4.965694632756319,14.332213564836147,80.70209180240752
6.7017713653929025,4.965343959947931,14.332409286263575,80.7022467537885
6.714795241732475,4.964994179599894,14.33260450731314,80.70240131308697
6.727803854655936,4.964645289015738,14.332799229473459,80.7025554815108
6.740797278237946,4.964297285617874,14.332993454203743,80.70270926017838
6.753775586050579,4.963950166968508,14.333187182880641,80.70286265015085
6.766738851173286,4.963603930726953,14.333380416822983,80.70301565245006
6.779687146201191,4.963258574617884,14.333573157309983,80.70316826807213
6.792620543251817,4.962914096412317,14.333765405592874,80.70332049799481
6.805539113970856,4.962570493905614,14.333957162907415,80.70347234318697
6.818442929537104,4.9622277649071105,14.334148430479965,80.70362380461292
6.831332060666758,4.9618859072297345,14.334339209533855,80.7037748832364
6.844206577617259,4.96154491876529,14.334529501246744,80.70392557998797
6.857066550194333,4.961204798167051,14.33471930636579,80.70407589546716
6.869912047788008,4.960865543232133,14.334908626116615,80.70422583065124
6.882743139339452,4.960527151734217,14.335097461742302,80.70437538652348
6.895559893343662,4.960189621434509,14.335285814490328,80.70452456407516
6.908362377852535,4.959852950077467,14.335473685616781,80.70467336430576
6.921150660477595,4.9595171353897065,14.33566107638704,80.70482178822324
6.933924808392779,4.959182175079283,14.3358479880762,80.70496983684453
6.946684888337041,4.9588480668351815,14.336034421969323,80.7051175111955
6.959430966617024,4.958514808326792,14.33622037936185,80.70526481231136
6.972163109109658,4.958182388283984,14.336405867846985,80.70541174386902
6.984881380910333,4.957850814694569,14.336590881511846,80.70555830379358
6.9975858471035846,4.957520092063618,14.336775416801883,80.7057044911345
7.01027657262387,4.9571902034170945,14.336959485244533,80.70585031133837
7.0229536214078845,4.956861153429969,14.337143083229705,80.70599576334033
7.035617057257129,4.956532939626796,14.337326212120812,80.70614084825239
7.048266943556801,4.95620555946531,14.337508873326342,80.70628556720834
7.06090334327642,4.9558790173795275,14.337691063447233,80.70642991917325
7.073526319247449,4.955553298155322,14.337872792774686,80.70657390906999
7.0861359333947656,4.95522840517072,14.33805405860092,80.70671753622835
7.098732247469961,4.954904335933181,14.338234862299792,80.70686080176704
7.1113153228234705,4.9545810878874255,14.338415205287621,80.70700370682495
7.123885220405167,4.95425865843396,14.338595089010745,80.70714625255529
7.13644200076567,4.953937044942188,14.338774514936844,80.70728844012096
7.148985724058213,4.953616244760357,14.33895348454831,80.70743027069133
7.161516450040849,4.953296255222881,14.339131999337335,80.7075717454398
7.174034238078895,4.952977073655614,14.339310060802415,80.70771286554196
7.186539147147582,4.952658697379303,14.33948767044608,80.70785363217462
7.1990312358348145,4.95234112371375,14.339664829772145,80.7079940465141
7.2115105623439995,4.952024349978776,14.33984154028499,80.70813410973624
7.2239771844970955,4.951708373496103,14.340017803488372,80.70827382301553
7.236431159737357,4.951393191590601,14.340193620884564,80.70841318752484
7.248872545132367,4.951078801591062,14.340368993973868,80.70855220443507
7.261301397377051,4.950765201205796,14.340543924044102,80.7086908747501
7.273717772811447,4.950452388140891,14.34071841237886,80.70882919948025
7.2861217274231995,4.950140359734805,14.34089246047519,80.70896717979001
7.298513316835661,4.949829113334673,14.341066069823437,80.70910481684189
7.310892596310995,4.949518646293488,14.341239241910694,80.70924211179582
7.323259620752949,4.949208955970216,14.341411978220709,80.70937906580907
7.335614444709756,4.94890003972989,14.341584280233851,80.70951568003626
7.347957122376988,4.948591894943739,14.341756149427024,80.70965195562924
7.360287707600381,4.948284518989255,14.341927587273599,80.70978789373714
7.372606253878552,4.947977909250204,14.342098595243446,80.70992349550636
7.384912814365867,4.947672063116724,14.34226917480283,80.71005876208045
7.397207441875068,4.947366977985169,14.342439327414565,80.71019369460026
7.409490188880039,4.947062651258566,14.3426090545377,80.71032829420373
7.421761107518465,4.946759080346308,14.342778357627688,80.71046256202601
7.43402024959456,4.946456262664234,14.342947238136377,80.71059649919938
7.446267666581618,4.94615419563464,14.343115697511994,80.71073010685336
7.458503409624708,4.945852876686279,14.343283737199163,80.71086338611455
7.470727529543118,4.945552303753041,14.343451358358688,80.71099633788828
7.4829400768521985,4.945252474444258,14.343618562329738,80.711128963226
7.495141101753036,4.944953386203591,14.343785350550247,80.71126126324616
7.507330654128236,4.944655036484119,14.343951724451115,80.71139323906476
7.51950878354465,4.944357422745392,14.344117685459668,80.71152489179494
7.531675539255775,4.944060542453635,14.344283234999445,80.71165622254692
7.543830970204246,4.9437643930816435,14.34444837449034,80.71178723242802
7.5559751250242275,4.943468972108869,14.344613105348495,80.71191792254264
7.568108052043782,4.943174277021401,14.34477742898635,80.71204829399225
7.580229799287259,4.942880305312007,14.344941346812584,80.71217834787541
7.59234041447772,4.942587054480105,14.345104860232194,80.7123080852877
7.604439945039258,4.942294522031774,14.345267970646416,80.71243750732181
7.616528438099186,4.942002705477632,14.34543067945431,80.71256661506806
7.62860594049038,4.941711602298016,14.345592988072495,80.71269540962949
7.640672498752133,4.941421209991875,14.34575489790687,80.71282389210126
7.652728159132834,4.941131526073566,14.345916410354686,80.71295206357175
7.664772967592542,4.940842548070868,14.346077526805542,80.7130799251236
7.676806969805467,4.9405542739202,14.34623824841957,80.71320747766023
7.688830211177121,4.940266701375264,14.346398576455382,80.71333472216935
7.700842736839216,4.939979827991416,14.346558512288404,80.71346165972018
7.712844591644306,4.9396936513353795,14.346718057286035,80.71358829137858
7.7248358201680425,4.939408168982182,14.346877212810991,80.71371461820682
7.736816466711339,4.939123378514661,14.347035980221612,80.71384064126373
7.748786575302471,4.938839277523269,14.347194360871951,80.71396636160479
7.760746189699168,4.938555863605874,14.347352356111875,80.71409178028225
7.772695353390791,4.938273134367483,14.347509967287278,80.71421689834524
7.784634109600192,4.937991087420276,14.347667195740016,80.71434171683971
7.7965625012859485,4.937709720383399,14.347824042808051,80.71446623680855
7.808480571144237,4.937429030882926,14.347980509825492,80.71459045929159
7.820388361610807,4.93714901655198,14.348136598122457,80.71471438532556
7.832285914863027,4.936869675030449,14.348292309025343,80.71483801594421
7.844173272859475,4.936591003964338,14.348447643857062,80.71496135217859
7.85605047719104,4.936313001009129,14.348602603935284,80.7150843950556
7.867917569309123,4.936035663824509,14.348757190575306,80.71520714560019
7.879774590376653,4.935758990204182,14.348911405017414,80.7153296047784
7.891621581312253,4.9354829782373155,14.34906524833368,80.71545177342901
7.903458582802452,4.935207625605499,14.349218721826293,80.71557365256821
7.9152856352885115,4.934932929994237,14.349371826796872,80.7156952432089
7.927102778968163,4.934658889097131,14.34952456454176,80.71581654636111
7.938910053797436,4.934385500614652,14.34967693635348,80.71593756303187
7.950707499492496,4.9341127622533385,14.349828943521285,80.71605829422538
7.9624951555313395,4.933840671710582,14.349980587341893,80.71617874094753
7.974273061155046,4.933569226716148,14.350131869090383,80.71629890419348
7.986041255370381,4.933298425004114,14.350282790039687,80.7164187849562
7.997799776951481,4.93302826431355,14.350433351460214,80.71653838422623
8.009548664441422,4.932758742389067,14.350583554619453,80.71665770299148
8.021287956153913,4.932489856981304,14.350733400781637,80.71677674223706
8.033017690175036,4.932221605847086,14.350882891207695,80.71689550294522
8.044737904364736,4.931953986749915,14.351032027154845,80.71701398609524
8.056448636358601,4.931686997459937,14.351180809876684,80.71713219266337
8.068149923569445,4.931420635754178,14.351329240623006,80.71725012362282
8.079841803188934,4.931154899416632,14.351477320639747,80.71736777994363
8.091524312189197,4.930889786455042,14.351625051047643,80.71748516249731
8.103197487332121,4.930625294943876,14.35177243292637,80.71760227212975
8.114861365172798,4.930361422685873,14.351919467512333,80.71771910980179
8.12651598205151,4.930098167492108,14.35206615603654,80.71783567647135
8.138161374095205,4.929835527181147,14.352212499725683,80.71795197309316
8.149797577219108,4.9295734995787885,14.352358499802417,80.71806800061879
8.161424627128262,4.929312082518133,14.35250415748533,80.71818375999653
8.173042559319061,4.929051273839585,14.352649473988935,80.71829925217148
8.18465140908077,4.928791071390836,14.352794450523696,80.71841447808546
8.196251211497056,4.928531473027071,14.352939088295818,80.71852943867711
8.207842001447442,4.928272476610639,14.353083388507601,80.71864413488177
8.219423813608831,4.928014080011316,14.353227352357163,80.71875856763153
8.23099668245697,4.927756281106322,14.353370981038424,80.71887273785525
8.24256064226794,4.927499077780169,14.353514275741288,80.71898664647854
8.254115727119514,4.92724246792481,14.353657237651468,80.71910029442373
8.265661970892687,4.926986449439577,14.353799867950567,80.71921368260986
8.2771994072731,4.926731020231172,14.353942167816081,80.71932681195275
8.288728069752398,4.926476178213828,14.354084138421245,80.71943968336493
8.300247991629641,4.926221921435403,14.354225780864601,80.71955229769999
8.311759206017063,4.9259682481461855,14.354367096128689,80.71966465572513
8.323261745848022,4.925715156282321,14.354508085374148,80.71977675834353
8.334755643867371,4.925462643785698,14.354648749759313,80.71988860645499
8.34624093263276,4.925210708606515,14.35478909043733,80.72000020095615
8.357717644516006,4.924959348702344,14.354929108557243,80.72011154274041
8.369909459978459,4.9246924117316,14.355077819164855,80.72022976910354
8.381368566891963,4.924442246726548,14.355217166910064,80.72034058636339
8.393540921743037,4.924176603425333,14.35536515158381,80.72045824499085
8.404982561098475,4.923927634463948,14.355503828038845,80.7205685374972
8.417135609886689,4.9236632729561,14.355651093431785,80.72068563361212
8.428559917729944,4.923415489048237,14.35578910479489,80.72079540615687
8.440693812985474,4.923152397601807,14.355935657522096,80.7209119448761
8.452817892262287,4.922889968846107,14.356081838042535,80.72102819311135
8.464216188900735,4.922643972169337,14.356218846081964,80.72113718174869
8.476321342939318,4.922382794815898,14.356364324496996,80.7212528806871
8.48841679789578,4.9221222707423244,14.356509436019529,80.72136829323814
8.500502593312884,4.921862396344664,14.35665418271404,80.7214834209413
8.512578768449698,4.921603168252649,14.35679856648672,80.72159826526062
8.524645362291654,4.921344583329254,14.356942589110458,80.72171282756028
8.536702413560839,4.921086638153032,14.357086252520668,80.7218271093263
8.548749960707184,4.920829329345517,14.35722955862961,80.72194111202488
8.560788041911781,4.920572653570645,14.357372509326009,80.72205483710336
8.572816695090122,4.920316607534838,14.35751510647518,80.72216828598998
8.584835957895162,4.920061187988308,14.35765735191813,80.72228146009355
8.596845867720717,4.919806391722195,14.357799247473718,80.72239436080409
8.60884646170446,4.9195522155702855,14.357940794937175,80.72250698949254
8.620837776731044,4.919298656408276,14.358081996080765,80.72261934751096
8.632819849435169,4.9190457111538395,14.358222852653627,80.72273143619253
8.644792716204664,4.918793376766256,14.358363366382076,80.72284325685166
8.656756413183471,4.918541650246368,14.35850353896958,80.72295481078406
8.668710976274637,4.918290528636466,14.358643372096811,80.72306609926673
8.680656441143242,4.918040009020061,14.358782867421802,80.72317712355814
8.692592843219378,4.917790088521821,14.358922026579949,80.72328788489823
8.704520217700964,4.917540768589198,14.359060848163118,80.72339838324768
8.716438599703642,4.917292038811465,14.359199339101892,80.72350862208664
8.728348023854524,4.917043907521709,14.359337493203212,80.72361859927508
8.74024852493766,4.916796354935748,14.359475324027954,80.72372832103629
8.752140136931384,4.91654939609152,14.359612820691886,80.7238377832166
8.764022894202634,4.9163030108876775,14.359749996957985,80.72394699215434
8.775896830305786,4.916057214558971,14.35988684181056,80.72405594363047
8.787761979191314,4.915811996617311,14.360023362237037,80.72416464114565
8.799618374327942,4.91556734296287,14.360159567850209,80.72427308918692
8.811466048583895,4.915323271252071,14.360295445954705,80.72438128279322
8.823305035307115,4.915079770886173,14.360431003624392,80.72448922548944
8.835135367364899,4.9148368376115155,14.36056624353457,80.72459691885392
8.846957077361848,4.914594469286236,14.360701166890708,80.72470436382307
8.858770197712934,4.914352663778529,14.36083577489257,80.7248115613289
8.870574760644763,4.91411141896643,14.360970068734416,80.72491851229915
8.882370798197202,4.913870732737916,14.361104049604908,80.72502521765718
8.89415834222471,4.913630602990793,14.361237718687207,80.725131678322
8.90593742439765,4.913391027632718,14.361371077158907,80.72523789520838
8.917708076203823,4.9131520045811925,14.361504126192088,80.72534386922672
8.92947032894981,4.912913531763445,14.361636866953361,80.72544960128319
8.941224213762224,4.912675607220152,14.361769300545838,80.72555509223402
8.952969761592879,4.912438229180797,14.361901427964687,80.72566034285451
8.964707003226232,4.912201395601828,14.362033250359593,80.72576535403859
8.976435969270796,4.911965104447504,14.36216476887689,80.7258701266756
8.988156690160498,4.911729353692671,14.36229598465637,80.72597466165095
8.999869196155936,4.911494141321772,14.362426898832451,80.72607895984578
9.011573517345724,4.911259465328794,14.36255751253418,80.72618302213704
9.023269683647746,4.91102532371726,14.362687826885253,80.72628684939748
9.034957724810457,4.910791714500272,14.362817843003956,80.72639044249577
9.046637670414148,4.910558635700404,14.362947562003244,80.72649380229635
9.058309549872149,4.910326085349671,14.363076984990766,80.72659692965956
9.069973392432193,4.91009406148948,14.36320611306891,80.7266998254416
9.081629227177501,4.9098625621707335,14.36333494733467,80.72680249049459
9.09327708302811,4.90963158545356,14.363463488879894,80.72690492566655
9.10491698874202,4.90940112940756,14.363591738791056,80.72700713180139
9.116548972916462,4.909171192111575,14.363719698149449,80.72710910973898
9.12817306398905,4.908941771653635,14.363847368031205,80.72721086031515
9.139789290238925,4.908712866131125,14.363974749507163,80.72731238436171
9.151397679787994,4.908484473650545,14.364101843643043,80.72741368270641
9.162998260602047,4.908256592560324,14.364228651368904,80.72751475607078
9.174591060499864,4.908029221108694,14.364355173668269,80.72761560522304
9.186176107150564,4.907802357427006,14.364481411593905,80.7277162309791
9.19775342807044,4.907575999657367,14.364607366191464,80.72781663415117
9.20932305062415,4.907350145950962,14.364733038501473,80.72791681554756
9.220885002025835,4.9071247944679675,14.364858429559376,80.72801677597266
9.232439309340233,4.906899943377378,14.364983540395713,80.7281165162269
9.243985999483726,4.906675590857323,14.36510837203578,80.72821603710689
9.255525099225462,4.906451735094608,14.365232925500074,80.72831533940533
9.267056635188432,4.906228374284983,14.365357201804013,80.728414423911
9.278580633850533,4.906005506633041,14.365481201958,80.72851329140896
9.290097121545575,4.905783130352082,14.36560492696758,80.72861194268035
9.301606124464392,4.905561243664117,14.365728377833381,80.7287103785025
9.313107668655872,4.905339844799991,14.365851555551007,80.728808599649
9.324601780027974,4.905118931999091,14.365974461111286,80.72890660688962
9.336088484348736,4.904898503509436,14.366097095500189,80.72900440099038
9.347567807247264,4.904678557587705,14.366219459698765,80.72910198271353
9.359039774214816,4.904459092499052,14.366341554683318,80.72919935281763
9.370504410605726,4.904240106517264,14.36646338142524,80.72929651205749
9.381961741638447,4.904021598133018,14.366584940774391,80.72939346109258
9.393411792403386,4.903803565755928,14.366706233623477,80.72949020062059
9.404854587860905,4.903586007682724,14.366827260931933,80.72958673138535
9.416290152838268,4.903368922220064,14.366948023652615,80.72968305412732
9.427718512030589,4.903152307682878,14.367068522733733,80.7297791695834
9.439139690001866,4.902936162394382,14.367188759118838,80.72987507848678
9.450553711185801,4.902720484686156,14.367308733746691,80.72997078156715
9.461960599886853,4.902505272897836,14.367428447551584,80.73006627955058
9.473360380281036,4.902290525377329,14.367547901463102,80.73016157315958
9.48475307641697,4.902076240480636,14.367667096406276,80.73025666311308
9.496138712216643,4.901862416571907,14.367786033301513,80.73035155012658
9.507517311476438,4.901649052023208,14.367904713064814,80.73044623491198
9.518888897867944,4.901436145214823,14.368023136607455,80.73054071817772
9.53025349493885,4.90122369453486,14.368141304836374,80.73063500062877
9.541611126113855,4.901011698379422,14.36825921865395,80.73072908296662
9.55296181469549,4.900800155152487,14.368376878958147,80.73082296588936
9.56430558386503,4.900589063265952,14.36849428664243,80.73091665009161
9.575642456683296,4.900378421139499,14.368611442595883,80.73101013626463
9.586972456091573,4.900168227200595,14.3687283477032,80.73110342509621
9.598295604912368,4.899958479947353,14.368845002809518,80.73119651724313
9.6096119258523,4.899749178059964,14.368961408656505,80.73128941328353
9.620921441508635,4.899540319989679,14.36907756611468,80.73138211389565
9.632224174362316,4.899331904193112,14.369193476052827,80.73147461975407
9.643520146778783,4.899123929135425,14.369309139334332,80.73156693153024
9.654809381008727,4.89891639328931,14.369424556818327,80.73165904989237
9.666091899188995,4.898709295134958,14.36953972935973,80.7317509755053
9.677367723343277,4.898502633160022,14.369654657809233,80.73184270903074
9.688636875382919,4.898296405859617,14.369769343013312,80.73193425112707
9.699899377107757,4.89809061166506,14.369883785855883,80.73202560247906
9.711155250204579,4.897885249076753,14.369997987181678,80.73211676374157
9.722404516249828,4.89768031660981,14.370111947825507,80.73220773556469
9.733647196743247,4.897475812787299,14.370225668618156,80.73229851859455
9.744883312978326,4.89727173614289,14.370339150384407,80.7323891134727
9.756112886238565,4.897068085216738,14.370452393945351,80.73247952083791
9.767335937667943,4.896864858557567,14.370565400117211,80.73256974132522
9.778552488304266,4.896662054721836,14.370678169711812,80.73265977556635
9.789762559079861,4.896459672273426,14.370790703536787,80.7327496241898
9.800966170822399,4.896257709783555,14.370903002395586,80.73283928782085
9.812163344255522,4.896056165830511,14.371015067087706,80.73292876708177
9.823354099999626,4.895855039096561,14.371126898354426,80.73301806254901
9.834538458575594,4.895654328354915,14.371238496884075,80.73310717476102
9.845716440408173,4.895454032204015,14.371349863464816,80.73319610433116
9.856888065820865,4.895254149248837,14.371460998881243,80.73328485186993
9.868053355036634,4.895054678101444,14.371571903913708,80.73337341798485
9.879212328178568,4.8948556173806335,14.37168257933874,80.73346180328062
9.89036500527056,4.894656965756497,14.371793025884013,80.73355000835949
9.901511406239191,4.8944587217229625,14.371903244456243,80.73363803382078
9.912651550909427,4.894260884060372,14.37201323568108,80.73372588025855
9.924442382640041,4.89405146755852,14.372129681348175,80.7338188510933
9.936225951504085,4.893842535022081,14.372245855544625,80.73391160943329
9.948002283077676,4.893634083537462,14.372361759894078,80.73400415656846
9.95977140275909,4.893426110205092,14.372477396036363,80.73409649375854
9.971533335770427,4.893218612168749,14.372592765587353,80.73418862224389
9.983288107160021,4.893011586615185,14.372707870139207,80.7342805432456
9.995035741804747,4.89280503077396,14.37282271126043,80.7343722579656
10.006776264412325,4.8925989419171,14.372937290496107,80.73446376758679
10.018509699523669,4.892393317326374,14.373051609390892,80.73455507328273
10.030236071514038,4.892188154392457,14.373165669419311,80.73464617618824
10.041955404597557,4.891983450516146,14.373279472054904,80.73473707742895
10.053667722828335,4.8917792033470695,14.373393018632274,80.73482777802066
10.06537305010977,4.891575410444872,14.373506310534726,80.73491827902039
10.077071410192206,4.891372069329263,14.37361934917139,80.73500858149934
10.088762826672335,4.891169177561952,14.373732135927375,80.73509868651068
10.100447322995404,4.890966732745219,14.373844672165358,80.73518859508943
10.112124922457268,4.890764732521664,14.373956959225765,80.73527830825257
10.12379564820655,4.890563174573794,14.37406899842706,80.73536782699915
10.13545952324668,4.890362056624243,14.374180791065475,80.73545715231029
10.147116570437893,4.890161376435151,14.374292338415481,80.73554628514937
10.15876681249935,4.889961131808224,14.374403641729677,80.7356352264621
10.170410272011086,4.88976132058434,14.37451470223905,80.7357239771766
10.182046971416053,4.889561940643405,14.374625521153023,80.73581253820356
10.19367693302203,4.889362989904121,14.374736099659605,80.73590091043627
10.205300179003583,4.889164466323794,14.374846438925317,80.73598909475088
10.216916731404059,4.888966367897636,14.374956540096385,80.73607709200598
10.228526612137397,4.888768692659913,14.375066404296497,80.73616490304359
10.240129842990102,4.888571438681905,14.375176032629572,80.73625252868852
10.251726445623047,4.888374605049233,14.375285425489018,80.73633996946174
10.263316441604562,4.8881781988822235,14.375394577593644,80.73642722352413
10.274899852667032,4.887982206063796,14.375503498597904,80.7365142953383
10.286476700029064,4.887786625403807,14.375612189169507,80.7366011854267
10.298047004810597,4.887591455493898,14.375720650098403,80.7366878944077
10.309610788026164,4.887396694930158,14.375828882173627,80.73677442289622
10.321168070585474,4.887202342316841,14.375936886178936,80.73686077150423
10.332718873294171,4.887008396265083,14.376044662894264,80.73694694084065
10.344263216854587,4.886814855393076,14.376152213095525,80.7370329315114
10.355801121866376,4.886621718325913,14.37625953755475,80.73711874411933
10.367332608827295,4.886428983695631,14.376366637040016,80.73720437926436
10.378857698133828,4.886236650140987,14.376473512315657,80.73728983754336
10.390376410081938,4.88604471630763,14.376580164142075,80.7373751195503
10.401888764867667,4.885853180847883,14.376686593275934,80.73746022587618
10.413394782621243,4.8856620424203046,14.376792800470332,80.73754515710935
10.424894483274306,4.885471299691759,14.376898786473719,80.73762991383452
10.436387886760702,4.885280951334033,14.377004552031739,80.73771449663423
10.447875012883713,4.885090996026008,14.377110097886058,80.73779890608793
10.459355881383253,4.884901432452653,14.377215424774855,80.73788314277249
10.470830511803783,4.884712259307008,14.377320533431806,80.73796720726119
10.482298923694078,4.88452347528689,14.377425424587868,80.73805110012525
10.493761136475095,4.884335079097125,14.377530098970027,80.73813482193285
10.505217169473799,4.884147069475948,14.377634557286578,80.73821837323747
10.516667041924663,4.883959445358551,14.377738800134606,80.73830175450685
10.528110772976547,4.883772205469991,14.37784282822859,80.73838496630141
10.539548381686162,4.883585348538665,14.377946642282852,80.73846800917848
10.550979887018652,4.883398873300238,14.378050243006946,80.73855088369282
10.562405307848186,4.883212778496483,14.378153631107013,80.7386335903965
10.5738246629586,4.883027062875323,14.3782568072857,80.73871612983898
10.585237971043945,4.882841725190748,14.378359772242227,80.73879850256702
10.596645250709114,4.882656764202777,14.378462526672411,80.7388807091248
10.608046520470436,4.882472178677363,14.37856507126876,80.73896275005387
10.619441798756194,4.882287967386502,14.378667406720314,80.73904462589319
10.630831103907278,4.882104129108098,14.378769533712784,80.73912633717913
10.642214454177727,4.8819206626258635,14.378871452928642,80.73920788444549
10.653591867735223,4.881737566729399,14.37897316504701,80.73928926822359
10.664963362661814,4.881554840214126,14.3790746707437,80.73937048904217
10.676328956954292,4.881372481881134,14.379175970691382,80.73945154742748
10.687688668524855,4.881190490537354,14.379277065559368,80.73953244390329
10.699042515201645,4.8810088649952945,14.379377956013878,80.73961317899084
10.710390514729246,4.880827604073197,14.37947864271785,80.73969375320895
10.721732684769256,4.880646706594866,14.379579126331105,80.73977416707403
10.73306904290083,4.8804661713896875,14.379679407510315,80.7398544211
10.74439960662116,4.880285997433735,14.379779486829984,80.73993451573628
10.755724393350564,4.880106183654697,14.379879364889748,80.74001445145555
10.767043420431241,4.879926728896774,14.379979042338636,80.74009422876459
10.778356705124933,4.879747632010889,14.380078519820986,80.74017384816813
10.789664264613503,4.87956889185274,14.38017779797913,80.74025331016813
10.800966115999426,4.879390507284553,14.380276877450674,80.74033261526478
10.812262276306303,4.879212477172938,14.380375758871445,80.7404117639556
10.823552762479308,4.879034800390217,14.380474442873679,80.74049075673611
10.834837591385789,4.878857475813286,14.380572930087762,80.74056959409896
10.846116779815636,4.878680502325445,14.380671221139405,80.74064827653515
10.857390344481908,4.878503878814255,14.380769316652609,80.74072680453314
10.868658302021174,4.878327604172664,14.380867217248184,80.74080517857915
10.879920668994096,4.8781516772988525,14.380964923543923,80.74088339915723
10.89181788168242,4.877965775764136,14.38106818674671,80.74096603748914
10.903708637116475,4.877780289794333,14.381171217020256,80.74104849318542
10.915592956615567,4.877595216842647,14.381274015775695,80.74113076738165
10.92747086135331,4.877410554364509,14.381376584452221,80.74121286118327
10.939342372358878,4.877226299855896,14.38147892446664,80.74129477567746
10.951207510518818,4.877042450853236,14.381581037213342,80.74137651193342
10.963066296579232,4.876859004932911,14.381682924064693,80.7414580710024
10.974918751147754,4.876675959742888,14.381784586353238,80.74153945390388
10.98676489469659,4.876493313142345,14.38188602529262,80.74162066156502
10.99860474757042,4.876311062827359,14.381987242188057,80.74170169498458
11.010438329981309,4.876129206530684,14.382088238326007,80.7417825551433
11.02226566201059,4.875947742024636,14.382189014970464,80.7418632430049
11.034086763610812,4.875766667119883,14.382289573364254,80.74194375951586
11.045901654607606,4.875585979665572,14.382389914728893,80.74202410560554
11.057710354735871,4.875405677548224,14.382490040265283,80.74210428218649
11.069512883504233,4.875225758693817,14.382589951152463,80.74218429015372
11.081309260403017,4.875046221064188,14.382689648549663,80.74226413038615
11.093099504768592,4.874867062658871,14.38278913359532,80.74234380374581
11.104883635819562,4.874688281514643,14.382888407407057,80.7424233110783
11.116661672658443,4.874509875704395,14.382987471083247,80.74250265321236
11.128433634273525,4.874331843338667,14.383086325700416,80.74258183096092
11.140199539540564,4.874154182563376,14.383184972316219,80.74266084512041
11.15195940722443,4.873976891560721,14.38328341196809,80.74273969647119
11.1637132559809,4.8737999685487425,14.383381645673632,80.74281838577762
11.175461104358286,4.873623411780957,14.383479674430886,80.74289691378816
11.187202970799076,4.873447219546255,14.3835774992183,80.74297528123545
11.198938873641653,4.873271390168625,14.383675120994944,80.74305348883644
11.210668831121817,4.873095922006933,14.383772540700573,80.74313153729248
11.222392861374496,4.872920813642254,14.383869759150612,80.74320942720715
11.234110982441582,4.872746069963848,14.383966772686005,80.74328715735015
11.245823212474397,4.872571685720463,14.384063584762071,80.74336472951747
11.257529569407964,4.872397654600839,14.384160199623267,80.74344214577589
11.269230070928414,4.872223975463955,14.38425661790927,80.74351940662677
11.2809247346734,4.872050647174763,14.384352840255318,80.74359651256991
11.292613578098045,4.87187766860406,14.384448867294102,80.74367346410185
11.304296618677393,4.871705038626622,14.384544699655857,80.74375026171752
11.315973873772238,4.871532756122935,14.38464033796761,80.74382690590946
11.32764536066333,4.871360819978601,14.384735782853525,80.74390339716787
11.339311096551876,4.871189229084365,14.384831034934873,80.74397973598076
11.350971098560027,4.8710179823360855,14.384926094830025,80.7440559228339
11.36262538373142,4.870847078634695,14.385020963154501,80.7441319582108
11.374273969031606,4.870676516886115,14.385115640521015,80.74420784259286
11.385916871348565,4.870506296001225,14.385210127539516,80.74428357645927
11.397554107493198,4.8703364148959984,14.385304424817031,80.74435916028698
11.409185694199785,4.870166872491185,14.385398532957955,80.74443459455087
11.420811648126508,4.869997667712537,14.385492452563827,80.74450987972364
11.432431985855832,4.8698287994905956,14.385586184233528,80.74458501627588
11.444046723895081,4.869660266760805,14.385679728563142,80.74466000467605
11.455655878676831,4.869492068486473,14.385773086133193,80.74473484538034
11.467259466560172,4.8693242037913285,14.385866257433625,80.74480953877506
11.478857503836277,4.869156671626131,14.385959243050998,80.74488408532288
11.490450006722954,4.868989470944054,14.386052043571945,80.74495848548399
11.50203699136505,4.868822600703682,14.38614465957957,80.74503273971675
11.513618473834944,4.868656059868349,14.386237091654259,80.7451068484774
11.525194470132956,4.868489847405963,14.386329340373848,80.74518081222018
11.536764996187767,4.868323962289099,14.386421406313524,80.74525463139737
11.548330067856925,4.8681584034947605,14.386513290046022,80.74532830645921
11.559889700927226,4.8679931700046035,14.386604992141422,80.74540183785398
11.571443911115153,4.867828260804742,14.386696513167308,80.74547522602795
11.582992714067306,4.867663674885748,14.386787853688768,80.7455484714255
11.594536125360806,4.867499411242652,14.386879014268375,80.74562157448896
11.606074160503749,4.867335468874931,14.386969995466197,80.74569453565887
11.617606834935598,4.867171846786433,14.38706079783984,80.74576735537373
11.629134164027615,4.867008543985369,14.387151421944466,80.74584003407017
11.64065616308325,4.866845559484247,14.387241868332831,80.74591257218292
11.652172847338548,4.866682892299996,14.38733213755516,80.74598497014485
11.663684231962547,4.866520541453663,14.387422230159434,80.7460572283869
11.675190332057692,4.8663585059706795,14.387512146691108,80.74612934733821
11.686691162660269,4.8661967848807155,14.387601887693258,80.74620132742602
11.698186738740711,4.86603537721751,14.387691453706722,80.74627316907576
11.709677075204054,4.865874282183668,14.387780845177502,80.74634487263883
11.721162186895647,4.865713498845451,14.387870062626762,80.74641643852779
11.732642088596931,4.865553026247642,14.387959106589745,80.74648786716261
11.744750542758393,4.865383688190843,14.388053086981536,80.74656322482761
11.756853003292314,4.865214722154734,14.388146858934558,80.7466384189107
11.76894948919201,4.86504612583073,14.388240423721276,80.746713450448
11.78104001932213,4.864877896902828,14.388333782651525,80.74678832044565
11.793124612419344,4.864710033092887,14.388426937014199,80.7468630298929
11.805203287094132,4.864542532160378,14.388519888077358,80.74693757976226
11.81727606183268,4.86437539190201,14.38861263708853,80.74701197100947
11.829342954998644,4.864208610151671,14.388705185274613,80.74708620457372
11.841403984835019,4.864042184780046,14.388797533842165,80.74716028137779
11.853459169465877,4.863876113694355,14.388889683977554,80.74723420232809
11.86550852689818,4.863710394838492,14.38898163684687,80.74730796831464
11.877552075023464,4.863545026191808,14.389073393596522,80.74738158021167
11.889589831619634,4.863380005769635,14.38916495535314,80.74745503887722
11.901621814352604,4.86321533162308,14.389256323223465,80.74752834515346
11.913648040778062,4.863051001838534,14.389347498294747,80.74760149986672
11.925668528343097,4.8628870145373755,14.389438481634919,80.74767450382771
11.93768329438788,4.862723367875921,14.389529274292562,80.74774735783153
11.949692356147304,4.862560060074065,14.389619877280946,80.74782006264499
11.961695730753634,4.862397089521921,14.389710291517451,80.74789261896062
11.97369343524272,4.862234454479636,14.389800517992468,80.7479650275279
11.98568548655005,4.862072153239265,14.389890557679994,80.74803728908074
11.99767190151211,4.86191018412725,14.38998041153455,80.7481094043382
12.00965269686804,4.861748545503507,14.390070080492126,80.74818137400437
12.021627889261168,4.861587235761157,14.390159565470356,80.74825319876848
12.033597495240523,4.861426253326305,14.390248867368625,80.74832487930507
12.045561531262345,4.8612655966577645,14.390337987068257,80.74839641627398
12.057520013691612,4.8611052642469765,14.390426925432495,80.74846781032052
12.06947295883784,4.860945254617077,14.390515683307104,80.74853906207582
12.081420382819125,4.860785566324814,14.390604261519236,80.74861017215595
12.093362301769748,4.860626197957368,14.3906926608792,80.74868114116343
12.105298731704188,4.86046715804748,14.39078087517569,80.74875196677684
12.117229688877261,4.860308433168274,14.39086891363893,80.7488226531928
12.129155189064594,4.860150022328998,14.39095677682301,80.74889320084799
12.141075247971736,4.859991924543143,14.391044465279668,80.74896361017719
12.152989881234634,4.859834138828512,14.391131979558194,80.7490338816133
12.164899104420023,4.8596766642072176,14.39121932020544,80.74910401558735
12.176802933025801,4.859519499705517,14.391306487765961,80.74917401252853
12.188701382481488,4.859362644353862,14.391393482781961,80.74924387286417
12.200594468148665,4.859206097197455,14.391480305787397,80.74931359701515
12.21248220532163,4.859049857444129,14.391566957224661,80.74938318533121
12.224364609233302,4.858893924138089,14.391653437627165,80.74945263823474
12.236241695049806,4.858738296324982,14.39173974752915,80.74952195614587
12.248113477870818,4.858582973055371,14.39182588746155,80.74959113948307
12.259979972729997,4.858427953383999,14.391911857952906,80.7496601886631
12.27184119459536,4.858273236369578,14.391997659529551,80.74972910410088
12.283697158369673,4.858118821074793,14.39208329271561,80.74979788620959
12.295547878890824,4.857964706566286,14.392168758032984,80.74986653540073
12.307393370932207,4.857810891914684,14.392254056001331,80.74993505208398
12.319233649203102,4.857657376194586,14.392339187138065,80.75000343666736
12.331068728349043,4.8575041584844,14.392424151958503,80.7500716895571
12.34289862295221,4.8573512378665065,14.392508950975694,80.7501398111578
12.35472334753176,4.857198613427091,14.392593584700581,80.75020780187234
12.366542916544246,4.8570462842561755,14.392678053641955,80.75027566210187
12.378357344383899,4.856894249447612,14.392762358306449,80.75034339224594
12.390166645383083,4.85674250809908,14.39284649919854,80.75041099270238
12.401970833812586,4.856591059311978,14.392930476820641,80.75047846386738
12.413769923882004,4.8564399021914975,14.393014291673023,80.75054580613548
12.42556392974009,4.856289035846488,14.393097944253928,80.75061301989959
12.437352865475082,4.856138459389589,14.393181435059443,80.75068010555097
12.449136745115078,4.855988171937059,14.393264764583652,80.7507470634793
12.460915582628392,4.855838172684462,14.393347933276365,80.75081389403917
12.472689391926348,4.855688460848068,14.393430941574135,80.7508805975778
12.484458186864277,4.85553903555395,14.393513789965972,80.75094717448007
12.496221981238646,4.855389895932513,14.393596478938056,80.75101362512943
12.507980788787453,4.855241041117686,14.393679008974575,80.75107994990773
12.519734623190539,4.85509247024709,14.3937613805576,80.7511461491953
12.531483498069928,4.854944182461768,14.393843594167329,80.7512122233709
12.543227426990182,4.85479617690638,14.393925650281902,80.75127817281171
12.554966423458671,4.854648452729005,14.39400754937757,80.75134399789343
12.566700500925922,4.854501009081279,14.394089291928552,80.75140969899017
12.578429672785935,4.854353845118226,14.39417087840721,80.75147527647457
12.590784137263967,4.854198739422251,14.394256884614517,80.75154437596323
12.603132978257765,4.854043969369778,14.394342702798046,80.75161332783217
12.615476212960296,4.8538895328349385,14.394428334126141,80.75168213303891
12.627813858448027,4.85373542767995,14.39451377980802,80.75175079251203
12.640145931681303,4.85358165180254,14.394599041033235,80.75181930716423
12.652472449506066,4.853428203135645,14.394684118971862,80.7518876778925
12.664793428655571,4.8532750796471555,14.394769014774663,80.75195590557817
12.67710888575211,4.85312227933985,14.394853729573025,80.75202399108711
12.689418837308597,4.8529698002508175,14.394938264479423,80.75209193526976
12.701723299730308,4.852817640451598,14.395022620587202,80.7521597389612
12.714022289316501,4.852665798047771,14.395106798970916,80.75222740298132
12.726315822262022,4.852514271340171,14.395190800595792,80.75229492806403
12.738603914664695,4.852363058513709,14.395274626491034,80.75236231499525
12.750886582521524,4.8522121577731445,14.395358277676932,80.75242956454993
12.763163841729824,4.852061567357238,14.395441755154348,80.75249667748842
12.775435708088786,4.851911285537737,14.395525059905845,80.75256365455643
12.78770219730101,4.851761310618889,14.395608192896065,80.75263049648504
12.799963324974048,4.851611640937498,14.395691155071555,80.75269720399095
12.812219106621898,4.851462274862413,14.39577394736121,80.75276377777638
12.824469557666541,4.851313210794526,14.395856570676147,80.75283021852933
12.83671469343938,4.851164447166436,14.395939025909957,80.7528965269236
12.848954529182677,4.851015982442235,14.39602131393882,80.75296270361895
12.861189080051059,4.850867815117419,14.396103435621491,80.75302874926109
12.873418361112932,4.8507199437184125,14.396185391799682,80.7530946644819
12.885642387351854,4.850572366802584,14.396267183297947,80.75316044989947
12.897861173668042,4.850425082957975,14.39634881092388,80.75322610611815
12.91007473487965,4.850278090803008,14.39643027546828,80.75329163372871
12.92228308572423,4.850131388986416,14.396511577705141,80.75335703330843
12.934486240860052,4.8499849761868825,14.396592718391926,80.7534223054212
12.94668421486748,4.849838851112884,14.396673698269627,80.75348745061748
12.958877022250276,4.849693015778874,14.39675451574742,80.75355246847371
12.971064677546986,4.849547471033635,14.3968351700371,80.75361735892926
12.983247195291463,4.849402208449764,14.396915666907576,80.75368212464267
12.995424589701928,4.849257227247015,14.396996006793339,80.75374676595965
13.007596874938994,4.849112526554017,14.397076190181595,80.75381128326438
13.019764065102667,4.848968105503385,14.397156217557095,80.75387567693953
13.031926174232794,4.848823963231345,14.397236089402519,80.75393994736613
13.044083216309273,4.848680098877876,14.397315806198375,80.75400409492374
13.056235205252555,4.848536511586285,14.397395368423396,80.75406811999032
13.068382154923873,4.848393200503575,14.39747477655417,80.75413202294226
13.080524079125592,4.8482501647801515,14.397554031065427,80.75419580415442
13.092660991601536,4.848107403569936,14.397633132429918,80.75425946400014
13.104792906037362,4.847964916030346,14.397712081118422,80.75432300285124
13.116919836060895,4.847822701322194,14.397790877599837,80.75438642107797
13.129041795242358,4.847680758609733,14.39786952234115,80.75444971904912
13.141158797094773,4.8475390870606825,14.397948015807351,80.75451289713197
13.153270855074322,4.847397685846055,14.398026358461669,80.75457595569227
13.165377982580578,4.847256554140316,14.39810455076534,80.75463889509435
13.177480192956809,4.847115691121248,14.398182593177763,80.75470171570099
13.189577499490419,4.846975095970023,14.398260486156436,80.75476441787355
13.201669915413135,4.846834767871211,14.39833823015676,80.75482700197203
13.2137574539014,4.846694706011956,14.39841582563352,80.75488946835452
13.22584012807662,4.846554909584095,14.398493273037632,80.75495181737827
13.237917951005485,4.846415377781639,14.398570572819613,80.75501404939875
13.249990935700303,4.846276109855984,14.398647725397781,80.75507616474623
13.262059095121131,4.8461371051037325,14.398724731163865,80.75513816373241
13.27412244217752,4.845998362728461,14.39880159056274,80.7552000467088
13.286180989725514,4.845859881936226,14.398878304038737,80.75526181402503
13.298234750567852,4.845721661937827,14.398954872032165,80.75532346603
13.3102837374544,4.845583701946136,14.399031294982992,80.75538500307087
13.322327963082342,4.845446001228977,14.399107573277306,80.75544642549372
13.334367440098,4.845308558847408,14.399183707508683,80.75550773364391
13.346402181090983,4.8451713741863305,14.399259697951761,80.75556892786192
13.358432198603914,4.845034446416043,14.399335545093086,80.75563000849087
13.370457505126248,4.8448977747653315,14.399411249363517,80.75569097587115
13.38247811309623,4.844761358465936,14.3994868111923,80.75575183034177
13.394494034901143,4.844625196752825,14.399562231006815,80.75581257224036
13.406505282877612,4.844489288863884,14.399637509232853,80.75587320190326
13.418511869311871,4.844353634040031,14.3997126462945,80.75593371966548
13.430513806440059,4.844218231525245,14.39978764261411,80.75599412586065
13.44313984716591,4.844075679009183,14.399866615715368,80.75605770527545
13.455760575275525,4.843933429953102,14.399945418841654,80.75612115120525
13.468376006463238,4.843791482397965,14.400024053065627,80.7561844645364
13.480986156316805,4.843649834367212,14.400102519505653,80.75624764612714
13.49359104031751,4.843508483917475,14.400180819261696,80.75631069682083
13.506190673841836,4.843367429138388,14.400258953415438,80.75637361744617
13.51878507216302,4.843226668171267,14.400336923019902,80.75643640880882
13.531374250453357,4.843086199305385,14.400414729044824,80.75649907164978
13.543958223789994,4.842946020728459,14.40049237251687,80.75656160675467
13.55653700715153,4.842806130658508,14.400569854447069,80.75662401489443
13.569110615419524,4.842666527346218,14.400647175827972,80.7566862968258
13.581679063379974,4.842527209073464,14.400724337634799,80.75674845329173
13.59424236572487,4.842388174153673,14.400801340825314,80.75681048502102
13.606800537053608,4.8422494209313705,14.40087818634012,80.75687239272851
13.619353591874575,4.84211094778215,14.400954875102542,80.75693417711531
13.631901544606476,4.841972753112164,14.40103140801906,80.75699583886878
13.644444409579876,4.841834835358223,14.40110778597911,80.75705737866267
13.656982201038558,4.841697192987262,14.401184009855534,80.75711879715722
13.669514933140952,4.841559824496457,14.401260080504347,80.7571800949992
13.682042619961575,4.841422728412711,14.401335998765175,80.75724127282211
13.694565275492371,4.84128590329271,14.401411765461102,80.75730233124618
13.707082913644081,4.841149347722502,14.401487381399008,80.75736327087849
13.719595548247634,4.8410130603174295,14.401562847369528,80.75742409231304
13.732103193055455,4.840877039721885,14.401638164147219,80.7574847961309
13.744605861742821,4.84074128460905,14.401713332490724,80.75754538290023
13.757103567909146,4.840605793680814,14.401788353142777,80.7576058531764
13.769596325079313,4.840470565667494,14.401863226830386,80.75766620750213
13.782084146704962,4.840335599327675,14.401937954264893,80.75772644640743
13.794567046165746,4.840200893462417,14.402012536134121,80.75778657040347
13.80704503677115,4.840066447014148,14.402086973046385,80.75784657993947
13.819518131765852,4.8399322588258284,14.402161265665592,80.75790647550858
13.8319863443263,4.839798334618534,14.40223540979878,80.75796625558269
13.844449687798768,4.839664666863198,14.4023094105694,80.7580259225674
13.85690817524062,4.839531252365684,14.402383270098317,80.758085477536
13.869361819571619,4.839398090348313,14.402456988819864,80.75814492083182
13.881810633657858,4.839265180036367,14.402530567166824,80.7582042527968
13.894254630312062,4.839132520658452,14.402604005570014,80.75826347377154
13.906693822293906,4.839000111446143,14.402677304458663,80.75832258409518
13.91912822231032,4.838867951634178,14.402750464260198,80.75838158410562
13.931557843015748,4.838736040460375,14.402823485400331,80.75844047413929
13.94398269701244,4.838604377165555,14.40289636830312,80.75849925453133
13.956402796850705,4.8384729609936326,14.402969113390856,80.7585579256155
13.968818155029322,4.8383417911915725,14.403041721084147,80.75861648772428
13.981228783995663,4.838210867009297,14.403114191801954,80.75867494118874
13.993634696146078,4.838080187699738,14.403186525961557,80.75873328633871
14.006035903826097,4.837949752518865,14.403258723978515,80.75879152350262
14.018432419330761,4.837819560725574,14.40333078626678,80.75884965300764
14.030824254904905,4.837689611581721,14.403402713238636,80.75890767517964
14.043211422743381,4.837559904352139,14.40347450530469,80.75896559034317
14.055593934991315,4.83743043830451,14.403546162873996,80.7590233988215
14.067971803744493,4.837301212709546,14.403617686353861,80.7590811009366
14.08034504104949,4.837172226906442,14.403689076113476,80.75913869698009
14.092713658906353,4.837043480239471,14.40376033251762,80.7591961872429
14.105077669268917,4.836914971986737,14.403831455970018,80.75925357204325
14.117437084042574,4.836786701430107,14.403902446871742,80.75931085169815
14.129791915084619,4.83665866785419,14.403973305622392,80.75936802652342
14.142142174204459,4.836530870546489,14.404044032619906,80.75942509683361
14.154487873163893,4.836403308797232,14.40411462826074,80.75948206294203
14.166829023677364,4.836275981899545,14.404185092939695,80.75953892516075
14.179165637412211,4.836148889149287,14.40425542705005,80.75959568380067
14.19149772598889,4.8360220298450525,14.404325630983585,80.75965233917137
14.20382530098126,4.83589540328831,14.404395705130415,80.75970889158127
14.216148373916845,4.835769008783099,14.404465649879297,80.7597653413376
14.228466956277021,4.835642845636356,14.404535465617293,80.75982168874634
14.2407810594973,4.8355169131575435,14.404605152730129,80.75987793411232
14.253090694967591,4.835391210594817,14.40467471163924,80.75993407776593
14.265395874030157,4.83526573723516,14.404744142744324,80.75999012002052
14.277696607981108,4.835140492408193,14.404813446419817,80.76004606117199
14.289992908072136,4.835015475444704,14.404882623038933,80.76010190151636
14.30291387265726,4.834883982862999,14.404955399247513,80.76016061788948
14.315829785321924,4.8347527653213,14.40502802141585,80.76021921326286
14.328740660505652,4.834621821007256,14.405100490532224,80.76027768846052
14.341646512549362,4.834491148085717,14.405172807635225,80.76033604427906
14.354547355695352,4.83436074475242,14.405244973746367,80.76039428150122
14.367443204088737,4.834230609315675,14.405316989824387,80.76045240085993
14.380334071782098,4.834100740088262,14.405388856824288,80.76051040308745
14.393219972735924,4.833971135356499,14.405460575717896,80.76056828892561
14.4061009208555,4.833841793437251,14.405532147459619,80.76062605910312
14.418976929842282,4.833712712678512,14.405603572986603,80.76068371433489
14.431848013420451,4.83358389145688,14.405674853220136,80.76074125532298
14.44471418518826,4.833455328179072,14.405745989064906,80.76079868275603
14.457575458656956,4.83332702128075,14.40581698140935,80.7608559973099
14.470431847252257,4.833198969226667,14.405887831126046,80.76091319964729
14.483283364315598,4.833071170510748,14.405958539071259,80.760970290418
14.496130023105616,4.8329436236555114,14.406029106085464,80.76102727025902
14.508971836799459,4.832816327212004,14.406099532993338,80.76108413979466
14.521808818494149,4.832689279759634,14.406169820603818,80.76114089963656
14.534640981207886,4.832562479905808,14.406239969710382,80.76119755038381
14.547468337881435,4.832435926285998,14.406309981090914,80.76125409262309
14.560290901379348,4.832309617563339,14.40637985550799,80.76131052692868
14.573108684491306,4.83218355242845,14.406449593708992,80.76136685386255
14.58592169993339,4.832057729599374,14.406519196426082,80.76142307397454
14.598729960349354,4.831932147821297,14.406588664376391,80.76147918780231
14.611533478311852,4.831806805866296,14.406657998262185,80.76153519587153
14.62433226632375,4.831681702533296,14.406727198770847,80.76159109869585
14.637126336819243,4.831556836647831,14.40679626657501,80.76164689677717
14.649915702165172,4.831432207036123,14.406865202350872,80.761702590613
14.662700374661311,4.831307812719947,14.406934006658762,80.76175818062129
14.67548036654775,4.831183652623365,14.407002680113163,80.76181366726347
14.68825569000153,4.831059725672894,14.407071223331357,80.76186905099576
14.701026357136907,4.830936030981711,14.407139636803038,80.76192433221524
14.71379238001229,4.830812575418302,14.407207915536116,80.76197950904557
14.726553770906984,4.830689348141645,14.407276067002883,80.76203458485547
14.739310541688843,4.8305663484548385,14.407344091592545,80.76208955995261
14.752062704177693,4.8304435756637805,14.40741198969272,80.7621444346435
14.764810270145675,4.830321029077127,14.407479761689496,80.76219920923337
14.777553251317439,4.830198708006284,14.407547407967424,80.7622538840263
14.790291659370414,4.830076611765418,14.407614928909517,80.76230845932506
14.803025505935054,4.829954739671419,14.407682324897253,80.76236293543133
14.815754802595116,4.829833091043834,14.407749596310667,80.7624173126455
14.828479560887883,4.829711665204996,14.407816743528187,80.76247159126682
14.841199792304407,4.829590461479938,14.40788376692674,80.76252577159332
14.853915508289786,4.829469479196244,14.407950666881877,80.76257985392188
14.866626720243344,4.829348717684277,14.408017443767553,80.76263383854817
14.879333439518952,4.829228176276983,14.408084097956305,80.76268772576671
14.8920356774252,4.829107854310036,14.408150629819099,80.76274151587086
14.904733445225693,4.828987751121643,14.408217039725542,80.76279520915281
14.91742675413923,4.828867866052651,14.408283328043748,80.76284880590362
14.930115615340105,4.8287481984464975,14.408349495140381,80.76290230641312
14.942800039958284,4.82862874764923,14.40841554138065,80.76295571097012
14.955480039079664,4.8285095130981,14.408481467078705,80.7630090198232
14.96815562374956,4.828390494174236,14.408547272579005,80.76306223324676
14.980826804970782,4.828271690230197,14.408612958243635,80.76311535152615
14.993493593702695,4.828153100622025,14.408678524432188,80.76316837494579
15.006156000861484,4.828034724708184,14.408743971502949,80.76322130378887
15.018814037320405,4.827916561849682,14.408809299812757,80.76327413833756
15.031467713909958,4.827798611409979,14.408874509717117,80.7633268788729
15.04411704141815,4.827680872755103,14.40893960157007,80.76337952567482
15.05676203059071,4.82756334525354,14.409004575724262,80.7634320790222
15.06940269213127,4.8274460282761025,14.40906943253113,80.76348453919276
15.082039036701635,4.827328921196229,14.409134172340558,80.7635369064632
15.094671074921969,4.827212023389779,14.409198795501085,80.76358918110913
15.107298817371046,4.827095334234946,14.409263302359983,80.76364136340507
15.119922274586377,4.826978853112425,14.40932769326311,80.76369345362447
15.132541457064537,4.826862579405216,14.409391968555052,80.76374545203973
15.145156375261294,4.826746512498856,14.409456128578938,80.7637973589222
15.157767039591862,4.826630651781117,14.409520173676698,80.76384917454217
15.170373460431067,4.826514996642287,14.409584104188808,80.7639008991689
15.182975648113603,4.826399546474892,14.409647920454532,80.76395253307058
15.196203855089813,4.826278225719505,14.409714997810545,80.76400677646996
15.209427251744815,4.8261571532567045,14.409781936121613,80.76406091062168
15.222645851350652,4.826036327411642,14.40984873629769,80.76411493629067
15.235859667088025,4.825915746482704,14.409915399302193,80.7641688542151
15.24906871204599,4.825795408817524,14.409981926071225,80.76422266511125
15.262272999224242,4.825675312873019,14.410048317479324,80.76427636964766
15.275472541537587,4.825555457034729,14.4101145744411,80.76432996852418
15.28866735181348,4.825435839715222,14.410180697857053,80.76438346242773
15.301857442793365,4.825316459355943,14.410246688611346,80.7644368520327
15.315042827134057,4.825197314426418,14.410312547572579,80.764490138001
15.328223517409114,4.825078403424249,14.410378275593791,80.76454332098196
15.341399526110164,4.8249597248746925,14.410443873512635,80.76459640161268
15.354570865648268,4.824841277384237,14.41050934209743,80.76464938051832
15.367737548357072,4.824723059366573,14.410574682320906,80.76470225831251
15.380899586486661,4.8246050695992695,14.410639894807698,80.76475503559304
15.394056992216251,4.824487306658326,14.410704980391758,80.76480771294992
15.40720977764774,4.824369769204443,14.410769939835777,80.76486029095979
15.420357954808948,4.8242524559250795,14.410834773887549,80.76491277018737
15.433501535654917,4.824135365534105,14.410899483280208,80.76496515118569
15.446640532069122,4.824018496771457,14.410964068732499,80.76501743449604
15.459774955864729,4.823901848403204,14.41102853094865,80.76506962064815
15.472904818785805,4.82378541922123,14.411092870618598,80.76512171016017
15.486030132508546,4.823669208043066,14.411157088418069,80.76517370353886
15.49915090864246,4.823553213711756,14.41122118500864,80.7652256012796
15.512267158731637,4.8234374350956335,14.411285161037899,80.76527740386646
15.5253788942558,4.823321871088168,14.411349017139491,80.76532911177235
15.538486126631614,4.823206520607809,14.411412753933217,80.76538072545898
15.551588867213729,4.823091382597814,14.411476372025128,80.76543224537706
15.564687127296017,4.822976456123914,14.411539871952808,80.76548367192328
15.577780918116405,4.8228617401935185,14.411603254285696,80.76553500552079
15.590870250854891,4.822747233822183,14.411666519590268,80.76558624658755
15.603955136633969,4.82263293605033,14.411729668418745,80.76563739553092
15.617035586519746,4.822518849267994,14.411792698958234,80.76568845177377
15.630111611645683,4.822404972920529,14.41185561145588,80.7657394156236
15.643183223103632,4.822291300856858,14.411918410120888,80.76579028902225
15.656250431738032,4.822177832458943,14.411981095298412,80.76584107224265
15.669313248350749,4.822064567111311,14.412043667332144,80.76589176555655
15.682371683701227,4.821951504200931,14.412106126564389,80.76594236923468
15.695425748506812,4.821838643117248,14.412168473336063,80.76599288354669
15.708475453442881,4.8217259832519215,14.412230707986911,80.76604330876117
15.72152080914303,4.821613523999223,14.412292830855147,80.76609364514563
15.734561826199453,4.821501264755703,14.412354842277756,80.76614389296654
15.74759851516301,4.821389204920332,14.412416742590347,80.76619405248933
15.760630886543453,4.821277343894407,14.412478532127256,80.76624412397834
15.773658950809722,4.821165681081617,14.412540211221462,80.76629410769692
15.786682718390075,4.821054215887965,14.412601780204668,80.76634400390736
15.799702199672316,4.820942947721825,14.412663239407234,80.76639381287094
15.812717405004033,4.820831875993852,14.412724589158268,80.76644353484788
15.82572834469275,4.820721000117091,14.41278582978551,80.76649317009739
15.838735029006216,4.8206103195067325,14.412846961615564,80.76654271887772
15.851737468172502,4.820499833580418,14.4129079849736,80.76659218144599
15.864735672380286,4.820389541758028,14.412968900183557,80.76664155805841
15.87772965177904,4.820279443559409,14.413029707513363,80.76669084892723
15.890719416482927,4.820169538416328,14.413090407279372,80.7667400543043
15.90370497656756,4.820059825754332,14.413150999802848,80.76678917444282
15.916686342069909,4.819950305002083,14.413211485402813,80.76683820959511
15.929663522988431,4.819840975590404,14.413271864397098,80.7668871600125
15.942636529283432,4.819731836952359,14.41333213710228,80.76693602594536
15.955605370877102,4.819622888523129,14.413392303833788,80.76698480764308
15.968570057653778,4.819514129740212,14.413452364905707,80.76703350535408
15.981530599460134,4.81940556004315,14.41351232063103,80.76708211932582
15.994487006105354,4.819297178873831,14.413572171321388,80.76713064980478
16.00743928736137,4.819188985676172,14.413631917287312,80.76717909703652
16.020387452962954,4.819080979896222,14.413691558838165,80.7672274612656
16.033331512607987,4.818973160982302,14.413751096281988,80.7672757427357
16.046271475957624,4.818865528384779,14.413810529925703,80.76732394168951
16.059207352636463,4.81875808155619,14.413869860075007,80.7673720583688
16.07213915223277,4.818650819951055,14.41392908703455,80.7674200930144
16.085066884298563,4.8185437430261775,14.413988211107624,80.7674680458662
16.097990558349945,4.818436850240315,14.414047232596486,80.7675159171632
16.11091018386714,4.818330141054415,14.41410615180213,80.76756370714345
16.12445792243216,4.818218098547353,14.41416803153829,80.76761386991436
16.138001071901392,4.8181062794696565,14.41422978617394,80.7676639343564
16.151539644470045,4.817994682279978,14.414291416542815,80.7677139011772
16.165073652248694,4.817883305406063,14.414352923535498,80.76776377105844
16.17860310726279,4.8177721473027155,14.414414308027629,80.76781354466965
16.19212802145399,4.817661206520065,14.414475570841603,80.76786322263834
16.205648406684283,4.817550481606503,14.414536712799844,80.76791280559365
16.21916427473615,4.817439971096354,14.414597734734292,80.76796229416937
16.232675637312223,4.817329673551178,14.414658637461322,80.76801168898751
16.24618250603665,4.8172195875587835,14.41471942178275,80.76806099065847
16.25968489245639,4.817109711733007,14.414780088485998,80.76811019978099
16.27318280804243,4.817000044713927,14.414840638343925,80.76815931694215
16.28667626419111,4.816890585166912,14.414901072115269,80.76820834271781
16.300165272225343,4.816781331782958,14.414961390544661,80.76825727767239
16.313649843395936,4.816672283278493,14.415021594362617,80.7683061223589
16.327129988882703,4.816563438395141,14.415081684285672,80.7683548773192
16.34060571979579,4.816454795899632,14.415141661016406,80.76840354308396
16.35407704717683,4.816346354583407,14.415201525243765,80.76845212017282
16.36754398200014,4.816238113262672,14.41526127764291,80.76850060909442
16.381006535173963,4.816130070778192,14.415320918875366,80.76854901034645
16.394464717541563,4.81602222599496,14.415380449589287,80.76859732441575
16.407918539882473,4.815914577802136,14.415439870419409,80.76864555177845
16.421368012913558,4.815807125113205,14.415499181986691,80.7686936929001
16.434813147290246,4.815699866864345,14.415558384900578,80.76874174823507
16.448253953607598,4.81559280201731,14.415617479754783,80.76878971822791
16.4616904424015,4.815485929555951,14.41567646713177,80.76883760331228
16.475122624149677,4.815379248487784,14.415735347600684,80.76888540391154
16.488550509272837,4.815272757843581,14.415794121717743,80.76893312043867
16.501974108135826,4.815166456677163,14.415852790026381,80.76898075329646
16.515393431048608,4.8150603441242,14.415911353024446,80.76902830285135
16.528808488269718,4.814954419325118,14.415969811206134,80.76907576946874
16.542219290006656,4.814848681400954,14.416028165078032,80.76912315352102
16.555625846415218,4.814743129495769,14.416086415133572,80.76917045537067
16.56902816760054,4.814637768885959,14.416144557531998,80.76921767358203
16.58242626385098,4.81453259246241,14.416202597148839,80.76926481038875
16.595820145165433,4.814427598239472,14.416260535294626,80.7693118664659
16.609209821449866,4.814322785672899,14.4163183722732,80.76935884205389
16.622595302572474,4.814218154220412,14.416376108387372,80.76940573739222
16.63597659836387,4.814113703341996,14.41643374393865,80.76945255271936
16.649353718617306,4.81400943249966,14.41649127922744,80.76949928827291
16.662726673088873,4.813905341157665,14.416548714552825,80.76954594428952
16.676095471497685,4.81380142878215,14.416606050212943,80.76959252100491
16.689460123526004,4.81369769484155,14.416663286504566,80.76963901865388
16.702820638819464,4.813594138806287,14.416720423723387,80.76968543747033
16.716177026987317,4.813490760148829,14.41677746216397,80.7697317776872
16.72952929760253,4.813387558343809,14.416834402119635,80.76977803953656
16.742877460201964,4.813284532867764,14.416891243882684,80.76982422324956
16.756221524286623,4.81318168319938,14.416947987744194,80.76987032905643
16.769561499321764,4.813079008819385,14.417004633994084,80.76991635718653
16.782897394737184,4.812976509210444,14.417061182921234,80.76996230786833
16.796229219927234,4.81287418385737,14.417117634813264,80.77000818132937
16.80955698425112,4.812772032246757,14.4171739899569,80.77005397779634
16.822880697033042,4.812670053867531,14.417230248637416,80.77009969749504
16.83620036756238,4.812568248210213,14.417286411139365,80.77014534065043
16.849516005093832,4.812466614849242,14.417342477700137,80.77019090745063
16.862827618850833,4.81236515323866,14.41739844862496,80.77023639813639
16.876135218020902,4.81226386284253,14.417454324214752,80.77028181294273
16.889438811756136,4.812162743171081,14.417510104743188,80.77032715208573
16.90273840917514,4.812061793735163,14.417565790482787,80.77037241578205
16.916034019363096,4.811961014045031,14.417621381706777,80.7704176042482
16.92932565137184,4.811860403611363,14.417676878688212,80.77046271770043
16.94261331421995,4.811759962001467,14.417732281643694,80.77050775635483
16.955897016894838,4.811659688556066,14.417787591015903,80.77055272042803
16.969176768345047,4.811559582964666,14.417842806903389,80.77059761013194
16.98245257749227,4.81145964468235,14.417897929635265,80.77064242568238
16.99572445322346,4.811359873225726,14.417952959481328,80.77068716729295
17.008992404393,4.811260268112819,14.418007896710666,80.77073183517652
17.022256439822844,4.811160828863343,14.418062741591378,80.77077642954528
17.035516568302683,4.811061555054677,14.418117494334448,80.77082095061088
17.048772798592,4.810962446037645,14.418172155377151,80.7708653985852
17.062025139412473,4.810863501513189,14.41822672481152,80.7709097736753
17.075273599459923,4.810764720947542,14.418281202960548,80.77095407609191
17.089152941950235,4.810661078454246,14.418338378091061,80.77100054345469
17.10302789551338,4.810557636770936,14.418395440810711,80.77104692241835
17.11689847136895,4.8104543944791445,14.418452391882772,80.7710932136381
17.1307646806578,4.810351350125345,14.418509232130885,80.77113941774377
17.144626534441485,4.810248502337414,14.41856596230832,80.77118553535428
17.158484043705414,4.810145849540259,14.418622583381705,80.77123156707803
17.172337219351906,4.810043390532209,14.418679095959336,80.77127751350845
17.18618607221414,4.809941123981932,14.418735500821759,80.77132337519632
17.20003061305223,4.809839048574385,14.418791798714809,80.7713691527108
17.213870852553722,4.809737163004655,14.418847990380081,80.77141484661526
17.22770680133426,4.8096354659929546,14.418904076544775,80.77146045746227
17.241538469938817,4.809533956283871,14.418960057922611,80.77150598579352
17.255365868842933,4.8094326326455565,14.41901593521411,80.77155143214033
17.269189008453832,4.809331493870061,14.419071709106692,80.77159679702325
17.283007899111688,4.809230538773314,14.419127380274432,80.77164208095226
17.29682255109073,4.809129766194585,14.419182949378516,80.77168728442689
17.31063297460039,4.809029174977532,14.41923841708058,80.77173240794188
17.32443917978582,4.808928764019015,14.419293784008284,80.77177745197271
17.33824117673004,4.808828532245299,14.419349050771924,80.77182241698277
17.352038975455475,4.808728478585738,14.419404217982962,80.77186730343129
17.365832585924206,4.808628601992975,14.419459286239855,80.77191211176718
17.37962201803908,4.80852890144259,14.419514256128327,80.77195684242908
17.39340728164493,4.808429375932874,14.41956912822146,80.77200149584567
17.407188386529516,4.808330024484677,14.419623903079792,80.77204607243553
17.420965342424775,4.808230846141087,14.419678581251524,80.7720905726074
17.434738159007765,4.808131839967319,14.419733163272577,80.7721349967601
17.448506845901814,4.8080330050505,14.419787649666707,80.7721793452828
17.462271412677506,4.8079343404996004,14.419842040945507,80.77222361855489
17.476031868853774,4.807835845445042,14.419896337608737,80.77226781694623
17.489788223898906,4.807737519038775,14.41995054014417,80.77231194081705
17.5035404872316,4.807639360453968,14.42000464902783,80.7723559905182
17.517288668221898,4.8075413688862,14.420058664723282,80.77239996639052
17.531032776192344,4.807443543637035,14.420112587634787,80.77244386872817
17.54477282042245,4.807345884323743,14.420166417933192,80.77248769774307
17.558508810161058,4.807248396162357,14.420220151829438,80.7725314520082
17.572240754847204,4.807151070616074,14.420273795220881,80.77257513416305
17.585968663567403,4.807053907206379,14.42032734837467,80.77261874441895
17.599692545374488,4.806956905456654,14.420380811556877,80.77266228298647
17.613412409287914,4.806860064892122,14.420434185032546,80.77270575007533
17.62712826429387,4.806763385040017,14.420487469065367,80.77274914589462
17.640840119345498,4.806666865428447,14.420540663919562,80.77279247065199
17.654547983362967,4.806570505589187,14.420593769855733,80.77283572455508
17.66825186523374,4.806474305054417,14.420646787135304,80.77287890781028
17.681951773812617,4.806378263358517,14.420699716018223,80.77292202062326
17.695647717922018,4.806282380037602,14.420752556763484,80.77296506319891
17.709339706352047,4.806186654629743,14.420805309628939,80.77300803574133
17.7230277478607,4.80609108667467,14.420857974871568,80.77305093845376
17.736711851173993,4.805995675714009,14.420910552747232,80.77309377153877
17.75039202498611,4.805900421291021,14.420963043510959,80.77313653519802
17.764068277959595,4.805805322950896,14.421015447416607,80.77317922963249
17.777740618725534,4.805710380240476,14.421067764717177,80.77322185504234
17.791409055883605,4.805615592708299,14.421119995664736,80.77326441162697
17.805073598002274,4.805520959904849,14.42117214051018,80.77330689958498
17.818734253618985,4.8054264813821215,14.421224199503657,80.77334931911422
17.832391031240324,4.805332156693991,14.421276172894206,80.7733916704118
17.846043939342085,4.805237985396019,14.42132806092992,80.77343395367407
17.85969298636947,4.805143967045381,14.421379863858055,80.77347616909655
17.87333818073721,4.8050501012389235,14.421431581903704,80.77351831685738
17.886979530831297,4.804956387581769,14.421483215286408,80.77356039713183
17.90061704500937,4.804862825635592,14.421534764251136,80.77360241011327
17.914250731599058,4.804769414964222,14.421586229041388,80.77364435599439
17.92788059889801,4.804676155133065,14.421637609899808,80.77368623496713
17.941506655174216,4.804583045709288,14.421688907068017,80.77372804722269
17.955128908666044,4.804490086261723,14.421740120786705,80.77376979295157
17.9687473675824,4.804397276360746,14.421791251295746,80.77381147234351
17.982362040102892,4.804304615578505,14.421842298833958,80.77385308558753
17.995972934377946,4.8042121034887595,14.421893263639285,80.77389463287196
18.009580058528915,4.804119739666729,14.421944145948911,80.77393611438436
18.0231834206483,4.804027523689462,14.421994945998918,80.77397753031161
18.036783028799825,4.803935455135509,14.42204566402459,80.7740188808399
18.050378891018575,4.803843533585071,14.42209630026027,80.77406016615465
18.063971015311196,4.803751758619976,14.422146854939383,80.77410138644065
18.077559409655898,4.8036601298234185,14.422197328294676,80.77414254188191
18.091782063633925,4.803564058255152,14.422250264249525,80.77418567749532
18.10600050834618,4.803468166876415,14.422303099364733,80.77422873375886
18.12021475412383,4.803372454383208,14.422355834338488,80.7742717112783
18.134424811224726,4.803276919433473,14.422408469931586,80.77431461063493
18.14863068983256,4.803181560708886,14.422461006891668,80.77435743239944
18.16283240005806,4.8030863769147345,14.42251344595324,80.77440017713202
18.1770299519402,4.802991366779679,14.422565787837868,80.77444284538245
18.19122335544739,4.802896529055777,14.422618033254064,80.77448543769016
18.20541262047871,4.802801862518044,14.422670182897662,80.7745279545843
18.219597756865042,4.802707365964516,14.422722237451687,80.7745703965838
18.23377877437028,4.8026130382773795,14.422774197552195,80.77461276417043
18.24795568269514,4.802518878322997,14.422826063843358,80.77465505783364
18.262128491476545,4.802424884966493,14.422877836971319,80.77469727806219
18.276297210287918,4.802331057095801,14.422929517569152,80.77473942533504
18.29046184864017,4.802237393621072,14.422981106257687,80.77478150012124
18.304622415982877,4.802143893474553,14.423032603645453,80.77482350287998
18.318778921705384,4.802050555610313,14.423084010328877,80.7748654340608
18.3329313751379,4.801957379004223,14.42313532689225,80.77490729410353
18.34707978555261,4.801864362653591,14.423186553908026,80.77494908343839
18.361224162164714,4.8017715055772445,14.423237691936668,80.77499080248609
18.375364514133512,4.801678806815309,14.423288741526818,80.77503245165786
18.389500850563454,4.801586265428916,14.42333970321551,80.77507403135557
18.40363318050518,4.801493880500273,14.423390577528036,80.77511554197169
18.4177615129566,4.801401651132464,14.423441364978096,80.77515698388945
18.431885856863882,4.8013095764491425,14.423492066068036,80.77519835748282
18.44600622112247,4.8012176555946535,14.423542681288653,80.7752396631167
18.460122614578115,4.801125887733649,14.423593211119526,80.77528090114683
18.47423504602786,4.801034272051164,14.423643656028887,80.77532207191996
18.488343524221072,4.800942807752218,14.42369401647393,80.77536317577385
18.502448057860335,4.800851494062024,14.423744292900581,80.77540421303739
18.51654865560252,4.8007603302254855,14.423794485743906,80.77544518403062
18.530645326059695,4.800669315507363,14.423844595427909,80.77548608906473
18.5447380778001,4.800578449191922,14.423894622365797,80.77552692844228
18.558826919349123,4.800487730582915,14.423944566959962,80.77556770245712
18.572911859190143,4.800397161902788,14.423994427550513,80.7756084105467
18.58699290588395,4.800306742445283,14.424044204530373,80.77564905302435
18.601070067948783,4.800216467500234,14.424093901142864,80.77568963135691
18.615143353697288,4.80012633665186,14.42414351761943,80.7757301457287
18.62921277141249,4.800036349484567,14.424193054192347,80.77577059632308
18.643278329347865,4.799946505584825,14.424242511092425,80.77581098332274
18.657340035727422,4.799856804540768,14.424291888549531,80.7758513069097
18.671397898745965,4.799767245942024,14.42434118679273,80.77589156726525
18.685451926569133,4.799677829379928,14.424390406050087,80.77593176456999
18.699502127333574,4.799588554447313,14.424439546548845,80.77597189900384
18.71354850914709,4.799499420738497,14.424488608515478,80.77601197074603
18.727591080088786,4.799410427849528,14.424537592175405,80.77605197997507
18.741629848209186,4.799321575377926,14.424586497753259,80.77609192686882
18.755664821530374,4.799232862922689,14.42463532547288,80.77613181160443
18.769696008046118,4.799144290084501,14.424684075557101,80.77617163435839
18.783723415722037,4.799055856465398,14.424732748228077,80.77621139530653
18.79774705249567,4.798967561669105,14.424781343706957,80.77625109462394
18.811766926276675,4.798879405300818,14.424829862214075,80.77629073248511
18.825783044946935,4.798791386967141,14.42487830396903,80.77633030906382
18.83979541636073,4.798703506276294,14.424926669190471,80.77636982453323
18.853804048344713,4.798615762838015,14.424974958096195,80.77640927906579
18.867808948698286,4.798528156263418,14.425023170903268,80.77644867283331
18.881810125193528,4.798440686165181,14.425071307827853,80.77648800600696
18.8958075855754,4.79835335215748,14.425119369085271,80.77652727875724
18.90980133756185,4.798266153855861,14.425167354890117,80.77656649125402
18.92379138884398,4.798179090877431,14.425215265456067,80.7766056436665
18.937777747086162,4.7980921628406845,14.425263100996066,80.77664473616325
18.95176041992609,4.798005369365617,14.42531086172219,80.77668376891219
18.965739414974983,4.797918710116024,14.425358547822107,80.77672274206186
18.97971473981948,4.797832184745343,14.425406159488347,80.77676165576631
18.99368640202127,4.79774579287705,14.425453696931406,80.77680051019153
19.00765440911586,4.797659534136707,14.425501160360257,80.77683930550303
19.021618768612726,4.7975734081512575,14.425548549983091,80.77687804186566
19.03557948799546,4.797487414549058,14.42559586600733,80.77691671944362
19.049536574721884,4.797401552959771,14.425643108639694,80.77695533840054
19.063490036224138,4.797315823014749,14.42569027808585,80.77699389889939
19.07743987990883,4.797230224346351,14.425737374551042,80.77703240110262
19.091386113157157,4.797144756588575,14.425784398239516,80.7770708451719
19.105328743325018,4.797059419376774,14.425831349354754,80.77710923126847
19.119909820760874,4.796970002200455,14.425880560259802,80.77714943753975
19.134486840254475,4.7968807471191655,14.425929680483451,80.77718957239739
19.14905981136953,4.796791652932755,14.425978710664847,80.7772296364024
19.163628743601127,4.7967027184004785,14.426027651507603,80.77726963009192
19.17819364637469,4.796613942303661,14.426076503703142,80.7773095539932
19.192754529047082,4.796525323445943,14.426125267930395,80.77734940862366
19.207311400907805,4.796436860652679,14.426173944856316,80.77738919449101
19.22186427118013,4.796348552771085,14.426222535135688,80.77742891209323
19.236413149022237,4.796260398670007,14.426271039411272,80.77746856191872
19.250958043528417,4.796172397239738,14.426319458313936,80.77750814444633
19.265498963730035,4.796084547391974,14.426367792462635,80.77754766014539
19.280035918596795,4.795996848059704,14.426416042464574,80.77758710947572
19.294568917037765,4.79590929819675,14.426464208915233,80.77762649288802
19.30909796790247,4.795821896778056,14.426512292398233,80.7776658108237
19.323623079981978,4.795734642798271,14.426560293487295,80.77770506371444
19.338144262009944,4.795647535290646,14.426608212733052,80.7777442519763
19.35266152266442,4.795560573349221,14.426656050652834,80.77778337599794
19.3671748705708,4.795473756031137,14.426703807784595,80.77782243618428
19.381684314300223,4.7953870824130105,14.42675148465593,80.77786143293106
19.396189862370534,4.795300551591861,14.426799081782907,80.77790036662523
19.410691523247458,4.795214162684625,14.426846599670531,80.77793923764484
19.42518930534546,4.7951279148280275,14.42689403881282,80.77797804635915
19.4396832170289,4.795041807178433,14.426941399692897,80.77801679312867
19.454173266612905,4.794955838911754,14.426988682783005,80.77805547830525
19.468659462364396,4.794870009223176,14.427035888544745,80.77809410223207
19.483141812503096,4.794784317327185,14.427083017428984,80.77813266524383
19.497620325202398,4.794698762457521,14.427130069875835,80.77817116766664
19.51209500859051,4.7946133438666925,14.42717704631509,80.77820960981822
19.5265658707512,4.794528060826181,14.427223947165963,80.77824799200786
19.541032919724877,4.794442912626188,14.427270772837279,80.77828631453654
19.555496163509474,4.794357898575473,14.427317523727574,80.77832457769696
19.569955610061374,4.794273018001335,14.427364200225082,80.77836278177358
19.58441126729635,4.79418827024936,14.427410802707913,80.77840092704272
19.59886314309046,4.794103654683398,14.427457331544002,80.7784390137726
19.613311245280947,4.794019170685352,14.427503787091316,80.77847704222333
19.62775558166709,4.793934822767799,14.427550166079472,80.77851501115273
19.64219616022749,4.7938506050015155,14.42759647259077,80.77855292240773
19.656632988677604,4.79376651591608,14.427642707601684,80.77859077648225
19.671066074659404,4.793682555149002,14.42768887131447,80.77862857353652
19.685495425788485,4.7935987223392145,14.427734963930568,80.77866631373021
19.699921049654233,4.79351501712696,14.427780985650724,80.77870399722231
19.714342953819884,4.7934314391539345,14.427826936674842,80.77874162417122
19.72876114582273,4.793347988103699,14.427872817179482,80.77877919471682
19.743175633175962,4.793264663649286,14.427918627346267,80.77881670900445
19.75758642336827,4.79318146543581,14.427964367373491,80.7788541671907
19.77199352386271,4.7930983931101325,14.4280100374582,80.77889156943166
19.786396942096793,4.793015446320534,14.428055637796621,80.77892891588284
19.800796685482617,4.792932624716582,14.428101168584284,80.77896620669914
19.815192761407005,4.792849927949193,14.428146630015949,80.77900344203486
19.829585177231603,4.792767355670622,14.428192022285632,80.77904062204375
19.843973940292997,4.792684907534466,14.428237345586592,80.77907774687894
19.85835905790285,4.792602583195537,14.428282600111439,80.77911481669302
19.872740537347944,4.792520382310053,14.428327786051964,80.77915183163799
19.887118385890414,4.792438304535509,14.428372903599248,80.77918879186524
19.901492610767757,4.792356349530636,14.428417952943718,80.77922569752565
19.915863219193,4.792274516955574,14.428462934274949,80.77926254876948
19.93023021835479,4.79219280647153,14.428507847782027,80.77929934574645
19.944593615417496,4.792111217741278,14.42855269365303,80.77933608860569
19.958953417521375,4.792029750428649,14.428597472075532,80.77937277749582
19.97330963178259,4.7919484041775995,14.428642183248645,80.77940941257376
19.98766226529251,4.791867178614318,14.42868682738203,80.77944599400365
20.00201132511687,4.791786073401906,14.428731404664374,80.77948252193372
20.016356818297552,4.791705088219744,14.428775915274228,80.77951899650603
20.03069875185324,4.791624222746341,14.428820359390595,80.77955541786307
20.045037132779544,4.7915434766597595,14.428864737192674,80.77959178614756
20.05937196804893,4.79146284963705,14.428909048861307,80.77962810150164
20.073703264610792,4.791382341357435,14.428953294574523,80.77966436406804
20.08803102939157,4.791301951499138,14.428997474512034,80.77970057398882
20.102355269294737,4.791221679741469,14.429041588852677,80.77973673140586
20.11667599120099,4.791141525780984,14.429085637765699,80.77977283645332
20.130993201968906,4.791061489346365,14.4291296214019,80.77980888925174
20.145306908436563,4.790981570119541,14.429173539938553,80.7798448899419
20.15961711741939,4.7909017677829295,14.429217393552971,80.7798808386641
20.173923835710333,4.790822082020432,14.429261182421389,80.77991673555817
20.188873621271068,4.790738633502675,14.42930705394249,80.77995431255484
20.2038194827452,4.790655331048218,14.429352843783988,80.7799918251678
20.218761429013643,4.790572173550363,14.429398552531717,80.78002927391792
20.23369946889272,4.790489159859197,14.429444180837924,80.78006665930289
20.248633611132956,4.7904062888455385,14.42948972934339,80.78010398181107
20.26356386442022,4.790323559400688,14.429535198677543,80.78014124192177
20.278490237376822,4.790240970436769,14.429580589458126,80.7801784401051
20.2934127385626,4.790158520885931,14.429625902291884,80.78021557682217
20.308331376476033,4.790076209700706,14.42967113777417,80.78025265252514
20.3232461595553,4.78999403585369,14.429716296489193,80.78028966765712
20.33815709617936,4.7899119983374225,14.429761379010072,80.78032662265251
20.35306419466906,4.789830096164191,14.42980638589901,80.7803635179368
20.36796746328809,4.7897483283662385,14.429851317707135,80.78040035392662
20.382866910244097,4.789666693995014,14.429896174974695,80.7804371310303
20.39776254368973,4.78958519212134,14.429940958231436,80.78047384964722
20.412654371723562,4.789503821835431,14.429985667996226,80.78051051016834
20.427542402391243,4.789422582246672,14.430030304777283,80.78054711297604
20.442426643686417,4.789341472483423,14.430074869072303,80.78058365844427
20.45730710355174,4.789260491692946,14.430119361368456,80.7806201469386
20.47218378987988,4.789179639041264,14.430163782142513,80.78065657881622
20.48705671051453,4.789098913705805,14.430208131866001,80.78069295442819
20.50192587325099,4.789018314884686,14.430252410998671,80.78072927411665
20.516791285837215,4.788937841890065,14.430296619907693,80.78076553820223
20.531652955978902,4.788857493833308,14.43034075917787,80.78080174698883
20.546510891331728,4.788777270155242,14.430384829054358,80.7808379007904
20.56136509951442,4.788697170066951,14.430428830015574,80.78087399991747
20.5762155880998,4.7886171928609285,14.430472762468174,80.78091004467089
20.59106236461829,4.788537337847711,14.430516626808764,80.78094603534353
20.605905436558697,4.7884576043555755,14.430560423424122,80.7809819722203
20.620744811369274,4.788377991730594,14.430604152691066,80.78101785557834
20.635580496458566,4.788298499336268,14.430647814976771,80.78105368568696
20.65041249919627,4.7882191265534955,14.43069141063875,80.78108946280776
20.665240826914182,4.78813987278038,14.430734940024955,80.78112518719468
20.680065486907093,4.788060737432219,14.430778403473774,80.78116085909402
20.694886486433525,4.787981719941256,14.430821801314186,80.78119647874456
20.70970383271673,4.787902820008122,14.43086513368779,80.78123204630408
20.724517532956558,4.787824042168326,14.430908397314468,80.7812675605172
20.739327594541496,4.787745379362408,14.430951597084698,80.78130302355288
20.754134024539553,4.7876668312749535,14.430994733174321,80.78133843555074
20.7689368299952,4.787588397591493,14.431037805758749,80.78137379664976
20.783736017929538,4.78751007799888,14.431080815012598,80.78140910698852
20.798531595340293,4.787431872185041,14.431123761109943,80.78144436670502
20.813323569202034,4.787353779839206,14.431166644224055,80.78147957593673
20.828111946466223,4.787275800651635,14.431209464527702,80.78151473482066
20.842896734061295,4.787197934313816,14.431252222192937,80.78154984349325
20.85767793889284,4.78712018051847,14.431294917391085,80.78158490209044
20.872455567843637,4.787042538959294,14.431337550293016,80.7816199107477
20.88722962777377,4.786965009331285,14.431380121068797,80.78165486959992
20.90200012552074,4.786887591330521,14.431422629887914,80.78168977878157
20.916767067899574,4.786810284654209,14.431465076919242,80.78172463842654
20.93153046170295,4.7867330890448105,14.431507462306332,80.78175944864886
20.946290313703194,4.786656004218958,14.431549786206538,80.7817942095745
20.96104663065128,4.786579029876692,14.431592048787408,80.7818289213359
20.975799419276058,4.786502165719534,14.431634250215403,80.78186358406506
20.99054868628441,4.7864254114502325,14.431676390656268,80.7818981978935
21.005294438361283,4.786348766772496,14.431718470275262,80.78193276295225
21.02003668216985,4.786272231391309,14.431760489236863,80.78196727937183
21.03477542435155,4.786195805012595,14.431802447705103,80.78200174728231
21.049510671526242,4.786119487343489,14.431844345843265,80.78203616681326
21.06424243029227,4.7860432780921265,14.431886183814127,80.78207053809375
21.07897070722656,4.785967176967802,14.431927961779783,80.7821048612524
21.093695508884714,4.785891183680821,14.43196967990179,80.78213913641738
21.108416841801102,4.785815297942602,14.43201133834107,80.78217336371634
21.123134712488984,4.785739519465651,14.432052937257922,80.78220754327643
21.137849127440564,4.785663847963481,14.432094476812118,80.7822416752244
21.152560093127093,4.785588283150725,14.432135957162773,80.78227575968651
21.16726761599902,4.785512824742985,14.432177378468491,80.78230979678852
21.181971702485967,4.785437472456955,14.432218740887262,80.78234378665579
21.196672358996903,4.7853622260105,14.432260044576358,80.78237772941314
21.211369591920242,4.785287085122324,14.432301289692665,80.78241162518502
21.22606340762389,4.785212049512282,14.43234247639239,80.78244547409533
21.240753812455353,4.785137118901195,14.432383604831214,80.7824792762676
21.255440812741856,4.785062293010958,14.432424675164219,80.78251303182482
21.270124414790345,4.78498757156449,14.432465687545884,80.78254674088963
21.284804624887673,4.784912954285752,14.43250664213012,80.78258040358412
21.300132896511297,4.784834857993686,14.432549520906957,80.78261562109937
21.31545736188402,4.784756893360759,14.432592326093166,80.78265078054608
21.33077802926854,4.784679059366512,14.432635058225717,80.78268588240776
21.346094906866643,4.784601354984316,14.432677717887538,80.78272092712815
21.361408002819754,4.784523779191692,14.432720305658528,80.78275591514978
21.37671732520941,4.784446330961247,14.432762822122424,80.78279084691633
21.392022882056878,4.784369009285343,14.432805267851661,80.782825722863
21.40732468132452,4.784291813175314,14.43284764340818,80.7828605434165
21.422622730916633,4.784214741661623,14.432889949343231,80.78289530899514
21.437917038680624,4.78413779379349,14.43293218619766,80.78293002000885
21.453207612407923,4.784060968638874,14.43297435450189,80.78296467685924
21.468494459835146,4.783984265284251,14.433016454776126,80.78299927993962
21.483777588644966,4.783907682834801,14.433058487530074,80.78303382963512
21.49905700646717,4.783831220413746,14.433100453263432,80.78306832632282
21.514332720879796,4.783754877162592,14.433142352465744,80.78310277037166
21.529604739409827,4.783678652240869,14.433184185616598,80.78313716214254
21.544873069534383,4.783602544826214,14.433225953185442,80.78317150198835
21.560137718681688,4.783526554113945,14.433267655631976,80.78320579025407
21.575398694231954,4.783450679317319,14.433309293405827,80.78324002727686
21.590656003518312,4.783374919666966,14.433350866947075,80.78327421338597
21.60590965382786,4.783299274411063,14.43339237668601,80.78330834890292
21.62115965240255,4.783223742815277,14.433433823043151,80.78334243414157
21.636406006440087,4.783148324162275,14.43347520642968,80.78337646940804
21.651648723094873,4.783073017752071,14.433516527247031,80.7834104550009
21.666887809478958,4.78299782290152,14.433557785887368,80.7834443912111
21.682123272662817,4.782922738944448,14.43359898273339,80.78347827832216
21.697355119676423,4.78284776523139,14.433640118158527,80.78351211661008
21.712583357510038,4.782772901129742,14.43368119252679,80.78354590634346
21.72780799311503,4.782698146023152,14.433722206193256,80.7835796477836
21.74302903345083,4.78262349931166,14.433763159503824,80.78361334118452
21.758246485301942,4.782548960412298,14.43380405279499,80.78364698679272
21.773460355554455,4.782474528809931,14.433844886365318,80.78368058482475
21.78867065101565,4.782400203959234,14.433885660529802,80.78371413551096
21.803877378458562,4.782325985324535,14.433926375598919,80.78374763907654
21.819080544622462,4.7822518723863725,14.433967031873909,80.78378109573971
21.83428015621381,4.782177864641167,14.434007629647159,80.78381450571169
21.849476219906936,4.782103963886457,14.434048167584407,80.78384786852914
21.86466874244893,4.782030169864812,14.434088645790757,80.78388118434444
21.879857730565774,4.781956478540355,14.434129067049216,80.78391445441042
21.89504319079082,4.78188288964007,14.434169431511968,80.78394767884795
21.910225129636427,4.781809402891893,14.434209739330683,80.78398085777742
21.92540355359413,4.781736018024958,14.434249990656292,80.78401399131874
21.940578469134763,4.7816627347692195,14.434290185639338,80.78404707959143
21.95574988270851,4.781589552855698,14.434330324429743,80.78408012271456
21.970917800744992,4.781516472016459,14.434370407176825,80.78411312080671
21.986082229653444,4.781443491984493,14.43441043402941,80.7841460739861
22.001243175822598,4.781370612494012,14.434450405135344,80.78417898237065
22.016400645621083,4.781297833279051,14.434490320643748,80.7842118460772
22.031554645397172,4.781225154076774,14.434530180700204,80.78424466522303
22.04670518147911,4.781152574683381,14.434569985391999,80.78427743992462
22.061852260177567,4.781080094653161,14.434609735047466,80.78431017029936
22.07699588777577,4.781007713912807,14.434649429627466,80.78434285645972
22.092136070544807,4.7809354321380315,14.434689069339452,80.78437549852252
22.10727281473335,4.780863249069682,14.434728654327825,80.78440809660249
22.122406126570457,4.780791164449444,14.434768184736555,80.784440650814
22.137536012265542,4.780719178019972,14.434807660709073,80.78447316127095
22.152662478008565,4.780647289524876,14.434847082388272,80.78450562808686
22.16778552997001,4.780575498708755,14.434886449916458,80.78453805137478
22.182905174301094,4.780503805316978,14.434925763435597,80.78457043124743
22.198021417133774,4.7804322091199305,14.434965023073639,80.78460276780643
22.21313426458192,4.7803607098952385,14.435004228953913,80.78463506115085
22.228243722741787,4.780289307390824,14.435043381217023,80.78466731139216
22.2433497976906,4.7802180013557125,14.435082480002853,80.78469951864143
22.258452495486665,4.780146791539743,14.435121525450867,80.7847316830094
22.27355182216939,4.780075677693832,14.435160517699842,80.78476380460633
22.28864778375949,4.780004659569757,14.435199456888117,80.78479588354213
22.30374038625893,4.779933736920145,14.435238343153564,80.7848279199263
22.318829635651134,4.779862909498882,14.435277176633004,80.78485991386812
22.333915537900936,4.779792177059352,14.435315957464814,80.78489186547584
22.348998098954706,4.779721539358201,14.435354685783667,80.78492377485813
22.36407732474049,4.77965099615114,14.435393361726016,80.78495564212285
22.379153221168036,4.779580547195283,14.435431985427218,80.7849874673775
22.39422579412891,4.779510192248641,14.435470557022114,80.78501925072925
22.409295049496446,4.779439931070127,14.435509076645028,80.78505099228485
22.424360993126022,4.7793697634193775,14.435547544429959,80.78508269215067
22.440080548271343,4.77929636389252,14.435587798465486,80.785115837642
22.455796393493895,4.779223083640404,14.435627985866686,80.78514893049291
22.471508536531704,4.779149921719901,14.435668107126865,80.78518197115324
22.487216985065153,4.779076877141299,14.435708162807778,80.78521496005092
22.50292174671555,4.779003948933139,14.43574815346105,80.78524789760581
22.518622829045995,4.778931136142168,14.435788079628162,80.78528078422967
22.534320239562526,4.778858437833092,14.435827941840628,80.78531362032628
22.550013985715108,4.778785853088628,14.435867740619917,80.78534640629145
22.56570407489867,4.778713381009226,14.435907476477666,80.78537914251311
22.581390514454046,4.778641020712986,14.435947149915693,80.78541182937133
22.597073311668993,4.7785687713356175,14.435986761426008,80.78544446723838
22.61275247377917,4.778496632030208,14.436026311490988,80.78547705647881
22.628428007969237,4.778424601967391,14.436065800583279,80.78550959744933
22.6440999213736,4.778352680382594,14.436105229139159,80.78554209047824
22.659768221079982,4.778280866487843,14.436144597607711,80.78557453590444
22.67543291412816,4.778209159504235,14.436183906433744,80.78560693406203
22.691094007510692,4.77813755867022,14.436223156052137,80.78563928527764
22.706751508173724,4.778066063240814,14.43626234688862,80.78567158987056
22.72240542301796,4.777994672547968,14.436301479299201,80.78570384815282
22.73805575890224,4.7779233856951855,14.436340553874535,80.78573606043028
22.7537025226338,4.777852202176027,14.43637957082696,80.785768226997
22.769345720985392,4.777781121247011,14.436418530608275,80.7858003481447
22.78498536068513,4.777710142245203,14.436457433598573,80.78583242415623
22.800621448420287,4.777639264523831,14.436496280168937,80.78586445530723
22.81625399083807,4.777568487451911,14.43653507068173,80.78589644186636
22.831882994546522,4.777497810414405,14.436573805490424,80.78592838409517
22.84750846611544,4.777427232811993,14.436612484939761,80.78596028224825
22.86313041207717,4.777356754061036,14.436651109365753,80.78599213657321
22.878748838927475,4.7772863735933315,14.436689679095865,80.78602394731081
22.894363753126385,4.777216090856163,14.43672819444893,80.78605571469491
22.90997516109905,4.777145905312094,14.436766655735322,80.78608743895258
22.92558306923652,4.777075816438902,14.436805063256939,80.78611912030415
22.941187483896638,4.777005823729553,14.436843417307221,80.78615075896323
22.956788411404776,4.776935926691876,14.436881718171414,80.7861823551367
22.972385858054732,4.7768661248486906,14.436919966126391,80.78621390902492
22.98797983010937,4.776796417737648,14.43695816144078,80.78624542082157
23.003570333801626,4.776726804911253,14.436996304374697,80.78627689071405
23.01915737533522,4.776657290014888,14.437034392293574,80.78630831769154
23.034740961077784,4.776587868551008,14.43707242829727,80.78633970315173
23.050321097176166,4.776518539165428,14.437110413299244,80.78637104753533
23.065897789705534,4.776449301621649,14.437148347431188,80.78640235094716
23.081471044722424,4.776380155695533,14.43718623081797,80.7864336134865
23.097040868265257,4.776311101191932,14.437224063567871,80.7864648352402
23.11260726635593,4.77624213787694,14.437261845811014,80.78649601631204
23.12817024499787,4.776173265517045,14.437299577677598,80.78652715680535
23.143729810176108,4.776104483879834,14.437337259297053,80.78655825682311
23.15928596785734,4.776035792733644,14.437374890798443,80.78658931646791
23.1748387239901,4.775967191847786,14.437412472310212,80.786620335842
23.190388084504722,4.775898680992306,14.437450003960443,80.78665131504725
23.205934055313453,4.775830259938057,14.437487485876787,80.78668225418515
23.22147664231057,4.7757619284568396,14.4375249181863,80.78671315335686
23.237015851372448,4.775693686321094,14.437562301015769,80.78674401266314
23.252551688357546,4.7756255333042885,14.437599634491319,80.78677483220439
23.268084159106618,4.77555746918058,14.43763691873873,80.7868056120807
23.283613269442654,4.7754894937249315,14.437674153883359,80.78683635239172
23.299139025171083,4.775421606713193,14.437711340050011,80.7868670532368
23.31466143207977,4.775353807921909,14.437748477363163,80.78689771471493
23.330180495939075,4.775286097128552,14.437785565946722,80.78692833692472
23.345696222501964,4.775218474111255,14.43782260592428,80.78695891996446
23.36120861750412,4.7751509386490865,14.437859597418848,80.78698946393207
23.376717686663863,4.7750834905218555,14.437896540553046,80.7870199689251
23.392223435682464,4.775016129510103,14.437933435449107,80.7870504350408
23.40772587024397,4.774948855395231,14.437970282228754,80.78708086237602
23.42322499601545,4.774881667959311,14.438007081013382,80.78711125102731
23.438720818646964,4.77481456704595,14.438043831863077,80.78714160109098
23.454213343774256,4.774747552252853,14.43808053508285,80.78717191266429
23.469702577008377,4.774680623554607,14.438117190605848,80.78720218583955
23.485188523951646,4.77461378067173,14.438153798614708,80.78723242071356
23.500671190186946,4.77454702339018,14.438190359228642,80.78726261738119
23.51615058128056,4.774480351496738,14.438226872566373,80.78729277593689
23.531626702782216,4.77441376477892,14.438263338746227,80.78732289647486
23.547099560225135,4.7743472630660015,14.43829975786316,80.78735297907083
23.562569159128167,4.774280846154292,14.43833613003008,80.78738302381564
23.5780355049941,4.774214513833084,14.438372455364542,80.78741303080237
23.593498603309474,4.774148265892741,14.438408733983302,80.78744300012396
23.609621331701167,4.774078999145899,14.438446680094316,80.78747432075978
23.625740427798437,4.774009841094676,14.438484565515171,80.78750559339015
23.641855898898406,4.7739407908657014,14.438522390698202,80.7875368184361
23.65796775224335,4.773871847535234,14.438560156167807,80.78756799629696
23.674075995018903,4.773803010196672,14.438597862438845,80.78759912736449
23.690180634355077,4.773734277960495,14.43863551001667,80.78763021202283
23.706281677327222,4.773665649954132,14.438673099397182,80.7876612506487
23.722379130957012,4.773597125321622,14.438710631067126,80.78769224361125
23.73847300221347,4.773528703223961,14.438748105503713,80.78772319127232
23.75456329801391,4.773460382838624,14.438785523175031,80.78775409398634
23.77065002522485,4.77339216335947,14.438822884540084,80.78778495210044
23.786733190663043,4.7733240439968645,14.438860190048633,80.7878157659545
23.802812801096366,4.773256023977426,14.43889744014153,80.78784653588104
23.81888886324482,4.773188102543906,14.438934635250412,80.78787726220568
23.834961383781373,4.773120278954789,14.43897177579839,80.78790794524681
23.85103036933301,4.7730525524847645,14.439008862199474,80.78793858531577
23.86709582648144,4.772984922424293,14.439045894858904,80.78796918271681
23.883157761764195,4.772917388079496,14.439082874173243,80.78799973774726
23.89921618167546,4.772849948772059,14.439119800530401,80.78803025069755
23.915271092666938,4.7727826038393015,14.439156674309537,80.78806072185117
23.931322501148735,4.772715352633777,14.439193495881405,80.78809115148482
23.947370413490265,4.772648194523415,14.439230265608177,80.78812153986841
23.963414836021155,4.7725811288913285,14.439266983843572,80.7881518872651
23.979455775031983,4.7725141551356,14.43930365093303,80.78818219393136
23.995493236775243,4.7724472726694,14.439340267213566,80.78821246011704
24.011527227466107,4.772380480964342,14.43937683298956,80.78824268604609
24.027557753285627,4.772313779468717,14.439413348577974,80.78827287195331
24.043584820379447,4.77224716763941,14.439449814291795,80.7883030180688
24.059608434858447,4.772180644948313,14.439486230435406,80.78833312461629
24.075628602799508,4.772114210881793,14.439522597305142,80.78836319181306
24.091645330246333,4.772047864940576,14.439558915189373,80.78839321987004
24.10765862321028,4.771981606639634,14.439595184368562,80.7884232089918
24.12366848767109,4.771915435508234,14.439631405115167,80.78845315937659
24.139674929577794,4.7718493510895765,14.439667577693985,80.78848307121645
24.15567795484934,4.771783352940958,14.43970370236193,80.78851294469712
24.171677569375532,4.771717440633615,14.43973977936815,80.78854277999822
24.187673779017658,4.771651613752344,14.439775808954353,80.78857257729331
24.203666589609348,4.771585871895962,14.439811791354334,80.7886023367497
24.219656006957244,4.771520219341713,14.43984772349107,80.78863205716722
24.235642037070352,4.771454650031708,14.43988360957189,80.7886617403964
24.251624685653052,4.771389163759501,14.439919449711661,80.78869138652884
24.26760395839289,4.771323760319307,14.43995524402491,80.78872099565578
24.28357986096056,4.771258439506075,14.439990992625765,80.78875056786816
24.299552399010018,4.771193201115459,14.440026695627958,80.78878010325658
24.315521578178576,4.771128044943902,14.44006235314476,80.78880960191134
24.331487404086875,4.7710629707885035,14.440097965289103,80.7888390639224
24.347449882339095,4.7709979784471255,14.440133532173464,80.78886848937941
24.36340901852288,4.770933067718309,14.440169053909974,80.78889787837171
24.37936481820947,4.770868238401308,14.440204530610352,80.78892723098834
24.395317286953752,4.770803490296133,14.440239962385885,80.78895654731798
24.411266430294393,4.7707388232034695,14.44027534934748,80.78898582744904
24.427212253753844,4.770674236924684,14.440310691605696,80.78901507146963
24.443154762838372,4.770609731261896,14.440345989270629,80.78904427946748
24.459093963038228,4.770545306017857,14.440381242452066,80.78907345153009
24.47502985982763,4.770480961012126,14.440416451250426,80.78910258773745
24.490962458665628,4.770416696078583,14.44045161575766,80.78913168816375
24.50689176499699,4.7703525110219624,14.44048673608244,80.7891607528956
24.522817784250623,4.770288405647602,14.440521812333145,80.78918978201925
24.53874052183965,4.770224379761592,14.440556844617689,80.78921877562072
24.5546599831615,4.770160433170682,14.440591833043623,80.7892477337857
24.570576173598024,4.7700965656824215,14.440626777718006,80.78927665659957
24.586489098515464,4.770032777104894,14.440661678747658,80.78930554414745
24.60239876326458,4.769969067246956,14.440696536238908,80.78933439651414
24.61830517318067,4.769905435918027,14.440731350297847,80.78936321378413
24.634208333583672,4.769841882928301,14.440766121030057,80.78939199604164
24.6501082497782,4.769778408088615,14.440800848540789,80.7894207433706
24.66600492705363,4.7697150112104,14.440835532934978,80.78944945585462
24.681898370684102,4.769651692105774,14.440870174317173,80.78947813357705
24.69778858592866,4.76958845058755,14.44090477279151,80.78950677662094
24.71367557803127,4.7695252864691495,14.440939328461807,80.78953538506904
24.729559352220885,4.76946219956464,14.440973841431525,80.78956395900383
24.745439913711532,4.7693991896887855,14.441008311803714,80.7895924985075
24.76131726770232,4.769336256656865,14.441042739681183,80.78962100366195
24.77719141937753,4.769273400285036,14.441077125166164,80.7896494745488
24.79306237390666,4.769210620389816,14.441111468360784,80.7896779112494
24.808930136444538,4.769147916788509,14.441145769366695,80.78970631384479
24.82546372199721,4.769082388358546,14.441181629741266,80.7897359819002
24.841993742954987,4.769016959175842,14.44121743473056,80.7897656060936
24.858520206216333,4.768951628425804,14.441253184755407,80.7897951868188
24.875043118627264,4.768886395245085,14.441288880306013,80.7898247244489
24.89156248697932,4.76882125878652,14.44132452186357,80.7898542193499
24.908078318010713,4.768756218218985,14.441360109900367,80.78988367188065
24.924590618407287,4.768691272727218,14.441395644879867,80.78991308239291
24.941099394803295,4.768626421511869,14.441431127256669,80.78994245123145
24.95760465378254,4.768561663812323,14.441466557463473,80.78997177872421
24.974106401880523,4.768496998883606,14.441501935924972,80.79000106519142
24.99060464558528,4.768432425973981,14.441537263068529,80.79003031095749
25.00709939133721,4.768367944345671,14.441572539314818,80.79005951633951
25.023590645529865,4.768303553276907,14.441607765075249,80.79008868164784
25.04007841451088,4.768239252060951,14.441642940752939,80.7901178071861
25.05656270458291,4.768175040006135,14.441678066742453,80.79014689325142
25.07304352200449,4.768110916435626,14.441713143430338,80.79017594013403
25.089520872990974,4.768046880687786,14.441748171194524,80.79020494811769
25.105994763715305,4.767982932115571,14.441783150404905,80.79023391747953
25.122465200309,4.767919070086717,14.441818081423119,80.79026284849016
25.138932188863013,4.767855293983569,14.441852964602669,80.79029174141377
25.155395735428463,4.7677916032028556,14.441887800289111,80.79032059650804
25.171855846017635,4.767727997155857,14.44192258881983,80.7903494140243
25.188312526604737,4.767664475268001,14.441957330524405,80.7903781942076
25.20476578312677,4.767601036978988,14.441992025724451,80.79040693729655
25.22121562148429,4.767537681742595,14.442026674733768,80.79043564352364
25.23766204754238,4.7674744090266525,14.442061277858324,80.79046431311502
25.25410506713131,4.767411218312852,14.44209583539639,80.79049294629075
25.270544686047426,4.767348109096732,14.442130347638537,80.79052154326473
25.286980910053924,4.767285080887531,14.442164814867725,80.79055010424474
25.30341374488161,4.76722213320811,14.442199237359338,80.79057862943256
25.31984319622975,4.767159265594903,14.442233615381209,80.79060711902389
25.336269269766845,4.767096477597743,14.442267949193733,80.79063557320852
25.35269197113135,4.767033768779921,14.442302239049798,80.79066399217028
25.369111305932535,4.766971138717899,14.442336485194993,80.79069237608711
25.385527279751088,4.766908587001362,14.442370687867548,80.7907207251311
25.401939898140068,4.766846113233006,14.442404847298478,80.79074903946851
25.418349166625497,4.766783717028643,14.442438963711481,80.79077731925987
25.43475509070719,4.766721398016894,14.442473037323166,80.79080556465993
25.45115767585939,4.766659157522686,14.442507067155896,80.79083377532142
25.467556927617363,4.766596995951106,14.442541052868274,80.79086195118062
25.483952851530045,4.766534909671972,14.442574996973917,80.79089009335412
25.500345452955198,4.766472898505653,14.442608899572704,80.79091820192164
25.51673473723535,4.766410962273152,14.44264276076414,80.7909462769627
25.533120709697872,4.766349100796044,14.442676580647435,80.79097431855652
25.549503375655068,4.766287313896449,14.442710359321516,80.79100232678203
25.565882740404156,4.766225601397174,14.44274409688492,80.79103030171791
25.582258809227387,4.7661639631217305,14.442777793435724,80.79105824344255
25.59863158739209,4.766102398894074,14.44281144907184,80.79108615203408
25.615001080150712,4.766040908538832,14.44284506389078,80.79111402757039
25.631367292740897,4.765979491881213,14.442878637989743,80.79114187012905
25.647730230385555,4.765918148747172,14.442912171465434,80.79116967978739
25.6640898982929,4.7658568789629925,14.442945664414506,80.7911974566225
25.6804463016565,4.765795682355805,14.442979116933028,80.79122520071117
25.696799445655408,4.765734558753174,14.443012529116903,80.79125291212992
25.713149335454087,4.765673507983368,14.443045901061573,80.79128059095507
25.7294959762026,4.76561252987513,14.443079232862283,80.7913082372626
25.745839373036574,4.765551624257889,14.443112524613847,80.79133585112827
25.762179531077287,4.7654907909616275,14.443145776410784,80.79136343262758
25.778516455431767,4.765430029816879,14.443178988347322,80.7913909818358
25.79485015119281,4.7653693406548285,14.443212160517286,80.79141849882788
25.811180623438954,4.765308723307126,14.443245293014295,80.79144598367859
25.82750787723473,4.765248177606069,14.443278385931574,80.79147343646235
25.84383191763054,4.765187703384548,14.443311439362017,80.79150085725344
25.860152749662788,4.7651273004759656,14.443344453398243,80.7915282461258
25.87647037835391,4.765066968714345,14.443377428132518,80.79155560315314
25.89278480871249,4.765006707934235,14.443410363656813,80.79158292840896
25.90909604573321,4.764946517970743,14.443443260062805,80.79161022196647
25.92540409439697,4.764886398659572,14.443476117441817,80.79163748389861
25.941708959670986,4.7648263498532435,14.443508935875837,80.79166471427092
25.95801064650959,4.7647663714131925,14.443541715441405,80.7916919131454
25.974309159854794,4.764706463176578,14.443574456229092,80.79171908059433
25.990604504635026,4.76464662498114,14.443607158329137,80.79174621668972
26.00689668576517,4.764586856665178,14.443639821831441,80.79177332150338
26.023185708146606,4.7645271580676285,14.443672446825516,80.79180039510685
26.039471576667335,4.76446752902789,14.443705033400658,80.79182743757146
26.05575429620193,4.764407969385984,14.443737581645767,80.79185444896825
26.07203387161167,4.764348478982437,14.443770091649483,80.79188142936809
26.088985604030682,4.764286338757055,14.443804063538401,80.79190959770455
26.105933830617126,4.764224289445912,14.443837984721904,80.79193772583218
26.122878557914834,4.764162330291701,14.443871855588696,80.7919658141196
26.13981979241739,4.764100460487626,14.443905676596982,80.79199386291539
26.15675754056614,4.764038679242179,14.443939448196405,80.79202187256142
26.173691808751162,4.76397698577886,14.443973170828286,80.79204984339286
26.190622603312175,4.763915379336197,14.44400684492557,80.79207777573824
26.207549930539468,4.7638538591675434,14.444040470912958,80.7921056699195
26.22447379667482,4.763792424541039,14.44407404920693,80.79213352625203
26.241394207912503,4.763731074739594,14.444107580215695,80.7921613450447
26.25831117040003,4.763669809060561,14.444141064339483,80.79218912659995
26.27522469023919,4.763608626815775,14.444174501970453,80.79221687121377
26.292134773486826,4.7635475273317445,14.444207893492594,80.79224457917566
26.309041426155762,4.763486509948925,14.444241239282082,80.79227225076899
26.325944654215714,4.763425574022041,14.444274539707221,80.79229988627074
26.34284446359415,4.763364718919937,14.444307795128397,80.79232748595166
26.359740860177062,4.763303944025349,14.44434100589835,80.79235505007631
26.376633849809934,4.763243248735121,14.44437417236188,80.792382578903
26.3935234382985,4.763182632459687,14.444407294856312,80.792410072684
26.410409631409607,4.763122094623378,14.444440373711167,80.79243753166546
26.42729243487213,4.763061634664028,14.44447340924849,80.79246495608749
26.444171854377625,4.763001252043569,14.44450640177693,80.7924923461795
26.46104789558191,4.7629409462579035,14.444539351585798,80.7925197021563
26.477920564106896,4.762880716785069,14.444572258974741,80.79254702424019
26.49478986553968,4.762820563116396,14.444605124236073,80.79257431264753
26.51165580543339,4.762760484756325,14.444637947654796,80.79260156758887
26.52851838930797,4.762700481222367,14.444670729508655,80.79262878926899
26.545377622650825,4.762640552045207,14.444703470067989,80.79265597788681
26.562233510917824,4.762580696768239,14.444736169596137,80.79268313363562
26.57908605953391,4.762520914947702,14.444768828349302,80.79271025670299
26.595935273893936,4.76246120615266,14.444801446576497,80.79273734727084
26.612781159363365,4.76240156996474,14.444834024519787,80.79276440551547
26.629623721279078,4.762342005978171,14.44486656241421,80.79279143160763
26.646462964950075,4.762282513799519,14.444899060487998,80.79281842571248
26.663298895658272,4.762223093047934,14.444931518962308,80.79284538798976
26.68013151865917,4.76216374335479,14.444963938051528,80.7928723185937
26.69696083918257,4.76210446436357,14.444996317963357,80.79289921767308
26.713786862433437,4.76204525573003,14.445028658898625,80.79292608537133
26.730609593592398,4.761986117121946,14.445060961051484,80.79295292182657
26.747429037816612,4.761927051351134,14.445093222390954,80.79297972625793
26.764245200405583,4.761868055299512,14.445125445063695,80.79300649963679
26.781058086487946,4.761809127548157,14.445157630039725,80.79303324241212
26.79786770111178,4.761750267940544,14.445189777406032,80.79305995465343
26.814674049311417,4.761691476320782,14.445221887249184,80.79308663643003
26.83147713610748,4.7616327525334885,14.445253959655496,80.79311328781101
26.84827696650697,4.7615740964237565,14.445285994711018,80.79313990886523
26.865073545503247,4.761515507837273,14.445317992501447,80.79316649966128
26.881866878076142,4.76145698662016,14.445349953112267,80.79319306026758
26.898656969191954,4.761398532619107,14.44538187662863,80.79321959075226
26.915443823803592,4.7613401456812925,14.445413763135416,80.79324609118329
26.932227446850533,4.7612818256544545,14.445445612717187,80.79327256162836
26.94900784325896,4.761223572386726,14.445477425458316,80.79329900215497
26.965785017941688,4.761165385754718,14.445509201427226,80.79332541281805
26.982558975799858,4.761107265618908,14.44554094070095,80.79335179368015
26.999329721722045,4.761049211828673,14.445572643363302,80.79337814480803
27.01609726058367,4.760991224234085,14.445604309497575,80.79340446626834
27.03286159724705,4.76093330268579,14.44563593918672,80.79343075812749
27.049622736561425,4.760875447034933,14.44566753251339,80.79345702045167
27.066380683363107,4.760817657133056,14.44569908956006,80.79348325330689
27.083135442475356,4.760759932832324,14.445730610408821,80.79350945675885
27.099887018708653,4.760702273985333,14.445762095141534,80.79353563087312
27.116635416860518,4.760644680445101,14.445793543839859,80.79356177571503
27.13338064171574,4.760587152065312,14.445824956585005,80.79358789134969
27.150122698046342,4.760529688699957,14.445856333458085,80.79361397784196
27.166861590611603,4.760472290203595,14.44588767453986,80.79364003525654
27.18359732415821,4.760414956431232,14.445918979910866,80.7936660636579
27.200329903420183,4.760357687238397,14.445950249651318,80.79369206311029
27.21705933311902,4.760300482481034,14.445981483841225,80.79371803367775
27.233785617963697,4.760243342015573,14.446012682560328,80.79374397542409
27.250508762650668,4.760186265699053,14.446043845887965,80.79376988841298
27.267228771864026,4.760129253388776,14.446074973903425,80.7937957727078
27.283945650275545,4.760072304942634,14.446106066685605,80.79382162837176
27.300659402544532,4.760015420218935,14.446137124313196,80.79384745546787
27.317370033318124,4.759958599076558,14.44616814686453,80.79387325405891
27.334077547231193,4.759901841374668,14.446199134417851,80.79389902420748
27.350781948906405,4.759845146973082,14.446230087050957,80.79392476597596
27.368165368283105,4.759785953104256,14.446262417933475,80.79395162896226
27.38554532228369,4.759726843150252,14.446294702043083,80.79397845480668
27.402921817168597,4.759667816405331,14.446326939738238,80.79400524385643
27.420294859149774,4.7596088721115075,14.446359131449466,80.79403199643903
27.437664454388724,4.759550009525237,14.44639127759918,80.79405871287558
27.455030608997294,4.75949122791705,14.446423378602013,80.79408539348094
27.47239332903859,4.759432526571727,14.446455434864603,80.79411203856367
27.489752620527995,4.7593739048200785,14.446487446767964,80.79413864841196
27.507108489435776,4.759315361982474,14.44651941469845,80.79416522331908
27.524460941686645,4.759256897384807,14.446551339040075,80.79419176357511
27.541809983160135,4.759198510367113,14.446583220168746,80.79421826946414
27.55915561969149,4.759140200283087,14.44661505845274,80.79424474126418
27.57649785707254,4.7590819664998785,14.446646854252895,80.79427117924722
27.593836701052492,4.759023808398271,14.446678607922541,80.79429758367918
27.611172157338984,4.758965725372311,14.446710319807291,80.7943239548204
27.628504231598637,4.758907716829007,14.446741990245924,80.79435029292507
27.645832929458145,4.7588497821888724,14.446773619569509,80.79437659824163
27.66315825650495,4.75879192088541,14.446805208101946,80.79440287101265
27.68048021828814,4.758734132365109,14.446836756159895,80.794429111475
27.697798820319207,4.758676416087484,14.446868264052732,80.79445531985978
27.715114068072886,4.75861877152467,14.446899732082871,80.79448149639245
27.732425966987982,4.758561198161713,14.446931160545496,80.7945076412928
27.749734522468163,4.758503695496258,14.44696254972878,80.79453375477496
27.76703973988268,4.758446263038454,14.44699389991397,80.79455983704757
27.78434162456723,4.758388900311006,14.4470252113753,80.79458588831369
27.80164018182472,4.758331606848907,14.447056484380196,80.7946119087709
27.818935416925946,4.758274382199664,14.447087719189057,80.79463789861127
27.83622733511053,4.758217225922816,14.447118916055643,80.79466385802154
27.853515941587474,4.758160137590077,14.447150075226956,80.79468978718296
27.870801241536068,4.758103116785279,14.447181196943212,80.7947156862715
27.88808324010656,4.758046163104264,14.447212281437952,80.79474155545779
27.9053619424209,4.757989276154637,14.447243328938212,80.79476739490715
27.922637353573478,4.757932455555955,14.447274339664343,80.79479320477971
27.9399094786319,4.75787570093949,14.447305313830173,80.79481898523034
27.957178322637613,4.757819011948122,14.447336251643112,80.79484473640876
27.9744438906067,4.7577623882363405,14.447367153304086,80.79487045845957
27.991706187530543,4.757705829470114,14.447398019007663,80.79489615152222
28.008965218376495,4.757649335333886,14.447428848938074,80.79492181572803
28.026220988089122,4.757592905546437,14.447459643260268,80.7949474511933
28.043473501646332,4.757536539807881,14.44749040214959,80.79497305804253
28.06072276384111,4.757480241721699,14.447521123018323,80.79499863525999
28.07796877982123,4.757424006267931,14.447551809358714,80.79502418437336
28.095211554399395,4.757367833308588,14.447582461247336,80.79504970544407
28.112451092375686,4.757311722706107,14.447613078760533,80.79507519853337
28.129687398537566,4.757255674323415,14.447643661974363,80.79510066370223
28.146920477660025,4.7571996880239045,14.447674210964603,80.79512610101149
28.164150334505546,4.757143763671361,14.447704725806847,80.79515151052179
28.181376973824154,4.757087901129969,14.447735206576477,80.79517689229355
28.198600400353534,4.757032100264484,14.4477656533485,80.795202246387
28.215820618818967,4.75697636094005,14.447796066197741,80.79522757286222
28.233037633933435,4.756920683022146,14.447826445198867,80.79525287177898
28.25025145039772,4.756865066376821,14.447856790426178,80.79527814319701
28.267462072900354,4.756809510870527,14.447887101953762,80.79530338717571
28.284669506117748,4.756754016370119,14.447917379855499,80.79532860377438
28.301873754714098,4.7566985827428505,14.44794762420505,80.7953537930521
28.319074823341648,4.7566432098564855,14.447977835075768,80.79537895506775
28.336272716640536,4.756587897579175,14.448008012540804,80.79540408988002
28.353467439238916,4.756532645779445,14.448038156673121,80.79542919754743
28.370658995753065,4.756477454326411,14.448068267545283,80.7954542781283
28.38784739078729,4.756422323089382,14.448098345229848,80.79547933168077
28.405032628934002,4.756367251938273,14.448128389798947,80.79550435826278
28.42221471477396,4.756312240743316,14.448158401324593,80.7955293579321
28.43939365287603,4.756257289375226,14.448188379878493,80.79555433074628
28.45656944779741,4.756202397767978,14.448218325469181,80.79557927676284
28.473742104086682,4.756147565600078,14.448248238359401,80.79560419604053
28.490911626271288,4.7560927929407635,14.448278118426272,80.79562908863296
28.50807801887682,4.756038079595163,14.44830796580607,80.79565395459876
28.525241286413973,4.755983425436002,14.448337780569421,80.79567879399458
28.542401433381986,4.755928830336487,14.448367562786629,80.79570360687688
28.559558464268537,4.755874294199815,14.448397312511288,80.7957283932889
28.57671238355165,4.755819816905386,14.44842702980988,80.79575315328474
28.59386319569823,4.7557653983272274,14.448456714752439,80.79577788692033
28.611010905163802,4.75571103833999,14.448486367408512,80.7958025942515
28.628155516392628,4.7556567368187235,14.448515987847413,80.79582727533386
28.645297033817645,4.75560249363896,14.448545576138166,80.79585193022287
28.662435461860554,4.755548308676491,14.448575132349703,80.7958765589738
28.679570804931956,4.75549418180768,14.448604656550557,80.79590116164177
28.697392074139874,4.75543769351781,14.44863548225177,80.79592682423042
28.71520991310036,4.75538128298704,14.44866626463344,80.79595245237951
28.733024327823262,4.755324949550634,14.448697004032624,80.79597804641674
28.750835324271616,4.755268692493862,14.448727700855269,80.79600360665087
28.76864290835923,4.755212511115457,14.44875835549983,80.7960291333847
28.786447085951735,4.7551564047275905,14.448788968357276,80.79605462691514
28.80424786286753,4.755100372655702,14.448819539811202,80.7960800875331
28.82204524487848,4.755044414238562,14.448850070237738,80.79610551552369
28.839839237710876,4.754988528827953,14.448880560005827,80.79613091116622
28.857629847046418,4.75493271578885,14.448911009477,80.79615627473416
28.875417078522887,4.754876974499127,14.448941419005637,80.79618160649524
28.89320093773509,4.754821304349446,14.44897178893903,80.79620690671152
28.910981430235704,4.754765704743505,14.449002119617141,80.79623217563936
28.92875856153604,4.754710175097579,14.449032411373041,80.79625741352939
28.946532337107026,4.754654714840594,14.44906266453255,80.79628262062685
28.964302762379905,4.754599323413768,14.449092879414858,80.79630779717138
28.982069842747045,4.754544000271042,14.449123056331958,80.796332943397
28.999833583562832,4.754488744878588,14.449153195589098,80.79635805953231
29.01759399014442,4.754433556715008,14.449183297484531,80.79638314580046
29.035351067772506,4.754378435270908,14.449213362309912,80.79640820241917
29.053104821692184,4.754323380049192,14.44924339034998,80.79643322960082
29.070855257113728,4.754268390564728,14.449273381882834,80.79645822755244
29.088602379213267,4.754213466344233,14.44930333718003,80.79648319647575
29.106346193133646,4.754158606956114,14.449333256489755,80.79650813655414
29.12408670398699,4.754103811957003,14.44936314006644,80.79653304797657
29.141823916853998,4.754049080908602,14.44939298816235,80.79655793092904
29.15955783678422,4.753994413384678,14.449422801022799,80.79658278559252
29.177288468797048,4.753939808970556,14.449452578886653,80.7966076121428
29.195015817882293,4.753885267262944,14.449482321986503,80.79663241075055
29.212739889000844,4.753830787870024,14.449512030548513,80.79665718158147
29.230460687085625,4.753776370411359,14.449541704792491,80.79668192479616
29.24817821704212,4.75372201451758,14.449571344932155,80.79670664055027
29.265892483749194,4.753667719830626,14.449600951174894,80.79673132899447
29.283603492059747,4.753613486003541,14.449630523721885,80.79675599027458
29.301311246801447,4.753559312700227,14.449660062768357,80.79678062453142
29.319015752777407,4.753505199595824,14.449689568503151,80.79680523190103
29.336717014766894,4.753451146375998,14.449719041109407,80.79682981251459
29.354415037526028,4.753397152737468,14.449748480763994,80.79685436649854
29.372109825788453,4.75334321838757,14.449777887637941,80.7968788939745
29.389801384265944,4.753289343044369,14.449807261896256,80.79690339505939
29.40748971764919,4.753235527520055,14.449836602930443,80.7969278695495
29.425174830669913,4.753181772824725,14.449865909984942,80.79695231719033
29.442856728111874,4.753128075586686,14.449895185401363,80.79697673901195
29.460535414562198,4.753074435684452,14.449924429247037,80.79700113506851
29.47821089459642,4.753020852996926,14.449953641589087,80.79702550541398
29.495883172778566,4.752967327403349,14.449982822494444,80.79704985010221
29.51355225366118,4.752913858783351,14.450011972029841,80.79707416918681
29.531218141785345,4.752860447016961,14.45004109026176,80.79709846272127
29.548880841680727,4.75280709198466,14.450070177256416,80.79712273075891
29.56654035786564,4.752753793567165,14.450099233079941,80.7971469733529
29.58419669484715,4.75270055164562,14.450128257798218,80.79717119055616
29.60184985712096,4.752647366101627,14.450157251476822,80.79719538242155
29.61949984917156,4.752594236817012,14.450186214181288,80.7972195490017
29.637146675472277,4.752541163674066,14.450215145976836,80.79724369034909
29.65479034048522,4.752488146569395,14.450244046920723,80.7972678065099
29.672430848662252,4.752435185405556,14.450272917066522,80.79729189752793
29.690068204445286,4.7523822800657,14.450301756479064,80.79731596345523
29.707702412265192,4.752329430433441,14.450330565222872,80.79734000434368
29.72533347654186,4.752276636392853,14.450359343362157,80.79736402024498
29.742961401684166,4.752223897828224,14.45038809096109,80.79738801121069
29.76058619209008,4.752171214624322,14.450416808083503,80.79741197729217
29.778207852146664,4.752118586666208,14.450445494793113,80.79743591854067
29.795826386230154,4.7520660138394515,14.450474151153278,80.79745983500727
29.813441798705966,4.7520134960297264,14.450502777227403,80.79748372674287
29.831054093928756,4.751961033123317,14.45053137307846,80.79750759379823
29.848663276242387,4.751908625006654,14.450559938769409,80.79753143622393
29.86626934998009,4.751856271566633,14.450588474362917,80.79755525407045
29.883872319464402,4.751803972690493,14.450616979921453,80.79757904738806
29.90147218900723,4.751751728265788,14.450645455507335,80.79760281622687
29.919068962909886,4.7516995381804366,14.450673901182668,80.7976265606369
29.936662645463166,4.751647402322726,14.45070231700934,80.79765028066794
29.954253240947363,4.751595320581275,14.450730703049064,80.79767397636965
29.971840753632236,4.751543292845003,14.4507590593634,80.7976976477916
29.989425187777183,4.751491319003196,14.450787386013697,80.7977212949831
30.007006547631168,4.751439398945548,14.450815683061046,80.79774491799341
30.024584837432716,4.751387532562048,14.450843950566403,80.79776851687154
30.042160061410158,4.751335719742982,14.45087218859056,80.79779209166647
30.060428349058213,4.75128167068541,14.450901658535706,80.79781667077889
30.07869323239223,4.751227693926977,14.45093108822581,80.7978412178472
30.096954717203452,4.751173788843767,14.450960477975446,80.79786573318079
30.11521280923769,4.75111995476194,14.45098982816738,80.79789021707067
30.13346751419307,4.75106619102047,14.451019139177209,80.79791466980232
30.15171883772079,4.751012496970886,14.451048411373579,80.79793909165554
30.169966785426084,4.7509588719774,14.451077645118044,80.79796348290455
30.18821136286902,4.750905315416692,14.451106840765194,80.7979878438181
30.206452575565393,4.750851826677779,14.451135998662792,80.79801217465943
30.22469042898759,4.750798405187112,14.451165119137677,80.7980364756752
30.242924928566882,4.7507450503675175,14.451194202518339,80.79806074711414
30.26115607969339,4.750691761644379,14.451223249132447,80.79808498922317
30.279383887716232,4.750638538455503,14.451252259300546,80.79810920224395
30.297608357944412,4.750585380250733,14.451281233336571,80.7981333864127
30.31582949564755,4.750532286491891,14.451310171547574,80.79815754196053
30.334047306056856,4.750479256652231,14.451339074234436,80.79818166911333
30.352261794365667,4.750426290217083,14.45136794169125,80.79820576809166
30.37047296573048,4.750373386683422,14.451396774205621,80.79822983911096
30.388680825271624,4.750320545559745,14.451425572058744,80.79825388238152
30.406885378074012,4.750267766366129,14.451454335525366,80.79827789810851
30.42508662918795,4.750215048634339,14.451483064873392,80.79830188649227
30.44328458362997,4.750162391906129,14.45151176036651,80.79832584772736
30.461479246383444,4.75010979573707,14.451540422258663,80.79834978200427
30.479670622399464,4.750057259691899,14.451569050800096,80.79837368950801
30.497858716597573,4.750004783347174,14.451597646234074,80.79839757041876
30.516043533866437,4.74995236629033,14.451626208797888,80.79842142491178
30.534225079064594,4.749900008120028,14.451654738722475,80.7984452531575
30.552403357021216,4.749847708445588,14.451683236232938,80.79846905532148
30.57057837253683,4.74979546688739,14.451711701548136,80.79849283156447
30.588750130384057,4.7497432830764055,14.451740134881103,80.7985165820425
30.60691863530821,4.74969115665433,14.451768536438884,80.79854030690679
30.62508389202817,4.749639087273543,14.451796906422555,80.79856400630389
30.643245905236878,4.7495870745969615,14.451825245027328,80.7985876803757
30.661404679602246,4.749535118297864,14.451853552442703,80.79861132925943
30.679560219767712,4.749483218060046,14.451881828852267,80.79863495308769
30.697712530352955,4.7494313735776394,14.451910074433863,80.7986585519885
30.71586161595455,4.749379584554994,14.45193828935967,80.79868212608534
30.73400748114665,4.749327850706586,14.451966473796249,80.79870567549716
30.752150130481635,4.749276171757201,14.451994627904357,80.79872920033844
30.77028956849084,4.749224547441484,14.452022751839344,80.79875270071916
30.788425799685164,4.749172977512692,14.452050845746161,80.79877617674114
30.80655882855619,4.749121464069322,14.45207890811152,80.79879962781915
30.824688659714493,4.749070005194721,14.45210694024717,80.79882305455811
30.842815297652617,4.749018599343619,14.452134943218809,80.79884645743758
30.86093874676754,4.748967246408249,14.452162917086117,80.79886983650565
30.879059011445598,4.74891594628131,14.452190861908468,80.79889319181022
30.897176096062434,4.748864698855665,14.452218777745198,80.79891652339913
30.9152900049831,4.748813504024651,14.452246664655332,80.79893983132001
30.93340074256206,4.748762361681832,14.452274522697797,80.79896311562037
30.951508313143343,4.748711271721097,14.452302351931346,80.79898637634756
30.96961272106039,4.748660234036723,14.452330152414481,80.7990096135488
30.987713970636243,4.748609248523236,14.45235792420561,80.79903282727116
31.005812066183495,4.7485583150754485,14.452385667362982,80.79905601756157
31.023907012004372,4.748507433588682,14.452413381944487,80.79907918446682
31.041998812390723,4.748456603958379,14.452441068008026,80.7991023280336
31.060087471624172,4.748405826080374,14.452468725611261,80.79912544830836
31.07817299397597,4.748355099850777,14.452496354811709,80.79914854533752
31.096255383707184,4.748304425166058,14.452523955666665,80.79917161916728
31.114334645068677,4.7482538019230285,14.452551528233236,80.79919466984373
31.13241078230112,4.748203230018718,14.452579072568422,80.79921769741286
31.150483799635055,4.748152709350477,14.452606588729076,80.79924070192045
31.168553701290936,4.748102239816014,14.452634076771794,80.79926368341219
31.186620491479104,4.748051821313477,14.4526615367529,80.79928664193362
31.20468417439994,4.748001453741011,14.45268896872883,80.79930957753017
31.222744754243802,4.747951136997272,14.45271637275567,80.79933249024705
31.240802235191037,4.747900870981137,14.452743748889398,80.79935538012947
31.258856621412082,4.747850655591991,14.452771097185638,80.79937824722236
31.27690791706758,4.747800490729235,14.45279841770012,80.79940109157064
31.29495612630821,4.747750376292656,14.452825710488323,80.79942391321902
31.313001253274795,4.7477003121824835,14.452852975605424,80.79944671221209
31.331043302098504,4.747650298299091,14.452880213106575,80.79946948859433
31.3490822769006,4.747600334543183,14.452907423046746,80.79949224241008
31.367118181792694,4.747550420819534,14.452934605478593,80.79951497370187
31.385151020876897,4.7475005570557,14.452961760441971,80.79953768250233
31.403180798247256,4.747450743153517,14.452988887990994,80.7995603688555
31.421207517988254,4.7474009790145635,14.453015988180285,80.79958303280516
31.439231184174677,4.747351264541125,14.453043061063836,80.79960567439504
31.457955246456923,4.747299426648062,14.453071303220186,80.79962927013176
31.47667592250171,4.747247656304299,14.453099507788458,80.79965283590724
31.49539321791617,4.747195952925679,14.453127675059823,80.79967637201449
31.514107138263395,4.747144315876054,14.453155805395596,80.79969987872835
31.532817689059982,4.747092744531044,14.453183899150634,80.79972335631832
31.551524875776874,4.7470412382784675,14.453211956672893,80.79974680504864
31.570228703840073,4.7469897965179,14.453239978303827,80.79977022517826
31.58892917863174,4.7469384186606325,14.453267964378377,80.799793616961
31.607626305490783,4.74688710412979,14.453295915224848,80.79981698064536
31.62632008971382,4.746835852360009,14.453323831165173,80.79984031647481
31.64501053655591,4.746784662797595,14.453351712514738,80.79986362468766
31.663697651231434,4.746733534900223,14.453379559582629,80.79988690551716
31.68238143891488,4.7466824681369415,14.4534073726716,80.79991015919146
31.7010619047416,4.746631461988355,14.45343515207803,80.79993338593361
31.719739053808652,4.746580515946121,14.453462898091892,80.79995658596198
31.73841289117557,4.746529629512934,14.453490610997246,80.79997975948983
31.75708342186509,4.746478802202695,14.453518291071871,80.80000290672544
31.775750650864065,4.746428033540337,14.45354593858737,80.80002602787229
31.794414583124013,4.746377323061739,14.453573553809242,80.80004912312901
31.81307522356205,4.74632667031364,14.453601136996955,80.80007219268941
31.83173257706165,4.7462760748535535,14.453628688403972,80.80009523674248
31.850386648473275,4.746225536249755,14.453656208277737,80.80011825547251
31.86903744261513,4.746175054081098,14.453683696859853,80.80014124905905
31.887684964274,4.746124627937041,14.453711154385992,80.80016421767698
31.90632921820592,4.746074257417639,14.45373858108588,80.80018716149648
31.924970209136873,4.7460239421332355,14.453765977183577,80.80021008068319
31.943607941763567,4.7459736817046085,14.453793342897312,80.80023297539807
31.96224242075406,4.745923475776774,14.453820678431859,80.80025584579137
31.980873650749455,4.745873324007869,14.453847983984197,80.80027869200794
31.99950163636472,4.745823226049017,14.4538752597558,80.80030151419518
32.01812638218829,4.7457731815616295,14.453902505942281,80.80032431249609
32.036747892782806,4.745723190217174,14.453929722733644,80.80034708704919
32.05536617268578,4.745673251697048,14.453956910314366,80.80036983798858
32.0739812264102,4.7456233656925555,14.453984068863408,80.80039256544403
32.09259305844534,4.745573531904767,14.454011198554308,80.80041526954092
32.111201673257305,4.745523750044544,14.454038299555144,80.80043795040031
32.12980707528977,4.745474019832454,14.454065372028571,80.80046060813896
32.14840926896459,4.745424340998638,14.454092416131944,80.80048324286942
32.16700825868241,4.745374713282747,14.454119432017345,80.8005058546999
32.18560404882345,4.745325136434073,14.454146419831417,80.8005284437345
32.20419664374798,4.745275610211178,14.454173379715721,80.80055101007311
32.22278604779712,4.745226134382045,14.454200311806545,80.8005735538114
32.24137226529322,4.745176711988986,14.454227213921289,80.80059607408973
32.25995530074017,4.745127338840566,14.454254088979404,80.80061857218003
32.27853515838091,4.7450780148405025,14.454280937034117,80.80064104812539
32.29711184244839,4.745028739892701,14.454307758138576,80.80066350196873
32.315685357165684,4.744979513901415,14.454334552345724,80.80068593375286
32.33425570674596,4.744930336771228,14.454361319708292,80.80070834352048
32.35282289539259,4.744881208406806,14.454388060279049,80.80073073131415
32.371386927299056,4.744832128713341,14.454414774110369,80.8007530971763
32.38994780664917,4.744783097596146,14.45444146125462,80.80077544114923
32.408505537616875,4.744734114960848,14.454468121763991,80.80079776327516
32.42706012436649,4.744685180713382,14.454494755690472,80.80082006359615
32.445611571052645,4.7446362947598875,14.454521363085979,80.80084234215413
32.46415988182034,4.744587457006818,14.454547944002242,80.80086459899094
32.48270506080485,4.7445386673609296,14.454574498490796,80.80088683414827
32.50124711213192,4.744489925729199,14.454601026603079,80.80090904766773
32.51978603991787,4.744441232018948,14.454627528390319,80.80093123959074
32.53832184826927,4.744392586137656,14.454654003903688,80.80095340995865
32.55685454128341,4.744343988000877,14.454680453189827,80.8009755588093
32.575384123048444,4.744295437537803,14.454706876287574,80.80099768617463
32.59391059764456,4.7442469346567835,14.454733273247527,80.80101979209569
32.61243396914254,4.744198479266332,14.454759644120305,80.80104187661337
32.630954241603725,4.744150071275187,14.454785988956392,80.80106393976843
32.649471419080136,4.744101710592421,14.454812307806048,80.80108598160153
32.66798550561448,4.744053397127423,14.454838600719347,80.80110800215323
32.686496505240285,4.74400513078967,14.454864867746387,80.80113000146395
32.70500442198165,4.743956911489121,14.454891108936895,80.80115197957399
32.7235092598536,4.743908739135888,14.454917324340578,80.80117393652353
32.74201102286195,4.743860613640319,14.45494351400699,80.8011958723527
32.76050971500334,4.743812534913069,14.454969677985527,80.80121778710141
32.779005340265265,4.743764502865012,14.454995816325464,80.80123968080952
32.79749790262613,4.743716517407339,14.455021929075878,80.80126155351678
32.815987406055285,4.743668578451471,14.455048016285735,80.8012834052628
32.83447385451303,4.7436206859089936,14.45507407800393,80.80130523608709
32.8529572519507,4.74357283969189,14.455100114279096,80.80132704602902
32.871437602310586,4.743525039712316,14.455126125159795,80.80134883512788
32.88991490952606,4.743477285882696,14.455152110694439,80.80137060342287
32.90909991987209,4.743427511802924,14.455179208305077,80.801393279892
32.928281559750765,4.74337780107191,14.45520627068054,80.80141592824755
32.94745983460664,4.7433281531348035,14.455233298097294,80.8014385487679
32.96663474984122,4.743278567387015,14.45526029089876,80.80146114171423
32.98580631081042,4.7432290432352895,14.455287249422078,80.80148370734264
33.00497452282526,4.743179580097795,14.45531417399797,80.80150624590424
33.024139391152936,4.743130177403914,14.455341064950918,80.80152875764517
33.043300921017455,4.743080834594197,14.455367922599185,80.80155124280661
33.062459117600596,4.74303155112026,14.455394747254878,80.80157370162486
33.08161398604254,4.742982326444749,14.455421539223948,80.8015961343313
33.10076553144282,4.742933160041262,14.455448298806239,80.8016185411525
33.119913758861074,4.742884051394309,14.4554750262955,80.80164092231018
33.139058673317756,4.742834999999065,14.455501721979577,80.80166327802137
33.158200279795054,4.7427860053623405,14.455528386139783,80.80168560849788
33.1773385832377,4.742737067029312,14.455555019036058,80.80170791393464
33.19647358855541,4.742688184527536,14.45558162093776,80.8017301945347
33.21560530062195,4.742639357394447,14.455608192109331,80.80175245049622
33.234733724275806,4.742590585178009,14.45563473280923,80.80177468201276
33.25385886432092,4.742541867436797,14.45566124328991,80.80179688927329
33.27298072552745,4.742493203739503,14.455687723798249,80.80181907246225
33.29209931263251,4.742444593665099,14.455714174575393,80.80184123175951
33.31121463034089,4.742396036802833,14.455740595856703,80.80186336734046
33.33032668332584,4.742347532751864,14.455766987872096,80.80188547937604
33.34943547622966,4.742299081121565,14.455793350845717,80.80190756803272
33.368541013664576,4.742250681531052,14.45581968499638,80.80192963347257
33.38764330021335,4.742202333609508,14.455845990537213,80.80195167585327
33.40674234042996,4.742154036995788,14.455872267676018,80.8019736953282
33.42583813884038,4.742105791338697,14.455898516614972,80.80199569204633
33.44493069994326,4.742057596296491,14.455924737551099,80.80201766615241
33.46402002821056,4.7420094515372835,14.45595093067582,80.80203961778689
33.4831061280882,4.741961356738552,14.455977096175431,80.80206154708601
33.50218900399695,4.741913311587384,14.456003234230835,80.80208345418178
33.52126866033275,4.741865315780274,14.45602934501769,80.80210533920203
33.54034510146772,4.741817369023096,14.456055428706438,80.80212720227047
33.55941833175053,4.741769471030924,14.456081485462438,80.80214904350665
33.57848835550726,4.741721621528237,14.456107515445751,80.802170863026
33.59755517704199,4.74167382024859,14.456133518811418,80.80219266094
33.616618800637376,4.741626066934641,14.456159495709423,80.80221443735593
33.63567923055539,4.741578361338212,14.4561854462846,80.80223619237718
33.654736471037864,4.741530703219935,14.456211370676957,80.80225792610311
33.67379052630711,4.741483092349577,14.456237269021335,80.80227963862909
33.69284140056673,4.7414355285056775,14.456263141447732,80.80230133004659
33.711889098001926,4.7413880120887155,14.45628898764673,80.80232300026455
33.73093362281923,4.741340544620674,14.456314806510617,80.80234464886871
33.74997497931718,4.7412931229137465,14.456340600258075,80.80236627682818
33.76901317158804,4.741245746881868,14.456366368936601,80.80238788418153
33.788048203714865,4.741198416461121,14.456392112581403,80.80240947095747
33.80708007977282,4.741151131571722,14.456417831236132,80.80243103719215
33.82610880382838,4.741103892127869,14.456443524948357,80.80245258292378
33.845134379938806,4.741056698044351,14.456469193765114,80.80247410819054
33.86415681215217,4.741009549236142,14.456494837733372,80.80249561303049
33.8831761045074,4.74096244561846,14.456520456899963,80.80251709748157
33.90219226103445,4.74091538710681,14.456546051311534,80.80253856158166
33.92120528575414,4.740868373616848,14.45657162101468,80.80256000536848
33.94021518267829,4.7408214050645965,14.456597166055754,80.80258142887965
33.959221955809696,4.740774481366167,14.456622686481104,80.80260283215273
33.97822560914226,4.740727602437989,14.456648182336886,80.80262421522512
33.997226146660786,4.74068076819672,14.45667365366911,80.80264557813418
34.016223572341396,4.740633978559317,14.456699100523615,80.80266692091706
34.035217890151124,4.74058723344276,14.4567245229463,80.80268824361094
34.0542091040482,4.740540532764497,14.456749920982714,80.8027095462528
34.073197217982134,4.740493876442083,14.456775294678387,80.80273082887953
34.09218223589352,4.7404472643933495,14.456800644078696,80.80275209152795
34.1111641617142,4.740400696536317,14.456825969228918,80.80277333423477
34.130142999367294,4.7403541727892975,14.456851270174138,80.80279455703656
34.14911875276725,4.740307693070733,14.456876546959425,80.80281575996983
34.16809142581979,4.7402612572993945,14.456901799629607,80.802836943071
34.18706102242194,4.740214865394238,14.456927028229444,80.80285810637632
34.20602754646214,4.740168517274446,14.456952232803552,80.802879249922
34.22499100182026,4.740122212859451,14.456977413396416,80.80290037374414
34.24395139236754,4.740075952068832,14.457002570052458,80.80292147787871
34.26290872196663,4.740029734822484,14.457027702815891,80.80294256236162
34.281862994471794,4.739983561040485,14.457052811730852,80.80296362722866
34.300814213728664,4.739937430643129,14.45707789684135,80.80298467251552
34.31976238357447,4.739891343550926,14.457102958191276,80.8030056982578
34.33870750783799,4.739845299684727,14.45712799582429,80.80302670449097
34.357649590339605,4.739799298965296,14.457153009784218,80.80304769125048
34.37730702787152,4.7397513722378575,14.457179083543531,80.8030695442186
34.39696110066697,4.739703505144352,14.457205124150663,80.80309137070498
34.416611814035974,4.73965569718759,14.457231131850095,80.80311317096232
34.43625917324828,4.739607947793866,14.457257106967477,80.80313494523865
34.45590318352887,4.739560256399727,14.457283049823118,80.80315669377715
34.47554385005891,4.7395126224526445,14.457308960731115,80.80317841681624
34.49518117797643,4.739465045410791,14.457334839999572,80.80320011458963
34.51481517237716,4.7394175247428985,14.45736068793071,80.8032217873264
34.534445838315335,4.739370059928218,14.45738650482089,80.80324343525089
34.55407318080457,4.739322650456355,14.457412290960736,80.80326505858291
34.57369720481842,4.739275295827456,14.457438046634921,80.80328665753763
34.59331791529144,4.7392279955518095,14.457463772122528,80.80330823232566
34.6129353171197,4.739180749149996,14.457489467696883,80.80332978315312
34.63254941516176,4.7391335561528605,14.45751513362563,80.8033513102215
34.652160214239416,4.739086416101246,14.457540770170757,80.803372813728
34.671767719138195,4.739039328546029,14.457566377588641,80.80339429386532
34.691371934608426,4.738992293047911,14.457591956130301,80.8034157508218
34.710972865365804,4.738945309177618,14.457617506041117,80.80343718478127
34.73057051609218,4.738898376515724,14.457643027560962,80.80345859592332
34.75016489143621,4.738851494652463,14.457668520924363,80.80347998442318
34.76975599601426,4.7388046631879215,14.457693986360292,80.80350135045178
34.78934383441088,4.738757881796625,14.457719424027427,80.80352269417594
34.808928411183686,4.738711149898467,14.45774483434186,80.80354401575967
34.82850973084799,4.7386644673257745,14.457770217316504,80.80356531535773
34.848087797901755,4.738617833647356,14.457795573226672,80.80358659312597
34.867662616809945,4.738571248510688,14.457820902274984,80.80360784921433
34.88723419200933,4.7385247115724916,14.457846204658908,80.8036290837686
34.906802527909164,4.7384782224987925,14.457871480570725,80.80365029693048
34.92636762889191,4.738431780964897,14.45789673019749,80.80367148883761
34.945929499313905,4.738385386655014,14.457921953721392,80.8036926596236
34.96548814350593,4.7383390392625575,14.45794715131943,80.80371380941801
34.98504356577403,4.73829273848994,14.457972323163595,80.80373493834647
35.00459577040005,4.738246484048423,14.457997469420986,80.8037560465306
35.02414476164233,4.738200275658197,14.458022590253691,80.80377713408811
35.043690543736396,4.738154113069921,14.458047685806807,80.80379820112327
35.06323312089695,4.73810799602646,14.458072756229479,80.80381924774407
35.08277249731763,4.7380619242739845,14.458097801669462,80.80384027405655
35.1023086771709,4.738015897567374,14.458122822269612,80.80386128016302
35.12184166460895,4.737969915670406,14.458147818167674,80.80388226616192
35.1413714637643,4.737923978355103,14.45817278949693,80.80390323214797
35.16089807875038,4.737878085402101,14.458197736385788,80.80392417821211
35.180421513662026,4.737832236600287,14.458222658958158,80.80394510444155
35.19994177257631,4.737786431747109,14.458247557333062,80.80396601091982
35.219458859552944,4.737740672305558,14.458272430450345,80.8039868972441
35.23897277874381,4.737694957330374,14.458297278945107,80.80400776372451
35.25848353423447,4.737649285163122,14.458322103966747,80.80402861087012
35.27799112999763,4.737603655725975,14.458346905558212,80.80404943871582
35.2974955699974,4.737558068941302,14.45837168376235,80.80407024729635
35.31699685818902,4.737512524731824,14.458396438621746,80.80409103664643
35.33649499851928,4.737467023020332,14.458421170179017,80.80411180680065
35.35598999492628,4.737421563729853,14.458445878476628,80.80413255779352
35.37548185133951,4.737376146783608,14.458470563556949,80.80415328965944
35.3949705716799,4.737330772105137,14.458495225462126,80.80417400243275
35.41445615985988,4.737285439618129,14.458519864234242,80.80419469614762
35.43393861978333,4.737240149246408,14.458544479915346,80.80421537083824
35.45341795534561,4.737194900914009,14.458569072547359,80.80423602653863
35.472894170433634,4.737149694545346,14.458593642171921,80.80425666328273
35.492367268925946,4.737104530064819,14.458618188830775,80.8042772811044
35.51183725469266,4.737059407397122,14.458642712565464,80.80429788003741
35.5313041315955,4.737014326467268,14.458667213417298,80.80431846011543
35.55076790348779,4.736969287200229,14.458691691427727,80.80433902137204
35.570228574214575,4.736924289521437,14.458716146637826,80.80435956384073
35.58968614761255,4.736879333356303,14.458740579088778,80.80438008755492
35.60914062751016,4.736834418630596,14.458764988821502,80.80440059254789
35.62859201772764,4.736789545270219,14.458789375876874,80.80442107885291
35.64804032207692,4.73674471320128,14.458813740295648,80.80444154650307
35.667485544361824,4.736699922350085,14.458838082118483,80.80446199553143
35.686927688377864,4.736655172666752,14.458862401372677,80.80448242596057
35.70636675791415,4.736610464079657,14.458886698097448,80.8045028378229
35.72580275675167,4.736565796515426,14.458910972333411,80.80452323115117
35.745235688663364,4.736521169901113,14.458935224120781,80.80454360597811
35.76466555741402,4.736476584163876,14.458959453499777,80.80456396233635
35.78409236676045,4.7364320392312225,14.458983660510338,80.80458430025844
35.80351612045135,4.73638753503078,14.459007845192378,80.80460461977684
35.822936822227504,4.736343071490325,14.459032007585757,80.80462492092391
35.84235447582163,4.736298648537907,14.459056147730129,80.80464520373197
35.861769084958446,4.73625426610174,14.459080265665087,80.80466546823317
35.881180653354896,4.736209924110127,14.459104361430214,80.80468571445965
35.90131516555221,4.73616374482228,14.459129467813705,80.80470678736401
35.92144631826908,4.736117621784226,14.45915454294108,80.80472783527469
35.94157411669095,4.736071554499675,14.459179587056974,80.80474885844336
35.96169856596192,4.7360255424235715,14.45920460047098,80.80476985710546
35.98181967118226,4.7359795850210205,14.459229583487044,80.80479083149193
36.00193743740928,4.735933681767281,14.459254536403462,80.80481178182926
36.022051869657965,4.735887832147661,14.459279459512938,80.8048327083394
36.04216297290184,4.735842035657651,14.459304353102443,80.8048536112399
36.06227075207381,4.735796291802511,14.459329217453554,80.80487449074394
36.08237521206668,4.7357506000975675,14.459354052842176,80.80489534706025
36.1024763577343,4.7357049600677765,14.459378859538935,80.80491618039329
36.122574193892085,4.735659371248026,14.459403637808812,80.80493699094316
36.14266872531779,4.735613833182758,14.459428387911554,80.80495777890569
36.16275995675235,4.735568345426116,14.459453110101444,80.80497854447243
36.18284789290055,4.735522907541921,14.459477804627479,80.8049992878306
36.202932538431774,4.73547751910342,14.459502471733106,80.80502000916347
36.22301389798073,4.735432179693038,14.45952711165697,80.80504070864998
36.24309197614831,4.735386888902764,14.459551724632272,80.80506138646496
36.26316677750202,4.735341646333925,14.459576310886991,80.80508204277909
36.28323830657701,4.735296451597063,14.459600870643982,80.80510267775895
36.303306567876604,4.735251304311895,14.45962540412099,80.80512329156711
36.32337156587304,4.735206204115444,14.459649911526142,80.80514388435842
36.34343330500875,4.735161150662972,14.45967439305712,80.80516445627991
36.36349178969774,4.7351161436013545,14.459698848916492,80.80518500748215
36.38354702432501,4.73507118258629,14.459723279301977,80.80520553811174
36.403599013247195,4.735026267282326,14.459747684406372,80.80522604831131
36.42364776079329,4.734981397362915,14.45977206441746,80.80524653821962
36.44369327126538,4.734936572510278,14.459796419518147,80.80526700797157
36.463735548939134,4.734891792415257,14.459820749886553,80.8052874576982
36.48377459806454,4.734847056777476,14.459845055695853,80.80530788752667
36.50381042286672,4.734802365304951,14.459869337114615,80.80532829758043
36.523843027546384,4.734757717714362,14.459893594306534,80.8053486879791
36.543872416280436,4.73471311373082,14.459917827430605,80.80536905883858
36.563898593222824,4.734668553087778,14.45994203664121,80.805389410271
36.58392156250496,4.734624035519863,14.459966222092199,80.80540974238794
36.60394132823602,4.734579560756164,14.459990383940827,80.805430055303
36.62395789450245,4.734535128537855,14.460014522337723,80.80545034912443
36.64397126536895,4.734490738639192,14.46003863741477,80.80547062394604
36.663981444880775,4.7344463908417715,14.46006272929905,80.80549087985918
36.68398843706432,4.734402084933227,14.460086798114672,80.8055111169521
36.70399224592763,4.7343578207083175,14.460110843981717,80.80553133530996
36.723992875460816,4.734313597968908,14.460134867016357,80.80555153501473
36.74399032963672,4.73426941652406,14.460158867330819,80.80557171614512
36.76398461241135,4.734225276190342,14.460182845033096,80.80559187877657
36.783975727724545,4.7341811793887265,14.460206798386247,80.80561202222502
36.803963679677075,4.734137122946773,14.460230729599086,80.80563214745415
36.82394847214973,4.73409310659417,14.460254638850465,80.80565225455535
36.84393010900136,4.734049130261503,14.460278526178616,80.80567234355989
36.8639085940828,4.734005193879521,14.46030239162164,80.80569241449884
36.88388393123676,4.73396129737885,14.460326235217803,80.80571246740334
36.90385612429786,4.733917440690429,14.460350057005094,80.80573250230447
36.92382517709261,4.733873623745272,14.460373857021505,80.80575251923322
36.94379109343948,4.7338298464745305,14.460397635304941,80.80577251822054
36.963753877149,4.733786108809344,14.46042139189337,80.8057924992973
36.983713532023586,4.733742410691884,14.460445126818561,80.80581246248956
37.00367006185853,4.7336987520673,14.46046884011032,80.80583240782238
37.02362347044206,4.733655132866993,14.460492531806546,80.80585233532646
37.04357376155447,4.733611553022857,14.46051620194472,80.80587224503242
37.06352093896818,4.733568012466783,14.460539850562384,80.80589213697084
37.08346500644757,4.733524511130911,14.460563477696894,80.8059120111722
37.103405967749296,4.733481048947488,14.460587083385587,80.80593186766693
37.12334382662209,4.733437625848985,14.460610667665632,80.80595170648537
37.14327858680683,4.733394241767979,14.460634230574174,80.80597152765785
37.16321025203663,4.733350896637207,14.460657772148258,80.80599133121453
37.1831388260368,4.733307590389633,14.460681292424784,80.80601111718558
37.20306431252488,4.733264322958242,14.460704791440705,80.80603088560106
37.22298671521064,4.733221094276345,14.460728269232707,80.80605063649095
37.24290603779615,4.733177904277288,14.460751725837518,80.80607036988519
37.26282228397583,4.733134752894651,14.460775161291705,80.80609008581364
37.28273545743639,4.733091640062158,14.460798575631761,80.80610978430607
37.30264556185676,4.733048565713592,14.460821968894194,80.80612946539222
37.32255260090844,4.73300552978306,14.460845341115244,80.80614912910168
37.34245657825519,4.732962532204694,14.46086869233122,80.80616877546409
37.36235749755321,4.732919572912884,14.460892022578214,80.8061884045089
37.38225536245111,4.732876651842039,14.460915331892402,80.80620801626556
37.40215017658998,4.732833768926891,14.460938620309676,80.80622761076344
37.42204194360337,4.732790924102185,14.460961887866011,80.8062471880318
37.44193066711735,4.732748117302956,14.460985134597138,80.80626674809992
37.46255004167771,4.73270355245612,14.461009348116791,80.80628709942708
37.48316605753195,4.73265904089993,14.461033532037817,80.80630742706225
37.50377871976338,4.732614582164486,14.46105768659008,80.80632773124543
37.52438803341507,4.732570175736019,14.46108181206445,80.80634801219952
37.544994003487254,4.7325258211027155,14.46110590875185,80.80636827014544
37.565596634937684,4.732481517762655,14.461129976937665,80.80638850529968
37.58619593268238,4.73243726522383,14.461154016901656,80.80640871787452
37.60679190159641,4.73239306300361,14.46117802891845,80.80642890807795
37.62738454651477,4.732348910629225,14.461202013257038,80.80644907611374
37.64797387223286,4.73230480764576,14.46122597017656,80.80646922217768
37.66855988350831,4.732260753615186,14.461249899926424,80.80648934645839
37.68914258506203,4.732216748092652,14.461273802760081,80.80650944914727
37.7097219815777,4.732172790642484,14.461297678925908,80.80652953043162
37.73029807770266,4.732128880838193,14.461321528667154,80.80654959049465
37.750870878048616,4.732085018262544,14.461345352221928,80.80656962951554
37.771440387192285,4.732041202507228,14.461369149823126,80.80658964766965
37.792006609676164,4.731997433172724,14.461392921699021,80.80660964512826
37.81256955000932,4.731953709868593,14.46141666807271,80.8066296220587
37.83312921266797,4.731910032213154,14.461440389162435,80.80664957862442
37.853685602096235,4.73186639983367,14.46146408518138,80.80666951498495
37.87423872270687,4.731822812365881,14.461487756338109,80.80668943129601
37.89478857888189,4.731779269454416,14.461511402836125,80.80670932770946
37.91533517497328,4.731735770752295,14.461535024874339,80.80672920437337
37.9358785153038,4.731692315921198,14.461558622646798,80.806749061432
37.95641860416739,4.731648904631366,14.461582196342718,80.80676889902591
37.97695544583012,4.731605536561238,14.46160574614687,80.8067887172919
37.997489044530695,4.731562211397832,14.461629272239124,80.80680851636303
38.01801940448112,4.7315189288363,14.461652774794914,80.80682829636878
38.03854652986742,4.7314756885802804,14.461676253984832,80.80684805743489
38.05907042485025,4.7314324903413505,14.461699709975163,80.80686779968349
38.079591093565554,4.731389333839368,14.461723142927516,80.80688752323312
38.10010854012508,4.731346218802289,14.46174655299898,80.80690722819874
38.12062276861728,4.731303144966041,14.461769940342231,80.80692691469173
38.14113378310769,4.731260112074592,14.461793305105445,80.80694658281996
38.16164158763966,4.731217119879835,14.461816647432371,80.8069662326878
38.182146186234895,4.731174168141442,14.46183996746247,80.80698586439608
38.20264758289421,4.731131256627003,14.461863265330752,80.80700547804224
38.223145781598014,4.731088385112187,14.461886541167349,80.80702507372047
38.24364078630693,4.731045553378737,14.461909795100535,80.80704465152073
38.264132600962434,4.731002761218931,14.461933027250435,80.80706421153063
38.28462122948745,4.730960008430437,14.461956237735707,80.80708375383385
38.305106675786874,4.730917294819139,14.461979426670023,80.80710327851084
38.325588943748215,4.730874620209856,14.462002594156553,80.8071227856336
38.346068037242986,4.730831984435373,14.462025740293655,80.80714227527098
38.36654396012741,4.730789387560736,14.462048865014784,80.80716174742449
38.387016716258586,4.7307468315019205,14.462071966940417,80.80718120155767
38.40748630962514,4.730704313222976,14.462095048186638,80.80720063859039
38.427952743997736,4.730661832659526,14.462118108788898,80.80722005855158
38.4484160231393,4.7306193897474555,14.462141148782484,80.80723946147006
38.468876150804874,4.730576984422695,14.462164168202682,80.80725884737463
38.489333130741926,4.730534616621507,14.462187167084537,80.80727821629395
38.509786966758966,4.730492286280382,14.462210145462635,80.80729756825698
38.53023766245027,4.73044999333478,14.462233103373661,80.80731690329156
38.55068522160894,4.730407737722799,14.46225604085053,80.80733622142667
38.57112964795174,4.730365519380595,14.462278957928772,80.80735552269063
38.59157094518766,4.730323338245205,14.462301854643023,80.80737480711177
38.612009117018175,4.730281194253696,14.462324731027943,80.80739407471836
38.63244416713718,4.730239087343337,14.462347587118057,80.8074133255386
38.65287609923097,4.73019701745164,14.46237042294774,80.80743255960063
38.67330491697835,4.730154984516165,14.46239323855137,80.80745177693247
38.693730624050545,4.730112988474641,14.462416033963239,80.80747097756212
38.71415322411136,4.730071029265064,14.462438809217426,80.80749016151752
38.73457272081711,4.73002910682542,14.462461564348109,80.80750932882648
38.754989117816656,4.729987221094048,14.462484299389175,80.80752847951678
38.7754024187514,4.72994537200919,14.462507014374667,80.80754761361615
38.79581262725539,4.729903559509523,14.462529709338284,80.80756673115219
38.816219746955284,4.729861783533621,14.462552384313875,80.80758583215251
38.83662378147039,4.729820044020419,14.462575039335023,80.80760491664456
38.85702473441257,4.729778340908846,14.46259767443535,80.80762398465579
38.87742260938651,4.729736674138113,14.462620289648303,80.80764303621358
38.89781740998958,4.729695043647528,14.462642885007273,80.80766207134519
38.918209139811744,4.729653449442731,14.462665460479332,80.80768109007795
38.93859780244004,4.729611891260379,14.46268801629898,80.80770009244065
38.95898340144134,4.729570369247573,14.46271055229561,80.80771907845681
38.9793659403885,4.729528883273599,14.462733068571087,80.80773804815531
38.99974542284266,4.729487433279018,14.462755565158087,80.80775700156289
39.020121852357846,4.729446019225405,14.46277804207755,80.80777593869705
39.04049523248246,4.729404641053402,14.462800499361922,80.80779485958467
39.061607074803774,4.729361580576202,14.46282388149123,80.80781453793257
39.08271555581869,4.729318570662661,14.462847235547663,80.80783419378967
39.103820680518,4.729275610864789,14.462870561749636,80.80785382738557
39.124922453852626,4.729232700686466,14.462893860378967,80.80787343893456
39.146020880730994,4.72918983970706,14.46291713164595,80.80789302864699
39.167115966024156,4.729147027246026,14.462940376023381,80.80791259673059
39.18820771454848,4.729104263042079,14.46296359357391,80.80793214338401
39.20929613109417,4.72906154656512,14.462986784627653,80.80795166880723
39.23038122040704,4.729018877364548,14.463009949440995,80.80797117319446
39.251462987194124,4.728976254998635,14.463033088265414,80.80799065673595
39.27254143612454,4.7289336790346415,14.46305620134729,80.80801011961807
39.29361657183007,4.72889114904847,14.463079288928263,80.80802956202326
39.31468839897806,4.728848664624665,14.4631023512451,80.80804898413024
39.33575692198363,4.728806225356872,14.463125388529535,80.80806838611359
39.35682214544326,4.72876383084702,14.463148401008677,80.8080877681443
39.377884073846815,4.728721480705725,14.463171388904724,80.80810713038954
39.39894271165046,4.728679174551903,14.463194352435268,80.80812647301283
39.41999806327741,4.728636912012955,14.46321729181323,80.80814579617382
39.44105013311857,4.728594692724885,14.463240207246628,80.80816510002849
39.46209892553328,4.728552516331652,14.463263098939214,80.80818438472913
39.48314444484992,4.72851038248584,14.463285967089764,80.80820365042439
39.50418669536654,4.728468290848093,14.463308811892627,80.80822289725928
39.52522568135172,4.728426241087271,14.46333163353756,80.80824212537516
39.54626140704513,4.728384232880283,14.46335443220983,80.80826133490989
39.56729387665813,4.728342265912123,14.463377208090202,80.80828052599767
39.58832309437458,4.7283003398757275,14.463399961355025,80.80829969876925
39.609349064351335,4.728258454472053,14.46342269217615,80.8083188533518
39.630371790719046,4.7282166094098095,14.463445400721147,80.80833798986905
39.65139127758262,4.728174804405818,14.46346808715297,80.80835710844121
39.672407529021996,4.728133039184354,14.463490751630538,80.80837620918511
39.69342054909272,4.7280913134805145,14.463513394306684,80.8083952922128
39.71443034182689,4.728049627053486,14.463536015320678,80.80841435762584
39.73543691123487,4.728007979650846,14.463558614818254,80.8084334055309
39.75644026130452,4.727966371027435,14.463581192941314,80.80845243603125
39.777440396001815,4.727924800945803,14.463603749827367,80.80847144922683
39.798437319271436,4.727883269175761,14.463626285609951,80.80849044521429
39.81943103503736,4.727841775494772,14.463648800418255,80.80850942408698
39.84042154720342,4.72780031968756,14.46367129437746,80.80852838593498
39.861408859654006,4.727758901546268,14.463693767608579,80.80854733084514
39.8823929762545,4.727717520870158,14.463716220228712,80.80856625890114
39.903373900852,4.727676177465801,14.463738652350852,80.80858517018335
39.92435163727581,4.72763487114694,14.463761064084016,80.80860406476904
39.94532618933803,4.727593601734525,14.46378345553315,80.80862294273233
39.96629756083421,4.727552369056447,14.4638058267994,80.80864180414416
39.987265755543746,4.72751117294764,14.463828177979977,80.80866064907238
40.008230777230615,4.727470014381057,14.463850508366303,80.80867947725264
40.02919262972636,4.727428893163538,14.46387281806882,80.80869828876764
40.05015131684477,4.727387807560691,14.46389510829319,80.80871708414612
40.07110684226957,4.727346757513863,14.463917379071594,80.80873586341455
40.09205920967713,4.7273057429641465,14.463939630436503,80.80875462659935
40.11300842273636,4.727264763853137,14.463961862419989,80.80877337372686
40.133954485108774,4.7272238201224,14.46398407505419,80.80879210482341
40.154897400448675,4.727182911713693,14.46400626837113,80.80881081991518
40.175837172403014,4.7271420385689495,14.464028442402707,80.80882951902835
40.1967738046114,4.727101200630086,14.464050597180917,80.808848202189
40.21770730070625,4.727060397839379,14.464072732737451,80.80886686942317
40.23863766431266,4.72701963013907,14.464094849104093,80.80888552075683
40.25956489904855,4.7269788974716755,14.46411694631242,80.80890415621592
40.28048900852465,4.726938199779732,14.464139024394054,80.8089227758262
40.30140999634447,4.726897537006065,14.46416108338039,80.80894137961354
40.32232786610435,4.726856909093382,14.464183123303002,80.80895996760363
40.34324262139347,4.726816315984799,14.464205144193109,80.80897853982209
40.36415426579392,4.726775757623553,14.464227146081893,80.80899709629456
40.38506280288069,4.726735233952769,14.46424912900069,80.80901563704654
40.40596823622164,4.726694744929909,14.464271092972755,80.80903416209733
40.42687056937863,4.726654290505925,14.464293038024687,80.80905267146939
40.44776980590704,4.726613870624149,14.464314964187821,80.80907116518803
40.468665949355255,4.726573485228497,14.464336871492925,80.80908964327858
40.48955900326459,4.726533134262812,14.46435875997091,80.80910810576628
40.510448971169325,4.7264928176711365,14.464380629652544,80.80912655267632
40.531335856596876,4.7264525353976685,14.4644024805685,80.80914498403384
40.55221966306761,4.726412287386803,14.464424312749319,80.80916339986388
40.57310039409509,4.726372073582923,14.46444612622561,80.80918180019147
40.5939780531858,4.726331893930619,14.464467921027834,80.80920018504155
40.61485264383938,4.726291748374667,14.46448969718634,80.80921855443898
40.63572416954866,4.726251636859907,14.464511454731454,80.80923690840865
40.65659263379954,4.726211559331364,14.464533193693384,80.80925524697525
40.67745804007115,4.726171515734098,14.46455491410237,80.80927357016353
40.699069811786494,4.726129860297339,14.464577520353563,80.8092926193491
40.72067821653636,4.7260882529211266,14.464600099932776,80.8093116471461
40.742283259228394,4.726046693179741,14.464622653046384,80.80933065377387
40.76388494473123,4.726005180599865,14.464645179963236,80.8093496394369
40.785483277871506,4.725963714716944,14.464667680947297,80.80936860433576
40.8070782634348,4.725922295075118,14.464690156257657,80.80938754866722
40.82866990616617,4.725880921227318,14.464712606148442,80.80940647262425
40.850258210771024,4.725839592734749,14.464735030869294,80.80942537639596
40.87184318191584,4.725798309167376,14.464757430664863,80.80944426016777
40.89342482422886,4.7257570701035725,14.464779805775127,80.8094631241213
40.91500314230086,4.725715875130048,14.464802156435445,80.80948196843451
40.93657814068586,4.725674723842026,14.464824482876345,80.80950079328163
40.9581498239019,4.725633615842811,14.464846785323951,80.80951959883323
40.97971819643158,4.725592550744065,14.46486906399966,80.80953838525627
41.00128326272291,4.725551528165758,14.464891319120312,80.80955715271394
41.02284502719005,4.725510547735792,14.464913550898157,80.80957590136605
41.044403494213846,4.725469609090183,14.464935759541014,80.80959463136881
41.06595866814261,4.725428711872909,14.464957945252307,80.80961334287478
41.0875105533673,4.7253878557357885,14.464980108231057,80.80963203603315
41.109059154024266,4.725347040347168,14.46500224866706,80.80965071098576
41.130604474443416,4.725306265388219,14.46502436674271,80.80966936786908
41.152146518851325,4.725265530534397,14.465046462643866,80.80968800682173
41.1736852914455,4.725224835468907,14.465068536552057,80.80970662797904
41.19522079639487,4.725184179882737,14.465090588644438,80.80972523147283
41.216753037840476,4.725143563474553,14.465112619093867,80.80974381743158
41.23828201989613,4.72510298595051,14.465134628069071,80.80976238598042
41.259807746649,4.7250624470243565,14.465156615734514,80.80978093724113
41.28133022216034,4.725021946417374,14.465178582250457,80.80979947133217
41.30284945046606,4.724981483858254,14.465200527773025,80.80981798836872
41.32436543557746,4.7249410590830685,14.465222452454245,80.80983648846268
41.34587818148158,4.7249006718351625,14.465244356442117,80.80985497172273
41.36738769214209,4.724860321865411,14.465266239880336,80.80987343825426
41.38889397149988,4.724820008931678,14.465288102908819,80.8098918881595
41.41039702347343,4.724779732799143,14.465309945663343,80.80991032153752
41.43189685195967,4.724739493240128,14.465331768275714,80.80992873848416
41.45339346083443,4.724699290034002,14.465353570873823,80.80994713909217
41.474886853953116,4.724659122967316,14.465375353581514,80.80996552345117
41.49637703515126,4.7246189918334105,14.465397116518922,80.80998389164766
41.51786400824507,4.724578896432734,14.465418859802167,80.8100022437651
41.539347777032035,4.72453883657264,14.465440583543515,80.81002057988384
41.560828345291505,4.724498812067326,14.465462287851432,80.81003890008124
41.58230571678526,4.724458822737711,14.465483972830672,80.81005720443162
41.603779895258086,4.72441886841167,14.46550563858204,80.8100754930063
41.62525088443826,4.724378948923637,14.46552728520275,80.81009376587362
41.64671868803824,4.724339064114778,14.46554891278625,80.81011202309898
41.66818330975508,4.724299213832942,14.46557052142223,80.81013026474483
41.68964475334482,4.724259399868068,14.465592109824382,80.81014849030754
41.711103022474234,4.724219620123442,14.465613679448145,80.81016670042843
41.73255812086921,4.724179874042541,14.465635230675034,80.81018489528242
41.75401005213676,4.724140161571239,14.465656763534811,80.81020307489395
41.77545881987678,4.724100482655672,14.465678278057052,80.81022123928727
41.79690442768215,4.724060837241988,14.465699774271352,80.81023938848666
41.81834687913878,4.724021225276575,14.465721252207139,80.81025752251628
41.839786177825516,4.72398164672491,14.465742711883184,80.81027564139191
41.86122232731582,4.723942101535037,14.46576415332779,80.81029374513717
41.88265533117618,4.723902589653454,14.465785576570456,80.8103118337761
41.90408519296622,4.723863111093737,14.465806981573534,80.81032990733273
41.92551191624318,4.723823665597953,14.465828368569344,80.8103479658327
41.94693550454337,4.723784253322399,14.465849737381326,80.81036600929627
41.968355961410616,4.723744874142971,14.465871088107912,80.81038403774912
41.98977329037688,4.723705528007044,14.465892420777973,80.81040205121498
42.01118749496739,4.723666214861886,14.465913735420532,80.81042004971758
42.03259857870044,4.72362693465513,14.465935032064307,80.81043803328056
42.05400654508756,4.72358768733439,14.465956310738084,80.81045600192753
42.0754113976335,4.7235484728474235,14.465977571470571,80.810473955682
42.09681313990956,4.723509291141992,14.465998814290446,80.81049189456756
42.118211775260164,4.723470142166448,14.466020039226073,80.81050981860749
42.13960730724327,4.723431025868739,14.46604124630606,80.8105277278252
42.160999739336525,4.723391942197164,14.46606243555878,80.81054562224406
42.182389075010995,4.7233528911000855,14.466083607012617,80.8105635018873
42.203775317731086,4.723313872526039,14.466104760695817,80.81058136677814
42.22515847095443,4.72327488642361,14.466125896636639,80.81059921693975
42.24653853813211,4.72323593274157,14.466147014863209,80.81061705239522
42.26791552270854,4.723197011428823,14.466168115403583,80.8106348731676
42.289289428121556,4.723158122434333,14.466189198285791,80.81065267927987
42.31066025780237,4.723119265774128,14.466210263470817,80.81067047075506
42.33202801518013,4.7230804411922644,14.466231311189981,80.81068824761776
42.35339270366359,4.723041648847668,14.466252341265168,80.81070600988717
42.37475432666905,4.723002888618489,14.466273353793593,80.81072375758792
42.39687012233256,4.722962581681898,14.466295216193128,80.81074220212497
42.418982546353945,4.722922320511842,14.466317053204433,80.81076062628372
42.441091603563954,4.7228821047046745,14.466338865020964,80.81077903027436
42.46319729883237,4.722841933808034,14.46636065189958,80.8107974142924
42.48529963675568,4.722801807378206,14.466382414092363,80.81081577852943
42.507398622121684,4.7227617249791995,14.466404151847117,80.81083412317368
42.52949425960096,4.722721686183493,14.466425865406855,80.81085244840965
42.551586553824905,4.722681690576238,14.46644755500755,80.81087075441621
42.57367550938686,4.722641737762218,14.466469220874089,80.81088904136368
42.59576113084385,4.722601827338201,14.466490863235858,80.81090730942594
42.61784342271579,4.7225619589086865,14.466512482318079,80.81092555877323
42.6399223894864,4.722522132086165,14.466534078341468,80.81094378957236
42.661998035603766,4.722482346490945,14.466555651522395,80.81096200198667
42.68407036548102,4.722442601751256,14.46657720207277,80.81098019617598
42.70613938349712,4.722402897503084,14.46659873020017,80.81099837229675
42.72820509399745,4.722363233390222,14.466620236107932,80.81101653050185
42.750267501294665,4.722323609064006,14.466641719994902,80.8110346709411
42.77232660966915,4.722284024183256,14.466663182056017,80.81105279376072
42.794382423369846,4.722244478414364,14.466684622481948,80.81107089910368
42.81643494661489,4.722204971431462,14.466706041458954,80.81108898710958
42.83848418359211,4.7221655029158915,14.466727439169366,80.81110705791474
42.86053013845991,4.72212607255663,14.466748815791169,80.8111251116522
42.88257281534784,4.722086680049835,14.466770171498403,80.81114314845178
42.904612218357144,4.722047325098989,14.466791506461016,80.81116116844
42.92664835156154,4.722008007414952,14.466812820844794,80.81117917174025
42.94868121900781,4.721968726715637,14.46683411481165,80.81119715847271
42.97071082471638,4.721929482726233,14.466855388519395,80.81121512875438
42.99273717268194,4.721890275178941,14.466876642121953,80.8112330826991
43.014760266874106,4.721851103813086,14.466897875769272,80.81125102041764
43.03678011123806,4.721811968375045,14.466919089607336,80.81126894201762
43.058796709695095,4.721772868618023,14.466940283778381,80.8112868476036
43.080810066143265,4.7217338043022945,14.466961458420647,80.81130473727706
43.1028201844579,4.721694775194953,14.466982613668582,80.81132261113646
43.12482706856896,4.721655781069732,14.467003749652951,80.81134046927731
43.14683072215512,4.721616821707676,14.467024866500418,80.8113583117919
43.16883114910388,4.721577896896031,14.467045964334213,80.81137613876976
43.190828353205944,4.72153900642893,14.467067043273712,80.81139395029736
43.21282233823218,4.721500150107118,14.467088103434616,80.81141174645828
43.23481310793437,4.721461327738019,14.467109144928877,80.8114295273331
43.256800666045656,4.721422539135496,14.467130167864894,80.8114472929996
43.278785016281205,4.721383784120098,14.467151172347275,80.81146504353262
43.30076616233868,4.721345062534795,14.46717215846823,80.81148277899698
43.32274410790009,4.72130637421659,14.467193126322941,80.81150049946046
43.344718856631474,4.7212677190049295,14.467214076005646,80.81151820498943
43.366690412182976,4.721229096745792,14.46723500760683,80.81153589564738
43.388658778189416,4.721190507291515,14.4672559212134,80.81155357149508
43.41062395827086,4.721151950500554,14.467276816908928,80.81157123259052
43.4325859560332,4.721113428444658,14.467297693208451,80.8115888783469
43.45454477524123,4.721074938305922,14.467318552077964,80.81160650961611
43.47650041943573,4.721036480034297,14.46733939354498,80.81162412642072
43.498452892150645,4.720998053580043,14.467360217636768,80.81164172878319
43.52040219691332,4.720959658893478,14.467381024380577,80.81165931672595
43.5423483372442,4.72092129592488,14.467401813803745,80.81167689027137
43.564291316657176,4.720882964624893,14.467422585933312,80.8116944494418
43.5862311386593,4.72084466494414,14.467443340796374,80.81171199425948
43.60816780675111,4.720806396833295,14.467464078420031,80.81172952474668
43.630101324426384,4.720768160243265,14.467484798831205,80.81174704092552
43.652031695172276,4.720729955125006,14.46750550205681,80.81176454281818
43.6739589224694,4.720691781429607,14.467526188123689,80.8117820304467
43.69588300979164,4.720653639108236,14.467546857058647,80.81179950383311
43.71780396060648,4.720615528112237,14.467567508888365,80.81181696299939
43.73972177837462,4.720577448393063,14.467588143639476,80.81183440796747
43.761636466550414,4.720539399902119,14.467608761338688,80.8118518387592
43.78354802858154,4.720501382591118,14.467629362012477,80.8118692553964
43.805456467909245,4.720463396411791,14.467649945687327,80.81188665790089
43.827361787968236,4.7204254413159905,14.467670512389663,80.81190404629434
43.84926399218674,4.720387517255688,14.467691062145843,80.81192142059848
43.87116308398662,4.720349624183003,14.467711594982124,80.81193878083488
43.89305906678315,4.720311762050009,14.467732110924846,80.81195612702514
43.91495194398529,4.720273930809171,14.467752610000028,80.8119734591908
43.93684171899561,4.720236130412752,14.467773092233918,80.81199077735333
43.958728395210066,4.72019836081333,14.467793557652511,80.81200808153416
43.98061197601852,4.720160621963503,14.467814006281829,80.81202537175467
44.002492464804305,4.720122913815975,14.467834438147836,80.81204264803618
44.02436986494449,4.720085236323655,14.467854853276336,80.81205991040001
44.04624417980977,4.720047589454847,14.467875251684593,80.81207715886056
44.06811541276586,4.720009973165931,14.467895633396289,80.81209439343779
44.08998356717232,4.719972387409893,14.467915998437311,80.8121116141528
44.11261396030118,4.719933316047065,14.467937179570377,80.81212950438255
44.135240971017616,4.719894288411403,14.467958336453812,80.81214737513478
44.1578646040929,4.71985530411581,14.467979469273317,80.81216522661087
44.18048486426043,4.719816362726684,14.468000578275152,80.81218305899817
44.2031017562126,4.719777463818378,14.468021663701125,80.8122008724805
44.22571528460167,4.719738606973146,14.468042725788596,80.81221866723826
44.248325454040334,4.719699791780972,14.468063764770664,80.81223644344837
44.27093226910254,4.7196610178396075,14.468084780876087,80.8122542012843
44.293535734324124,4.719622284754601,14.468105774329212,80.81227194091618
44.31613585420365,4.719583592139097,14.468126745350201,80.81228966251071
44.33873263320301,4.719544939613804,14.468147694154984,80.81230736623122
44.36132607574812,4.719506326807041,14.468168620955224,80.81232505223774
44.38391618622974,4.719467753354649,14.468189525958383,80.81234272068697
44.40650296900389,4.719429218899805,14.468210409367883,80.81236037173231
44.42908642839293,4.719390723093337,14.468231271382795,80.81237800552387
44.45166656868583,4.7193522655932245,14.468252112198293,80.81239562220847
44.47424339413907,4.71931384606478,14.468272932005297,80.81241322192993
44.49681690897734,4.719275464180515,14.468293730990862,80.81243080482862
44.51938711739393,4.719237119620195,14.468314509337956,80.81244837104184
44.54195402355179,4.719198812070783,14.46833526722551,80.8124659207037
44.56451763158381,4.719160541226216,14.468356004828612,80.81248345394518
44.58707794559367,4.719122306787722,14.468376722318196,80.81250097089409
44.60963496965646,4.719084108463434,14.468397419861375,80.81251847167519
44.632188707819246,4.71904594596829,14.46841809762155,80.81253595641016
44.654739164101755,4.719007819024431,14.468438755757958,80.8125534252176
44.67728634249694,4.71896972736067,14.468459394426219,80.81257087821311
44.69983024697167,4.718931670712683,14.468480013778098,80.81258831550922
44.72237088146737,4.718893648822956,14.468500613961558,80.81260573721549
44.74490824990046,4.718855661440708,14.468521195120784,80.81262314343851
44.76744235616317,4.718817708321862,14.468541757396236,80.8126405342819
44.78997320412402,4.7187797892364856,14.468562300920532,80.81265790984298
44.81250079762906,4.718741903965156,14.468582825820164,80.81267527021467
44.83502514050291,4.718704052283528,14.468603332224594,80.81269261549188
44.85754623654819,4.718666233973621,14.468623820259788,80.81270994576658
44.88006408954621,4.718628448824096,14.468644290047934,80.81272726112797
44.9025787032575,4.718590696629958,14.468664741707702,80.81274456166234
44.92509008142241,4.718552977192674,14.468685175354135,80.81276184745319
44.947598227761716,4.718515290319939,14.468705591098846,80.81277911858122
44.97010314597713,4.71847763582583,14.46872598904985,80.81279637512432
44.99260483975181,4.718440013530623,14.468746369311717,80.81281361715766
45.01510331275109,4.718402423260748,14.468766731985635,80.81283084475362
45.03759856862279,4.718364864849021,14.468787077169114,80.81284805798185
45.06009061099791,4.71832733813416,14.468807404956486,80.81286525690936
45.08257944349126,4.718289842960971,14.468827715438664,80.81288244160037
45.10506506970177,4.7182523791805036,14.46884800870302,80.81289961211647
45.127547493213235,4.718214946649598,14.468868284833777,80.81291676851663
45.15002671759461,4.718177545231164,14.468888543911726,80.81293391085711
45.172502746400795,4.718140175511322,14.468908785505707,80.81295103898297
45.19497558323103,4.718102837870092,14.468929009326015,80.8129681528039
45.21744523171221,4.718065530531298,14.46894921660968,80.81298525285902
45.23991169532419,4.718028253448579,14.468969407382174,80.81300233916924
45.26237497754024,4.717991006575913,14.468989581668678,80.8130194117554
45.284835081827275,4.71795378986718,14.469009739494524,80.8130364706383
45.30729201164566,4.717916603276546,14.46902988088479,80.81305351583866
45.32974577044935,4.717879446758082,14.469050005864705,80.81307054737721
45.3521963616859,4.717842320266122,14.469070114459285,80.81308756527459
45.37464378879638,4.717805223754998,14.469090206693577,80.81310456955141
45.39708805521559,4.717768157179223,14.469110282592506,80.81312156022827
45.419529164371866,4.717731120493341,14.469130342181005,80.81313853732566
45.44196711968721,4.717694113652017,14.469150385483937,80.81315550086404
45.46440192457723,4.717657136610075,14.469170412526047,80.81317245086387
45.48683358245133,4.717620189322308,14.469190423332156,80.81318938734555
45.50926209671241,4.717583271743759,14.469210417926885,80.81320631032935
45.531687470757255,4.71754638382949,14.46923039633487,80.81322321983563
45.55410970797634,4.717509525542445,14.469250358576385,80.81324011588117
45.5765288117545,4.717472696848168,14.469270304670015,80.81325699848182
45.59894478547123,4.717435897701966,14.469290234640276,80.81327386765776
45.6213576324997,4.717399128059168,14.469310148511704,80.81329072342913
45.64376735620697,4.717362387875291,14.469330046308693,80.81330756581602
45.66617395995378,4.717325677106015,14.469349928055502,80.81332439483847
45.68857744709481,4.717288995706941,14.469369793776535,80.81334121051653
45.71097782097852,4.717252343634043,14.469389643495854,80.81335801287011
45.733375084947205,4.717215720843076,14.469409477237786,80.81337480191914
45.755769242337024,4.717179127290118,14.469429295026373,80.8133915776835
45.778160296478,4.717142562931282,14.469449096885686,80.81340834018303
45.80054825069409,4.717106027722762,14.469468882839728,80.8134250894375
45.82293310830309,4.717069521620829,14.469488652912501,80.81344182546667
45.84531487261688,4.717033044581932,14.469508407127845,80.81345854829023
45.86769354694106,4.716996596562512,14.469528145509672,80.81347525792782
45.89084241711411,4.716958721787257,14.469548667452079,80.81349261076066
45.913987895881014,4.7169208887505665,14.469569166256003,80.81350994499343
45.93712998794806,4.7168830970835405,14.469589642097574,80.81352726081889
45.96026869798411,4.716845346371457,14.46961009521237,80.81354455841617
45.98340403061765,4.716807636207344,14.469630525831532,80.81356183796112
46.006535990437484,4.7167699661915945,14.469650934182141,80.81357909962627
46.02966458199336,4.716732335932085,14.469671320487079,80.81359634358083
46.05278980979683,4.71669474504397,14.469691684965202,80.81361356999082
46.07591167832178,4.716657193149826,14.4697120278312,80.81363077901898
46.09903019200534,4.7166196798795434,14.469732349295642,80.81364797082482
46.12214535524834,4.716582204870154,14.469752649565152,80.8136651455647
46.145257172416144,4.716544767765949,14.46977292884229,80.81368230339177
46.16836564783929,4.716507368218262,14.469793187325697,80.81369944445605
46.191470785814204,4.71647000588559,14.46981342521,80.81371656890441
46.21457259060378,4.716432680433518,14.469833642685845,80.81373367688064
46.23767106643815,4.716395391534567,14.469853839940122,80.81375076852531
46.260766217515254,4.7163581388683165,14.469874017155565,80.81376784397611
46.28385804800161,4.716320922121039,14.469894174511316,80.81378490336765
46.3069465620328,4.71628374098587,14.469914312182702,80.81380194683143
46.3300317637142,4.7162465951744625,14.46993443033467,80.81381897449087
46.353113657122684,4.716209484400431,14.46995452913086,80.8138359864687
46.37619224630683,4.716172408377106,14.46997460873537,80.81385298288752
46.399267535286846,4.716135366824577,14.46999466930847,80.81386996386695
46.422339528055225,4.71609835946966,14.470014711006607,80.81388692952373
46.445408228577485,4.716061386045611,14.470034733982724,80.81390387997168
46.46847364079259,4.716024446292321,14.470054738385995,80.81392081532168
46.491535768613765,4.71598753995615,14.470074724362009,80.81393773568183
46.514594615928885,4.715950666789932,14.470094692052726,80.81395464115735
46.537650186601304,4.7159138265528355,14.470114641596604,80.81397153185056
46.56070248447026,4.715877019010471,14.470134573128469,80.81398840786106
46.58375151335151,4.715840243934713,14.470154486779677,80.81400526928562
46.606797277038055,4.715803501103752,14.470174382678048,80.8140221162182
46.62983977930055,4.715766790302016,14.47019426094791,80.81403894875008
46.652879023887934,4.71573011131999,14.47021412171029,80.81405576696972
46.67591501452801,4.715693463954585,14.470233965082487,80.81407257096292
46.698947754928014,4.715656848008573,14.470253791178658,80.81408936081277
46.72197724877522,4.715620263290873,14.470273600109488,80.81410613659963
46.745003499737415,4.715583709616446,14.470293391982281,80.81412289840128
46.76802651146342,4.715547186806295,14.470313166900961,80.81413964629274
46.791046287583875,4.71551069468724,14.47033292496625,80.8141563803465
46.81406283171153,4.715474233092103,14.47035266627549,80.8141731006324
46.83707614744188,4.715437801859541,14.470372390922783,80.81418980721767
46.860086238353674,4.715401400834077,14.470392098998936,80.81420650016699
46.88309310800952,4.715365029865886,14.470411790591664,80.81422317954245
46.90609675995643,4.715328688811099,14.470431465785282,80.81423984540362
46.9290971977261,4.715292377531424,14.470451124661036,80.81425649780753
46.9520944248358,4.715256095894238,14.47047076729702,80.81427313680875
46.97508844478862,4.71521984377258,14.470490393768168,80.81428976245925
46.998079261074025,4.7151836224586035,14.470510003143792,80.8143063743976
47.02106687728688,4.715147430688465,14.470529596295792,80.81432297301573
47.04405129691281,4.715111267699148,14.470549173752087,80.81433955854877
47.06703252337087,4.715075133447716,14.470568735536238,80.81435613101604
47.090010560073765,4.715039027891497,14.470588281671567,80.81437269043694
47.11298541042796,4.715002951000056,14.47060781217466,80.81438923682529
47.13595707783487,4.7149669027360135,14.470627327065696,80.81440577019829
47.15892556569013,4.714930883056601,14.470646826368231,80.81442229057517
47.18189087738321,4.714894891919458,14.470666310105429,80.81443879797511
47.20485301629741,4.714858929282176,14.470685778300535,80.81445529241729
47.227811985809815,4.714822995102421,14.470705230976774,80.8144717739208
47.25076778929145,4.714787089338107,14.470724668157153,80.81448824250475
47.27372043010724,4.714751211947059,14.470744089864807,80.81450469818814
47.29666991161593,4.714715362887291,14.470763496122741,80.81452114098997
47.319616237170244,4.714679542116924,14.470782886953867,80.8145375709292
47.342559410116785,4.714643749594098,14.470802262381147,80.81455398802476
47.36549943379612,4.714607985277167,14.470821622427344,80.8145703922955
47.38843631154285,4.714572249124319,14.470840967115443,80.81458678376023
47.41137004668543,4.714536541094206,14.470860296467999,80.81460316243779
47.434300642546404,4.714500861145148,14.470879610507945,80.81461952834691
47.45722810244226,4.714465209235939,14.470898909257773,80.81463588150628
47.48015242968348,4.714429585325238,14.470918192740157,80.81465222193461
47.50307362757471,4.71439398937182,14.470937460977689,80.81466854965049
47.52599169941457,4.714358421334586,14.470956713992877,80.81468486467254
47.54890664849569,4.7143228811725555,14.470975951808155,80.8147011670193
47.571818478104866,4.714287368844719,14.470995174446019,80.81471745670926
47.59472719152293,4.714251884310315,14.471014381928763,80.81473373376092
47.617632792024914,4.714216427528547,14.471033574278744,80.81474999819271
47.640535282879824,4.714180998458734,14.47105275151826,80.81476625002301
47.66343466735099,4.714145597060289,14.471071913669542,80.81478248927016
47.68633094869574,4.714110223292808,14.471091060754679,80.81479871595252
47.71000545137341,4.714073477255627,14.471110961316066,80.8148155614283
47.7336765516564,4.714036771128638,14.471130839761596,80.81483238910977
47.75734425419358,4.714000104562049,14.471150696256052,80.8148491991819
47.78100856359728,4.713963477159161,14.471170531024697,80.81486599181615
47.8046694844398,4.713926888530323,14.471190344288901,80.81488276718078
47.82832702125417,4.713890338293159,14.471210136265897,80.81489952544094
47.85198117853506,4.713853826072331,14.471229907169,80.81491626675867
47.87563196073923,4.713817351499359,14.471249657207766,80.81493299129288
47.8992793722864,4.713780914222578,14.471269386582264,80.81494969919515
47.92292341756061,4.713744513895587,14.471289095489498,80.81496639061491
47.94656410091093,4.713708150170714,14.471308784127388,80.8149830657019
47.97020142665132,4.713671822707046,14.471328452690072,80.81499972460288
47.99383539906137,4.713635531170569,14.471348101367793,80.81501636746165
48.01746602238679,4.713599275233989,14.471367730347048,80.81503299441897
48.041093300840295,4.713563054576722,14.471387339810574,80.8150496056127
48.06471723860207,4.713526868884853,14.471406929937524,80.81506620117761
48.08833783982055,4.71349071785113,14.471426500902988,80.81508278124588
48.11195510861298,4.713454601174486,14.471446052878974,80.81509934594654
48.13556904906604,4.713418518560746,14.47146558603345,80.8151158954058
48.15917966523657,4.713382469722125,14.47148510053084,80.81513242974702
48.18278696115208,4.713346454377166,14.471504596532089,80.81514894909074
48.206390940811495,4.713310472250923,14.471524074194445,80.81516545355463
48.22999160818571,4.713274523074693,14.471543533671715,80.81518194325359
48.25358896721817,4.713238606586189,14.471562975114077,80.81519841829974
48.27718302182558,4.713202722529268,14.471582398668323,80.81521487880241
48.30077377589836,4.71316687065399,14.47160180447779,80.81523132486822
48.324361233301346,4.713131050716785,14.471621192682166,80.81524775660105
48.34794539787443,4.713095262479883,14.471640563418061,80.81526417410205
48.37152627343301,4.713059505711971,14.47165991681831,80.81528057746972
48.39510386376869,4.7130237801874495,14.471679253012699,80.81529696679985
48.41867817264983,4.7129880856869315,14.471698572127476,80.81531334218559
48.442249203822094,4.712952421996973,14.471717874285572,80.81532970371745
48.46581696100901,4.712916788909979,14.471737159606679,80.81534605148335
48.489381447912535,4.712881186224335,14.471756428207131,80.81536238556853
48.51294266821384,4.712845613744169,14.471775680200091,80.81537870605574
48.53650062557344,4.7128100712795575,14.471794915695346,80.8153950130251
48.56005532363211,4.71277455864619,14.471814134799615,80.8154113065542
48.58360676601125,4.712739075665586,14.471833337616328,80.81542758671809
48.60715495631355,4.712703622164935,14.47185252424575,80.81544385358931
48.63069989812341,4.7126681979771,14.47187169478498,80.81546010723793
48.65424159500757,4.712632802940477,14.471890849328073,80.81547634773145
48.67778005051556,4.712597436899088,14.471909987965907,80.81549257513501
48.70131526818033,4.712562099713979,14.471929110779854,80.81550878950617
48.72484725151969,4.712526791245606,14.471948217851446,80.81552499090294
48.74837600403638,4.712491511354467,14.471967309262402,80.81554117938313
48.771901529218034,4.712456259906308,14.471986385091562,80.81555735500213
48.79542383053771,4.712421036772523,14.472005445414505,80.81557351781296
48.81894291145443,4.712385841829724,14.472024490303962,80.81558966786632
48.8424587754136,4.712350674959941,14.4720435198296,80.81560580521045
48.86597142584759,4.712315537932222,14.472062532723525,80.81562192934425
48.88948086633917,4.712280428346274,14.472081530661123,80.8156380409926
48.91298710025994,4.712245346162216,14.472100513664179,80.81565414017359
48.93649013097552,4.712210291340074,14.47211948175458,80.81567022690534
48.95998996184557,4.712175263839897,14.472138434954248,80.81568630120586
48.98348659622361,4.712140263622082,14.472157373284805,80.81570236309311
49.00698003745726,4.712105290646866,14.472176296768048,80.81571841258508
49.030470288888175,4.712070344874673,14.472195205425628,80.81573444969969
49.05395735385208,4.712035426266014,14.472214099279155,80.81575047445483
49.077441235678705,4.712000534781436,14.472232978350242,80.81576648686833
49.10092193769191,4.711965670381607,14.472251842660407,80.81578248695799
49.124399463209535,4.711930833027321,14.47227069223109,80.81579847474158
49.14787381554365,4.711896022679294,14.472289527083834,80.81581445023687
49.17134499800037,4.711861239298554,14.472308347239919,80.81583041346153
49.19481301388002,4.711826482845941,14.472327152720844,80.81584636443321
49.21827786647694,4.7117917532826095,14.472345943547829,80.81586230316957
49.241739559079775,4.7117570505697515,14.472364719742101,80.81587822968814
49.26519809497129,4.711722374668446,14.472383481325027,80.81589414400653
49.288653477428454,4.711687725540143,14.472402228317646,80.81591004614222
49.312105709722395,4.711653103146142,14.47242096074118,80.81592593611268
49.33555479511855,4.7116185074479935,14.472439678616647,80.81594181393537
49.359000736876496,4.711583938407197,14.472458381965133,80.81595767962767
49.3824435382501,4.711549395985432,14.472477070807601,80.81597353320696
49.405883202487516,4.711514880144377,14.472495745165034,80.81598937469059
49.42931973283114,4.711480390845795,14.472514405058373,80.81600520409583
49.45275313251766,4.7114459280515835,14.472533050508474,80.81602102143994
49.47618340477806,4.711411491723734,14.47255168153611,80.81603682674016
49.499610552837716,4.711377081827919,14.472570298160067,80.81605262001202
49.523034579999916,4.711342698338388,14.472588900394179,80.81606840126743
49.54645548931346,4.711308341217598,14.472607488258957,80.81608417052344
49.57066270764973,4.7112726624468815,14.472626801682436,80.81610053587069
49.59486651084028,4.7112370219675865,14.472646093891711,80.8161168841407
49.619066903489674,4.711201419442506,14.472665365046161,80.81613321551133
49.64326389016618,4.71116585448985,14.47268461536263,80.81614953014751
49.667457475398365,4.71113032673489,14.472703845053905,80.81616582821121
49.69164766367594,4.711094835809589,14.472723054329098,80.81618210986132
49.715834459450235,4.71105938135267,14.472742243393519,80.8161983752538
49.740017867135265,4.711023963009555,14.47276141244876,80.81621462454169
49.76419789110791,4.710988580432226,14.47278056169276,80.81623085787501
49.78837453570906,4.710953233279503,14.472799691319565,80.81624707540094
49.81254780524398,4.710917921216595,14.472818801519722,80.81626327726367
49.836717703983055,4.710882643915271,14.47283789248009,80.81627946360463
49.86088423616257,4.710847401053765,14.472856964383935,80.8162956345623
49.885047405985155,4.710812192316856,14.472876017410808,80.81631179027234
49.90920721762061,4.710777017395559,14.47289505173685,80.81632793086759
49.9333636752065,4.710741875987337,14.472914067534596,80.81634405647806
49.95751678284867,4.710706767796026,14.472933064973024,80.81636016723095
49.981666544622016,4.710671692531671,14.472952044217473,80.81637626325086
50.00581296457125,4.710636649910388,14.472971005430125,80.81639234465949
50.02995604671111,4.71060163965454,14.472989948769605,80.81640841157586
50.05409579502736,4.7105666614928206,14.473008874390919,80.81642446411625
50.07823221347732,4.71053171515974,14.473027782445952,80.81644050239431
50.10236530599025,4.710496800396066,14.473046673083015,80.81645652652092
50.12649507646834,4.710461916948564,14.473065546447064,80.81647253660438
50.1506215287869,4.7104270645699415,14.473084402679753,80.81648853275031
50.17474466679537,4.710392243018774,14.473103241919496,80.81650451506172
50.19886449431748,4.710357452059653,14.4731220643013,80.81652048363905
50.22298101515218,4.710322691462993,14.473140869956927,80.81653643858007
50.247094233074165,4.710287961004873,14.47315965901503,80.8165523799801
50.271204151834205,4.710253260467386,14.473178431600836,80.81656830793177
50.29531077516005,4.71021858970666,14.473197187767962,80.81658422252538
50.31941410676236,4.7101839483122605,14.47321592784011,80.81660012384762
50.3435141503131,4.710149336307854,14.473234651716565,80.81661601197558
50.3676109094814,4.710114753425216,14.473253359580966,80.81663188699382
50.391704387909435,4.710080199474485,14.47327205154297,80.81664774898255
50.41579458921893,4.710045674271413,14.47329072770907,80.81666359801952
50.43988151701183,4.710011177637377,14.473309388182557,80.81667943418007
50.46396517487074,4.709976709399146,14.473328033063757,80.81669525753709
50.48804556635958,4.709942269388858,14.473346662450016,80.81671106816113
50.51212269502397,4.70990785744416,14.47336527643558,80.81672686612026
50.53619656439188,4.709873473408015,14.473383875111734,80.81674265148024
50.56026717797411,4.7098391171287775,14.473402458566738,80.81675842430448
50.584334539264724,4.709804788459924,14.473421026886054,80.81677418465402
50.608398651741815,4.709770487260375,14.47343958015204,80.81678993258758
50.63245951886776,4.709736213394215,14.47345811844418,80.8168056681616
50.65651714408984,4.709701966730663,14.473476641839136,80.81682139143021
50.680571530840666,4.7096677471440875,14.473495150410685,80.81683710244522
50.70462268253881,4.709633554514043,14.473513644229685,80.81685280125627
50.72867060258932,4.709599388725076,14.473532123364244,80.81686848791068
50.75271529438396,4.709565250065755,14.473550587596614,80.81688416233763
50.77675676133766,4.7095311393350565,14.473569036344728,80.81689982432022
50.80079500693409,4.709497054751924,14.473587470850624,80.81691547439746
50.82483003449439,4.709462996279024,14.473605891134747,80.81693111258623
50.848861847333936,4.709428963879129,14.473624297217455,80.81694673890341
50.87289044876228,4.7093949575150775,14.473642689119085,80.81696235336584
50.8969158420832,4.70936097714984,14.473661066859874,80.81697795599028
50.92093803059464,4.7093270227464155,14.473679430460063,80.81699354679353
50.94495701758883,4.709293094267942,14.473697779939782,80.81700912579228
50.96897280635235,4.709259191677432,14.473716115319327,80.81702469300325
50.992985400165885,4.7092253149382,14.473734436618733,80.81704024844308
51.01699480230444,4.709191464013618,14.473752743857995,80.81705579212839
51.04100101603737,4.709157638866996,14.473771037057215,80.81707132407578
51.06500404462827,4.709123839461778,14.47378931623639,80.81708684430183
51.089003891335125,4.70909006576151,14.473807581415452,80.81710235282304
51.11300055941024,4.709056317729822,14.47382583261428,80.8171178496559
51.13699405210022,4.709022595330343,14.473844069852786,80.81713333481687
51.160984372646105,4.708988898541519,14.473862293142572,80.8171488083159
51.18497152428464,4.708955227328048,14.47388050250274,80.8171642701692
51.20895551024707,4.708921581653553,14.473898697953308,80.81717972039314
51.232936333758936,4.708887961482045,14.473916879513926,80.81719515900403
51.25691399804025,4.708854366777498,14.47393504720431,80.81721058601818
51.280888506305494,4.708820797504003,14.473953201044093,80.8172260014519
51.30485986176357,4.708787253625626,14.473971341052962,80.81724140532141
51.328828067617714,4.7087537351067095,14.47398946725037,80.81725679764293
51.35279312706582,4.708720241911471,14.474007579655911,80.81727217843262
51.37675504330012,4.7086867740042155,14.474025678289145,80.81728754770664
51.40071381950738,4.7086533313495655,14.474043763169336,80.8173029054811
51.424669458868905,4.708619913911862,14.474061834316062,80.81731825177208
51.44862196456048,4.708586521655766,14.474079891748614,80.81733358659562
51.473368924135464,4.708551856681761,14.474098647721561,80.81734949559667
51.49811245448939,4.708517228409978,14.474117383367426,80.8173653882226
51.52285256017948,4.7084826365185855,14.474136098837079,80.81738126464434
51.547589245727075,4.70844808064024,14.474154794340297,80.81739712501947
51.572322515614204,4.708413560417135,14.474173470079101,80.81741296950376
51.597052374284544,4.708379075495663,14.474192126254776,80.81742879824955
51.62177882614384,4.708344625529347,14.474210763064189,80.81744461140646
51.646501875560624,4.708310210177922,14.474229380700818,80.81746040912125
51.671221526867086,4.708275829107597,14.474247979354466,80.81747619153793
51.69593778435943,4.708241481990946,14.474266559211358,80.81749195879769
51.72065065229876,4.70820716850668,14.474285120454331,80.817507711039
51.745360134911685,4.708172888339741,14.474303663262752,80.81752344839751
51.77006623639095,4.708138641181361,14.474322187812414,80.81753917100623
51.794768960896036,4.708104426728735,14.474340694275856,80.81755487899541
51.819468312553845,4.708070244685358,14.474359182822012,80.81757057249264
51.844164295459336,4.708036094760616,14.47437765361667,80.81758625162271
51.86885691367619,4.7080019766701495,14.474396106821906,80.81760191650794
51.89354617123739,4.707967890135188,14.474414542596827,80.81761756726799
51.91823207214581,4.707933834883204,14.474432961096998,80.8176332040198
51.94291462037491,4.707899810647352,14.474451362474856,80.81764882687779
51.96759381986924,4.707865817166675,14.474469746879567,80.81766443595374
51.99226967454516,4.70783185419833,14.474488114450073,80.81768003135159
52.01694218829246,4.707797921497016,14.474506465326176,80.81769561317681
52.04161136497439,4.7077640188175565,14.474524799649519,80.81771118153293
52.06627720842755,4.707730145923803,14.474543117554104,80.8177267365221
52.09093972246289,4.7076963025828125,14.474561419173826,80.81774227824337
52.115598910865884,4.707662488567959,14.474579704638632,80.81775780679341
52.14025477739739,4.707628703658112,14.474597974075444,80.81777332226645
52.164907325794054,4.707594947637799,14.474616227607962,80.81778882475423
52.189556559768945,4.7075612202971095,14.474634465356772,80.81780431434612
52.21420248301218,4.707527521431426,14.474652687439576,80.817819791129
52.23884509919138,4.707493850841591,14.474670893971005,80.8178352551874
52.26348441195232,4.707460208334145,14.474689085062408,80.81785070660345
52.288120424919356,4.707426593720494,14.474707260822598,80.8178661454569
52.31275314169605,4.707393006817753,14.474725421357062,80.81788157182518
52.337382565865774,4.707359447448235,14.474743566768414,80.81789698578335
52.36200870099208,4.707325915439372,14.474761697156463,80.81791238740416
52.38663155061947,4.7072924106239835,14.474779812617951,80.81792777675807
52.41125111827363,4.707258932840007,14.474797913246787,80.8179431539132
52.43586740746228,4.707225481930488,14.474815999134044,80.81795851893547
52.46048042167541,4.707192057743632,14.474834070367898,80.81797387188847
52.485090164386,4.707158660132739,14.474852127033671,80.81798921283358
52.509696639050375,4.7071252889561315,14.474870169213897,80.81800454182996
52.53429984910884,4.707091944077101,14.474888196988356,80.81801985893455
52.558899797986065,4.707058625363996,14.474906210433968,80.81803516420203
52.583496489091694,4.7070253326900255,14.474924209624984,80.81805045768499
52.60808992582096,4.7069920659334095,14.474942194632803,80.81806573943379
52.632680111554805,4.706958824977154,14.474960165526202,80.81808100949665
52.65726704966071,4.706925609709163,14.47497812237121,80.81809626791963
52.68185074349294,4.706892420022086,14.474996065231217,80.81811151474669
52.70643119639329,4.706859256815179,14.475013993456262,80.81812674972856
52.73100841178406,4.706826119467852,14.47503190746749,80.81814197306466
52.75558239302718,4.706793007070152,14.475049807897042,80.8181571850328
52.7801531433977,4.706759919587201,14.475067694763997,80.81817238564881
52.80472066616518,4.706726856984182,14.475085568087392,80.81818757492843
52.829284964593384,4.706693819232581,14.475103427882743,80.81820275288467
52.85384604194125,4.706660806306526,14.475121274163921,80.81821791952956
52.878403901462875,4.706627818171326,14.47513910694993,80.81823307487875
52.90295854640674,4.706594854792446,14.475156926259643,80.81824821894791
52.92750998001584,4.706561916135387,14.475174732111915,80.81826335175269
52.95205820552763,4.706529002165656,14.475192524525637,80.81827847330871
52.97660322617394,4.706496112849032,14.47521030351945,80.81829358363152
53.001145045181175,4.7064632481511275,14.4752280691122,80.81830868273667
53.02568366577016,4.706430408037832,14.475245821322478,80.8183237706397
53.050219091156215,4.706397592474873,14.475263560169068,80.81833884735605
53.074751324549226,4.7063648014282595,14.475281285670519,80.81835391290122
53.09928036915355,4.706332034863964,14.475298997845432,80.8183689672906
53.123806228168185,4.706299292748016,14.475316696712381,80.8183840105396
53.14832890478657,4.706266575046562,14.475334382289859,80.81839904266359
53.172848402196784,4.706233881725784,14.475352054596355,80.81841406367786
53.197364723581416,4.706201212751949,14.475369713650299,80.81842907359776
53.22187787211769,4.706168568091427,14.475387359470055,80.81844407243852
53.24638785097746,4.7061359477104885,14.475404992074104,80.8184590602154
53.2708946633272,4.706103351575721,14.47542261148066,80.81847403694363
53.2953983123279,4.706070779653601,14.475440217708059,80.81848900263834
53.3198988011353,4.706038231910658,14.475457810774614,80.81850395731472
53.344396132899824,4.706005708313652,14.475475390698458,80.8185189009879
53.36889031076643,4.705973208898231,14.47549295742881,80.81853383367296
53.3933813378806,4.705940733419828,14.47551051119336,80.81854875538681
53.418675016477636,4.705907031524968,14.475528737909361,80.81856423056567
53.44396525043878,4.705873364847568,14.475546945126675,80.81857969002576
53.46925204427803,4.705839733079332,14.475565132989631,80.81859513393104
53.49453540247413,4.705806135869124,14.475583301697576,80.8186105624333
53.519815329466965,4.705772572871987,14.475601451446416,80.8186259756816
53.545091829658155,4.70573904374905,14.475619582428696,80.81864137382226
53.57036490741202,4.705705548167825,14.475637694833285,80.81865675699889
53.59563456705599,4.705672085801646,14.475655788845923,80.81867212535244
53.62090081288136,4.70563865633007,14.475673864648789,80.81868747902115
53.646163649144015,4.705605259438585,14.475691922420793,80.81870281814062
53.67142308006488,4.70557189481869,14.475709962337465,80.81871814284385
53.696679109830804,4.705538562181627,14.475727984563308,80.81873345325506
53.721931742596446,4.705505261232214,14.475745989266208,80.81874874950158
53.74718098248369,4.705471991679367,14.475763976612086,80.81876403170854
53.77242683358208,4.705438753238121,14.475781946763277,80.8187792999986
53.797669299949526,4.705405545629066,14.475799899879128,80.81879455449182
53.82290838561286,4.705372368578835,14.475817836115562,80.8188097953056
53.84814409456858,4.705339221819623,14.475835755625234,80.81882502255515
53.8733764307833,4.705306105089083,14.475853658557972,80.81884023635295
53.898605398194334,4.705273018130671,14.475871545060281,80.81885543680905
53.923831000710486,4.705239960693442,14.475889415275528,80.81887062403104
53.94905324221246,4.705206932531923,14.475907269344049,80.81888579812403
53.97427212655362,4.70517393340628,14.475925107402979,80.81890095919074
53.99948765756047,4.705140963081989,14.47594292958655,80.81891610733146
54.02469983903317,4.705108021330074,14.475960736025861,80.81893124264407
54.04990867474636,4.705075107926916,14.47597852684902,80.81894636522406
54.075114168449396,4.705042222654275,14.47599630218114,80.81896147516458
54.100316323867105,4.705009365299243,14.476014062144344,80.81897657255641
54.12551514470047,4.704976535645575,14.476031806862743,80.81899165749168
54.150710634626186,4.70494373347626,14.4760495364611,80.81900673006264
54.17590279729642,4.7049109585848266,14.476067251058247,80.81902179035693
54.201091636340415,4.704878210784832,14.476084950761706,80.81903683845346
54.22627715536592,4.704845489894467,14.476102635675911,80.81905187442963
54.25145935796016,4.704812795735492,14.476120305903581,80.81906689836093
54.276638247689945,4.70478012813405,14.476137961544982,80.81908191032096
54.301813828102254,4.704747486920792,14.47615560269786,80.81909691038135
54.32698610272469,4.704714871930879,14.476173229457471,80.81911189861165
54.352155075065845,4.704682283004163,14.476190841916441,80.81912687507939
54.37732074861599,4.704649719985099,14.476208440164879,80.81914183985002
54.402483126847414,4.704617182722965,14.476226024290142,80.81915679298689
54.427642213215,4.704584671071683,14.476243594377056,80.81917173455126
54.45279801115666,4.704552184889993,14.47626115050771,80.8191866646023
54.47795052409393,4.704519724041247,14.476278692761682,80.81920158319707
54.503099755432224,4.704487288393659,14.476296221215762,80.81921649039057
54.52824570856161,4.70445487781999,14.476313735944268,80.81923138623574
54.55338838685718,4.704422492206609,14.476331237013929,80.81924627077946
54.57852779368047,4.704390131441357,14.476348724490398,80.81926114406825
54.60366393237949,4.704357795410813,14.476366198440346,80.81927600614884
54.628796806288676,4.704325484006275,14.476383658927746,80.81929085706598
54.653926418729455,4.704293197123674,14.476401106013947,80.81930569686237
54.67905277301069,4.704260934663439,14.476418539757812,80.81932052557875
54.70417587242915,4.704228698078738,14.476435959117353,80.81933534280391
54.72929572041788,4.704196485459721,14.476453365424977,80.8193501491153
54.7544123202244,4.704164296689879,14.476470758757273,80.81936494455285
54.77952567508275,4.704132131736762,14.476488139131977,80.81937972913126
54.80463578822157,4.70409999056802,14.476505506566742,80.81939450286524
54.82974266286405,4.704067873151377,14.47652286107917,80.81940926576945
54.854846302228026,4.704035779454483,14.47654020268696,80.81942401785855
54.87994670952581,4.704003709445215,14.476557531407611,80.81943875914718
54.90504388796446,4.703971663091373,14.476574847258725,80.8194534896499
54.93013784074562,4.703939640360933,14.476592150257744,80.81946820938133
54.95522857106554,4.70390764122179,14.476609440422223,80.81948291835599
54.98031608211523,4.703875665641968,14.47662671776961,80.81949761658842
55.00540037708029,4.70384371358952,14.476643982317356,80.81951230409312
55.03048145914097,4.703811785032605,14.47666123408281,80.81952698088458
55.05555933147232,4.703779879939361,14.476678473083382,80.81954164697726
55.080633997243936,4.703747998277969,14.476695699336467,80.81955630238556
55.10570545962031,4.703716140016832,14.476712912859249,80.81957094712392
55.13077372176042,4.703684305124112,14.476730113669186,80.8195855812067
55.155838786818244,4.703652493568302,14.476747301783426,80.81960020464827
55.18090065794229,4.703620705317847,14.476764477219195,80.81961481746296
55.205959338275925,4.703588940341185,14.47678163999374,80.81962941966508
55.23101483095725,4.703557198606875,14.476798790124224,80.81964401126889
55.256067139119224,4.703525480083506,14.47681592762779,80.8196585922887
55.28111626588952,4.703493784739723,14.476833052521561,80.81967316273871
55.30616221439059,4.703462112544282,14.476850164822569,80.81968772263315
55.33120498773976,4.703430463465917,14.476867264547892,80.81970227198619
55.35624458904915,4.703398837473331,14.476884351714656,80.81971681081201
55.38128102142572,4.703367234535535,14.476901426339719,80.81973133912474
55.40631428797128,4.703335654619725,14.476918488441287,80.81974585693898
55.43215828380699,4.703302890982193,14.476936200025186,80.81976090899262
55.45799882157705,4.7032701612121866,14.476953892862612,80.8197759459252
55.483835905757964,4.703237465017165,14.476971567088992,80.81979096789385
55.50966954079157,4.703204802058342,14.476989222896755,80.8198059750449
55.53549973108105,4.703172172003148,14.477006860474779,80.81982096752208
55.56132648099184,4.703139574524968,14.47702448000863,80.8198359454664
55.587149794851875,4.703107009303141,14.477042081680514,80.81985090901634
55.61296967695276,4.703074476022881,14.477059665669358,80.81986585830776
55.63878613154998,4.703041974375125,14.47707723215094,80.81988079347393
55.66459916286394,4.703009504056856,14.477094781297517,80.81989571464563
55.69040877508039,4.702977064770506,14.477112313278429,80.81991062195107
55.716214972351075,4.7029446562243535,14.477129828259677,80.81992551551596
55.74201775879433,4.70291227813219,14.477147326404232,80.81994039546358
55.76781713849589,4.702879930213532,14.477164807871814,80.81995526191466
55.79361311550928,4.702847612193398,14.477182272819084,80.81997011498751
55.81940569385668,4.7028153238023815,14.477199721399584,80.81998495479803
55.845194877529195,4.702783064776526,14.477217153763904,80.81999978145957
55.87098067048786,4.702750834857381,14.4772345700593,80.82001459508332
55.89676307666396,4.702718633791711,14.477251970430363,80.82002939577792
55.922542099959685,4.702686461331722,14.477269355018574,80.8200441836497
55.94831774424882,4.702654317235085,14.477286723962324,80.82005895880259
55.97409001337724,4.702622201264604,14.477304077397187,80.82007372133822
55.99985891116344,4.702590113188518,14.477321415455638,80.82008847135585
56.02562444139926,4.702558052780073,14.477338738267434,80.8201032089525
56.05138660785039,4.702526019817917,14.477356045959239,80.82011793422285
56.07714541425698,4.7024940140857785,14.477373338654903,80.82013264725931
56.10290086433404,4.702462035372413,14.477390616475509,80.82014734815208
56.12865296177218,4.702430083471817,14.477407879539141,80.82016203698905
56.154401710238176,4.702398158182946,14.47742512796116,80.8201767138559
56.18014711337539,4.702366259309774,14.477442361854118,80.82019137883611
56.20588917480442,4.7023343866612874,14.477459581327764,80.82020603201094
56.23162789812346,4.702302540051397,14.47747678648909,80.8202206734595
56.25736328690928,4.702270719298928,14.477493977442363,80.8202353032587
56.283095344717246,4.70223892422758,14.477511154289118,80.8202499214833
56.30882407508212,4.702207154673787,14.477528317123733,80.82026452820247
56.33454948151929,4.702175410477054,14.477545466038821,80.82027912348413
56.36027156752536,4.702143691475536,14.477562601127847,80.82029370739662
56.38599033657758,4.702111997512127,14.477579722481629,80.82030828000624
56.41170579213486,4.702080328434363,14.47759683018842,80.82032284137722
56.437417937637925,4.70204868409459,14.47761392433373,80.82033739157168
56.463126776510016,4.70201706434976,14.477631005000532,80.82035193064971
56.48883231215725,4.701985469061409,14.477648072269252,80.82036645866934
56.514534547969156,4.701953898095799,14.477665126217618,80.82038097568658
56.540233487319355,4.701922351323644,14.477682166920925,80.82039548175544
56.56592913356583,4.701890828620169,14.477699194451965,80.82040997692786
56.591621490051345,4.701859329865219,14.477716208880889,80.8204244612539
56.61731056010425,4.701827854943009,14.47773321027547,80.82043893478152
56.642996347038675,4.70179640374226,14.47775019870092,80.82045339755682
56.668678854155125,4.7017649761560705,14.477767174220036,80.8204678496239
56.69435808474095,4.701733572081928,14.47778413689316,80.8204822910249
56.720034042070786,4.701702191421648,14.477801086778234,80.82049672180011
56.74570672940704,4.701670834235247,14.477818023821582,80.82051114194317
56.77137615001546,4.701639501626111,14.477834947228763,80.82052555114512
56.79704230726825,4.701608191832355,14.47785185822966,80.82053994993798
56.822705204360844,4.701576904823134,14.477868756841177,80.82055433833568
56.84836484448341,4.701545640568056,14.477885643079807,80.82056871635214
56.87402123082075,4.701514399036428,14.477902516962358,80.82058308400121
56.899674366552475,4.701483180197755,14.477919378505469,80.82059744129677
56.92532425485285,4.701451984021631,14.477936227725719,80.82061178825265
56.95097089889109,4.701420810477677,14.477953064639676,80.82062612488265
56.97661430183094,4.701389659535487,14.477969889263974,80.82064045120055
57.002254466831054,4.701358531164869,14.477986701615055,80.82065476722006
57.02789139704491,4.70132742533554,14.478003501709475,80.82066907295498
57.053525095620685,4.7012963420174065,14.47802028956362,80.82068336841897
57.07915556570147,4.701265281180307,14.478037065193991,80.8206976536257
57.10478281042509,4.701234242794204,14.47805382861696,80.82071192858884
57.13040683292431,4.701203226829123,14.478070579848895,80.82072619332197
57.15602763632666,4.701172233255192,14.478087318906063,80.82074044783874
57.18164522375455,4.701141262042378,14.478104045804924,80.82075469215269
57.20725959832528,4.70111031317076,14.478120760556168,80.82076892627308
57.23287076315201,4.701079386614116,14.478137463173923,80.82078315021197
57.25847872134329,4.701048482342623,14.478154153674527,80.82079736398285
57.284083476002344,4.701017600326531,14.47817083207424,80.82081156759924
57.309685030227534,4.700986740536254,14.478187498389183,80.82082576107456
57.33528338711204,4.7009559029422086,14.478204152635513,80.82083994442229
57.36087854974397,4.700925087514876,14.478220794829333,80.8208541176558
57.386470521206405,4.700894294224787,14.478237424986723,80.82086828078849
57.412059304577376,4.7008635230425035,14.478254043123767,80.82088243383373
57.4376449029299,4.700832773938641,14.478270649256514,80.82089657680484
57.4640495281502,4.700800882371196,14.478287882112165,80.82091123551665
57.49045067749532,4.7007690233685215,14.478305096947652,80.82092587968383
57.51684835540648,4.700737196647473,14.478322293894088,80.82094050945844
57.54324256629002,4.7007054018830905,14.478339473135954,80.82095512498096
57.56963331451442,4.700673638756129,14.478356634854517,80.82096972638936
57.59602060441043,4.700641906952858,14.478373779227995,80.82098431381914
57.62240444027193,4.700610206234793,14.478390906361764,80.82099888740343
57.64878482636323,4.700578536086314,14.478408016639142,80.82101344727455
57.67516176689286,4.7005468964282295,14.478425110014909,80.82102799355685
57.701535266055,4.7005152868949205,14.478442186727044,80.82104252637802
57.72790532800252,4.700483707200396,14.478459246938218,80.8210570458614
57.75427195685452,4.700452157063928,14.478476290808217,80.82107155212785
57.78063515669712,4.700420636210393,14.478493318493605,80.82108604529601
57.80699493158399,4.700389144369884,14.478510330148072,80.82110052548204
57.833351285536835,4.700357681277733,14.478527325922425,80.82111499279985
57.85970422254626,4.700326246674653,14.478544305964396,80.82112944736095
57.88605374657214,4.700294840306614,14.478561270418838,80.82114388927455
57.912399861544344,4.700263461924681,14.478578219427742,80.82115831864758
57.93874257136332,4.700232111285273,14.478595153129948,80.82117273558478
57.96508187990065,4.700200788149566,14.478612071661894,80.82118714018853
57.991417790999705,4.700169492284118,14.478628975156866,80.82120153255902
58.01775030847599,4.700138223460519,14.478645863745355,80.82121591279412
58.044079436118075,4.70010698145521,14.4786627375552,80.82123028098958
58.070405177687846,4.70007576604995,14.478679596711148,80.82124463723889
58.09672753692127,4.700044577034639,14.478696441333542,80.82125898163181
58.12304651752932,4.700013414210813,14.478713271536009,80.82127331425318
58.14936212319905,4.699982277374723,14.478730087435277,80.82128763519
58.175674357593394,4.699951166327527,14.478746889145333,80.82130194452715
58.20198322435128,4.699920080875251,14.478763676777431,80.82131624234732
58.22828872708865,4.699889020828605,14.478780450440237,80.82133052873115
58.25459086939857,4.6998579860032,14.47879721023963,80.82134480375717
58.28088965485206,4.6998269762192155,14.478813956279,80.82135906750179
58.30718508699848,4.699795991301692,14.478830688658952,80.82137332003936
58.33347716936613,4.699765031080223,14.478847407477607,80.82138756144217
58.35976590546274,4.69973409538909,14.478864112830427,80.82140179178047
58.38605129877607,4.699703184067121,14.478880804810371,80.82141601112251
58.412333352774205,4.699672296957802,14.478897483507764,80.82143021953443
58.43861207090634,4.6996414339091475,14.478914149010388,80.82144441708047
58.46488745660308,4.6996105947735565,14.47893080140365,80.82145860382279
58.49115951327705,4.699579779408116,14.478947440770249,80.82147277982163
58.51742824432343,4.699548987674173,14.478964067190573,80.82148694513526
58.54369365312026,4.699518219437561,14.478980680742486,80.82150109981995
58.56995574302917,4.699487474568553,14.478997281501355,80.8215152439301
58.59621451739576,4.699456752941767,14.479013869540122,80.8215293775181
58.622469979550004,4.699426054436055,14.479030444929409,80.82154350063455
58.64872213280687,4.699395378934761,14.479047007737252,80.82155761332798
58.67497098046673,4.699364726325265,14.479063558029532,80.8215717156452
58.701216525815845,4.699334096499374,14.479080095869579,80.82158580763105
58.72745877212678,4.699303489353103,14.47909662131838,80.82159988932851
58.75369772265903,4.699272904786508,14.47911313443473,80.82161396077876
58.77993338065926,4.699242342703978,14.479129635274928,80.8216280220211
58.80616574936199,4.699211803013883,14.479146123893122,80.82164207309299
58.832394831989795,4.699181286307034,14.479162599859851,80.82165611383311
58.85862063182317,4.69915079245532,14.47917906325106,80.82167014429362
58.88484315212687,4.699120320449585,14.479195514769474,80.82168416478093
58.911062396060174,4.699089870260961,14.479211954430852,80.82169817530819
58.93727836677735,4.699059441860647,14.479228382250922,80.82171217588842
58.96349106742738,4.699029035219858,14.479244798245396,80.82172616653475
58.989700501154296,4.698998650310101,14.479261202429747,80.82174014726016
59.01590667109697,4.698968287109018,14.479277594816134,80.82175411807485
59.042109580389855,4.698937945594516,14.479293975416416,80.82176807898907
59.06830923226086,4.698907625738047,14.479310344246112,80.82178203001584
59.094505629639144,4.698877327511227,14.479326701320772,80.821795971168
59.120698775742476,4.69884705088547,14.479343046655993,80.82180990245853
59.14688867368575,4.698816795832451,14.479359380267187,80.82182382390036
59.17307532657879,4.698786562323733,14.479375702169909,80.82183773550635
59.199258737526314,4.698756350331119,14.479392012379488,80.82185163728938
59.22543890962814,4.698726159826328,14.479408310911376,80.8218655292623
59.25161584597899,4.69869599078115,14.47942459778096,80.82187941143789
59.27778954976627,4.698665843167396,14.479440873003588,80.82189328382901
59.30396002387932,4.698635716957093,14.47945713659458,80.82190714644832
59.33012727149569,4.698605612122251,14.479473388569126,80.82192099930863
59.35629129569014,4.698575528634785,14.479489628942588,80.82193484242262
59.38245209953255,4.698545466466743,14.479505857730226,80.82194867580303
59.408609686087836,4.698515425590374,14.479522074947118,80.8219624994625
59.43476405841599,4.698485405977711,14.479538280608583,80.8219763134137
59.46091521957206,4.698455407601071,14.47955447472967,80.82199011766926
59.487063172606156,4.698425430432703,14.479570657325539,80.82200391224175
59.51320792056355,4.698395474444971,14.47958682841124,80.82201769714379
59.539349466484644,4.698365539610146,14.479602988001947,80.8220314723879
59.5663182122538,4.6983345023542284,14.47961975223175,80.82204574541402
59.59328346669582,4.69830349639717,14.479636499146931,80.82206000445589
59.62024523421256,4.698272521467964,14.479653228872325,80.82207424965972
59.647203519171505,4.698241577254423,14.479669941585177,80.8220884811604
59.67415832590238,4.698210663449952,14.479686637459524,80.82210269909052
59.70110965869784,4.698179779753104,14.479703316666633,80.82211690358025
59.72805752181391,4.698148925867995,14.479719979374561,80.82213109475744
59.75500191947082,4.698118101503911,14.479736625748544,80.82214527274755
59.78194285585354,4.698087306375478,14.479753255950776,80.82215943767375
59.808880335112406,4.698056540202529,14.47976987014058,80.82217358965688
59.835814361363774,4.698025802710193,14.479786468474268,80.82218772881554
59.86274493869065,4.6979950936285215,14.479803051105506,80.82220185526597
59.88967207114324,4.697964412692922,14.479819618184866,80.82221596912221
59.91659576273956,4.697933759643999,14.479836169859976,80.82223007049603
59.943516017466074,4.697903134236341,14.479852706270801,80.82224415949287
59.970432839279376,4.697872536224442,14.479869227557094,80.82225823621847
59.99734623210607,4.697841965363811,14.47988573385834,80.82227230077785
60.02425619984299,4.697811421414933,14.479902225310997,80.82228635327407
60.05116274635779,4.697780904143103,14.479918702049007,80.8223003938079
60.0780658754895,4.6977504133186,14.47993516420349,80.82231442247792
60.104965591048995,4.697719948716584,14.479951611902814,80.8223284393806
60.131861896819835,4.697689510117028,14.479968045272681,80.82234244461029
60.15875479655858,4.697659097304699,14.47998446443611,80.82235643825919
60.18564429399546,4.6976287100692184,14.480000869513365,80.82237042041743
60.21253039283486,4.697598348204794,14.480017260622216,80.822384391173
60.239413096755946,4.69756801151056,14.480033637877579,80.82239835061186
60.2662924094134,4.697537699790038,14.480050001392042,80.82241229881792
60.29316833443749,4.697507412851579,14.480066351275411,80.82242623587301
60.32004087543498,4.697477150508118,14.480082687634951,80.82244016185693
60.34691003598956,4.697446912577111,14.480099010575408,80.82245407684748
60.37377581966245,4.697416698880581,14.480115320198985,80.82246798092044
60.40063822999273,4.697386509245127,14.480131616605291,80.82248187414957
60.42749727049821,4.6973563435017756,14.480147899891488,80.82249575660674
60.454352944675506,4.697326201485976,14.480164170152285,80.82250962836174
60.4812052560009,4.697296083037732,14.480180427479791,80.82252348948248
60.50805420793074,4.697265988001291,14.480196671963805,80.8225373400349
60.534899803901986,4.6972359162253206,14.480212903691639,80.82255118008304
60.561742047332515,4.697205867562848,14.48022912274816,80.822565009689
60.58858094162202,4.69717584187122,14.480245329215812,80.82257882891297
60.6154164901521,4.697145839012087,14.480261523174635,80.82259263781329
60.64224869628689,4.697115858851224,14.480277704702397,80.82260643644639
60.66907756337376,4.697085901258704,14.480293873874468,80.82262022486684
60.6959030947435,4.69705596610881,14.480310030763818,80.82263400312738
60.72272529371092,4.6970260532799974,14.480326175441125,80.82264777127888
60.74954416357537,4.696996162654837,14.480342307974748,80.82266152937041
60.776359707621054,4.6969662941200125,14.480358428430756,80.82267527744924
60.80317192911781,4.696936447566215,14.480374536873017,80.82268901556077
60.829980831321286,4.69690662288826,14.480390633363061,80.82270274374868
60.85678641747341,4.696876819985256,14.480406717959996,80.82271646205474
60.88358869080314,4.69684703877213,14.480422790714135,80.82273017051374
60.91038765452797,4.69681727915591,14.480438851680038,80.82274386916404
60.93718331185308,4.696787541047185,14.480454900910509,80.82275755804231
60.96397566597195,4.696757824360558,14.480470938456042,80.8227712371834
60.990764720066636,4.696728130171671,14.480486963543877,80.82278490628445
61.01755047742993,4.696698457224695,14.480502977047182,80.82279856572812
61.044332941219906,4.696668805202027,14.480518979184287,80.8228122156137
61.07111211455897,4.6966391740765046,14.48053496997001,80.82282585595348
61.09788800056441,4.696609563821047,14.480550949419118,80.82283948675983
61.124660602348676,4.69657997440859,14.480566917546382,80.82285310804502
61.151429923019165,4.696550405812244,14.480582874366405,80.82286671982135
61.17819596567832,4.696520858005001,14.48059881989395,80.82288032210106
61.20495873342369,4.6964913309600025,14.480614754143636,80.82289391489637
61.231718229347784,4.69646182465043,14.480630677130089,80.82290749821948
61.258474456538316,4.696432339049387,14.480646588867998,80.82292107208262
61.28522741807799,4.6964028741303,14.48066248937179,80.8229346364979
61.3119771170446,4.696373429866388,14.480678378656089,80.82294819147752
61.33872355651102,4.69634400623099,14.480694256735442,80.82296173703357
61.365466739545354,4.696314603197547,14.480710123624297,80.82297527317816
61.392206669210736,4.696285220739544,14.480725979337103,80.82298879992335
61.418943348565485,4.696255858830421,14.480741823888357,80.82300231728122
61.44567678066305,4.69622651744371,14.480757657292493,80.8230158252638
61.47240696855202,4.69619719655304,14.480773479563872,80.82302932388309
61.49913391527613,4.696167896132087,14.480789290716823,80.82304281315109
61.52585762387431,4.696138616154489,14.480805090765738,80.82305629307977
61.552578097380724,4.696109356594029,14.480820879724888,80.82306976368108
61.5792953388247,4.696080117424386,14.480836657608668,80.82308322496694
61.606009351230796,4.696050898619526,14.480852424431204,80.82309667694926
61.63272013761871,4.696021700153208,14.480868180206855,80.82311011963994
61.65942770100348,4.69599252199949,14.480883924949703,80.8231235530508
61.68613204439531,4.695963364132302,14.480899658673978,80.82313697719373
61.7136718065094,4.695933140250817,14.480915977011877,80.82315088273731
61.74120806060363,4.695902946516858,14.480932278677283,80.82316477480586
61.76874081104818,4.695872782671835,14.480948563787654,80.82317865354052
61.79627006217943,4.695842648415266,14.480964832513557,80.82319251907117
61.82379581829634,4.6958125434635,14.480981085016085,80.82320637152041
61.85131808366221,4.6957824675275415,14.480997321459235,80.82322021101322
61.87883686250449,4.695752420322146,14.481013542005131,80.82323403767272
61.90635215901484,4.695722401567314,14.481029746812846,80.82324785161984
61.93386397734983,4.695692410988011,14.481045936038717,80.82326165297327
61.961372321631934,4.6956624483142635,14.481062109836222,80.82327544184952
61.98887719594957,4.695632513281041,14.481078268356088,80.82328921836287
62.01637860435823,4.6956026056282205,14.481094411746303,80.82330298262548
62.043876550880746,4.695572725100634,14.481110540152068,80.8233167347473
62.07137103950807,4.695542871447949,14.481126653715885,80.82333047483617
62.09886207419978,4.695513044424598,14.48114275257763,80.82334420299777
62.126349658884614,4.695483243790029,14.481158836874291,80.82335791933568
62.15383379746115,4.6954534693082355,14.48117490674044,80.82337162395132
62.18131449379835,4.695423720748177,14.48119096230776,80.82338531694407
62.208791751736186,4.695393997883335,14.481207003705382,80.82339899841129
62.23626557508621,4.695364300491915,14.481223031059873,80.82341266844821
62.26373596763198,4.695334628356652,14.481239044495311,80.82342632714804
62.29120293312973,4.695304981265093,14.481255044132988,80.82343997460192
62.31866647530891,4.695275359009264,14.481271030091742,80.823453610899
62.346126597872896,4.695245761385805,14.4812870024878,80.82346723612639
62.37358330449927,4.69521618819582,14.481302961434924,80.82348085036925
62.4010365988404,4.6951866392449055,14.481318907044354,80.82349445371074
62.42848648452425,4.695157114343168,14.4813348394248,80.82350804623204
62.455932965154624,4.695127613305107,14.481350758682526,80.82352162801236
62.483376044311875,4.695098135949608,14.481366664921353,80.82353519912904
62.5108157255533,4.6950686820999445,14.481382558242634,80.82354875965743
62.53825201241371,4.6950392515838,14.481398438745243,80.82356230967096
62.56568490840603,4.6950098442329615,14.481414306525844,80.8235758492412
62.59311441702173,4.694980459883804,14.481430161678402,80.82358937843779
62.62054054173149,4.694951098376729,14.481446004294735,80.82360289732854
62.64796328598539,4.694921759556403,14.481461834464254,80.82361640597935
62.67538265321364,4.694892443271765,14.481477652273963,80.82362990445428
62.70279864682713,4.694863149375821,14.48149345780863,80.82364339281554
62.7302112702178,4.69483387772582,14.481509251150609,80.82365687112357
62.75762052675916,4.6948046281865565,14.481525032378114,80.82367033943532
62.785026419807245,4.694775400632503,14.481540801563295,80.82368379780421
62.81242895270162,4.694746194931416,14.481556558784014,80.82369724628458
62.83982812876479,4.694717010958721,14.481572304111134,80.82371068493015
62.8672239513029,4.6946878485910055,14.481588037616728,80.82372411379227
62.894616423606024,4.694658707709742,14.481603759369621,80.82373753292063
62.92200554894871,4.694629588200344,14.481619469436446,80.8237509423632
62.94939133059039,4.6946004899520295,14.481635167881757,80.82376434216621
62.97677377177589,4.694571412858048,14.481650854767803,80.82377773237414
63.004152875735926,4.694542356815534,14.481666530154651,80.82379111302981
63.031528645687445,4.694513321725296,14.481682194100397,80.8238044841743
63.05890108483426,4.694484307492153,14.481697846660818,80.82381784584702
63.08627019636731,4.694455314024578,14.481713487889694,80.82383119808573
63.11363598346514,4.69442634123489,14.48172911783864,80.82384454092647
63.140998449294486,4.694397389039094,14.481744736557237,80.82385787440367
63.168357597010576,4.694368457357066,14.481760344092825,80.82387119855011
63.19571342975763,4.694339547431279,14.481775939554865,80.82388451301385
63.223065950812384,4.6943106575816085,14.48179152411693,80.82389781830146
63.25041516326658,4.6942817877825185,14.481807097792915,80.82391111442458
63.27776107020703,4.694252938008484,14.481822660596725,80.82392440139479
63.3051036747158,4.694224108233907,14.481838212542339,80.82393767922376
63.33244297986999,4.694195298433522,14.481853753643447,80.82395094792302
63.35977898874191,4.694166508581774,14.481869283914037,80.82396420750419
63.387111704399096,4.6941377386533585,14.481884803367862,80.82397745797878
63.41444112990425,4.694108988622936,14.481900312018745,80.82399069935832
63.44176726831526,4.69408025846533,14.481915809880357,80.8240039316543
63.469090122685124,4.694051548155219,14.481931296966524,80.82401715487826
63.49640969606229,4.694022857667476,14.481946773290924,80.8240303690416
63.52372599149019,4.693994186976848,14.481962238867348,80.82404357415581
63.55103901200764,4.693965536058432,14.481977693709295,80.82405677023227
63.57834876064871,4.693936904887066,14.481993137830509,80.82406995728242
63.60565524044264,4.693908293437748,14.482008571244611,80.82408313531764
63.63295845441407,4.693879701685571,14.482023993965143,80.82409630434928
63.66025840558276,4.693851129605556,14.482039406005748,80.8241094643887
63.687555096963905,4.6938225771728685,14.482054807379926,80.82412261544721
63.71484853156794,4.693794044363911,14.482070198100491,80.8241357575356
63.74213871240067,4.693765531164037,14.482085578175322,80.82414889066064
63.769425642464526,4.6937370375487815,14.482100947617557,80.82416201483366
63.796709324757195,4.693708563493187,14.482116306440918,80.8241751300659
63.82398976227165,4.6936801089726625,14.482131654658753,80.82418823636858
63.851266957996316,4.6936516739625,14.48214699228455,80.82420133375294
63.87854091491493,4.6936232584381665,14.48216231933164,80.8242144222302
63.906658552053486,4.693593812686469,14.482178211273993,80.82422797603954
63.9347726636552,4.693564395994423,14.48219408714839,80.82424151685719
63.962883254060934,4.693535008112253,14.482209947068725,80.82425504481903
63.9909903275781,4.693505648750307,14.482225791199422,80.82426856005027
64.01909388847668,4.693476317623945,14.482241619702062,80.82428206267399
64.04719394099011,4.693447014453488,14.482257432735453,80.82429555281105
64.0752904893159,4.693417738964047,14.482273230455759,80.8243090305802
64.1033835376163,4.6933884908856,14.482289013016405,80.82432249609799
64.13147309001853,4.69335926995305,14.482304780568034,80.82433594947891
64.15955915061588,4.6933300759060135,14.482320533258683,80.82434939083531
64.18764172346805,4.693300908488885,14.482336271233699,80.82436282027741
64.21572081260187,4.693271767450816,14.482351994635758,80.82437623791343
64.24379642201167,4.693242652545548,14.48236770360502,80.82438964384944
64.27186855566015,4.693213563531651,14.482383398278872,80.82440303818947
64.29993721747884,4.693184500172078,14.482399078792351,80.82441642103558
64.3280024113686,4.693155462234674,14.48241474527764,80.82442979248768
64.35606414120038,4.693126449491728,14.482430397864526,80.82444315264374
64.38412241081568,4.693097461720182,14.482446036680146,80.82445650159967
64.41217722402709,4.693068498701208,14.482461661849259,80.82446983944953
64.44022858461899,4.693039560220673,14.482477273494021,80.8244831662853
64.4682764963479,4.693010646068721,14.482492871734266,80.82449648219702
64.49632096294314,4.692981756040179,14.482508456687073,80.82450978727275
64.52436198810757,4.692952889934048,14.482524028467289,80.82452308159867
64.55239957551777,4.6929240475537535,14.482539587187265,80.82453636525898
64.58043372882484,4.692895228707046,14.482555132956934,80.82454963833602
64.60846445165487,4.6928664332060945,14.482570665883701,80.8245629009102
64.6364917476094,4.692837660867085,14.48258618607284,80.82457615306006
64.6645156202662,4.692808911510705,14.482601693627007,80.82458939486229
64.69253607317958,4.692780184965882,14.482617188644308,80.8246026263898
64.72055310988122,4.692751481069155,14.482632671218484,80.82461584771237
64.74856673388159,4.692722799653723,14.482648141445175,80.8246290589011
64.7765769486691,4.6926941405565525,14.482663599418103,80.82464226002534
64.80458375771086,4.692665503619249,14.482679045228153,80.82465545115261
64.83258716445312,4.692636888687041,14.482694478964381,80.82466863234859
64.86058717232177,4.692608295609495,14.482709900713292,80.82468180367721
64.88858378472294,4.69257972423999,14.482725310559353,80.82469496520066
64.91657700504317,4.692551174436086,14.482740708584613,80.82470811697931
64.94456683665042,4.692522646059138,14.482756094869073,80.82472125907178
64.97255328289407,4.692494138974638,14.482771469490347,80.82473439153502
65.00053634710558,4.692465653051903,14.482786832523932,80.82474751442416
65.02851603259909,4.692437188163939,14.482802184043365,80.82476062779268
65.05649234267167,4.692408744187933,14.482817524119703,80.82477373169237
65.0844652806042,4.692380321004714,14.482832852822055,80.82478682617324
65.11243484966117,4.692351918499377,14.482848170216684,80.82479991128395
65.1404010530918,4.692323536558927,14.48286347637052,80.82481298707056
65.16836389413001,4.6922951750773105,14.48287877134405,80.82482605357863
65.19632337599536,4.6922668339499305,14.482894055198592,80.82483911085147
65.22427950189315,4.692238513076344,14.482909327992822,80.82485215893084
65.25223227501486,4.692210212359966,14.482924589783183,80.82486519785685
65.2801816985387,4.692181931707781,14.482939840624159,80.82487822766807
65.3081277756302,4.692153671030413,14.482955080568214,80.82489124840137
65.33607050944237,4.692125430242138,14.48297030966573,80.82490426009214
65.36400990311634,4.692097209260808,14.482985527965116,80.82491726277408
65.39194595978168,4.692069008007854,14.48300073551277,80.82493025647938
65.41987868255694,4.692040826834911,14.48301593205034,80.82494324111474
65.44780807459772,4.692012665982121,14.483031117395809,80.82495621662207
65.47573413908412,4.691984524382276,14.483046292293434,80.82496918332428
65.50365687907443,4.691956402011359,14.483061456756255,80.8249821412324
65.53157629762214,4.691928298845188,14.483076610797497,80.82499509035732
65.55949239777598,4.691900214859801,14.483091754430172,80.82500803071002
65.58740518258001,4.691872150031243,14.483106887667313,80.82502096230144
65.61531465507365,4.691844104335545,14.483122010521985,80.82503388514247
65.64322081829151,4.691816077748831,14.483137123007179,80.82504679924399
65.67112367526362,4.691788070249658,14.48315222513453,80.82505970461581
65.69902322901557,4.691760081822956,14.483167316912063,80.82507260126498
65.72691948256936,4.691732112445033,14.483182398352595,80.82508548920238
65.75481243894222,4.6917041620920035,14.483197469469191,80.8250983684388
65.7827021011469,4.691676230740125,14.483212530274791,80.82511123898509
65.8105884721914,4.691648318365782,14.483227580782213,80.82512410085201
65.83847155507914,4.691620424945278,14.483242621004381,80.82513695405034
65.86635135280883,4.6915925504550655,14.483257650954092,80.82514979859084
65.89422786837471,4.6915646948714995,14.483272670644256,80.82516263448424
65.92210110476634,4.691536858171115,14.48328768008762,80.82517546174127
65.94997106496866,4.69150904033042,14.483302679296969,80.82518828037261
65.97783775196218,4.691481241326002,14.48331766828505,80.82520109038896
66.00570116872272,4.691453461134388,14.483332647064664,80.82521389180096
66.03356131822149,4.691425699732275,14.483347615648473,80.82522668461924
66.06141820342529,4.691397957096319,14.483362574049194,80.82523946885449
66.0892718272963,4.691370233203256,14.48337752227949,80.82525224451726
66.1171221927921,4.691342528029841,14.483392460352018,80.82526501161814
66.14582454018526,4.691313826819099,14.48340794447934,80.82527822870156
66.17452334368774,4.691285153607047,14.483423413129515,80.82529143326343
66.20321860760941,4.691256508154025,14.483438866411316,80.82530462543465
66.23191033622702,4.69122789018138,14.483454304482866,80.82531780533574
66.26059853378042,4.691199299415149,14.483469727499696,80.82533097308516
66.28928320447318,4.691170735586062,14.483485135614723,80.82534412879922
66.31796435247313,4.691142198429637,14.483500528978126,80.82535727259224
66.34664198191305,4.691113687685836,14.483515907737694,80.82537040457647
66.3753160968914,4.691085203099456,14.483531272038405,80.82538352486213
66.40398670147265,4.691056744419645,14.483546622022919,80.82539663355743
66.43265379968807,4.6910283114003715,14.483561957831068,80.82540973076856
66.46131739553614,4.690999903799862,14.483577279600421,80.82542281659973
66.48997749298333,4.690971521381073,14.483592587465802,80.82543589115312
66.51863409596466,4.690943163911212,14.483607881559749,80.82544895452904
66.54728720838418,4.690914831162044,14.483623162012183,80.82546200682577
66.57593683411555,4.690886522909765,14.483638428950558,80.82547504813968
66.6045829770027,4.690858238934767,14.483653682500059,80.82548807856517
66.63322564086026,4.690829979022114,14.48366892278313,80.82550109819475
66.66186482947428,4.690801742963204,14.483684149918755,80.82551410711804
66.69050054660306,4.690773530560527,14.483699364019598,80.82552710541988
66.71913279597827,4.69074534161175,14.483714565201106,80.82554009318714
66.7477615813047,4.690717175918793,14.483729753576366,80.82555307050484
66.77638690626054,4.690689033287683,14.483744929256186,80.82556603745613
66.80500877449826,4.690660913528723,14.483760092348957,80.82557899412231
66.83362718964479,4.690632816456345,14.48377524296075,80.82559194058291
66.86224215530211,4.690604741889047,14.483790381195389,80.82560487691556
66.89085367504813,4.690576689649498,14.483805507154331,80.82561780319617
66.91946175243666,4.6905486595644055,14.483820620936786,80.8256307194988
66.94806639099843,4.69052065146441,14.483835722639801,80.8256436258958
66.97666759424126,4.690492665184225,14.483850812358131,80.82565652245765
67.00526536565073,4.690464700562588,14.483865890184244,80.82566940925317
67.03385970869076,4.690436757442159,14.483880956208441,80.8256822863494
67.0624506268039,4.6904088356695235,14.483896010518832,80.82569515381164
67.091038123412,4.690380935095131,14.483911053201364,80.8257080117035
67.1196222019166,4.690353055573382,14.483926084339762,80.82572086008686
67.14820286569947,4.690325196962405,14.483941104015702,80.8257336990219
67.1767801181231,4.690297359124196,14.483956112308693,80.82574652856711
67.20535396253119,4.690269541924659,14.483971109296004,80.82575934877934
67.23392440224913,4.690241745233324,14.48398609505294,80.82577215971374
67.26249144058443,4.690213968923539,14.484001069652635,80.82578496142384
67.29105508082732,4.6901862128722716,14.484016033166261,80.82579775396147
67.31961532625095,4.690158476960424,14.484030985662669,80.82581053737691
67.34817218011221,4.690130761072221,14.484045927209014,80.82582331171876
67.37672564565199,4.69010306509586,14.484060857870082,80.82583607703407
67.40527572609558,4.690075388922875,14.484075777708924,80.82584883336821
67.43382242465324,4.69004773244873,14.48409068678625,80.82586158076502
67.46236574452061,4.690020095572086,14.484105585161139,80.82587431926677
67.49090568887925,4.689992478195369,14.48412047289048,80.82588704891415
67.51944226089687,4.689964880224551,14.484135350029176,80.82589976974629
67.54797546372795,4.68993730156905,14.484150216630209,80.82591248180074
67.57650530051428,4.689909742141668,14.484165072744737,80.8259251851136
67.60503177438498,4.689882201858789,14.484179918421836,80.82593787971938
67.6335548884575,4.689854680640212,14.484194753708701,80.82595056565108
67.66207464583741,4.689827178410378,14.484209578649972,80.82596324293965
67.69059104961963,4.689799695105351,14.484224393283702,80.82597591161095
67.71910410288936,4.689772231501375,14.48423919705072,80.82598857144791
67.74761380881921,4.689744786853443,14.484253990465518,80.82600122268104
67.77612017049341,4.689717360696046,14.484268773850847,80.8260138654531
67.80462319094033,4.689689953006533,14.484283547218975,80.8260264997745
67.8331228731836,4.689662563762119,14.48429831058233,80.82603912565556
67.8616192202422,4.689635192940024,14.484313063953339,80.82605174310665
67.89011223513067,4.689607840517759,14.484327807344165,80.82606435213808
67.91860192085895,4.689580506472551,14.484342540767267,80.82607695276019
67.94708828043235,4.689553190781976,14.484357264234779,80.82608954498325
67.9755713168516,4.689525893423386,14.484371977759064,80.82610212881755
68.00405103311299,4.689498614374354,14.48438668135229,80.82611470427335
68.03252743220814,4.689471353612269,14.484401375026826,80.8261272713609
68.06100051712423,4.689444111114901,14.48441605879468,80.82613983009041
68.08947029084382,4.689416886859689,14.4844307326682,80.82615238047211
68.11793675634507,4.689389680824414,14.484445396659412,80.82616492251617
68.14639991660148,4.689362492986696,14.484460050780523,80.82617745623278
68.17485977458222,4.689335323324226,14.484474695043684,80.8261899816321
68.20331633325186,4.689308171814815,14.484489329460942,80.82620249872424
68.23176959557058,4.689281038436309,14.484503954044337,80.82621500751935
68.26021956449397,4.689253923166432,14.48451856880602,80.82622750802754
68.28866624297328,4.68922682598315,14.484533173757955,80.82624000025889
68.31710963395513,4.6891997468643245,14.484547768912195,80.82625248422349
68.34554974038193,4.689172685787878,14.484562354280769,80.82626495993135
68.37398656519152,4.689145642731828,14.48457692987562,80.82627742739254
68.40242011131735,4.689118617674225,14.48459149570868,80.8262898866171
68.43171397868575,4.689090628586866,14.484606589978444,80.82630278143469
68.46100428291011,4.689062666499084,14.484621669328284,80.82631566417263
68.49029102827224,4.689034731182538,14.484636733860192,80.82632853495727
68.51957421902142,4.6890068223689925,14.484651783726395,80.82634139390461
68.54885385948565,4.688978939794594,14.484666819076692,80.82635424112871
68.57812995361073,4.688951083200439,14.484681840058066,80.82636707674149
68.6074025056533,4.688923252331781,14.484696846815167,80.82637990085306
68.63667151971988,4.688895446938217,14.484711839490291,80.8263927135715
68.66593699988286,4.688867666773971,14.48472681822306,80.82640551500297
68.69519895018095,4.68883991160666,14.484741783145688,80.82641830524764
68.72445737462115,4.688812181201093,14.484756734391762,80.82643108440715
68.7537122771781,4.6887844753244075,14.484771672093743,80.82644385258185
68.7829636617948,4.688756793747951,14.484786596381749,80.8264566098703
68.8122115323828,4.688729136247468,14.484801507383377,80.82646935636916
68.84145589282306,4.688701502602885,14.484816405223924,80.8264820921732
68.8706967469664,4.68867389259837,14.484831290026293,80.82649481737533
68.899934098634,4.688646306022277,14.484846161911024,80.8265075320667
68.929167951618,4.688618742667181,14.484861020996423,80.82652023633639
68.95839830968217,4.688591202329679,14.484875867398287,80.82653293027204
68.98762517656239,4.688563684810463,14.484890701230329,80.82654561395921
69.01684855596709,4.688536189914211,14.484905522604022,80.82655828748176
69.04606845157784,4.688508717449777,14.484920331628459,80.82657095092176
69.07528486705,4.688481267230092,14.48493512841041,80.8265836043595
69.10449780601304,4.688453839071858,14.48494991305464,80.82659624787351
69.13370727207132,4.6884264327959695,14.484964685663465,80.82660888154057
69.16291326880442,4.688399048227035,14.484979446337224,80.82662150543574
69.19211579976762,4.688371685193841,14.484994195173797,80.82663411963236
69.22131486849271,4.688344343528731,14.485008932269213,80.82664672420205
69.25051047848817,4.688317023068079,14.485023657717186,80.82665931921473
69.27970263323984,4.688289723652309,14.485038371609049,80.82667190473865
69.30889133621147,4.6882624451251385,14.485053074034527,80.82668448084034
69.33807659084509,4.688235187334457,14.485067765080842,80.8266970475847
69.36725840056154,4.688207950131905,14.48508244483312,80.82670960503498
69.39643676876096,4.688180733372517,14.485097113374717,80.82672215325276
69.42561169882337,4.688153536915388,14.485111770786595,80.82673469229802
69.4547831941091,4.6881263606231265,14.485126417147798,80.82674722222907
69.48395125795913,4.688099204362041,14.485141052535289,80.82675974310267
69.51311589369591,4.688072068001996,14.485155677024078,80.82677225497392
69.5422771046234,4.688044951416632,14.485170290686977,80.82678475789639
69.57143489402786,4.688017854482862,14.485184893595122,80.82679725192202
69.60058926517826,4.687990777081437,14.485199485817365,80.82680973710119
69.6297402213266,4.687963719096566,14.485214067420666,80.82682221348276
69.65888776570851,4.687936680415914,14.485228638470069,80.82683468111402
69.68803190154355,4.687909660930642,14.48524319902867,80.8268471400407
69.71717263203598,4.687882660544098,14.485257749152735,80.82685959030317
69.74630996037594,4.687855679156279,14.485272288900259,80.82687203194347
69.77544388973925,4.687828716668525,14.485286818328696,80.82688446500278
69.8045744232875,4.687801772985554,14.485301337493622,80.82689688952082
69.83370156416855,4.687774848015773,14.485315846448387,80.82690930553585
69.86282531551699,4.687747941670644,14.48533034524478,80.82692171308457
69.89194568045451,4.687721053864992,14.48534483393268,80.82693411220232
69.92106266209029,4.68769418451713,14.48535931255995,80.82694650292292
69.95017626352153,4.687667333548402,14.485373781172855,80.82695888527874
69.97928648783387,4.687640500883602,14.485388239815657,80.82697125930073
70.00839333810177,4.687613686450633,14.485402688530929,80.82698362501843
70.03749681738886,4.687586890180656,14.485417127359415,80.82699598245992
70.06659692874848,4.6875601131493,14.48543155553003,80.82700833132067
70.0956936753599,4.687533353903598,14.485445974057967,80.82702067203844
70.12478706022688,4.687506612421967,14.485460382954976,80.82703300462306
70.1538770863486,4.687479888682986,14.48547478223266,80.82704532908436
70.18296375671981,4.6874531826650925,14.48548917190278,80.82705764543212
70.21204707433087,4.687426494346793,14.485503551977047,80.82706995367617
70.24112704216745,4.687399823706868,14.485517922466917,80.82708225382622
70.27020366321095,4.687373170723772,14.48553228338417,80.82709454589205
70.29927694043822,4.687346535376268,14.48554663474032,80.8271068298834
70.32834687682168,4.6873199176430225,14.485560976546974,80.82711910581
70.35741347532932,4.68729331750273,14.485575308815731,80.82713137368154
70.38647673903836,4.687266734934082,14.48558963155816,80.82714363350776
70.41553667068047,4.687240169916083,14.485603944785689,80.82715588529823
70.44459327332417,4.68721362242746,14.485618248509876,80.82716812906267
70.47364654991978,4.68718709244714,14.485632542742163,80.82718036481069
70.50269650341313,4.687160579953936,14.485646827494106,80.82719259255195
70.5317431367458,4.687134084926877,14.485661102777064,80.82720481229606
70.56078645285496,4.687107607344847,14.485675368602566,80.82721702405259
70.58982645467336,4.687081147186892,14.485689624981982,80.82722922783113
70.61886314512944,4.687054704432171,14.485703871926592,80.82724142364124
70.64789652714727,4.687028279059577,14.485718109447962,80.82725361149245
70.67692660364656,4.687001871048275,14.485732337557389,80.82726579139434
70.70595337754276,4.686975480377457,14.485746556266172,80.82727796335637
70.73497685174691,4.686949107029094,14.485760765584068,80.82729012738683
70.7639970291661,4.686922750989597,14.485774965518328,80.82730228349207
70.7938857404032,4.686895461510693,14.485789677073857,80.82731486141546
70.82377087156148,4.68686819811324,14.485804374218702,80.82732742766807
70.85365242689817,4.686840960576099,14.48581905705203,80.82733998237187
70.88353041063797,4.68681374863993,14.485833725721072,80.827352525639
70.91340482696918,4.686786562049903,14.485848380370456,80.82736505757964
70.94327568016314,4.6867594005554265,14.485863021142437,80.82737757830213
70.97314297409962,4.686732263910486,14.485877648176725,80.82739008791279
71.00300671298011,4.686705151872874,14.485892261610944,80.82740258651619
71.03286690085338,4.686678064204993,14.485906861580029,80.82741507421498
71.06272354173475,4.68665100067315,14.485921448216848,80.82742755110999
71.09257663960673,4.686623961048088,14.485936021651685,80.82744001730022
71.12242619841957,4.686596945104475,14.485950582012721,80.8274524728828
71.15227222209172,4.686569952621293,14.485965129425637,80.82746491795308
71.18211471451066,4.686542983381456,14.485979664013982,80.82747735260456
71.21195367953315,4.686516037172063,14.48599418589891,80.82748977692903
71.24178912098604,4.686489113784123,14.486008695199445,80.82750219101644
71.27162104266662,4.6864622130128195,14.486023192032205,80.82751459495498
71.30144944834338,4.686435334657228,14.486037676511746,80.82752698883102
71.3312743417565,4.686408478520411,14.48605214875024,80.82753937272935
71.36109572661822,4.686381644409243,14.48606660885782,80.82755174673294
71.39091360661357,4.686354832134791,14.48608105694218,80.82756411092302
71.42072798540077,4.686328041511499,14.48609549310933,80.82757646537917
71.45053886661191,4.686301272358062,14.48610991746273,80.82758881017921
71.4803462538533,4.686274524497049,14.486124330103662,80.82760114539929
71.5101501507061,4.686247797754492,14.48613873113159,80.8276134711139
71.53995056072675,4.686221091960512,14.486153120643582,80.8276257873959
71.5697474874477,4.686194406948774,14.486167498734801,80.82763809431643
71.59954093437771,4.686167742556745,14.48618186549825,80.827650391945
71.62933090500243,4.6861410986257,14.48619622102475,80.82766268034956
71.65911740278464,4.686114475000378,14.486210565403281,80.82767495959634
71.6889004311653,4.686087871529227,14.486224898720728,80.82768722975004
71.71867999356364,4.686061288064466,14.486239221061794,80.82769949087374
71.74845609337761,4.686034724461736,14.486253532509352,80.82771174302891
71.77822873398472,4.686008180583715,14.486267833142264,80.82772398627402
71.8079979187426,4.685981656300042,14.486282123035515,80.82773622066443
71.83776365099004,4.685955151477039,14.486296402265978,80.82774844625699
71.86752593404664,4.6859286659846795,14.486310670908415,80.8277606631069
71.8972847712133,4.685902199696107,14.486324929035959,80.82777287126794
71.92704016577248,4.68587575248817,14.486339176719564,80.82778507079227
71.95679212098902,4.685849324241091,14.486353414028313,80.8277972617306
71.98654064011018,4.685822914838483,14.486367641029418,80.8278094441321
72.01628572636646,4.685796524167257,14.486381857788272,80.82782161804447
72.0460273829718,4.685770152117899,14.486396064368185,80.82783378351391
72.07576561312425,4.685743798584063,14.48641026083077,80.82784594058516
72.10550042000622,4.685717463462805,14.486424447235708,80.82785808930149
72.13523180678503,4.685691146654452,14.48643862364086,80.82787022970469
72.16495977661336,4.685664848062594,14.486452790102271,80.82788236183514
72.19468433262948,4.685638567594125,14.486466946674115,80.82789448573176
72.22440547795806,4.685612305159094,14.486481093408832,80.82790660143208
72.25412321571035,4.685586060670861,14.486495230356974,80.82791870897216
72.2838375489846,4.685559834045814,14.48650935756747,80.82793080838671
72.31354848086649,4.685533625203699,14.48652347508729,80.827942899709
72.3432560144297,4.685507434067237,14.486537582961812,80.82795498297095
72.3729601527362,4.685481260562421,14.486551681234527,80.82796705820306
72.40266089883661,4.685455104618226,14.486565769947306,80.82797912543447
72.4323582557708,4.685428966166798,14.486579849140224,80.82799118469298
72.46205222656809,4.685402845373958,14.486593918687946,80.8280032359381
72.49174281427612,4.685376742755567,14.486607978215362,80.82801527902907
72.52143002200353,4.685350657214231,14.486622028488627,80.82802731429715
72.55111385272221,4.685324588729609,14.486636069518799,80.82803934175159
72.58079430939951,4.685298537281493,14.486650101316814,80.82805136140169
72.61047139499836,4.685272502849484,14.486664123893819,80.8280633732567
72.64014511247751,4.685246485413501,14.486678137260647,80.82807537732586
72.66981546479114,4.6852204849532075,14.486692141428412,80.82808737361837
72.69948245488926,4.685194501448474,14.486706136408035,80.82809936214349
72.72914608571753,4.685168534879212,14.486720122210404,80.82811134291039
72.75880636021719,4.685142585225236,14.48673409884652,80.82812331592825
72.78846328132516,4.685116652466488,14.486748066327282,80.82813528120623
72.8181168519741,4.685090736582965,14.48676202466353,80.82814723875352
72.84776707509236,4.685064837562547,14.486775973861764,80.82815918857568
72.87741395360503,4.685038955387203,14.486789913931593,80.8281711306812
72.90705749043306,4.685013090036778,14.486803844884054,80.82818306507917
72.93669768849328,4.684987241491327,14.486817766729992,80.82819499177867
72.96633455069801,4.684961409731015,14.486831679480144,80.82820691078885
72.99596807995547,4.684935594735918,14.486845583145358,80.82821882211873
73.02559827916963,4.684909796486093,14.48685947773651,80.82823072577739
73.05522515124001,4.684884014961788,14.486873363264305,80.82824262177391
73.08484869906215,4.684858250143293,14.486887239739414,80.82825451011729
73.11446892552722,4.684832502010719,14.486901107172711,80.82826639081657
73.14408583352224,4.684806770544483,14.486914965574767,80.82827826388075
73.17457968847025,4.684780135067336,14.486929319393916,80.82829054553875
73.20506994258527,4.684753524771995,14.4869436593029,80.8283028159251
73.23555660010013,4.6847269394458015,14.486957985396717,80.82831507515749
73.26603966521546,4.684700378838846,14.4869722978172,80.82832732334396
73.29651914209586,4.6846738427054735,14.48698659670376,80.82833956059076
73.32699503487032,4.684647330804077,14.487000882193593,80.82835178700233
73.35746734763299,4.684620842897239,14.487015154421504,80.82836400268125
73.38793608444357,4.684594378751615,14.487029413520029,80.82837620772835
73.41840124932803,4.6845679381379375,14.487043659619403,80.82838840224265
73.44886284627927,4.68454152083087,14.487057892847718,80.82840058632141
73.47932087925741,4.684515126609176,14.487072113330715,80.8284127600601
73.50977535219076,4.684488755255547,14.487086321191969,80.82842492355249
73.54022626897587,4.684462406556647,14.487100516552804,80.82843707689055
73.57067363347859,4.684436080303088,14.487114699532338,80.82844922016457
73.60111744953431,4.684409776289235,14.487128870247638,80.82846135346313
73.63155772094866,4.684383494313506,14.487143028813435,80.82847347687306
73.6619944514979,4.684357234177991,14.487157175342475,80.82848559047953
73.69242764492971,4.684330995688864,14.487171309945163,80.82849769436598
73.72285730496354,4.684304778655896,14.487185432729884,80.82850978861423
73.75328343529105,4.684278582892546,14.487199543802982,80.82852187330447
73.78370603957701,4.68425240821616,14.487213643268623,80.82853394851522
73.81412512145943,4.684226254447684,14.487227731228987,80.82854601432332
73.84454068455024,4.684200121411809,14.487241807784152,80.82855807080405
73.8749527324359,4.684174008937026,14.487255873031987,80.82857011803098
73.90536126867784,4.684147916861335,14.487269927065217,80.82858215607345
73.93576629681372,4.684121845024331,14.487283969975351,80.82859418500033
73.96616782035773,4.68409579326505,14.487298001854509,80.82860620488044
73.99656584280042,4.684069761426259,14.48731202279264,80.8286182157811
74.02696036760952,4.684043749354168,14.487326032877803,80.82863021776802
74.05735139823003,4.684017756898749,14.48734003219585,80.8286422109054
74.08773893808491,4.683991783913205,14.487354020830947,80.82865419525585
74.11812299057569,4.683965830254395,14.487367998865123,80.82866617088048
74.1485035590827,4.683939895782484,14.487381966378637,80.82867813783888
74.17888064696582,4.68391398036124,14.487395923449645,80.82869009618912
74.20925425756475,4.6838880838576475,14.487409870154586,80.82870204598777
74.23962439419952,4.683862206142183,14.487423806567906,80.82871398728992
74.26999106017101,4.683836347160163,14.487437732690614,80.82872592014922
74.30035425876963,4.6838105065696105,14.487451648810731,80.82873784461965
74.33071399324224,4.683784684474813,14.487465554777165,80.82874976074802
74.36107026684385,4.683758880683262,14.48747945073123,80.8287616685855
74.39142308280319,4.683733095082026,14.487493336738085,80.82877356817988
74.42177244433219,4.683707327561365,14.487507212861118,80.82878545957752
74.45211835462644,4.683681578014849,14.487521079161834,80.82879734282331
74.48246081686547,4.683655846339013,14.487534935700186,80.82880921796081
74.51279983421317,4.6836301324343035,14.487548782533349,80.82882108503236
74.54313540981843,4.683604436202086,14.48756261971991,80.82883294407802
74.57346754681535,4.683578757550449,14.487576447311925,80.82884479513763
74.60379624832396,4.683553096387979,14.487590265362979,80.82885663824904
74.63412151745034,4.683527452627039,14.487604073924116,80.82886847344885
74.6644433572873,4.683501826183056,14.487617873044679,80.82888030077227
74.69476177091448,4.68347621697462,14.487631662772191,80.82889212025319
74.72507676139918,4.683450624923305,14.487645443152534,80.82890393192417
74.7553883317965,4.683425049953572,14.487659214230025,80.82891573581641
74.78569648514978,4.683399491993024,14.487672976047175,80.8289275319598
74.81600122449103,4.683373950972278,14.487686728644775,80.82893932038296
74.84630255284135,4.683348426824686,14.487700472062192,80.82895110111312
74.87660047321147,4.68332291948676,14.48771420633694,80.8289628741763
74.90689498860182,4.683297429497251,14.48772793107948,80.82897463942327
74.93718610207894,4.683271956508374,14.487741646525375,80.82898639696626
74.96747381666329,4.683246499950284,14.487755353071357,80.82899814697836
74.99775813530108,4.683221059811482,14.48776905072349,80.82900988946503
75.0280390609353,4.683195636072779,14.487782739492133,80.82902162443509
75.05831659650471,4.683170228714968,14.487796419387736,80.8290333518973
75.08859074494382,4.683144837718767,14.487810090420808,80.82904507186043
75.11886150918274,4.683119463065073,14.487823752601706,80.82905678433322
75.14912889214749,4.6830941047348436,14.487837405940732,80.82906848932443
75.17939289675985,4.6830687627088325,14.487851050448397,80.82908018684277
75.20965352593717,4.683043436968065,14.48786468613498,80.82909187689695
75.23991078259287,4.683018127493453,14.487878313010857,80.82910355949568
75.27016466963589,4.682992834266047,14.487891931086311,80.82911523464765
75.30041518997116,4.682967557266798,14.487905540371704,80.82912690236151
75.33066234649931,4.682942296476879,14.487919140877217,80.82913856264591
75.36090614211669,4.682917051877232,14.48793273261326,80.82915021550951
75.3911465797157,4.682891823449148,14.487946315589916,80.82916186096094
75.42138366218435,4.682866611173634,14.487959889817558,80.82917349900882
75.45161739240659,4.682841415031876,14.487973455306404,80.82918512966172
75.48184777326216,4.682816235005118,14.487987012066611,80.82919675292827
75.51207480762672,4.68279107107453,14.488000560108445,80.82920836881704
75.5422984983718,4.682765923221488,14.488014099441957,80.82921997733655
75.57251884836465,4.682740791427171,14.488027630077429,80.8292315784954
75.60273586046856,4.682715675672912,14.488041152024989,80.8292431723021
75.63383810333268,4.6826896846514785,14.488055153564183,80.82925516178435
75.66493672707105,4.682663717930457,14.488069141683452,80.8292671403861
75.69603173588789,4.6826377753056185,14.488083116473547,80.82927910822085
75.72712313395577,4.68261185653632,14.48809707807098,80.8292910653927
75.75821092541133,4.682585961385817,14.488111026610131,80.82930301200405
75.78929511435604,4.682560089621274,14.488124962223218,80.82931494815551
75.82037570485659,4.682534241014004,14.488138885040039,80.82932687394594
75.85145270094593,4.682508415338985,14.488152795188448,80.82933878947257
75.88252610662336,4.682482612375336,14.488166692793863,80.82935069483081
75.91359592585522,4.682456831905784,14.488180577979811,80.8293625901144
75.94466216257554,4.682431073717042,14.488194450867493,80.82937447541548
75.97572482068654,4.6824053375995325,14.4882083115761,80.82938635082438
76.00678390405939,4.682379623347685,14.488222160222472,80.82939821642985
76.03783941653442,4.682353930759297,14.488235996921725,80.82941007231898
76.06889136192181,4.6823282596431355,14.488249821782706,80.82942191857416
76.09993974400325,4.68230260980741,14.488263634914514,80.82943375527807
76.13098456653158,4.682276981061145,14.488277436425944,80.8294455825129
76.16202583323123,4.6822513732171815,14.488291226423655,80.82945740035916
76.1930635477986,4.682225786091915,14.488305005012176,80.82946920889592
76.22409771390271,4.682200219505207,14.488318772294253,80.82948100820055
76.25512833518549,4.682174673280745,14.488332528370373,80.82949279834888
76.28615541526266,4.682149147245625,14.488346273339195,80.82950457941519
76.31717895772381,4.682123641230528,14.488360007297349,80.82951635147212
76.3481989661334,4.682098155069629,14.488373730339504,80.82952811459087
76.37921544403068,4.682072688600634,14.488387442558349,80.82953986884101
76.41022839493075,4.68204724166467,14.488401144044674,80.82955161429066
76.44123782232477,4.682021814106264,14.488414834887378,80.82956335100636
76.47224372968047,4.681996405773518,14.488428515173302,80.82957507905319
76.50324612044278,4.681971016517802,14.488442184987505,80.82958679849469
76.5342449980341,4.681945646193876,14.488455844413147,80.82959850939298
76.56524036585498,4.6819202946598635,14.4884694935315,80.82961021180863
76.59623222728457,4.681894961777198,14.488483132421992,80.8296219058008
76.62722058568103,4.681869647410659,14.488496761162164,80.82963359142717
76.6582054443819,4.68184435142827,14.488510379827746,80.82964526874399
76.68918680670488,4.681819073701337,14.488523988492641,80.82965693780602
76.72016467594801,4.681793814104335,14.488537587229002,80.82966859866666
76.75113905539038,4.681768572515096,14.48855117610704,80.82968025137787
76.7821099482922,4.681743348810554,14.488564755197569,80.82969189599187
76.81307735789521,4.681718142864399,14.488578324573323,80.82970353256228
76.84404128742182,4.681692954553777,14.488591884305169,80.82971516114105
76.8750017400759,4.681667783773027,14.488605434454316,80.82972678177266
76.90595871904495,4.681642630419318,14.488618975080032,80.82973839450065
76.93691222750059,4.6816174943921745,14.488632506240293,80.82974999936754
76.96786226859899,4.681592375593261,14.488646027992033,80.82976159641471
76.99880884548102,4.681567273927006,14.488659540390575,80.82977318568241
77.02975196127265,4.6815421893005,14.488673043489772,80.82978476720972
77.06069161908545,4.681517121623495,14.488686537342021,80.8297963410345
77.09162782201686,4.681492070808588,14.488700021998124,80.82980790719328
77.12256057315061,4.681467036771274,14.488713497507218,80.82981946572151
77.15348987555724,4.681442019432835,14.488726963915333,80.82983101665184
77.18441573229477,4.681417018720541,14.488740421264904,80.82984256001455
77.21533814640948,4.681392034558188,14.488753869600519,80.82985409584128
77.24625712093571,4.681367066872504,14.488767308965084,80.82986562416241
77.27717265889594,4.68134211559309,14.488780739399893,80.82987714500702
77.30808476342574,4.681317180652074,14.488794160944876,80.82988865840305
77.33899343727678,4.68129226198501,14.488807573637963,80.82990016437704
77.36989868356342,4.681267359529591,14.488820977515996,80.82991166295442
77.40080050526517,4.681242473226749,14.488834372613868,80.82992315415937
77.43169890535212,4.681217603957618,14.488847758299547,80.82993463774284
77.46259388690702,4.681192750651999,14.488861135298384,80.8299461140496
77.49348545287019,4.681167913003656,14.488874503886128,80.82995758311021
77.52437360614262,4.681143091219398,14.488887863851641,80.82996904492896
77.55525834964794,4.681118285204694,14.488901215279219,80.82998049951608
77.5861396862966,4.681093494941536,14.488914558178646,80.82999194687982
77.61701761899485,4.6810687204120685,14.488927892559566,80.83000338702837
77.64789215064488,4.6810439615982,14.488941218431844,80.83001481996995
77.67876328414468,4.6810192184820805,14.488954535805146,80.83002624571277
77.70963102238811,4.680994491045901,14.488967844689087,80.830037664265
77.74049536826507,4.680969779271631,14.488981145093515,80.83004907563485
77.77135632466123,4.680945083141575,14.48899443702796,80.83006047983046
77.8022138944582,4.6809204026378035,14.48900772050219,80.83007187686
77.8330680805335,4.680895737742524,14.489020995525848,80.83008326673162
77.86391888576057,4.680871088437989,14.489034262108541,80.83009464945347
77.89476631300896,4.680846454706411,14.489047520259934,80.83010602503366
77.92561036514388,4.6808218365299945,14.4890607699897,80.83011739348031
77.95645104502661,4.68079723389116,14.48907401130731,80.83012875480154
77.98728835551435,4.6807726467720325,14.489087244222542,80.83014010900543
78.01812229946044,4.680748075155025,14.489100468744894,80.83015145610008
78.0489528797139,4.68072351902254,14.48911368488389,80.83016279609357
78.07978009911994,4.6806989783568484,14.489126892649193,80.83017412899396
78.11150102813568,4.68067358772538,14.489140566126114,80.83018584614851
78.14321831550704,4.680648220633124,14.489154226605944,80.83019755276094
78.17493196555417,4.680622876882887,14.489167874175896,80.83020924894122
78.20664198243578,4.680597556241711,14.48918150896814,80.83022093479015
78.23834837027515,4.680572258480491,14.489195131112673,80.83023261040684
78.27005113316036,4.680546983379767,14.489208740734158,80.83024427588607
78.30175027514586,4.6805217307214475,14.48922233795632,80.83025593132223
78.33344580025256,4.680496500287719,14.489235922902866,80.83026757680942
78.36513771246831,4.6804712918644045,14.489249495695464,80.83027921244013
78.39682601574782,4.680446105241044,14.48926305645371,80.83029083830525
78.42851071401375,4.680420940210913,14.489276605295087,80.830302454494
78.46019181115705,4.680395796571015,14.489290142334951,80.83031406109403
78.49186931103738,4.680370674121758,14.489303667686848,80.8303256581914
78.52354321748393,4.680345572667392,14.489317181462075,80.83033724587054
78.55521353429583,4.680320492015559,14.489330683770099,80.83034882421434
78.58688026524266,4.680295431977015,14.489344174718674,80.83036039330432
78.61854341406494,4.680270392365598,14.489357654413947,80.83037195322045
78.6502029844746,4.680245372999974,14.489371122959154,80.83038350404087
78.68185898015565,4.6802203737045485,14.489384580454015,80.83039504584144
78.71351140476503,4.680195394304213,14.489398026998249,80.83040657869753
78.74516026193285,4.680170434627289,14.489411462689816,80.8304181026829
78.77680555526271,4.680145494505695,14.489424887624589,80.83042961786971
78.80844728833227,4.680120573774726,14.48943830189657,80.8304411243287
78.84008546469379,4.68009567227323,14.489451705597723,80.83045262212904
78.87172008787466,4.680070789843298,14.48946509881823,80.83046411133847
78.9033511613779,4.680045926330375,14.489478481646415,80.8304755920232
78.93497868868263,4.68002108158334,14.489491854168609,80.83048706424805
78.96660267324457,4.679996255454314,14.489505216469361,80.83049852807632
78.99822311849654,4.67997144779858,14.489518568631505,80.83050998356991
79.02984002784898,4.679946658474838,14.489531910735872,80.83052143078929
79.06145340469024,4.679921887344955,14.489545242861551,80.83053286979349
79.09306325238738,4.679897134273871,14.48955856508597,80.83054430064016
79.12466957428637,4.679872399129913,14.489571877484572,80.83055572338552
79.15627237371258,4.6798476817843815,14.489585180131204,80.8305671380844
79.18787165397156,4.679822982111932,14.489598473097754,80.83057854479033
79.21946741834903,4.679798299989957,14.489611756454732,80.83058994355531
79.2510596701116,4.679773635299374,14.489625030270492,80.83060133443014
79.2826484125073,4.679748987923841,14.489638294611993,80.83061271746416
79.31423364876585,4.679724357750315,14.48965154954425,80.83062409270543
79.34581538209923,4.679699744668532,14.48966479513082,80.83063546020065
79.37739361570202,4.6796751485745345,14.489678031431671,80.83064681999379
79.40896835275235,4.67965056936994,14.48969125850362,80.83065817212645
79.44053959641269,4.679626006953687,14.489704476404958,80.83066951664135
79.47210734982954,4.679601461227343,14.489717685192662,80.83068085357999
79.50367161613366,4.6795769320956815,14.489730884921784,80.83069218298253
79.53523239844083,4.679552419466191,14.489744075645941,80.83070350488786
79.56678969985184,4.679527923249402,14.489757257416988,80.83071481933362
79.5983435234534,4.679503443358649,14.489770430285235,80.83072612635611
79.6298938723181,4.679478979709992,14.489783594299524,80.83073742599048
79.66144074950509,4.679454532222613,14.489796749506825,80.83074871827056
79.69298415806041,4.67943010081818,14.489809895952863,80.83076000322895
79.72452410101741,4.679405685421512,14.48982303368144,80.83077128089705
79.75606058139722,4.679381285959788,14.48983616273522,80.83078255130499
79.78759360233722,4.679356902363147,14.489849283155074,80.83079381448178
79.81912316657899,4.679332534564693,14.489862394980271,80.83080507045504
79.85064927723724,4.6793081824998515,14.489875498248791,80.83081631925135
79.88217193728796,4.679283846107002,14.489888592996925,80.83082756089608
79.91369114969686,4.679259525327104,14.489901679259543,80.83083879541336
79.94520691741964,4.679235220180706,14.489914757015443,80.83085002280386
79.97671924341299,4.6792109313909185,14.489927825744422,80.83086124286466
80.00822813072837,4.679186657848483,14.489940886221547,80.83087245592996
80.03973358226635,4.679162399536192,14.489953938456107,80.83088366200771
80.07123560092336,4.67913815643659,14.489966982457641,80.83089486110578
80.10273418959187,4.679113928532912,14.489980018234744,80.83090605323234
80.13422935116023,4.679089715806401,14.489993045798968,80.83091723839463
80.1657210885125,4.679065518241675,14.490006065157282,80.83092841660104
80.19720940452899,4.679041335820841,14.490019076319841,80.83093958785932
80.2286943020858,4.679017168526739,14.490032079295961,80.8309507521773
80.26017578405508,4.678993016342211,14.490045074094954,80.83096190956283
80.29165385330484,4.678968879250166,14.490058060726083,80.83097306002375
80.32312851269914,4.678944757233546,14.490071039198593,80.83098420356787
80.35459976509796,4.678920650275184,14.490084009521842,80.83099534020297
80.38606761335735,4.678896558358215,14.490096971704903,80.83100646993688
80.41753206032924,4.678872481465554,14.490109925757071,80.83101759277737
80.44899310886163,4.678848419580177,14.490122871687614,80.8310287087322
80.48045076179854,4.678824372685169,14.49013580950568,80.83103981780914
80.51190502197998,4.678800340767846,14.490148739218126,80.83105092001402
80.54335589224266,4.678776323815728,14.490161660831474,80.8310620153528
80.57480337541989,4.678752321811729,14.490174574355086,80.83107310383319
80.60624747434082,4.678728334738987,14.490187479798102,80.83108418546291
80.63768819183099,4.6787043625806515,14.49020037716966,80.83109526024968
80.67003096570046,4.678679566609727,14.490213725860409,80.83110670752987
80.70237007843915,4.678654793391849,14.490227061991042,80.83111814461711
80.73470553421396,4.678630042737748,14.49024038564465,80.8311295716176
80.76703733716055,4.678605314422485,14.49025369694891,80.8311409886286
80.79936549137918,4.678580608225022,14.490266996029222,80.83115239574575
80.83169000093517,4.6785559239279,14.490280283009005,80.8311637930631
80.86401086985987,4.6785312613171754,14.490293558009762,80.83117518067307
80.89632810215068,4.678506620182689,14.490306821150806,80.8311865586665
80.92864170177208,4.678482000317767,14.490320072549526,80.83119792713272
80.96095167265584,4.678457401519255,14.490333312321358,80.83120928615939
80.9932580187018,4.6784328235876105,14.490346540579683,80.83122063583271
81.02556074377839,4.678408266326764,14.490359757435947,80.83123197623729
81.05785985172301,4.67838372954405,14.490372962999734,80.83124330745622
81.09015534634268,4.6783592130503955,14.490386157378548,80.83125462957106
81.12244723141465,4.678334716660151,14.490399340677989,80.83126594266186
81.15473551068673,4.6783102401909265,14.4904125130019,80.83127724680718
81.18702018787803,4.6782857834639096,14.490425674452027,80.83128854208407
81.21930126667938,4.678261346303559,14.490438825128393,80.83129982856805
81.25157875075381,4.678236928537801,14.490451965128964,80.83131110633323
81.28385264373708,4.678212529997717,14.49046509454997,80.83132237545232
81.31612294923835,4.678188150517783,14.490478213485758,80.83133363599646
81.34838967084048,4.678163789935601,14.490491322028987,80.8313448880354
81.38065281210056,4.678139448092214,14.490504420270303,80.83135613163748
81.41291237655051,4.67811512483184,14.490517508298614,80.83136736686954
81.44516836769755,4.67809082000194,14.490530586200986,80.83137859379707
81.47742078902459,4.678066533453107,14.490543654062767,80.83138981248412
81.5096696439908,4.678042265039166,14.49055671196746,80.83140102299338
81.5419149360322,4.6780180146170105,14.490569759996896,80.83141222538609
81.57415666856183,4.677993782046744,14.490582798231067,80.8314234197222
81.60639484497057,4.677969567191579,14.49059582674822,80.8314346060602
81.63862946862747,4.677945369919111,14.49060884562422,80.83144578445666
81.67086054288042,4.677921190105964,14.490621854929762,80.83145695496428
81.7030880710573,4.677897027624515,14.490634854737946,80.83146811763754
81.73531205646569,4.6778728823500995,14.490647845120286,80.83147927252962
81.76753250239321,4.677848754161046,14.490660826146604,80.83149041969236
81.79974941210793,4.677824642938769,14.49067379788495,80.83150155917627
81.83196278885875,4.677800548567503,14.490686760401871,80.83151269103062
81.86417263587609,4.677776470934558,14.490699713762133,80.83152381530331
81.89637895637209,4.677752409930109,14.490712658028915,80.83153493204098
81.92858175354115,4.677728365447223,14.49072559326379,80.83154604128899
81.96078103056043,4.67770433738184,14.490738519526728,80.83155714309143
81.99297679059016,4.677680325632852,14.490751436876012,80.83156823749114
82.02516903677413,4.677656330101881,14.49076434536845,80.83157932452967
82.05735777224022,4.677632350693442,14.490777245059194,80.83159040424736
82.08954300010059,4.677608387314924,14.490790136001769,80.83160147668332
82.12172472345233,4.677584439876286,14.490803018248352,80.83161254187536
82.15390294537772,4.677560508290534,14.490815891849303,80.83162359986017
82.18607766894488,4.677536592473221,14.490828756853634,80.83163465067315
82.21824889720779,4.677512692342688,14.490841613308788,80.83164569434852
82.250416633207,4.677488807820025,14.490854461260644,80.83165673091933
82.28258087997003,4.677464938828988,14.490867300753616,80.83166776041739
82.31474164051176,4.677441085296047,14.490880131830572,80.83167878287338
82.34689891783458,4.677417247150284,14.490892954532944,80.83168979831677
82.37905271492913,4.6773934243233795,14.490905768900738,80.83170080677588
82.41120303477445,4.677369616749837,14.490918574972284,80.83171180827789
82.44334988033856,4.677345824366499,14.490931372784729,80.83172280284877
82.47549325457872,4.677322047112974,14.490944162373593,80.83173379051343
82.50763316044178,4.6772982849314495,14.49095694377295,80.8317447712956
82.5397696008647,4.677274537766464,14.490969717015654,80.83175574521788
82.57190257877488,4.677250805968951,14.490982481846343,80.8317667121847
82.60403209714615,4.677227089498331,14.490995238284853,80.83177767221682
82.6361581589448,4.677203387709229,14.49100798678117,80.8317886255096
82.668280767046,4.677179700585237,14.491020727344184,80.83179957207058
82.70039992432073,4.6771560281100175,14.491033459982738,80.83181051190724
82.73251563363623,4.677132370267284,14.491046184705633,80.83182144502709
82.76462789785565,4.677108727040545,14.491058901521878,80.83183237143759
82.79673671983815,4.677085098416764,14.491071610438436,80.8318432911448
82.82884210243945,4.677061484384824,14.491084311461183,80.831854204154
82.86094404851204,4.677037884928423,14.491097004598954,80.83186511047262
82.89304256090448,4.67701430003129,14.491109689860588,80.83187601010813
82.92513764246128,4.676990729677141,14.491122367254922,80.83188690306794
82.95722929602313,4.676967173849766,14.491135036790748,80.83189778935949
82.98931752442674,4.676943632533015,14.4911476984768,80.83190866899018
83.02140233050488,4.676920105710663,14.491160352321906,80.83191954196744
83.05348371708645,4.676896593438965,14.491172998262373,80.83193040829866
83.08556168700542,4.676873095480117,14.491185636526716,80.83194126799317
83.11763624306417,4.67684961204437,14.491198266901256,80.83195212105437
83.14970738808958,4.676826143038565,14.4912108894698,80.83196296749163
83.1817751248949,4.676802688446735,14.49122350424096,80.83197380731231
83.2138394562895,4.676779248252791,14.49123611122349,80.83198464052373
83.24590038507905,4.676755822440729,14.491248710426072,80.8319954671332
83.27887174881509,4.676731597800233,14.491261747201545,80.83200665499822
83.3118394311407,4.676707395155939,14.491274771837459,80.8320178330066
83.34480343619944,4.676683214325661,14.491287784413483,80.83202900126085
83.37776376810386,4.676659055092417,14.491300785052752,80.83204015985484
83.41072043093149,4.67663491724293,14.491313773876252,80.83205130888082
83.44367342872525,4.676610800567284,14.491326751003154,80.83206244842957
83.4766227654941,4.676586704859111,14.491339716550588,80.8320735785903
83.50956844521353,4.676562629915427,14.491352670633859,80.83208469945072
83.54251047182623,4.676538575536838,14.491365613366156,80.832095811097
83.57544884924255,4.676514541527205,14.491378544858932,80.83210691361387
83.60838358134104,4.67649052769374,14.491391465221776,80.83211800708449
83.64131467196901,4.676466533847255,14.491404374562158,80.83212909159059
83.67424212494302,4.676442559801669,14.491417272985904,80.83214016721243
83.70716594404965,4.6764186053743115,14.491430160596902,80.83215123402879
83.74008613304547,4.676394670385864,14.49144303749713,80.832162292117
83.77300269565833,4.676370754660152,14.491455903786864,80.83217334155299
83.80591563558721,4.676346858024339,14.491468759564476,80.83218438241119
83.83882495650313,4.676322980308876,14.491481604926474,80.83219541476466
83.87173066204939,4.67629912134733,14.491494439967747,80.83220643868492
83.90463275584234,4.6762752809765455,14.491507264781141,80.83221745424231
83.93753124147175,4.676251459036437,14.491520079457903,80.83222846150566
83.97042612250125,4.67622765537671,14.491532884083833,80.83223946053945
84.00331740247013,4.676203869845376,14.491545678745545,80.83225045140907
84.0362050848925,4.676180102291723,14.49155846352905,80.83226143417923
84.06908917325813,4.676156352568147,14.491571238518585,80.83227240891327
84.10196967103263,4.6761326205300024,14.491584003796786,80.83228337567321
84.13484658165795,4.676108906035791,14.491596759444478,80.83229433451973
84.1677199085529,4.676085208947096,14.491609505540733,80.83230528551218
84.20058965511362,4.6760615291287335,14.491622242162435,80.83231622870883
84.23345582471407,4.676037866446606,14.491634969387654,80.83232716416575
84.26631842070634,4.676014220773126,14.491647687288033,80.83233809193884
84.29917744642138,4.675990591980948,14.491660395936941,80.83234901208212
84.33203290516936,4.675966979946363,14.49167309540525,80.83235992464839
84.36488480024,4.675943384548515,14.491685785762275,80.83237082968921
84.39773313490305,4.6759198056695235,14.491698467075615,80.83238172725487
84.43057791240905,4.675896243194357,14.491711139411285,80.83239261739436
84.46341913598927,4.675872697010769,14.491723802833759,80.83240350015546
84.49625680885653,4.675849167009379,14.491736457405905,80.83241437558472
84.5290909342055,4.675825653083689,14.49174910318893,80.83242524372739
84.56192151521319,4.675802155129823,14.491761740242652,80.83243610462752
84.59474855503935,4.675778673046747,14.491774368625258,80.83244695832799
84.62757205682684,4.675755206736259,14.491786988393333,80.8324578048704
84.6603920237022,4.67573175610268,14.491799599602121,80.83246864429519
84.69320845877577,4.67570832105332,14.491812202305082,80.8324794766416
84.72602136514276,4.675684901498016,14.49182479655434,80.83249030194764
84.75883074588289,4.675661497349211,14.491837382400583,80.8325011202502
84.79163660406118,4.6756381085221355,14.491849959892884,80.83251193158499
84.82443894272842,4.675614734934612,14.491862529078897,80.83252273598649
84.85723776492144,4.675591376507185,14.491875090004697,80.83253353348812
84.89003307366359,4.675568033162792,14.49188764271512,80.8325443241221
84.92282487196526,4.675544704827109,14.491900187253407,80.83255510791949
84.9556131628238,4.675521391428408,14.491912723661324,80.83256588491027
84.98839794922449,4.6754980928973735,14.491925251979362,80.83257665512326
85.02117923414063,4.675474809167314,14.4919377722465,80.83258741858619
85.05395702053393,4.675451540174084,14.491950284500282,80.83259817532563
85.0867313113551,4.675428285855969,14.491962788776917,80.83260892536713
85.11950210954383,4.675405046154418,14.491975285110833,80.83261966873475
85.15226941802985,4.67538182102007,14.49198777353132,80.83263040544861
85.18503323973373,4.675358610398783,14.492000254070241,80.83264113553096
85.21779357756658,4.675335414238523,14.492012726758471,80.83265185900301
85.25055043442998,4.675312233192926,14.492025191126157,80.83266257568091
85.28330381331686,4.675289066520016,14.49203764768921,80.83267328579078
85.31605371711233,4.675265914001431,14.492050096598255,80.83268398940031
85.34880014866879,4.675242775621549,14.492062537861777,80.83269468651667
85.38154311083474,4.675219651364784,14.49207497148823,80.83270537714698
85.41428260645475,4.675196541215638,14.492087397486001,80.83271606129836
85.4470186383694,4.675173445158589,14.492099815863499,80.83272673897791
85.47975120941557,4.675150363178142,14.492112226629125,80.83273741019273
85.51248032242614,4.675127295258862,14.492124629791226,80.8327480749499
85.54520598023021,4.6751042413852435,14.492137025358234,80.83275873325653
85.57792818565284,4.675081201541967,14.492149413338398,80.83276938511963
85.61064694151553,4.675058175713494,14.492161793740197,80.8327800305463
85.64336225063559,4.675035163884567,14.492174166571845,80.83279066954358
85.67607411582692,4.6750121660397275,14.492186531841758,80.83280130211851
85.70878253989916,4.674989182163706,14.492198889558185,80.83281192827812
85.7414875256583,4.674966212241223,14.492211239729391,80.8328225480294
85.7741890759066,4.674943256256876,14.492223582363762,80.83283316137937
85.80688719344244,4.674920314195481,14.492235917469486,80.83284376833504
85.83958188106025,4.674897386041682,14.492248245054942,80.83285436890337
85.87227314155093,4.67487447178039,14.492260565128234,80.83286496309138
85.90496097770136,4.674851571396343,14.49227287769766,80.832875550906
85.93856765726456,4.67482789501041,14.49228561531515,80.83288648967444
85.97217063434684,4.6748042399236125,14.492298341181082,80.8328974188953
86.0057699130737,4.674780605961821,14.49231105537018,80.83290833866799
86.03936549754003,4.674756992915461,14.49232375800132,80.83291924908322
86.07295739180584,4.674733400578242,14.492336449191578,80.83293015023017
86.10654559989676,4.674709828747335,14.49234912905605,80.83294104219661
86.1401301258047,4.6746862772232305,14.492361797707986,80.83295192506878
86.17371097348844,4.674662745809713,14.492374455258789,80.83296279893149
86.20728814687398,4.674639234313814,14.492387101818066,80.83297366386813
86.24086164985505,4.674615742545938,14.49239973749349,80.83298451996058
86.2744314862941,4.674592270319663,14.492412362390999,80.83299536728934
86.30799766002224,4.674568817453846,14.492424976613554,80.8330062059326
86.34156017484042,4.674545383774713,14.492437580259946,80.83301703596536
86.3751190346611,4.6745219691053554,14.492450173430734,80.83302785746392
86.40867424294574,4.674498573272331,14.492462756224603,80.83303867050307
86.44222580354825,4.674475196105048,14.492475328738585,80.83304947515637
86.47577372015358,4.674451837436064,14.49248789106798,80.83306027149595
86.50931799641882,4.674428497101084,14.49250044330634,80.83307105959257
86.54285863597337,4.674405174939041,14.492512985545417,80.83308183951554
86.5763956424199,4.674381870791737,14.492525517875215,80.83309261133304
86.60992901933447,4.674358584504022,14.492538040384192,80.83310337511178
86.6434587702672,4.674335315923794,14.492550553159047,80.83311413091717
86.67698489874289,4.6743120649018985,14.492563056284864,80.83312487881325
86.71050740826102,4.6742888312923405,14.492575549844865,80.8331356188628
86.74402630229703,4.674265614951832,14.492588033920875,80.8331463511273
86.7775415843018,4.674242415740272,14.49260050859282,80.8331570756669
86.81105325770302,4.6742192335202,14.49261297393927,80.83316779254052
86.84456132590522,4.67419606815735,14.492625430036881,80.83317850180578
86.87806579229024,4.674172919520151,14.49263787696088,80.83318920351897
86.91156666021777,4.674149787479964,14.492650314784813,80.83319989773521
86.94506393302598,4.674126671910905,14.492662743580729,80.83321058450836
86.97855761403149,4.6741035726899245,14.492675163419074,80.83322126389099
87.01204770653037,4.674080489696928,14.492687574368594,80.83323193593448
87.04553421379842,4.674057422814403,14.492699976496654,80.83324260068893
87.07901713909143,4.67403437192771,14.492712369868975,80.83325325820331
87.11249648564569,4.674011336924937,14.492724754549762,80.8332639085253
87.14597225667863,4.67398831769694,14.492737130601649,80.83327455170142
87.17944445538912,4.6739653141371615,14.492749498085871,80.83328518777697
87.2129130849577,4.673942326141841,14.492761857062067,80.8332958167961
87.24637814854749,4.673919353609928,14.492774207588328,80.83330643880174
87.27983964930414,4.673896396442849,14.492786549721433,80.83331705383571
87.31329759035656,4.673873454544783,14.492798883516594,80.83332766193863
87.34675197481728,4.673850527822648,14.492811209027415,80.83333826314994
87.38020280578267,4.673827616185722,14.492823526306294,80.83334885750799
87.41365008633362,4.673804719546033,14.492835835404023,80.83335944504995
87.44709381953578,4.673781837818076,14.492848136370046,80.83337002581187
87.48053400844015,4.673758970919,14.492860429252286,80.83338059982871
87.51397065608312,4.673736118773078,14.492872714094737,80.83339116713219
87.54740376548803,4.673713281305704,14.492884990940603,80.8334017277537
87.58083333966513,4.673690458441426,14.492897259833734,80.83341228172483
87.6142593816114,4.673667650107256,14.492909520816585,80.83342282907616
87.64768189431113,4.673644856232858,14.492921773930059,80.83343336983708
87.68110088073622,4.673622076750146,14.49293401921388,80.83344390403597
87.71451634384648,4.673599311593582,14.492946256706297,80.83345443170012
87.74792828659017,4.673576560700007,14.492958486444238,80.83346495285575
87.78133671190416,4.673553824008674,14.492970708463293,80.83347546752803
87.81474162271465,4.673531101461291,14.492982922797633,80.83348597574107
87.84814302193728,4.673508393001737,14.492995129480313,80.83349647751795
87.88154091247759,4.673485698576414,14.493007328542884,80.8335069728807
87.91493529723127,4.673463018134033,14.493019520015634,80.83351746185033
87.94832617908482,4.673440351625543,14.493031703927628,80.83352794444683
87.98171356091564,4.6734176998294865,14.493043879720647,80.83353842044987
88.01509744571302,4.67339506169599,14.493056048128604,80.8335488901754
88.04847783631084,4.673372437210289,14.493068209159485,80.83355935363022
88.08185473553885,4.6733498263575335,14.49308036282135,80.83356981082112
88.11522814622329,4.673327229123025,14.493092509122132,80.83358026175485
88.14859807118634,4.673304645491989,14.49310464806985,80.83359070643816
88.18196451324663,4.673282075449676,14.493116779672485,80.83360114487785
88.21532747521866,4.673259518981359,14.493128903938029,80.83361157708062
88.24868695991339,4.673236976072414,14.493141020874376,80.83362200305321
88.28204297013794,4.6732144467081795,14.493153130489455,80.83363242280237
88.31539550869567,4.673191930873929,14.493165232791275,80.83364283633479
88.34874457838613,4.673169428555083,14.493177327787718,80.8336532436572
88.3820901820051,4.673146939737067,14.493189415486654,80.83366364477628
88.41543232234471,4.673124464405252,14.493201495896027,80.83367403969872
88.44877100219318,4.673102002545083,14.493213569023714,80.8336844284312
88.48210622433506,4.673079554141977,14.49322563487763,80.83369481098039
88.51543799155127,4.673057119181443,14.493237693465598,80.83370518735296
88.5487663066189,4.673034697648992,14.493249744795472,80.83371555755554
88.58209117231128,4.673012289530143,14.493261788875081,80.83372592159478
88.61541259139803,4.6729898948104,14.493273825712292,80.83373627947731
88.64966129041312,4.672966746611511,14.493286275220536,80.83374697816795
88.68390626539136,4.672943619047033,14.49329871334529,80.83375766760767
88.71814752044116,4.672920511951669,14.49331114015762,80.83376834789071
88.75238505964114,4.672897425126569,14.493323555770193,80.83377901910323
88.78661888703576,4.672874358371885,14.493335960296491,80.83378968133162
88.82084900663548,4.672851311491217,14.493348353847951,80.83380033466084
88.85507542241703,4.672828284291348,14.49336073653425,80.8338109791744
88.88929813832412,4.672805276582249,14.493373108463278,80.83382161495447
88.92351715826786,4.672782288177082,14.493385469741114,80.8338322420818
88.95773248612738,4.672759318892106,14.493397820472143,80.83384286063576
88.99194412575036,4.67273636854676,14.493410160758932,80.83385347069431
89.02615208095374,4.672713436963537,14.493422490702368,80.8338640723341
89.06035635552365,4.672690523968065,14.493434810401554,80.83387466563038
89.09455695321664,4.6726676293890135,14.493447119953906,80.83388525065708
89.12875387775976,4.672644753058039,14.493459419455181,80.83389582748678
89.16294713285127,4.672621894809996,14.493471708999278,80.83390639619073
89.19713672216102,4.672599054482552,14.493483988678602,80.83391695683885
89.23132264933086,4.67257623191641,14.493496258583823,80.83392750949977
89.26550491797556,4.672553426955249,14.49350851880399,80.83393805424076
89.29968353168276,4.672530639445864,14.493520769426322,80.83394859112781
89.33385849401397,4.672507869237753,14.493533010536504,80.83395912022574
89.36802980850467,4.672485116183277,14.493545242218744,80.83396964159797
89.40219747866497,4.672462380137753,14.493557464555536,80.83398015530672
89.43636150798005,4.672439660959505,14.493569677627645,80.83399066141284
89.4705218999107,4.672416958509448,14.49358188151447,80.83400115997608
89.50467865789362,4.67239427265152,14.49359407629366,80.83401165105482
89.53883178534213,4.672371603252455,14.493606262041276,80.83402213470627
89.57298128564648,4.672348950181694,14.49361843883192,80.83403261098638
89.60712716217441,4.672326313311437,14.493630606738645,80.83404307994992
89.6412694182715,4.672303692516718,14.493642765832876,80.8340535416504
89.67540805726156,4.672281087675273,14.493654916184559,80.83406399614017
89.70954308244745,4.672258498667598,14.493667057862048,80.83407444347034
89.74367449711116,4.672235925376722,14.493679190932365,80.83408488369092
89.77780230451432,4.672213367688478,14.493691315460907,80.83409531685062
89.81192650789879,4.672190825491375,14.493703431511564,80.83410574299705
89.846047110487,4.6721682986765485,14.49371553914677,80.83411616217668
89.88016411548233,4.672145787137691,14.493727638427542,80.83412657443476
89.91427752606968,4.672123290771238,14.493739729413308,80.83413697981545
89.94838734541575,4.67210080948334,14.493751812158173,80.8341473783585
89.98249357667076,4.672078343175959,14.49376388671836,80.83415777010568
90.01659622296773,4.672055891752954,14.493775953149274,80.83416815509777
90.05069528742281,4.672033455120972,14.493788011504643,80.83417853337438
90.08479077313558,4.672011033189115,14.493800061836836,80.83418890497404
90.11888268318982,4.671988625868917,14.493812104196902,80.83419926993417
90.1529710206535,4.671966233074483,14.493824138634414,80.8342096282911
90.18705578857939,4.6719438547224,14.493836165197546,80.83421998008006
90.22113699000553,4.671921490731657,14.493848183933162,80.83423032533518
90.25521462795561,4.671899141023585,14.493860194886837,80.83424066408958
90.28928870543916,4.671876805522246,14.493872198102508,80.83425099637525
90.32335922545221,4.671854484153785,14.49388419362306,80.83426132222316
90.35742619097745,4.671832176846804,14.493896181490001,80.8342716416632
90.39148960498486,4.671809883532439,14.493908161743324,80.83428195472425
90.42554947043189,4.671787604144,14.4939201344219,80.8342922614341
90.45960579026398,4.671765338617278,14.493932099563162,80.83430256181956
90.4936585674149,4.671743086890252,14.49394405720334,80.8343128559064
90.52770780480706,4.671720848903264,14.493956007377365,80.83432314371936
90.56175350535196,4.671698624598949,14.493967950118853,80.8343334252822
90.59579567195047,4.671676413922326,14.493979885460053,80.83434370061762
90.62983430749357,4.671654216820901,14.493991813431444,80.83435396974765
90.66386941486198,4.671632033242556,14.494003734065094,80.83436423269235
90.69790099692713,4.671609863140853,14.494015647387121,80.83437448947203
90.73192905655144,4.671587706717531,14.494027553249222,80.83438474003324
90.76595359662605,4.67156556416769,14.494039451505841,80.83439498432648
90.79997462006939,4.67154343479751,14.494051342641331,80.83440522256116
90.83399212969366,4.671521318592978,14.494063226663261,80.83441545474376
90.8680061283071,4.671499215540046,14.49407510357924,80.83442568088071
90.90201661871458,4.671477125624632,14.494086973396906,80.83443590097846
90.93602360371705,4.671455048832781,14.494098836123795,80.83444611504342
90.97002708611153,4.67143298515049,14.494110691767492,80.83445632308201
91.00402706869176,4.671410934563832,14.49412254033552,80.83446652510065
91.03802355424752,4.671388897058794,14.494134381835485,80.83447672110572
91.07201654556484,4.671366872621557,14.494146216274824,80.83448691110362
91.1060060454263,4.671344861238102,14.494158043661171,80.83449709510073
91.13999205661061,4.6713228628946135,14.494169864001961,80.83450727310343
91.17397458189268,4.671300877583397,14.49418167730129,80.83451744511532
91.20795362404506,4.671278905291771,14.494193483565887,80.83452761114233
91.24192918583654,4.671256946005828,14.494205282803305,80.83453777119087
91.27590127003242,4.67123499971163,14.49421707502113,80.83454792526724
91.30986987939411,4.671213066395439,14.494228860226766,80.83455807337779
91.3438350166796,4.671191146043401,14.49424063842773,80.83456821552886
91.3777966846431,4.671169238641742,14.494252409631475,80.83457835172678
91.41175488603524,4.671147344176729,14.494264173845414,80.83458848197786
91.44664867403935,4.671124718587303,14.494276338436974,80.83459894297572
91.48153871898424,4.671102112965583,14.494288492014759,80.83460939501965
91.51642502495554,4.671079527147063,14.49430063465113,80.8346198382018
91.5513075960082,4.671056960937824,14.494312766454692,80.83463027260748
91.58618643616326,4.671034414144392,14.494324887535665,80.83464069831993
91.62106154940764,4.671011886577065,14.49433699800172,80.83465111542122
91.65593293969496,4.670989378049356,14.494349097958686,80.83466152399195
91.69080061094608,4.670966888377699,14.49436118751081,80.83467192411149
91.72566456704953,4.670944417381752,14.494373266760432,80.83468231585782
91.76052481186215,4.670921964884005,14.494385335808424,80.83469269930757
91.79538134920939,4.67089953071006,14.494397394753838,80.83470307453611
91.83023418288624,4.6708771146884835,14.494409443694089,80.83471344161744
91.86508331665736,4.6708547166507355,14.494421482724992,80.83472380062427
91.89992875425787,4.67083233643129,14.494433511940642,80.83473415162807
91.93477049939354,4.67080997386762,14.494445531433426,80.83474449469895
91.96960855574156,4.6707876287998715,14.494457541294317,80.8347548299058
92.00444292695097,4.670765301071324,14.494469541612453,80.83476515731623
92.03927361664317,4.670742990527951,14.494481532475511,80.83477547699654
92.07410062841222,4.6707206970185675,14.494493513969658,80.83478578901178
92.10892396582581,4.670698420395127,14.494505486179044,80.83479609342584
92.14374363242518,4.670676160511931,14.494517449186725,80.83480639030134
92.17855963172596,4.6706539172263,14.494529403074011,80.8348166796997
92.21337196721854,4.670631690398329,14.494541347920647,80.83482696168103
92.2481806423685,4.670609479890729,14.49455328380496,80.83483723630431
92.2829856606172,4.670587285569117,14.494565210803573,80.8348475036273
92.31778702538205,4.670565107301727,14.494577128991704,80.83485776370657
92.35258474005722,4.6705429449595055,14.494589038443022,80.83486801659747
92.38737880801399,4.6705207984172095,14.494600939229068,80.83487826235371
92.42216923260119,4.670498667557428,14.494612831416978,80.83488850102559
92.45695601714691,4.670476552259071,14.494624715075934,80.834898732665
92.49173916495769,4.6704544524037255,14.494636590273648,80.83490895732263
92.52651867931881,4.670432367875453,14.494648457076481,80.83491917504807
92.5612945634951,4.670410298561001,14.494660315549249,80.83492938588975
92.59606682073104,4.670388244349579,14.494672165755428,80.834939589895
92.63083545425138,4.670366205133165,14.49468400775688,80.83494978710995
92.66560046726143,4.670344180805996,14.494695841614286,80.83495997757973
92.70036186294773,4.670322171265112,14.494707667386661,80.83497016134822
92.73511964447827,4.670300176409815,14.494719485131844,80.83498033845834
92.76987381500295,4.67027819614202,14.494731294906165,80.83499050895182
92.80462437765411,4.670256230366046,14.494743096764632,80.83500067286933
92.83937133554684,4.670234278988768,14.494754890760781,80.83501083025045
92.8741146917794,4.6702123419193855,14.494766676946888,80.83502098113374
92.90885444943363,4.67019041906958,14.494778455373822,80.8350311255566
92.94359061157539,4.670168510353431,14.494790226091107,80.83504126355547
92.97832318125495,4.67014661568732,14.494801989147016,80.83505139516566
93.01305216150753,4.670124734990151,14.494813744588345,80.8350615204215
93.04777755535348,4.670102868183078,14.494825492460677,80.83507163935624
93.08249936579867,4.670081015189597,14.494837232808285,80.83508175200211
93.11721759583511,4.6700591759356005,14.494848965674068,80.83509185839033
93.15193224844113,4.670037350349177,14.49486069109974,80.83510195855108
93.18664332658182,4.670015538360742,14.494872409125708,80.83511205251355
93.2213508332095,4.6699937399031,14.494884119790985,80.83512214030591
93.25605477126409,4.669971954911185,14.494895823133454,80.83513222195535
93.2907551436733,4.669950183322226,14.494907519189699,80.83514229748808
93.32545195335312,4.669928425075668,14.494919207995046,80.8351523669293
93.36014520320838,4.6699066801132085,14.494930889583586,80.83516243030321
93.39483489613289,4.6698849483786855,14.494942563988205,80.83517248763312
93.42952103500977,4.6698632298182225,14.494954231240479,80.8351825389413
93.46420362271212,4.66984152437998,14.494965891370901,80.83519258424911
93.49888266210301,4.669819832014336,14.494977544408705,80.83520262357696
93.53355815603598,4.669798152673864,14.494989190381869,80.83521265694426
93.56823010735553,4.669776486313276,14.495000829317167,80.83522268436955
93.60289851889733,4.66975483340434,14.495012460874593,80.83523270572105
93.63756339356826,4.669733193519831,14.495024085348843,80.83524272113132
93.6722247342073,4.66971156635069,14.49503570295547,80.83525273069384
93.7068825436036,4.669689951883864,14.495047313701365,80.83526273441477
93.74153682454305,4.6696683501056295,14.49505891759413,80.83527273230024
93.77618757980758,4.669646761002929,14.495070514640709,80.83528272435636
93.81083481217559,4.669625184562386,14.495082104848365,80.83529271058924
93.84547852442192,4.669603620770569,14.495093688224415,80.83530269100501
93.8801187193177,4.669582069614397,14.495105264775853,80.83531266560975
93.91475539963038,4.669560531080491,14.495116834509963,80.83532263440955
93.94938856812395,4.669539005155603,14.495128397433918,80.83533259741048
93.98401822755862,4.669517491826585,14.495139953554789,80.83534255461863
94.01864438069116,4.669495991080117,14.495151502879832,80.83535250604005
94.05326703027454,4.66947450290302,14.49516304541617,80.83536245168081
94.0878861790583,4.669453027282259,14.495174581170792,80.83537239154694
94.12250182978835,4.669431564204529,14.495186110150959,80.83538232564452
94.15711398520693,4.669410113656718,14.495197632363748,80.83539225397953
94.1917226480529,4.669388675625736,14.49520914781623,80.83540217655803
94.22632782106142,4.669367250098439,14.495220656515528,80.83541209338603
94.26187707410449,4.669345114080981,14.495232554255846,80.83542233166318
94.29742256141346,4.669322997405495,14.495244441331176,80.83543256126333
94.3329642870559,4.669300899916485,14.495256317807065,80.83544278227646
94.36850225506952,4.669278821424694,14.495268183790913,80.83545299478439
94.40403646945812,4.669256761743962,14.495280039388339,80.8354631988677
94.43956693419165,4.669234720691203,14.49529188470318,80.83547339460561
94.47509365320698,4.669212698086063,14.49530371983786,80.83548358207608
94.51061663040862,4.66919069375137,14.495315544892904,80.83549376135572
94.54613586966876,4.6691687075127195,14.49532735996736,80.83550393251993
94.58165137482821,4.66914673919866,14.495339165158594,80.83551409564275
94.61716314969681,4.669124788640622,14.495350960562355,80.83552425079702
94.65267119805391,4.669102855672875,14.495362746272814,80.8355343980543
94.6881755236488,4.66908094013252,14.495374522382562,80.83554453748492
94.72367613020133,4.669059041859543,14.49538628898254,80.83555466915791
94.7591730214025,4.669037160696734,14.495398046162125,80.83556479314113
94.79466620091463,4.669015296489584,14.495409794009218,80.83557490950119
94.83015567237214,4.668993449086405,14.4954215326101,80.83558501830349
94.8656414393819,4.668971618338214,14.495433262049588,80.83559511961221
94.90112350552391,4.668949804100112,14.495444982410136,80.83560521348976
94.93660187435182,4.668928006234558,14.495456693770192,80.83561529999525
94.97207654939416,4.668906224600923,14.495468396209631,80.83562537918945
95.00754753415393,4.668884459060798,14.495480089807458,80.83563545113175
95.04301483210904,4.668862709478741,14.49549177464084,80.83564551588042
95.0784784467127,4.6688409757218805,14.495503450785543,80.83565557349257
95.11393838139406,4.668819257659936,14.495515118315888,80.83566562402417
95.14939463955842,4.668797555165358,14.495526777304612,80.83567566753003
95.18484722458798,4.668775868113045,14.49553842782315,80.8356857040638
95.220296139842,4.668754196380533,14.495550069941427,80.83569573367804
95.25574138865754,4.668732539847947,14.49556170372789,80.83570575642416
95.29118297434965,4.668710898397828,14.495573329249698,80.83571577235247
95.32662090021196,4.668689271915338,14.495584946572498,80.83572578151217
95.36205516951713,4.668667660288061,14.49559655576061,80.83573578395134
95.39748578551713,4.668646063406252,14.495608156876779,80.83574577971697
95.432912751444,4.668624481162353,14.495619749982646,80.835755768855
95.46833607050988,4.66860291345139,14.49563133513835,80.83576575141026
95.50375574590764,4.6685813601709985,14.495642912402495,80.83577572742651
95.53917178081151,4.668559821220929,14.495654481832624,80.83578569694645
95.57458417837707,4.6685382965034545,14.49566604348482,80.83579566001173
95.60999294174194,4.6685167859233285,14.495677597413742,80.83580561666292
95.64539807402606,4.668495289387579,14.495689143672816,80.8358155669396
95.68079957833233,4.6684738068055776,14.495700682314144,80.83582551088028
95.7161974577468,4.668452338089064,14.495712213388522,80.83583544852242
95.75159171533915,4.668430883152119,14.495723736945395,80.83584537990248
95.78698235416304,4.668409441911136,14.495735253032931,80.83585530505593
95.82236937725668,4.668388014284709,14.495746761698097,80.8358652240172
95.85775278764305,4.6683666001938215,14.495758262986474,80.8358751368197
95.89313258833027,4.668345199561658,14.495769756942444,80.8358850434959
95.92850878231218,4.66832381231363,14.495781243609143,80.83589494407722
95.9638813725686,4.66830243837742,14.49579272302842,80.83590483859416
95.99925036206571,4.668281077682956,14.495804195240861,80.83591472707619
96.0346157537564,4.668259730162245,14.49581566028593,80.83592460955182
96.0699775505808,4.668238395749675,14.495827118201685,80.83593448604864
96.10533575546656,4.668217074381565,14.495838569025196,80.83594435659323
96.14069037132916,4.668195765996593,14.495850012792143,80.83595422121125
96.17604140107235,4.668174470536794,14.495861449536365,80.83596407992684
96.2113888475888,4.668153187950674,14.495872879288013,80.83597393276132
96.24673271376105,4.668131918183142,14.495884302079304,80.83598377973755
96.282073002461,4.668110661181279,14.49589571794124,80.83599362087747
96.31740971655036,4.668089416894217,14.49590712690368,80.83600345620209
96.35274285888066,4.668068185273171,14.495918528995302,80.83601328573153
96.38807243229418,4.668046966271371,14.4959299242437,80.83602310948493
96.42339843962377,4.6680257598441095,14.495941312675278,80.8360329274806
96.45872088369356,4.668004565948762,14.495952694315273,80.83604273973597
96.49403976731887,4.667983385267094,14.49596406867481,80.8360525460581
96.52935509342208,4.667962216880276,14.495975436396316,80.83606234672341
96.56466686477714,4.667941060775519,14.49598679748673,80.83607214173776
96.59997508415462,4.66791991694007,14.495998151952952,80.83608193110699
96.63527975432125,4.667898785361343,14.496009499801746,80.83609171483691
96.67058087804045,4.6678776660265715,14.49602084104004,80.83610149293338
96.70587845807184,4.667856558923096,14.496032175674681,80.83611126540222
96.74117249717172,4.667835464038305,14.496043503712459,80.83612103224924
96.77646299809258,4.667814381359536,14.496054825160229,80.83613079348024
96.81174996358354,4.667793310874093,14.496066140024896,80.836140549101
96.84703339639009,4.667772252569481,14.496077448313155,80.83615029911738
96.88231329925416,4.667751206433061,14.496088750031866,80.83616004353507
96.91758967491428,4.667730172452219,14.496100045187866,80.83616978235992
96.95286252610528,4.667709150614456,14.496111333787882,80.83617951559766
96.9881318555587,4.667688140907667,14.496122615837976,80.83618924325435
97.02339766600237,4.667667143317632,14.496133891347322,80.83619896533504
97.05865996016047,4.667646157833849,14.496145160320111,80.83620868184605
97.09391874075403,4.667625184443049,14.496156422764011,80.83621839279293
97.12917401050045,4.667604223132753,14.496167678685767,80.83622809818148
97.165381721943,4.667582570849851,14.496179312949971,80.83623811620018
97.20158564729167,4.667560937336682,14.496190936865505,80.83624812579782
97.23778579059959,4.667539322441659,14.496202550496804,80.83625812706154
97.27398215589015,4.667517725981263,14.496214153947957,80.83626812007078
97.31017474715291,4.667496147774871,14.496225747321423,80.8362781049037
97.3463635683438,4.667474587644749,14.496237330718042,80.8362880816372
97.38254862338586,4.667453045415941,14.496248904237122,80.83629805034693
97.41872991616945,4.667431520916418,14.49626046797629,80.83630801110729
97.45490745055326,4.6674100139770065,14.496272022031617,80.83631796399138
97.49108123036441,4.667388524438149,14.496283566493748,80.8363279090681
97.5272512594003,4.667367052136261,14.496295101455505,80.83633784640824
97.56341754142821,4.667345596910212,14.496306627008524,80.83634777608127
97.59958008018518,4.667324158601923,14.496318143242561,80.83635769815551
97.63573887937892,4.667302737055849,14.496329650246063,80.83636761269808
97.67189394268841,4.6672813321191,14.496341148105971,80.83637751977493
97.70804527376407,4.667259943641727,14.496352636907503,80.83638741945077
97.74419287622827,4.667238571476148,14.49636411673466,80.83639731178918
97.78033675367628,4.667217215477608,14.496375587669785,80.8364071968526
97.81647690967614,4.667195875503934,14.49638704979382,80.83641707470225
97.85261334776935,4.667174551415661,14.496398503186173,80.83642694539816
97.8887460714718,4.667153243075809,14.496409947924773,80.83643680899941
97.92487508427341,4.667131950349927,14.496421384086267,80.8364466655638
97.96100038963921,4.667110673106216,14.496432811745752,80.83645651514803
97.99712199100972,4.667089411215411,14.496444230976909,80.83646635780768
98.03323989180123,4.667068164550703,14.49645564185208,80.83647619359722
98.06935409540634,4.667046932987966,14.496467044442015,80.83648602257001
98.10546460519427,4.66702571640535,14.496478438816297,80.83649584477836
98.14157142451172,4.667004514683621,14.49648982504298,80.8365056602734
98.17767455668279,4.6669833277059825,14.496501203188755,80.83651546910527
98.21377400501,4.666962155358069,14.496512573318968,80.83652527132297
98.24986977277419,4.6669409975279335,14.496523935497605,80.83653506697446
98.28596186323519,4.6669198541794366,14.496535289713835,80.83654485610673
98.32205027964334,4.666898724980414,14.496546636252102,80.8365546387675
98.3581350251949,4.666877610055991,14.496557974946455,80.83656441499755
98.39421610310124,4.6668565092255125,14.496569305931766,80.83657418484272
98.4302935165424,4.666835422388918,14.49658062926536,80.83658394834572
98.46636726867962,4.666814349448505,14.496591945003246,80.83659370554825
98.50243736265568,4.666793290308834,14.496603253200178,80.83660345649099
98.53850380159527,4.666772244876807,14.496614553909588,80.83661320121361
98.57456658860553,4.666751213061667,14.49662584718355,80.83662293975478
98.61062572677629,4.666730194774745,14.49663713307308,80.83663267215218
98.64668121918058,4.666709189929803,14.496648411627735,80.83664239844246
98.68273306887501,4.666688198442789,14.49665968289588,80.83665211866133
98.7187812789002,4.666667220231792,14.496670946924706,80.8366618328435
98.75482585228112,4.666646255218031,14.496682203759615,80.83667154102235
98.79086679202747,4.666625303330356,14.496693453441281,80.83668124322836
98.82690410113544,4.6666043644919855,14.496704696015343,80.83669093949267
98.86293778258644,4.666583438631678,14.496715931521614,80.83670062984672
98.89896783934812,4.6665625256776915,14.49672716000205,80.83671031432026
98.93499427437416,4.666541625561219,14.496738381496474,80.8367199929423
98.97101709060513,4.666520738215438,14.49674959604364,80.83672966574092
99.0070362909685,4.666499863575789,14.496760803680989,80.83673933274322
99.04305187837929,4.666479001579774,14.49677200444481,80.83674899397542
99.07906385574024,4.666458152166885,14.49678319837032,80.8367586494628
99.11507222594224,4.666437315278791,14.496794385491466,80.83676829922975
99.15107699186478,4.666416490859147,14.496805565841116,80.83677794329974
99.18707815637616,4.666395678853546,14.496816739451097,80.83678758169536
99.22307572233403,4.66637487920981,14.49682790635189,80.8367972144383
99.25906969258557,4.666354091877732,14.496839066572898,80.83680684154938
99.29506006996795,4.6663333168089505,14.496850220142546,80.8368164630485
99.33104685730873,4.666312553957114,14.49686136708814,80.83682607895474
99.36703005742596,4.666291803277994,14.496872507435723,80.83683568928627
99.40300967312874,4.666271064729187,14.496883641210367,80.83684529406044
99.43898570721763,4.666250338397533,14.49689476834565,80.83685489325681
99.47495816250554,4.666229624654585,14.496905888572245,80.83686448677317
99.5109270418645,4.666208922779385,14.496917002393934,80.83687407482668
99.54689234804682,4.666188232759925,14.496928109817159,80.83688365742292
99.5828540838012,4.666167554584031,14.49693921084854,80.83689323456743
99.61881225187265,4.666146888239686,14.496950305494547,80.83690280626577
99.65476685500307,4.666126233714789,14.496961393761737,80.83691237252347
99.69071789593065,4.666105590997381,14.49697247565654,80.83692193334609
99.72666537739012,4.666084960075346,14.496983551185535,80.83693148873911
99.7626093021127,4.666064340936774,14.496994620355123,80.8369410387081
99.79854967282627,4.66604373356958,14.49700568317186,80.83695058325856
99.83448649225512,4.666023137961852,14.497016739642168,80.83696012239598
99.87041976312015,4.66600255410164,14.497027789772481,80.83696965612587
99.90634948813877,4.665981981976825,14.497038833569434,80.83697918445374
99.94227567002491,4.665961421575624,14.49704987103932,80.83698870738506
99.9781983114891,4.665940872886211,14.49706090218849,80.8369982249253
100.0141174152384,4.6659203358964465,14.497071927023603,80.83700773707996
100.05003298397651,4.665899810594573,14.497082945550954,80.83701724385448
100.08690953873744,4.665878613486896,14.49709433188763,80.83702705462548
100.12378228376136,4.665857434587625,14.497105708187041,80.83703685722533
100.1606512230875,4.66583627375046,14.49711707451113,80.8370466517384
100.19751636072556,4.665815130797723,14.497128430960712,80.83705643824156
100.23437770065141,4.665794005554727,14.497139777634835,80.83706621681044
100.27123524680776,4.665772897849318,14.49715111463123,80.83707598751946
100.30808900310431,4.6657518075123505,14.49716244204583,80.83708575044182
100.34493897341856,4.665730734377214,14.497173759973226,80.83709550564956
100.38178516159638,4.6657096782801135,14.497185068506377,80.83710525321351
100.41862757145233,4.665688639059802,14.497196367736887,80.83711499320331
100.45546620677023,4.665667616557807,14.497207657754752,80.83712472568745
100.49230107130359,4.6656466106183965,14.497218938648402,80.8371344507332
100.52913216877634,4.665625621088252,14.497230210505,80.83714416840675
100.5659595028831,4.665604647816873,14.497241473410053,80.83715387877307
100.60278307728969,4.6655836906562715,14.497252727447696,80.83716358189604
100.63960289563377,4.665562749461001,14.49726397270065,80.83717327783835
100.676418961525,4.6655418240882875,14.497275209250096,80.83718296666162
100.71323127870659,4.665520914397675,14.49728643717597,80.83719264842635
100.75003985041306,4.665500020251729,14.497297656556457,80.83720232319182
100.78684468033447,4.6654791415150605,14.497308867468684,80.83721199101626
100.82364577197411,4.665458278054991,14.49732006998816,80.83722165195685
100.86044312881009,4.665437429741293,14.497331264189004,80.8372313060697
100.89723675429546,4.665416596446044,14.497342450144176,80.83724095340979
100.93402665185891,4.665395778043989,14.49735362792503,80.83725059403098
100.97081282490493,4.665374974412105,14.497364797601753,80.83726022798614
101.0075952768145,4.665354185430018,14.497375959242948,80.83726985532704
101.04437401094543,4.665333410979585,14.497387112916037,80.83727947610437
101.08114903063286,4.665312650945016,14.49739825868715,80.83728909036783
101.1179203391897,4.665291905213066,14.497409396620897,80.83729869816604
101.15468793990698,4.665271173672758,14.497420526780669,80.83730829954658
101.1914518360544,4.665250456215297,14.497431649228684,80.83731789455601
101.22821203088066,4.665229752734453,14.497442764025632,80.83732748323992
101.26496852761403,4.665209063126157,14.497453871231041,80.8373370656428
101.30172132946257,4.665188387288618,14.49746497090318,80.8373466418082
101.3384704396148,4.665167725122351,14.497476063099008,80.83735621177864
101.37521586123977,4.665147076530188,14.497487147874152,80.83736577559566
101.41195759748788,4.665126441423031,14.497498225279786,80.83737533329717
101.44869565149223,4.665105819708831,14.497509295368607,80.83738488492256
101.48543002636788,4.665085211296964,14.497520358192645,80.83739443051039
101.52216072521217,4.665064616099017,14.497531413802669,80.83740397009831
101.55888775110562,4.665044034028861,14.497542462248136,80.837413503723
101.59561110711147,4.6650234650023945,14.497553503577423,80.83742303142019
101.63233079627672,4.665002908937857,14.497564537837512,80.83743255322463
101.66904682163246,4.66498236575548,14.497575565074344,80.83744206917018
101.70575918619407,4.664961835377571,14.497586585332705,80.83745157928972
101.74246789296184,4.6649413177287515,14.497597598656004,80.83746108361525
101.77917294492083,4.664920812735597,14.49760860508662,80.83747058217779
101.81587434504205,4.664900320326783,14.497619604665744,80.83748007500748
101.85257209628227,4.664879840433021,14.497630597433444,80.83748956213354
101.88926620158446,4.664859372987161,14.497641583428553,80.83749904358429
101.92595666387842,4.664838917924031,14.49765256268883,80.83750851938714
101.96264348608081,4.664818475180543,14.497663535250826,80.83751798956862
101.99932667109587,4.664798044695492,14.497674501150115,80.83752745415438
102.0360062218154,4.664777626409864,14.497685460420948,80.83753691316919
102.07268214111944,4.664757220266515,14.497696413096584,80.8375463666369
102.10935443187668,4.664736826210179,14.497707359209269,80.83755581458055
102.1460230969444,4.664716444187781,14.497718298789932,80.83756525702228
102.18268813916933,4.664696074147994,14.497729231868597,80.8375746939834
102.21934956138753,4.664675716041506,14.497740158474132,80.83758412548437
102.25600736642505,4.664655369820976,14.49775107863428,80.83759355154474
102.29266155709836,4.664635035440829,14.497761992375855,80.83760297218332
102.3293121362142,4.664614712857499,14.49777289972449,80.837612387418
102.36595910657053,4.6645944020292704,14.497783800704816,80.83762179726591
102.40260247095651,4.6645741029162595,14.49779469534043,80.8376312017433
102.43924223215288,4.664553815843871,14.49780558339579,80.83764060076034
102.4758783929934,4.664533540633268,14.497816464990901,80.83764999437584
102.51251095628005,4.664513276896616,14.497827340395938,80.83765938270744
102.5491399247477,4.6644930246222485,14.497838209617267,80.83766876576048
102.58576530112803,4.6644727837987485,14.497849072661003,80.83767814354024
102.62238708814918,4.6644525544146225,14.49785992953337,80.837687516052
102.65900528853592,4.664432336458356,14.497870780240588,80.83769688330106
102.69561990500947,4.664412129918576,14.49788162478877,80.83770624529265
102.73223094028774,4.664391934787142,14.497892463182302,80.83771560203056
102.76883839708579,4.664371751055659,14.497903295425532,80.8377249535188
102.80544227811582,4.6643515787125445,14.497914121524778,80.83773429976267
102.84204258608663,4.664331417746392,14.49792494148619,80.83774364076741
102.87863932370357,4.664311268145823,14.497935755315897,80.83775297653828
102.91523249366874,4.664291129899378,14.497946563020111,80.83776230708051
102.95182209868074,4.664271002995688,14.497957364604966,80.83777163239935
102.98840814143473,4.664250887423336,14.497968160076638,80.83778095250003
103.02499062462253,4.66423078317104,14.497978949441192,80.83779026738776
103.0615695509328,4.664210690227416,14.497989732704792,80.8377995770678
103.0991178745198,4.664189944323111,14.498000873421535,80.83780918225536
103.13666236721438,4.664169216066077,14.498012004412436,80.83781877952148
103.17420303303653,4.664148505315394,14.498023125736752,80.83782836894785
103.21173987597707,4.664127811899437,14.498034237491789,80.83783795060877
103.2492728999933,4.664107135649089,14.49804533977352,80.83784752457738
103.28680210900924,4.664086476398053,14.49805643267627,80.83785709092568
103.32432750691665,4.664065833982656,14.498067516292897,80.83786664972445
103.36184909757503,4.664045208241658,14.498078590714977,80.83787620104337
103.39936688481245,4.6640245990168046,14.498089656032247,80.83788574495094
103.43688087242596,4.664004006151983,14.498100712333434,80.83789528151458
103.47439106418214,4.663983429493919,14.498111759705562,80.83790481080052
103.51189746381729,4.663962868891828,14.49812279823428,80.83791433287388
103.54940007503856,4.663942324197486,14.498133828003802,80.8379238477987
103.58689890152361,4.663921795265174,14.498144849096928,80.83793335563789
103.62439394692201,4.663901281951618,14.498155861595125,80.83794285645325
103.66188521485483,4.663880784116127,14.498166865578355,80.83795235030551
103.69937270891575,4.663860301620377,14.498177861125317,80.83796183725431
103.73685643267129,4.663839834328581,14.498188848313232,80.8379713173582
103.77433638966123,4.663819382107304,14.49819982721805,80.83798079067465
103.81181258339934,4.663798944825627,14.498210797914352,80.83799025726002
103.84928501737338,4.663778522355092,14.498221760475127,80.83799971716978
103.88675369504612,4.663758114569337,14.498232714972428,80.83800917045824
103.92421861985527,4.66373772134463,14.498243661476723,80.83801861717865
103.96167979521437,4.663717342559409,14.49825460005732,80.83802805738327
103.9991372245129,4.663696978094639,14.498265530782051,80.8380374911233
104.03659091111699,4.66367662783351,14.498276453717532,80.83804691844895
104.07404085836967,4.663656291664924,14.498287368927196,80.83805633940788
104.11148706959203,4.663635969479789,14.498298276473209,80.838065754047
104.14892954808352,4.663615661167959,14.498309176418559,80.83807516241347
104.1863682971219,4.663595366621837,14.498320068824654,80.8380845645535
104.22380331996372,4.663575085735993,14.498330953751726,80.83809396051228
104.26123461984449,4.663554818407169,14.498341831258818,80.83810335033401
104.2986621999795,4.6635345645344595,14.498352701403586,80.83811273406197
104.33608606356378,4.663514324018963,14.498363564242664,80.83812211173837
104.37350621377286,4.663494096764098,14.498374419831316,80.83813148340458
104.41092265376322,4.663473882675521,14.498385268223531,80.83814084910095
104.44833538667248,4.663453681660828,14.498396109472303,80.83815020886686
104.4857444156197,4.663433493629935,14.498406943629249,80.83815956274081
104.52314974370618,4.66341331849482,14.498417770744862,80.83816891076032
104.56055137401562,4.663393156169582,14.498428590868437,80.83817825296198
104.59794930961448,4.663373006570497,14.498439404048028,80.83818758938148
104.63534355355263,4.663352869615728,14.498450210330704,80.83819692005356
104.67273410886337,4.663332745225698,14.4984610097622,80.8382062450121
104.71012097856408,4.663312633322767,14.498471802387208,80.83821556429002
104.74750416565658,4.663292533831507,14.498482588249118,80.83822487791937
104.78488367312745,4.663272446678295,14.4984933673904,80.8382341859313
104.82225950394847,4.663252371791721,14.4985041398522,80.83824348835607
104.85963166107697,4.6632323091021926,14.498514905674728,80.83825278522308
104.89700014745605,4.66321225854226,14.498525664896928,80.83826207656082
104.93436496601531,4.663192220046401,14.498536417556684,80.83827136239692
104.97172611967089,4.663172193551021,14.498547163690823,80.83828064275815
105.009083611326,4.663152178994508,14.498557903335033,80.83828991767047
105.04643744387117,4.6631321763172275,14.498568636523892,80.83829918715888
105.08378762018494,4.6631121854613395,14.49857936329102,80.83830845124764
105.12113414313363,4.663092206370964,14.498590083668923,80.83831770996012
105.15847701557216,4.6630722389922825,14.49860079768888,80.83832696331883
105.19581624034444,4.663052283273085,14.49861150538139,80.83833621134553
105.23315182028324,4.663032339156979,14.498622206779233,80.83834545406378
105.27048375820995,4.6630124065880025,14.498632901915128,80.83835469149687
105.30781205693441,4.662992485515917,14.498643590818574,80.8383639236655
105.34513671925595,4.662972575899075,14.498654273514164,80.83837315058676
105.38245774796513,4.662952677697301,14.498664950025436,80.83838237227727
105.41977514584369,4.662932790872934,14.498675620374652,80.83839158875242
105.45708891566544,4.662912915392796,14.498686284581563,80.83840080002564
105.49439906019666,4.662893051220679,14.49869694266758,80.83841000611174
105.53170558219581,4.6628731989034415,14.498707594240297,80.83841920685626
105.56900848451409,4.662853357752888,14.498718239780148,80.83842840246696
105.60630776988201,4.662833527691066,14.498728879340133,80.8384375929688
105.64360344101526,4.6628137087076595,14.498739512925725,80.83844677836662
105.68089550062606,4.662793900791903,14.498750140542803,80.83845595866529
105.71818395142353,4.662774103933249,14.498760762197026,80.83846513386972
105.75546879611322,4.6627543181211495,14.498771377894034,80.83847430398481
105.79275003739761,4.662734543344856,14.498781987639653,80.8384834690155
105.83002767797579,4.662714779593678,14.498792591439646,80.83849262896668
105.86730172054361,4.662695026856997,14.498803189299709,80.8385017838433
105.90457216779357,4.662675285124089,14.498813781225635,80.83851093365027
105.9418390224151,4.6626555543842425,14.498824367223204,80.83852007839255
105.97910228709397,4.662635834626803,14.498834947298157,80.83852921807504
106.01636196451283,4.662616125840975,14.49884552145634,80.83853835270268
106.05361805735109,4.662596428016229,14.498856089703379,80.83854748228039
106.09087056828487,4.662576741141835,14.498866652045084,80.83855660681309
106.12811949998698,4.662557065207055,14.498877208487265,80.83856572630567
106.16634626539812,4.662536753243051,14.498888113114845,80.8385751336421
106.20456917800477,4.662516458423584,14.49889900829512,80.8385845332813
106.24278824181526,4.662496180612545,14.49890989408494,80.83859392530252
106.28100346080888,4.662475919643792,14.498920770578078,80.83860330977814
106.31921483893153,4.662455675351713,14.49893163786993,80.83861268677836
106.35742238009611,4.662435447577058,14.498942496049349,80.8386220563736
106.3956260881833,4.662415236160196,14.498953345207408,80.8386314186324
106.43382596704177,4.662395040944846,14.498964185432783,80.83864077362237
106.47202202048881,4.662374861777212,14.498975016812778,80.83865012141001
106.51021425231076,4.6623546985058875,14.498985839433393,80.83865946206072
106.54840266626366,4.6623345509822025,14.498996653378986,80.83866879563881
106.58658726607352,4.6623144190597365,14.499007458732734,80.83867812220753
106.62476805543702,4.6622943025944945,14.499018255576468,80.83868744182904
106.66294503802183,4.662274201444989,14.499029043990577,80.83869675456444
106.70111821746711,4.662254115472183,14.499039824054044,80.83870606047377
106.73928759738408,4.662234044539318,14.499050595844635,80.83871535961605
106.77745318135639,4.662213988512028,14.49906135943879,80.83872465204918
106.8156149729408,4.662193947264538,14.499072114908065,80.83873393782739
106.85377297566842,4.662173920667305,14.499082862326096,80.8387432170066
106.8919271930443,4.662153908592919,14.499093601765424,80.83875248964165
106.93007762854792,4.662133910916371,14.49910433329728,80.83876175578635
106.96822428563348,4.6621139275150245,14.499115056991352,80.83877101549362
107.00636716773033,4.66209395826829,14.499125772916402,80.8387802688153
107.04450627824363,4.6620740030579375,14.499136481139818,80.83878951580225
107.08264162055441,4.662054061768174,14.499147181727528,80.8387987565043
107.12077319802064,4.662034134285207,14.499157874744443,80.83880799097035
107.15890101397702,4.662014220497582,14.499168560254125,80.8388172192483
107.19702507173575,4.661994320295952,14.499179238318986,80.83882644138505
107.23514537458685,4.661974433573341,14.499189909000028,80.83883565742663
107.27326192579869,4.661954560224747,14.499200572357243,80.83884486741802
107.31137472861832,4.661934700147481,14.49921122844926,80.83885407140326
107.34948378627207,4.661914853240935,14.499221877333563,80.8388632694255
107.3875891019656,4.6618950194066056,14.49923251906647,80.83887246152692
107.4256906788847,4.661875198548163,14.499243153703068,80.83888164774878
107.4637885201956,4.6618553905713,14.499253781297336,80.83889082813135
107.50188262904506,4.6618355953839385,14.499264401901947,80.83890000271413
107.53997300856129,4.661815812895917,14.499275015568557,80.83890917153552
107.57805966185406,4.661796043019301,14.499285622347525,80.83891833463316
107.61614259201505,4.661776285667997,14.49929622228825,80.83892749204375
107.6542218021185,4.661756540758151,14.499306815438798,80.83893664380305
107.69229729522145,4.661736808206942,14.49931740184684,80.83894578994621
107.73036907436367,4.661717087934468,14.499327981558274,80.83895493050726
107.76843714256876,4.661697379863484,14.499338554617392,80.83896406551912
107.80650150301271,4.661677683919311,14.499349121066524,80.83897319501416
107.84456215835121,4.661658000026233,14.499359680950722,80.83898231902305
107.88261911172924,4.661638328113976,14.499370234309037,80.838991437577
107.92067236610878,4.661618668111492,14.499380781182914,80.83900055070559
107.95872192443707,4.661599019950654,14.499391321611613,80.83900965843773
107.9967677896474,4.66157938356494,14.49940185563362,80.83901876080144
108.03480996465922,4.661559758890167,14.499412383285943,80.83902785782388
108.07284845237838,4.661540145863659,14.499422904604897,80.83903694953143
108.1108832556979,4.661520544424938,14.499433419625454,80.83904603594961
108.1489143774979,4.661500954515113,14.499443928381803,80.83905511710309
108.18694182064613,4.66148137608209,14.499454430904226,80.83906419301368
108.2249655879995,4.661461809072142,14.499464927223906,80.83907326370395
108.26298568240334,4.6614422534320425,14.49947541737181,80.83908232919615
108.30100210669167,4.661422709110281,14.49948590137797,80.83909138951175
108.33901486368764,4.661403176057348,14.499496379271228,80.83910044467142
108.37702395620384,4.661383654225411,14.49950685107953,80.83910949469507
108.41502938704244,4.6613641435682975,14.499517316829943,80.83911853960176
108.45303115899581,4.661344644041949,14.499527776548199,80.83912757940985
108.49102927484682,4.661325155604163,14.499538230258658,80.83913661413717
108.52902373736899,4.661305678212537,14.499548677987665,80.8391456437998
108.56701454932671,4.661286211830074,14.49955911975562,80.83915466841431
108.60500171347631,4.661266756418627,14.499569555585548,80.83916368799582
108.64298523256558,4.661247311973629,14.49957998547649,80.83917270254987
108.68096510933985,4.6612278790011645,14.499590409064833,80.839181711934
108.71894134663283,4.661208456766045,14.499600826864615,80.83919071636933
108.75691394714555,4.661189045257775,14.499611238881513,80.83919971586072
108.79488291357612,4.661169644465903,14.499621645121161,80.83920871041293
108.83284824861919,4.6611502543799554,14.49963204558921,80.83921770003083
108.87080995496609,4.661130874989536,14.499642440291263,80.83922668471921
108.90876803530507,4.66111150628414,14.499652829233012,80.83923566448284
108.94672249232087,4.661092148253385,14.499663212420048,80.83924463932657
108.98467332869497,4.661072800886955,14.499673589857895,80.83925360925515
109.02262054710559,4.6610534641744,14.49968396155222,80.83926257427339
109.06056415022778,4.661034138105274,14.499694327508683,80.83927153438604
109.0985041407333,4.661014822669317,14.499704687732773,80.83928048959791
109.13644052129058,4.660995517856182,14.499715042230074,80.83928943991374
109.17437329456492,4.660976223655358,14.49972539100632,80.83929838533832
109.2123024632182,4.660956940056718,14.49973573406689,80.83930732587639
109.25022802990932,4.660937667049897,14.4997460714174,80.8393162615327
109.28913989051686,4.660917775335666,14.499756747437889,80.83932547722644
109.328047876189,4.660897900255972,14.499767414293812,80.83933468545021
109.36695199091776,4.660878041679294,14.499778072039856,80.83934388628084
109.4058522386662,4.660858199444421,14.499788720767432,80.83935307978814
109.44474862336443,4.660838373392591,14.499799360566588,80.83936226604082
109.48364114890967,4.660818563367511,14.499809991525975,80.83937144510651
109.52252981916702,4.660798769215344,14.499820613732881,80.83938061705179
109.5614146379698,4.660778990786595,14.49983122727217,80.83938978194124
109.60029560912051,4.660759227936397,14.499841832226062,80.83939893983754
109.63917273639171,4.660739480518149,14.49985242867777,80.83940809080407
109.67804602352591,4.6607197483876535,14.499863016709153,80.8394172349032
109.71691547423559,4.660700031402964,14.499873596400858,80.83942637219617
109.75578109220403,4.660680329424509,14.499884167832192,80.8394355027433
109.79464288108579,4.66066064231522,14.499894731080982,80.8394446266038
109.833500844507,4.660640969940128,14.499905286223976,80.8394537438359
109.87235498606606,4.660621312166713,14.499915833336491,80.83946285449679
109.9112053093338,4.6606016688646665,14.499926372492622,80.83947195864272
109.9500518178543,4.660582039906057,14.499936903765098,80.83948105632885
109.98889451514512,4.660562425165035,14.499947427225566,80.83949014760941
110.02773340469783,4.66054282451818,14.499957942944247,80.83949923253758
110.06656848997835,4.66052323784427,14.499968450990128,80.8395083111656
110.10539977442772,4.660503665024237,14.499978951430947,80.83951738354482
110.14422726146212,4.660484105941111,14.499989444333384,80.83952644972551
110.18305095447342,4.660464560480239,14.499999929762739,80.83953550975703
110.22187085682998,4.660445028529128,14.500010407783112,80.83954456368775
110.26068697187667,4.6604255099773715,14.50002087845747,80.83955361156517
110.2994993029354,4.660406004716896,14.500031341847372,80.83956265343572
110.33830785330579,4.660386512641486,14.500041798013468,80.83957168934505
110.37711262626524,4.660367033647178,14.500052247015068,80.83958071933776
110.41591362506968,4.660347567632089,14.500062688910345,80.83958974345757
110.45471085295374,4.6603281144964654,14.500073123756238,80.8395987617473
110.49350431313123,4.660308674142543,14.500083551608611,80.83960777424885
110.53229400879546,4.660289246474664,14.500093972522137,80.8396167810032
110.57107994312018,4.660269831399176,14.500104386550367,80.83962578205046
110.60986211925933,4.660250428824435,14.500114793745734,80.83963477742984
110.6486405403477,4.660231038735071,14.500125194085243,80.8396437671797
110.6874152095136,4.660211660816156,14.500135587844454,80.8396527513394
110.72618612982926,4.660192295214265,14.500145974844253,80.83966172994148
110.76495330438765,4.660172941766699,14.500156355209597,80.8396707030237
110.80371673625099,4.660153600391807,14.500166728987296,80.8396796706209
110.84247642846435,4.660134271009873,14.500177096223085,80.83968863276705
110.881232384056,4.660114953543105,14.500187456961639,80.83969758949524
110.91998460603786,4.660095647915621,14.50019781124654,80.83970654083784
110.95873309740566,4.660076354054502,14.500208159119744,80.83971548682575
110.99747786113987,4.660057071892432,14.500218500620024,80.83972442748755
111.03621890020655,4.660037801359285,14.50022883578769,80.83973336285302
111.07495621755687,4.66001854238669,14.500239164662162,80.83974229295114
111.1136898161275,4.6599992949080855,14.500249487281842,80.83975121781008
111.15241969884106,4.6599800588588804,14.50025980368398,80.83976013745713
111.1911458686062,4.659960834176304,14.500270113904811,80.83976905191889
111.22986832831813,4.659941620799289,14.500280417979669,80.83977796122103
111.26858708085918,4.659922418668743,14.500290715942707,80.83978686538855
111.30730212909872,4.659903227727183,14.500301007827264,80.83979576444555
111.346013475894,4.659884047919045,14.500311293665542,80.83980465841542
111.38472112409006,4.659864879190596,14.500321573488684,80.83981354732073
111.42342507652037,4.659845721489607,14.50033184732711,80.83982243118328
111.46212533600725,4.659826574765864,14.50034211521,80.83983131002414
111.50082190536179,4.659807438970717,14.500352377165724,80.83984018386357
111.53951478738459,4.659788314057385,14.500362633221545,80.83984905272106
111.57820398486591,4.659769199980637,14.500372883403934,80.83985791661543
111.61688950058614,4.659750096697021,14.500383127738331,80.83986677556464
111.65557133731596,4.659731004164842,14.50039336624916,80.839875629586
111.69424949781666,4.659711922343978,14.500403598960007,80.839884478696
111.73292398484081,4.659692851195997,14.500413825893505,80.83989332291051
111.77159480113215,4.659673790684183,14.500424047071311,80.8399021622445
111.81026194942626,4.6596547407733055,14.500434262514311,80.83991099671238
111.84892543245057,4.6596357016723555,14.50044447207007,80.83991982625759
111.88758525296912,4.659616673395535,14.500454675722999,80.83992865088146
111.92624141374675,4.65959765550471,14.500464873778807,80.83993747071648
111.96489391746697,4.659578647989825,14.500475066242954,80.83994628576721
112.00354276680983,4.659559650840961,14.50048525312077,80.83995509603827
112.04218796445227,4.659540664048153,14.500495434417632,80.83996390153422
112.08082951306805,4.659521687601418,14.500505610138942,80.83997270225964
112.1194674153277,4.6595027214909175,14.50051578028996,80.83998149821912
112.15810167389843,4.659483765706681,14.500525944876083,80.83999028941724
112.19673229144435,4.659464820238792,14.500536103902665,80.83999907585854
112.23535927062615,4.659445885077307,14.50054625737508,80.84000785754762
112.27398261410163,4.6594269602124765,14.500556405298529,80.840016634489
112.31260232452524,4.659408045634332,14.500566547678426,80.84002540668725
112.35121840454823,4.659389141332986,14.500576684520109,80.84003417414691
112.38983085681876,4.659370247301582,14.50058681582721,80.84004293687121
112.42843968398222,4.659351363532989,14.50059694160343,80.84005169486358
112.46804328814885,4.659331877710448,14.500607396902515,80.84006072538703
112.50764299479314,4.659312408037534,14.500617843305832,80.84006974865663
112.54723880789231,4.659292954387297,14.500628280865893,80.84007876474682
112.58683073139508,4.659273516603653,14.500638709671193,80.84008777372516
112.62641876921722,4.659254094532893,14.500649129808904,80.8400967756582
112.66600292524195,4.6592346880235675,14.500659541364977,80.84010577061146
112.70558320332043,4.659215296926847,14.500669944423777,80.84011475864938
112.74515960727234,4.659195921095927,14.50068033906868,80.84012373983539
112.78473214088643,4.659176560386543,14.50069072538154,80.84013271423191
112.82430080792095,4.659157214656706,14.500701103442944,80.84014168190035
112.86386561210375,4.659137883766661,14.50071147333227,80.84015064290107
112.9034265571334,4.659118567579038,14.500721835127491,80.84015959729346
112.94298364667935,4.659099265958585,14.500732188905472,80.84016854513594
112.9825368843824,4.6590799787723896,14.500742534741715,80.8401774864859
113.02208627385522,4.659060705889745,14.50075287271051,80.84018642139974
113.06163181868259,4.659041447182246,14.500763202884809,80.84019534993294
113.10117352242244,4.659022202523552,14.50077352533648,80.84020427213997
113.14071138860547,4.659002971789648,14.50078384013601,80.84021318807434
113.1802454207363,4.658983754858585,14.500794147352792,80.84022209778863
113.21977562229361,4.658964551610565,14.500804447055012,80.84023100133442
113.25930199673081,4.658945361928168,14.500814739309483,80.84023989876235
113.29882454747612,4.658926185695867,14.50082502418194,80.84024879012219
113.33834327793349,4.658907022800323,14.500835301736906,80.84025767546277
113.37785819148243,4.658887873130204,14.500845572037846,80.84026655483196
113.41736929147913,4.658868736576312,14.500855835146991,80.8402754282767
113.45687658125624,4.658849613031727,14.500866091125225,80.84028429584305
113.49638006412388,4.658830502391307,14.500876340032537,80.84029315757616
113.53587974336958,4.658811404552105,14.500886581927636,80.84030201352026
113.57537562225902,4.658792319413179,14.500896816868112,80.84031086371871
113.61486770403634,4.65877324687562,14.500907044910411,80.84031970821397
113.65435599192448,4.658754186842484,14.500917266109903,80.84032854704762
113.69384048912583,4.65873513921885,14.5009274805208,80.84033738026035
113.73332119882231,4.658716103911815,14.500937688196172,80.84034620789201
113.77279812417602,4.6586970808303745,14.500947889188055,80.84035502998157
113.81227126832957,4.658678069887949,14.500958083546015,80.84036384656604
113.85174063440692,4.658659071000758,14.50096827131794,80.8403726576813
113.89120622551408,4.658640084083511,14.500978452552696,80.84038146336378
113.93066804473867,4.658621109052935,14.500988627297975,80.84039026364908
113.9701260951506,4.658602145827719,14.500998795600347,80.84039905857193
114.00958037980192,4.658583194328366,14.501008957505396,80.84040784816624
114.04903090172769,4.658564254477231,14.501019113057675,80.8404166324651
114.08847766394629,4.658545326198542,14.501029262300689,80.84042541150077
114.12792066945973,4.658526409418524,14.50103940527675,80.84043418530473
114.16735992125388,4.658507504065029,14.501049542027358,80.84044295390761
114.20679542229914,4.658488610067799,14.501059672592929,80.84045171733926
114.24622717555062,4.658469727358446,14.5010697970128,80.84046047562876
114.28565518394848,4.658450855944781,14.50107991525085,80.84046922880437
114.32507945043118,4.658431995533992,14.501090027570493,80.84047797689551
114.36449997788378,4.658413146295745,14.50110013377941,80.84048671992484
114.4039167692179,4.658394308089671,14.501110233990003,80.84049545792033
114.44332982731781,4.658375480856099,14.501120328236805,80.8405041909071
114.48273915505465,4.658356664537281,14.501130416553195,80.84051291890952
114.52214475528704,4.658337859077136,14.501140498971635,80.84052164195124
114.56154663086112,4.658319064421362,14.501150575523575,80.84053036005507
114.60094478461106,4.65830028051727,14.501160646239594,80.84053907324314
114.64033921935928,4.658281507313963,14.501170711149229,80.84054778153681
114.67972993791683,4.658262744762074,14.501180770281222,80.8405564849567
114.71911694308395,4.658243992814129,14.501190823663169,80.8405651835227
114.75850023765008,4.658225251424096,14.501200871321945,80.84057387725396
114.79787982439414,4.658206520547736,14.501210913283364,80.8405825661689
114.83725570608541,4.658187800142385,14.501220949572383,80.84059125028523
114.87662788548312,4.658169090167035,14.501230980213018,80.84059992961996
114.91599636533762,4.658150390582309,14.50124100522837,80.84060860418933
114.95536114838994,4.658131701350318,14.501251024640748,80.84061727400893
114.99472223737249,4.6581130224349305,14.50126103847143,80.84062593909364
115.03407963500933,4.65809435380155,14.501271046740822,80.84063459945763
115.07343334401637,4.658075695417037,14.501281049468592,80.84064325511437
115.11278336710178,4.658057047687359,14.501291046362683,80.84065190594995
115.15212970704832,4.658038410172127,14.501301037729059,80.84066055209883
115.19147236655436,4.65801978270821,14.501311023680625,80.84066919361118
115.23081134828644,4.6580011652859685,14.501321004222625,80.8406778304914
115.27014665490785,4.65798255790067,14.50133097935746,80.84068646274187
115.30947828907956,4.657963960543732,14.50134094908965,80.84069509036662
115.34880625345968,4.657945373205452,14.501350913424533,80.84070371337002
115.38813055070307,4.657926795876482,14.501360872367078,80.84071233175644
115.42745118346166,4.6579082285473,14.501370825922438,80.84072094553026
115.46676815438383,4.657889671208428,14.501380774095725,80.84072955469584
115.5060814661151,4.657871123850422,14.501390716892029,80.84073815925755
115.54539112147356,4.657852586463758,14.501400654316463,80.84074675921978
115.58469712274668,4.657834059039166,14.501410586374039,80.84075535458679
115.62399947274633,4.657815541567214,14.501420513069801,80.840763945363
115.66329817410539,4.657797034038301,14.501430434408999,80.8407725315527
115.70360015730867,4.6577779397861345,14.501440676871766,80.84078138334209
115.7438982198337,4.657758861225346,14.501450910693366,80.84079022808129
115.78419236564505,4.657739798234353,14.501461135923016,80.84079906584263
115.82448259867951,4.6577207506618885,14.501471352646478,80.84080789669163
115.86476892284105,4.657701718358977,14.501481560948248,80.84081672069277
115.90505134200113,4.657682701179021,14.501491760911446,80.84082553790954
115.94532985999953,4.657663698977537,14.501501952618062,80.8408343484044
115.98560448064462,4.657644711612343,14.501512136148783,80.84084315223888
116.02587520771397,4.65762573894367,14.501522311582876,80.84085194947346
116.06614204495469,4.657606780833601,14.50153247899871,80.84086074016768
116.10640499608412,4.657587837146811,14.501542638473053,80.84086952438014
116.14666406479012,4.657568907750003,14.501552790081595,80.84087830216839
116.18691925473155,4.657549992512004,14.501562933898871,80.84088707358913
116.22717056953883,4.6575310913039205,14.50157306999807,80.84089583869802
116.26741801281437,4.657512203998886,14.501583198451321,80.8409045975498
116.30766158813297,4.65749333047236,14.501593319329348,80.84091335019829
116.34790129904238,4.657474470601667,14.501603432701952,80.84092209669637
116.38813714906362,4.657455624266479,14.5016135386375,80.84093083709602
116.42836914169155,4.6574367913484505,14.50162363720331,80.84093957144825
116.4685972803952,4.657417971731243,14.501633728465604,80.84094829980315
116.50882156861854,4.657399165300821,14.501643812489288,80.84095702220989
116.54904200978021,4.657380371945015,14.50165388933811,80.84096573871687
116.58925860727474,4.657361591553639,14.501663959074873,80.84097444937149
116.62947136447262,4.6573428240186905,14.501674021761051,80.84098315422025
116.66968028472064,4.657324069234028,14.501684077457147,80.84099185330882
116.70988537134252,4.657305327098673,14.501694126220746,80.84100054668058
116.75008662763985,4.657286597513106,14.501704168108498,80.8410092343784
116.79028405689235,4.657267880377054,14.501714203177652,80.8410179164453
116.83047766235798,4.657249175592428,14.50172423148412,80.84102659292344
116.87066744727309,4.657230483062964,14.501734253082851,80.8410352638542
116.9108534148529,4.6572118026943174,14.50174426802771,80.84104392927797
116.9510355682922,4.657193134394189,14.50175427637137,80.84105258923444
116.99121391076535,4.657174478071966,14.501764278165655,80.84106124376238
117.03138844542677,4.6571558336391385,14.501774273461109,80.84106989289975
117.07155917541158,4.657137201009057,14.501784262307257,80.84107853668368
117.11172610383578,4.657118580096794,14.501794244752706,80.8410871751505
117.15188923379675,4.657099970819423,14.501804220844889,80.8410958083357
117.19204856837345,4.6570813730957035,14.501814190630355,80.84110443627395
117.232204110627,4.657062786846448,14.501824154154413,80.84111305899914
117.27235586360098,4.6570442119940525,14.501834111461582,80.84112167654438
117.31250383032207,4.657025648462898,14.50184406259519,80.84113028894191
117.35264801379985,4.65700709617901,14.501854007597704,80.84113889622328
117.39278841702782,4.656988555070354,14.501863946510445,80.84114749841919
117.43292504298326,4.656970025066565,14.501873879373836,80.8411560955596
117.4730578946279,4.656951506098956,14.5018838062274,80.84116468767364
117.51318697490832,4.656932998100748,14.501893727109508,80.84117327478975
117.55331228675595,4.656914501006831,14.501903642057634,80.84118185693553
117.59343383308787,4.656896014753854,14.501913551108256,80.84119043413789
117.63355161680691,4.656877539280066,14.501923454296984,80.84119900642295
117.6736656408021,4.656859074525458,14.501933351658455,80.84120757381609
117.713775907949,4.656840620431817,14.50194324322624,80.84121613634194
117.75388242111008,4.656822176942451,14.50195312903313,80.84122469402442
117.7939851831349,4.65680374400245,14.501963009110867,80.84123324688667
117.83408419686076,4.656785321558461,14.501972883490355,80.84124179495117
117.87417946511282,4.656766909558885,14.501982752201483,80.84125033823963
117.91427099070455,4.656748507953619,14.501992615273348,80.84125887677303
117.95435877643787,4.65673011669433,14.502002472733999,80.84126741057167
117.99444282510375,4.656711735734196,14.502012324610675,80.84127593965513
118.03452313948246,4.656693365027983,14.502022170929735,80.84128446404229
118.07459972234365,4.656675004532071,14.502032011716615,80.84129298375132
118.11467257644723,4.65665665420448,14.50204184699582,80.8413014987997
118.15474170454313,4.65663831400486,14.502051676790979,80.84131000920416
118.19480710937192,4.656619983899427,14.502061501122023,80.84131851497855
118.23486879366604,4.656601663850865,14.502071320010804,80.84132701613834
118.27492676014926,4.6565833538232955,14.502081133478445,80.84133551269825
118.31498101153694,4.656565053782378,14.502090941545193,80.84134400467244
118.35503155053604,4.656546763695256,14.502100744230484,80.84135249207426
118.39507837984591,4.656528483530693,14.50211054155279,80.84136097491653
118.43512150215805,4.656510213795048,14.502120333148975,80.84136945305598
118.47516092026005,4.6564919538066665,14.502130119495796,80.84137792669755
118.51519663680675,4.656473703556293,14.502139900598316,80.84138639584539
118.55522865444968,4.65645546303505,14.502149676461212,80.84139486050374
118.5952569758373,4.65643723223366,14.502159447089571,80.84140332067678
118.63528160361501,4.656419011143202,14.50216921248813,80.84141177636866
118.67530254042518,4.656400799754531,14.502178972661852,80.84142022758361
118.71531978890695,4.656382598058621,14.50218872761558,80.8414286743258
118.75533335169649,4.65636440604639,14.502198477354227,80.84143711659938
118.79534323142676,4.6563462237088915,14.502208221882565,80.84144555440854
118.83534943072765,4.656328051036981,14.502217961205577,80.84145398775743
118.87535195222603,4.656309888021782,14.502227695327974,80.84146241665024
118.91535079854575,4.656291734654157,14.50223742425474,80.8414708410911
118.95534597230738,4.656273590925185,14.50224714799065,80.84147926108416
118.9963529532498,4.656254875468237,14.502257184628634,80.84148793990313
119.03735598998455,4.656236175272425,14.502267212862982,80.8414966118646
119.07835508646656,4.656217490218956,14.502277232742285,80.84150527703876
119.11935024662269,4.656198820161012,14.502287244349747,80.84151393548925
119.16034147434715,4.65618016495377,14.502297247767535,80.8415225872787
119.20132877350196,4.656161524454739,14.502307243076457,80.8415312324688
119.24231214791737,4.656142898523653,14.502317230356063,80.84153987112029
119.2832916013925,4.656124287022326,14.502327209684784,80.8415485032929
119.32426713769556,4.656105689814811,14.502337181139746,80.84155712904544
119.3652387605647,4.656087106767278,14.502347144796918,80.84156574843581
119.40620647370802,4.656068537747962,14.50235710073113,80.84157436152091
119.44717028080449,4.656049982627404,14.502367049015842,80.84158296835675
119.48813018550399,4.656031441278085,14.502376989723484,80.84159156899842
119.52908619142823,4.656012913574613,14.502386922925304,80.84160016350009
119.57003830217084,4.65599439939367,14.502396848691369,80.84160875191496
119.61098652129803,4.655975898614047,14.502406767090548,80.8416173342954
119.651930852349,4.65595741111955,14.502416678188895,80.84162591069155
119.69287129883675,4.655938936795425,14.502426582051658,80.84163448115291
119.73380786424887,4.655920475526519,14.502436478744327,80.84164304572916
119.77474055204726,4.655902027199675,14.502446368331276,80.84165160446905
119.81566936566834,4.655883591703805,14.502456250875722,80.84166015742046
119.85659430852388,4.655865168929731,14.502466126439808,80.84166870463045
119.89751538400117,4.655846758770354,14.502475995084414,80.84167724614524
119.93843259546361,4.655828361120284,14.502485856869626,80.84168578201009
119.97934594625075,4.655809975876232,14.502495711854275,80.8416943122695
120.02025543967956,4.655791602936796,14.502505560096152,80.84170283696706
120.06116107904379,4.6557732422026525,14.502515401651811,80.84171135614552
120.10206286761509,4.655754893576102,14.502525236577025,80.84171986984687
120.14296080864331,4.65573655696163,14.502535064926192,80.84172837811218
120.18385490535671,4.655718232265331,14.502544886752952,80.84173688098171
120.22474516096251,4.655699919395364,14.502554702109679,80.84174537849495
120.26563157864746,4.655681618261588,14.502564511047881,80.84175387069052
120.3065141615778,4.655663328775975,14.502574313617744,80.84176235760629
120.34739291290008,4.655645050851829,14.502584109868927,80.84177083927925
120.38826783574116,4.65562678440482,14.50259389984954,80.84177931574564
120.42913893320917,4.655608529352023,14.502603683607058,80.84178778704091
120.47000620839347,4.6555902856125435,14.502613461187721,80.84179625319973
120.51086966436495,4.655572053107163,14.502623232636882,80.84180471425594
120.55172930417683,4.655553831758357,14.502632997998965,80.84181317024269
120.59258513086455,4.655535621490568,14.502642757317208,80.84182162119222
120.63343714744654,4.655517422304444,14.502652510559342,80.84183006713621
120.67428535693787,4.655499233898879,14.502662257993753,80.84183850810737
120.71512976229589,4.65548105643725,14.502671999431074,80.84184694413167
120.75597036650443,4.655462889771117,14.502681734988393,80.84185537524048
120.79680717251694,4.6554447338333835,14.50269146470427,80.84186380146234
120.83764018327156,4.655426588558772,14.502701188616179,80.84187222282505
120.87846940169167,4.655408453883436,14.502710906760905,80.84188063935565
120.91929483068594,4.655390329745384,14.502720619174111,80.8418890510805
120.96011647314896,4.655372216084152,14.502730325890646,80.8418974580252
121.0009343319613,4.655354112841057,14.502740026944311,80.84190586021462
121.0417484099903,4.655336019958881,14.502749722368163,80.84191425767295
121.0825587100897,4.655317937382119,14.502759412194246,80.84192265042364
121.12336523510061,4.655299865057426,14.50276909645338,80.84193103848921
121.16416798785174,4.655281802937016,14.502778775173342,80.84193942188963
121.20496697116069,4.655263750970331,14.502788448383328,80.84194780064634
121.2457621878333,4.6552457091080806,14.502798116111974,80.84195617477995
121.28655364066377,4.6552276773027215,14.502807778386842,80.84196454431043
121.32734133243515,4.655209655508156,14.50281743523474,80.8419729092571
121.36812526591989,4.655191643679848,14.502827086681588,80.84198126963857
121.40890544387987,4.655173641774886,14.502836732752378,80.84198962547273
121.44968186906667,4.655155649751777,14.502846373471318,80.84199797677691
121.49045454422216,4.655137667570587,14.502856008861754,80.84200632356766
121.53122347207857,4.6551196951928215,14.502865638946236,80.84201466586094
121.57198865535915,4.655101732581675,14.502875263746287,80.84202300367204
121.61275009677813,4.6550837797015605,14.502884883282865,80.84203133701557
121.6535077990411,4.655065836518438,14.50289449757603,80.84203966590553
121.69426176503097,4.6550479029998515,14.50290410664485,80.8420479903553
121.73501199706644,4.655029979114814,14.50291371050772,80.84205631037746
121.77575849801472,4.655012064978133,14.502923309079579,80.84206462594229
121.81650127057875,4.654994160756531,14.502932902237568,80.84207293700591
121.85724031749285,4.654976265975929,14.502942490312936,80.84208124371114
121.89797564139616,4.654958380627645,14.502952073310366,80.84208954606198
121.93870724492491,4.654940504703116,14.502961651234406,80.84209784406248
121.9794351307122,4.654922638193521,14.502971224089883,80.8421061377166
122.02015930138809,4.6549047810903454,14.502980791881315,80.84211442702833
122.06087975957959,4.654886933384827,14.502990354613466,80.84212271200171
122.1015965079106,4.654869095068439,14.502999912290882,80.84213099264068
122.1423095490021,4.6548512661325026,14.503009464918257,80.84213926894924
122.18301888547194,4.654833446568377,14.503019012500237,80.84214754093139
122.22372451993488,4.654815636367501,14.503028555041428,80.84215580859106
122.26442645500296,4.654797835521256,14.503038092546456,80.84216407193229
122.30512469328495,4.654780044021041,14.50304762501996,80.842172330959
122.34581923738659,4.654762261858248,14.503057152466587,80.84218058567517
122.38753398197083,4.65474392310461,14.50306698450402,80.84218909239137
122.42924476136635,4.654725599166394,14.503076808384774,80.84219759244884
122.47095157951037,4.6547072899290125,14.503086624155411,80.84220608591556
122.51265444031247,4.654688995250243,14.503096431896543,80.84221457285321
122.5543533476496,4.654670714989832,14.503106231687749,80.84222305332243
122.59604830536693,4.654652449009832,14.503116023607246,80.84223152738292
122.63773931727808,4.654634197176291,14.503125807731038,80.84223999509267
122.67942638716595,4.654615959358746,14.503135584133128,80.84224845650813
122.72110951878373,4.654597735425458,14.50314535288827,80.84225691168628
122.76278871585457,4.654579525246751,14.503155114070069,80.84226536068317
122.80446398207191,4.6545613286949905,14.503164867750987,80.84227380355402
122.84613532110009,4.654543145644671,14.503174614002253,80.84228224035309
122.88780273657481,4.6545249759721585,14.503184352894118,80.84229067113372
122.92946623210342,4.65450681955595,14.503194084495586,80.84229909594846
122.9711258112656,4.6544886762765465,14.503203808874531,80.84230751484893
123.01278147761376,4.6544705460163955,14.503213526097758,80.84231592788585
123.05443323467316,4.654452428659912,14.503223236230975,80.84232433510911
123.09608108594284,4.6544343240935335,14.50323293933872,80.84233273656774
123.13772503489608,4.654416232205591,14.5032426354845,80.8423411323099
123.1793650849801,4.654398152886345,14.503252324730742,80.84234952238292
123.22100123961722,4.654380086028017,14.503262007138806,80.84235790683317
123.26263350220522,4.654362031524815,14.50327168276882,80.84236628570636
123.30426187611734,4.654343989272673,14.503281351680025,80.8423746590473
123.3458863647031,4.654325959169415,14.503291013930639,80.84238302689994
123.38750697128873,4.654307941114927,14.503300669577623,80.84239138930744
123.42912369917727,4.65428993501075,14.503310318677116,80.84239974631214
123.47073655164918,4.654271940760305,14.503319961284172,80.84240809795553
123.51234553196278,4.654253958269007,14.503329597452666,80.84241644427831
123.55395064335463,4.654235987443945,14.503339227235589,80.84242478532046
123.5955518890399,4.654218028194033,14.50334885068491,80.84243312112106
123.63714927221301,4.654200080430022,14.503358467851552,80.84244145171843
123.67874279604754,4.654182144064438,14.503368078785439,80.84244977715012
123.72033246369688,4.654164219011536,14.503377683535557,80.8424580974529
123.76191827829484,4.654146305187348,14.503387282149873,80.84246641266277
123.80350024295579,4.6541284025097545,14.503396874675289,80.84247472281496
123.84507836077513,4.654110510898263,14.503406461157839,80.8424830279439
123.88665263482952,4.654092630274088,14.503416041642602,80.84249132808331
123.92822306817752,4.65407476056027,14.50342561617359,80.84249962326614
123.96978966385979,4.654056901681461,14.503435184793956,80.84250791352459
124.01135242489937,4.654039053564016,14.503444747545885,80.8425161988901
124.05291135430264,4.654021216135985,14.503454304470608,80.8425244793934
124.09446645505878,4.654003389327157,14.503463855608356,80.84253275506448
124.13601773014094,4.653985573068828,14.503473400998576,80.8425410259326
124.17756518250604,4.653967767299102,14.503482940676852,80.84254929202405
124.21910881509666,4.653949971952643,14.503492474680666,80.84255755336669
124.26064863083994,4.653932186965694,14.503502003046679,80.84256580998763
124.3021846326482,4.653914412276172,14.503511525810579,80.84257406191325
124.34371682341913,4.6538966478235,14.503521043007236,80.84258230916926
124.38524520603612,4.653878893548707,14.503530554670643,80.84259055178065
124.42676978336891,4.653861149394546,14.503540060833743,80.84259878977171
124.46829055827371,4.653843415305183,14.503549561528756,80.84260702316605
124.50980753359333,4.6538256912263485,14.503559056787035,80.84261525198662
124.55132071215789,4.653807977105446,14.503568546638935,80.84262347625561
124.59283009678502,4.6537902728913325,14.503578031114037,80.84263169599464
124.63433569028024,4.653772578534348,14.503587510241097,80.84263991122455
124.67583749543729,4.653754893986497,14.503596984047897,80.8426481219656
124.71733551503816,4.653737219201071,14.503606452561584,80.84265632823735
124.75882975185384,4.653719554133093,14.503615915808235,80.84266453005867
124.80032020864466,4.653701898738905,14.503625373813259,80.84267272744783
124.84180688816015,4.653684252976441,14.503634826601122,80.84268092042244
124.88328979313984,4.653666616805037,14.503644274195532,80.84268910899944
124.92476892631335,4.653648990185509,14.503653716619375,80.84269729319512
124.96624429040074,4.65363137308004,14.503663153894788,80.84270547302516
125.00771588811276,4.653613765452437,14.503672586042923,80.84271364850464
125.04918372215126,4.653596167267734,14.503682013084337,80.84272181964793
125.09064779520953,4.653578578492502,14.503691435038668,80.84272998646883
125.13210810997255,4.653560999094718,14.503700851924778,80.84273814898052
125.1735646691173,4.653543429043615,14.503710263760878,80.8427463071955
125.21501747531299,4.653525868310128,14.503719670564097,80.84275446112578
125.25646653122142,4.6535083171862,14.503729072123825,80.84276261068997
125.29791183956223,4.653490775430248,14.503738468606103,80.84277075596364
125.33935340300428,4.6534732428147905,14.503747860169216,80.84277889701599
125.3807912241691,4.653455719331511,14.503757246817653,80.84278703385084
125.42222530567525,4.653438204972236,14.503766628555775,80.84279516647199
125.46365565013816,4.6534206997286365,14.503776005388087,80.84280329488328
125.50508226017031,4.6534032035925845,14.50378537731891,80.8428114190885
125.5465051383814,4.653385716555663,14.503794744352843,80.8428195390915
125.58792428737793,4.653368238609752,14.503804106494206,80.84282765489604
125.62933970995329,4.653350769746475,14.503813463747525,80.842835766506
125.6707514083286,4.65333330995844,14.50382281611676,80.84284387392479
125.71215938529141,4.653315859241614,14.503832163603962,80.84285197715442
125.75356364343742,4.653298417587765,14.503841506213538,80.84286007619869
125.79599667002178,4.653280433515762,14.503851145635135,80.8428684208491
125.83842570715744,4.653262463843732,14.503860777131,80.84287675902526
125.88085075876903,4.653244508462268,14.503870400744457,80.84288509079327
125.92327182875411,4.653226567233526,14.503880016553683,80.84289341621279
125.96568892097798,4.653208640021879,14.50388962463556,80.84290173534256
126.00810203927404,4.653190726693598,14.503899225065952,80.84291004824044
126.05051118744454,4.653172827117056,14.503908817919529,80.84291835496342
126.09291636926083,4.653154941162729,14.503918403269742,80.84292665556752
126.13531758846408,4.653137068702971,14.503927981189033,80.84293495010799
126.17771484876546,4.653119209612173,14.503937551748693,80.84294323863914
126.22010815384667,4.653101363766747,14.50394711501887,80.84295152121439
126.26249750736072,4.653083531045001,14.503956671068657,80.84295979788634
126.30488291293177,4.653065711327248,14.503966219966017,80.84296806870674
126.34726437415621,4.653047904495699,14.503975761777859,80.84297633372644
126.38964189460273,4.653030110434575,14.503985296569935,80.84298459299549
126.43201547781277,4.653012329029953,14.503994824406972,80.84299284656308
126.47438512730125,4.65299456016979,14.504004345352655,80.84300109447756
126.51675084655668,4.652976803743947,14.504013859469604,80.84300933678645
126.55911263904176,4.6529590596441714,14.504023366819363,80.84301757353647
126.60147050819383,4.652941327764084,14.504032867462435,80.84302580477349
126.64382445742527,4.6529236079992,14.504042361458275,80.84303403054253
126.68617449012375,4.652905900246845,14.504051848865268,80.84304225088789
126.72852060965299,4.652888204406095,14.504061329740853,80.84305046585305
126.77086281935283,4.652870520377923,14.504070804141403,80.84305867548068
126.81320112253985,4.652852848065005,14.504080272122366,80.84306687981262
126.85553552250781,4.652835187371935,14.504089733738065,80.84307507889
126.89786602252805,4.6528175382049595,14.504099189041955,80.84308327275309
126.94019262584978,4.652799900472216,14.504108638086366,80.84309146144142
126.98251533570054,4.6527822740835605,14.504118080922687,80.84309964499376
127.02483415528633,4.652764658950546,14.504127517601367,80.84310782344808
127.06714908779273,4.6527470549863965,14.504136948171952,80.84311599684165
127.10946013638473,4.652729462106304,14.504146372682778,80.84312416521092
127.15176730420701,4.6527118802268435,14.504155791181539,80.84313232859162
127.19407059438461,4.652694309266555,14.504165203714713,80.84314048701873
127.23637001002355,4.652676749149478,14.504174610325741,80.84314864052477
127.27866555421151,4.65265919979832,14.504184011058815,80.84315678914287
127.32095723001795,4.652641661211572,14.504193405882623,80.8431649329058
127.36324504050839,4.652624133084512,14.504202795067883,80.8431730718476
127.40552898868657,4.652606615578434,14.504212178426027,80.84318120599553
127.44780907758403,4.6525891085419655,14.504221556075736,80.8431893353823
127.49008531019977,4.652571611905003,14.504230928057208,80.84319746003779
127.532357689516,4.6525541255992096,14.504240294409573,80.84320557999122
127.57462621849888,4.652536649557573,14.504249655171336,80.84321369527109
127.61689090009823,4.652519183714985,14.504259010379803,80.84322180590522
127.65915173724852,4.652501728007799,14.504268360071512,80.84322991192069
127.70140873286884,4.65248428237382,14.504277704282224,80.84323801334395
127.74366188986355,4.652466846752543,14.504287043046702,80.84324611020075
127.78591121112225,4.6524494210849765,14.50429637639887,80.84325420251616
127.8281566995206,4.652432005313609,14.504305704371856,80.84326229031453
127.87039835792027,4.6524145993824995,14.504315026997878,80.84327037361962
127.91263618916922,4.652397203237253,14.50432434430827,80.84327845245447
127.95487019610258,4.6523798168248,14.504333656333706,80.8432865268415
127.99710038154242,4.65236244009384,14.504342963103753,80.84329459680241
128.03932674829844,4.65234507299438,14.504352264647311,80.84330266235831
128.08154929916816,4.652327715477831,14.504361560992535,80.84331072352964
128.12376803693712,4.652310367497262,14.50437085216655,80.84331878033619
128.16598296437948,4.652293029007095,14.504380138195778,80.84332683279712
128.20819408425828,4.652275699963067,14.504389419105962,80.84333488093097
128.2504013993254,4.652258380322662,14.504398694921722,80.84334292475562
128.29260491232256,4.652241070044448,14.504407965667218,80.84335096428833
128.33480462598106,4.652223769088641,14.50441723136559,80.84335899954577
128.37700054302223,4.652206477416704,14.504426492039348,80.84336703054394
128.41919266615798,4.652189194991611,14.504435747710106,80.84337505729829
128.4613809980908,4.652171921777758,14.504444998398661,80.84338307982358
128.50356554151438,4.652154657740721,14.504454244125228,80.84339109813405
128.54574629911346,4.652137402847558,14.504463484909158,80.84339911224329
128.58792327356468,4.652120157066735,14.50447272076898,80.8434071221643
128.63009646753656,4.652102920368036,14.504481951722505,80.84341512790945
128.67226588368956,4.652085692722483,14.50449117778689,80.84342312949062
128.71443152467717,4.652068474102547,14.504500398978431,80.84343112691901
128.7565933933401,4.652051264956334,14.504509614975698,80.84343912006797
128.79875149202647,4.652034064685632,14.504518826197865,80.84344710911651
128.84090582354276,4.652016873282562,14.504528032649123,80.84345509406832
128.88305639049793,4.6519996907392205,14.504537234333718,80.84346307492707
128.92520319549826,4.651982517047623,14.504546431255966,80.84347105169641
128.96734624114637,4.651965352199873,14.504555623420107,80.84347902438002
129.0094855300425,4.651948196188085,14.504564810830367,80.84348699298155
129.05162106478383,4.651931049004357,14.504573993490999,80.84349495750465
129.09375284796437,4.65191391064076,14.504583171406288,80.84350291795295
129.13588088217563,4.651896781089416,14.504592344580452,80.84351087433012
129.17800517000586,4.651879660342489,14.504601513017699,80.84351882663981
129.22012571404053,4.651862548392084,14.504610676722274,80.84352677488565
129.2632836122178,4.651844906811116,14.504620130248691,80.84353496294018
129.3064374961154,4.6518272792678115,14.504629576048925,80.84354314468327
129.34958736965442,4.651809665654705,14.504639014166177,80.84355132017912
129.3927332367287,4.651792065837763,14.504648444676352,80.84355948948588
129.43587510119977,4.65177447968461,14.504657867654577,80.84356765266081
129.47901296689764,4.651756907065101,14.504667283174616,80.84357580976028
129.52214683762094,4.651739347850957,14.504676691309232,80.84358396083982
129.5652767171375,4.651721801915809,14.504686092130134,80.84359210595406
129.60840260918494,4.651704269135346,14.504695485707831,80.84360024515682
129.65152451747082,4.651686749387049,14.504704872111878,80.84360837850107
129.69464244567354,4.651669242550445,14.504714251410636,80.84361650603891
129.73775639744267,4.651651748506944,14.504723623671408,80.84362462782164
129.78086637639888,4.651634267139758,14.50473298896053,80.84363274389972
129.82397238613518,4.651616798334115,14.50474234734315,80.84364085432274
129.86707443021686,4.651599341976864,14.504751698883602,80.84364895913953
129.91017251218207,4.6515818979571035,14.504761043644798,80.8436570583981
129.95326663554226,4.651564466165311,14.504770381689076,80.84366515214562
129.9963568037826,4.651547046494106,14.50477971307742,80.84367324042847
130.03944302036234,4.651529638837876,14.504789037869866,80.84368132329226
130.08252528871532,4.651512243092784,14.504798356125454,80.84368940078176
130.12560361225047,4.65149485915673,14.50480766790228,80.84369747294099
130.16867799435218,4.651477486929484,14.504816973257405,80.8437055398131
130.21174843838062,4.651460126312614,14.504826272246731,80.84371360144064
130.25481494767234,4.651442777209173,14.50483556492554,80.84372165786529
130.29787752554031,4.6514254395244246,14.50484485134766,80.84372970912793
130.34093617527475,4.651408113166975,14.504854131565311,80.84373775526772
130.38399090014397,4.65139079804808,14.504863405628956,80.84374579632296
130.42704170339454,4.651373494077882,14.50487267358979,80.84375383233234
130.47008858825157,4.65135620116821,14.504881935498087,80.84376186333371
130.51313155791865,4.651338919232492,14.504891191403244,80.84376988936425
130.55617061557857,4.6513216481860225,14.504900441353538,80.84377791046045
130.59920576439356,4.651304387945565,14.504909685396502,80.84378592665793
130.64223700750563,4.6512871384297085,14.504918923578575,80.84379393799172
130.68526434803724,4.6512698995585815,14.504928155945374,80.84380194449605
130.72828778909135,4.651252671253942,14.5049373825416,80.84380994620446
130.77130733375188,4.6512354534392735,14.50494660341095,80.84381794314977
130.81432298508426,4.651218246039564,14.504955818596304,80.84382593536414
130.85733474613573,4.6512010489813305,14.504965028139743,80.84383392287893
130.90034261993551,4.651183862192906,14.504974232082201,80.84384190572489
130.94334660949548,4.651166685603945,14.504983430464005,80.84384988393205
130.9863467178103,4.651149519145848,14.504992623324409,80.84385785752974
131.02934294785786,4.651132362751542,14.505001810701836,80.84386582654662
131.07233530259964,4.651115216355368,14.505010992633963,80.84387379101067
131.11532378498114,4.651098079893394,14.505020169157426,80.84388175094918
131.15830839793233,4.6510809533031034,14.505029340308099,80.84388970638881
131.2012891443676,4.651063836523452,14.505038506121066,80.84389765735548
131.24426602718628,4.651046729495026,14.50504766663043,80.84390560387455
131.2872390492735,4.6510296321597755,14.5050568218696,80.84391354597062
131.33020821349967,4.65101254446119,14.505065971871076,80.84392148366774
131.37317352272143,4.650995466344275,14.505075116666516,80.84392941698921
131.41613497978182,4.650978397755483,14.505084256286748,80.84393734595776
131.45909258751055,4.650961338642587,14.505093390761942,80.84394527059547
131.50204634872455,4.650944288955006,14.505102520121243,80.84395319092374
131.54499626622788,4.650927248643478,14.505111644393109,80.84396110696342
131.58794234281257,4.650910217660226,14.505120763605145,80.84396901873463
131.63088458125858,4.650893195958754,14.505129877784295,80.84397692625696
131.6738229843343,4.650876183494171,14.505138986956508,80.84398482954931
131.71675755479677,4.650859180222755,14.505148091147191,80.84399272863006
131.75968829539218,4.650842186102436,14.505157190380702,80.84400062351686
131.802615208856,4.650825201092311,14.505166284680836,80.84400851422686
131.84553829791335,4.650808225152836,14.505175374070634,80.84401640077652
131.8884575652792,4.650791258246022,14.50518445857218,80.84402428318181
131.9313730136592,4.650774300338347,14.505193538205138,80.84403216145651
131.97428464574978,4.650757351395753,14.505202612989399,80.84404003561485
132.01719246423892,4.650740411384135,14.505211682944918,80.84404790567095
132.0600964718057,4.650723480270739,14.505220748090888,80.84405577163838
132.1029966711208,4.650706558023981,14.505229808445916,80.84406363353011
132.1458930648466,4.650689644613753,14.505238864027689,80.84407149135856
132.1887856556375,4.650672740011199,14.505247914853223,80.84407934513558
132.23167444614052,4.650655844188667,14.505256960938901,80.84408719487244
132.27455943899508,4.6506389571865165,14.505266002252906,80.84409504056057
132.317440636848,4.650622079288589,14.505275038590188,80.84410288212123
132.36031804240483,4.650605209998097,14.505284070298108,80.84411071970379
132.40319165826398,4.65058834930739,14.505293097380806,80.8441185533118
132.44606148702093,4.650571497208978,14.50530211984227,80.84412638294876
132.48892753126813,4.650554653695265,14.505311137686599,80.84413420861813
132.53178979359535,4.6505378187586865,14.50532015091786,80.84414203032345
132.5746482765893,4.650520992391723,14.505329159540075,80.8441498480682
132.61750298283374,4.650504174586806,14.505338163557319,80.84415766185587
132.66035391490993,4.650487365336402,14.505347162973642,80.84416547168996
132.703201075396,4.6504705646330144,14.505356157793049,80.84417327757394
132.74604446686723,4.6504537724690405,14.505365148019663,80.8441810795113
132.7888840918959,4.650436988837003,14.505374133657487,80.8441888775055
132.83276952306872,4.650419689075782,14.5053834017071,80.84419690921712
132.87665091783612,4.6504024029577335,14.505392662249012,80.84420493479325
132.92052828010378,4.650385130379087,14.505401915324645,80.84421295429627
132.96440161375085,4.650367871209819,14.505411161007666,80.84422096778252
133.00827092262423,4.650350625321761,14.505420399370749,80.84422897530749
133.05213621053923,4.65033339258865,14.5054296304855,80.84423697692584
133.09599748128036,4.650316172886091,14.505438854422481,80.84424497269143
133.1398547386014,4.650298966091627,14.505448071251148,80.84425296265722
133.1837079862261,4.65028177208466,14.505457281039922,80.84426094687542
133.2275572278484,4.650264590746414,14.505466483856216,80.84426892539737
133.27140246713319,4.6502474219600405,14.505475679766333,80.84427689827362
133.31524370771652,4.650230265610449,14.505484868835616,80.84428486555393
133.35908095320622,4.650213121584433,14.505494051128329,80.84429282728725
133.40291420718208,4.6501959897705705,14.505503226707745,80.84430078352169
133.44674347319665,4.650178870059234,14.50551239563613,80.84430873430463
133.4905687547754,4.650161762342589,14.505521557974749,80.84431667968266
133.53439005541725,4.6501446665191875,14.505530713781301,80.84432461969952
133.578207378596,4.65012758248493,14.505539863114848,80.84433255440022
133.6220207277599,4.650110510137081,14.505549006033872,80.84434048382904
133.66583010633167,4.650093449374903,14.505558142595618,80.84434840802948
133.70963551770944,4.650076400099346,14.505567272856412,80.84435632704424
133.75343696526687,4.650059362212918,14.505576396871781,80.8443642409153
133.7972344523534,4.650042335620067,14.50558551469602,80.84437214968392
133.84102798229492,4.650025320226793,14.505594626382628,80.84438005339058
133.88481755839422,4.650008315940759,14.505603731984184,80.84438795207505
133.9286031839312,4.649991322671334,14.505612831552314,80.84439584577635
133.97238486216335,4.649974340329469,14.50562192513777,80.84440373453276
134.01616259632607,4.649957368828047,14.505631012790113,80.84441161838184
134.0599363896332,4.649940408081233,14.505640094558329,80.84441949736045
134.10370624527744,4.649923458005077,14.505649170490234,80.8444273715047
134.14747216643062,4.649906518517113,14.505658240632876,80.84443524085
134.19123415624412,4.649889589536446,14.50566730503243,80.84444310543113
134.2349922178492,4.649872670983933,14.505676363734029,80.84445096528204
134.27874635435757,4.649855762781851,14.505685416782068,80.84445882043609
134.32249656886168,4.64983886485416,14.505694464219964,80.84446667092587
134.36624286443484,4.6498219771263605,14.50570350609027,80.84447451678336
134.409985244132,4.6498050995254685,14.505712542434706,80.84448235803983
134.45372371098975,4.649788231980017,14.505721573294162,80.84449019472582
134.49745826802732,4.64977137442018,14.505730598708539,80.84449802687128
134.54118891824584,4.64975452677755,14.505739618717012,80.84450585450544
134.58491566462988,4.6497376889852395,14.505748633357879,80.84451367765688
134.62863851014703,4.649720860977964,14.50575764266851,80.84452149635352
134.67235745774857,4.649704042691839,14.505766646685514,80.84452931062265
134.7160725103699,4.649687234064369,14.505775645444782,80.84453712049084
134.75978367093077,4.649670435034728,14.505784638981162,80.84454492598411
134.80349094233534,4.649653645543396,14.505793627328847,80.84455272712776
134.84719432747303,4.649636865532409,14.50580261052111,80.84456052394648
134.89089382921856,4.6496200949451865,14.505811588590475,80.84456831646433
134.93458945043253,4.649603333726548,14.505820561568694,80.84457610470476
134.9782811939615,4.649586581822813,14.505829529486642,80.84458388869055
135.0219690626384,4.6495698391816855,14.505838492374428,80.84459166844388
135.06565305928285,4.649553105752199,14.505847450261461,80.84459944398634
135.10933318670172,4.649536381486342,14.505856403175427,80.84460721533824
135.1530094476894,4.649519666339074,14.505865351142354,80.84461498251856
135.1966818450288,4.649502960263608,14.50587429418928,80.84462274554711
135.240350381491,4.6494862632144995,14.505883232342489,80.84463050444302
135.28401505983518,4.649469575147746,14.505892165627438,80.84463825922481
135.3276758828094,4.649452896020662,14.505901094068854,80.84464600991048
135.37133285315076,4.649436225791777,14.505910017690827,80.84465375651739
135.41498597358532,4.649419564421096,14.505918936516563,80.84466149906234
135.45863524682912,4.649402911869897,14.505927850568575,80.84466923756153
135.50228067558808,4.649386268100803,14.505936759868614,80.84467697203058
135.54592226255838,4.649369633077675,14.505945664437755,80.84468470248457
135.58956001042657,4.64935300676572,14.5059545642963,80.84469242893798
135.63319392187026,4.649336389131363,14.505963459463892,80.84470015140475
135.6768239995581,4.649319780142374,14.505972349959404,80.84470786989823
135.72045024615016,4.649303179767776,14.505981235800999,80.84471558443123
135.76407266429828,4.649286587977828,14.505990117006167,80.84472329501601
135.80769125685111,4.649270004743935,14.505998993591755,80.84473100166431
135.8513060260355,4.649253430039008,14.506007865573775,80.84473870438723
135.89491697468506,4.6492368638371,14.506016732967527,80.84474640319537
135.93852410542155,4.649220306337317,14.506025595628683,80.844754098034
135.98212742090877,4.6492037574577205,14.506034453610972,80.84476178893131
136.02572692379124,4.6491872169219235,14.506043307107172,80.8447694759709
136.06932261665153,4.649170684722749,14.506052156121108,80.84477715915614
136.11291450206969,4.649154160852851,14.50606100065678,80.84478483849037
136.15650258262258,4.649137645305156,14.506069840717913,80.84479251397694
136.20008686088448,4.649121138072357,14.506078676308476,80.84480018561916
136.24366733942674,4.649104639147226,14.50608750743235,80.84480785342043
136.2872440208179,4.649088148522622,14.506096334093352,80.84481551738403
136.33081690762376,4.649071666191279,14.506105156295405,80.84482317751332
136.37438600240716,4.649055192146013,14.506113974042362,80.84483083381161
136.41795130772817,4.649038726379723,14.506122787338002,80.84483848628227
136.46257089177345,4.649021757497503,14.506131875904035,80.84484636659846
136.50718641687857,4.649004801879918,14.50614095717192,80.84485424094817
136.55179788693525,4.648987859426627,14.506150031181498,80.84486210939188
136.59640530580813,4.648970930011558,14.50615909800421,80.84486997198424
136.64100867733032,4.648954013510446,14.506168157710494,80.84487782877906
136.6856080053038,4.64893710980079,14.506177210369842,80.84488567982937
136.73020329349936,4.648920218763712,14.506186256049697,80.84489352518659
136.77479454565784,4.648903340283339,14.506195294815743,80.84490136490092
136.8193817654911,4.648886474242583,14.506204326734457,80.84490919902296
136.86396495668123,4.648869620526341,14.506213351871095,80.84491702760258
136.90854412288147,4.648852779021074,14.506222370290153,80.84492485068877
136.95311926771646,4.648835949615286,14.506231382054843,80.84493266832988
136.99769039478264,4.648819132198918,14.506240387227729,80.84494048057336
137.04225750764883,4.648802326663913,14.506249385870124,80.84494828746595
137.0868206098562,4.6487855329038235,14.50625837804251,80.84495608905367
137.13137970491948,4.648768750814054,14.506267363804259,80.84496388538169
137.17593479632689,4.648751980291532,14.506276343213981,80.8449716764945
137.2204858875407,4.648735221235043,14.506285316329167,80.84497946243579
137.26503298199742,4.6487184735450136,14.506294283206426,80.84498724324855
137.30957608310854,4.648701737123514,14.506303243901439,80.84499501897504
137.3541151942609,4.648685011874381,14.506312198468871,80.84500278965675
137.39865031881678,4.64866829770293,14.506321146962689,80.84501055533438
137.44318146011463,4.648651594516506,14.506330089435417,80.84501831604808
137.48770862146972,4.64863490222356,14.506339025939278,80.84502607183717
137.53223180617385,4.6486182207345355,14.506347956525195,80.84503382274026
137.57675101749606,4.648601549961323,14.50635688124337,80.84504156879531
137.62126625868336,4.648584889817429,14.506365800143072,80.8450493100395
137.66577753296065,4.648568240218117,14.506374713272535,80.84505704650935
137.71028484353127,4.648551601079929,14.506383620679392,80.84506477824067
137.7547881935778,4.6485349723212614,14.506392522410108,80.84507250526863
137.79928758647284,4.648518353861929,14.506401418510379,80.84508022762769
137.8437830249352,4.648501745623372,14.506410309025089,80.84508794535154
137.8882745125085,4.64848514752851,14.506419193998138,80.84509565847335
137.93276205187223,4.648468559501792,14.506428073472746,80.84510336702546
137.97724564631983,4.64845198146973,14.506436947490295,80.84511107103998
138.02172529891496,4.648435413358007,14.506445816094763,80.84511877054723
138.06620101270238,4.648418855097714,14.50645467932403,80.84512646557826
138.1106727907092,4.64840230661854,14.50646353721877,80.84513415616269
138.15514063594478,4.648385767852381,14.506472389817956,80.84514184232965
138.1996045514007,4.6483692387326485,14.50648123715969,80.84514952410767
138.24406454005197,4.648352719194208,14.506490079281258,80.84515720152453
138.28852060485644,4.648336209173422,14.506498916219087,80.84516487460749
138.33297274875605,4.648319708608017,14.506507748008865,80.84517254338311
138.37742097467654,4.648303217440721,14.506516574683461,80.84518020787581
138.42186528552887,4.648286735613097,14.506525396276345,80.84518786811056
138.46630568420883,4.648270263067045,14.50653421282091,80.84519552411204
138.5107421735977,4.648253799745907,14.50654302434971,80.84520317590437
138.55517475656157,4.648237345594669,14.50655183089427,80.84521082351105
138.59960343595273,4.64822090055934,14.506560632485693,80.84521846695496
138.64402821460936,4.648204464587496,14.506569429154123,80.84522610625838
138.6884490953559,4.648188037627989,14.506578220929025,80.845233741443
138.7328660810036,4.648171619631213,14.506587007838926,80.84524137252987
138.77727917435104,4.648155210548637,14.506595789911838,80.84524899953952
138.8216883781838,4.6481388103332435,14.506604567174888,80.84525662249187
138.8660936952754,4.648122418939247,14.506613339654523,80.84526424140623
138.91049512838737,4.648106036322351,14.506622107376298,80.84527185630135
138.9548926802695,4.648089662439279,14.506630870365308,80.84527946719543
138.99928635366044,4.648073297248274,14.506639628645718,80.84528707410601
139.04367615149764,4.648056940708778,14.506648382240996,80.84529467705023
139.08806207607753,4.648040592781619,14.506657131173938,80.84530227604444
139.13244413031669,4.648024253428799,14.50666587546659,80.8453098711046
139.1768223169116,4.648007922613666,14.506674615140247,80.84531746224609
139.22119663854843,4.647991600300697,14.506683350215624,80.84532504948368
139.2655670979044,4.6479752864557105,14.506692080712655,80.84533263283163
139.30993369764727,4.64795898104574,14.50670080665059,80.84534021230367
139.35429644043586,4.647942684039008,14.50670952804805,80.84534778791294
139.39865532892054,4.647926395405039,14.506718244922872,80.84535535967208
139.44301036574342,4.6479101151145885,14.50672695729221,80.8453629275932
139.4873615535383,4.647893843139498,14.506735665172659,80.84537049168785
139.53170889493154,4.647877579452903,14.50674436858004,80.84537805196706
139.57605239254192,4.64786132402911,14.506753067529537,80.84538560844136
139.62039204898124,4.64784507684354,14.506761762035737,80.84539316112073
139.6647278668543,4.6478288382430195,14.506770451849455,80.84540070990752
139.70905984884203,4.647812607805844,14.506779137264914,80.84540825492924
139.75338799752967,4.647796385460594,14.50678781833108,80.84541579620831
139.797712315485,4.647780171200309,14.506796495051708,80.84542333374797
139.8420328052731,4.647763965018064,14.506805167430514,80.84543086755143
139.88634946945612,4.647747766906999,14.506813835471174,80.84543839762183
139.93066231059368,4.647731576860239,14.506822499177364,80.8454459239624
139.97497133124233,4.6477153948708505,14.50683115855282,80.84545344657633
140.01927653395617,4.647699220934954,14.50683981359957,80.84546096546548
140.06357792128708,4.64768305504705,14.506848464320429,80.84546848063252
140.10787549578447,4.647666897196475,14.506857110721322,80.8454759920822
140.1532358412228,4.647650247834554,14.506866026052931,80.8454837261125
140.19859210457312,4.647633611398567,14.506874934274164,80.84549145432727
140.24394428971965,4.647616987792212,14.506883835422332,80.84549917678545
140.2892924005204,4.647600376892974,14.50689272956683,80.8455068935402
140.33463644080155,4.647583778579946,14.506901616776254,80.8455146046438
140.379976414358,4.647567192734213,14.506910497117989,80.8455223101478
140.42531232495404,4.647550619238355,14.50691937065868,80.84553001010296
140.4706441763238,4.647534057977017,14.506928237463693,80.84553770455929
140.51597197217143,4.647517508836377,14.506937097597634,80.84554539356598
140.56129571617174,4.647500971704409,14.506945951124054,80.84555307717154
140.6066154119708,4.647484446470833,14.506954798105532,80.84556075542363
140.65193106318594,4.647467933026991,14.506963638603759,80.84556842836925
140.69724267340652,4.647451431266129,14.506972472679278,80.8455760960546
140.7425502461946,4.647434941082912,14.50698130039195,80.84558375852514
140.78785378508456,4.647418462373802,14.506990121800573,80.84559141582562
140.8331532935843,4.6474019950370025,14.506998936962933,80.84559906800007
140.87844877517517,4.647385538972301,14.50700774593597,80.84560671509173
140.923740233313,4.647369094081091,14.507016548775722,80.84561435714319
140.96902767142788,4.6473526602664395,14.507025345537278,80.84562199419628
141.01431109292463,4.647336237433023,14.507034136274818,80.84562962629217
141.0595905011839,4.64731982548716,14.507042921041608,80.84563725347124
141.10486589956142,4.647303424336754,14.507051699890077,80.84564487577317
141.1501372913897,4.647287033891316,14.507060472871613,80.84565249323707
141.1954046799774,4.647270654061819,14.507069240036916,80.84566010590126
141.24066806861032,4.647254284760935,14.50707800143567,80.8456677138034
141.28592746055136,4.647237925902773,14.507086757116793,80.84567531698043
141.33118285904135,4.647221577403133,14.50709550712821,80.84568291546866
141.37643426729932,4.647205239179235,14.507104251517083,80.84569050930368
141.42168168852268,4.647188911149871,14.507112990329679,80.84569809852044
141.46692512588766,4.647172593235346,14.50712172361142,80.84570568315324
141.51216458254981,4.647156285357414,14.507130451406924,80.84571326323567
141.55740006164456,4.647139987439483,14.507139173759839,80.84572083880069
141.60263156628707,4.647123699406271,14.507147890713126,80.8457284098806
141.64785909957297,4.64710742118464,14.507156602308543,80.84573597650682
141.69308266457898,4.647091152706091,14.507165308585176,80.84574353870873
141.7383022643639,4.647074893899667,14.50717400958359,80.84575109651675
141.7835179019677,4.647058644696062,14.507182705343336,80.8457586499606
141.82872958041253,4.647042405027357,14.507191395903227,80.84576619906942
141.87393730270256,4.647026174826896,14.507200081301406,80.84577374387169
141.91914107182475,4.647009954029632,14.507208761575058,80.84578128439531
141.96434089074887,4.646993742571899,14.507217436760595,80.84578882066751
142.00953676242804,4.646977540391319,14.507226106893745,80.84579635271494
142.05472868979896,4.646961347426965,14.507234772009408,80.84580388056362
142.0999166757823,4.646945163619333,14.507243432141664,80.84581140423902
142.14510072328312,4.646928988910164,14.507252087323943,80.84581892376589
142.1902808351913,4.646912823242685,14.507260737588796,80.84582643916852
142.23545701438138,4.64689666656153,14.50726938296795,80.8458339504705
142.28062926371362,4.6468805188124085,14.507278023492656,80.84584145769493
142.3257975860338,4.646864379942598,14.507286659193175,80.84584896086423
142.37096198417368,4.646848249900621,14.507295290099108,80.84585646000026
142.4161224609515,4.646832128636374,14.507303916239264,80.84586395512436
142.461279019172,4.646816016100972,14.5073125376418,80.84587144625723
142.50643166162692,4.6467999122468395,14.507321154334136,80.84587893341903
142.55158039109554,4.646783817027703,14.507329766342957,80.84588641662934
142.59672521034463,4.646767730398672,14.507338373694138,80.8458938959072
142.6418661221289,4.6467516523158885,14.50734697641305,80.84590137127105
142.68700312919142,4.646735582737562,14.507355574523285,80.84590884273915
142.73213623426403,4.646719521620532,14.50736416805139,80.84591631032808
142.77726544006669,4.646703468927086,14.507372757017666,80.84592377405525
142.82239074930942,4.646687424617698,14.507381341445525,80.84593123393677
142.8675121646914,4.646671388654832,14.507389921356758,80.8459386899884
142.91262968890175,4.64665536100227,14.507398496772408,80.84594614222532
142.95774332461943,4.646639341624888,14.507407067712933,80.84595359066218
143.00285307451412,4.646623330488915,14.50741563419797,80.84596103531312
143.04795894124604,4.646607327561636,14.507424196246637,80.84596847619171
143.0930609274665,4.6465913328116395,14.507432753877264,80.8459759133111
143.13815903581812,4.646575346208658,14.507441307107548,80.8459833466838
143.18325326893486,4.646559367723502,14.507449855954643,80.84599077632186
143.22834362944297,4.646543397328295,14.507458400434887,80.84599820223681
143.27343011996044,4.646527434996161,14.507466940564123,80.84600562443971
143.31851274309798,4.646511480702081,14.507475476357076,80.84601304294084
143.3635915014591,4.6464955344247025,14.507484007826568,80.84602045774874
143.40866639764096,4.646479596142037,14.507492534985403,80.84602786887257
143.45373743423454,4.646463666234843,14.50750105756049,80.84603527620466
143.49880461391655,4.646447744189635,14.507509575911094,80.84604267989928
143.54386793924445,4.64643182999985,14.507518090040694,80.84605007995945
143.58892741277307,4.646415923658765,14.50752659995295,80.8460574763883
143.63398303705446,4.646400025159822,14.507535105651352,80.84606486918882
143.67903481463784,4.646384134496336,14.507543607139509,80.84607225836416
143.72408274806975,4.646368251661732,14.507552104420935,80.84607964391734
143.76912683989391,4.6463523766494506,14.50756059749913,80.84608702585142
143.81416709265153,4.64633650945283,14.507569086377693,80.84609440416948
143.86027877656872,4.646320162573769,14.507577837697422,80.84610199972882
143.9063863523833,4.646303828287544,14.507586582090534,80.84610958962193
143.9524898239724,4.646287506499975,14.507595319593927,80.8461171739061
143.99858919518684,4.646271197091902,14.507604050275132,80.84612475263296
144.04468446984555,4.646254899945748,14.507612774200847,80.8461323258534
144.09077565173652,4.646238614945818,14.507621491436648,80.84613989361753
144.13686274461702,4.646222341978127,14.507630202047148,80.84614745597473
144.1829457522146,4.646206080930204,14.507638906096185,80.84615501297361
144.22902467822675,4.646189831691522,14.507647603646417,80.84616256466207
144.27509952632172,4.646173594152984,14.507656294759789,80.84617011108723
144.32117030013904,4.6461573682074055,14.507664979497067,80.84617765229552
144.3672370032898,4.6461411537491,14.507673657918248,80.84618518833265
144.41329963935715,4.646124950674042,14.507682330082389,80.84619271924358
144.45935821189673,4.646108758879873,14.507690996047598,80.84620024507252
144.505412724437,4.646092578265801,14.507699655871125,80.84620776586307
144.55146318047983,4.64607640873276,14.507708309609201,80.84621528165805
144.597509583501,4.646060250183134,14.507716957317312,80.84622279249956
144.64355193695002,4.646044102521035,14.507725599049914,80.84623029842905
144.68959024425135,4.64602796565201,14.50773423486072,80.84623779948727
144.7356245088041,4.646011839483382,14.507742864802351,80.84624529571427
144.78165473398315,4.645995723923715,14.507751488926877,80.84625278714941
144.82768092313884,4.645979618883525,14.507760107285117,80.84626027383136
144.87370307959802,4.645963524274631,14.507768719927261,80.84626775579811
144.91972120666412,4.6459474400103815,14.507777326902549,80.84627523308707
144.96573530761725,4.645931366005611,14.507785928259494,80.8462827057349
145.01174538571527,4.645915302178319,14.507794524044801,80.84629017377688
145.05775144419405,4.6458992484490365,14.507803114303686,80.84629763724728
145.10375348626806,4.645883204737077,14.50781169908212,80.8463050961808
145.14975151513073,4.645867170963366,14.507820278425113,80.84631255061151
145.19574553395407,4.645851147050002,14.50782885237714,80.84632000057286
145.24173554588958,4.645835132920963,14.507837420981446,80.84632744609759
145.28772155406858,4.6458191285013735,14.50784598428075,80.84633488721788
145.33370356160233,4.645803133717785,14.50785454231699,80.84634232396523
145.3796815715822,4.645787148498396,14.507863095131073,80.84634975637053
145.42565558708077,4.645771172772592,14.507871642763348,80.84635718446405
145.4716256111517,4.645755206471319,14.507880185253219,80.84636460827545
145.5175916468299,4.645739249526894,14.507888722639334,80.84637202783377
145.56355369713253,4.645723301872904,14.507897254959673,80.84637944316742
145.6095117650587,4.64570736344451,14.507905782251262,80.84638685430423
145.65546585359021,4.645691434178069,14.507914304550532,80.8463942612714
145.70141596569206,4.64567551401147,14.507922821892963,80.84640166409557
145.74736210453327,4.645659602883665,14.50793133431354,80.84640906280279
145.79330427260345,4.645643700735376,14.507939841846193,80.84641645741843
145.83924247303938,4.645627807508322,14.507948344524307,80.84642384796737
145.88517670874097,4.645611923145649,14.507956842380471,80.84643123447388
145.931106982593,4.645596047591886,14.507965335446466,80.84643861696165
145.97703329746508,4.645580180792695,14.507973823753517,80.84644599545379
146.02295565621245,4.645564322695172,14.507982307331982,80.84645336997285
146.06887406167579,4.645548473247751,14.507990786211455,80.84646074054079
146.11478851668176,4.645532632400043,14.507999260420904,80.84646810717906
146.1606990240433,4.645516800102945,14.508007729988579,80.84647546990847
146.2066055865602,4.64550097630856,14.508016194942073,80.84648282874937
146.25250820701902,4.645485160970483,14.508024655308057,80.84649018372146
146.29840688819382,4.645469354043319,14.508033111112711,80.84649753484396
146.34430163284605,4.6454535554829475,14.508041562381507,80.84650488213553
146.39019244372514,4.645437765246546,14.508050009139147,80.8465122256143
146.43607932356903,4.645421983292493,14.508058451409687,80.84651956529783
146.48196227510383,4.6454062095803925,14.508066889216465,80.84652690120315
146.52784130104476,4.6453904440709906,14.50807532258223,80.84653423334677
146.57371640409585,4.645374686726314,14.508083751528963,80.84654156174473
146.61958758695096,4.64535893750949,14.508092176078074,80.84654888641242
146.66545485229364,4.645343196384918,14.508100596250218,80.84655620736486
146.7113182027974,4.645327463319932,14.508109012064404,80.84656352461566
146.75717764112648,4.6453117382834535,14.50811742353878,80.84657083817777
146.8030331699366,4.645296021243396,14.508125830692018,80.84657814806458
146.84888479187418,4.64528031216869,14.508134233542282,80.84658545428903
146.8947325095771,4.6452646110294795,14.50814263210702,80.8465927568635
146.94057632567444,4.645248917796993,14.508151026403091,80.84660005579991
146.9864162427874,4.645233232443666,14.50815941644665,80.8466073511097
147.032252263529,4.645217554943016,14.508167802253258,80.84661464280373
147.0780843905048,4.645201885269653,14.508176183837874,80.84662193089247
147.123912626313,4.645186223399287,14.508184561214833,80.84662921538587
147.16973697354467,4.645170569308775,14.508192934397822,80.8466364962934
147.21555743478413,4.645154923122123,14.508201303296147,80.84664377358173
147.2613740126434,4.645139284884089,14.508209667874416,80.8466510472415
147.30718670974366,4.645123654282452,14.508218028350733,80.84665831736682
147.3529955286314,4.645108031311005,14.508226384728374,80.84666558396061
147.39880047185042,4.645092415963341,14.508234737010788,80.84667284702587
147.44460154194172,4.645076808233101,14.50824308520141,80.84668010656549
147.4903987414436,4.64506120811395,14.508251429303629,80.84668736258243
147.53619207289168,4.645045615599633,14.508259769320766,80.8466946150796
147.58198153881895,4.645030030683776,14.508268105256269,80.84670186405995
147.62776714175567,4.645014453360549,14.508276437112727,80.84670910952673
147.67463270086154,4.644998408017948,14.508285025013274,80.84671656696878
147.7214941283241,4.6449823749320736,14.508293606172737,80.84672401889519
147.76835142800857,4.644966354011122,14.50830218062743,80.84673146536146
147.81520460375359,4.644950345139275,14.508310748443048,80.84673890641767
147.8620536593665,4.644934348202657,14.508319309684078,80.84674634211326
147.90889859862358,4.644918363088777,14.508327864414364,80.84675377249685
147.95573942527093,4.6449023896870045,14.508336412696599,80.8467611976164
148.00257614302456,4.644886427888234,14.508344954592678,80.84676861751909
148.04940875557094,4.644870477585019,14.508353490163564,80.84677603225141
148.09623726656744,4.6448545386715745,14.508362019469248,80.84678344185919
148.14306167964287,4.644838611043692,14.50837054256887,80.84679084638744
148.18988199839765,4.6448226945988225,14.508379059520598,80.84679824588058
148.2366982264045,4.644806789235816,14.508387570381906,80.84680564038229
148.2835103672088,4.644790894855342,14.50839607520914,80.84681302993552
148.33031842432877,4.644775011359541,14.508404574057856,80.8468204145826
148.37712240148394,4.644759138651908,14.5084130669829,80.8468277943652
148.42392230168494,4.6447432766400585,14.50842155403675,80.8468351693232
148.47071812859977,4.644727425232631,14.508430035271294,80.84684253949608
148.51750988564405,4.644711584337993,14.50843851073858,80.84684990492342
148.56429757620882,4.6446957538658,14.508446980490012,80.84685726564419
148.6110812036603,4.644679933727429,14.508455444575933,80.84686462169664
148.65786077134092,4.6446641238356765,14.508463903045984,80.84687197311834
148.70463628256923,4.644648324104874,14.508472355948824,80.8468793199463
148.7514077408675,4.644632534450637,14.508480803332443,80.84688666221692
148.79817514905372,4.644616754790336,14.508489245243904,80.84689399996576
148.84493851060523,4.6446009850425085,14.508497681729585,80.8469013332279
148.89169782874947,4.644585225127381,14.508506112834851,80.84690866203776
148.93845310669258,4.644569474966378,14.508514538604503,80.84691598642912
148.98520434761875,4.644553734482613,14.508522959082285,80.8469233064351
149.031951554692,4.64453800360041,14.508531374311342,80.84693062208825
149.0786947310551,4.644522282245577,14.508539784333962,80.84693793342046
149.12543387983072,4.644506570345381,14.508548189191586,80.84694524046303
149.17216900412183,4.64449086782831,14.508556588925028,80.84695254324666
149.2189001070118,4.6444751746244135,14.508564983574168,80.84695984180141
149.2656271915649,4.64445949066501,14.508573373178212,80.84696713615678
149.3123502608265,4.644443815882744,14.508581757775627,80.84697442634163
149.35906931782355,4.644428150211766,14.508590137403976,80.84698171238426
149.40578436556495,4.644412493587425,14.50859851210021,80.84698899431237
149.45249540704194,4.6443968459464235,14.508606881900516,80.84699627215306
149.49920244522832,4.644381207226851,14.508615246840275,80.84700354593288
149.54590548308104,4.644365577368021,14.508623606954208,80.84701081567778
149.59260452354022,4.644349956310692,14.508631962276187,80.84701808141313
149.6392995695298,4.644334343996773,14.508640312839491,80.84702534316374
149.68599062395748,4.644318740369545,14.508648658676584,80.84703260095387
149.73267768971553,4.64430314537347,14.50865699981933,80.8470398548072
149.77936076968098,4.64428755895447,14.508665336298687,80.84704710474684
149.82603986671563,4.644271981059565,14.508673668145061,80.84705435079537
149.87271498366687,4.644256411637141,14.508681995388043,80.84706159297481
149.91938612336742,4.6442408506366295,14.508690318056738,80.84706883130663
149.96605328863637,4.644225298008968,14.508698636179279,80.84707606581175
150.01271648227916,4.6442097537061775,14.50870694978326,80.84708329651056
150.05937570708753,4.644194217681481,14.508715258895604,80.84709052342292
150.10603096584055,4.644178689889338,14.508723563542539,80.84709774656812
150.1526822613042,4.644163170288002,14.508731863748118,80.84710496596388
150.19932959623307,4.6441476588357595,14.508740159536416,80.84711218162782
150.24597297336987,4.644132155490677,14.508748450931616,80.8471193935777
150.29261239544556,4.644116660212016,14.508756737957237,80.84712660183074
150.33924786517952,4.644101172960113,14.508765020636224,80.84713380640366
150.38587938528,4.644085693696582,14.508773298990768,80.84714100731264
150.43250695844446,4.644070222384116,14.508781573042478,80.8471482045734
150.4791305873597,4.644054758986547,14.508789842812334,80.84715539820112
150.52575027470223,4.6440393034689995,14.508798108320534,80.84716258821047
150.57236602313873,4.644023855797505,14.508806369586855,80.84716977461564
150.6189778353261,4.644008415939471,14.508814626630192,80.84717695743034
150.66558571391167,4.643992983863125,14.508822879469122,80.84718413666776
150.71218966153404,4.643977559538044,14.508831128121352,80.8471913123406
150.75878968082282,4.643962142934857,14.50883937260403,80.84719848446112
150.805385774399,4.643946734025193,14.508847612933776,80.84720565304103
150.85197794487536,4.643931332781936,14.508855849126444,80.84721281809162
150.8985661948568,4.643915939178859,14.508864081197476,80.84721997962366
150.94515052694047,4.64390055319098,14.508872309161521,80.8472271376475
150.99173094371622,4.643885174794294,14.508880533032741,80.84723429217297
151.03830744776647,4.6438698039658455,14.508888752824703,80.84724144320946
151.08488004166716,4.643854440683729,14.508896968550397,80.84724859076587
151.13144872798742,4.643839085204993,14.508905180024714,80.8472557347703
151.17801350935682,4.643823737268644,14.50891338742866,80.84726287530269
151.2245743883411,4.643808396746527,14.508921590851184,80.84727001240228
151.27113136747326,4.6437930636325,14.508929790295614,80.84727714607189
151.31768444928392,4.643777737920571,14.508937985765128,80.8472842763143
151.36423363630126,4.643762419604666,14.508946177262985,80.84729140313235
151.41077893105034,4.643747108678788,14.50895436479237,80.84729852652885
151.45732033605398,4.643731805136831,14.508962548356589,80.84730564650658
151.50385785383247,4.643716508972711,14.5089707279589,80.84731276306839
151.55148387011027,4.643700755663229,14.50897915765086,80.84732008668591
151.59910573076363,4.643685014290141,14.508987580779994,80.84732740492986
151.6467234396472,4.643669284766245,14.508995997379307,80.84733471785445
151.6943370005897,4.643653566979177,14.509004407512505,80.84734202550831
151.74194641738848,4.6436378608182975,14.509012811242277,80.84734932793943
151.78955169381055,4.643622166174387,14.509021208630593,80.84735662519502
151.83715283359254,4.643606482940092,14.509029599738268,80.84736391732163
151.88474984044134,4.643590811011404,14.509037984624362,80.84737120436422
151.93234271803493,4.643575150286093,14.509046363346787,80.84737848636712
151.97993147002276,4.643559500661315,14.509054735963906,80.84738576337477
152.02751610002602,4.643543862035754,14.509063102533236,80.847393035431
152.07509661163792,4.64352823430982,14.509071463111251,80.84740030257893
152.1226730084236,4.6435126173852845,14.509079817753722,80.847407564861
152.17024529392103,4.643497011165517,14.509088166515507,80.84741482231898
152.21781347164156,4.643481415555431,14.509096509450567,80.847422074994
152.26537754507007,4.643465830461311,14.50910484661216,80.84742932292653
152.31293751766543,4.643450255791092,14.509113178052546,80.84743656615636
152.3604933928608,4.643434691454095,14.509121503823257,80.84744380472264
152.4080451740642,4.643419137361182,14.509129823974916,80.84745103866389
152.45559286465894,4.643403593424615,14.509138138557404,80.84745826801797
152.50313646800407,4.643388059558131,14.509146447619747,80.84746549282212
152.55067598743435,4.64337253567693,14.509154751210149,80.84747271311292
152.59821142626106,4.643357021697633,14.509163049376102,80.84747992892628
152.64574278777238,4.643341517538369,14.509171342164052,80.84748714029757
152.69327007523356,4.643326023118487,14.509179629619934,80.84749434726157
152.74079329188743,4.64331053835881,14.509187911788837,80.84750154985235
152.78831244095488,4.643295063181672,14.509196188714931,80.84750874810341
152.83582752563478,4.6432795975107295,14.509204460441676,80.8475159420476
152.88333854910516,4.643264141270845,14.509212727011938,80.84752313171721
152.93084551452293,4.643248694388593,14.509220988467458,80.84753031714396
152.9783484250243,4.64323325679161,14.509229244849529,80.84753749835886
153.0258472837255,4.643217828409025,14.509237496198518,80.84754467539246
153.07334209372297,4.643202409171287,14.509245742554091,80.84755184827462
153.12083285809348,4.643186999010151,14.509253983955164,80.84755901703468
153.16831957989484,4.6431715978587205,14.509262220439906,80.84756618170137
153.21580226216608,4.643156205651336,14.509270452045811,80.84757334230287
153.26328090792785,4.643140822323729,14.509278678809565,80.8475804988667
153.31075552018285,4.643125447812991,14.509286900767057,80.84758765141996
153.35822610191602,4.643110082057333,14.509295117953622,80.84759479998904
153.40569265609503,4.64309472499629,14.509303330403833,80.84760194459987
153.4531551856705,4.64307937657076,14.50931153815146,80.84760908527778
153.5006136935764,4.643064036722774,14.50931974122969,80.84761622204753
153.54806818273036,4.643048705395758,14.509327939670866,80.84762335493338
153.595518656034,4.643033382534263,14.509336133506759,80.84763048395898
153.6429651163735,4.643018068086873,14.509344322766852,80.84763760914629
153.69040756662034,4.643002762001786,14.509352507480806,80.84764473051742
153.73784600963143,4.642987464227282,14.509360687678278,80.84765184809444
153.78528044824864,4.64297217471281,14.509368863388271,80.84765896189892
153.83271088529995,4.64295689340902,14.509377034639131,80.84766607195185
153.8801373235991,4.642941620267837,14.509385201458432,80.84767317827372
153.92755976594609,4.642926355242232,14.509393363873249,80.84768028088452
153.97497821512786,4.642911098286481,14.509401521909847,80.84768737980367
154.02239267391803,4.6428958493559636,14.509409675593915,80.84769447505012
154.06980314507763,4.64288060840735,14.509417824950363,80.8477015666423
154.11720963135483,4.642865375398251,14.509425970003665,80.84770865459808
154.16461213548615,4.642850150287563,14.509434110777505,80.84771573893494
154.21201066019628,4.642834933035365,14.5094422472949,80.84772281966974
154.25940520819827,4.642819723602739,14.50945037957835,80.8477298968189
154.30679578219392,4.642804521951949,14.509458507649676,80.84773697039837
154.35418238487424,4.6427893280463906,14.509466631530046,80.84774404042356
154.40156501891934,4.64277414185053,14.50947475124006,80.8477511069094
154.44894368699934,4.642758963330087,14.509482866799544,80.84775816987036
154.4963183917742,4.642743792451572,14.509490978228001,80.84776522932043
154.5436891358941,4.642728629182924,14.509499085544006,80.84777228527307
154.5910559219999,4.642713473492868,14.509507188765802,80.84777933774133
154.6384187527231,4.6426983253514145,14.509515287910826,80.84778638673775
154.68577763068637,4.6426831847294725,14.50952338299609,80.84779343227444
154.733132558504,4.642668051599201,14.509531474037814,80.84780047436298
154.78048353878162,4.642652925933676,14.509539561051765,80.84780751301456
154.82783057411737,4.642637807707022,14.509547644053129,80.84781454823985
154.875173667101,4.642622696894392,14.509555723056492,80.84782158004911
154.92251282031503,4.642607593472055,14.509563798075812,80.84782860845213
154.9698480363347,4.642592497417176,14.509571869124576,80.84783563345826
155.01717931772845,4.6425774087080685,14.50957993621558,80.84784265507635
155.064506667058,4.642562327323956,14.509587999361152,80.84784967331488
155.11183008687854,4.642547253605547,14.50959605831687,80.84785668807758
155.15914957982807,4.642532187094906,14.5096041134032,80.8478636995019
155.20646514843003,4.642517127786224,14.50961216462325,80.84787070759052
155.25377679520545,4.642502075673721,14.509620211980105,80.84787771234618
155.30108452267262,4.642487030751582,14.509628255476878,80.84788471377153
155.34838833334732,4.6424719930139915,14.50963629511669,80.84789171186932
155.3956882297428,4.642456962457262,14.50964433090094,80.8478987066418
155.44298421437006,4.642441939075894,14.509652362834103,80.84790569809
155.49137725621853,4.642426468968347,14.509660639155905,80.84791289187575
155.53976611810288,4.6424110105091065,14.509668909073381,80.84792008041751
155.58815080387294,4.642395563612569,14.509677172619417,80.84792726376801
155.63653131735282,4.64238012816933,14.509685429856,80.84793444197467
155.68490766233558,4.64236470407149,14.509693680844293,80.84794161508422
155.7332798425837,4.642349291212706,14.509701925644597,80.8479487831427
155.78164786182938,4.64233388948821,14.509710164316303,80.8479559461955
155.83001172377521,4.64231849879474,14.509718396917984,80.84796310428727
155.87837143209435,4.642303119030616,14.509726623507296,80.8479702574621
155.92672699043126,4.642287750095583,14.509734844141125,80.84797740576329
155.97507840240164,4.6422723918909785,14.509743058875443,80.84798454923357
156.02342567159346,4.642257044319662,14.509751267765337,80.847991687915
156.07176880156683,4.642241707285792,14.509759470865255,80.84799882184896
156.12010779585484,4.642226380695265,14.50976766822856,80.84800595107617
156.1684426579637,4.642211064455217,14.509775859908009,80.84801307563677
156.2167733913735,4.642195758474423,14.50978404595537,80.8480201955702
156.2650999995381,4.642180462662904,14.50979222642178,80.84802731091531
156.3134224861241,4.642165176932222,14.509800401357445,80.84803442171034
156.36174085405816,4.64214990119554,14.509808570811705,80.84804152799275
156.41005510695712,4.64213463536718,14.509816734833256,80.84804862979956
156.45836524817508,4.642119379362896,14.509824893469997,80.84805572716711
156.50667128104223,4.642104133100014,14.509833046768906,80.84806282013108
156.55497320886533,4.642088896497137,14.509841194776293,80.84806990872657
156.60327103492756,4.642073669474295,14.509849337537576,80.84807699298813
156.65156476248956,4.642058451952756,14.509857475097581,80.84808407294966
156.69985439478964,4.642043243855201,14.509865607500322,80.84809114864447
156.74813993504378,4.642028045105798,14.509873734788933,80.84809822010527
156.79642138644655,4.642012855629902,14.509881857005924,80.84810528736416
156.84469875217124,4.641997675354352,14.509889974192921,80.84811235045272
156.89297203537006,4.641982504207062,14.509898086391058,80.84811940940189
156.94124123917464,4.6419673421176055,14.509906193640374,80.84812646424201
156.98950636669665,4.641952189016588,14.509914295980467,80.84813351500296
157.03776742102764,4.641937044836061,14.509922393450042,80.8481405617139
157.08602440523993,4.641921909509198,14.50993048608726,80.84814760440354
157.13427732238665,4.641906782970668,14.509938573929348,80.84815464309997
157.18252617550218,4.641891665158887,14.509946657011488,80.84816167782962
157.2307709676034,4.6418765560122175,14.509954735368808,80.84816870861897
157.27901170168903,4.641861455468926,14.509962809036606,80.84817573549446
157.32724838074017,4.6418463634686,14.50997087804939,80.84818275848201
157.37548100772108,4.641831279952094,14.509978942440949,80.84818977760696
157.42370958557854,4.641816204861447,14.509987002244424,80.84819679289413
157.47193411724248,4.6418011381400115,14.509995057492182,80.84820380436781
157.52015460562694,4.64178607973219,14.510003108216067,80.84821081205175
157.56837105362973,4.641771029583737,14.510011154447113,80.84821781596915
157.61658346413282,4.641755987641565,14.510019196215715,80.84822481614272
157.66479184000303,4.641740953853747,14.510027233551618,80.84823181259463
157.71299618409225,4.641725928169505,14.510035266483959,80.84823880534654
157.76119649923734,4.641710910539403,14.510043295041037,80.84824579441955
157.80939278826114,4.641695900914926,14.510051319250735,80.84825277983434
157.85758505397234,4.64168089924887,14.510059339140144,80.84825976161099
157.9057732991656,4.641665905495251,14.510067354735638,80.84826673976912
157.95395752662264,4.641650919609002,14.51007536606318,80.84827371432782
158.0021377391116,4.6416359415463955,14.510083373147875,80.84828068530572
158.0503139393881,4.641620971264691,14.510091376014355,80.84828765272096
158.09848613019523,4.641606008722377,14.510099374686508,80.8482946165911
158.1466543142638,4.641591053879044,14.510107369187603,80.84830157693335
158.19481849431295,4.641576106695268,14.510115359540421,80.84830853376431
158.2429786730499,4.641561167132839,14.510123345766996,80.84831548710017
158.29113485317095,4.641546235154587,14.510131327888812,80.8483224369566
158.33928703736123,4.641531310724488,14.510139305926673,80.84832938334884
158.38743522829512,4.641516393807479,14.51014727990091,80.84833632629162
158.43557942863657,4.6415014843696945,14.510155249831108,80.8483432657992
158.4837196410397,4.641486582378125,14.510163215736466,80.84835020188541
158.53185586814868,4.641471687801112,14.510171177635305,80.84835713456357
158.57998811259816,4.641456800607826,14.51017913554557,80.8483640638466
158.62811637701327,4.6414419207684405,14.510187089484658,80.8483709897469
158.6762406640104,4.641427048254413,14.51019503946914,80.84837791227645
158.7243609761973,4.641412183037961,14.510202985515269,80.84838483144678
158.77247731617328,4.641397325092432,14.510210927638623,80.84839174726895
158.82058968652953,4.641382474392248,14.510218865854153,80.8483986597536
158.86869808984923,4.641367630912696,14.510226800176373,80.84840556891093
158.91680252870822,4.641352794630142,14.510234730619176,80.84841247475069
158.9649030056748,4.641337965523579,14.510242657194999,80.84841937728142
159.0129995233107,4.641323143573416,14.510250579915384,80.8484262765112
159.0610920841716,4.641308328758852,14.510258498792675,80.84843317244848
159.10918069080634,4.641293521143277,14.510266413779476,80.84844006507724
159.15726534577868,4.641278720871078,14.51027432477039,80.84844695435854
159.20534605168757,4.641263927605012,14.510282232001181,80.8484538403938
159.25342281104525,4.641249141339504,14.510290135474843,80.84846072318565
159.30149562636126,4.641234362068987,14.51029803519435,80.84846760273666
159.3495645001429,4.641219589787872,14.510305931162698,80.84847447904944
159.3976294348946,4.641204824490559,14.510313823382898,80.84848135212654
159.44569043311864,4.641190066171555,14.510321711857857,80.8484882219706
159.49374749731425,4.641175314825289,14.510329596590571,80.84849508858414
159.5429100451038,4.641160127487315,14.5103377198251,80.84850215268759
159.59206839115126,4.641144951487843,14.510345836826605,80.84850921168555
159.6412225392925,4.641129786744029,14.510353947626719,80.84851626562926
159.69037249333766,4.641114633149654,14.510362052285632,80.84852331456472
159.7395182570661,4.641099490599977,14.510370150862716,80.8485303585373
159.78865983422668,4.641084358991751,14.510378243416516,80.84853739759174
159.83779722853825,4.641069238223266,14.510386330004687,80.84854443177205
159.88693044369003,4.641054128194197,14.510394410684151,80.84855146112166
159.93605948334238,4.64103902880588,14.510402485510825,80.8485584856833
159.98518435112675,4.64102393996098,14.510410554539929,80.8485655054991
160.03430505064634,4.641008861563652,14.510418617825835,80.8485725206105
160.08342158547646,4.640993793519403,14.510426675422197,80.84857953105839
160.1325339591652,4.640978735735412,14.510434727381623,80.84858653688296
160.1816421752333,4.640963688119992,14.51044277375622,80.8485935381238
160.23074623717505,4.640948650583122,14.510450814597043,80.84860053481984
160.27984614845866,4.640933623036,14.510458849954553,80.84860752700945
160.32894191252623,4.640918605391361,14.510466879878269,80.84861451473037
160.3780335327947,4.640903597563273,14.510474904417018,80.84862149801971
160.42712101265585,4.640888599467142,14.510482923618856,80.848628476914
160.4762043554769,4.640873611019748,14.510490937531095,80.84863545144916
160.52528356460076,4.640858632139384,14.510498946200117,80.8486424216605
160.57435864334647,4.640843662745511,14.510506949671734,80.84864938758275
160.62342959500984,4.640828702758993,14.510514947990982,80.84865634925002
160.6724964228636,4.640813752102103,14.510522941202005,80.84866330669588
160.72155913015766,4.640798810698342,14.51053092934831,80.84867025995335
160.77061772011953,4.6407838784744,14.510538912471677,80.84867720905392
160.81967219595535,4.6407689553583245,14.510546890612982,80.84868415402869
160.86872256085044,4.640754041277476,14.510554863813601,80.84869109490892
160.91776881796864,4.640739136160554,14.510562832114148,80.84869803172529
160.96681097045305,4.640724239937544,14.5105707955545,80.84870496450796
161.0158490214265,4.640709352539742,14.510578754173789,80.84871189328646
161.06488297399133,4.640694473899724,14.510586708010417,80.84871881808986
161.11391283123032,4.640679603951247,14.510594657102155,80.8487257389466
161.16293859620683,4.640664742629392,14.510602601486008,80.8487326558846
161.21196027196524,4.6406498898703346,14.510610541198412,80.84873956893125
161.26097786153127,4.6406350456116385,14.510618476274962,80.8487464781134
161.3099913679122,4.640620209792094,14.510626406750573,80.84875338345734
161.3590007940974,4.640605382351524,14.510634332659645,80.84876028498883
161.40800614305857,4.640590563231135,14.510642254035726,80.84876718273314
161.4570074177499,4.6405757523732705,14.510650170911768,80.84877407671496
161.506004621109,4.640560949721473,14.510658083320019,80.84878096695851
161.55499775605654,4.640546155220423,14.510665991292132,80.84878785348745
161.60398682549703,4.640531368816073,14.51067389485899,80.84879473632493
161.65297183231897,4.6405165904553645,14.510681794050992,80.84880161549364
161.70195277939516,4.640501820086569,14.510689688897738,80.8488084910157
161.75092966958312,4.6404870576590325,14.51069757942824,80.84881536291273
161.79990250572547,4.640472303123212,14.510705465670902,80.84882223120589
161.84887129064995,4.640457556430809,14.510713347653393,80.8488290959158
161.89783602717014,4.6404428175345975,14.510721225402781,80.84883595706262
161.94679671808558,4.640428086388405,14.5107290989456,80.848842814666
161.99575336618196,4.640413362947146,14.510736968307764,80.84884966874509
162.04470597423173,4.640398647167085,14.51074483351433,80.84885651931859
162.09365454499402,4.6403839390052655,14.510752694590053,80.84886336640467
162.14259908121528,4.640369238420039,14.510760551558874,80.84887021002109
162.1915395856294,4.640354545370731,14.51076840444421,80.84887705018507
162.24047606095843,4.640339859817778,14.510776253268858,80.84888388691336
162.28940850991205,4.640325181722672,14.510784098055025,80.8488907202223
162.33833693518875,4.640310511048021,14.510791938824251,80.84889755012773
162.3872613394752,4.640295847757328,14.510799775597677,80.848904376645
162.43618172544765,4.640281191815377,14.51080760839559,80.84891119978903
162.48509809577138,4.640266543187806,14.510815437237895,80.8489180195743
162.53401045310127,4.640251901841404,14.510823262143798,80.8489248360148
162.58291880008204,4.640237267745113,14.510831083131384,80.8489316491235
162.631823139349,4.640222640870069,14.510838900217376,80.84893845891256
162.68072347352847,4.640208021185987,14.510846713419387,80.84894526539462
162.72961980523758,4.64019340866373,14.510854522754316,80.84895206858195
162.77851213708416,4.640178803274899,14.510862328238783,80.84895886848632
162.8274004716676,4.640164204992363,14.510870129888556,80.84896566511908
162.87628481157884,4.640149613789855,14.510877927718976,80.84897245849116
162.92516515964206,4.640135029641983,14.510885721744904,80.84897924861312
162.97404151794896,4.640120452524642,14.510893511980452,80.8489860354949
163.022913889308,4.640105882414333,14.510901298439444,80.84899281914623
163.0717822762791,4.640091319288738,14.510909081134965,80.8489995995763
163.12064668141485,4.640076763126354,14.51091686007972,80.84900637679394
163.16950710726113,4.640062213906771,14.510924635285727,80.84901315080751
163.21836355635705,4.640047671610324,14.51093240676467,80.84901992162501
163.26721603123545,4.640033136420945,14.51094017438361,80.84902668919544
163.31606453447557,4.640018608206162,14.510947938233127,80.84903345356071
163.36490906862113,4.640004086795168,14.510955698432188,80.84904021477264
163.4137496361699,4.639989572182598,14.510963454983669,80.84904697283373
163.46258623961768,4.639975064362995,14.510971207890552,80.84905372774645
163.51141888145742,4.639960563331234,14.510978957155482,80.84906047951328
163.56024756417972,4.639946069081915,14.510986702781379,80.8490672281367
163.6101903238891,4.639931148970879,14.510994681354386,80.84907416967472
163.66012885703006,4.639916239908847,14.511002653854469,80.84908110623668
163.7100631674288,4.6399013418154835,14.511010620312145,80.84908803787238
163.75999325888588,4.639886454587532,14.511018580785946,80.84909496462652
163.8099191351713,4.63987157812334,14.511026535333432,80.84910188654322
163.85984080002456,4.639856712322481,14.511034484011578,80.84910880366594
163.9097582571557,4.639841857086042,14.511042426876482,80.84911571603747
163.95967151024485,4.639827012316693,14.511050363983296,80.84912262370001
164.00958056294365,4.6398121779183885,14.511058295386489,80.84912952669512
164.05948541887506,4.639797353796536,14.511066221139723,80.84913642506373
164.10938608163372,4.63978253985794,14.511074141295868,80.84914331884619
164.15928255478673,4.639767736010765,14.511082055907048,80.8491502080822
164.20917484187396,4.639752942164668,14.511089965024512,80.84915709281081
164.25906294640802,4.639738158230651,14.511097868698755,80.84916397307059
164.3089468718752,4.639723384120998,14.511105766979599,80.8491708488994
164.35882662173617,4.639708619749464,14.511113659915994,80.84917772033454
164.408702199425,4.639693865032067,14.511121547555634,80.84918458741231
164.45857360835154,4.639679119887812,14.511129429944555,80.84919145016764
164.50844085190118,4.639664384234572,14.511137307129344,80.84919830863609
164.55830393343467,4.639649657991224,14.511145179156165,80.84920516285261
164.6081628562886,4.639634941078252,14.511153046070158,80.8492120128516
164.6580176237762,4.639620233417356,14.511160907915821,80.84921885866683
164.7078682391869,4.6396055349314365,14.511168764737082,80.84922570033149
164.75771470578766,4.639590845544372,14.511176616577092,80.84923253787854
164.80755702682225,4.6395761651763925,14.511184463481294,80.84923937134232
164.85739520551078,4.639561493749325,14.51119230549415,80.84924620075653
164.90722924505042,4.639546831190121,14.511200142657415,80.84925302615247
164.95705914861622,4.6395321774303016,14.511207975010013,80.84925984755968
165.00688491936262,4.6395175324020705,14.511215802590499,80.84926666500742
165.05670656042426,4.6395028960384215,14.511223625437038,80.84927347852454
165.10652407491543,4.63948826827343,14.511231443587144,80.84928028813943
165.15633746593053,4.639473649042035,14.511239257077909,80.84928709388006
165.20614673654458,4.639459038280427,14.511247065945646,80.84929389577394
165.2559518898136,4.6394444359257125,14.511254870226226,80.84930069384806
165.30575292877435,4.639429841916005,14.511262669955011,80.84930748812899
165.35554985644538,4.639415256190933,14.511270465166337,80.84931427864272
165.4053426758271,4.639400678690961,14.511278255894194,80.84932106541484
165.45513138990174,4.639386109357668,14.511286042171973,80.84932784847037
165.50491600163397,4.6393715481338855,14.511293824032286,80.84933462783383
165.55469651397186,4.639356994963541,14.511301601507176,80.84934140352928
165.60447292984574,4.639342449791763,14.511309374627967,80.84934817558027
165.6542452524185,4.639327912564587,14.511317143425531,80.84935494400989
165.70401348409104,4.639313383229526,14.511324907929884,80.84936170884059
165.75377762799383,4.639298861734935,14.511332668170565,80.84936847009449
165.80353768699337,4.6392843480303565,14.511340424176456,80.84937522779319
165.85329366394078,4.639269842066416,14.511348175975833,80.84938198195775
165.90304556167237,4.639255343794962,14.511355923596254,80.84938873260879
165.9527933830097,4.639240853168659,14.511363667064911,80.84939547976643
166.0025371307599,4.639226370141587,14.511371406408093,80.84940222345031
166.05227680771645,4.639211894668752,14.5113791416516,80.84940896367965
166.1020124166588,4.639197426706267,14.511386872820623,80.8494157004731
166.15174396035326,4.6391829662111235,14.511394599939925,80.84942243384894
166.20147144155268,4.639168513141685,14.511402323033373,80.84942916382494
166.25119486299766,4.639154067457748,14.511410042124137,80.8494358904181
166.3009142274161,4.639139629122454,14.511417757233472,80.84944261364407
166.35062953752475,4.639125198097281,14.511425468383477,80.84944933351925
166.40034079602822,4.639110774344428,14.51143317559601,80.84945605005956
166.4500480056198,4.639096357827392,14.51144087889208,80.84946276328053
166.49975116898136,4.639081948510981,14.511448578291496,80.84946947319752
166.54945028878396,4.639067546358746,14.511456273816883,80.84947617982436
166.59914536768744,4.639053151339325,14.511463965484811,80.84948288317587
166.64883640834168,4.639038763419288,14.511471653315128,80.8494895832656
166.69852341338637,4.639024382567046,14.511479337326131,80.84949628010682
166.7482063854509,4.639010008751898,14.511487017535638,80.84950297371246
166.79788532715565,4.6389956419441924,14.511494693960875,80.84950966409494
166.84756024111147,4.638981282115359,14.511502366618402,80.84951635126623
166.89723112992033,4.638966929237537,14.511510035524475,80.849523035238
166.94689799617487,4.63895258328414,14.51151770069453,80.84952971602132
166.99656084245993,4.638938244229143,14.511525362143827,80.84953639362703
167.04621967135168,4.638923912047824,14.51153301988676,80.84954306806542
167.09587448541862,4.638909586716304,14.511540673937285,80.84954973934641
167.1455252872216,4.638895268211445,14.511548324309013,80.84955640747955
167.1951720793137,4.6388809565111995,14.511555971014891,80.84956307247391
167.24481486424105,4.638866651594468,14.51156361406731,80.84956973433822
167.29445364454293,4.638852353441011,14.51157125347821,80.84957639308078
167.34408842275198,4.638838062031455,14.511578889259052,80.84958304870949
167.39371920139448,4.638823777347359,14.51158652142077,80.84958970123188
167.44334598299065,4.638809499684217,14.511594149751318,80.84959635056447
167.4929687701372,4.638795228653073,14.511601774522767,80.84960299682416
167.54258756532712,4.638780964237476,14.51160939574579,80.84960964001672
167.59220237104768,4.638766706432231,14.511617013423223,80.84961628014455
167.64181318978333,4.638752455232386,14.51162462755764,80.84962291720997
167.69142002401634,4.638738210632675,14.511632238151961,80.84962955121536
167.74214954305577,4.638723549183406,14.511640076775503,80.84963637404108
167.79287481015604,4.638708898526092,14.511647909468033,80.84964319200587
167.84359582914047,4.638694258582827,14.511655736258877,80.8496500051583
167.89431260380698,4.6386796292530095,14.511663557205031,80.84965681354196
167.94502513792293,4.6386650104374105,14.511671372362745,80.84966361719985
167.99573343522536,4.638650402038181,14.511679181787501,80.84967041617432
168.04643749942198,4.638635803958997,14.51168698553387,80.84967721050714
168.0971373341907,4.6386212161048,14.511694783655773,80.84968400023942
168.1478329431808,4.638606638385011,14.511702576204637,80.84969078541036
168.1985243300135,4.63859207070796,14.51171036323234,80.8496975660597
168.24921149828268,4.638577512982649,14.511718144790548,80.8497043422268
168.29989445155428,4.638562965119453,14.511725920930127,80.84971111395042
168.35057319336696,4.638548427030228,14.511733691701068,80.8497178812687
168.40124772723263,4.638533898628062,14.511741457152706,80.84972464421924
168.4519180566363,4.638519379827463,14.511749217333533,80.849731402839
168.50258418503768,4.638504870544085,14.51175697229148,80.84973815716442
168.55324611587034,4.638490370695058,14.51176472207358,80.84974490723135
168.6039038525424,4.63847588019871,14.51177246672621,80.84975165307509
168.65455739843753,4.638461398974263,14.511780206295317,80.84975839473042
168.70520675691463,4.638446926942756,14.511787940825752,80.84976513223148
168.75585193130823,4.638432464026911,14.511795670361352,80.84977186561173
168.80649292492961,4.63841801015045,14.511803394945435,80.84977859490412
168.85712974106661,4.638403565238031,14.511811114620842,80.84978532014114
168.90776238298432,4.638389129215644,14.511818829429673,80.84979204135469
168.9583908539247,4.638374702010355,14.511826539413377,80.84979875857627
169.00901515710814,4.638360283550646,14.511834244612636,80.84980547183672
169.05963529573268,4.638345873766131,14.511841945067513,80.84981218116636
169.11025127297498,4.63833147258769,14.511849640817342,80.84981888659497
169.1608630919905,4.63831707994739,14.511857331900806,80.8498255881518
169.21147075591395,4.638302695778602,14.51186501835581,80.84983228586559
169.26207426785973,4.638288320015707,14.511872700219786,80.84983897976451
169.31267363092192,4.638273952594493,14.511880377529247,80.84984566987626
169.36326884817527,4.6382595934518145,14.51188805032019,80.84985235622798
169.41385992267502,4.638245242525592,14.511895718628043,80.84985903884636
169.46444685745715,4.638230899755158,14.511903382487334,80.84986571775751
169.51502965553917,4.63821656508079,14.511911041932155,80.84987239298705
169.56560831992036,4.638202238443965,14.511918696995894,80.84987906456014
169.61618285358205,4.638187919787285,14.511926347711313,80.8498857325014
169.66675325948762,4.638173609054559,14.511933994110482,80.84989239683496
169.71731954058345,4.638159306190749,14.511941636224787,80.84989905758447
169.7678816997986,4.638145011141689,14.511949274085234,80.84990571477307
169.81843974004587,4.638130723854586,14.511956907721956,80.84991236842346
169.86899366422145,4.638116444277579,14.511964537164626,80.8499190185578
169.91954347520576,4.638102172360038,14.511972162442166,80.8499256651978
169.9700891758634,4.638087908052212,14.511979783583095,80.84993230836469
170.02063076904358,4.63807365130871,14.511987400613387,80.8499389480779
170.07116825758143,4.638059402082419,14.511995013560005,80.84994558435757
170.12170164429727,4.638045160326858,14.512002622449602,80.84995221722355
170.17223093199755,4.638030925996719,14.512010227308132,80.84995884669515
170.22275612347403,4.638016699047636,14.512017828161047,80.84996547279133
170.27327722150503,4.638002479436346,14.512025425033173,80.84997209553049
170.323794228855,4.637988267120514,14.512033017948845,80.84997871493064
170.37430714827565,4.637974062059076,14.512040606931597,80.84998533100934
170.4248159825056,4.637959864211704,14.51204819200465,80.84999194378364
170.47532073427087,4.637945673539309,14.512055773190463,80.84999855327023
170.52582140628516,4.637931490003617,14.51206335051109,80.85000515948529
170.5763180012504,4.637917313567582,14.512070923987821,80.8500117624446
170.62681052185656,4.637903144194833,14.512078493641695,80.85001836216348
170.6772989707826,4.6378889818503595,14.512086059492823,80.85002495865682
170.72778335069597,4.637874826499876,14.512093621561032,80.8500315519391
170.77826366425333,4.637860678110122,14.512101179865539,80.85003814202435
170.82873991410105,4.637846536648832,14.512108734424995,80.85004472892618
170.8792121028749,4.637832402084675,14.512116285257544,80.85005131265778
170.9296802332011,4.6378182743872935,14.51212383238077,80.85005789323193
170.98014430769567,4.637804153527295,14.512131375811713,80.85006447066098
171.03060432896567,4.637790039476212,14.512138915566894,80.85007104495689
171.0810602996085,4.637775932206462,14.512146451662367,80.85007761613116
171.1315122222134,4.637761831691522,14.51215398411353,80.85008418419494
171.1819600993604,4.637747737905611,14.512161512935446,80.85009074915894
171.23240393362138,4.637733650823964,14.512169038142558,80.85009731103348
171.28284372755994,4.637719570422746,14.512176559748792,80.85010386982846
171.33327948373233,4.637705496679028,14.512184077767559,80.85011042555341
171.38371120468688,4.637691429570738,14.5121915922118,80.85011697821747
171.43413889296463,4.637677369076651,14.512199103094014,80.85012352782933
171.48456255109994,4.6376633151764945,14.512206610426123,80.85013007439738
171.53498218161994,4.637649267850891,14.512214114219551,80.85013661792956
171.58539778704557,4.637635227081309,14.512221614485258,80.85014315843344
171.63580936989135,4.637621192882124,14.512229111210953,80.85014969590692
171.68621693267465,4.637607165475862,14.512236604236255,80.85015623028788
171.73662047797177,4.637593144508411,14.512244093808954,80.85016276168263
171.7870200082616,4.637579129974949,14.51225157993159,80.85016929009345
171.8374155260206,4.637565121870492,14.512259062606866,80.85017581552265
171.887807033723,4.637551120191517,14.512266541836633,80.85018233797186
171.93819453384057,4.637537124935162,14.512274017622298,80.85018885744255
171.9897131930486,4.637522722513517,14.512281716127399,80.85019556135909
172.04122757763,4.637508330610219,14.512289408852661,80.85020226053712
172.09273769139693,4.637493949149685,14.512297095826398,80.85020895502392
172.1442435381361,4.637479578034235,14.512304777103912,80.85021564486186
172.19574512160426,4.6374652171673985,14.51231245273989,80.85022233009272
172.24724244552758,4.6374508664540555,14.512320122788255,80.85022901075769
172.29873551360322,4.637436525800494,14.51232778730214,80.85023568689736
172.35022432949856,4.637422195114345,14.512335446333905,80.85024235855175
172.4017088968526,4.637407874304563,14.512343099935181,80.85024902576026
172.45318921927617,4.63739356328141,14.512350748156877,80.85025568856172
172.50466530035166,4.63737926195652,14.51235839104911,80.85026234699437
172.55613714363432,4.637364970242858,14.512366028661223,80.85026900109592
172.60760475265224,4.637350688054534,14.512373661042005,80.85027565090346
172.65906813090652,4.6373364153071925,14.512381288239268,80.85028229645354
172.71052728187232,4.637322151917527,14.512388910300336,80.85028893778214
172.76198220899875,4.637307897803615,14.512396527271717,80.85029557492467
172.81343291570934,4.637293652884858,14.51240413919914,80.850302207916
172.8648794054024,4.63727941708184,14.512411746127714,80.85030883679045
172.91632168145148,4.637265190316339,14.51241934810189,80.85031546158177
172.96775974720592,4.637250972511586,14.512426945165224,80.85032208232319
173.01919360599098,4.637236763591741,14.512434537360871,80.8503286990474
173.07062326110832,4.637222563482489,14.512442124731011,80.8503353117865
173.12204871583629,4.637208372110566,14.512449707317332,80.8503419205721
173.1734699734306,4.637194189403964,14.512457285160751,80.8503485254353
173.22488703712426,4.637180015291867,14.512464858301513,80.85035512640661
173.27629991012805,4.637165849704656,14.512472426779205,80.85036172351614
173.3277085956313,4.637151692573735,14.512479990632924,80.85036831679334
173.3791130968015,4.637137543831985,14.512487549900799,80.85037490626722
173.4305134167856,4.637123403413315,14.51249510462044,80.85038149196623
173.48190955870962,4.6371092712526885,14.512502654828912,80.8503880739184
173.53330152567904,4.637095147286404,14.512510200562465,80.85039465215114
173.58468932077983,4.637081031451805,14.51251774185678,80.85040122669142
173.636072947078,4.637066923687304,14.512525278746988,80.85040779756571
173.68745240762036,4.637052823932675,14.51253281126735,80.85041436479997
173.7388277054346,4.637038732128572,14.512540339451737,80.85042092841968
173.79019884353022,4.637024648218495,14.512547863332385,80.85042748844911
173.84156582489857,4.637010572147215,14.512555382940745,80.85043404491203
173.8929286525136,4.636996503858659,14.512562898308879,80.85044059783246
173.9442873293318,4.636982443298077,14.512570409467996,80.85044714723392
173.9956418582924,4.636968390411694,14.512577916448798,80.8504536931395
174.04699224231751,4.63695434514684,14.51258541928137,80.85046023557179
174.0983384843128,4.636940307451857,14.512592917995242,80.8504667745529
174.1496805871676,4.636926277276174,14.512600412619323,80.8504733101045
174.20101855375532,4.636912254570314,14.512607903181907,80.85047984224778
174.25235238693392,4.636898239285923,14.512615389710607,80.85048637100347
174.30368208954548,4.636884231375536,14.512622872232614,80.85049289639186
174.35500766441754,4.63687023079269,14.512630350774568,80.85049941843275
174.40632911436262,4.636856237492236,14.512637825362251,80.85050593714551
174.45764644217937,4.636842251429629,14.512645296021292,80.85051245254908
174.5089596506516,4.636828272561758,14.512652762776318,80.85051896466192
174.5602687425501,4.636814300846212,14.512660225651707,80.85052547350207
174.61157372063155,4.63680033624178,14.51266768467107,80.85053197908715
174.66287458764012,4.636786378708598,14.512675139856812,80.8505384814346
174.71417134630641,4.636772428205493,14.512682591234155,80.85054498056034
174.76546399934867,4.6367584846963865,14.512690038822265,80.85055147648134
174.81675254947316,4.636744548143035,14.512697482643668,80.8505579692133
174.86803699937383,4.636730618509108,14.51270492271926,80.85056445877163
174.91931735173318,4.636716695759076,14.512712359069546,80.85057094517138
174.97059360922228,4.636702779858515,14.512719791714352,80.85057742842714
175.02186577450072,4.636688870773862,14.512727220673053,80.85058390855309
175.0731338502176,4.636674968472596,14.512734645964404,80.85059038556301
175.12439783901132,4.63666107292301,14.512742067606752,80.85059685947023
175.17565774351007,4.636647184094336,14.51274948561791,80.85060333028775
175.22691356633206,4.636633301956867,14.51275690001504,80.85060979802809
175.27816531008557,4.636619426481691,14.512764310814916,80.85061626270338
175.32941297736954,4.636605557640823,14.512771718033774,80.8506227243254
175.38065657077397,4.636591695407167,14.51277912168737,80.85062918290546
175.4318960928797,4.6365778397546205,14.512786521790838,80.85063563845453
175.48313154625873,4.63656399065781,14.51279391835901,80.85064209098319
175.53436293347514,4.636550148092491,14.512801311405951,80.85064854050155
175.58559025708448,4.636536312034953,14.512808700945593,80.85065498701945
175.63681351963473,4.636522482462717,14.512816086991007,80.85066143054628
175.6880327236662,4.636508659354184,14.512823469554881,80.85066787109095
175.73924787171165,4.636494842691394,14.512830848647843,80.85067430866076
175.79045896629825,4.636481032454395,14.512838224281566,80.85068074326404
175.84166600994573,4.636467228623829,14.512845596467509,80.85068717490867
175.89286900516734,4.6364534311814465,14.512852965216409,80.85069360360215
175.94406795447048,4.636439640109714,14.512860330538638,80.85070002935166
175.9952628603557,4.636425855531883,14.512867692344669,80.85070645212345
176.04645372535737,4.6364120774204745,14.512875050651083,80.85071287192844
176.09764055200043,4.636398305571384,14.512882405600372,80.85071928882824
176.14882334275214,4.636384539979848,14.512889757195108,80.85072570282505
176.20000210007709,4.636370780641245,14.51289710543772,80.85073211392104
176.25232065491983,4.636356623282626,14.512904671386664,80.8507387053307
176.30463490947764,4.636342476182656,14.512912231699298,80.85074529211805
176.3569448675543,4.6363283392680295,14.512919786402934,80.85075187432903
176.40925053292895,4.636314212443621,14.51292733555147,80.85075845200491
176.46155190935008,4.63630009561572,14.512934879197974,80.8507650251863
176.51384900053634,4.636285988691781,14.512942417394935,80.85077159391328
176.56614181017716,4.636271891580578,14.51294995019409,80.85077815822534
176.6184303419328,4.63625780419229,14.51295747764634,80.85078471816138
176.67071459943483,4.636243726438383,14.512964999801884,80.85079127375974
176.72299458628706,4.636229658231574,14.512972516710205,80.85079782505822
176.77527030606495,4.636215599485832,14.512980028420126,80.85080437209405
176.8275417623168,4.636201550116361,14.51298753497976,80.85081091490387
176.8798089585638,4.636187510039798,14.512995036436372,80.85081745352383
176.93207189830076,4.636173479173805,14.513002532836715,80.85082398798949
176.98433058499597,4.6361594574375165,14.513010024226656,80.85083051833583
177.03658502209223,4.636145444751126,14.513017510651501,80.85083704459737
177.08883521300703,4.6361314410360785,14.513024992155874,80.85084356680805
177.14108116113226,4.6361174462150805,14.513032468783663,80.85085008500126
177.19332286983536,4.6361034602121505,14.513039940577968,80.85085659920988
177.24556034245984,4.636089482952296,14.513047407581436,80.85086310946626
177.297793582325,4.636075514361892,14.51305486983587,80.85086961580224
177.35002259272704,4.636061554368406,14.513062327382489,80.8508761182491
177.40224737693816,4.63604760290049,14.513069780261855,80.85088261683767
177.45446793820844,4.636033659887991,14.513077228513907,80.85088911159811
177.5066842797655,4.636019725262037,14.513084672177692,80.85089560256027
177.5588964048146,4.636005798954692,14.51309211129189,80.85090208975342
177.61110431653952,4.635991880899281,14.513099545894418,80.8509085732063
177.66330801810295,4.635977971033381,14.513106976020854,80.85091505294577
177.71550751264715,4.635964069292736,14.513114401707705,80.85092152899955
177.7677028032939,4.635950175614022,14.513121822991023,80.85092800139495
177.81989389314495,4.6359362899349925,14.513129239906277,80.85093447015873
177.87208078528155,4.635922412194585,14.513136652488232,80.85094093531718
177.924263482766,4.635908542332858,14.513144060771022,80.85094739689612
177.97644198864083,4.63589468029085,14.513151464788274,80.85095385492087
178.02861630593023,4.6358808260108155,14.513158864572876,80.85096030941631
178.08078643763935,4.635866979436068,14.513166260157137,80.85096676040679
178.13295238675525,4.635853140510929,14.513173651572822,80.85097320791625
178.18511415624698,4.6358393091807715,14.513181038851114,80.85097965196812
178.2372717490665,4.635825485392134,14.513188422022496,80.85098609258536
178.28942516814826,4.635811669092504,14.513195801116959,80.85099252979053
178.34157441640951,4.635797860230466,14.513203176163863,80.85099896360568
178.39371949675132,4.635784058755652,14.513210547191965,80.8510053940524
178.4458604120582,4.635770264618631,14.513217914229545,80.85101182115181
178.49799716519914,4.635756477771158,14.513225277304146,80.8510182449247
178.55012975902704,4.635742698165858,14.513232636442874,80.85102466539126
178.60225819637986,4.635728925756384,14.51323999167227,80.85103108257134
178.65438248008005,4.635715160497483,14.513247343018207,80.85103749648431
178.70650261293585,4.635701402344791,14.513254690506109,80.8510439071491
178.75861859774102,4.635687651255496,14.513262034159965,80.85105031458454
178.81073043727517,4.635673907185399,14.513269374006683,80.85105671880792
178.862838134304,4.635660170095389,14.513276710067116,80.85106311983749
178.91494169158008,4.635646439944146,14.513284042365504,80.85106951769035
178.96704111184266,4.635632716692207,14.513291370924522,80.85107591238328
179.01913639781793,4.63561900030115,14.513298695766204,80.85108230393264
179.0712275522198,4.635605290733424,14.51330601691215,80.85108869235442
179.12331457774943,4.635591587952512,14.513313334383321,80.85109507766417
179.17539747709645,4.635577891922598,14.5133206482004,80.851101459877
179.22747625293852,4.635564202609008,14.513327958383334,80.85110783900767
179.27955090794188,4.635550519978023,14.513335264951518,80.85111421507045
179.33162144476177,4.635536843996773,14.513342567923909,80.85112058807931
179.38368786604246,4.635523174633186,14.513349867319054,80.85112695804776
179.43575017441762,4.63550951185623,14.513357163154867,80.8511333249889
179.4878083725105,4.635495855636313,14.513364455447897,80.8511396889158
179.53986246293454,4.635482205942171,14.513371744217862,80.85114604983997
179.59191244829316,4.635468562749725,14.51337902947716,80.85115240777311
179.64395833118118,4.635454926031841,14.513386311242,80.85115876272616
179.69600011418427,4.635441295761757,14.51339358952797,80.85116511471027
179.74803779987946,4.635427671913731,14.513400864350027,80.85117146373624
179.80007139083483,4.635414054462903,14.5134081357226,80.8511778098145
179.85210088960994,4.63540044338512,14.513415403659819,80.85118415295506
179.90412629875658,4.635386838657341,14.51342266817505,80.8511904931676
179.95614762081817,4.635373240257095,14.513429929281472,80.85119683046143
180.0081648583308,4.6353596481629005,14.513437186991645,80.85120316484546
180.0601780138232,4.635346062354095,14.513444441317677,80.85120949632822
180.11218708981662,4.6353324828107505,14.513451692271301,80.85121582491794
180.16419208882553,4.635318909514025,14.51345893986353,80.85122215062245
180.21619301335784,4.63530534244553,14.513466184105283,80.85122847344918
180.26818986591522,4.635291781587957,14.513473425006751,80.8512347934053
180.32018264899293,4.635278226924773,14.51348066257771,80.85124111049751
180.3721713650804,4.635264678680528,14.513487896656738,80.85124742466273
180.42415601672977,4.635251136595246,14.513495127425019,80.85125373597974
180.47613660641773,4.6352376006042935,14.51350235492716,80.85126004446855
180.5281131366019,4.635224070703148,14.513509579165582,80.85126635013127
180.58008560973718,4.635210546887366,14.513516800142625,80.85127265297001
180.6332063848179,4.6351966334973325,14.513524234214097,80.85127913228857
180.686322836146,4.635182730119312,14.513531662785942,80.85128560709475
180.73943496751832,4.6351688366832136,14.513539085883323,80.85129207743347
180.79254278270602,4.635154953096275,14.513546503558874,80.85129854334485
180.8456462854507,4.635141079267288,14.51355391586425,80.85130500486845
180.89874547946422,4.635127215106137,14.513561322850563,80.8513114620433
180.95184036842895,4.635113360524178,14.513568724568021,80.85131791490781
181.00493095599842,4.635099515433908,14.51357612106624,80.85132436349986
181.05801724579783,4.635085679749027,14.513583512394174,80.8513308078568
181.1110992414241,4.6350718533846695,14.513590898599894,80.85133724801543
181.16417694644676,4.635058036256923,14.513598279731067,80.85134368401201
181.21725036440776,4.635044228283308,14.513605655834446,80.85135011588224
181.270319498822,4.635030429382623,14.513613026956062,80.85135654366131
181.3233843531784,4.63501663947464,14.5136203931415,80.85136296738386
181.37644493093939,4.635002858480537,14.51362775443544,80.85136938708402
181.4295012355418,4.634989086322603,14.513635110882012,80.85137580279539
181.48255327039718,4.634975322924328,14.51364246252464,80.85138221455104
181.535601039165,4.6349615682113825,14.51364980940556,80.85138862238306
181.58864454466175,4.634947822111925,14.513657151565532,80.85139502632255
181.6416837904991,4.634934084552832,14.513664489046093,80.85140142640108
181.69471877999206,4.634920355462225,14.513671821888089,80.85140782264969
181.74774951643207,4.634906634769443,14.513679150131646,80.85141421509891
181.80077600308758,4.6348929224048865,14.513686473816326,80.85142060377879
181.85379824320427,4.634879218300083,14.513693792981137,80.85142698871877
181.90681624000544,4.634865522387885,14.513701107664097,80.85143336994803
181.9598299966923,4.634851834601939,14.513708417903025,80.85143974749504
182.01283951644473,4.6348381548772455,14.513715723734858,80.8514461213879
182.06584480242097,4.634824483149788,14.51372302519602,80.8514524916542
182.11884585775852,4.634810819356669,14.513730322322315,80.85145885832101
182.17184268557438,4.6347971634360965,14.513737615148909,80.851465221415
182.224835288965,4.634783515327329,14.513744903710391,80.85147158096228
182.2778236710073,4.634769874970825,14.513752188040618,80.85147793698856
182.33080783475845,4.634756242307955,14.51375946817301,80.85148428951904
182.38378778325648,4.634742617281183,14.513766744140346,80.85149063857847
182.43676351952044,4.634728999833996,14.513774015974862,80.85149698419114
182.48973504655066,4.634715389911133,14.51378128370798,80.8515033263809
182.54270236732978,4.634701787458042,14.513788547370881,80.85150966517108
182.59566548482235,4.634688192421451,14.513795806993915,80.85151600058464
182.6486244019752,4.634674604749013,14.513803062606954,80.85152233264404
182.70157912171774,4.634661024389406,14.513810314239292,80.8515286613713
182.75452964696328,4.634647451292393,14.51381756191958,80.85153498678804
182.80747598060782,4.634633885408609,14.51382480567604,80.85154130891536
182.8604181255315,4.634620326689729,14.513832045536285,80.851547627774
182.9133560845981,4.634606775088465,14.513839281527337,80.85155394338419
182.96628986065613,4.634593230558546,14.51384651367562,80.85156025576583
183.0192194565387,4.6345796930545475,14.513853742007143,80.85156656493831
183.072144875064,4.634566162532075,14.513860966547313,80.85157287092062
183.12506611903504,4.634552638947718,14.51386818732098,80.85157917373131
183.1779831912408,4.6345391222591,14.513875404352373,80.85158547338852
183.23089609445628,4.634525612424638,14.513882617665338,80.85159176991003
183.28380483144247,4.634512109403661,14.513889827283244,80.8515980633131
183.33670940494696,4.634498613156637,14.513897033228709,80.85160435361465
183.38960981770387,4.634485123644904,14.513904235523908,80.85161064083118
183.4425060724348,4.634471640830615,14.513911434190597,80.85161692497879
183.49539817184854,4.634458164677194,14.513918629249787,80.85162320607301
183.54828611864133,4.634444695151537,14.513925820720527,80.85162948412794
183.60116991549876,4.6344312322185175,14.513933008623049,80.85163575915844
183.6540495650943,4.634417775844145,14.513940192976833,80.85164203117903
183.70692507009014,4.634404325994983,14.513947373801225,80.85164830020379
183.75979643313693,4.634390882638762,14.513954551114775,80.85165456624647
183.8126636568749,4.6343774457439135,14.513961724935726,80.85166082932037
183.86552674393312,4.634364015279891,14.513968895281684,80.85166708943842
183.91838569693067,4.634350591216984,14.513976062169794,80.85167334661321
183.97124051847635,4.634337173526209,14.513983225616867,80.85167960085693
184.02409121116906,4.634323762179586,14.513990385639076,80.85168585218135
184.07693777759812,4.634310357150017,14.513997542252085,80.85169210059789
184.12978022034363,4.63429695841108,14.514004695471272,80.85169834611764
184.18261854197698,4.634283565937338,14.514011845311378,80.85170458875129
184.23545274506023,4.634270179704216,14.514018991786656,80.85171082850913
184.28828283214713,4.634256799687821,14.51402613491105,80.85171706540113
184.34110880578328,4.634243425865124,14.51403327469799,80.85172329943688
184.39393066850636,4.634230058214088,14.51404041116028,80.85172953062563
184.4467484228459,4.6342166967132465,14.514047544310518,80.85173575897625
184.4995620713246,4.634203341342114,14.514054674160661,80.85174198449722
184.55237161645715,4.634189992080873,14.514061800722358,80.85174820719678
184.60517706075186,4.63417664891069,14.514068924006631,80.85175442708268
184.65797840670996,4.634163311813308,14.514076044024252,80.85176064416244
184.7107756568265,4.634149980771433,14.514083160785404,80.85176685844317
184.7635688135899,4.63413665576833,14.51409027430003,80.85177306993164
184.81635787948278,4.63412333678831,14.514097384577388,80.85177927863431
184.86914285698214,4.634110024093827,14.514104491429158,80.851785484477
184.92192374863959,4.634096717332469,14.514111595102042,80.8517916875655
184.9747005569035,4.634083416499743,14.51411869559851,80.85179788790174
185.02863433361546,4.634069734543337,14.514126004561447,80.85180426089522
185.08256376033066,4.634056062365982,14.514133308152877,80.85181062948115
185.13648884084125,4.634042399898578,14.514140606398174,80.85181699370325
185.19040957891383,4.634028747050968,14.514147899348384,80.85182335360065
185.24432597828587,4.63401510373412,14.514155187053968,80.85182970921193
185.29823804266465,4.634001469860248,14.514162469564685,80.85183606057507
185.35214577572876,4.633987845342783,14.514169746929618,80.8518424077276
185.40604918112714,4.633974230096464,14.514177019197072,80.85184875070647
185.45994826248108,4.633960624037085,14.51418428641484,80.85185508954808
185.51384302338346,4.633947027083906,14.514191548628668,80.85186142428742
185.5677334674003,4.633933439156293,14.514198805884288,80.85186775495941
185.6216195980708,4.633919860173709,14.51420605822739,80.85187408159891
185.67550141890726,4.633906290056795,14.51421330570302,80.85188040424018
185.729378933675,4.633892728727392,14.514220548355475,80.85188672291713
185.78325214527516,4.63387917610868,14.514227786228354,80.85189303766298
185.8371210574213,4.633865632124648,14.51423501936484,80.85189934851051
185.89098567352235,4.63385209670069,14.514242247807251,80.85190565549205
185.94484599696227,4.63383856976328,14.514249471597331,80.85191195863939
185.9987020311005,4.633825051239982,14.514256690776223,80.85191825798378
186.05255377927253,4.633811541059598,14.51426390538434,80.85192455355606
186.10640124478988,4.6337980391518965,14.51427111546161,80.85193084538649
186.16024443094076,4.633784545447927,14.514278321047176,80.85193713350489
186.21408334098982,4.63377105987973,14.514285522179662,80.8519434179406
186.26791797817987,4.633757582380484,14.514292718897067,80.85194969872245
186.32174834573095,4.633744112884573,14.514299911236675,80.85195597587875
186.37557444684123,4.633730651327223,14.514307099235307,80.85196224943746
186.4293962846871,4.633717197644909,14.514314282929089,80.851968519426
186.48321386242375,4.633703751775135,14.514321462353564,80.85197478587129
186.53702718318564,4.633690313656463,14.5143286375437,80.85198104879984
186.59083625008645,4.633676883228513,14.514335808533843,80.85198730823764
186.64464106621975,4.6336634604319205,14.514342975357808,80.85199356421026
186.69844163465928,4.633650045208411,14.514350138048771,80.85199981674282
186.7522379584592,4.633636637500822,14.514357296639238,80.85200606585994
186.8060300406543,4.633623237252806,14.514364451161363,80.85201231158582
186.8598178842608,4.633609844409221,14.514371601646534,80.85201855394425
186.91360149227617,4.633596458915858,14.514378748125658,80.85202479295847
186.9673808676799,4.633583080719545,14.514385890629045,80.85203102865141
187.02115601343326,4.633569709768021,14.514393029186525,80.85203726104545
187.0749269324804,4.633556346010247,14.514400163827151,80.8520434901626
187.12869362774788,4.633542989395858,14.514407294579733,80.85204971602441
187.1824561021456,4.633529639875769,14.514414421472235,80.85205593865199
187.23621435856666,4.6335162974017265,14.5144215445322,80.85206215806608
187.28996839988818,4.633502961926289,14.514428663786791,80.85206837428693
187.3437182289708,4.633489633403236,14.514435779262392,80.85207458733437
187.39746384865998,4.6334763117872875,14.514442890984828,80.85208079722788
187.45120526178565,4.633462997033861,14.514449998979673,80.85208700398647
187.504942471163,4.6334496891009245,14.514457103270962,80.85209320762812
187.55867547959235,4.6334363879476,14.51446420388207,80.85209940817033
187.61240428986056,4.633423093532231,14.514471300836867,80.8521056056309
187.6661289047403,4.633409805814139,14.514478394158639,80.85211180002723
187.7198493269903,4.633396524753524,14.514485483870205,80.85211799137628
187.77356555935594,4.633383250311461,14.514492569993887,80.85212417969466
187.82727760456913,4.633369982449976,14.51449965255148,80.85213036499854
187.88098546534886,4.633356721132059,14.514506731564191,80.85213654730374
187.93468914440157,4.63334346632146,14.514513807052865,80.85214272662567
187.98838864442143,4.63333021798291,14.514520879037754,80.85214890297934
188.0420839680901,4.63331697608189,14.514527947538742,80.85215507637938
188.09577511807757,4.633303740585026,14.514535012574962,80.85216124684001
188.14946209704263,4.633290511459542,14.514542074165318,80.85216741437515
188.20314490763266,4.633277288673536,14.514549132328222,80.85217357899825
188.2568235524839,4.633264072196212,14.514556187081364,80.85217974072243
188.310498034222,4.633250861997281,14.514563238442287,80.85218589956042
188.36416835546223,4.633237658047633,14.51457028642774,80.85219205552463
188.4178345188096,4.633224460318812,14.514577331054173,80.85219820862702
188.4714965268594,4.633211268783077,14.514584372337694,80.85220435887923
188.52515438219692,4.6331980834138555,14.514591410293606,80.85221050629255
188.5788080873986,4.633184904185099,14.514598444937052,80.85221665087785
188.63245764503174,4.633171731071659,14.514605476282622,80.85222279264572
188.68610305765426,4.633158564049271,14.514612504344395,80.85222893160633
188.73974432781594,4.633145403094419,14.514619529136045,80.85223506776954
188.79338145805832,4.633132248184353,14.514626550670826,80.85224120114482
188.84701445091454,4.633119099297211,14.514633568961461,80.85224733174132
188.90064330891016,4.633105956411779,14.514640584020375,80.85225345956785
188.95426803456323,4.6330928195078345,14.514647595859342,80.85225958463282
189.00788863038437,4.633079688565657,14.514654604489971,80.85226570694437
189.06150509887718,4.633066563566607,14.514661609923142,80.85227182651025
189.11511744253812,4.633053444492595,14.514668612169505,80.8522779433379
189.16872566385783,4.633040331326318,14.514675611239275,80.8522840574344
189.22232976531996,4.633027224051274,14.514682607142188,80.85229016880653
189.2759297494021,4.6330141226518,14.514689599887486,80.85229627746071
189.32952561857647,4.633001027201457,14.514696589421114,80.85230238337743
189.3831173753357,4.632987937757576,14.514703575699988,80.85230848654244
189.436705022188,4.632974854090731,14.514710558884492,80.85231458702478
189.49028856157264,4.632961776196843,14.514717538976777,80.85232068482638
189.54503760138354,4.632948325667898,14.514724722883043,80.85232695144906
189.59978226741748,4.632934884680542,14.514731901548892,80.85233321377056
189.65452256345716,4.632921453167631,14.514739074998904,80.85233947183347
189.70925849326085,4.6329080310415645,14.514746243282628,80.85234572567582
189.76399006055652,4.632894618215626,14.514753406449255,80.85235197533511
189.81871726904293,4.63288121460435,14.514760564547254,80.8523582208484
189.8734401223896,4.632867820123621,14.514767717624261,80.85236446225213
189.92815862423762,4.632854434690409,14.51477486572736,80.85237069958224
189.98287277819958,4.632841058222892,14.514782008902921,80.8523769328742
190.03758258786038,4.632827690640385,14.514789147196709,80.85238316216291
190.0922880567774,4.632814331863344,14.514796280653847,80.8523893874828
190.14698918848097,4.632800981813475,14.514803409318722,80.8523956088678
190.2016859864746,4.6327876404135475,14.514810533235151,80.85240182635131
190.25637845423557,4.632774307587536,14.514817652446249,80.85240803996622
190.31106659521527,4.632760983260366,14.514824766994675,80.85241424974497
190.36575041283976,4.632747667358354,14.514831876922196,80.85242045571945
190.42042991050948,4.632734359808759,14.514838982270115,80.85242665792113
190.4751050916005,4.632721060540031,14.51484608307903,80.85243285638094
190.52977595946422,4.632707769481643,14.514853179389014,80.85243905112934
190.58444251742813,4.632694486564291,14.51486027123938,80.85244524219632
190.63910476908106,4.6326812117193805,14.514867358669168,80.85245142961145
190.69376271713335,4.632667944880085,14.51487444171626,80.85245761340364
190.74841636512747,4.632654685980012,14.514881520418433,80.85246379360156
190.80306571629833,4.632641434954171,14.514888594812621,80.85246997023322
190.85771077385886,4.632628191738512,14.514895664935212,80.85247614332629
190.91235154099982,4.632614956270049,14.514902730821996,80.85248231290795
190.96698802089065,4.63260172848686,14.514909792508188,80.85248847900495
191.02162021667934,4.632588508327984,14.514916850028484,80.85249464164353
191.07624813149312,4.6325752957335355,14.514923903416957,80.85250080084951
191.13087176843885,4.632562090644756,14.514930952707008,80.85250695664823
191.18549113060322,4.632548893003719,14.51493799793164,80.85251310906465
191.24010622105303,4.632535702753674,14.514945039123129,80.8525192581232
191.2947170428357,4.632522519838714,14.514952076313344,80.85252540384793
191.34932359897954,4.632509344204075,14.514959109533457,80.85253154626247
191.40392589249396,4.632496175795944,14.514966138814106,80.85253768538995
191.45852392637002,4.632483014561367,14.514973164185516,80.85254382125312
191.51311770358046,4.632469860448602,14.514980185677118,80.85254995387427
191.56770722708015,4.632456713408705,14.514987203316904,80.8525560832744
191.62229249980757,4.632443573392663,14.514994217132768,80.85256220947457
191.67687352468369,4.632430440351412,14.515001227152743,80.85256833249585
191.73145030461322,4.632417314236952,14.515008233404183,80.85257445235887
191.78602284248385,4.632404195002141,14.515015235914023,80.85258056908384
191.84059114116718,4.632391082600739,14.515022234708688,80.85258668269057
191.89515520351898,4.63237797698755,14.51502922981398,80.85259279319847
191.94971503237917,4.632364878118279,14.515036221255198,80.85259890062653
192.0042706305725,4.632351785949952,14.515043209056408,80.85260500499363
192.058822000909,4.6323387004382495,14.515050193244534,80.85261110631721
192.1133691461831,4.632325621543811,14.515057173840507,80.85261720461568
192.16791206917577,4.632312549225053,14.515064150868676,80.85262329990628
192.2224507726534,4.632299483442203,14.515071124351794,80.852629392206
192.27698525936867,4.632286424156376,14.515078094312134,80.8526354815315
192.33151553206102,4.632273371329443,14.515085060771602,80.85264156789896
192.38604159345584,4.632260324924331,14.515092023751414,80.85264765132425
192.44056344626654,4.632247284904743,14.5150989832724,80.85265373182285
192.49508109319305,4.632234251235281,14.515105939354884,80.85265980940983
192.54959453692342,4.632221223881385,14.515112892018703,80.85266588409992
192.60410378013353,4.6322082028092915,14.515119841283294,80.85267195590743
192.6586088254875,4.632195187986143,14.515126787167542,80.85267802484631
192.71310967563758,4.632182179379931,14.51513372968987,80.85268409093021
192.76760633322502,4.632169176959462,14.515140668868229,80.85269015417231
192.82209880088007,4.632156180694379,14.515147604720124,80.85269621458549
192.87658708122217,4.632143190555139,14.515154537262589,80.85270227218227
192.9310711768603,4.63213020651307,14.515161466512152,80.85270832697478
192.98555109039353,4.632117228540174,14.515168392485029,80.8527143789748
193.0400268244108,4.632104256609465,14.515175315196766,80.85272042819376
193.0944983814913,4.632091290694543,14.515182234662682,80.85272647464278
193.14896576420495,4.632078330770023,14.515189150897434,80.85273251833254
193.20342897511273,4.63206537681106,14.51519606391548,80.85273855927346
193.25788801676646,4.632052428793786,14.515202973730654,80.85274459747555
193.31234289199244,4.632039486694942,14.515209880356469,80.85275063294858
193.3667936027597,4.632026550569702,14.515216783728446,80.85275666570185
193.4212401518995,4.6320136201594755,14.515223684094074,80.85276269574645
193.4756825418865,4.632000695685281,14.515230581227861,80.85276872308687
193.53012077525506,4.631987777044757,14.515237475221685,80.85277474773356
193.58455485450907,4.631974864218914,14.515244366086682,80.8527807696944
193.63898478214583,4.631961957191686,14.515251253832323,80.85278678897599
193.69341056065622,4.631949055945314,14.515258138468981,80.85279280558571
193.74783219252444,4.6319361604626055,14.515265020006815,80.85279881953058
193.8022496802286,4.63192327072722,14.515271898455445,80.85280483081733
193.85666302624054,4.631910386723483,14.515278773824146,80.85281083945237
193.91107223302603,4.631897508436558,14.515285646121676,80.85281684544177
193.96547730304545,4.6318846360322175,14.515292515228554,80.85282284873922
194.01987823880813,4.6318717693562075,14.515299381251467,80.85282884939232
194.07427504277553,4.631858908305966,14.515306244261742,80.85283484743229
194.1298458939195,4.631845682656428,14.515313306686975,80.85284101065659
194.1854123471713,4.631832466315664,14.515320364000903,80.85284716968344
194.24097440630374,4.631819259219509,14.515327416226167,80.85285332455432
194.2965320750652,4.631806061282575,14.51533446341116,80.85285947530627
194.35208535717447,4.631792872420735,14.515341505603516,80.85286562197575
194.40763425632153,4.631779692550916,14.51534854285033,80.85287176459876
194.46317877616673,4.631766521591193,14.515355575198061,80.85287790321074
194.51871892034254,4.6317533594609,14.515362602692402,80.85288403784669
194.57425469245322,4.631740206080426,14.515369625378499,80.85289016854107
194.629786096075,4.631727061371237,14.51537664330091,80.85289629532785
194.68531313475705,4.631713925256099,14.515383656503383,80.85290241824052
194.74083581202174,4.631700797658729,14.515390665029217,80.85290853731205
194.7963541313645,4.631687678504043,14.515397668920995,80.85291465257495
194.85186809625495,4.631674567718077,14.515404668220649,80.85292076406128
194.90737771013684,4.631661465227809,14.51541166296966,80.85292687180254
194.96288297642843,4.631648370961521,14.515418653208684,80.85293297582979
195.01838389852318,4.631635284848378,14.515425638977955,80.85293907617367
195.0738804797894,4.631622206818732,14.515432620317007,80.85294517286425
195.1293727235721,4.631609136803987,14.515439597264773,80.85295126593124
195.1848606331911,4.631596074736556,14.515446569859646,80.8529573554038
195.24034421194344,4.631583020550536,14.515453538138479,80.85296344131099
195.29582346310298,4.631569974178474,14.51546050214125,80.85296952368027
195.35129838992017,4.631556935558313,14.515467461901565,80.85297560254013
195.40676899562362,4.631543904625689,14.515474417456595,80.85298167791773
195.4622352834196,4.631530881318385,14.515481368841648,80.85298774983997
195.5176972564925,4.631517865574963,14.515488316091647,80.8529938183334
195.57315491800543,4.631504857335061,14.515495259240932,80.852999883424
195.6286082711003,4.631491856539408,14.515502198323185,80.8530059451374
195.68405731889834,4.631478863132091,14.51550913337028,80.85301200349762
195.73950206450107,4.631465877056724,14.515516064413692,80.85301805852959
195.79494251099018,4.631452898254992,14.515522991488242,80.85302411025677
195.85037866142744,4.631439926673772,14.515529914622565,80.85303015870366
195.90581051885565,4.631426962257814,14.515536833848616,80.85303620389357
195.96123808629804,4.631414004953419,14.515543749197072,80.85304224584951
196.01666136675968,4.6314010547083635,14.51555066069756,80.85304828459408
196.07208036322655,4.631388111470832,14.515557568379704,80.85305432014947
196.1274950786669,4.63137517519039,14.515564472272176,80.85306035253743
196.1829055160312,4.631362245817287,14.515571372403366,80.85306638177934
196.23831167825256,4.63134932330276,14.51557826880108,80.85307240789616
196.29371356824652,4.631336407598912,14.515585161492673,80.85307843090841
196.34911118891233,4.63132349865904,14.515592050504706,80.85308445083625
196.4045045431324,4.631310596436944,14.515598935863636,80.85309046769942
196.45989363377308,4.631297700887633,14.515605817595103,80.85309648151726
196.51527846368467,4.631284811966855,14.51561269572442,80.85310249230872
196.570659035702,4.631271929631416,14.515619570276215,80.85310850009238
196.62603535264455,4.63125905383878,14.51562644127485,80.85311450488636
196.681407417317,4.631246184547546,14.515633308743958,80.85312050670849
196.7367752325091,4.631233321716915,14.51564017270693,80.85312650557616
196.79213880099618,4.631220465307273,14.515647033186369,80.85313250150637
196.84749812553974,4.6312076152795445,14.515653890204709,80.85313849451575
196.90285320888714,4.631194771595804,14.51566074378362,80.85314448462057
196.9582040537726,4.631181934218805,14.515667593944462,80.85315047183673
197.0135506629167,4.631169103112185,14.515674440708088,80.85315645617972
197.06889303902744,4.631156278240387,14.5156812840949,80.85316243766472
197.12423118479995,4.631143459568757,14.515688124124782,80.85316841630646
197.17956510291702,4.63113064706346,14.51569496081715,80.85317439211939
197.23489479604913,4.6311178406915,14.515701794190955,80.85318036511755
197.29022026685544,4.631105040420615,14.51570862426476,80.85318633531462
197.3455415179832,4.6310922462194215,14.515715451056616,80.85319230272397
197.40085855206834,4.631079458057355,14.515722274584103,80.85319826735854
197.45617137173585,4.631066675904618,14.515729094864394,80.853204229231
197.51147997960015,4.631053899732201,14.515735911914215,80.85321018835359
197.56678437826506,4.631041129511936,14.515742725749806,80.85321614473825
197.6220845703239,4.631028365216407,14.515749536386997,80.8532220983966
197.6773805583608,4.631015606819003,14.515756343841149,80.85322804933985
197.73267234494958,4.631002854294832,14.515763148126693,80.85323399757847
197.78795993265516,4.63099010762061,14.515769949257114,80.85323994312228
197.84324332403378,4.630977366772102,14.515776747246434,80.85324588598147
197.89852252163305,4.630964631725594,14.515783542108455,80.85325182616594
197.9537975279915,4.630951902458373,14.515790333856321,80.8532577636853
198.00906834563952,4.630939178948322,14.515797122502915,80.85326369854876
198.0643349770994,4.630926461174189,14.515803908060567,80.85326963076524
198.1195974248853,4.6309137491153045,14.515810690541366,80.85327556034333
198.17485569150395,4.6309010427519075,14.515817469956813,80.85328148729127
198.23010977945455,4.630888342064838,14.515824246318115,80.85328741161705
198.28535969122905,4.630875647035682,14.51583101963606,80.85329333332825
198.3406054293127,4.630862957646793,14.515837789920994,80.85329925243221
198.39584699618374,4.63085027388128,14.515844557182797,80.85330516893592
198.45108439431422,4.630837595722742,14.515851321431198,80.85331108284606
198.50631762616982,4.630824923155801,14.515858082675202,80.853316994169
198.5615466942103,4.6308122561655525,14.515864840923637,80.8533229029108
198.61677160088962,4.630799594737834,14.515871596184915,80.85332880907725
198.67199234865623,4.6307869391083205,14.515878348289935,80.85333471260174
198.72720894003078,4.630774288960682,14.515885097460151,80.85334061357916
198.78360813935907,4.630761281680112,14.515892041968604,80.8533466763513
198.84000291628055,4.630748283502675,14.515898981478633,80.85335273501869
198.8963932745649,4.630735294365285,14.515905916012859,80.85335878962185
198.9527792179578,4.630722314184585,14.515912845618493,80.85336484019692
199.0091607501751,4.630709342878309,14.515919770342153,80.85337088677954
199.06553787490358,4.630696380365314,14.515926690229847,80.85337692940485
199.1219105958009,4.630683426565646,14.515933605326866,80.8533829681075
199.17827891649657,4.630670481400377,14.515940515677975,80.85338900292165
199.23464284059165,4.630657544791802,14.515947421327196,80.853395033881
199.29100237165997,4.630644616663238,14.515954322318015,80.85340106101874
199.34735751324803,4.630631696939074,14.515961218693318,80.85340708436762
199.40370826887514,4.630618785544819,14.51596811049535,80.85341310395984
199.46005464203435,4.630605882407046,14.515974997765765,80.85341911982718
199.51639663619247,4.630592987453531,14.515981880545489,80.85342513200098
199.57273425479067,4.630580100612838,14.515988758875103,80.85343114051206
199.62906750124455,4.630567221814804,14.515995632794418,80.85343714539077
199.685396378945,4.630554350990274,14.516002502342651,80.85344314666708
199.7417208912579,4.6305414880711275,14.516009367558475,80.8534491443704
199.79804104152527,4.6305286329901625,14.516016228480078,80.85345513852977
199.85435683306497,4.63051578568405,14.516023085143399,80.85346112917256
199.91066826917242,4.630502946087954,14.516029937585229,80.85346711632681
199.96697535311932,4.630490114137765,14.516036785842012,80.85347310002022
200.02327808815528,4.630477289770427,14.516043629949573,80.85347908028
200.079576477507,4.630464472924007,14.516050469943082,80.85348505713291
200.13587052437907,4.630451663537355,14.516057305857357,80.85349103060528
200.1921602319546,4.630438861550553,14.516064137726344,80.85349700072311
200.24844560339514,4.630426066904441,14.516070965583733,80.85350296751183
200.3047266418408,4.630413279540833,14.516077789462631,80.85350893099654
200.36100335041112,4.630400499402748,14.516084609395396,80.85351489120185
200.4172757322056,4.630387726433883,14.516091425414116,80.853520848152
200.47354379030315,4.630374960579104,14.516098237550116,80.85352680187079
200.52980752776315,4.6303622017841,14.51610504583433,80.85353275238157
200.5860669476254,4.630349449995606,14.516111850297056,80.85353869970734
200.6423220529109,4.630336705161176,14.51611865096818,80.85354464387065
200.6985728466219,4.630323967229329,14.516125447877027,80.85355058489364
200.75481933174183,4.630311236149651,14.516132241052274,80.85355652279807
200.81106151123603,4.630298511872376,14.516139030522332,80.85356245760529
200.8672993880525,4.630285794348929,14.516145816314838,80.85356838933623
200.92353296512147,4.630273083531348,14.516152598457197,80.85357431801145
200.979762245356,4.630260379372887,14.516159376976006,80.8535802436511
201.03598723165237,4.630247681827426,14.51616615189762,80.85358616627497
201.09220792689007,4.630234990849876,14.51617292324775,80.85359208590236
201.14842433393247,4.630222306395979,14.516179691051672,80.85359800255235
201.20463645562734,4.630209628422412,14.516186455334093,80.8536039162435
201.2608442948065,4.630196956886587,14.516193216119392,80.85360982699402
201.3170478542862,4.63018429174695,14.516199973431263,80.85361573482179
201.37324713686812,4.630171632962651,14.51620672729309,80.85362163974426
201.42944214533892,4.630158980493751,14.51621347772772,80.85362754177852
201.485632882471,4.630146334301216,14.516220224757456,80.85363344094134
201.5418193510226,4.630133694346772,14.516226968404217,80.853639337249
201.59800155373804,4.630121060593018,14.51623370868941,80.85364523071758
201.65417949334764,4.63010843300337,14.516240445633994,80.85365112136263
201.71035317256928,4.630095811542037,14.516247179258492,80.85365700919947
201.76652259410727,4.630083196174101,14.516253909582916,80.85366289424299
201.82268776065334,4.630070586865357,14.51626063662691,80.85366877650773
201.87884867488668,4.63005798358263,14.516267360409465,80.8536746560079
201.9350053394744,4.63004538629457,14.516274080948651,80.85368053275678
201.99115775707227,4.630032794970992,14.516280798261768,80.85368640676724
202.0473059303246,4.630020209580786,14.516287512366773,80.85369227805243
202.10344986186462,4.630007630093857,14.516294223280946,80.85369814662519
202.15958955431455,4.629995056480889,14.516300931021133,80.85370401249797
202.2157250102855,4.629982488713199,14.516307635603894,80.8537098756829
202.27185623237816,4.629969926762985,14.51631433704524,80.85371573619177
202.32798322318305,4.629957370603073,14.516321035360876,80.85372159403606
202.3841059852805,4.629944820207251,14.516327730565898,80.85372744922685
202.44022452124136,4.629932275549892,14.516334422675142,80.85373330177497
202.49633883362662,4.629919736606206,14.51634111170293,80.85373915169086
202.55244892498817,4.629907203352091,14.516347797663226,80.85374499898468
202.60855479786886,4.62989467576419,14.516354480569573,80.85375084366623
202.66465645480304,4.629882153819903,14.516361160435084,80.85375668574501
202.720753898316,4.629869637497448,14.516367837272368,80.85376252523018
202.77684713092546,4.629857126776104,14.516374511092966,80.85376836213094
202.83293615514089,4.629844621633478,14.516381181911534,80.85377419645499
202.88902097346372,4.629832122052221,14.51638784973657,80.8537800282112
202.94510158838784,4.629819628012446,14.516394514580194,80.85378585740736
203.0011780024006,4.62980713949581,14.516401176453146,80.85379168405105
203.05725021798153,4.629794656484662,14.516407835365783,80.85379750814955
203.11331823760383,4.629782178962151,14.51641449132796,80.85380332970988
203.169382063734,4.6297697069120725,14.516421144349199,80.85380914873873
203.22544169883216,4.629757240318833,14.5164277944387,80.85381496524246
203.2814971453524,4.629744779167585,14.516434441605226,80.85382077922719
203.33754840603794,4.6297323234441095,14.51644108585716,80.85382659069873
203.39359548274166,4.629719873181839,14.516447727169183,80.85383239964898
203.44963837821018,4.629707428504817,14.516454365451247,80.85383820604393
203.50687245599335,4.62969463439515,14.516461194852258,80.85384417075258
203.56410208682578,4.6296818491714395,14.516468019374754,80.85385013145381
203.6213272744684,4.6296690727723915,14.51647483904058,80.85385608818703
203.6785480226578,4.62965630511681,14.51648165389576,80.85386204098744
203.73576433510152,4.629643546124593,14.516488463985699,80.85386798988971
203.79297621547752,4.629630795716964,14.516495269354962,80.85387393492807
203.8501836674355,4.629618053815811,14.516502070047919,80.85387987613628
203.90738669459677,4.629605320344514,14.51650886610792,80.85388581354756
203.96458530055466,4.629592595227235,14.516515657578,80.85389174719477
204.02177948887473,4.629579878389363,14.516522444500454,80.85389767711018
204.07896926309564,4.629567169759754,14.516529226915631,80.85390360332461
204.1361546267303,4.6295544692662185,14.516536004864436,80.85390952586935
204.19333558326505,4.629541776837163,14.516542778387517,80.85391544477531
204.25051213616032,4.6295290924022305,14.51654954752474,80.85392136007303
204.30768428885114,4.6295164158918265,14.516556312315643,80.85392727179253
204.36485204474695,4.629503747237652,14.516563072798933,80.8539331799634
204.42201540723224,4.629491086372246,14.516569829012916,80.85393908461485
204.4791743796672,4.629478433229226,14.516576580995268,80.8539449857755
204.53632896538778,4.629465787743156,14.516583328783152,80.85395088347369
204.5934791677062,4.629453149849756,14.516590072413024,80.85395677773721
204.650624989911,4.629440519485503,14.516596811920992,80.85396266859351
204.70776643526798,4.6294278965881075,14.516603547342392,80.8539685560695
204.76490350701982,4.629415281095981,14.516610278712266,80.85397444019176
204.82203620838706,4.62940267294874,14.51661700606488,80.85398032098638
204.8791645425683,4.6293900720868555,14.51662372943411,80.85398619847903
204.93628851274005,4.62937747845188,14.516630448853116,80.85399207269501
204.99340812205776,4.629364891986136,14.516637164354687,80.85399794365917
205.05052337365572,4.629352312632945,14.51664387597108,80.85400381139598
205.10763427064757,4.62933974033659,14.516650583733973,80.85400967592943
205.16474081612677,4.629327175042332,14.516657287674484,80.85401553728319
205.2218430131665,4.629314616696225,14.516663987823343,80.85402139548043
205.2789408648204,4.629302065245476,14.516670684210531,80.854027250544
205.33603437412282,4.629289520637847,14.516677376865877,80.85403310249629
205.3931235440886,4.629276982822458,14.516684065818241,80.8540389513593
205.45020837771452,4.629264451748978,14.516690751096336,80.85404479715469
205.50728887797894,4.629251927367938,14.516697432728398,80.85405063990366
205.5643650478417,4.6292394096311416,14.51670411074179,80.85405647962706
205.62143689024518,4.629226898490982,14.516710785163674,80.85406231634535
205.67850440811412,4.629214393900633,14.516717456020794,80.85406815007858
205.73556760435645,4.6292018958144885,14.516724123339081,80.85407398084644
205.79262648186287,4.629189404187558,14.516730787144219,80.85407980866822
205.84968104350799,4.629176918975701,14.516737447461415,80.85408563356289
205.9067312921499,4.6291644401356935,14.516744104315338,80.85409145554897
205.96377723063097,4.629151967625238,14.51675075773011,80.85409727464466
206.02081886177803,4.6291395014026975,14.51675740772955,80.85410309086775
206.07785618840214,4.62912704142743,14.516764054336848,80.85410890423572
206.1348892132999,4.629114587659643,14.51677069757472,80.85411471476563
206.19191793925293,4.6291021400614065,14.516777337464982,80.85412052247362
206.24894236902878,4.629089698596121,14.516783974028424,80.85412632737545
206.30596250538161,4.629077263226202,14.516790607286623,80.85413212948718
206.36297835105177,4.629064833914998,14.516797237260578,80.85413792882441
206.41998990876547,4.629052410626886,14.516803863970615,80.8541437254025
206.47699718123613,4.629039993326581,14.516810487437054,80.85414951923636
206.53400017116422,4.6290275819800515,14.516817107679337,80.85415531034062
206.59099888123708,4.62901517655385,14.516823724716637,80.85416109872952
206.64799331412996,4.629002777015232,14.516830338567793,80.85416688441698
206.70498347250592,4.628990383332477,14.51683694925094,80.85417266741658
206.76196935901604,4.628977995474312,14.516843556784126,80.85417844774156
206.81895097629942,4.628965613410499,14.516850161184674,80.85418422540482
206.87592832698445,4.628953237111418,14.516856762469645,80.85419000041894
206.9329014136879,4.628940866548257,14.516863360655618,80.85419577279612
206.98987023901586,4.628928501692968,14.516869955758727,80.8542015425483
207.04683480556395,4.6289161425182295,14.516876547794718,80.85420730968706
207.10379511591742,4.628903788997432,14.516883136778944,80.85421307422362
207.1607511726515,4.628891441104653,14.516889722726397,80.85421883616894
207.21770297833163,4.62887909881495,14.516896305651414,80.85422459553364
207.2746505355137,4.628866762103784,14.516902885568236,80.85423035232799
207.33159384674443,4.628854430947523,14.516909462490519,80.85423610656196
207.3885329145612,4.628842105323222,14.51691603643155,80.85424185824523
207.44546774149302,4.628829785208665,14.516922607404192,80.85424760738714
207.50239833005998,4.628817470582257,14.516929175420998,80.85425335399674
207.55932468277422,4.628805161423104,14.51693574049414,80.85425909808275
207.61624680213967,4.628792857711217,14.516942302635174,80.85426483965361
207.6731646906525,4.628780559427057,14.516948861855521,80.85427057871742
207.7300783508012,4.628768266551908,14.516955418166077,80.85427631528202
207.7869877850672,4.6287559790676,14.516961971577489,80.85428204935491
207.8438929959244,4.628743696956816,14.516968522099855,80.85428778094332
207.90079398584055,4.6287314202027545,14.516975069743044,80.85429351005419
207.95769075727605,4.628719148789466,14.516981614516375,80.85429923669416
208.01458331268552,4.628706882701436,14.516988156429026,80.85430496086954
208.071471654517,4.628694621923998,14.516994695489608,80.8543106825864
208.12835578521285,4.628682366443072,14.517001231706436,80.8543164018505
208.18523570720987,4.628670116245113,14.51700776508758,80.85432211866731
208.24211142293893,4.628657871447508,14.517014295548037,80.85432783300446
208.30018690847763,4.6286452848149375,14.517021012944648,80.85433370224042
208.35825792226393,4.628632706860438,14.517027725577517,80.85433956756205
208.4163244680505,4.62862013752528,14.517034433467254,80.85434542900747
208.47438654956693,4.6286075767303645,14.517041136658705,80.85435128661094
208.5324441705133,4.628595024397899,14.517047835195882,80.85435714040622
208.59049733456098,4.628582480450804,14.517054529122527,80.85436299042667
208.64854604535236,4.628569944813236,14.517061218481631,80.85436883670513
208.70659030650182,4.6285574174105575,14.517067903315425,80.85437467927402
208.7646301215963,4.628544898168861,14.517074583665867,80.85438051816527
208.8226654941951,4.628532387015418,14.517081259574194,80.85438635341039
208.88069642783032,4.628519883878588,14.517087931080999,80.85439218504041
208.9387229260077,4.62850738868769,14.517094598226372,80.85439801308594
208.99674499220652,4.6284949013730685,14.5171012610498,80.85440383757714
209.0547626298804,4.628482421865967,14.51710791959034,80.85440965854369
209.1127758424573,4.628469950098813,14.517114573886285,80.8544154760149
209.17078463334008,4.628457486005033,14.517121223975368,80.8544212900196
209.22878900590666,4.628445029518737,14.517127869895067,80.8544271005862
209.28678896351067,4.628432580575381,14.517134511681954,80.85443290774266
209.3447845094816,4.628420139111148,14.517141149372288,80.85443871151656
209.40277564712545,4.628407705063382,14.517147783001594,80.85444451193501
209.46076237972463,4.628395278370158,14.517154412605091,80.85445030902476
209.51874471053836,4.628382858970714,14.51716103821725,80.85445610281204
209.57672264280376,4.628370446805157,14.51716765987209,80.85446189332275
209.63469617973536,4.628358041814447,14.517174277603182,80.85446768058237
209.6926653245256,4.62834564394066,14.517180891443457,80.85447346461588
209.75063008034553,4.628333253126778,14.51718750142522,80.85447924544799
209.80859045034495,4.628320869316454,14.517194107580577,80.85448502310297
209.86654643765235,4.628308492454507,14.51720070994088,80.85449079760461
209.9244980453758,4.628296122486557,14.517207308537063,80.85449656897639
209.98244527660313,4.628283759359166,14.517213903399515,80.85450233724131
210.04038813440258,4.628271403019835,14.517220494558089,80.85450810242207
210.09832662182197,4.628259053416898,14.517227082042178,80.85451386454092
210.15626074189058,4.6282467104994724,14.517233665880802,80.85451962361972
210.21419049761815,4.62823437421782,14.517240246102197,80.85452537967998
210.27211589199626,4.628222044522841,14.51724682273437,80.85453113274279
210.33003692799792,4.628209721366424,14.517253395804703,80.85453688282888
210.38795360857802,4.628197404701289,14.517259965340124,80.85454262995859
210.4458659366737,4.62818509448096,14.517266531367138,80.8545483741519
210.5037739152051,4.628172790661073,14.517273093911037,80.85455411542789
210.5616775470753,4.62816049319839,14.517279652996438,80.85455985380517
210.61957683517122,4.6281482020489015,14.51728620864849,80.85456558930261
210.67747178236345,4.628135917169617,14.517292760891682,80.85457132193869
210.7353623915062,4.628123638518222,14.517299309750186,80.8545770517316
210.79324866543766,4.62811136605334,14.517305855247603,80.85458277869905
210.85113060698092,4.628099099734335,14.517312397407146,80.85458850285852
210.90900821894346,4.628086839521425,14.517318936251533,80.85459422422704
210.96688150411774,4.628074585375601,14.517325471803066,80.85459994282134
211.02475046528153,4.628062337258657,14.517332004083586,80.85460565865776
211.08261510519833,4.6280500951332115,14.517338533114463,80.85461137175233
211.14047542661743,4.628037858962734,14.517345058916565,80.85461708212071
211.19833143227427,4.628025628711254,14.517351581510535,80.85462278977822
211.2561831248908,4.62801340434383,14.517358100916336,80.85462849473983
211.3140305071753,4.628001185826133,14.51736461715366,80.8546341970202
211.3718735818236,4.6279889731240145,14.517371130242033,80.85463989663396
211.42971235151842,4.627976766200625,14.517377640202604,80.85464559359677
211.48754681892854,4.627964565020175,14.517384147055868,80.85465128792396
211.545376986709,4.627952369550945,14.51739065082018,80.85465697962888
211.60320285750296,4.62794017976414,14.517397151512032,80.85466266872383
211.66102443394277,4.6279279956312855,14.51740364914774,80.85466835522097
211.71884171864954,4.62791581712416,14.51741014374358,80.85467403913226
211.77665471423379,4.6279036442153645,14.517416635315254,80.85467972046938
211.8344634232952,4.627891476877821,14.51742312387838,80.85468539924379
211.89226784842305,4.627879315085203,14.517429609448108,80.85469107546669
211.95006799219675,4.627867158811752,14.517436092039285,80.85469674914896
212.00786385718553,4.627855008032305,14.517442571666454,80.85470242030124
212.06565544594886,4.627842862722505,14.51744904834363,80.85470808893388
212.12344276103713,4.627830722858505,14.517455522084639,80.85471375505686
212.18122580499107,4.627818588417224,14.517461992902797,80.85471941867998
212.2390045803427,4.627806459376246,14.517468460811084,80.85472507981267
212.29677908961472,4.627794335713739,14.517474925822166,80.8547307384641
212.35454933532202,4.627782217408695,14.517481387948198,80.85473639464311
212.41231531997076,4.627770104440651,14.517487847201082,80.85474204835826
212.4700770460592,4.6277579967898035,14.517494303592335,80.85474769961787
212.52783451607797,4.627745894437144,14.517500757133,80.85475334842985
212.58558773250974,4.627733797364176,14.517507207833876,80.85475899480194
212.64333669783005,4.62772170555311,14.517513655705347,80.85476463874156
212.70108141450726,4.62770961898868,14.517520100756354,80.85477028025497
212.75882188500393,4.627697537655149,14.517526542996114,80.85477591934873
212.81655811177563,4.627685461536633,14.51753298243398,80.8547815560294
212.87429009727194,4.627673390618058,14.517539419078748,80.85478719030318
212.93201784393568,4.627661324884757,14.5175458529391,80.85479282217614
212.9897413542044,4.6276492643228195,14.517552284023235,80.85479845165395
213.04746063050965,4.6276372089190145,14.51755871233896,80.85480407874202
213.10517567527722,4.627625158660661,14.517565137893795,80.85480970344554
213.16409908994314,4.627612773317852,14.517571746683942,80.85481547999821
213.22301800755181,4.62760039648747,14.517578350798447,80.85482125271409
213.28193243186152,4.627588028090597,14.517584950272438,80.85482702163696
213.34084236659902,4.627575668050242,14.517591545149475,80.85483278680027
213.3997478154629,4.627563316290158,14.517598135472815,80.85483854823703
213.45864878212186,4.627550972735462,14.51760472128482,80.85484430597971
213.51754527021652,4.6275386373119405,14.517611302627614,80.85485006006044
213.5764372833597,4.627526309946569,14.517617879542586,80.85485581051084
213.63532482513602,4.627513990567481,14.517624452070402,80.85486155736213
213.69420789910276,4.62750167910355,14.51763102025144,80.85486730064501
213.7530865087908,4.627489375484719,14.517637584125431,80.85487304038985
213.81196065770393,4.6274770796421025,14.517644143731378,80.85487877662652
213.87083034931993,4.627464791507555,14.517650699107968,80.85488450938448
213.9296955870908,4.627452511014011,14.517657250293231,80.85489023869276
213.9885563744429,4.627440238095394,14.517663797324651,80.85489596457995
214.04741271477766,4.627427972686542,14.5176703402392,80.85490168707426
214.10626461147174,4.627415714723279,14.517676879073296,80.85490740620342
214.1651120678774,4.6274034641424135,14.517683413862775,80.85491312199481
214.2239550873228,4.6273912208816315,14.517689944643031,80.85491883447533
214.28279367311265,4.6273789848796545,14.517696471448808,80.85492454367153
214.3416278285279,4.6273667560759275,14.517702994314549,80.85493024960952
214.40045755682695,4.6273545344110225,14.517709513273976,80.854935952315
214.45928286124533,4.627342319826379,14.517716028360342,80.85494165181328
214.51810374499647,4.6273301122643575,14.517722539606373,80.85494734812927
214.57692021127193,4.627317911668219,14.517729047044343,80.85495304128743
214.6357322632412,4.627305717982075,14.517735550705996,80.85495873131194
214.69453990405313,4.6272935311510075,14.517742050622513,80.85496441822649
214.75334313683507,4.627281351120939,14.517748546824638,80.85497010205442
214.8121419646941,4.627269177838641,14.517755039342664,80.8549757828187
214.87093639071713,4.627257011252555,14.517761528205916,80.85498146054152
214.92972641797107,4.627244851313101,14.51776801344258,80.85498713524431
214.98851204950432,4.627232697969728,14.517774495081392,80.85499280694887
215.04729328834517,4.627220551172541,14.51778097315082,80.85499847567664
215.10607013750388,4.6272084108727904,14.517787447678558,80.85500414144865
215.16484259997134,4.627196277022496,14.517793918691895,80.8550098042856
215.2236106787201,4.6271841495743775,14.517800386217802,80.85501546420781
215.28237437670563,4.627172028482112,14.517806850282646,80.85502112123524
215.3411336968645,4.627159913700223,14.51781331091232,80.85502677538744
215.39988864211625,4.627147805183933,14.517819768132373,80.85503242668369
215.45863921536352,4.627135702889487,14.517826221967702,80.8550380751428
215.51738541949214,4.62712360677366,14.517832672443015,80.85504372078333
215.57612725737124,4.627111516794343,14.517839119582272,80.8550493636234
215.63486473185367,4.627099432910039,14.517845563409162,80.8550550036808
215.6935978457766,4.627087355080095,14.517852003946889,80.85506064097302
215.7523266019614,4.627075283264652,14.517858441218207,80.85506627551715
215.81105100321423,4.627063217424545,14.517864875245518,80.85507190732993
215.86977105232623,4.627051157521647,14.517871306050525,80.85507753642783
215.92848675207358,4.6270391035183245,14.5178777336548,80.85508316282687
215.98719810521828,4.627027055377862,14.5178841580793,80.85508878654284
216.04590511450806,4.627015013064312,14.517890579344584,80.85509440759111
216.10460778267674,4.627002976542411,14.517896997470833,80.85510002598676
216.16330611244433,4.62699094577774,14.517903412477734,80.85510564174453
216.22200010651798,4.626978920736509,14.517909824384667,80.85511125487884
216.28068976759138,4.626966901385803,14.51791623321044,80.85511686540376
216.33937509834567,4.6269548876930315,14.517922638973813,80.85512247333315
216.39805610144913,4.62694287962682,14.517929041692751,80.85512807868042
216.45673277955814,4.626930877156676,14.517935441384727,80.8551336814586
216.5154051353167,4.626918880252867,14.517941838066728,80.8551392816804
216.57407317135798,4.626906888885918,14.517948231755712,80.85514487935836
216.63273689030285,4.626894903027058,14.517954622468265,80.85515047450468
216.69139629476152,4.626882922648507,14.517961010220306,80.85515606713119
216.75005138733283,4.62687094772306,14.517967395027476,80.85516165724947
216.80870217060547,4.626858978224082,14.517973776905174,80.85516724487074
216.86734864715717,4.6268470141258815,14.517980155868148,80.85517283000597
216.92599081987152,4.626835055403198,14.517986531930994,80.85517841266581
216.98462869067546,4.626823102031825,14.517992905107663,80.85518399286052
217.04326226243262,4.626811153987917,14.517999275411936,80.85518957060015
217.10189153768223,4.626799211249953,14.518005642856272,80.85519514589377
217.1605165189542,4.626787273796612,14.51801200745297,80.85520071875042
217.2191372087706,4.626775341606089,14.518018369214689,80.85520628917922
217.27775360964446,4.626763414657319,14.518024728153648,80.85521185718903
217.33636572408028,4.626751492930013,14.51803108428157,80.85521742278841
217.3949735545747,4.626739576404316,14.518037437610044,80.85522298598565
217.45357710361623,4.626727665061281,14.518043788150022,80.8552285467887
217.51217637368566,4.6267157588824,14.518050135912317,80.85523410520527
217.57077136725624,4.62670385784989,14.518056480907287,80.85523966124282
217.6293620867942,4.626691961946556,14.518062823144989,80.85524521490845
217.68794853475873,4.626680071156024,14.518069162634928,80.85525076620905
217.7465307136023,4.626668185462263,14.51807549938656,80.85525631515118
217.80510862577063,4.626656304850077,14.518081833408766,80.85526186174116
217.86368227370323,4.626644429304864,14.518088164710111,80.85526740598503
217.92225165983345,4.626632558812525,14.518094493298928,80.85527294788855
217.98081678658892,4.626620693359686,14.518100819183093,80.85527848745721
218.03937765639142,4.6266088329336,14.518107142370123,80.85528402469627
218.0991555082072,4.626596644245049,14.518113645086858,80.85528971066809
218.15892883764752,4.626584464109383,14.518120143070142,80.85529539282048
218.2186976485465,4.626572292213847,14.518126636519787,80.85530107126637
218.27846194462458,4.626560128483221,14.518133125478405,80.85530674603838
218.33822172957275,4.6265479728434045,14.518139609987953,80.85531241716865
218.3979770070531,4.6265358252211835,14.51814609008992,80.8553180846889
218.45772778069986,4.626523685544283,14.518152565825293,80.85532374863043
218.51747405411882,4.626511553741605,14.518159037234335,80.85532940902405
218.57721583088858,4.626499429742894,14.518165504356867,80.85533506590023
218.6369531145605,4.626487313478873,14.518171967232183,80.85534071928895
218.69668590865862,4.626475204881291,14.518178425898952,80.85534636921976
218.75641421668098,4.62646310388276,14.518184880395424,80.85535201572182
218.81613804209942,4.626451010416959,14.518191330759178,80.85535765882386
218.8758573883598,4.626438924418475,14.51819777702732,80.85536329855421
218.93557225888307,4.626426845822798,14.518204219236456,80.85536893494074
218.99528265706462,4.626414774566409,14.518210657422603,80.85537456801099
219.05498858627567,4.626402710586734,14.518217091621263,80.855380197792
219.11469004986273,4.626390653822045,14.51822352186747,80.85538582431049
219.17438705114884,4.6263786042115544,14.518229948195739,80.85539144759271
219.23407959343317,4.626366561695448,14.518236370639995,80.85539706766455
219.29376767999128,4.62635452621485,14.518242789233696,80.85540268455145
219.35345131440076,4.6263424977140275,14.518249204008487,80.85540829827748
219.41313049924446,4.626330476136009,14.5182556149967,80.85541390886729
219.47280523805577,4.626318461424378,14.518262022230397,80.85541951634522
219.53247553402227,4.626306453523674,14.518268425741129,80.8554251207352
219.59214139030945,4.626294452379618,14.518274825559638,80.85543072206075
219.65180281006204,4.626282457938286,14.518281221716636,80.85543632034508
219.7114597964038,4.626270470147003,14.518287614242029,80.85544191561097
219.77111235243765,4.626258488953707,14.51829400316546,80.85544750788083
219.83076048124656,4.626246514307351,14.518300388515934,80.85545309717672
219.89040418589363,4.626234546157718,14.518306770322,80.85545868352028
219.95004346942235,4.626222584455399,14.51831314861177,80.85546426693283
220.00967833485703,4.62621062915178,14.518319523412924,80.8554698474353
220.06930878520276,4.626198680199144,14.518325894752598,80.85547542504825
220.12893482344603,4.626186737550571,14.518332262657504,80.85548099979192
220.18855645255536,4.6261748011599435,14.51833862715391,80.85548657168616
220.248173675481,4.6261628709824985,14.518344988266751,80.85549214075075
220.30778649515582,4.626150946971838,14.518351346024094,80.85549770700406
220.36739491449455,4.626139029086554,14.518357700447911,80.85550327046553
220.4269989363957,4.626127117282873,14.518364051563696,80.85550883115343
220.48659856374044,4.626115211518732,14.518370399395398,80.85551438908587
220.54619379939388,4.62610331175279,14.518376743966616,80.8555199442806
220.6057846462046,4.626091417944461,14.518383085300526,80.855525496755
220.66537110700563,4.626079530054083,14.518389423419716,80.8555310465262
220.72495318461395,4.626067648042618,14.518395758346486,80.85553659361089
220.78453088183164,4.6260557718718385,14.51840209010267,80.8555421380255
220.84410420144573,4.626043901504322,14.518408418709619,80.85554767978607
220.90367314622804,4.62603203690331,14.518414744188354,80.85555321890834
220.9632377189367,4.6260201780328325,14.518421066559439,80.85555875540773
221.02279792231494,4.626008324857781,14.518427385842905,80.85556428929932
221.08235375909248,4.6259964773435005,14.518433702058644,80.85556982059785
221.14190523198553,4.62598463545631,14.5184400152259,80.85557534931779
221.20145234369696,4.625972799163297,14.518446325363474,80.85558087547324
221.26099509691605,4.625960968432005,14.51845263249002,80.85558639907798
221.3205334943199,4.62594914323099,14.518458936623501,80.85559192014551
221.3800675385728,4.625937323529335,14.51846523778166,80.855597438689
221.43959723232703,4.625925509296916,14.518471535981764,80.85560295472132
221.49912257822254,4.6259137005042135,14.518477831240784,80.855608468255
221.5586435788882,4.62590189712358,14.518484123574588,80.85561397930184
221.61816023694084,4.6258900991284255,14.518490412998423,80.85561948787316
221.67767255498745,4.625878306491291,14.5184966995281,80.85562499398061
221.7371805356237,4.625866519185464,14.518502983179005,80.85563049763553
221.7966841814346,4.6258547371850804,14.518509263965951,80.85563599884897
221.85618349499487,4.625842960464588,14.518515541903751,80.85564149763165
221.9156784788689,4.6258311889995785,14.51852181700637,80.85564699399406
221.97516913561128,4.625819422765855,14.518528089287837,80.8556524879463
222.03465546776695,4.625807661740149,14.51853435876157,80.85565797949828
222.09413747787113,4.625795905899928,14.518540625440519,80.85566346865956
222.15361516845007,4.625784155223004,14.518546889337575,80.85566895543941
222.21308854202132,4.625772409688087,14.518553150465042,80.85567443984687
222.27255760109347,4.625760669274481,14.518559408834877,80.85567992189064
222.3320223481666,4.625748933961998,14.51856566445884,80.85568540157915
222.39148278573253,4.625737203731364,14.518571917348048,80.8556908789206
222.4509389162753,4.625725478563657,14.518578167513526,80.85569635392281
222.51039074227128,4.625713758440707,14.51858441496586,80.85570182659343
222.56983826618904,4.625702043344959,14.518590659715244,80.8557072969398
222.62928149049,4.625690333259509,14.518596901771541,80.85571276496894
222.68872041762862,4.625678628168009,14.518603141144304,80.85571823068769
222.7481550500525,4.6256669280547325,14.518609377842736,80.85572369410254
222.80758539020226,4.625655232904642,14.518615611875612,80.85572915521975
222.8670114405128,4.6256435427031635,14.518621843251529,80.8557346140453
222.9264332034126,4.625631857436872,14.51862807197784,80.85574007058528
222.9858506813241,4.625620177090601,14.51863429806507,80.85574552484434
223.04526387666377,4.625608501653988,14.518640521517723,80.85575097682829
223.10590267793782,4.625596504752735,14.518646920778083,80.85575657446918
223.16653693136018,4.625584516103775,14.518653315489018,80.85576216840721
223.2271666407202,4.6255725356585895,14.518659705663673,80.85576775867773
223.28779180978583,4.62556056319174,14.518666091450418,80.85577334535785
223.3484124422413,4.625548598630877,14.518672472890268,80.85577892847886
223.4090285417418,4.6255366419047235,14.518678850023594,80.85578450807168
223.46964011191488,4.625524692943015,14.518685222890177,80.85579008416681
223.53024715635974,4.6255127516761405,14.518691591529556,80.8557956567943
223.5908496786484,4.6255008180358725,14.51869795598032,80.85580122598381
223.6514476823257,4.625488891954642,14.518704316280798,80.85580679176456
223.71204117090977,4.625476973365828,14.518710672468782,80.8558123541654
223.77263014789253,4.625465062203953,14.51871702458134,80.85581791321471
223.83321461673972,4.625453158405903,14.518723372654364,80.85582346893973
223.89379458089203,4.625441261908804,14.5187297167234,80.8558290213678
223.95437004376532,4.625429372649623,14.518736056824281,80.8558345705261
224.01494100875067,4.6254174905664645,14.518742392992074,80.85584011644147
224.0755074792143,4.625405615598228,14.518748725261474,80.8558456591403
224.13606945849844,4.625393747684757,14.518755053666613,80.85585119864864
224.19662694992118,4.625381886766753,14.518761378241141,80.8558567349921
224.2571799567774,4.625370032785906,14.518767699018131,80.85586226819596
224.31772848233908,4.625358185684663,14.518774016030267,80.85586779828506
224.37827252985466,4.6253463454062365,14.518780329309852,80.85587332528391
224.43881210255068,4.625334511895033,14.518786638888379,80.8558788492166
224.49934720363132,4.62532268509608,14.518792944797093,80.85588437010682
224.55987783627904,4.625310864955283,14.518799247066772,80.85588988797794
224.6204040036548,4.62529905141952,14.51880554572752,80.85589540285297
224.68092570889846,4.625287244436379,14.518811840809159,80.85590091475446
224.74144295512892,4.62527544395429,14.518818132340996,80.85590642370471
224.80195574544464,4.625263649922577,14.518824420351834,80.8559119297256
224.8624640829242,4.625251862291405,14.51883070486999,80.85591743283861
224.92296797062627,4.625240081011586,14.518836985923498,80.85592293306492
224.9834674115896,4.625228306035053,14.51884326353962,80.85592843042532
225.04396240883423,4.625216537314233,14.518849537745496,80.85593392494027
225.10445296536076,4.62520477480258,14.518855808567565,80.85593941662985
225.16493908415185,4.625193018454244,14.518862076031947,80.85594490551381
225.22542076817166,4.625181268224213,14.518868340164257,80.85595039161153
225.28589802036618,4.625169524068234,14.518874600989692,80.85595587494208
225.34637084366398,4.625157785942824,14.518880858533038,80.85596135552414
225.40683924097615,4.625146053805355,14.518887112818552,80.85596683337609
225.46730321519678,4.625134327613897,14.518893363870134,80.85597230851597
225.5277627692037,4.625122607327279,14.51889961171127,80.85597778096145
225.58821790585745,4.625110892905116,14.518905856364995,80.85598325072989
225.64866862800264,4.62509918430786,14.518912097853818,80.85598871783833
225.7091149384683,4.625087481496525,14.518918336200034,80.85599418230343
225.76955684006765,4.625075784433137,14.518924571425252,80.8559996441416
225.82999433559897,4.62506409308011,14.518930803551012,80.85600510336887
225.89042742784517,4.625052407400951,14.518937032598087,80.85601056000095
225.95085611957447,4.625040727359632,14.518943258587107,80.85601601405325
226.0112804135409,4.625029052921137,14.518949481538005,80.85602146554086
226.0717003124843,4.625017384051191,14.518955701470487,80.85602691447833
226.1321158191306,4.625005720718189,14.518961918402548,80.85603236087925
226.19252693619288,4.624994062889004,14.518968132353177,80.85603780475782
226.25293366637118,4.624982410531317,14.518974343340862,80.85604324612781
226.31333601235215,4.624970763613516,14.518980551383695,80.85604868500279
226.37373397680977,4.624959122104582,14.51898675649946,80.85605412139596
226.43412756240554,4.624947485974304,14.518992958705473,80.85605955532023
226.49451677178854,4.6249358551931925,14.518999158018605,80.8560649867882
226.55490160759607,4.624924229732253,14.519005354455535,80.85607041581221
226.61528207245368,4.624912609563307,14.519011548032426,80.85607584240427
226.67565816897533,4.6249009946589,14.519017738765019,80.85608126657608
226.7360298997639,4.624889384992108,14.519023926668808,80.85608668833908
226.7963972674113,4.624877780536787,14.519030111758813,80.8560921077044
226.8567602744983,4.624866181267412,14.519036294049709,80.85609752468288
226.91711892359626,4.624854587159157,14.519042473555768,80.85610293928507
226.97747321726536,4.624842998187654,14.519048650291088,80.85610835152126
227.03782315805606,4.624831414329445,14.519054824269146,80.8561137614014
227.0981687485093,4.62481983556162,14.51906099550315,80.85611916893522
227.15850999115662,4.62480826186186,14.519067164006,80.85612457413214
227.2188468885201,4.62479669320846,14.519073329790249,80.85612997700129
227.27917944311315,4.624785129580488,14.51907949286797,80.85613537755154
227.3395076574401,4.624773570957474,14.519085653251034,80.85614077579149
227.399831533997,4.624762017319704,14.519091810950849,80.85614617172945
227.4601510752717,4.624750468647938,14.519097965978595,80.85615156537347
227.5204662837439,4.624738924923741,14.51910411834493,80.85615695673133
227.58077716188544,4.624727386129104,14.519110268060356,80.85616234581055
227.64108371216105,4.624715852246731,14.519116415134922,80.85616773261835
227.70138593702737,4.624704323259854,14.519122559578413,80.85617311716173
227.76168383893472,4.624692799152347,14.519128701400241,80.85617849944742
227.82197742032614,4.624681279908759,14.519134840609391,80.85618387948185
227.88226668363797,4.6246697655140325,14.519140977214724,80.85618925727125
227.9425516313003,4.624658255953797,14.519147111224662,80.85619463282154
228.00283226573694,4.624646751214385,14.519153242647192,80.85620000613842
228.06310858936573,4.624635251282543,14.519159371490131,80.85620537722733
228.1233806045988,4.624623756145552,14.519165497761003,80.85621074609345
228.18488686101688,4.6246119457717745,14.519171796439046,80.85621625778919
228.2463885437442,4.624600143386958,14.51917809072713,80.85622176588592
228.3078856565353,4.624588349089712,14.519184380534691,80.8562272703756
228.3693782031766,4.624576562651338,14.519190666012175,80.8562327713365
228.4308661873686,4.624564783948645,14.519196947236795,80.85623826881456
228.49234961276366,4.6245530129121795,14.519203224247871,80.85624376283995
228.5538284829856,4.624541249473338,14.519209497084267,80.85624925344239
228.615302801631,4.624529493564432,14.519215765784343,80.85625474065122
228.67677257226924,4.624517745118603,14.519222030386034,80.85626022449537
228.73823779844204,4.624506004070126,14.519228290926545,80.85626570500332
228.79969848366494,4.624494270354004,14.519234547442746,80.85627118220324
228.86115463142727,4.624482543906148,14.519240799971003,80.85627665612284
228.9226062451922,4.624470824663598,14.51924704854694,80.85628212678945
228.98405332839744,4.624459112563957,14.519253293206013,80.85628759423003
229.0454958844556,4.624447407545902,14.519259533982986,80.85629305847111
229.10693391675454,4.6244357095490605,14.519265770912071,80.85629851953887
229.1683674286574,4.624424018513708,14.519272004027197,80.85630397745909
229.2297964235036,4.624412334381219,14.519278233361602,80.85630943225718
229.29122090460842,4.624400657093635,14.519284458948196,80.85631488395816
229.35264087526363,4.6243889865940515,14.519290680819244,80.8563203325867
229.4140563387383,4.624377322826274,14.519296899006667,80.85632577816706
229.4754672982787,4.624365665734989,14.51930311354186,80.85633122072315
229.53687375710842,4.624354015265624,14.519309324455861,80.85633666027852
229.59827571842888,4.624342371364805,14.51931553177887,80.85634209685632
229.65967318542013,4.624330733979509,14.519321735541102,80.85634753047938
229.72106616124097,4.624319103057843,14.519327935772047,80.8563529611701
229.78245464902855,4.624307478548664,14.519334132500692,80.85635838895064
229.84383865189974,4.624295860401639,14.51934032575565,80.85636381384272
229.90521817295053,4.624284248567139,14.519346515565168,80.8563692358677
229.96659321525715,4.62427264299648,14.519352701956903,80.85637465504661
230.02796378187588,4.62426104364164,14.519358884958185,80.85638007140017
230.08932987584362,4.624249450455572,14.519365064595743,80.85638548494869
230.15069150017808,4.6242378633918415,14.519371240896001,80.85639089571217
230.21204865787806,4.624226282404888,14.519377413884884,80.85639630371023
230.27340135192392,4.624214707449871,14.519383583587917,80.85640170896221
230.3347495852778,4.624203138482836,14.519389750030081,80.85640711148709
230.39609336088347,4.624191575460401,14.519395913236128,80.85641251130346
230.45743268166765,4.6241800183400725,14.51940207323023,80.8564179084297
230.5187675505394,4.624168467080122,14.519408230036163,80.85642330288371
230.58009797039097,4.624156921639495,14.519414383677315,80.85642869468319
230.64142394409754,4.62414538197793,14.519420534176641,80.85643408384543
230.70274547451825,4.624133848057826,14.519426681555602,80.85643947038656
230.76406256449667,4.624122319840895,14.519432825835965,80.85644485432314
230.82537521686066,4.62411079728888,14.519438967039628,80.8564502356715
230.88668343442254,4.624099280364537,14.519445105187792,80.85645561444767
230.94798721997915,4.624087769031246,14.519451240301354,80.8564609906674
231.00928657631235,4.624076263252961,14.519457372400943,80.85646636434609
231.07058150618982,4.624064762994564,14.519463501506577,80.85647173549886
231.13187201236394,4.624053268221561,14.51946962763796,80.85647710414048
231.1931580975736,4.624041778900087,14.51947575081446,80.85648247028546
231.25443976454343,4.624030294997042,14.519481871055012,80.85648783394794
231.31571701598475,4.6240188164800955,14.519487988378055,80.85649319514185
231.37698985459494,4.624007343317361,14.5194941028019,80.85649855388074
231.438258283059,4.623995875477896,14.51950021434421,80.85650391017789
231.49952230404895,4.623984412931276,14.519506323022435,80.85650926404628
231.56078192022377,4.623972955647834,14.51951242885355,80.85651461549861
231.62203713423062,4.623961503598545,14.519518531854189,80.85651996454727
231.6832879487047,4.6239500567549605,14.519524632040687,80.85652531120435
231.7445343662694,4.623938615089439,14.519530729428883,80.85653065548169
231.80577638953633,4.6239271785748794,14.519536824034343,80.85653599739078
231.867014021106,4.623915747184918,14.519542915872194,80.85654133694288
231.92824726356804,4.623904320893701,14.51954900495733,80.85654667414897
231.98947611950115,4.623892899676222,14.519555091304076,80.8565520090197
232.0507005914736,4.623881483507903,14.519561174926615,80.85655734156548
232.11192068204363,4.623870072364966,14.519567255838602,80.85656267179642
232.17313639375925,4.6238586662241765,14.51957333405343,80.8565679997224
232.23434772915877,4.623847265062847,14.519579409584205,80.85657332535294
232.29555469077104,4.623835868859082,14.519585482443533,80.85657864869738
232.35675728111536,4.623824477591483,14.519591552643785,80.85658396976474
232.41795550270263,4.623813091239357,14.519597620196881,80.85658928856377
232.47914935803442,4.62380170978248,14.519603685114557,80.85659460510296
232.54033884960398,4.623790333201307,14.51960974740813,80.85659991939056
232.6015239798961,4.623778961476976,14.519615807088496,80.85660523143453
232.66270475138754,4.623767594591055,14.519621864166377,80.85661054124257
232.72388116654733,4.623756232525807,14.519627918652064,80.85661584882213
232.78505322783687,4.623744875264077,14.519633970555526,80.8566211541804
232.84622093770975,4.623733522789265,14.51964001988643,80.85662645732431
232.90738429861304,4.623722175085425,14.519646066654039,80.85663175826055
232.96854331298644,4.623710832137004,14.519652110867485,80.85663705699551
233.0296979832629,4.623699493931316,14.519658152534188,80.8566423535345
233.0908483118701,4.623688160454242,14.51966419166241,80.85664764788335
233.1519943012287,4.623676831692011,14.519670228260239,80.85665294004775
233.21313595375398,4.623665507631479,14.519676262335388,80.85665823003313
233.27427327185518,4.623654188259962,14.519682293895341,80.8566635178447
233.33540625793586,4.623642873565464,14.519688322947152,80.85666880348738
233.39778198705974,4.623631249990482,14.51969452093079,80.85667422907873
233.46015311905927,4.623619634229814,14.519700714620662,80.85667965114952
233.52251965768318,4.623608026419696,14.519706903900046,80.85668506968025
233.58488160672732,4.623596426245222,14.519713088980634,80.85669048477413
233.64723896986703,4.623584833637433,14.519719269901543,80.85669589646103
233.70959175074887,4.6235732485285705,14.51972544670109,80.85670130477034
233.7719399529912,4.623561670851566,14.519731619417295,80.85670670973114
233.8342835801854,4.623550100540828,14.519737788086772,80.8567121113724
233.89662263589523,4.623538537529011,14.519743952749431,80.85671750972156
233.95895712365672,4.62352698175437,14.519750113438507,80.85672290480713
234.0212870469806,4.623515433152474,14.51975627019111,80.85672829665643
234.0836124093511,4.623503891660744,14.519762423042726,80.85673368529653
234.1459332142261,4.623492357217477,14.519768572028347,80.85673907075417
234.2082494650385,4.623480829761906,14.51977471718241,80.85674445305568
234.27056116519586,4.623469309234006,14.519780858538997,80.856749832227
234.33286831808118,4.623457795574729,14.51978699613157,80.85675520829369
234.39517092705256,4.623446288725868,14.519793129993133,80.856760581281
234.4574689954449,4.623434788629945,14.519799260156335,80.85676595121372
234.51976252656834,4.62342329523037,14.519805386653292,80.85677131811634
234.58205152371045,4.623411808471476,14.519811509515575,80.85677668201295
234.64433599013498,4.623400328298394,14.519817628774312,80.8567820429273
234.70661592908405,4.623388854656976,14.519823744460275,80.85678740088275
234.7688913437767,4.623377387493968,14.519829856603694,80.85679275590235
234.83116223741015,4.623365926756976,14.519835965234297,80.85679810800873
234.89342861315953,4.623354472394224,14.519842070381559,80.85680345722422
234.95569047417894,4.623343024355597,14.51984817207333,80.85680880357107
235.01794782360145,4.623331582588961,14.519854270340904,80.85681414707014
235.08020066453906,4.62332014704739,14.5198603652093,80.85681948774331
235.14244900008399,4.6233087176816134,14.519866456707028,80.85682482561137
235.20469283330794,4.623297294443767,14.519872544861368,80.85683016069487
235.26693216726304,4.623285877365265,14.519878629620605,80.85683549301412
235.32916700500823,4.623274466161132,14.51988471124819,80.85684082259068
235.39139734950237,4.623263061032095,14.519890789528656,80.85684614943925
235.45362320376915,4.6232516618503725,14.519896864568379,80.85685147358124
235.5158445707858,4.623240268571875,14.51990293639254,80.85685679503558
235.5780614535109,4.623228881153657,14.519909005025506,80.85686211382084
235.64027385488515,4.623217499553173,14.519915070491548,80.85686742995529
235.70248177783182,4.623206123728802,14.519921132814368,80.85687274345683
235.76468522525673,4.623194753717945,14.519927191938887,80.85687805434316
235.82688420007514,4.623183389240538,14.519933248125835,80.85688336263362
235.88907870510434,4.623172030502022,14.519939301157045,80.85688866834093
235.95126874322816,4.623160677380297,14.51994535113579,80.85689397148391
236.0134543172862,4.623149329837369,14.519951398083721,80.8568992720789
236.07563543010195,4.623137987835856,14.519957442022177,80.85690457014196
236.13781208448333,4.623126651339151,14.51996348297203,80.85690986568882
236.1999842832233,4.6231153203113395,14.51996952095377,80.85691515873489
236.2621520290997,4.623103994717217,14.519975555987482,80.8569204492953
236.32431532487496,4.623092674522147,14.519981588092987,80.85692573738487
236.38647417329798,4.623081359692378,14.519987617289523,80.85693102301809
236.44862857710288,4.62307005019468,14.519993643596084,80.85693630620923
236.51077853901026,4.6230587459966115,14.519999667031211,80.85694158697217
236.57292406172678,4.623047447066255,14.52000568761318,80.85694686532057
236.63506514794588,4.623036153372504,14.520011705359758,80.85695214126774
236.69720180034787,4.623024864884867,14.520017720288402,80.85695741482672
236.7593340216002,4.623013581573566,14.520023732416131,80.8569626860103
236.82146181435772,4.623002303409255,14.520029741759814,80.85696795483092
236.88358518126287,4.62299103036357,14.52003574833564,80.85697322130079
236.9457041249465,4.62297976240856,14.520041752159651,80.85697848543178
237.00781864802715,4.622968499516862,14.520047753247587,80.85698374723556
237.06992875311187,4.622957241662018,14.52005375161457,80.85698900672341
237.13203444279682,4.62294598881801,14.520059747275546,80.85699426390644
237.1941357196668,4.622934740959421,14.520065740245144,80.85699951879543
237.25623258629585,4.62292349806158,14.520071730537525,80.8570047714009
237.31832504524752,4.622912260100385,14.520077718166538,80.85701002173307
237.38041309907535,4.622901027052301,14.520083703145742,80.85701526980196
237.44249675032216,4.622889798894439,14.52008968548832,80.85702051561724
237.50457600152166,4.622878575604563,14.520095665207078,80.85702575918836
237.56665085519776,4.622867357160969,14.520101642314529,80.8570310005245
237.6287213138649,4.622856143542567,14.520107616822852,80.85703623963458
237.6907873800285,4.622844934730107,14.520113588743175,80.85704147652672
237.75284905618582,4.622833730704694,14.520119558086433,80.85704671120888
237.81490634482589,4.622822531447607,14.520125524862879,80.85705194368951
237.87695924842913,4.622811336938009,14.520131489086275,80.8570571739757
237.93900776946762,4.622800147160243,14.52013745076401,80.85706240207575
238.00105191040598,4.6227889620957345,14.520143409907432,80.85706762799684
238.0630916737012,4.622777781727481,14.520149366526416,80.8570728517461
238.12512706180226,4.622766606039039,14.520155320630526,80.85707807333044
238.18715807715145,4.622755435014584,14.520161272228954,80.85708329275646
238.24918472218377,4.6227442686387255,14.520167221330702,80.85708851003058
238.31120699932774,4.622733106896757,14.52017316794433,80.85709372515892
238.37322491100466,4.622721949774378,14.520179112078244,80.85709893814737
238.4352384596299,4.622710797258033,14.520185053740331,80.85710414900163
238.49724764761277,4.622699649334525,14.520190992938375,80.8571093577271
238.5592524773564,4.622688505991379,14.520196929679663,80.85711456432895
238.62250870956467,4.622677059995958,14.520203031941085,80.85711990806296
238.6857603185278,4.622665621653967,14.520209129996791,80.85712524834925
238.74900730799374,4.622654190906884,14.520215223868908,80.85713058522421
238.81224968168374,4.622642767732631,14.520221313562558,80.8571359187048
238.87548744330806,4.6226313521271,14.520227399069885,80.857141248803
238.93872059657275,4.622619943854085,14.520233480547793,80.85714657559812
239.00194914509052,4.6226085428481545,14.520239558033385,80.85715189911846
239.06517309244677,4.6225971490449425,14.520245631563093,80.85715721939196
239.12839244219958,4.622585762380675,14.520251701173123,80.8571625364462
239.19160719788016,4.622574382792846,14.520257766898819,80.85716785030833
239.25481736299355,4.622563010219369,14.520263828775459,80.85717316100516
239.31802294101846,4.6225516445993815,14.520269886837479,80.85717846856313
239.38122393540797,4.6225402858725975,14.520275941119106,80.8571837730083
239.44442034959,4.622528933979779,14.5202819916539,80.85718907436632
239.5076121869671,4.622517588862375,14.520288038475087,80.85719437266255
239.57079945091735,4.622506250462691,14.52029408161541,80.8571996679219
239.63398214479443,4.622494918724014,14.520300121106985,80.857204960169
239.69716027192823,4.622483593590229,14.520306156981688,80.85721024942808
239.7603338356247,4.622472275006175,14.520312189270818,80.857215535723
239.8235028391666,4.622460962917488,14.520318218005205,80.85722081907731
239.886667285814,4.622449657270546,14.520324243215303,80.85722609951415
239.94982717880407,4.622438358012521,14.520330264931115,80.85723137705637
240.01298252135166,4.622427065091524,14.520336283182065,80.85723665172641
240.07613331665036,4.622415778458242,14.5203422979962,80.85724192354556
240.13927956787165,4.62240449806263,14.520348309401887,80.85724719253548
240.2024212781666,4.622393223854919,14.520354317427483,80.8572524587176
240.2655584506653,4.622381955786387,14.52036032210058,80.85725772211303
240.32869108847694,4.622370693808817,14.5203663234486,80.85726298274258
240.39181919469104,4.622359437874816,14.520372321498499,80.8572682406267
240.45494277237586,4.622348187937856,14.520378316276709,80.85727349578545
240.51806182458097,4.622336943952155,14.520384307809216,80.85727874823863
240.581176354336,4.622325705872427,14.52039029612187,80.8572839980057
240.64428636465186,4.622314473654491,14.520396281239714,80.8572892451058
240.7073918585205,4.6223032472547345,14.520402263187563,80.8572944895577
240.77049283891526,4.622292026630059,14.520408241990026,80.85729973137991
240.83358930879112,4.622280811738601,14.520414217670805,80.85730497059059
240.89668127108558,4.6222696025387355,14.520420190253674,80.85731020720759
240.9597687287187,4.622258398989844,14.520426159761717,80.85731544124843
241.02285168459255,4.622247201051815,14.520432126217822,80.85732067273035
241.08593014159297,4.622236008685426,14.520438089644303,80.85732590167028
241.14900410258866,4.622224821852082,14.520444050063144,80.85733112808478
241.2120735704319,4.622213640513873,14.520450007495958,80.85733635199017
241.275138547959,4.622202464633625,14.520455961963924,80.85734157340245
241.33819903799048,4.622191294174753,14.520461913487933,80.85734679233731
241.40125504333093,4.622180129101496,14.520467862088354,80.85735200881015
241.4643065667701,4.622168969378585,14.520473807785358,80.85735722283606
241.5273536110824,4.622157814971768,14.520479750598398,80.85736243442983
241.59039617902798,4.622146665847065,14.520485690546941,80.857367643606
241.65343427335222,4.622135521971315,14.520491627649943,80.85737285037874
241.71646789678607,4.6221243833121255,14.520497561925866,80.85737805476201
241.77949705204713,4.622113249837664,14.520503493392905,80.85738325676944
241.84252174183896,4.62210212151673,14.520509422068914,80.85738845641436
241.90554196885205,4.622090998318752,14.520515347971386,80.85739365370986
241.96855773576345,4.622079880213978,14.520521271117298,80.85739884866872
242.03156904523755,4.622068767173084,14.520527191523469,80.85740404130345
242.0945758999265,4.622057659167458,14.520533109206282,80.85740923162625
242.15757830246946,4.62204655616916,14.520539024181723,80.85741441964912
242.2205762554941,4.622035458150858,14.520544936465454,80.85741960538368
242.28356976161595,4.622024365085739,14.520550846072885,80.85742478884137
242.34655882343924,4.622013276947819,14.520556753018866,80.85742997003331
242.4095434435567,4.6220021937116575,14.520562657318056,80.85743514897028
242.4725236245501,4.6219911153544055,14.520568558983586,80.85744032566201
242.53549936899125,4.621980041851877,14.520574458029298,80.85744550011881
242.59847067944187,4.621968973180303,14.520580354468885,80.85745067235082
242.66143755845263,4.621957909316549,14.52058624831568,80.85745584236777
242.72440000856437,4.621946850238165,14.52059213958259,80.85746101017925
242.78735803230808,4.621935795923279,14.520598028282187,80.85746617579453
242.8503116322055,4.621924746350503,14.520603914426836,80.85747133922267
242.91326081076872,4.621913701499138,14.520609798028449,80.85747650047242
242.97620557050084,4.621902661349017,14.520615679098677,80.8574816595523
243.03914591389602,4.621891625880535,14.52062155764885,80.85748681647061
243.10208184343966,4.621880595074666,14.520627433689965,80.85749197123538
243.16501336160877,4.621869568912949,14.520633307232716,80.85749712385434
243.2279404708724,4.621858547377529,14.520639178287432,80.85750227433503
243.29086317369158,4.6218475304510145,14.520645046864214,80.85750742268478
243.35378147251936,4.62183651811673,14.520650912972698,80.85751256891058
243.41669536980146,4.621825510358313,14.52065677662246,80.85751771301923
243.47960486797658,4.621814507160192,14.520662637822499,80.85752285501731
243.54250996947582,4.621803508507167,14.520668496581699,80.85752799491114
243.60541067672392,4.621792514384646,14.520674352908577,80.85753313270678
243.66830699213853,4.621781524778554,14.520680206811349,80.8575382684101
243.73119891813124,4.621770539675437,14.520686058297864,80.85754340202669
243.79408645710745,4.621759559062179,14.520691907375852,80.85754853356197
243.8569696114665,4.621748582926381,14.520697754052556,80.85755366302106
243.9211128378681,4.62173731014842,14.520703762958467,80.85755892689312
243.98525141471146,4.621726044856162,14.520709767751583,80.85756418739226
244.0493853457388,4.621714786993163,14.520715768452632,80.8575694445542
244.11351463466644,4.62170353648546,14.520721765103865,80.85757469841067
244.17763928517886,4.621692293378763,14.52072775766269,80.85757994895854
244.2417593009761,4.621681057522053,14.52073374622558,80.85758519625237
244.30587468569607,4.621669828770666,14.520739730885548,80.85759044034378
244.36998544291797,4.621658607061896,14.52074571167809,80.85759568126001
244.43409157619388,4.621647392333669,14.520751688638425,80.8576009190279
244.49819308904898,4.6216361845250455,14.520757661801028,80.85760615367393
244.56228998498244,4.6216249835756225,14.520763631200179,80.8576113852242
244.6263822674676,4.621613789425958,14.520769596869561,80.85761661370448
244.6904699399514,4.621602602017448,14.520775558842402,80.85762183914015
244.75455300585662,4.621591421292275,14.520781517151478,80.85762706155624
244.81863146858058,4.621580247193894,14.52078747182893,80.85763228097717
244.88270533149645,4.621569079667952,14.520793422905484,80.85763749742657
244.94677459795378,4.621557918658949,14.520799370412652,80.8576427109284
245.0108392712782,4.621546764112159,14.520805314381532,80.85764792150631
245.07489935477213,4.621535615973963,14.520811254842469,80.85765312918357
245.1389548517144,4.6215244741911485,14.520817191825733,80.85765833398312
245.20300576536127,4.621513338711551,14.52082312536089,80.85766353592756
245.26705209894635,4.621502209483778,14.520829055477074,80.85766873503914
245.33109385568108,4.621491086456937,14.520834982203262,80.8576739313398
245.39513103875532,4.621479969581173,14.520840905567717,80.85767912485112
245.45916365133672,4.6214688588073205,14.52084682559836,80.85768431559433
245.52319169657244,4.6214577540869755,14.520852742322713,80.85768950359031
245.58721517758832,4.621446655372463,14.520858655767801,80.85769468885974
245.65123409748966,4.6214355626167825,14.520864565960368,80.85769987142285
245.71524845936185,4.621424475773788,14.520870472926612,80.8577050512996
245.7792582662699,4.62141339479795,14.520876376692438,80.8577102285096
245.84326352125916,4.621402319644592,14.520882277283231,80.85771540307218
245.90726422735602,4.621391250348108,14.520888174645542,80.85772057500635
245.97126038759535,4.6213801866249,14.520894069042278,80.85772574433283
246.03525200490787,4.621369128677775,14.52089996025651,80.85773091106572
246.09923908229342,4.6213580763814415,14.520905848393333,80.85773607522522
246.16322162270419,4.621347029773028,14.52091173339782,80.85774123682916
246.22719962910176,4.62133598857189,14.52091761553115,80.85774639589695
246.2911731043452,4.621324952983572,14.520923494574909,80.85775155244153
246.3551420513637,4.621313922885549,14.520929370632633,80.85775670648182
246.41910647303936,4.621302898239504,14.520935243726113,80.85776185803438
246.48306637223806,4.621291879007595,14.52094111387697,80.85776700711543
246.5470217518093,4.621280865152878,14.520946981106222,80.85777215374091
246.61097261458613,4.621269856638975,14.520952845434612,80.85777729792642
246.67491896338595,4.621258853430228,14.520958706882455,80.85778243968733
246.7388608010109,4.6212478554915375,14.520964565469804,80.85778757903866
246.80279813024757,4.621236862788566,14.520970421216234,80.8577927159952
246.86673095386772,4.62122587528774,14.520976274140848,80.85779785057142
246.9306592746283,4.621214892955856,14.520982124262655,80.8578029827815
246.99458309527202,4.621203915760507,14.520987971600155,80.85780811263933
247.0585024185274,4.621192943669971,14.520993816171451,80.85781324015858
247.12241724710913,4.621181976653066,14.520999657994377,80.85781836535256
247.18632758371797,4.62117101467938,14.521005497086268,80.85782348823436
247.25023343104152,4.621160057720088,14.521011333463699,80.8578286088162
247.31413479175512,4.621149105747024,14.521017167142697,80.85783372711029
247.37803166852126,4.621138158731484,14.52102299813972,80.85783884312879
247.44192406398986,4.621127216645458,14.521028826470813,80.85784395688374
247.50581198079882,4.621116279461533,14.521034652151657,80.85784906838681
247.5696954215738,4.62110534715286,14.521040475197655,80.85785417764949
247.6335743889285,4.621094419693289,14.52104629562378,80.85785928468293
247.69744888546515,4.621083497057175,14.521052113444757,80.85786438949808
247.76131891377486,4.621072579219638,14.521057928674805,80.85786949210556
247.82518447643758,4.621061666156116,14.521063741328083,80.8578745925158
247.8890455760226,4.621050757842865,14.5210695514182,80.85787969073893
247.95290221508824,4.6210398542565425,14.521075358958605,80.85788478678485
248.01675439618296,4.621028955374578,14.521081163962243,80.85788988066318
248.08060212184503,4.621018061174896,14.521086966441803,80.8578949723833
248.14444539460257,4.621007171635876,14.521092766409785,80.85790006195434
248.20828421697428,4.620996286736732,14.521098563878084,80.85790514938518
248.27211859146968,4.620985406456931,14.521104358858613,80.85791023468445
248.335948520589,4.620974530776694,14.521110151362754,80.85791531786055
248.39977400682366,4.620963659676762,14.52111594140163,80.8579203989216
248.46359505265596,4.620952793138446,14.521121728986019,80.85792547787554
248.52741166056038,4.620941931143458,14.521127514126558,80.85793055472999
248.59122383300274,4.620931073674357,14.52113329683327,80.85793562949237
248.65503157244115,4.620920220713913,14.521139077116196,80.8579407021699
248.71883488132585,4.6209093722456895,14.521144854984827,80.85794577276948
248.7826337620998,4.620898528253596,14.52115063044854,80.85795084129786
248.84642821719814,4.620887688722173,14.521156403516317,80.85795590776151
248.91021824904905,4.620876853636487,14.521162174196839,80.85796097216668
248.97400386007394,4.620866022982139,14.521167942498492,80.85796603451936
249.03778505268752,4.620855196745181,14.521173708429425,80.8579710948254
249.1015618292984,4.62084437491216,14.521179471997531,80.85797615309032
249.16533419230797,4.620833557470326,14.521185233210224,80.85798120931945
249.22910214411246,4.6208227444072225,14.521190992074839,80.85798626351794
249.29286568710222,4.620811935711049,14.521196748598289,80.85799131569067
249.35789783783574,4.620800835862248,14.52120266436014,80.85799649977761
249.42292531481667,4.6207897433451395,14.521208576093859,80.858001680561
249.4879481217847,4.6207786581042924,14.521214483820108,80.8580068580756
249.55296626245334,4.620767580067511,14.521220387580168,80.85801203235232
249.6179797405043,4.6207565093405885,14.521226287288924,80.8580172033705
249.68298855965935,4.620745445639994,14.521232183137112,80.85802237122289
249.7479927235245,4.620734388904405,14.52123807515943,80.85802753593616
249.81299223567825,4.620723339072214,14.521243963390825,80.85803269753697
249.87798709967254,4.620712296082749,14.521249847865688,80.85803785605157
249.94297731903245,4.6207012598762,14.521255728617882,80.85804301150591
250.00796289725704,4.620690230393468,14.521261605680927,80.85804816392562
250.07294383781883,4.6206792075763135,14.52126747908784,80.85805331333584
250.1379201441656,4.62066819136723,14.521273348871244,80.85805845976152
250.2028918197192,4.620657181709677,14.521279215063156,80.85806360322717
250.26785886824436,4.6206461785477275,14.521285077695282,80.85806874375699
250.3328212923793,4.620635181826367,14.52129093679887,80.85807388137476
250.39777909583978,4.6206241914912765,14.521296792404714,80.85807901610401
250.46273228195042,4.620613207488972,14.521302644543132,80.85808414796789
250.52768085437947,4.620602229766596,14.521308493244137,80.85808927698926
250.5926248156705,4.6205912582723805,14.521314338537081,80.85809440319053
250.65756416944603,4.620580292954933,14.521320180451161,80.8580995265939
250.72249891893864,4.620569333763872,14.521326019014943,80.85810464722118
250.78742906735866,4.620558380649413,14.521331854256719,80.85810976509387
250.85235461789478,4.6205474335626775,14.5213376862042,80.85811488023312
250.91727557371394,4.62053649245534,14.521343514884864,80.8581199926598
250.9821919379616,4.620525557280035,14.521349340325573,80.85812510239438
251.04710371376294,4.620514627989885,14.521355162553023,80.85813020945709
251.1120109042219,4.6205037045389075,14.521360981593268,80.85813531386783
251.17691351242274,4.6204927868818535,14.521366797472002,80.85814041564615
251.24181154142946,4.620481874973928,14.521372610214758,80.85814551481133
251.3067049942862,4.620470968771375,14.521378419846354,80.85815061138227
251.37159387401798,4.620460068230934,14.52138422639141,80.85815570537765
251.4364781836308,4.620449173310201,14.521390029874004,80.8581607968158
251.5013579261119,4.620438283967281,14.521395830318006,80.85816588571471
251.56623310442987,4.620427400161146,14.521401627746721,80.85817097209214
251.63110372153554,4.620416521851353,14.521407422183183,80.85817605596546
251.69596978036142,4.620405648998167,14.52141321364999,80.85818113735183
251.7608312838227,4.620394781562569,14.521419002169345,80.85818621626808
251.82568823481736,4.620383919506654,14.521424787762289,80.85819129273106
251.89054063622663,4.620373062790764,14.52143057045307,80.85819636675616
251.9553884909139,4.6203622113802485,14.521436350259737,80.85820143836001
252.02023180172762,4.6203513652377355,14.521442127204159,80.85820650755811
252.08507057149936,4.620340524327517,14.521447901306686,80.8582115743658
252.14990480304488,4.62032968861649,14.521453672586196,80.8582166387973
252.2147344991655,4.620318858070381,14.52145944106219,80.85822170086743
252.27955966264696,4.6203080326552515,14.521465206754092,80.85822676059065
252.34438029626008,4.620297212338058,14.521470969680697,80.85823181798123
252.409196402761,4.620286397086209,14.521476729860622,80.85823687305317
252.4740079848915,4.620275586867755,14.52148248731214,80.85824192582011
252.5388150453788,4.620264781651534,14.521488242052977,80.85824697629549
252.6036175869367,4.620253981406795,14.521493994100743,80.85825202449246
252.66841561226468,4.620243186103507,14.521499743472585,80.85825707042392
252.73320912404927,4.6202323957122005,14.52150549018537,80.85826211410243
252.79799812496364,4.620221610204113,14.521511234255524,80.85826715554036
252.86278261766824,4.620210829550973,14.521516975699225,80.8582721947498
252.92756260481087,4.620200053725244,14.521522714532207,80.85827723174255
252.99233808902682,4.620189282699834,14.521528450769994,80.85828226653018
253.05710907293937,4.620178516448291,14.52153418442776,80.85828729912394
253.1218755591599,4.620167754944794,14.521539915520275,80.85829232953493
253.18663755028825,4.620156998164061,14.521545644062051,80.85829735777389
253.25139504891274,4.62014624608142,14.521551370067225,80.85830238385135
253.31614805761072,4.6201354986728385,14.521557093549559,80.8583074077776
253.3808965789485,4.620124755914622,14.521562814522717,80.85831242956266
253.44564061548192,4.620114017783973,14.521568532999735,80.8583174492163
253.51038016975593,4.620103284258339,14.521574248993627,80.85832246674804
253.5751152443061,4.620092555316023,14.521579962516814,80.85832748216717
253.6398458416577,4.620081830935622,14.521585673581658,80.85833249548273
253.7045719643264,4.620071111096415,14.52159138220009,80.8583375067035
253.76929361481808,4.620060395778301,14.521597088383654,80.85834251583805
253.83401079562998,4.620049684961507,14.52160279214381,80.85834752289469
253.89872350924975,4.620038978627112,14.521608493491403,80.85835252788148
253.96343175815684,4.620028276756423,14.52161419243728,80.8583575308063
254.02813554482168,4.620017579331466,14.521619888991813,80.85836253167672
254.09283487170663,4.62000688633475,14.521625583165122,80.85836753050013
254.15752974126607,4.619996197749241,14.521631274967087,80.85837252728368
254.22222015594653,4.619985513558632,14.521636964407117,80.85837752203425
254.28690611818683,4.619974833746848,14.521642651494595,80.85838251475856
254.35158763041807,4.619964158298605,14.521648336238352,80.85838750546304
254.41626469506463,4.619953487198996,14.521654018647057,80.85839249415395
254.4809373145436,4.619942820433593,14.521659698729131,80.85839748083727
254.54560549126546,4.619932157988478,14.521665376492704,80.85840246551882
254.61026922763415,4.619921499852153,14.521671051944478,80.85840744820337
254.67492852604803,4.61991084601194,14.521676725091897,80.85841242889616
254.73958338889918,4.619900196455477,14.521682395942184,80.85841740760233
254.80423381857386,4.61988955117081,14.521688064502387,80.85842238432681
254.87016140405981,4.619878620571082,14.521693889103668,80.85842749032525
254.93608429163643,4.619867697147841,14.521699709762231,80.85843259308993
255.0020024850382,4.619856780846883,14.521705526498213,80.8584376926549
255.06791598797412,4.619845871597536,14.521711339351953,80.85844278905051
255.13382480412093,4.619834969355157,14.52171714834551,80.85844788229933
255.19972893713518,4.619824074167627,14.521722953435134,80.85845297239725
255.2656283906899,4.619813185790547,14.521728754784258,80.8584580594252
255.3315231683564,4.61980230416413,14.521734552426677,80.85846314340918
255.39741327367895,4.619791429229004,14.521740346396117,80.85846822437487
255.46329871017505,4.619780560926858,14.521746136725591,80.85847330234755
255.52917948133648,4.619769699200193,14.52175192344765,80.85847837735216
255.5950555906289,4.619758843992047,14.521757706594643,80.85848344941331
255.66092704149258,4.619747995246423,14.521763486198305,80.85848851855528
255.7267938373427,4.619737152908122,14.521769262289899,80.85849358480198
255.79265598156982,4.619726316922611,14.521775034900376,80.85849864817702
255.85851347753987,4.619715487236134,14.521780804060219,80.85850370870364
255.9243663285946,4.619704663795766,14.521786569799444,80.8585087664048
255.99021453805236,4.619693846549294,14.521792332147665,80.85851382130305
256.05605810920804,4.619683035445203,14.521798091134114,80.85851887342068
256.121897045333,4.619672230432795,14.52180384678756,80.85852392277964
256.1877313496763,4.619661431462134,14.521809599136306,80.85852896940156
256.2535610254644,4.619650638483878,14.521815348208412,80.85853401330772
256.31938607590166,4.619639851449609,14.521821094031298,80.8585390545191
256.38520650417047,4.619629070311376,14.521826836632254,80.85854409305637
256.45102231343225,4.619618295022172,14.521832576037946,80.85854912893988
256.5168335068268,4.619607525535695,14.521838312274657,80.85855416218965
256.5826400874734,4.619596761806244,14.52184404536836,80.8585591928254
256.6484420584707,4.619586003788843,14.521849775344581,80.85856422086658
256.71423942289726,4.619575251439305,14.521855502228403,80.8585692463323
256.78003218381133,4.619564504713896,14.521861226044757,80.85857426924134
256.84582034425176,4.619553763569877,14.521866946817877,80.85857928961224
256.91160390723866,4.619543027965044,14.521872664571758,80.8585843074632
256.97738287577226,4.619532297857906,14.521878379329989,80.85858932281211
257.0431572528346,4.619521573208058,14.52188409111557,80.85859433567637
257.1089270413898,4.619510853976894,14.521889799950472,80.85859934607264
257.1746922443839,4.6195001401250035,14.521895505857074,80.85860435401793
257.2404528647454,4.6194894316135064,14.521901208857521,80.85860935952897
257.30620890538563,4.619478728404209,14.521906908973559,80.85861436262223
257.371960369198,4.619468030459604,14.521912606226522,80.85861936331386
257.43770725905966,4.619457337742796,14.521918300637434,80.85862436161977
257.50344957783074,4.61944665021756,14.521923992226919,80.85862935755553
257.56918732835504,4.619435967848295,14.521929681015253,80.85863435113644
257.63492051346066,4.61942529060006,14.521935367022355,80.85863934237759
257.70064913595905,4.619414618438566,14.521941050267733,80.8586443312937
257.76637319864693,4.6194039513300105,14.521946730770718,80.85864931789928
257.8320927043053,4.619393289241369,14.521952408550117,80.8586543022085
257.8978076557004,4.619382632140243,14.521958083624387,80.85865928423537
257.9635180555836,4.6193719799947095,14.521963756011772,80.85866426399352
258.02922390669187,4.619361332773612,14.521969425730028,80.85866924149636
258.09492521174803,4.61935069044627,14.521975092796694,80.85867421675704
258.1606219734611,4.619340052982766,14.521980757228814,80.85867918978842
258.2263141945262,4.619329420353516,14.521986419043358,80.85868416060312
258.292001877625,4.619318792529775,14.521992078256723,80.8586891292135
258.3576850254265,4.619308169483346,14.521997734885005,80.85869409563165
258.4233636405865,4.619297551186568,14.522003388944036,80.8586990598694
258.4890377257482,4.619286937612327,14.522009040449344,80.85870402193834
258.55470728354226,4.619276328734131,14.52201468941609,80.85870898184979
258.6203723165876,4.619265724526176,14.522020335859013,80.85871393961482
258.686032827491,4.619255124962989,14.522025979792751,80.85871889524425
258.7516888188477,4.619244530019877,14.522031621231424,80.85872384874871
258.8173402932416,4.61923393967254,14.522037260189002,80.85872880013845
258.8829872532454,4.619223353897435,14.522042896678943,80.85873374942364
258.948629701421,4.619212772671376,14.52204853071459,80.85873869661404
259.01426764031936,4.6192021959718765,14.522054162308832,80.8587436417193
259.0799010724815,4.619191623776889,14.522059791474359,80.85874858474875
259.14553000043793,4.61918105606505,14.522065418223415,80.85875352571153
259.21115442670947,4.619170492815316,14.522071042568152,80.85875846461653
259.2767743538071,4.619159934007447,14.522076664520172,80.85876340147237
259.3423897842323,4.619149379621414,14.52208228409109,80.85876833628748
259.4080007204772,4.6191388296381275,14.522087901291808,80.85877326907006
259.4736071650253,4.61912828403863,14.522093516133335,80.85877819982802
259.5392091203512,4.619117742805276,14.522099128625793,80.85878312856893
259.6048065889209,4.619107205921603,14.522104738778818,80.85878805529958
259.6703995731928,4.61909667337069,14.522110346602062,80.85879298002725
259.73598807561734,4.619086145135536,14.522115952105477,80.85879790275898
259.8015720986369,4.619075621200157,14.52212155529823,80.85880282350162
259.86715164468615,4.619065101548663,14.522127156189605,80.85880774226173
259.9327267161927,4.61905458616595,14.522132754788322,80.85881265904573
259.99829731557645,4.619044075037284,14.522138351102958,80.85881757385975
260.0638634452505,4.61903356814842,14.522143945141805,80.85882248670977
260.1294251076213,4.619023065485675,14.52214953691282,80.8588273976015
260.1949823050877,4.619012567035729,14.522155126423808,80.85883230654046
260.26053504004386,4.619002072785876,14.522160713682169,80.85883721353196
260.3260833148765,4.618991582723922,14.522166298695016,80.85884211858107
260.3929174487591,4.618980812892028,14.522172036712186,80.85884715039579
260.4597468578212,4.618970050095321,14.522177770864008,80.85885217904067
260.5265715457982,4.618959294280289,14.522183501170414,80.8588572045493
260.59339151639824,4.618948545377256,14.522189227671184,80.85886222695156
260.6602067732991,4.618937803317675,14.52219495040551,80.85886724627682
260.72701732014684,4.6189270680344094,14.522200669411738,80.85887226255385
260.793823160557,4.618916339545953,14.522206384667511,80.85887727578654
260.86062429815024,4.6189056177657335,14.522212096224735,80.85888228600953
260.927420736509,4.618894902534229,14.522217804187632,80.85888729327813
260.9942124791464,4.618884193794596,14.522223508588345,80.85889229761706
261.06099952954986,4.618873491490448,14.522229209458901,80.85889729905065
261.1277818911812,4.618862795566348,14.522234906830716,80.85890229760292
261.1945595674765,4.618852105967737,14.522240600734666,80.8589072932976
261.26133256184744,4.6188414226404975,14.522246291201494,80.858912286158
261.32810087768036,4.618830745531566,14.522251978261236,80.8589172762072
261.3948645183375,4.618820074588302,14.522257661943813,80.85892226346789
261.4616234871572,4.618809409759159,14.522263342278393,80.85892724796244
261.5283777874541,4.6187987509930775,14.522269019293962,80.85893222971296
261.59512742251945,4.618788098239715,14.522274693019114,80.85893720874118
261.6618723956217,4.618777451449697,14.52228036348179,80.85894218506851
261.7286127100061,4.618766810574095,14.522286030709802,80.8589471587161
261.7953483688962,4.618756175564756,14.522291694730495,80.85895212970475
261.862079375493,4.618745546374401,14.522297355570652,80.85895709805496
261.9288057329761,4.618734922956225,14.522303013256879,80.8589620637869
261.9955274445037,4.618724305264255,14.522308667815281,80.85896702692045
262.06224451321276,4.618713693254048,14.522314319271116,80.85897198747483
262.12895694221965,4.61870308688225,14.522319967648972,80.85897694546877
262.1956647346216,4.618692486104887,14.522325612973797,80.85898190092131
262.2623678934944,4.61868189087857,14.522331255270299,80.85898685385114
262.3290664218952,4.618671301160834,14.522336894562557,80.8589918042766
262.39576032286124,4.6186607169096305,14.522342530874527,80.85899675221584
262.46244959940987,4.618650138083779,14.522348164229584,80.85900169768664
262.52913425454045,4.618639564642681,14.522353794650813,80.85900664070651
262.59581429123307,4.618628996546434,14.522359422160891,80.85901158129268
262.6624897124497,4.618618433755714,14.522365046782207,80.85901651946207
262.72916052113396,4.6186078762318985,14.522370668536722,80.85902145523139
262.7958267202124,4.618597323937024,14.52237628744603,80.85902638861695
262.86248831259326,4.618586776833723,14.5223819035314,80.85903131963488
262.9291453011682,4.618576234885395,14.522387516813628,80.85903624830098
262.9957976888119,4.61856569805577,14.522393127313432,80.8590411746308
263.062445478382,4.618555166309522,14.522398735050887,80.85904609863958
263.1290886727202,4.6185446396117396,14.522404340045906,80.85905102034235
263.1957272746518,4.618534117928355,14.522409942317834,80.85905593975382
263.26236128698673,4.61852360122558,14.522415541886016,80.8590608568884
263.3289907125189,4.618513089470621,14.522421138769054,80.85906577176031
263.39561555402753,4.618502582630919,14.522426732985593,80.8590706843835
263.46223581427654,4.618492080674823,14.52243232455363,80.85907559477154
263.528851496015,4.618481583571107,14.522437913490997,80.8590805029379
263.59546260197817,4.618471091289177,14.522443499815152,80.85908540889567
263.6620691348864,4.618460603799065,14.52244908354319,80.85909031265774
263.72867109744607,4.618450121071293,14.522454664691978,80.85909521423673
263.7952684923508,4.618439643077144,14.522460243277862,80.85910011364498
263.86186132228033,4.61842916978825,14.522465819317109,80.85910501089464
263.9284495899011,4.618418701177011,14.522471392825453,80.85910990599754
263.99503329786666,4.6184082372162765,14.52247696381844,80.85911479896528
264.0616124488184,4.618397777879504,14.52248253231126,80.85911968980923
264.1281870453849,4.618387323140755,14.522488098318725,80.85912457854052
264.1947570901828,4.618376872974599,14.522493661855407,80.85912946517
264.26132258581663,4.618366427356134,14.522499222935581,80.85913434970828
264.32788353487973,4.618355986261074,14.522504781573147,80.85913923216577
264.3944399399536,4.618345549665665,14.522510337781727,80.8591441125526
264.46099180360875,4.618335117546695,14.522515891574608,80.8591489908787
264.5275391284053,4.618324689881372,14.52252144296493,80.8591538671537
264.59408191689175,4.618314266648682,14.522526991964707,80.85915874138661
264.6606201716072,4.618303847827921,14.522532538585843,80.85916361358623
264.72715389508096,4.618293433397999,14.522538082840475,80.85916848376152
264.79368308983237,4.6182830233383365,14.52254362474043,80.85917335192123
264.8602077583708,4.618272617628913,14.522549164297224,80.85917821807386
264.9267279031962,4.6182622162501925,14.522554701522106,80.8591830822277
264.99324352679963,4.618251819183107,14.522560236426079,80.85918794439083
265.05975463166277,4.618241426409243,14.52256576901974,80.85919280457101
265.1262612202585,4.618231037910589,14.522571299313473,80.85919766277594
265.1927632950513,4.618220653669607,14.522576827317435,80.85920251901295
265.2592608584968,4.618210273669392,14.522582353041349,80.85920737328925
265.32575391304283,4.6181998978933905,14.522587876494839,80.85921222561177
265.39224246112957,4.618189526325653,14.5225933976871,80.85921707598725
265.4587265051892,4.618179158950635,14.52259891662716,80.85922192442222
265.52520604764607,4.618168795753389,14.522604433323675,80.85922677092294
265.5916810909178,4.618158436719315,14.522609947785137,80.85923161549556
265.65815163741456,4.618148081834399,14.522615460019683,80.85923645814592
265.7246176895399,4.61813773108508,14.522620970035208,80.85924129887971
265.79107924969077,4.618127384458248,14.522626477839351,80.8592461377024
265.8575363202572,4.6181170419412885,14.522631983439474,80.85925097461923
265.9239889036237,4.618106703521988,14.522637486842735,80.85925580963527
265.9904370021681,4.618096369188774,14.522642988055868,80.85926064275536
266.0581795288075,4.618085760063267,14.522648639562943,80.85926560037379
266.1259173058619,4.6180751578246015,14.522654287287102,80.8592705548883
266.19365033706106,4.618064562421468,14.522659931246832,80.8592755063317
266.2613786261089,4.618053973786125,14.522665571480761,80.85928045473312
266.3291021766785,4.618043391851754,14.522671208027138,80.85928540012111
266.39682099241145,4.618032816553008,14.522676840923268,80.85929034252372
266.46453507691956,4.618022247965936,14.522682470106114,80.85929528192794
266.5322444338441,4.618011685876604,14.522688095717923,80.85930021840547
266.5999490667328,4.618001130203467,14.522693717808313,80.85930515198822
266.66764897909644,4.617990580890732,14.522699336408945,80.85931008270032
266.7353441744203,4.6179800378835445,14.522704951550871,80.85931501056558
266.80303465616345,4.617969501127773,14.522710563264733,80.8593199356075
266.8707204277602,4.617958970569805,14.522716171580981,80.85932485784922
266.9384014926197,4.61794844615691,14.522721776529506,80.85932977731358
267.00607785412603,4.617937927837181,14.522727378139697,80.85933469402312
267.0737495156395,4.617927415559181,14.522732976440775,80.85933960800004
267.1414164804967,4.617916909273542,14.522738571460728,80.85934451926573
267.20907875201056,4.617906408931281,14.522744163227294,80.85934942784144
267.27673633347155,4.617895914483173,14.522749751768435,80.85935433374839
267.3443892281467,4.617885425880766,14.52275533711163,80.8593592370076
267.4120374392808,4.617874943076295,14.522760919283966,80.85936413763974
267.4796809700966,4.617864466022628,14.522766498312231,80.85936903566514
267.54731982379394,4.617853994673441,14.52277207422268,80.85937393110389
267.61495400355165,4.617843528983006,14.522777647041277,80.85937882397572
267.6825835125272,4.617833068906362,14.522783216793522,80.85938371430011
267.75020835385686,4.617822614399037,14.522788783504714,80.85938860209625
267.8178285306559,4.61781216541743,14.52279434719963,80.85939348738293
267.88544404601987,4.6178017219184815,14.522799907902678,80.85939837017884
267.95305490302326,4.617791283859937,14.522805465637836,80.85940325050223
268.0206611047217,4.617780851200002,14.522811020428891,80.85940812837111
268.08826265415036,4.617770423897628,14.522816572299158,80.85941300380321
268.1558595543261,4.617760001912415,14.522822121271606,80.85941787681598
268.22345180824635,4.6177495852046455,14.522827667368796,80.85942274742656
268.2910394192785,4.617739173735065,14.522833210613065,80.85942761565187
268.35862238960584,4.617728767465359,14.522838751026196,80.85943248150843
268.42620072255954,4.617718366357593,14.522844288629772,80.85943734501264
268.49377442106385,4.617707970374582,14.522849823444922,80.8594422061805
268.5613434880266,4.617697579479678,14.522855355492513,80.85944706502781
268.6289079263377,4.6176871936369555,14.522860884792971,80.85945192157007
268.6964677388702,4.617676812810882,14.522866411366575,80.85945677582254
268.7640229284807,4.617666436966859,14.52287193523297,80.85946162780017
268.83157349800905,4.617656066070648,14.522877456411672,80.85946647751769
268.89911945027995,4.6176457000887225,14.52288297492177,80.85947132498951
268.96666078810154,4.617635338988026,14.522888490782137,80.85947617022984
269.0341975142663,4.617624982736315,14.522894004011086,80.8594810132526
269.10172963155213,4.617614631301711,14.522899514626847,80.85948585407145
269.1692571427211,4.617604284653052,14.522905022647157,80.8594906926998
269.23678005052153,4.617593942759757,14.522910528089444,80.85949552915079
269.30429835768643,4.6175836055917445,14.522916030970896,80.85950036343736
269.3718120669351,4.617573273119535,14.522921531308338,80.85950519557213
269.43932118097285,4.617562945314246,14.522927029118252,80.8595100255675
269.50682570249126,4.6175526221475796,14.52293252441678,80.85951485343564
269.5743256341682,4.617542303591691,14.522938017219857,80.85951967918845
269.64182097866905,4.617531989619412,14.522943507543,80.85952450283759
269.7093117386455,4.617521680205475,14.522948995400636,80.85952932439389
269.77679791673785,4.617511375324285,14.522954480807417,80.85953414386829
269.8442795155737,4.617501074950278,14.522959963777973,80.85953896127175
269.9117565377688,4.617490779058422,14.522965444326633,80.85954377661496
269.97922898592714,4.617480487624183,14.52297092246745,80.85954858990836
270.0466968626409,4.617470200623721,14.522976398214043,80.85955340116223
270.11416017049004,4.617459918033596,14.522981871579846,80.85955821038657
270.1816189120446,4.617449639830793,14.5229873425781,80.85956301759111
270.24907308986286,4.617439365993078,14.522992811221505,80.85956782278542
270.3165227064927,4.617429096498512,14.522998277522689,80.8595726259788
270.3839677644719,4.617418831325839,14.523003741493817,80.85957742718034
270.4514082663266,4.617408570454241,14.523009203146861,80.8595822263989
270.5188442145743,4.617398313863321,14.523014662493573,80.85958702364312
270.5862756117224,4.617388061533367,14.523020119545258,80.85959181892137
270.6537024602685,4.6173778134450965,14.523025574313007,80.85959661224189
270.7211247627008,4.617367569658582,14.523031026728733,80.85960140361269
270.7885425215288,4.617357329913818,14.523036477042615,80.85960619304356
270.85595573916044,4.617347094439742,14.523041925022461,80.8596109805378
270.92336441808993,4.6173368631352165,14.523047370759926,80.85961576610485
270.99076856077056,4.617326635983273,14.523052814264856,80.85962054975187
271.05816816964716,4.6173164129676065,14.523058255546673,80.85962533148572
271.12556324715695,4.617306194072514,14.523063694614388,80.8596301113131
271.1929537957294,4.617295979282311,14.523069131477213,80.85963488924048
271.26033981778585,4.617285768582395,14.523074566143473,80.85963966527413
271.32772131574086,4.617275561958153,14.523079998621737,80.85964443942011
271.39509829200153,4.617265359395715,14.523085428920002,80.85964921168429
271.46247074896786,4.61725516088146,14.523090857046242,80.8596539820723
271.5298386890339,4.617244966402438,14.52309628300796,80.8596587505896
271.5972021145862,4.617234775946042,14.523101706812513,80.85966351724144
271.66456102800566,4.617224589500155,14.523107128466966,80.85966828203289
271.7319154316666,4.6172144070531225,14.523112547978121,80.85967304496876
271.8005728434871,4.617203955183417,14.523118114842784,80.8596779299738
271.8692254809451,4.617193510061505,14.523123678000571,80.85968281193792
271.9378733477675,4.617183071636476,14.52312923747027,80.85968769089325
272.0065164476555,4.617172639841771,14.523134793289858,80.85969256686838
272.07515478427854,4.617162214611906,14.523140345496765,80.85969743989133
272.14378836127565,4.617151795882711,14.523145894127628,80.85970230998967
272.212417182255,4.61714138359105,14.523151439218562,80.85970717719039
272.28104125079517,4.6171309778310965,14.523156980694141,80.85971204147476
272.3496605705127,4.617120578354282,14.523162518721536,80.85971690292418
272.4182751449146,4.617110185106021,14.523168053331737,80.85972176156224
272.4868849774814,4.617099798032699,14.523173584555101,80.85972661741219
272.55549007166826,4.61708941708131,14.52317911242167,80.85973147049702
272.62409043090537,4.617079042199462,14.523184636961195,80.85973632083933
272.6926860585976,4.617068673335818,14.52319015820269,80.85974116846148
272.7612769581257,4.61705831043936,14.52319567617514,80.8597460133855
272.82986313284596,4.617047953459969,14.523201190906953,80.85975085563308
272.8984445860909,4.617037602348194,14.523206702426181,80.85975569522562
272.96702132116974,4.617027257055319,14.523212210760427,80.85976053218425
273.03559334136787,4.617016917533227,14.523217715937001,80.85976536652977
273.1041606499485,4.617006583734529,14.523223217982792,80.85977019828267
273.1727232501516,4.616996255612512,14.523228716924299,80.85977502746319
273.2412811451951,4.616985933121141,14.523234212787653,80.8597798540912
273.3098343382752,4.6169756162150986,14.52323970559854,80.85978467818636
273.3783828325664,4.61696530484964,14.523245195382383,80.85978949976797
273.44692663122174,4.616954998980682,14.523250682164225,80.8597943188551
273.51546573737375,4.616944698564885,14.523256165968645,80.85979913546647
273.58400015413343,4.61693440355955,14.523261646819904,80.85980394962054
273.6525298845921,4.616924113922595,14.523267124741905,80.8598087613355
273.72105493182096,4.6169138296126055,14.523272599758124,80.85981357062927
273.78957529887094,4.616903550588634,14.523278071891902,80.85981837751946
273.8580909887737,4.616893276810648,14.523283541165918,80.85982318202343
273.926602004542,4.616883008239016,14.523289007602742,80.85982798415824
273.99510834916947,4.616872744834968,14.523294471224354,80.85983278394067
274.0636100256311,4.61686248656007,14.523299932052652,80.85983758138728
274.1321070368835,4.616852233376624,14.523305390109096,80.85984237651428
274.2005993858659,4.61684198524772,14.523310845414612,80.85984716933767
274.26908707549893,4.616831742136807,14.523316297990021,80.85985195987317
274.33757010868607,4.61682150400807,14.523321747855706,80.85985674813622
274.40604848831373,4.616811270826275,14.523327195031705,80.85986153414201
274.47452221725166,4.616801042556795,14.523332639537715,80.8598663179055
274.54299129835266,4.616790819165498,14.523338081393202,80.8598710994413
274.6114557344534,4.616780600619011,14.523343520617138,80.85987587876386
274.6799155283742,4.616770386884346,14.523348957228349,80.85988065588731
274.74837068291987,4.616760177929329,14.52335439124512,80.85988543082556
274.8168212008797,4.616749973722185,14.523359822685569,80.85989020359224
274.8852670850276,4.616739774233287,14.523365251566617,80.8598949742001
274.9537083381233,4.616729579432412,14.523370677905467,80.85989974266212
275.02214496291197,4.61671938928956,14.523376101719233,80.8599045089912
275.0905769621242,4.616709203775199,14.523381523024776,80.85990927320003
275.15900433847673,4.616699022860537,14.52338694183849,80.85991403530097
275.2274270950675,4.616688846517095,14.523392358176645,80.85991879530626
275.2958452337941,4.616678674717181,14.523397772055082,80.85992355322773
275.3642587577279,4.616668507433532,14.523403183489336,80.85992830907713
275.43266766953064,4.616658344639443,14.523408592494668,80.85993306286589
275.5010719718522,4.616648186308725,14.523413999086054,80.85993781460522
275.56947166732914,4.616638032415678,14.523419403278211,80.85994256430611
275.6378667585857,4.616627882935328,14.523424805085378,80.8599473119793
275.7062572482338,4.61661773784305,14.523430204521656,80.8599520576353
275.7746431388738,4.61660759711476,14.52343560160085,80.8599568012844
275.8430244330941,4.616597460726966,14.523440996336397,80.85996154293665
275.9114011334718,4.6165873286566805,14.52344638874146,80.85996628260186
275.97977324257266,4.616577200881379,14.523451778828958,80.85997102028966
276.0481407629516,4.616567077379122,14.523457166611454,80.85997575600943
276.1165036971525,4.616556958128343,14.523462552101366,80.8599804897703
276.1848620477093,4.6165468431081935,14.523467935310588,80.85998522158123
276.253215817145,4.616536732298131,14.523473316250968,80.8599899514509
276.32156500797316,4.616526625678221,14.52347869493393,80.85999467938785
276.3899096226972,4.616516523228898,14.523484071370769,80.85999940540034
276.4582496638108,4.616506424931259,14.523489445572316,80.86000412949643
276.52658513379885,4.616496330766847,14.52349481754918,80.86000885168397
276.5949160351364,4.616486240717577,14.5235001873118,80.86001357197063
276.6632423702903,4.616476154765902,14.523505554870294,80.8600182903638
276.7315641417183,4.616466072894751,14.52351092023452,80.86002300687073
276.79988135186966,4.6164559950875965,14.523516283413986,80.86002772149841
276.86819400318524,4.616445921328289,14.523521644418045,80.86003243425367
276.9365020980985,4.616435851601219,14.523527003255701,80.86003714514308
277.00480563903426,4.616425785891213,14.523532359935732,80.86004185417306
277.0731046284104,4.616415724183465,14.523537714466746,80.86004656134979
277.1413990686369,4.6164056664637885,14.523543066856941,80.86005126667926
277.2096889621168,4.616395612718325,14.523548417114384,80.8600559701673
277.2779743112462,4.616385562933824,14.52355376524673,80.86006067181944
277.34625511841426,4.616375517097305,14.523559111261559,80.86006537164114
277.4145313860039,4.616365475196265,14.523564455166163,80.86007006963757
277.482803116391,4.616355437219862,14.52356979696687,80.86007476581327
277.5523865885485,4.6163451349145035,14.523575283331889,80.86007958175361
277.621965258893,4.616334839230618,14.52358076605923,80.86008439471016
277.6915391311537,4.616324550118167,14.523586245167245,80.8600892047146
277.76110820903466,4.616314267511306,14.523591720693583,80.86009401179511
277.8306724962072,4.616303991345587,14.52359719267501,80.8600988159794
277.90023199631224,4.616293721557584,14.523602661147784,80.86010361729463
277.96978671295983,4.6162834580851335,14.523608126147385,80.86010841576747
278.03933664972993,4.616273200867105,14.523613587708779,80.86011321142412
278.10888181017356,4.616262949899379,14.523619045826516,80.86011800427411
278.1784221978373,4.616252705149424,14.523624500515131,80.86012279433544
278.2479578162504,4.61624246644645,14.52362995188746,80.86012758166609
278.31748866886477,4.616232233738728,14.523635399972806,80.86013236628847
278.38701475910733,4.616222006975195,14.523640844800124,80.86013714822468
278.4565360903799,4.616211786105421,14.523646286398014,80.86014192749657
278.5260526660598,4.6162015710798565,14.52365172479452,80.86014670412563
278.59556448950065,4.616191361849281,14.523657160017653,80.86015147813306
278.66507156403156,4.616181158365626,14.52366259209455,80.86015624953983
278.73457389295896,4.61617096058104,14.523668021052453,80.86016101836651
278.8040714795656,4.616160768448747,14.523673446917792,80.86016578463347
278.8735643271117,4.616150581922262,14.523678869717028,80.86017054836071
278.94305243883525,4.616140400956025,14.523684289475957,80.86017530956802
279.012535817951,4.616130225505011,14.52368970622015,80.86018006827484
279.0820144676528,4.61612005552491,14.523695119974741,80.86018482450035
279.15148839111305,4.616109890971989,14.523700530764557,80.86018957826346
279.22095759148203,4.616099731803216,14.523705938614029,80.86019432958275
279.2904220718897,4.6160895779762505,14.523711343547156,80.8601990784766
279.3598818354452,4.6160794294491545,14.52371674558785,80.860203824963
279.42933688523743,4.616069286180942,14.523722144759299,80.86020856905975
279.4987872243353,4.616059148131041,14.523727541084549,80.86021331078442
279.56823285578764,4.61604901525954,14.52373293458629,80.86021805015417
279.6376737826245,4.61603888752713,14.523738325286855,80.860222787186
279.7071100078564,4.616028764895087,14.52374371320829,80.86022752189662
279.7765415344748,4.616018647325482,14.523749098372086,80.86023225430243
279.84596836545285,4.616008534780763,14.523754480799628,80.86023698441961
279.9153905037454,4.615998427224174,14.523759860511776,80.86024171226404
279.9848079522895,4.615988324619275,14.523765237529327,80.8602464378514
280.05422071400454,4.615978226930607,14.523770611872363,80.86025116119703
280.1236287917917,4.615968134124582,14.52377598356006,80.86025588231536
280.19303218853673,4.615958046166994,14.523781352611842,80.86026060122117
280.2624309071081,4.615947963023843,14.523786719047092,80.86026531792908
280.3318249503581,4.615937884661862,14.52379208288472,80.86027003245341
280.40121432112244,4.615927811048266,14.523797444143401,80.86027474480832
280.4705990222205,4.615917742150791,14.523802802841526,80.86027945500769
280.5399790564567,4.61590767793795,14.523808158996978,80.86028416306507
280.6093544266192,4.61589761837853,14.523813512627589,80.86028886899388
280.67872513548144,4.615887563442046,14.523818863750726,80.86029357280722
280.74809118580157,4.6158775130985585,14.523824212383445,80.86029827451799
280.8174525803228,4.615867467318662,14.523829558542511,80.86030297413882
280.88680932177465,4.615857426073455,14.52383490224442,80.86030767168214
280.95616141287195,4.6158473893346,14.523840243505347,80.86031236716005
281.0255088563156,4.615837357074409,14.523845582341046,80.86031706058453
281.09485165479293,4.615827329265546,14.523850918767172,80.86032175196728
281.16418981097803,4.615817305881334,14.523856252798934,80.86032644131973
281.23352332753166,4.615807286895566,14.523861584451305,80.86033112865313
281.3028522071012,4.615797272282575,14.523866913738964,80.86033581397847
281.37217645232226,4.615787262017257,14.523872240676234,80.86034049730651
281.4414960658172,4.615777256074949,14.523877565277237,80.86034517864782
281.5108110501966,4.615767254431498,14.523882887555809,80.8603498580127
281.58012140805926,4.615757257063459,14.523888207525301,80.86035453541123
281.6494271419921,4.6157472639476245,14.52389352519905,80.86035921085333
281.7187282545706,4.615737275061337,14.523898840590052,80.8603638843486
281.78802474835874,4.6157272903826625,14.52390415371082,80.86036855590652
281.85731662590996,4.615717309889902,14.523909464573828,80.86037322553628
281.92660388976674,4.615707333562077,14.523914773191068,80.86037789324685
281.99588654246065,4.615697361378456,14.523920079574475,80.86038255904707
282.0651645865141,4.615687393318967,14.523925383735564,80.86038722294546
282.13443802443817,4.615677429364007,14.52393068568557,80.86039188495042
282.2037068587346,4.6156674694944355,14.523935985435493,80.86039654507007
282.27297109189607,4.615657513691408,14.523941282996233,80.86040120331236
282.34223072640503,4.615647561936939,14.523946578378052,80.86040585968502
282.4114857647351,4.615637614213179,14.523951871591272,80.86041051419555
282.4807362093511,4.615627670502908,14.5239571626458,80.8604151668513
282.5499820627087,4.6156177307892685,14.52396245155137,80.86041981765936
282.61922332725584,4.61560779505596,14.523967738317372,80.86042446662667
282.68846000543135,4.615597863287101,14.523973022952976,80.86042911375992
282.75769209966654,4.615587935468578,14.523978305466349,80.86043375906507
282.826919612385,4.615578011585818,14.523983585865949,80.86043840254824
282.89614254600343,4.615568091624388,14.523988864160101,80.86044304421551
282.9653609029306,4.615558175570175,14.523994140356992,80.86044768407284
283.0345746855682,4.615548263409509,14.523999414464564,80.86045232212594
283.103783896311,4.615538355129227,14.524004686490432,80.86045695838034
283.17298853754664,4.615528450716521,14.524009956442066,80.86046159284142
283.24218861165645,4.615518550159078,14.524015224326622,80.8604662255143
283.3113841210154,4.615508653444994,14.524020490151033,80.86047085640398
283.3805750679921,4.6154987605627555,14.524025753922034,80.86047548551521
283.45108635574394,4.615488608201791,14.524031159607928,80.86048023219028
283.5215928165257,4.615478462318938,14.524036561735837,80.86048497594523
283.592094454059,4.615468322866174,14.524041960322846,80.86048971681097
283.6625912720398,4.615458189779491,14.52404735540554,80.86049445481497
283.7330832741329,4.615448062996258,14.524052747019631,80.86049918998411
283.8035704639721,4.615437942454716,14.524058135200441,80.86050392234485
283.87405284516086,4.61542782809441,14.524063519982466,80.86050865192313
283.944530421273,4.615417719855846,14.524068901399751,80.8605133787444
284.0150031958529,4.615407617787726,14.524074279409513,80.86051810280276
284.08547117246457,4.61539752174091,14.524079654109002,80.86052282415008
284.15593435460244,4.615387431615895,14.524085025561165,80.86052754282294
284.22639274571344,4.6153773473622,14.5240903937946,80.8605322588432
284.29684634922,4.615367268929979,14.524095758837555,80.86053697223247
284.3672951685194,4.615357196269965,14.524101120717997,80.86054168301204
284.43773920698516,4.6153471293338235,14.52410647946325,80.86054639120293
284.5081784679662,4.615337068073486,14.524111835100667,80.86055109682584
284.5786129547883,4.615327012441913,14.524117187656852,80.86055579990123
284.64904267075343,4.615316962392519,14.524122537158252,80.86056050044922
284.7194676191402,4.61530691787945,14.524127883630863,80.86056519848968
284.78988780320554,4.6152968788574915,14.524133227100322,80.86056989404219
284.8603032261831,4.615286845281969,14.52413856759201,80.86057458712602
284.9307138912846,4.615276817108989,14.524143905130796,80.86057927776021
285.0011198017002,4.6152667942952235,14.52414923974128,80.8605839659635
285.07152096059815,4.6152567767979855,14.524154571447678,80.86058865175434
285.14191737112634,4.6152467645751285,14.524159900273945,80.86059333515092
285.21230903641083,4.615236757585317,14.524165226243499,80.86059801617118
285.28269595955766,4.6152267557875915,14.524170549379656,80.86060269483275
285.3530781436529,4.615216759141925,14.5241758697051,80.86060737115297
285.42345559176164,4.6152067676100925,14.524181187241558,80.86061204514834
285.4938283069311,4.61519678115345,14.524186502010947,80.8606167168356
285.56419629218846,4.615186799733463,14.524191814035206,80.86062138623133
285.63455955054246,4.615176823312403,14.524197123335739,80.86062605335187
285.70491808498247,4.615166851852988,14.524202429933752,80.86063071821326
285.7752718984798,4.615156885318562,14.52420773385008,80.86063538083135
285.8456209939873,4.615146923673071,14.524213035105232,80.8606400412217
285.9159653744401,4.615136966881107,14.524218333719299,80.8606446993996
285.98630504275513,4.6151270149076655,14.52422362971224,80.86064935538009
286.05664000183236,4.615117067718528,14.524228923103466,80.860654009178
286.126970254555,4.615107125279856,14.52423421391226,80.86065866080789
286.1972958037891,4.615097187558449,14.52423950215752,80.86066331028402
286.2676166523838,4.615087254521677,14.524244787857812,80.8606679576205
286.3379328031722,4.615077326137514,14.524250071031345,80.86067260283114
286.4082442589715,4.615067402374421,14.524255351696077,80.86067724592951
286.4785510225835,4.615057483201304,14.524260629869776,80.86068188692892
286.5488530967939,4.615047568587895,14.524265905569605,80.86068652584251
286.6191504843732,4.615037658504196,14.524271178812711,80.8606911626831
286.6894431880777,4.615027752920846,14.524276449615826,80.86069579746334
286.75973121064834,4.6150178518091,14.524281717995308,80.86070043019559
286.8300145548118,4.61500795514066,14.524286983967297,80.86070506089204
286.9002932232805,4.614998062887693,14.524292247547704,80.8607096895646
286.97056721875356,4.614988175023048,14.524297508751982,80.86071431622497
287.04083654391525,4.614978291519953,14.524302767595435,80.86071894088461
287.1111012014374,4.614968412352251,14.524308024092978,80.86072356355477
287.1813611939784,4.6149585374942275,14.524313278259307,80.86072818424647
287.25161652418353,4.614948666920767,14.524318530108745,80.86073280297047
287.32186719468564,4.614938800607046,14.524323779655543,80.8607374197374
287.392113208105,4.614928938529152,14.524329026913266,80.86074203455757
287.46235456705006,4.614919080663161,14.524334271895704,80.86074664744115
287.5325912741169,4.6149092269860565,14.52433951461595,80.860751258398
287.6028233318896,4.614899377475051,14.524344755087107,80.86075586743785
287.6730507429418,4.614889532108116,14.524349993321712,80.86076047457017
287.74327350983526,4.614879690863376,14.524355229332366,80.86076507980427
287.8134916351203,4.614869853719777,14.52436046313107,80.86076968314914
287.8837051213375,4.614860020656442,14.524365694729841,80.86077428461371
287.953913971016,4.614850191653189,14.524370924140229,80.86077888420658
288.02411818667514,4.614840366690189,14.524376151373627,80.86078348193618
288.094317770824,4.61483054574942,14.52438137644041,80.86078807781017
288.16451272596214,4.61482072881257,14.524386599351043,80.86079267183639
288.23470305458056,4.614810915861155,14.524391820116191,80.86079726402265
288.3048887591596,4.6148011068772465,14.524397038746164,80.86080185437659
288.37506984217134,4.614791301843379,14.524402255250997,80.86080644290561
288.4452463060789,4.614781500742569,14.524407469640465,80.86081102961697
288.5154181533361,4.614771703558134,14.524412681924224,80.86081561451765
288.58558538638823,4.61476191027405,14.524417892111465,80.86082019761449
288.6557480076729,4.614752120874575,14.524423100211298,80.86082477891412
288.725906019619,4.61474233534449,14.52442830623251,80.860829358423
288.79605942464735,4.614732553668998,14.524433510183647,80.86083393614736
288.86620822517176,4.6147227758338145,14.52443871207294,80.86083851209325
288.9363524235981,4.614713001824886,14.524443911908586,80.86084308626653
289.0064920223251,4.614703231628768,14.52444910969834,80.8608476586729
289.0766270237442,4.614693465232392,14.524454305449794,80.86085222931781
289.1467574302401,4.614683702623109,14.52445949917029,80.8608567982066
289.2168832441907,4.6146739437887465,14.524464690866887,80.86086136534436
289.287004467968,4.6146641887174304,14.524469880546519,80.86086593073605
289.35712110393695,4.614654437397719,14.524475068215882,80.86087049438639
289.42856668976555,4.614644431257374,14.524480395257925,80.8608751734847
289.5000074231805,4.614634431474255,14.524485718808016,80.86087984971772
289.57144330790436,4.614624438000648,14.52449103888355,80.8608845231158
289.6428743476337,4.614614450773718,14.524496355520423,80.86088919370586
289.71430054603405,4.614604469731921,14.524501668753711,80.86089386151437
289.78572190674015,4.6145944948151545,14.524506978617193,80.86089852656765
289.85713843335594,4.61458452596181,14.524512285147814,80.86090318889038
289.92855012945523,4.614574563116093,14.524517588375671,80.86090784850823
289.9999569985832,4.614564606219619,14.524522888334735,80.86091250544565
290.0713590442564,4.614554655356746,14.524528184957179,80.86091715968607
290.14275627002746,4.614544710300907,14.524533478395321,80.86092181130378
290.21414867934226,4.614534771002539,14.524538768677282,80.86092646032019
290.2855362756219,4.614524837491926,14.524544055751546,80.86093110675652
290.3569190622956,4.61451490947843,14.524549339885851,80.86093575063572
290.42829704266745,4.614504987162174,14.524554620863771,80.86094039197405
290.4996702201206,4.614495070411999,14.524559898793985,80.86094503079401
290.57103859797974,4.6144851591816245,14.524565173702744,80.86094966711563
290.6424021795461,4.61447525342547,14.524570445615886,80.86095430095864
290.71376096809735,4.614465353098569,14.524575714558924,80.86095893234251
290.78511496688924,4.61445545815792,14.524580980556243,80.86096356128584
290.85646417915507,4.614445568560247,14.524586243632386,80.86096818780737
290.927808608107,4.614435684262416,14.524591503811857,80.86097281192572
290.9991482569346,4.614425805222039,14.524596761118655,80.86097743365931
291.07048312880625,4.614415931397135,14.524602015576654,80.8609820530262
291.14181322686954,4.614406062746569,14.524607267209152,80.86098667004428
291.2131385542506,4.614396199229537,14.52461251603937,80.8609912847311
291.28445911405527,4.614386340806115,14.524617762089933,80.86099589710395
291.35577490936913,4.61437648743679,14.524623005383322,80.8610005071799
291.42708594325796,4.614366639082722,14.524628245941537,80.86100511497574
291.4983922187677,4.614356795705718,14.524633483786248,80.86100972050804
291.569693738925,4.6143469572678875,14.524638718939068,80.86101432379304
291.6409905067371,4.614337123732224,14.524643951420973,80.8610189248468
291.7122825251928,4.614327295062265,14.524649181252661,80.86102352368508
291.7835697972624,4.61431747122192,14.524654408454692,80.86102812032338
291.85485232589787,4.6143076521758895,14.524659633047095,80.86103271477701
291.92613011403307,4.6142978378892705,14.524664855049755,80.86103730706098
291.99740316458445,4.614288028327914,14.524670074482032,80.86104189719006
292.06867148045075,4.614278223458,14.52467529136321,80.86104648517879
292.13993506451385,4.6142684232464015,14.524680505712132,80.86105107104147
292.2111939196386,4.614258627660588,14.524685717547273,80.86105565479214
292.28244804867364,4.614248836668492,14.524690926886882,80.86106023644463
292.35369745445087,4.614239050238518,14.524696133748986,80.8610648160125
292.42494213978654,4.614229268339758,14.52470133815115,80.86106939350908
292.4961821074813,4.614219490941738,14.52470654011075,80.86107396894752
292.5674173603193,4.6142097180146235,14.524711739644742,80.86107854234064
292.6386479010706,4.614199949528981,14.524716936769918,80.8610831137011
292.7098737324897,4.614190185455961,14.524722131502726,80.8610876830413
292.78109485731636,4.614180425767262,14.52472732385928,80.86109225037346
292.8523112782764,4.614170670435038,14.524732513855469,80.8610968157095
292.92352299808067,4.614160919431986,14.524737701506865,80.86110137906115
292.99473001942664,4.614151172731348,14.524742886828726,80.86110594043993
293.0659323449981,4.614141430306882,14.524748069836003,80.86111049985712
293.13712997746467,4.614131692132726,14.524753250543492,80.86111505732379
293.2083229194839,4.614121958183716,14.524758428965523,80.86111961285076
293.2795111736994,4.614112228434877,14.524763605116437,80.86112416644869
293.35069474274275,4.614102502862086,14.524768779009944,80.86112871812797
293.42187362923244,4.6140927814415,14.5247739506597,80.8611332678988
293.49304783577526,4.614083064151043,14.524779120078337,80.86113781577062
293.56421736496657,4.614073350968393,14.5247842872786,80.86114236175301
293.63538221938967,4.6140636418712,14.524789452273293,80.8611469058555
293.7065424016168,4.6140539368375855,14.52479461507493,80.86115144808748
293.7776979142088,4.614044235846118,14.524799775695804,80.86115598845808
293.84884875971545,4.614034538875922,14.524804934147845,80.86116052697622
293.91999494067596,4.614024845906496,14.52481009044282,80.86116506365069
293.9911364596184,4.614015156917859,14.52481524459218,80.86116959848997
294.062273319061,4.614005471890449,14.524820396607158,80.8611741315024
294.1334055215114,4.613995790805274,14.524825546498615,80.8611786626961
294.2045330694678,4.613986113643598,14.52483069427736,80.86118319207904
294.2756559654183,4.613976440387294,14.524835839953788,80.86118771965893
294.34677421184193,4.613966771018681,14.524840983538049,80.86119224544326
294.4178878112079,4.6139571055204245,14.524846125040133,80.86119676943943
294.4889967659769,4.613947443875758,14.524851264469666,80.86120129165457
294.5601010786008,4.6139377860681785,14.5248564018362,80.86120581209562
294.6312007515222,4.61392813208185,14.524861537148812,80.86121033076934
294.70229578717607,4.613918481901211,14.52486667041649,80.86121484768229
294.7733861879886,4.613908835511168,14.52487180164795,80.86121936284087
294.84447195637875,4.613899192897012,14.524876930851704,80.86122387625129
294.91555309475694,4.613889554044597,14.524882058035896,80.86122838791951
294.9866296055261,4.613879918940044,14.524887183208584,80.86123289785137
295.05770149108236,4.6138702875699655,14.524892306377515,80.86123740605252
295.12876875381426,4.613860659921431,14.524897427550169,80.8612419125284
295.1998313961036,4.613851035981828,14.52490254673388,80.86124641728429
295.2708894203255,4.613841415739028,14.524907663935691,80.86125092032528
295.3419428288481,4.613831799181211,14.524912779162493,80.8612554216563
295.4129916240335,4.613822186297206,14.524917892420744,80.86125992128204
295.48537798810867,4.613812323387656,14.524923142426452,80.86126453418589
295.55775947433904,4.613802466707704,14.52492838901045,80.86126914428185
295.6301360864438,4.613792616210598,14.524933632189763,80.86127375159964
295.70250782811615,4.61378277183487,14.524938871999439,80.86127835616568
295.77487470301764,4.613772933520066,14.524944108473973,80.86128295800596
295.8472367147796,4.613763101206697,14.524949341647364,80.86128755714594
295.919593867002,4.613753274836436,14.524954571552925,80.86129215361065
295.99194616325553,4.613743454352002,14.524959798223373,80.86129674742463
296.0642936070818,4.613733639697106,14.524965021690885,80.86130133861201
296.13663620199344,4.613723830848302,14.524970241964402,80.8613059271873
296.2089739514895,4.613714027818473,14.524975459027145,80.86131051315438
296.2813068590735,4.613704230428651,14.52498067299833,80.86131509657302
296.35363492816145,4.613694438631042,14.524985883905087,80.86131967746387
296.4259581621459,4.6136846523785975,14.524991091774078,80.86132425584732
296.4982765643948,4.613674871624881,14.524996296631624,80.86132883174349
296.5705901382522,4.61366509632408,14.525001498503693,80.86133340517223
296.6428988870386,4.613655326431024,14.525006697415899,80.86133797615308
296.71520281405117,4.613645561901096,14.525011893393556,80.86134254470535
296.7875019225642,4.613635802690489,14.525017086461453,80.86134711084806
296.85979621582936,4.6136260487556955,14.525022276644343,80.86135167459996
296.9320856970761,4.613616300054073,14.525027463966369,80.86135623597957
297.0043703699409,4.613606556543448,14.525032648451456,80.8613607950051
297.0766502367506,4.613596818182385,14.525037830123141,80.86136535169447
297.1489253010988,4.6135870849299385,14.525043009004637,80.86136990606543
297.22119556612864,4.613577356745706,14.525048185118902,80.86137445813539
297.29346103496266,4.61356763359008,14.525053358488362,80.86137900792156
297.3657217107024,4.613557915423761,14.525058529135384,80.86138355544085
297.4379775964298,4.613548202208215,14.525063697081858,80.86138810070993
297.51022869520614,4.61353849390558,14.525068862349217,80.8613926437452
297.58247501007384,4.61352879047829,14.525074024958826,80.86139718456289
297.6547165440559,4.613519091889525,14.525079184931588,80.86140172317889
297.72695330015557,4.613509398102917,14.525084342288208,80.86140625960887
297.7991852813581,4.6134997090828325,14.525089497048887,80.86141079386829
297.87141249063006,4.613490024794025,14.525094649233687,80.86141532597229
297.9436349309197,4.613480345201946,14.525099798862218,80.86141985593584
298.0158526051579,4.613470670272412,14.52510494595395,80.86142438377364
298.08806551625713,4.61346099997205,14.525110090527804,80.86142890950015
298.16027366711285,4.613451334267768,14.525115232602653,80.86143343312958
298.2324770606037,4.613441673127184,14.525120372196879,80.86143795467594
298.3046756995914,4.613432016518373,14.525125509328655,80.86144247415297
298.376869586921,4.613422364409963,14.525130644015832,80.8614469915742
298.44905872542097,4.6134127167710774,14.525135776276002,80.86145150695292
298.5212431179046,4.613403073571434,14.525140906126374,80.86145602030219
298.5934227671688,4.61339343478119,14.525146033583972,80.86146053163483
298.66559767599534,4.613383800371138,14.52515115866539,80.86146504096348
298.7377678471507,4.613374170312446,14.525156281387083,80.86146954830046
298.8099332833865,4.613364544576808,14.52516140176519,80.861474053658
298.8820939874392,4.613354923136533,14.525166519815476,80.86147855704799
298.9542499620311,4.6133453059654705,14.525171635552828,80.8614830584817
299.0264012098714,4.613335693037464,14.525176748992186,80.86148755797036
299.09854773365464,4.613326084326224,14.52518186014855,80.86149205552522
299.1706895360625,4.613316479806029,14.525186969036591,80.86149655115737
299.24282661976287,4.61330687945161,14.525192075670724,80.86150104487767
299.3149589874106,4.61329728323817,14.5251971800651,80.86150553669673
299.3870866416472,4.613287691141329,14.525202282233685,80.86151002662498
299.45920958510214,4.613278103137379,14.525207382189965,80.86151451467265
299.53132782039205,4.613268519202951,14.525212479947305,80.86151900084974
299.6034413501208,4.61325893931513,14.525217575518823,80.86152348516605
299.6755501768813,4.613249363451515,14.525222668917323,80.86152796763116
299.74765430325397,4.613239791669554,14.525227760075932,80.86153244825451
299.81975373184144,4.613230223704652,14.52523284924797,80.86153692704738
299.89184846513206,4.613220659783965,14.525237936201622,80.86154140401442
299.9639385057089,4.613211099802576,14.525243021030828,80.8615458791666
300.03602385610776,4.613201543740372,14.525248103747131,80.8615503525125
300.1081045188539,4.6131919915776916,14.5252531843618,80.8615548240605
300.1801804964624,4.6131824432953366,14.525258262885846,80.86155929381881
300.2522517914379,4.613172898874527,14.52526333933006,80.86156376179541
300.3243184062753,4.613163358297025,14.525268413704884,80.86156822799809
300.39638034345995,4.6131538215448975,14.525273486020643,80.86157269243446
300.4684376054675,4.613144288600813,14.52527855628726,80.86157715511193
300.54049019476446,4.613134759447664,14.525283624514612,80.86158161603772
300.612538113808,4.613125234068936,14.525288690712191,80.86158607521887
300.6845813650464,4.613115712448498,14.525293754889265,80.86159053266225
300.7566199509197,4.61310619457065,14.525298817054889,80.86159498837446
300.8286538738595,4.613096680420077,14.525303877217894,80.86159944236204
300.900683136289,4.613087169981947,14.525308935386825,80.86160389463123
300.9727077406233,4.613077663241733,14.5253139915701,80.86160834518816
301.0447276892699,4.61306816018552,14.525319045775706,80.86161279403878
301.11674298462884,4.613058660799525,14.525324098011675,80.8616172411888
301.1887536290921,4.613049165070664,14.525329148285529,80.8616216866438
301.2607596250449,4.6130396729860355,14.525334196604778,80.86162613040919
301.3327609748659,4.613030184533222,14.525339242976626,80.86163057249016
301.4047576809264,4.6130206997003675,14.525344287407885,80.86163501289174
301.47674974559135,4.613011218475655,14.525349329905515,80.86163945161883
301.5487371712191,4.613001740847951,14.525354370475958,80.8616438886761
301.6220707944689,4.612992017864546,14.52535954523723,80.86164843689822
301.6953995142609,4.612982300986132,14.525364716645456,80.86165298236841
301.76872333431,4.612972590168444,14.52536988471632,80.86165752511523
301.84204225830655,4.612962885351087,14.52537504948431,80.86166206516461
301.9153562899091,4.612953186474819,14.52538021098324,80.86166660254193
301.9886654327457,4.612943493481481,14.525385369246296,80.86167113727222
302.06196969041383,4.612933806313834,14.525390524306179,80.86167566937999
302.1352690664814,4.612924124915694,14.525395676194991,80.86168019888932
302.208563564487,4.612914449231996,14.525400824944166,80.86168472582385
302.2818531879405,4.612904779208478,14.525405970584766,80.86168925020675
302.3551379403234,4.612895114871042,14.52541111309093,80.86169377203802
302.42841782512727,4.6128854561246495,14.525416252522378,80.86169829135297
302.5016928457961,4.612875802855785,14.52542138895253,80.86170280819168
302.57496300571717,4.612866155018478,14.525426522407434,80.86170732257409
302.64822830825347,4.612856512567356,14.5254316529128,80.86171183451984
302.72148875674475,4.612846875457574,14.525436780494093,80.86171634404833
302.79474435450686,4.6128372436451,14.525441905176233,80.86172085117866
302.86799510483246,4.612827617086324,14.525447026983962,80.86172535592972
302.9412410109916,4.612817995738232,14.525452145941703,80.86172985832006
303.0144820762314,4.612808379558648,14.525457262073308,80.86173435836804
303.08771830377736,4.612798768505648,14.525462375402617,80.86173885609173
303.1609496968327,4.61278916253804,14.525467485953014,80.86174335150895
303.23417625857854,4.612779561615396,14.525472593747368,80.86174784463724
303.3073979921756,4.612769965697584,14.525477698808503,80.8617523354939
303.3806149007625,4.612760374745223,14.525482801158748,80.86175682409603
303.4538269874583,4.612750788719425,14.525487900820188,80.8617613104604
303.5270342553609,4.612741207581968,14.52549299781449,80.86176579460354
303.600236707548,4.612731631295037,14.525498092163206,80.86177027654176
303.67343434707794,4.612722059821624,14.525503183887235,80.86177475629115
303.74662717698897,4.612712493125015,14.525508273007476,80.86177923386751
303.81981520030087,4.6127029311672,14.525513359545512,80.8617837092873
303.8929984200125,4.612693373910279,14.525518443522328,80.8617881825674
303.9661768391036,4.612683821315066,14.525523524961926,80.86179265372301
304.03935046053306,4.612674273350744,14.52552860388017,80.86179712276909
304.11251928724334,4.612664729983572,14.525533680296743,80.86180158971969
304.18568332215955,4.612655191180858,14.525538754230263,80.86180605458888
304.2588425681888,4.612645656910525,14.525543825698891,80.86181051739058
304.33199702822236,4.612636127140583,14.525548894720894,80.86181497813853
304.40514670513346,4.612626601839752,14.525553961314008,80.86181943684623
304.4782916017792,4.612617080977724,14.525559025495486,80.86182389352679
304.5514317210012,4.612607564524904,14.5255640872822,80.8618283481929
304.6245670660608,4.6125980524514,14.525569146691064,80.86183280085754
304.69769763889553,4.612588544727638,14.525574203739,80.86183725153336
304.77082344273515,4.612579041324405,14.525579258442656,80.86184170023294
304.8439444803587,4.612569542213366,14.525584310818079,80.86184614696855
304.91706075452987,4.612560047366259,14.525589360881428,80.86185059175232
304.9901722679969,4.612550556755492,14.525594408648413,80.8618550345961
305.063279023494,4.6125410703540055,14.52559945413443,80.86185947551157
305.13638102374074,4.612531588135103,14.52560449735473,80.86186391451017
305.20947827144255,4.612522110072649,14.525609538324193,80.86186835160316
305.28257076929106,4.6125126361409405,14.5256145770575,80.86187278680156
305.355658519964,4.6125031663149105,14.525619613568889,80.8618772201162
305.4287415261263,4.61249370056966,14.525624647872643,80.8618816515577
305.50181979042924,4.612484238881052,14.52562967998249,80.86188608113646
305.5748933155113,4.612474781304615,14.52563470983265,80.86189050886273
305.64796210403244,4.612465327573863,14.525639737677535,80.8618949347486
305.72102615853487,4.612455877914224,14.525644763286222,80.86189935879955
305.79408548165674,4.612446432218911,14.525649786753725,80.86190378102737
305.86714007598755,4.612436990465914,14.525654808092655,80.86190820144144
305.9401899441042,4.612427552633747,14.525659827315307,80.86191262005094
306.01323508857314,4.612418118701391,14.525664844433688,80.86191703686492
306.0862755119488,4.612408688648302,14.52566985945955,80.86192145189214
306.15931121677454,4.612399262454228,14.525674872404537,80.86192586514123
306.23234220558385,4.612389840099585,14.525679883279818,80.8619302766206
306.30536848089866,4.612380421565083,14.525684892096457,80.86193468633847
306.3783900452309,4.612371006831887,14.525689898865265,80.86193909430285
306.45140690108224,4.6123615958816915,14.525694903596701,80.8619435005216
306.5244190509446,4.612352188696383,14.525699906301226,80.86194790500238
306.59742649730015,4.612342785258593,14.525704906988743,80.86195230775266
306.6704292426213,4.612333385551071,14.525709905669226,80.8619567087797
306.7434272893715,4.612323989557223,14.525714902352178,80.8619611080906
306.8164206400049,4.6123145972607436,14.525719897046981,80.86196550569227
306.889409296967,4.612305208645782,14.525724889762767,80.86196990159145
306.9623932626943,4.612295823776328,14.525729880428958,80.86197429579471
307.0353725396496,4.612286442394062,14.525734869295404,80.86197868831053
307.10834713018187,4.612277064732808,14.525739856126421,80.86198307914077
307.1813170367403,4.612267690693717,14.525744841012653,80.86198746829363
307.254282261729,4.612258320263157,14.525749823961972,80.86199185577487
307.32724280754474,4.6122489534293125,14.525754804981164,80.86199624158952
307.4001986765773,4.612239590179012,14.525759784077904,80.86200062574308
307.47314987121007,4.612230230499712,14.525764761259419,80.86200500824087
307.54609639381863,4.612220874379163,14.525769736532816,80.86200938908803
307.61903824677216,4.612211521805427,14.525774709905049,80.86201376828951
307.6919754324329,4.612202172767091,14.525779681382733,80.86201814585017
307.7649079531569,4.612192827253102,14.525784650972279,80.8620225217746
307.839195309509,4.612183240474179,14.525789752526327,80.8620270069995
307.9134777363467,4.612173659691119,14.525794850787243,80.86203148952164
307.987755237388,4.612164084859198,14.525799945771132,80.86203596936967
308.06202781632476,4.612154515919205,14.525805037511793,80.862040446569
308.1362954768183,4.612144952812975,14.525810126042412,80.86204492114462
308.2105582224978,4.612135395483385,14.525815211395576,80.86204939312104
308.28481605696317,4.6121258438742245,14.5258202936034,80.86205386252237
308.3590689837844,4.612116297930304,14.52582537269742,80.86205832937227
308.4333170065015,4.612106757597542,14.525830448708488,80.86206279369397
308.5075601286266,4.612097222822763,14.525835521666986,80.86206725551025
308.5817983536428,4.612087693553551,14.52584059160296,80.86207171484348
308.65603168500576,4.6120781698623015,14.52584565845772,80.86207617167997
308.73026012620403,4.612068651553042,14.525850722362673,80.86208062608429
308.80448368062844,4.612059138574657,14.52585578334765,80.8620850780777
308.8787023516429,4.6120496308827015,14.525860841437833,80.86208952767946
308.9529161425875,4.612040128433368,14.525865896658033,80.8620939749086
309.02712505677783,4.612030631183347,14.525870949032829,80.86209841978382
309.10132909750797,4.612021139090074,14.525875998586296,80.86210286232362
309.17552826804825,4.612011652111257,14.525881045342507,80.86210730254624
309.2497225716468,4.612002170205519,14.52588608932487,80.86211174046962
309.3239120115295,4.6119926933319215,14.525891130556598,80.86211617611147
309.3980965908998,4.611983221450039,14.525896169060653,80.86212060948931
309.4722763129404,4.611973754520161,14.525901204859522,80.86212504062031
309.54645118081226,4.61196429250294,14.525906237975589,80.86212946952148
309.6206211976548,4.611954835359829,14.525911268430667,80.86213389620951
309.6947863665877,4.6119453830526105,14.525916296246496,80.8621383207009
309.76894669070975,4.611935935543804,14.525921321444315,80.86214274301187
309.8431021730992,4.611926492796342,14.525926344045214,80.86214716315845
309.91725281681516,4.611917054773867,14.525931364069791,80.86215158115634
309.9913986248971,4.611907621440438,14.52593638153844,80.86215599702112
310.0655396003649,4.611898192760865,14.525941396471186,80.86216041076794
310.1396757462197,4.611888768701726,14.525946408886995,80.86216482241129
310.213807065445,4.611879349228693,14.525951418805368,80.86216923196594
310.28793356100505,4.611869934307958,14.525956426245523,80.86217363944652
310.36205523584687,4.611860523906253,14.525961431226374,80.86217804486738
310.43617209289863,4.6118511179908905,14.525966433766472,80.86218244824263
310.51028413507197,4.611841716529592,14.525971433884186,80.86218684958621
310.5843913652605,4.611832319490706,14.52597643159749,80.86219124891181
310.65849378634135,4.611822926842902,14.525981426924254,80.86219564623285
310.7325914011745,4.611813538555591,14.525986419881834,80.86220004156257
310.80668421260293,4.611804154598645,14.525991410487341,80.862204434914
310.88077222345436,4.611794774942101,14.5259963987579,80.86220882629999
310.95485543653956,4.611785399556786,14.526001384710108,80.8622132157331
311.028933854654,4.61177602841414,14.52600636836018,80.86221760322567
311.1030074805776,4.611766661486133,14.526011349724063,80.86222198878981
311.1770763170756,4.611757298745069,14.526016328817521,80.8622263724374
311.2511403668977,4.611747940163578,14.52602130565617,80.86223075418026
311.32519963277923,4.611738585714923,14.52602628025524,80.86223513402983
311.3992541174405,4.611729235372842,14.526031252629675,80.86223951199749
311.47330382358837,4.611719889111518,14.526036222794197,80.86224388809428
311.54734875391523,4.611710546905521,14.526041190763348,80.86224826233112
311.62138891109976,4.611701208730072,14.526046156551208,80.86225263471871
311.69542429780756,4.61169187456071,14.526051120171768,80.86225700526752
311.7694549166907,4.611682544373539,14.526056081638632,80.86226137398782
311.843480770388,4.611673218145006,14.526061040965294,80.86226574088971
311.9175018615262,4.611663895852145,14.526065998164817,80.86227010598304
311.9915181927187,4.611654577472341,14.526070953250162,80.8622744692775
312.06552976656764,4.61164526298349,14.526075906233926,80.86227883078259
312.1395365856622,4.611635952364009,14.526080857128425,80.86228319050757
312.21353865258044,4.611626645592524,14.526085805945929,80.86228754846154
312.28753596988804,4.611617342648263,14.526090752698313,80.86229190465343
312.3615285401403,4.611608043510989,14.526095697397107,80.8622962590919
312.43551636588023,4.611598748160693,14.5261006400538,80.86230061178551
312.50949944964117,4.611589456577873,14.526105580679566,80.86230496274256
312.5834777939449,4.611580168743468,14.526110519285327,80.8623093119712
312.65745140130343,4.611570884638917,14.526115455881685,80.8623136594794
312.73142027421807,4.6115616042459475,14.526120390479155,80.8623180052749
312.80538441517996,4.611552327546771,14.52612532308793,80.8623223493653
312.8793438266711,4.611543054524068,14.526130253717929,80.862326691758
312.9532985111633,4.611533785162298,14.52613518237811,80.8623310324596
313.02724847112023,4.611524519445038,14.526140109077899,80.86233537147707
313.101193708996,4.611515257356126,14.526145033826603,80.86233970881726
313.1751342272361,4.611505998879858,14.526149956633242,80.8623440444869
313.24907002827734,4.6114967440008865,14.526154877506642,80.86234837849247
313.32300111454754,4.611487492704352,14.526159796455337,80.86235271084031
313.39692748846693,4.611478244975595,14.526164713487827,80.86235704153658
313.47084915244693,4.611469000800461,14.526169628612282,80.86236137058725
313.54476610889157,4.611459760165314,14.52617454183652,80.86236569799816
313.6186783601965,4.61145052305673,14.526179453168323,80.86237002377494
313.6925859087506,4.611441289461793,14.526184362615133,80.86237434792307
313.76648875693536,4.611432059367901,14.526189270184247,80.86237867044785
313.8403869071246,4.611422832762699,14.526194175882882,80.86238299135442
313.9142803616858,4.61141360963455,14.526199079717706,80.86238731064775
313.98816912297934,4.611404389971939,14.526203981695426,80.86239162833265
314.0620531933593,4.611395173763793,14.526208881822475,80.86239594441373
314.13730074627404,4.611385720712638,14.526213911493402,80.86240036779397
314.2125433437567,4.611376273541576,14.526218937934821,80.8624047885236
314.2877809895228,4.611366832206684,14.526223961162563,80.86240920663074
314.3630136872624,4.611357396649835,14.526228981209794,80.86241362214037
314.4382414406339,4.611347966813914,14.526233998109097,80.86241803507698
314.5134642532652,4.611338542642829,14.526239011892475,80.8624224454647
314.58868212875353,4.611329124081394,14.52624402259145,80.86242685332716
314.6638950706665,4.611319711075384,14.526249030236995,80.86243125868762
314.73910308254193,4.611310303571729,14.52625403485937,80.8624356615689
314.81430616788913,4.611300901518014,14.52625903648858,80.8624400619934
314.88950433018937,4.611291504863032,14.526264035153854,80.86244445998312
314.96469757289555,4.611282113567995,14.52626903087576,80.86244885555625
315.03988589944004,4.611272727681945,14.526274023612434,80.86245324870562
315.11506931327614,4.611263347019583,14.526279013488065,80.86245763949236
315.1902478177635,4.611253971537367,14.526284000527353,80.86246202793528
315.2654214162382,4.61124460119242,14.5262889847546,80.86246641405297
315.340590112012,4.611235235942428,14.526293966193805,80.86247079786378
315.4157539083747,4.611225875745735,14.526298944868538,80.86247517938573
315.49091280859307,4.611216520561031,14.526303920802283,80.86247955863668
315.56606681591114,4.61120717034782,14.526308894017967,80.86248393563422
315.6412159335508,4.611197825066009,14.526313864538348,80.86248831039565
315.71636016471217,4.611188484676135,14.526318832385797,80.86249268293807
315.79149951257386,4.611179149140581,14.52632379758168,80.86249705327774
315.86663398029424,4.611169818421217,14.526328760147624,80.86250142143115
315.9417635710102,4.611160492480297,14.526333720105008,80.86250578741469
316.0168882878385,4.611151171280443,14.52633867747509,80.86251015124446
316.0920081338754,4.611141854784945,14.52634363227868,80.86251451293637
316.16712311219675,4.611132542957538,14.526348584536406,80.86251887250606
316.24223322585925,4.611123235762616,14.526353534268448,80.86252322996894
316.31733847789957,4.611113933165003,14.526358481494764,80.86252758534023
316.3924388713354,4.611104635130058,14.526363426235033,80.8625319386349
316.4675344091656,4.611095341623583,14.526368368508724,80.86253628986769
316.54262509437007,4.611086052612152,14.526373308334751,80.8625406390531
316.6177109299104,4.6110767680625315,14.526378245732067,80.86254498620539
316.69279191873034,4.61106748794226,14.52638318071907,80.86254933133867
316.7678680637556,4.611058212219292,14.526388113313974,80.86255367446672
316.8429393678944,4.6110489408619575,14.526393043534828,80.86255801560321
316.91800583403756,4.611039673839329,14.526397971399168,80.86256235476151
316.9930674650592,4.611030411120794,14.52640289692442,80.86256669195478
317.0681242638163,4.611021152676275,14.526407820127707,80.86257102719601
317.1431762331494,4.61101189847632,14.52641274102573,80.86257536049794
317.2182233758831,4.6110026484917634,14.526417659635118,80.86257969187312
317.2932656948261,4.6109934026939605,14.526422575972198,80.86258402133384
317.3683031927709,4.61098416105495,14.526427490052821,80.86258834889223
317.4433358724948,4.610974923546973,14.526432401892835,80.86259267456019
317.5183637367601,4.610965690142901,14.526437311507683,80.86259699834942
317.5933867883138,4.610956460816099,14.52644221891251,80.86260132027138
317.6684050298888,4.610947235540315,14.526447124122283,80.8626056403374
317.7434184642026,4.6109380142897205,14.526452027151752,80.86260995855852
317.8184270939598,4.610928797039129,14.526456928015222,80.86261427494566
317.89343092185004,4.610919583763633,14.526461826726935,80.86261858950942
317.96842995054914,4.610910374438907,14.526466723300732,80.86262290226036
318.04342418272046,4.610901169041055,14.526471617750234,80.86262721320871
318.11841362101325,4.610891967546482,14.526476510088953,80.86263152236457
318.19339826806424,4.610882769932282,14.52648140032991,80.86263582973781
318.26837812649774,4.610873576175776,14.52648628848609,80.86264013533813
318.3433531989242,4.6108643862549,14.526491174570063,80.86264443917503
318.4183234879432,4.610855200147909,14.526496058594269,80.86264874125783
318.49328899614204,4.61084601783353,14.526500940570855,80.8626530415956
318.5682497260958,4.610836839290912,14.526505820511751,80.86265734019733
318.6432056803679,4.610827664500633,14.526510698428085,80.86266163707127
318.7181568615114,4.610818493443413,14.526515574330809,80.86266593222578
318.7931032720684,4.610809326099464,14.526520448231336,80.86267022566919
318.8680449145697,4.610800162449752,14.526525320140523,80.86267451740973
318.9429817915357,4.6107910024755006,14.526530190069142,80.86267880745535
319.01791390547663,4.61078184615848,14.526535058027596,80.86268309581392
319.0928412588918,4.610772693480678,14.52653992402626,80.86268738249306
319.1677638542712,4.610763544424621,14.526544788075139,80.86269166750024
319.2426816940948,4.610754398973234,14.526549650184025,80.86269595084275
319.3175947808325,4.610745257110441,14.526554510361553,80.86270023252801
319.39250311694536,4.610736118817819,14.526559368620049,80.86270451256213
319.4674067048847,4.610726984081971,14.526564224965485,80.86270879095254
319.5423055470935,4.610717852886439,14.526569079407908,80.86271306770566
319.61719964600593,4.610708725216107,14.526573931956005,80.86271734282788
319.69208900404743,4.610699601056263,14.52657878261826,80.86272161632549
319.7669736236348,4.61069048039269,14.526583631402811,80.8627258882045
319.84185350717735,4.610681363211349,14.526588478317795,80.86273015847085
319.91672865707596,4.610672249498644,14.526593323371076,80.86273442713028
319.9915990757238,4.610663139241503,14.526598166570148,80.86273869418835
320.0664647655068,4.610654032427074,14.52660300792247,80.86274295965046
320.1413257288032,4.610644929042971,14.526607847435177,80.86274722352185
320.2161819679843,4.610635829077085,14.526612685115307,80.86275148580762
320.29103348541446,4.610626732517801,14.526617520969554,80.86275574651265
320.36588028345113,4.610617639353667,14.526622355004621,80.8627600056417
320.4407223644455,4.610608549573877,14.526627187226717,80.86276426319941
320.5169365837209,4.610599227259366,14.526632146634345,80.86276862610629
320.5931458214831,4.610589910710061,14.52663710287577,80.86277298641417
320.66935008144446,4.610580599883025,14.526642055966391,80.86277734415059
320.74554936729186,4.610571294721353,14.526647005938651,80.86278169934
320.8217436826806,4.610561995169128,14.526651952824421,80.86278605200646
320.8979330312356,4.61055270117122,14.526656896655208,80.86279040217357
320.97411741655105,4.610543412673569,14.526661837461868,80.86279474986456
321.05029684219187,4.610534129623083,14.526666775274707,80.86279909510222
321.1264713116927,4.610524851967661,14.526671710123438,80.86280343790891
321.2026408285601,4.610515579655941,14.526676642037453,80.86280777830662
321.2788053962728,4.610506312637615,14.526681571045497,80.86281211631689
321.3549650182807,4.610497050863371,14.526686497175714,80.86281645196092
321.431119698007,4.610487794339754,14.526691420416709,80.86282078524354
321.50726943887616,4.610478543018075,14.52669634079615,80.86282511618577
321.58341424428534,4.610469296774735,14.526701258395219,80.86282944483006
321.65955411756744,4.610460055567791,14.526706173237693,80.86283377119452
321.7356890620313,4.6104508193559175,14.52671108534698,80.8628380952971
321.8118190809638,4.61044158809819,14.526715994746326,80.86284241715549
321.8879441776283,4.610432361755025,14.526720901457542,80.86284673678743
321.9640643552664,4.6104231402845395,14.526725805506171,80.8628510542093
322.0401796170968,4.61041392365015,14.526730706911165,80.86285536943869
322.11628996631737,4.610404711812079,14.526735605695754,80.86285968249216
322.19239540610374,4.6103955047325265,14.52674050188126,80.86286399338621
322.2684959396109,4.610386302373727,14.526745395489208,80.86286830213707
322.34459156997303,4.610377104698769,14.526750286540487,80.86287260876075
322.42068230030316,4.610367911671123,14.526755175055861,80.86287691327301
322.4967681336942,4.610358723254845,14.526760061055716,80.86288121568944
322.57284907321963,4.610349539414493,14.526764944560194,80.86288551602532
322.6489251219322,4.610340360115232,14.526769825589033,80.86288981429574
322.7249962828661,4.610331185322666,14.526774704161753,80.86289411051558
322.8010625590354,4.610322015002758,14.526779580297733,80.86289840469951
322.87712395343675,4.610312849122258,14.526784454015813,80.86290269686192
322.9531804690471,4.610303687648286,14.526789325334672,80.86290698701704
323.029232108825,4.610294530548414,14.52679419427275,80.86291127517885
323.10527887571163,4.610285377790743,14.52679906084819,80.86291556136106
323.1813207726294,4.610276229344005,14.526803925078708,80.86291984557728
323.2573578024843,4.610267085177194,14.526808786981984,80.86292412784081
323.33338996816445,4.610257945259975,14.526813646575231,80.86292840816479
323.4094172725413,4.610248809562421,14.526818503875466,80.86293268656212
323.4854397184696,4.6102396780550965,14.526823358899438,80.86293696304547
323.56145730878694,4.610230550709072,14.52682821166359,80.86294123762734
323.6374700463155,4.610221427495822,14.52683306218416,80.86294551032002
323.7134779338614,4.610212308387399,14.526837910477031,80.86294978113557
323.78948097421477,4.610203193356178,14.526842756557961,80.86295405008586
323.86547917015076,4.610194082375149,14.5268476004423,80.86295831718256
323.9414725244289,4.6101849754972575,14.526852442065577,80.86296258243718
324.0174610398308,4.610175872452447,14.52685728168453,80.86296684586303
324.09344471901073,4.610166773464129,14.526862119069001,80.86297110746688
324.16942356472384,4.610157678422279,14.526866954315956,80.86297536726177
324.2453975796713,4.6101485873020955,14.526871787439537,80.86297962525836
324.32136676654136,4.610139500079239,14.526876618453613,80.86298388146716
324.39733112800764,4.610130416730322,14.526881447371512,80.86298813589816
324.4732906667308,4.610121337232843,14.526886274206102,80.86299238856105
324.5492453853592,4.610112261563873,14.52689109897042,80.8629966394657
324.6251952865279,4.610103189700699,14.526895921677472,80.86300088862183
324.7011403728596,4.610094121621315,14.526900742339755,80.86300513603892
324.7770806469638,4.610085057303826,14.526905560969839,80.86300938172634
324.85301611143836,4.610075996726982,14.52691037757983,80.86301362569318
324.92894676886885,4.6100669398699,14.526915192181663,80.86301786794844
325.00487262182924,4.610057886712196,14.526920004786959,80.86302210850084
325.08079367288144,4.610048837233652,14.526924815407336,80.86302634735901
325.15670992457655,4.6100397914147635,14.5269296240539,80.86303058453133
325.232621379454,4.6100307492363015,14.52693443073766,80.86303482002603
325.308528040043,4.610021710679408,14.526939235469417,80.86303905385117
325.3844299088612,4.610012675725668,14.526944038259728,80.8630432860146
325.4603269884165,4.610003644357103,14.526948839118884,80.863047516524
325.5362192812065,4.60999461655618,14.526953638056897,80.86305174538693
325.6121067897182,4.609985592305596,14.526958435083731,80.86305597261068
325.68798951642935,4.6099765715885805,14.526963230208995,80.86306019820242
325.7638674638079,4.609967554388734,14.526968023442086,80.86306442216917
325.8397406343122,4.609958540690038,14.526972814792206,80.86306864451775
325.9156090303915,4.609949530476769,14.52697760426842,80.86307286525481
325.9914726544862,4.60994052373378,14.526982391879391,80.86307708438683
326.067331509028,4.6099315204462,14.526987177633677,80.86308130192012
326.1431855964398,4.609922520599485,14.526991961539663,80.86308551786085
326.219034919136,4.609913524179541,14.52699674360546,80.863089732215
326.2948794795235,4.609904531172689,14.527001523838928,80.86309394498838
326.37071928000046,4.60989554156545,14.527006302247885,80.86309815618667
326.44655432295764,4.6098865553449,14.527011078839758,80.86310236581534
326.52238461077826,4.609877572498414,14.527015853621842,80.86310657387973
326.5982101458382,4.6098685930137195,14.527020626601223,80.86311078038506
326.67403093050615,4.609859616878889,14.527025397784818,80.8631149853363
326.74984696714324,4.609850644082461,14.527030167179225,80.86311918873832
326.82565825810497,4.609841674613127,14.527034934791052,80.86312339059583
326.90146480573884,4.609832708460158,14.527039700626482,80.86312759091336
326.97726661238744,4.609823745613006,14.527044464691663,80.86313178969533
327.0544490804,4.609814554176974,14.52704935379216,80.86313609203086
327.1316265429453,4.609805368388539,14.52705423979176,80.8631403918197
327.20879900372853,4.60979618820651,14.527059122704728,80.86314468908876
327.2859664664302,4.609787013575293,14.527064002562817,80.86314898386189
327.3631289346993,4.6097778444420054,14.527068879396113,80.86315327616188
327.4402864121554,4.609768680752984,14.527073753235303,80.86315756601171
327.5174389023874,4.609759522455563,14.527078624110443,80.863161853434
327.5945864089553,4.609750369498024,14.527083492051037,80.86316613845094
327.67172893538975,4.609741221829464,14.527088357086171,80.86317042108436
327.7488664851923,4.609732079399956,14.527093219244358,80.86317470135569
327.8259990618371,4.609722942160433,14.527098078553644,80.86317897928592
327.90312666877077,4.609713810062753,14.527102935041537,80.86318325489572
327.9802493094119,4.60970468315577,14.52710778866668,80.86318752817755
328.0573669872032,4.609695561296637,14.527112639523473,80.86319179917989
328.13447970551096,4.609686444417848,14.527117487653685,80.86319606792847
328.21158746766423,4.609677332478277,14.527122333080666,80.86320033444106
328.28869027696913,4.609668225437516,14.527127175827289,80.8632045987352
328.3657881367089,4.609659123255671,14.527132015916159,80.86320886082817
328.4428810501444,4.609650025893266,14.527136853369688,80.86321312073706
328.51996902051314,4.609640933311397,14.527141688209952,80.86321737847865
328.597052051032,4.609631845471877,14.527146520458556,80.86322163406957
328.6741301448955,4.609622762336872,14.527151350136963,80.86322588752617
328.75120330527636,4.609613683869063,14.52715617726637,80.86323013886457
328.82827153532696,4.609604610031614,14.527161001867706,80.86323438810068
328.9053348381788,4.609595540788449,14.527165823961374,80.86323863525018
328.9823932169416,4.609586476103803,14.527170643567691,80.86324288032851
329.05944667470624,4.609577415942446,14.52717546070666,80.86324712335089
329.13649521454334,4.609568360269741,14.527180275397914,80.86325136433234
329.21353883950326,4.609559309051396,14.527185087660996,80.86325560328761
329.2905775526176,4.609550262253861,14.527189897514855,80.86325984023128
329.3676113568986,4.609541219843863,14.527194704978422,80.86326407517772
329.4446402553393,4.60953218178871,14.52719951007026,80.86326830814103
329.5216642509152,4.60952314805621,14.527204312808648,80.86327253913514
329.5986833465823,4.609514118614631,14.52720911321162,80.86327676817375
329.6756975452795,4.609505093432701,14.527213911296954,80.86328099527034
329.7527068499271,4.609496072479697,14.5272187070821,80.8632852204382
329.8297112634285,4.609487055725395,14.527223500584213,80.86328944369039
329.90671078867007,4.60947804313991,14.527228291820318,80.86329366503978
329.9837054285205,4.609469034693949,14.52723308080705,80.86329788449899
330.0606951858325,4.609460030358678,14.527237867560796,80.86330210208052
330.13768006344213,4.60945103010573,14.527242652097684,80.86330631779659
330.214660064169,4.609442033907091,14.527247434433669,80.86331053165924
330.2916351908172,4.609433041736684,14.527252214583589,80.86331474367972
330.3686054461752,4.609424053567666,14.527256992562695,80.86331895386965
330.4455708330174,4.6094150693734095,14.527261768386172,80.86332316224042
330.5225313541017,4.609406089127802,14.527266542068876,80.86332736880333
330.59948701217183,4.609397112805216,14.52727131362538,80.8633315735694
330.6764378099568,4.609388140380468,14.527276083070017,80.86333577654952
330.75338375017094,4.609379171828625,14.527280850417041,80.86333997775434
330.83032483551455,4.60937020712535,14.527285615680311,80.86334417719434
330.90726106867396,4.60936124624685,14.527290378873339,80.8633483748798
330.98419245232196,4.609352289169574,14.52729514000958,80.86335257082085
331.06111898911746,4.609343335870474,14.527299899102166,80.86335676502736
331.1380406817071,4.609334386326845,14.52730465616409,80.86336095750907
331.2149575327234,4.609325440516709,14.527309411207781,80.8633651482755
331.2918695447868,4.609316498417951,14.527314164246006,80.86336933733604
331.36877672050497,4.609307560009461,14.527318915290707,80.86337352469984
331.445679062474,4.609298625270197,14.527323664353933,80.86337771037587
331.52257657327635,4.609289694179606,14.52732841144743,80.86338189437296
331.5994692554844,4.609280766717619,14.527333156582637,80.86338607669974
331.67635711165786,4.609271842864417,14.52733789977092,80.86339025736467
331.753240144345,4.609262922600718,14.527342641023285,80.863394436376
331.8301183560835,4.60925400590762,14.527347380350545,80.86339861374184
331.90699174940016,4.6092450927665976,14.527352117763293,80.8634027894701
331.9838603268107,4.609236183159458,14.527356853271966,80.86340696356858
332.06072409082014,4.609227277068598,14.527361586886597,80.8634111360448
332.13758304392354,4.609218374476565,14.527366318617227,80.8634153069062
332.2144371886059,4.609209475366439,14.527371048473537,80.86341947616003
332.29128652734244,4.609200579721642,14.527375776465032,80.86342364381332
332.36813106259837,4.609191687525987,14.527380502600995,80.86342780987302
332.44497079682947,4.609182798763673,14.527385226890502,80.86343197434583
332.52180573248285,4.609173913419204,14.527389949342462,80.86343613723834
332.59863587199595,4.609165031477652,14.527394669965412,80.86344029855694
332.6754612177978,4.6091561529242275,14.527399388767885,80.86344445830788
332.75228177230883,4.6091472777446345,14.527404105758098,80.86344861649727
332.82909753794075,4.609138405924906,14.527408820944101,80.863452773131
332.9059085170974,4.6091295374515315,14.527413534333638,80.86345692821483
332.9827147121743,4.609120672311239,14.527418245934385,80.86346108175437
333.0595161255591,4.60911181049111,14.527422955753808,80.86346523375508
333.1363127596326,4.609102951978757,14.527427663799006,80.86346938422224
333.21310461676677,4.609094096762592,14.527432370076726,80.86347353316069
333.28989169932794,4.609085244831646,14.527437074593303,80.86347768057504
333.36667400967536,4.609076396174477,14.527441777355342,80.86348182647018
333.4434515501613,4.609067550779952,14.527446478369308,80.86348597085073
333.5202243231318,4.6090587086373125,14.527451177641431,80.86349011372126
333.59838643222616,4.6090496419180225,14.527455999754944,80.86349435832703
333.6765435093079,4.609040580754774,14.527460818816634,80.86349860042858
333.7546955580888,4.6090315251042995,14.527465634844077,80.86350284005162
333.8328425822542,4.6090224749143305,14.527470447865278,80.86350707722039
333.9109845854596,4.609013430129861,14.52747525791223,80.86351131195791
333.9891215713288,4.609004390697943,14.5274800650151,80.86351554428695
334.0672535434558,4.608995356566858,14.527484869202874,80.86351977423027
334.1453805054044,4.608986327683411,14.52748967050762,80.86352400180897
334.2235024607082,4.608977303999713,14.527494468954949,80.86352822704535
334.3016194128734,4.608968285465327,14.527499264574233,80.86353244996045
334.3797313653772,4.608959272031686,14.527504057393232,80.86353667057509
334.45783832166927,4.60895026365115,14.527508847439124,80.86354088890972
334.53594028517205,4.608941260276781,14.527513634738787,80.86354510498444
334.61403725928045,4.608932261862638,14.527518419318469,80.8635493188189
334.69212924736365,4.6089232684767305,14.527523201123497,80.86355353039978
334.7702162528244,4.608914279936967,14.527527980276341,80.86355773978669
334.84829827896715,4.608905296203632,14.527532756799541,80.86356194699682
334.92637532907327,4.608896317237603,14.527537530715264,80.86356615204713
335.00444740640233,4.6088873430002995,14.527542302045376,80.86357035495433
335.08251451419136,4.608878373453643,14.527547070811462,80.8635745557349
335.1605766556552,4.608869408559965,14.527551837034922,80.86357875440511
335.2386338339871,4.608860448282375,14.527556600736613,80.86358295098101
335.3166860523588,4.608851492584167,14.527561361937428,80.8635871454784
335.3947333139212,4.608842541430018,14.52756612065675,80.86359133791323
335.4727756218045,4.608833594782209,14.527570876917792,80.86359552830001
335.55081297911744,4.608824652608301,14.52757563073716,80.86359971665453
335.62884538894957,4.608815714872736,14.527580382135652,80.86360390299161
335.70687285437026,4.608806781541564,14.52758513113251,80.86360808732593
335.7848953784296,4.608797852581163,14.527589877746868,80.86361226967198
335.8629129641571,4.6087889279586065,14.527594621997356,80.86361645004403
335.9409256145642,4.60878000764126,14.527599363902526,80.86362062845622
336.0189333326432,4.608771091597096,14.527604103480558,80.86362480492235
336.0969361213682,4.608762179794471,14.527608840749426,80.86362897945611
336.17493398369425,4.608753272202876,14.527613575726486,80.86363315207063
336.2529269225594,4.608744368792543,14.527618308428632,80.86363732277883
336.33091494088404,4.608735469533331,14.527623038872973,80.8636414915937
336.4088980415713,4.608726574395472,14.527627767076446,80.86364565852809
336.4868762275071,4.608717683349731,14.52763249305566,80.86364982359461
336.5648495015601,4.60870879636734,14.52763721682697,80.8636539868057
336.64281786658256,4.608699913419884,14.527641938406546,80.86365814817357
336.7207813254104,4.608691034479589,14.527646657810154,80.86366230771026
336.79873988086285,4.6086821595189615,14.527651375053452,80.86366646542758
336.8766935357439,4.608673288511036,14.527656090151774,80.86367062133719
336.95464229284147,4.608664421429262,14.527660803120238,80.8636747754505
337.0325861549281,4.608655558247591,14.527665513973636,80.86367892777876
337.11052512476124,4.608646698940401,14.527670222726549,80.86368307833305
337.18845920508346,4.608637843482315,14.527674929393495,80.86368722712419
337.26638839862255,4.608628991848705,14.527679633988422,80.86369137416287
337.34431270809165,4.6086201440151475,14.527684336525274,80.86369551945958
337.42223213619025,4.608611299957675,14.527689037017725,80.8636996630246
337.50014668560374,4.608602459652937,14.527693735479014,80.86370380486805
337.5780563590034,4.60859362307771,14.527698431922436,80.86370794499985
337.65596115904737,4.608584790209377,14.52770312636087,80.86371208342975
337.73386108838065,4.608575961025669,14.527707818807018,80.86371622016732
337.81175614963473,4.608567135504789,14.527712509273305,80.86372035522191
337.88964634542907,4.608558313625374,14.527717197771889,80.86372448860274
337.9675316783704,4.6085494953661845,14.527721884314987,80.86372862031882
338.0454121510527,4.608540680706806,14.527726568914174,80.86373275037901
338.123287766058,4.608531869626978,14.527731251581038,80.86373687879198
338.2011585259568,4.608523062106919,14.527735932326877,80.8637410055662
338.27902443330765,4.608514258127204,14.527740611162782,80.86374513071002
338.3568854906579,4.608505457668785,14.527745288099661,80.86374925423155
338.43474170054367,4.608496660713036,14.527749963148159,80.8637533761388
338.5125930654903,4.60848786724175,14.527754636318685,80.86375749643958
338.5904395880118,4.608479077236993,14.527759307621531,80.86376161514147
338.66828127061245,4.60847029068142,14.527763977066577,80.863765732252
338.74611811578535,4.608461507557813,14.52776864466373,80.86376984777846
338.8239501260139,4.608452727849543,14.527773310422493,80.86377396172797
338.901777303772,4.608443951540309,14.52777797435219,80.8637780741075
338.9795996515233,4.608435178614047,14.527782636462078,80.86378218492388
339.0574171717222,4.608426409055222,14.527787296761044,80.86378629418374
339.1352298668136,4.608417642848646,14.527791955257813,80.86379040189354
339.2130377392336,4.608408879980807,14.527796611960175,80.86379450805902
339.29084079141063,4.608400120437279,14.527801266876386,80.86379861268634
339.36863902576357,4.608391364203901,14.527805920014597,80.8638027157815
339.44643244470313,4.608382611266892,14.527810571382735,80.86380681735037
339.52422105063215,4.608373861612765,14.527815220988582,80.86381091739865
339.60200484594486,4.608365115228503,14.52781986883962,80.86381501593188
339.6797838330281,4.6083563721013725,14.527824514943195,80.86381911295544
339.75755801426084,4.60834763221896,14.527829159306476,80.86382320847456
339.83532739201445,4.6083388955692755,14.527833801936376,80.86382730249436
339.9130919686535,4.608330162140696,14.527838442839581,80.86383139501973
339.99085174653476,4.608321431921771,14.527843082022754,80.86383548605546
340.06860672800843,4.60831270490155,14.527847719492213,80.86383957560624
340.14635691541804,4.608303981069333,14.527852355254165,80.8638436636765
340.2255051217583,4.608295036640887,14.52785711167899,80.86384785168012
340.3046482695487,4.608286097662787,14.527861865110726,80.8638520372265
340.38378636249814,4.608277164094684,14.52786661556367,80.86385622034165
340.462919404291,4.608268235882757,14.527871363068515,80.86386040104873
340.54204739857994,4.608259312973942,14.527876107655576,80.86386457937049
340.62117034898665,4.608250395316341,14.52788084935441,80.86386875532925
340.7002882591029,4.60824148285881,14.527885588194192,80.863872928947
340.7794011324903,4.608232575551038,14.527890324203646,80.86387710024532
340.8585089726813,4.608223673343633,14.527895057410964,80.8638812692454
340.9376117831796,4.608214776188075,14.527899787843845,80.86388543596807
341.01670956746045,4.608205884037201,14.527904515528652,80.86388960043415
341.09580232897173,4.608196996842092,14.52790924049509,80.86389376266283
341.1748900711325,4.608188114559297,14.527913962766222,80.86389792267448
341.25397279733676,4.6081792371427035,14.527918682368995,80.8639020804883
341.33305051095135,4.608170364582957,14.527923399303894,80.86390623611315
341.41212321533646,4.608161496868882,14.527928113572502,80.86391038955861
341.49119091384324,4.608152633867607,14.527932825262951,80.86391454086944
341.5702536097505,4.6081437755410075,14.52793753439678,80.8639186900622
341.64931130631413,4.6081349218511765,14.527942240995543,80.86392283715328
341.72836400676744,4.608126072760926,14.527946945080291,80.86392698215879
341.80741171432254,4.608117228233458,14.52795164667191,80.86393112509464
341.88645443216984,4.608108388232552,14.52795634579092,80.86393526597652
341.9654921634782,4.608099552722392,14.52796104245768,80.86393940481993
342.04452491139506,4.608090721667839,14.527965736692055,80.86394354164011
342.1235526790479,4.608081895034086,14.52797042851382,80.8639476764521
342.2025754695434,4.608073072788012,14.52797511794182,80.86395180927018
342.2815932859686,4.608064254896114,14.52797980499501,80.86395594010888
342.3606061313911,4.608055441325116,14.527984489692273,80.8639600689826
342.4396140088587,4.608046632042202,14.527989172052248,80.86396419590555
342.51861692139977,4.608037827014889,14.527993852093413,80.8639683208917
342.5976148720238,4.608029026211493,14.52799852983366,80.86397244395485
342.67660786372176,4.608020229600429,14.528003205291004,80.86397656510856
342.75559589946556,4.608011437150812,14.528007878482963,80.86398068436623
342.83457898220917,4.608002648832164,14.528012549426847,80.863984801741
342.91355711488853,4.60799386461448,14.528017218139693,80.86398891724582
342.9925303004215,4.607985084468164,14.528021884638337,80.8639930308935
343.07149854170956,4.607976308364107,14.528026548939321,80.86399714269656
343.15046184163566,4.607967536273729,14.528031211058856,80.86400125266742
343.229420203067,4.607958768168845,14.528035871012957,80.8640053608182
343.3083736288533,4.607950004021596,14.528040528817504,80.8640094671609
343.38732212182856,4.607941243804699,14.528045184487997,80.8640135717073
343.46626568480997,4.6079324874913095,14.528049838039689,80.864017674469
343.5452043205991,4.607923735054939,14.52805448948767,80.86402177545739
343.6241380319824,4.607914986469671,14.528059138846643,80.86402587468369
343.7030668217299,4.6079062417098955,14.528063786131204,80.8640299721589
343.78199069259733,4.607897500750386,14.52806843135574,80.86403406789387
343.8609096473251,4.6078887635664945,14.528073074534243,80.86403816189926
343.9398236886392,4.607880030133919,14.528077715680565,80.8640422541855
344.01873281925106,4.607871300428823,14.52808235480825,80.86404634476293
344.0976370418582,4.607862574427697,14.528086991930719,80.86405043364158
344.1765363591437,4.607853852107325,14.528091627061265,80.8640545208314
344.2554307737775,4.607845133445405,14.528096260212454,80.86405860634214
344.33432028841577,4.607836418419445,14.52810089139722,80.86406269018333
344.4132049057014,4.60782770700769,14.528105520627932,80.86406677236437
344.49208462826437,4.607818999188785,14.52811014791675,80.86407085289447
344.5709594587223,4.607810294941677,14.528114773275686,80.86407493178264
344.6498293996798,4.607801594245601,14.528119396716649,80.86407900903775
344.72869445372913,4.607792897080466,14.52812401825106,80.86408308466848
344.80755462345087,4.607784203426431,14.52812863789023,80.86408715868333
344.88640991141324,4.607775513264072,14.528133255645253,80.86409123109067
344.9652603201735,4.607766826574172,14.52813787152717,80.86409530189866
345.0441058522768,4.607758143338132,14.528142485546569,80.86409937111529
345.12294651025775,4.607749463537725,14.52814709771385,80.86410343874843
345.2017822966394,4.607740787155692,14.52815170803893,80.86410750480538
345.2806132139348,4.607732114175201,14.52815631653141,80.86411156929339
345.35943926464665,4.607723444579056,14.528160923201142,80.86411563221981
345.4382604512677,4.607714778350348,14.52816552805784,80.86411969359182
345.5170767762797,4.607706115472825,14.528170131110747,80.86412375341642
345.59588824215547,4.607697455930259,14.528174732369212,80.86412781170053
345.6746948513577,4.607688799707009,14.528179331842187,80.86413186845081
345.7534966063398,4.607680146787663,14.528183929538532,80.86413592367381
345.8322935095459,4.607671497157331,14.528188525466748,80.86413997737591
345.91108556341015,4.607662850801284,14.528193119635342,80.86414402956338
345.9898727703587,4.607654207705336,14.528197712052412,80.86414808024224
346.0686551328089,4.6076455678554415,14.528202302726086,80.86415212941847
346.1474326531697,4.6076369312381615,14.52820689166403,80.86415617709781
346.22620533384145,4.607628297840058,14.52821147887407,80.86416022328588
346.30497317721654,4.607619667648493,14.528216064363367,80.86416426798814
346.3837361856795,4.607611040650784,14.528220648139293,80.86416831120992
346.4624943616075,4.607602416834628,14.528225230208983,80.86417235295639
346.5412477073696,4.607593796188405,14.52822981057903,80.86417639323257
346.61999622532767,4.607585178700393,14.528234389256289,80.86418043204333
346.69873991783675,4.607576564359425,14.528238966247192,80.86418446939338
346.7774787872449,4.60756795315464,14.528243541558025,80.86418850528733
346.856212835893,4.607559345075538,14.528248115194838,80.86419253972963
346.9349420661157,4.607550740111838,14.528252687163622,80.86419657272455
347.0150778650862,4.60754191843264,14.528257377673508,80.86420070389386
347.09520858123125,4.607533102089159,14.528262065254067,80.86420483265677
347.1753342182507,4.607524291122539,14.528266749838606,80.86420895903885
347.25545477985906,4.6075154852356475,14.52827143169971,80.86421308306464
347.3355702696178,4.607506684626983,14.528276110621052,80.86421720475197
347.41568069118256,4.6074978891608245,14.52828078671441,80.86422132412477
347.49578604813627,4.607489098787309,14.528285460008238,80.86422544120445
347.5758863440322,4.607480313457538,14.528290130530442,80.86422955601202
347.65598158239493,4.607471533123468,14.528294798308414,80.86423366856812
347.73607176672016,4.607462757737677,14.528299463369299,80.86423777889303
347.8161569004756,4.607453987253953,14.5283041257394,80.86424188700664
347.8962369871018,4.6074452216265565,14.528308785444914,80.86424599292853
347.97631203001106,4.607436460810717,14.528313442511406,80.86425009667788
348.0563820325905,4.607427704762494,14.528318096963993,80.86425419827351
348.1364469981997,4.60741895351168,14.528322748775446,80.86425829771288
348.21650693021326,4.607410206961087,14.528327398008509,80.86426239503041
348.29656183195016,4.607401465031615,14.528332044713729,80.86426649025465
348.37661170668446,4.607392727685851,14.528336688912319,80.86427058340183
348.4566565576679,4.607383994886859,14.528341330625217,80.86427467448793
348.5366963881298,4.607375266598213,14.528345969873083,80.8642787635287
348.6167312012783,4.607366542783957,14.528350606676307,80.86428285053974
348.6967610002991,4.607357823408716,14.52835524105494,80.86428693553634
348.77678578835724,4.60734910843744,14.52835987302889,80.86429101853368
348.85680556859666,4.60734039783576,14.528364502617613,80.86429509954662
348.9368203441407,4.607331691569611,14.528369129840469,80.86429917858993
349.0168301180922,4.607322989605592,14.52837375471635,80.86430325567807
349.09683489353415,4.607314291910508,14.528378377264167,80.86430733082533
349.17683467352987,4.60730559845196,14.528382997502224,80.86431140404582
349.2568294611229,4.607296909197711,14.528387615448924,80.86431547535337
349.33681925933723,4.607288224116194,14.528392231122101,80.86431954476171
349.4168040711784,4.607279543176252,14.528396844539436,80.86432361228431
349.496783899633,4.607270866347054,14.528401455718498,80.86432767793444
349.57675874766886,4.607262193598456,14.528406064676341,80.86433174172521
349.6567286182366,4.607253524900581,14.528410671429967,80.86433580366945
349.7366935142679,4.607244860224044,14.528415275996073,80.86433986377988
349.8166534386775,4.607236199539974,14.528419878391038,80.86434392206898
349.8966083943619,4.607227542819843,14.528424478631097,80.86434797854906
349.97655838420155,4.6072188900357025,14.528429076732088,80.86435203323221
350.0565034110595,4.607210241159809,14.528433672709848,80.86435608613034
350.1364434777821,4.607201596165157,14.528438266579661,80.86436013725518
350.21637858719987,4.607192955024915,14.52844285835681,80.86436418661827
350.29630874212677,4.6071843177127905,14.528447448056248,80.86436823423097
350.376233945361,4.607175684202875,14.528452035692721,80.8643722801044
350.4561541996847,4.607167054469759,14.528456621280652,80.86437632424959
350.5360695078655,4.607158428488369,14.528461204834327,80.8643803666773
350.6159798726554,4.60714980623403,14.528465786367809,80.86438440739816
350.69588529679197,4.607141187682632,14.528470365894774,80.8643884464226
350.7757857829977,4.6071325728102845,14.528474943428863,80.86439248376085
350.85568133398084,4.60712396159361,14.528479518983369,80.86439651942302
350.9355719524361,4.607115354009683,14.528484092571334,80.86440055341897
351.01545764104327,4.607106750035872,14.52848866420566,80.86440458575846
351.09533840246905,4.607098149649857,14.528493233899129,80.86440861645102
351.17521423936677,4.6070895528300415,14.528497801663962,80.86441264550601
351.25508515437633,4.607080959554944,14.528502367512441,80.86441667293262
351.33495115012465,4.607072369804958,14.528506931455748,80.8644206987393
351.4148122292271,4.607063783559422,14.528511493505677,80.8644247229349
351.49466839428584,4.607055200798201,14.528516053673679,80.86442874552812
351.57451964789146,4.607046621501263,14.528520611971253,80.86443276652749
351.65436599262216,4.607038045649341,14.528525168409317,80.86443678594134
351.7342074310442,4.607029473223183,14.528529722998934,80.86444080377788
351.814043965712,4.607020904204118,14.528534275750744,80.86444482004514
351.8938755991693,4.607012338573859,14.528538826675172,80.86444883475097
351.9737023339479,4.607003776314265,14.528543375782657,80.86445284790308
352.05352417256944,4.606995217407979,14.528547923083027,80.86445685950899
352.1333411175437,4.606986661837522,14.528552468586367,80.8644608695761
352.21315317137095,4.606978109586234,14.528557012302127,80.86446487811165
352.2929603365409,4.606969560637375,14.52856155423998,80.86446888512265
352.3727626155321,4.606961014974962,14.528566094409012,80.86447289061603
352.45256001081475,4.60695247258311,14.528570632818353,80.86447689459854
352.5323525248483,4.606943933446444,14.528575169476781,80.86448089707677
352.61214016008324,4.606935397549797,14.528579704393035,80.86448489805717
352.6919229189604,4.606926864878445,14.528584237575537,80.86448889754601
352.77170080391153,4.606918335418015,14.528588769032535,80.86449289554945
352.8514738173596,4.606909809154325,14.528593298772222,80.86449689207346
352.93124196171897,4.60690128607387,14.528597826802269,80.86450088712385
353.0110052393955,4.606892766163154,14.528602353130488,80.86450488070636
353.0907636527865,4.606884249409085,14.528606877764428,80.86450887282649
353.1705172042812,4.606875735799056,14.528611400711307,80.86451286348964
353.25026589626106,4.606867225320672,14.528615921978275,80.86451685270106
353.3300097310997,4.606858717961889,14.528620441572276,80.86452084046584
353.4097487111636,4.606850213710987,14.52862495950007,80.86452482678894
353.4894828388112,4.606841712556608,14.528629475768199,80.8645288116752
353.56921211639434,4.606833214487679,14.528633990383067,80.86453279512925
353.6489365462575,4.606824719493404,14.528638503350939,80.86453677715566
353.72865613073884,4.60681622756346,14.528643014677739,80.86454075775879
353.8097909842394,4.606807522392497,14.528647642653,80.8645448349545
353.89092072777277,4.606798822476491,14.528652267742634,80.86454890978088
353.97204536504694,4.606790127776665,14.528656889960295,80.86455298226304
354.05316489974535,4.606781438241368,14.528661509335357,80.86455705242328
354.1342793355204,4.606772753819443,14.528666125897052,80.86456112028351
354.2153886759933,4.606764074460765,14.52867073967396,80.86456518586527
354.29649292475466,4.60675540011609,14.528675350694142,80.86456924918977
354.3775920853662,4.606746730737683,14.52867995898485,80.86457331027746
354.4586861613597,4.606738066278459,14.528684564572982,80.86457736914856
354.5397751562392,4.606729406691707,14.52868916748516,80.86458142582313
354.6208590734801,4.606720751931306,14.52869376774775,80.86458548032094
354.70193791653026,4.606712101952169,14.528698365386457,80.86458953266138
354.7830116888095,4.606703456709805,14.528702960426736,80.86459358286346
354.8640803937112,4.606694816160608,14.528707552893499,80.8645976309459
354.94514403460295,4.606686180261817,14.52871214281117,80.86460167692702
355.0262026148255,4.606677548971374,14.528716730203811,80.86460572082481
355.10725613769426,4.606668922351325,14.528721315021533,80.86460976262714
355.1883046065576,4.606660300235407,14.528725897376146,80.86461380238845
355.26934802466855,4.606651682587276,14.528730477288288,80.86461784012444
355.35038639525874,4.606643069371076,14.528735054778313,80.86462187585062
355.43141972153745,4.606634460551657,14.528739629866095,80.86462590958226
355.51244800669275,4.606625856094147,14.528744202571433,80.86462994133441
355.5934712538912,4.606617255964161,14.528748772913842,80.864633971122
355.6744894662787,4.606608660127952,14.528753340912406,80.86463799895964
355.75550264698035,4.606600068551923,14.528757906586275,80.8646420248618
355.8365107991007,4.606591481203334,14.528762469953934,80.86464604884273
355.91751392572496,4.606582898049593,14.52876703103393,80.86465007091648
355.9985120299174,4.606574319058749,14.52877158984436,80.8646540910969
356.0795051147232,4.606565744199163,14.528776146403224,80.86465810939761
356.16049318316857,4.60655717343985,14.528780700728092,80.86466212583206
356.2414762382605,4.606548606750115,14.528785252836347,80.86466614041355
356.322454282987,4.606540044099758,14.528789802745159,80.86467015315509
356.4034273203181,4.60653148545897,14.528794350471463,80.86467416406957
356.48439535320534,4.606522930798477,14.528798896031878,80.86467817316965
356.56535838458234,4.606514380089328,14.52880343944286,80.86468218046781
356.64631641736486,4.6065058333031494,14.528807980720506,80.86468618597634
356.72726945445174,4.606497290411933,14.528812519880722,80.86469018970735
356.8082174987245,4.606488751388067,14.528817056939214,80.86469419167273
356.8891605530475,4.60648021620436,14.528821591911445,80.8646981918842
356.9700986202685,4.6064716848340765,14.528826124812614,80.86470219035331
357.0510317032192,4.606463157250982,14.528830655657602,80.86470618709141
357.13195980471494,4.606454633429116,14.528835184461194,80.86471018210969
357.21288292755526,4.606446113343046,14.528839711237836,80.86471417541912
357.29380107452414,4.606437596967637,14.528844236001856,80.86471816703052
357.3747142483898,4.606429084278365,14.528848758767147,80.86472215695449
357.455622451906,4.606420575251327,14.528853279547379,80.86472614520129
357.53652568781087,4.606412069863608,14.528857798355563,80.86473013178083
357.61742395882976,4.606403568091695,14.528862315205101,80.8647341167032
357.69831726767205,4.606395069912618,14.528866830109038,80.86473809997834
357.77920561703434,4.606386575303706,14.528871343080297,80.864742081616
357.8600890095983,4.606378084242626,14.528875854131615,80.86474606162575
357.94096744803267,4.606369596707591,14.528880363275377,80.86475004001703
358.0218409349917,4.6063611126770345,14.528884870523907,80.86475401679905
358.10270947311733,4.606352632129891,14.528889375889184,80.86475799198092
358.1835730650378,4.606344155045408,14.528893879383064,80.86476196557153
358.2644317133691,4.606335681403305,14.528898381017097,80.86476593757959
358.34528542071445,4.606327211183634,14.528902880802638,80.86476990801373
358.42613418966494,4.606318744366701,14.528907378750983,80.86477387688231
358.50697802279893,4.606310280933393,14.528911874872993,80.86477784419361
358.5878169226834,4.606301820864854,14.528916369179443,80.86478180995572
358.66865089187365,4.606293364142613,14.528920861680868,80.86478577417651
358.7494799329134,4.6062849107484825,14.528925352387704,80.86478973686381
358.83030404833494,4.606276460664798,14.528929841310001,80.8647936980252
358.91112324065983,4.606268013874138,14.528934328457735,80.86479765766813
358.9919375123985,4.6062595703594695,14.528938813840647,80.86480161579989
359.072746866051,4.606251130104094,14.528943297468297,80.86480557242761
359.15355130410705,4.606242693091753,14.528947779349968,80.86480952755828
359.2343508290459,4.606234259306442,14.528952259494831,80.86481348119872
359.3151454433373,4.606225828812565,14.528956737831763,80.86481743335567
359.39593514948115,4.6062174013495545,14.528961214612703,80.86482138403774
359.47671994984364,4.606208977153046,14.52896568959999,80.86482533324697
359.55749984690954,4.606200556123043,14.528970162885194,80.86482928099177
359.6382748431097,4.606192138245392,14.528974634476391,80.86483322727823
359.7190449408671,4.606183723506194,14.528979104381554,80.86483717211226
359.79981014259556,4.606175311891801,14.528983572608546,80.86484111549966
359.88057045070036,4.606166903388966,14.52898803916497,80.86484505744606
359.96132586757847,4.606158497984855,14.528992504058175,80.86484899795697
360.0420763956185,4.606150095666763,14.528996967295512,80.86485293703772
360.12282203720133,4.606141696422479,14.529001428883989,80.86485687469353
360.20356279469985,4.606133300240063,14.529005888830474,80.86486081092946
360.2842986704793,4.606124907107781,14.52901034714178,80.86486474575044
360.3650296668978,4.606116517014496,14.529014803824255,80.86486867916125
360.44575578630594,4.606108129949041,14.529019258884418,80.86487261116653
360.5264770310473,4.606099745900917,14.529023712328264,80.86487654177081
360.6071934034587,4.6060913648605855,14.52902816416142,80.864880470978
360.6893337523337,4.606082774266789,14.52903273062485,80.86488449510836
360.771468964273,4.606074188833433,14.529037294254632,80.86488851691193
360.8535990429854,4.60606560852256,14.529041855064042,80.86489253641341
360.93572399215384,4.606057033283285,14.529046413082073,80.86489655363465
361.0178438154309,4.606048463065469,14.529050968337323,80.8649005685972
361.0999585164375,4.606039897819883,14.529055520857852,80.86490458132226
361.1820680987646,4.60603133749807,14.52906007067131,80.86490859183061
361.2641725659731,4.6060227820524275,14.529064617804838,80.86491260014273
361.3462719215951,4.606014231436059,14.529069162285225,80.86491660627871
361.4283661691329,4.606005685603084,14.529073704138598,80.86492061025832
361.5104553120617,4.605997144508166,14.529078243390881,80.86492461210095
361.59253935382804,4.605988608106933,14.529082780067393,80.86492861182568
361.6746182978508,4.605980076355682,14.529087314193115,80.8649326094512
361.7566921475227,4.605971549212147,14.52909184579158,80.86493660499627
361.8387609062098,4.6059630266321125,14.529096374889845,80.86494059847804
361.92082457725115,4.6059545085767395,14.529100901508352,80.86494458991491
362.0028831639621,4.605945995022548,14.529105425658583,80.86494857931888
362.08493666964245,4.605937485990176,14.529109947320173,80.86495256668965
362.16698509760096,4.605928981340776,14.529114466585849,80.86495655207338
362.24902845106664,4.60592048103926,14.52911898347554,80.8649605354852
362.3310667332462,4.605911985051113,14.52912349800879,80.86496451694009
362.41309994732467,4.605903493342247,14.529128010204936,80.86496849645282
362.49512809646666,4.605895005879026,14.529132520083063,80.86497247403791
362.57715118381475,4.6058865226283245,14.529137027661939,80.86497644970973
362.6591692124924,4.6058780435574205,14.529141532960141,80.86498042348244
362.74118218560193,4.6058695686340725,14.529146035995943,80.86498439536999
362.82319010622535,4.605861097826494,14.52915053678739,80.86498836538611
362.90519297742554,4.605852631103331,14.529155035352264,80.86499233354441
362.9871908022455,4.605844168513721,14.529159531628027,80.86499629985825
363.06918358374986,4.605835709781838,14.529164025875255,80.86500026434291
363.1511713248587,4.6058272551284185,14.52916851786455,80.86500422700703
363.233154028602,4.6058188044383455,14.529173007696034,80.86500818786561
363.3151316979479,4.605810357682565,14.529177495386165,80.86501214693126
363.3971043358458,4.605801914832367,14.52918198095124,80.8650161042164
363.4790719452277,4.605793475859488,14.529186464407296,80.86502005973321
363.5610345290077,4.605785040735953,14.52919094577027,80.86502401349378
363.6429920900822,4.605776609434407,14.529195425055669,80.86502796550992
363.72494463133137,4.605768181928726,14.529199902278345,80.86503191579293
363.8068921556179,4.605759758192681,14.529204377453201,80.86503586435411
363.88883466578943,4.605751338200044,14.529208850595168,80.86503981120478
363.9707721646762,4.605742921925146,14.529213321718773,80.86504375635609
364.05270465509267,4.605734509342406,14.529217790838638,80.86504769981894
364.13463213983755,4.6057261004269865,14.529222257968838,80.86505164160418
364.2165546216941,4.605717695154192,14.52922672312345,80.86505558172236
364.29847210342996,4.605709293500007,14.52923118631608,80.86505952018392
364.38038458779766,4.605700895440452,14.52923564756044,80.86506345699911
364.4622920775344,4.6056925009522915,14.52924010686969,80.86506739217802
364.5441945753637,4.605684110012428,14.529244564257018,80.86507132573055
364.6260920839945,4.605675722598268,14.529249019735277,80.86507525766645
364.70798460612065,4.605667338687654,14.529253473317056,80.86507918799529
364.7898721444234,4.605658958258571,14.529257925014956,80.86508311672647
364.87175470156893,4.605650581289711,14.529262374841068,80.86508704386922
364.95363228021085,4.6056422077600185,14.529266822807363,80.86509096943261
365.0355048829895,4.605633837648596,14.529271268925834,80.86509489342558
365.11737251253146,4.605625470935284,14.529275713207904,80.86509881585681
365.1992351714516,4.605617107600076,14.529280155664987,80.86510273673494
365.28109286235133,4.605608747623391,14.529284596308253,80.86510665606835
365.3629455878202,4.605600390985862,14.529289035148807,80.86511057386532
365.4447933504354,4.60559203766882,14.52929347219722,80.86511449013396
365.52663615276265,4.605583687653648,14.529297907464164,80.86511840488218
365.60847399735576,4.6055753409221865,14.529302340960005,80.86512231811781
365.6903068867565,4.605566997456699,14.529306772694861,80.86512622984844
365.77213482349634,4.605558657239702,14.52931120267873,80.86513014008156
365.8539578100955,4.605550320254175,14.529315630921316,80.8651340488245
365.9357758490625,4.605541986483237,14.529320057432326,80.86513795608442
366.01758894289645,4.605533655910634,14.529324482221002,80.86514186186837
366.09939709408525,4.60552532852023,14.529328905296612,80.86514576618316
366.18120030510704,4.605517004296347,14.529333326668109,80.86514966903555
366.2629985784294,4.605508683223629,14.529337746344293,80.86515357043208
366.344791916511,4.605500365287083,14.529342164333729,80.86515747037919
366.4265803217999,4.605492050471943,14.5293465806449,80.86516136888315
366.5083637967359,4.6054837387637955,14.529350995286103,80.8651652659501
366.590142343749,4.605475430148746,14.529355408265237,80.86516916158601
366.67191596526004,4.605467124613029,14.52935981959024,80.86517305579673
366.7536846636814,4.605458822143231,14.529364229268813,80.86517694858796
366.8354484414168,4.6054505227265565,14.529368637308304,80.86518083996515
366.917207300862,4.6054422263513075,14.529373043715458,80.86518472993323
366.9989612444041,4.605433933005064,14.529377448497408,80.86518861849753
367.08071027442315,4.605425642675745,14.5293818516611,80.86519250566315
367.1624543932914,4.605417355351627,14.529386253213255,80.86519639143512
367.2441936033731,4.605409071021082,14.529390653160634,80.86520027581828
367.32592790702546,4.6054007896730536,14.529395051509573,80.86520415881738
367.40765730659774,4.605392511296609,14.529399448266403,80.86520804043698
367.4893818044323,4.605384235881273,14.529403843437136,80.86521192068159
367.57110140286557,4.605375963416714,14.529408237027786,80.8652157995555
367.6528161042259,4.605367693893001,14.529412629044083,80.86521967706291
367.7359633562127,4.605359218493926,14.52941713367781,80.86522364782826
367.8191054466235,4.605350748149937,14.52942163553616,80.86522761631389
367.9022423791578,4.605342282824125,14.529426134631965,80.86523158254391
367.9853741574906,4.605333822466853,14.52943063099353,80.86523554653962
368.06850078526537,4.605325367029294,14.529435124648696,80.865239508322
368.1516222660951,4.605316916463506,14.529439615624767,80.86524346791172
368.2347386035631,4.605308470722188,14.529444103948755,80.86524742532906
368.31784980122256,4.605300029758947,14.529448589647112,80.86525138059393
368.40095586259747,4.605291593528727,14.52945307274495,80.86525533372632
368.48405679118457,4.605283161984552,14.529457553270845,80.86525928474461
368.5671525904501,4.605274735084856,14.529462031246766,80.86526323366839
368.65024326383434,4.605266312785316,14.52946650669861,80.86526718051607
368.7333288147501,4.605257895043398,14.529470979650672,80.86527112530592
368.8164092465834,4.605249481817318,14.529475450126808,80.86527506805588
368.89948456269354,4.605241073065959,14.529479918150553,80.86527900878349
368.98255476641464,4.605232668749102,14.529484383744858,80.86528294750603
369.0656198610556,4.6052242688802,14.529488846894631,80.86528688422516
369.1486798499306,4.605215873400339,14.529493307635969,80.8652908189637
369.2317347363176,4.605207482218876,14.529497766027855,80.86529475175327
369.3147845234409,4.605199095301648,14.529502222089624,80.86529868260872
369.39782921450245,4.605190712614764,14.529506675840523,80.86530261154472
369.4808688126833,4.605182334124951,14.529511127299378,80.86530653857567
369.5639033211436,4.6051739597991945,14.529515576484965,80.86531046371584
369.6469327430223,4.6051655896052015,14.529520023415529,80.86531438697926
369.729957081438,4.605157223510826,14.529524468109365,80.86531830837981
369.81297633948884,4.6051488614845315,14.529528910584347,80.86532222793113
369.89599052025335,4.605140503495299,14.529533350858035,80.86532614564666
369.97899962678963,4.6051321495122535,14.529537788948025,80.86533006153972
370.06200366213733,4.605123799506604,14.529542224870564,80.86533397562283
370.14500262931705,4.605115453448471,14.529546658642692,80.86533788790884
370.22799653133086,4.60510711130847,14.529551090281037,80.8653417984105
370.310985371162,4.605098773057641,14.529555519802049,80.8653457071403
370.3939691517748,4.60509043866747,14.529559947221893,80.86534961411064
370.47694787611687,4.605082108109702,14.529564372556663,80.86535351933364
370.5599215471167,4.605073781356676,14.529568795822051,80.86535742282128
370.6428901676859,4.605065458381151,14.529573217033494,80.86536132458535
370.7258537407182,4.605057139156131,14.529577636206382,80.86536522463749
370.80881226909077,4.605048823655246,14.529582053355641,80.86536912298912
370.8917657556637,4.605040511852342,14.529586468496165,80.86537301965149
370.97471420328066,4.605032203721704,14.529590881642584,80.86537691463572
371.0576576147692,4.605023899238169,14.529595292809155,80.86538080795268
371.14059599294035,4.605015598376774,14.529599702010106,80.86538469961312
371.2235293405895,4.605007301113035,14.529604109259362,80.86538858962761
371.3064576604962,4.604999007422935,14.529608514570533,80.86539247800653
371.38938095542557,4.604990717282724,14.529612917957163,80.86539636476012
371.4722992281266,4.604982430669051,14.529617319432544,80.86540024989841
371.555212481334,4.604974147559,14.529621719009715,80.86540413343128
371.63812071776766,4.604965867930043,14.529626116701477,80.86540801536847
371.72102394013314,4.6049575917600345,14.529630512520434,80.86541189571953
371.8039221511219,4.604949319027122,14.529634906479044,80.86541577449383
371.8868153534116,4.604941049709908,14.52963929858948,80.8654196517006
371.96970354966567,4.604932783787322,14.529643688863757,80.86542352734892
372.052586742535,4.604924521238689,14.529648077313654,80.86542740144765
372.13546493465657,4.604916262043682,14.529652463950748,80.86543127400557
372.21833812865447,4.604908006182403,14.529656848786365,80.86543514503123
372.30120632714045,4.60489975363525,14.529661231831678,80.86543901453307
372.3840695327129,4.604891504382827,14.529665613097823,80.86544288251936
372.46692774795855,4.60488325840658,14.529669992595245,80.86544674899818
372.54978097545217,4.60487501568768,14.52967437033481,80.8654506139775
372.6326292177557,4.604866776208132,14.529678746326727,80.86545447746514
372.7154724774203,4.60485853995004,14.52968312058123,80.86545833946873
372.7983107569853,4.604850306895908,14.529687493108328,80.86546219999576
372.8811440589794,4.604842077028667,14.529691863917742,80.86546605905359
372.9639723859192,4.604833850331483,14.529696233019113,80.8654699166494
373.046795740311,4.604825626787979,14.52970060042177,80.86547377279025
373.12961412465086,4.604817406381576,14.529704966135245,80.86547762748317
373.2124275414234,4.604809189094985,14.529709330169352,80.86548148073567
373.2952359931029,4.604800974910947,14.529713692534033,80.86548533255502
373.3780394821519,4.604792763814011,14.529718053238142,80.86548918294784
373.4608380110235,4.604784555790242,14.529722412289683,80.86549303192008
373.54363158216177,4.604776350825954,14.529726769696468,80.86549687947758
373.62642019800086,4.604768148907465,14.529731125466371,80.86550072562616
373.7092038609671,4.604759950101811,14.529735479526604,80.86550457037158
373.7919825735198,4.6047517541497385,14.52973983212869,80.86550841372157
373.8747563379806,4.604743561289457,14.52974418303327,80.86551225567727
373.95752515679453,4.604735371422929,14.529748532330785,80.86551609624628
374.0402890323533,4.604727184537788,14.529752880028335,80.86551993543387
374.1230479670414,4.604719000621774,14.529757226133022,80.8655237732452
374.2058019632338,4.604710819663169,14.529761570651553,80.86552760968529
374.2885510232988,4.6047026416504755,14.52976591359053,80.86553144475899
374.37129514959673,4.604694466572379,14.529770254956501,80.86553527847113
374.4540343444804,4.604686294417958,14.529774594755743,80.8655391108263
374.536768610296,4.604678125176568,14.529778932994397,80.86554294182903
374.6194979493819,4.604669958837816,14.52978326967847,80.86554677148372
374.7022223640699,4.604661795391712,14.529787604813704,80.86555059979459
374.78494185668495,4.604653634828408,14.52979193840582,80.86555442676577
374.8691024833424,4.604645271602839,14.529796382867477,80.86555834552969
374.95325792328737,4.604636913345356,14.529800824601564,80.86556226205307
375.0374081802212,4.604628560019738,14.529805263620647,80.86556617635962
375.121553257819,4.604620211577417,14.529809699952331,80.86557008847025
375.20569315972597,4.604611867970283,14.529814133624116,80.8655739984056
375.2898278895558,4.60460352915126,14.529818564662817,80.86557790618592
375.3739574508932,4.604595195073988,14.529822993094852,80.86558181183116
375.4580818472921,4.604586865692855,14.529827418946242,80.8655857153609
375.54220108227815,4.604578540963016,14.529831842242572,80.86558961679442
375.6263151593476,4.604570220840377,14.529836263009004,80.86559351615061
375.7104240819693,4.604561905281603,14.529840681270286,80.86559741344811
375.79452785358365,4.604553594244125,14.529845097050709,80.86560130870517
375.8786264776048,4.604545287686159,14.529849510374113,80.86560520193973
375.9627199574197,4.604536985566534,14.52985392126405,80.86560909316943
376.04680829638875,4.604528687844885,14.52985832974358,80.86561298241153
376.13089149784656,4.604520394481634,14.529862735835309,80.86561686968305
376.2149695651033,4.604512105437864,14.529867139561475,80.86562075500066
376.29904250144284,4.604503820761541,14.529871540882636,80.86562463835583
376.38311031017594,4.6044955403188546,14.529875939888113,80.86562851979303
376.4671729945332,4.604487264066592,14.52988033660388,80.86563239932954
376.551230557717,4.604478991971696,14.529884731048634,80.86563627697967
376.6352830029091,4.6044707240013825,14.529889123240991,80.86564015275762
376.7193303332698,4.6044624601234565,14.529893513199173,80.86564402667737
376.80337255193876,4.604454200306032,14.529897900941283,80.86564789875268
376.8874096620355,4.604445944517664,14.52990228648517,80.86565176899715
376.9714416666587,4.6044376927273865,14.5299066698484,80.86565563742421
377.0554685688871,4.604429444904731,14.529911051048222,80.86565950404704
377.13949037178025,4.60442120101953,14.529915430101775,80.8656633688787
377.2235070783778,4.6044129610420415,14.529919807025948,80.86566723193201
377.3075186917009,4.604404724943096,14.529924181837298,80.8656710932196
377.391525214751,4.6043964926938505,14.529928554552132,80.86567495275402
377.4755266505114,4.604388264265754,14.529932925186717,80.86567881054752
377.559523001947,4.604380039630792,14.529937293756943,80.86568266661227
377.64351427200444,4.604371818761397,14.529941660278444,80.86568652096015
377.72750046414774,4.604363601630275,14.529946024766724,80.865690373603
377.81148158021875,4.604355388210688,14.52995038723699,80.86569422455231
377.8954576236461,4.604347178476235,14.529954747704208,80.86569807381956
377.9794285973069,4.604338972400847,14.52995910618321,80.86570192141595
378.0633945040612,4.604330769958897,14.529963462688558,80.86570576735255
378.1473553467526,4.604322571125256,14.529967817234487,80.86570961164026
378.2313111282085,4.60431437587494,14.529972169835261,80.8657134542898
378.31526185124,4.6043061841836455,14.529976520504636,80.86571729531171
378.3992075186429,4.604297996027122,14.529980869256477,80.8657211347164
378.48314813319604,4.604289811381949,14.529985216103986,80.86572497251406
378.5670836976648,4.604281630224594,14.529989561060644,80.86572880871476
378.6510142147988,4.604273452532221,14.529993904139404,80.86573264332837
378.7349396873319,4.604265278282272,14.529998245353099,80.86573647636463
378.81886011798395,4.604257107452615,14.530002584714307,80.86574030783308
378.90277550946104,4.604248940021338,14.530006922235541,80.86574413774312
378.98668586445405,4.604240775967069,14.530011257928932,80.865747966104
379.0705911856405,4.604232615268728,14.530015591806485,80.86575179292478
379.15449147568427,4.6042244579055325,14.530019923880067,80.86575561821441
379.2383867372352,4.604216303857195,14.530024254161193,80.86575944198161
379.3222769729305,4.604208153103695,14.530028582661286,80.86576326423503
379.4061621853941,4.604200005625411,14.530032909391513,80.86576708498308
379.49004237723756,4.604191861402967,14.530037234362952,80.86577090423408
379.57391755105874,4.604183720417511,14.530041557586312,80.86577472199617
379.6577877094449,4.604175582651253,14.530045879071793,80.86577853827696
379.7416528549695,4.604167448086438,14.530050198829453,80.8657823530841
379.8255129901964,4.6041593167050285,14.530054516869633,80.86578616642534
379.9093681176765,4.604151188489412,14.5300588332024,80.86578997830819
379.9932182399497,4.604143063422474,14.530063147837474,80.86579378874005
380.07706335954424,4.604134941487185,14.530067460784634,80.86579759772819
380.1609034789778,4.604126822667063,14.53007177205326,80.86580140527968
380.24473860075625,4.604118706945918,14.53007608165259,80.8658052114015
380.328568727376,4.604110594307722,14.530080389591824,80.86580901610046
380.4123938613223,4.604102484736948,14.530084695879827,80.86581281938324
380.4962140050704,4.604094378218338,14.530089000525322,80.86581662125634
380.5800291610851,4.604086274736964,14.530093303536857,80.86582042172618
380.6638393318213,4.604078174278168,14.530097604922835,80.865824220799
380.7476445197254,4.6040700768277345,14.530101904691369,80.8658280184809
380.831444727233,4.604061982371711,14.530106202850437,80.86583181477785
380.9152399567713,4.604053890896259,14.530110499408048,80.8658356096957
380.99903021075835,4.6040458023881365,14.530114794371743,80.86583940324013
381.0828154916027,4.6040377168343705,14.530119087748938,80.8658431954167
381.16659580170494,4.6040296343024005,14.530123379466724,80.86584698623088
381.25037114349914,4.604021554533774,14.530127669776146,80.86585077569009
381.334141519281,4.604013477767632,14.530131958437273,80.8658545637951
381.41790693147135,4.604005403906705,14.530136245540135,80.86585835055315
381.50166738243774,4.603997332939273,14.530140531091554,80.86586213596918
381.5854228745402,4.603989264854338,14.530144815097762,80.8658659200479
381.66917341013107,4.6039811996408115,14.530149097565213,80.86586970279399
381.7529189915553,4.603973137288134,14.530153378499946,80.86587348421193
381.8366596211503,4.603965077785761,14.530157657908097,80.86587726430614
381.92039530124714,4.603957021123727,14.530161935795386,80.86588104308089
382.0055808476352,4.603948765226284,14.53016632267665,80.86588491209706
382.09076117984205,4.603940514218217,14.530170706873264,80.86588877890853
382.17593630157404,4.603932268063774,14.530175088397602,80.86589264353863
382.26110621651253,4.60392402671475,14.53017946727713,80.86589650600813
382.3462709283074,4.603915790123573,14.53018384353901,80.86590036633741
382.4314304405782,4.603907558243726,14.530188217209705,80.86590422454657
382.5165847569135,4.6038993310291865,14.530192588315504,80.8659080806553
382.6017338808729,4.603891108434965,14.530196956881994,80.86591193468304
382.68687781598635,4.603882890416523,14.530201322934644,80.86591578664883
382.7720165657543,4.603874676930314,14.53020568649825,80.86591963657143
382.85715013364927,4.603866467933596,14.530210047597262,80.86592348446915
382.9422785231165,4.603858263385332,14.530214406255041,80.86592733035963
383.0274017375741,4.603850063244538,14.530218762494426,80.86593117426104
383.11251978041327,4.60384186746842,14.530223116341615,80.86593501618997
383.19763265499785,4.603833676019438,14.530227467816308,80.86593885616425
383.2827403646669,4.603825488857429,14.530231816941996,80.86594269420058
383.36784291273347,4.603817305943663,14.530236163740875,80.86594653031547
383.45294030248493,4.603809127240418,14.530240508234444,80.86595036452515
383.5380325371848,4.603800952714116,14.530244850441449,80.86595419684444
383.62311962007465,4.603792782411967,14.530249190323147,80.86595802726488
383.7082015544216,4.6037846161908815,14.53025352797567,80.86596185583345
383.7932783434054,4.603776454018647,14.530257863417347,80.86596568256401
383.8783499901848,4.603768295863769,14.530262196665976,80.86596950747025
383.963416497898,4.603760141694981,14.530266527739306,80.86597333056571
384.0484778696627,4.603751991481499,14.530270856654798,80.8659771518637
384.133534108576,4.603743845192963,14.530275183429668,80.86598097137737
384.2185852177153,4.603735702799404,14.530279508080929,80.86598478911966
384.30363120013874,4.603727564271294,14.53028383062533,80.86598860510338
384.3886720588845,4.603719429579612,14.530288151079295,80.8659924193411
384.47370779697184,4.603711298695515,14.530292469459264,80.86599623184523
384.55873841740134,4.603703171590789,14.530296785781216,80.86600004262799
384.64376392315535,4.603695048237523,14.530301100060974,80.8660038517015
384.72878431719704,4.603686928608247,14.530305412314137,80.86600765907761
384.81379960247165,4.603678812675814,14.530309722556133,80.86601146476805
384.8988097819074,4.603670700413621,14.530314030802028,80.86601526878435
384.98381485841446,4.603662591795186,14.53031833706694,80.86601907113787
385.06881483488553,4.6036544867947855,14.530322641365395,80.86602287183982
385.1538097141963,4.603646385386752,14.530326943712044,80.8660266709012
385.2387994992056,4.6036382875466755,14.530331244120088,80.86603046833324
385.3237841933005,4.603630193247453,14.530335542606773,80.86603426414578
385.40876379821816,4.603622102467503,14.530339839182538,80.86603805834996
385.49373831731356,4.603614015181763,14.530344133862233,80.86604185095601
385.57870775338074,4.603605931366488,14.530348426659407,80.86604564197411
385.6636721091983,4.603597850998635,14.530352717587075,80.86604943141428
385.7486313875299,4.603589774055194,14.530357006658381,80.86605321928643
385.833585591124,4.603581700513677,14.530361293886104,80.86605700560021
385.918534722714,4.603573630352006,14.530365579282781,80.86606079036521
386.0034787850188,4.603565563548333,14.53036986286087,80.8660645735908
386.08841778074253,4.603557500081309,14.530374144632491,80.8660683552862
386.17335171257594,4.603549439930918,14.530378424609088,80.86607213546
386.2582805831958,4.603541383076626,14.530382702802308,80.86607591412107
386.3432043952657,4.603533329498019,14.530386979223813,80.86607969127817
386.428123151436,4.603525279175219,14.530391253884858,80.86608346693993
386.5130368543426,4.603517232088389,14.53039552679683,80.86608724111478
386.59794550660996,4.603509188218379,14.530399797970572,80.86609101381104
386.6828491108485,4.6035011475461,14.53040406741701,80.86609478503689
386.7677476696569,4.603493110053064,14.53040833514663,80.8660985548003
386.852641185621,4.603485075720922,14.530412601169923,80.86610232310916
386.9375296613147,4.603477044531612,14.530416865497244,80.86610608997114
387.0224130993001,4.603469016467705,14.530421128138455,80.86610985539384
387.1072915021266,4.603460991511822,14.530425389103508,80.86611361938468
387.1921648723336,4.6034529696470345,14.530429648402071,80.8661173819509
387.2770332124482,4.60344495085672,14.530433906043626,80.86612114309966
387.3618965249867,4.603436935124645,14.530438162037425,80.86612490283794
387.4467548124546,4.6034289224347225,14.530442416392706,80.86612866117258
387.5316080773466,4.60342091277138,14.530446669118335,80.86613241811028
387.6164563221468,4.60341290611927,14.530450920223096,80.86613617365764
387.7012995493291,4.603404902463341,14.530455169715612,80.86613992782105
387.78613776135774,4.6033969017890355,14.530459417604149,80.86614368060681
387.8709709606869,4.603388904081678,14.530463663897237,80.86614743202108
387.9557991497606,4.603380909327493,14.53046790860263,80.86615118206988
388.04062233101416,4.603372917512607,14.530472151728322,80.86615493075907
388.1254405068728,4.603364928623511,14.530476393282072,80.86615867809441
388.21025367975346,4.60335694264706,14.530480633271416,80.86616242408152
388.29506185206367,4.60334895957049,14.530484871703637,80.86616616872587
388.37986502620254,4.603340979381156,14.530489108586028,80.86616991203282
388.46466320456034,4.603333002066819,14.53049334392561,80.86617365400757
388.5494563895198,4.603325027615576,14.53049757772919,80.86617739465524
388.63424458345446,4.6033170560157055,14.53050181000354,80.86618113398075
388.7190277887309,4.603309087255856,14.530506040755167,80.86618487198898
388.80380600770764,4.6033011213248916,14.530510269990513,80.8661886086846
388.8885792427352,4.60329315821209,14.530514497715712,80.8661923440722
388.973347496157,4.6032851979069465,14.530518723936826,80.86619607815622
389.0581107703094,4.6032772403992155,14.530522948659758,80.86619981094103
389.14286906752164,4.603269285678902,14.5305271718903,80.8662035424308
389.22762239011604,4.603261333736393,14.530531393633991,80.86620727262961
389.3138341778096,4.6032531859697094,14.53053572250495,80.86621109152534
389.40004072627016,4.603245042994642,14.530540048745374,80.86621490825998
389.4862420391959,4.6032369047774075,14.530544372366638,80.86621872285595
389.57243812026053,4.603228771270849,14.530548693395673,80.86622253533348
389.6586289731069,4.603220642428915,14.530553011858641,80.86622634571245
389.7448146013476,4.603212518206011,14.530557327781576,80.86623015401241
389.8309950085649,4.603204398557467,14.530561641189903,80.86623396025263
389.9171701983109,4.603196283439138,14.530565952108848,80.86623776445201
390.0033401741098,4.603188172807791,14.530570260563042,80.86624156662917
390.0895049394562,4.603180066620864,14.53057456657676,80.86624536680237
390.1756644978165,4.603171964836487,14.530578870173908,80.86624916498961
390.2618188526302,4.603163867413517,14.530583171377955,80.86625296120853
390.3479680073086,4.603155774311554,14.53058747021197,80.86625675547647
390.434111965237,4.603147685490815,14.530591766698683,80.8662605478105
390.52025072977375,4.603139600912338,14.530596060860326,80.86626433822734
390.6063843042515,4.603131520537759,14.530600352718839,80.8662681267434
390.69251269197804,4.603123444329463,14.530604642295694,80.86627191337485
390.7786358962355,4.603115372250518,14.530608929612002,80.86627569813749
390.8647539202825,4.603107304300605,14.530613214662964,80.86627948103643
390.95086676737435,4.603099240453512,14.530617497461936,80.86628326208455
391.036974440749,4.603091180610578,14.530621778073952,80.86628704131546
391.1230769435819,4.603083124740454,14.530626056516759,80.8662908187428
391.2091742790286,4.603075072812149,14.530630332807945,80.86629459437991
391.29526645022287,4.603067024795072,14.530634606964862,80.86629836824007
391.38135346027855,4.603058980659049,14.53063887900464,80.86630214033632
391.46743531228935,4.603050940374467,14.53064314894402,80.86630591068152
391.5535120093294,4.603042903911921,14.530647416799718,80.86630967928836
391.6395835544525,4.603034871242466,14.530651682588164,80.86631344616937
391.72564995069393,4.603026842337614,14.530655946325505,80.86631721133688
391.81171120106967,4.603018817169346,14.530660208027635,80.86632097480302
391.8977673085768,4.6030107957098245,14.53066446771037,80.86632473657981
391.9838182761935,4.603002777931751,14.530668725389184,80.86632849667906
392.0698641068809,4.6029947638082485,14.53067298107932,80.86633225511243
392.1559048035805,4.602986753312649,14.530677234795972,80.86633601189138
392.24194036921693,4.6029787464188985,14.530681486553881,80.86633976702721
392.3279708066973,4.602970743101244,14.530685736367671,80.86634352053107
392.4139961189117,4.602962743334212,14.530689984251847,80.86634727241395
392.5000163087327,4.6029547470928565,14.53069423022054,80.8663510226866
392.5860313790161,4.602946754352539,14.530698474287753,80.86635477135971
392.6720413326018,4.602938765088959,14.530702716467333,80.8663585184437
392.7580461723129,4.602930779279517,14.530706956772077,80.86636226394842
392.84404590095755,4.602922796900584,14.530711195215451,80.86636600788397
392.930040521328,4.6029148179291175,14.530715431810503,80.86636975026038
393.0160300362008,4.602906842342173,14.530719666570342,80.86637349108749
393.1020144483377,4.6028988701173965,14.530723899507644,80.86637723037495
393.18799376048446,4.602890901232773,14.530728130634907,80.86638096813232
393.27396797537324,4.602882935666481,14.530732359964588,80.86638470436893
393.35993709572045,4.602874973397182,14.530736587508805,80.86638843909401
393.4459011242289,4.602867014403961,14.530740813279433,80.86639217231661
393.531860063587,4.602859058666034,14.530745037288343,80.86639590404563
393.61781391646895,4.602851106163102,14.530749259547083,80.8663996342898
393.70376268553605,4.602843156875223,14.530753480066997,80.86640336305778
393.7897063734355,4.602835210782799,14.530757698859235,80.86640709035797
393.8756449828015,4.602827267866475,14.530761915934837,80.86641081619868
393.961578516255,4.602819328107376,14.530766131304542,80.86641454058808
394.0475069764045,4.602811391486747,14.530770344979082,80.86641826353417
394.13343036584615,4.602803457986454,14.53077455696874,80.86642198504481
394.21934868716284,4.602795527588518,14.530778767283778,80.8664257051277
394.30526194292634,4.602787600275257,14.530782975934297,80.86642942379044
394.39117013569575,4.602779676029393,14.530787182930146,80.86643314104046
394.47707326801856,4.60277175483393,14.530791388281042,80.86643685688503
394.5629713424311,4.602763836672318,14.530795591996382,80.8664405713313
394.6488643614583,4.602755921528158,14.530799794085555,80.86644428438629
394.7347523276141,4.602748009385456,14.530803994557695,80.86644799605685
394.82063524340117,4.602740100228445,14.530808193421827,80.86645170634974
394.9065131113114,4.602732194041867,14.530812390686624,80.8664554152715
394.9923859338272,4.602724290810536,14.530816586360814,80.86645912282864
395.0782537134197,4.602716390519742,14.530820780452785,80.86646282902747
395.16411645255056,4.60270849315502,14.530824972970818,80.86646653387416
395.24997415367125,4.602700598702272,14.53082916392295,80.86647023737477
395.3358268192234,4.602692707147497,14.530833353317272,80.86647393953524
395.4216744516396,4.602684818477316,14.530837541161365,80.86647764036132
395.5075170533433,4.602676932678391,14.530841727462917,80.8664813398587
395.59335462674824,4.602669049737853,14.530845912229262,80.86648503803289
395.6791871742595,4.602661169642922,14.530850095467779,80.8664887348893
395.7650146982733,4.602653292381385,14.530854277185417,80.8664924304332
395.85083720117814,4.602645417941005,14.530858457389265,80.86649612466972
395.93665468535323,4.602637546310078,14.530862636086015,80.86649981760391
396.0224671531704,4.602629677477618,14.530866813281953,80.86650350924043
396.10827460699295,4.602621811433023,14.530870988983233,80.86650719958375
396.19407704917757,4.602613948165429,14.53087516319607,80.8665108886385
396.27987448207324,4.602606087664191,14.530879335926588,80.86651457640922
396.36566690802147,4.6025982299189065,14.530883507180793,80.8665182629003
396.451454329356,4.602590374919528,14.530887676964449,80.86652194811602
396.5372367484049,4.602582522656157,14.530891845283294,80.86652563206054
396.6244863796647,4.602574477627908,14.530896119060731,80.86652940331136
396.7117307438302,4.60256643731681,14.530900390248547,80.86653317243464
396.79896984460635,4.602558401688921,14.530904658858082,80.866536939453
396.8862036856726,4.60255037069783,14.530908924915797,80.86654070438637
396.9734322706776,4.6025423442979045,14.530913188447675,80.86654446725441
397.0606556032391,4.60253432244415,14.530917449479395,80.86654822807647
397.14787368694465,4.602526305092456,14.530921708036054,80.8665519868715
397.23508652535224,4.6025182921992505,14.530925964142538,80.86655574365821
397.32229412198996,4.602510283721832,14.53093021782316,80.866559498455
397.40949648035775,4.602502279618118,14.530934469101936,80.86656325127994
397.4966936039267,4.602494279846771,14.530938718002433,80.8665670021508
397.58388549614057,4.602486284367083,14.530942964547904,80.866570751085
397.6710721604154,4.602478293139125,14.530947208761122,80.86657449809975
397.75825360014045,4.602470306123593,14.530951450664531,80.86657824321188
397.8454298186781,4.602462323281889,14.530955690280175,80.86658198643794
397.9326008193651,4.602454344576123,14.530959927629697,80.86658572779419
398.019766605513,4.602446369969012,14.530964162734398,80.86658946729659
398.1069271804073,4.60243839942411,14.530968395615062,80.86659320496082
398.19408254730996,4.602430432905339,14.530972626292385,80.86659694080227
398.28123270945713,4.602422470377563,14.530976854786415,80.86660067483602
398.3683776700628,4.602414511872944,14.530981081069461,80.8666044070576
398.45551743235796,4.602406557296091,14.530985305204139,80.86660813749977
398.5426519995127,4.602398606591636,14.53098952722523,80.86661186618313
398.6297813746617,4.602390659729676,14.530993747149672,80.86661559312066
398.716905560918,4.602382716680571,14.530997964994318,80.8666193183251
398.8040245613755,4.602374777415301,14.531002180775571,80.86662304180912
398.8911383791083,4.60236684190498,14.531006394509872,80.86662676358515
398.97824701717025,4.60235891012138,14.531010606213188,80.86663048366543
399.06535047859666,4.602350982036474,14.531014815901438,80.86663420206209
399.1524487664035,4.6023430576227,14.53101902359027,80.86663791878703
399.23954188358783,4.602335136852903,14.531023229295108,80.86664163385198
399.32662983312804,4.602327219700459,14.53102743303101,80.86664534726853
399.4137126179854,4.602319306139975,14.531031634812416,80.86664905904762
399.5007902411031,4.60231139614539,14.53103583465413,80.86665276920048
399.58786270540656,4.60230348969113,14.531040032570624,80.86665647773825
399.67493001380393,4.602295586751818,14.53104422857636,80.86666018467183
399.7619921691862,4.602287687302535,14.531048422685489,80.86666389001198
399.84904917442714,4.602279791318751,14.531052614911932,80.86666759376932
399.93610103238393,4.6022718987763325,14.531056805269385,80.86667129595429
400.0231477458968,4.60226400965146,14.531060993771378,80.86667499657716
400.11018931779074,4.602256123920673,14.531065180431247,80.86667869564808
400.1972257508741,4.602248241560856,14.531069365262145,80.866682393177
400.2842570485028,4.602240362549246,14.531073548276986,80.86668608917377
400.3712832123272,4.60223248686357,14.531077729488452,80.86668978364798
400.45830424567237,4.602224614481778,14.531081908909057,80.86669347660916
400.5453201512855,4.602216745382178,14.53108608655115,80.86669716806666
400.6323309318987,4.602208879543416,14.531090262426874,80.86670085802972
400.71933659022886,4.602201016944572,14.531094436548115,80.86670454650732
400.8063371289793,4.602193157564877,14.53109860892674,80.86670823350839
400.89333255083886,4.602185301384205,14.531102779574129,80.86671191904166
400.9803228584824,4.60217744838246,14.531106948501776,80.86671560311575
401.0673080545712,4.602169598540098,14.531111115720782,80.86671928573912
401.15428814175334,4.602161751837829,14.53111528124212,80.86672296692005
401.24126312266355,4.602153908256676,14.531119445076612,80.8667266466667
401.32823299992344,4.602146067777952,14.531123607234928,80.86673032498712
401.4151977761418,4.602138230383454,14.531127767727392,80.86673400188916
401.5021574539146,4.602130396055135,14.531131926564322,80.86673767738054
401.58911203582625,4.602122564775338,14.531136083755788,80.86674135146887
401.676061524448,4.602114736526797,14.531140239311604,80.8667450241616
401.76300592233986,4.602106911292508,14.531144393241458,80.86674869546604
401.84994523204966,4.602099089055652,14.531148545555006,80.86675236538935
401.93687945611447,4.602091269799977,14.53115269626146,80.86675603393856
402.02380859762144,4.602083453509227,14.531156845370141,80.86675970112063
402.11073265796057,4.602075640167865,14.531160992889891,80.86676336694225
402.1976516401971,4.6020678297603315,14.531165138829607,80.86676703141006
402.28456554682367,4.602060022271511,14.531169283197917,80.86677069453057
402.3714743803222,4.602052217686414,14.531173426003438,80.86677435631015
402.45837814316457,4.602044415990737,14.531177567254256,80.86677801675502
402.5452768378124,4.602036617170032,14.53118170695871,80.86678167587125
402.6321704667178,4.602028821210468,14.531185845124666,80.86678533366486
402.71905903232266,4.602021028098935,14.531189981759656,80.86678899014142
402.80594253705965,4.602013237822632,14.531194116871013,80.86679264530635
402.8928209833536,4.6020054503685595,14.531198250466145,80.86679629916529
402.97969437361866,4.601997665723842,14.531202382552474,80.86679995172368
403.0665627102607,4.601989883876065,14.531206513137079,80.86680360298686
403.15342599567737,4.601982104812943,14.531210642227046,80.86680725296
403.2402842322574,4.601974328522602,14.531214769829152,80.86681090164825
403.3271374223811,4.601966554993328,14.53121889595016,80.86681454905651
403.41398556842034,4.601958784213856,14.53122302059649,80.86681819518967
403.50082867273983,4.601951016172995,14.531227143774627,80.86682184005238
403.58766673769514,4.6019432508600815,14.531231265490627,80.8668254836493
403.6744997656354,4.601935488264427,14.531235385750712,80.86682912598486
403.7613277589017,4.6019277283758075,14.531239504560748,80.86683276706344
403.848150719828,4.601919971184328,14.53124362192639,80.86683640688928
403.9349686507409,4.601912216680053,14.531247737853455,80.86684004546649
404.0217815545208,4.601904464853668,14.531251852347223,80.8668436827991
404.11007028314737,4.601896523359748,14.531256070609244,80.86684740603101
404.1983537192208,4.601888586497046,14.531260286328857,80.8668511271741
404.2866318664421,4.6018806542320965,14.531264499517485,80.86685484625042
404.3749047284877,4.601872726519606,14.531268710200893,80.8668585632795
404.463172309003,4.601864803314841,14.531272918404609,80.86686227828055
404.55143461160276,4.601856884573869,14.531277124153661,80.86686599127248
404.63969163987167,4.601848970253531,14.53128132747262,80.86686970227385
404.72794339736447,4.6018410603111795,14.531285528385837,80.86687341130299
404.8161898876074,4.601833154705072,14.531289726917073,80.86687711837786
404.9044311140972,4.6018252533939865,14.53129392308988,80.86688082351613
404.99266708030365,4.6018173563375155,14.531298116927264,80.86688452673523
405.08089778966774,4.601809463495843,14.531302308451973,80.86688822805218
405.16912324560354,4.601801574829897,14.531306497686277,80.86689192748382
405.25734345149766,4.601793690301156,14.531310684652206,80.86689562504662
405.34555841071113,4.601785809871947,14.53131486937123,80.86689932075683
405.43376812657897,4.601777933505049,14.53131905186465,80.86690301463031
405.52197260241036,4.601770061164099,14.531323232153204,80.8669067066827
405.6101718414895,4.601762192813264,14.531327410257383,80.86691039692934
405.6983658470765,4.601754328417364,14.531331586197307,80.86691408538533
405.78655462240664,4.601746467941982,14.531335759992622,80.86691777206539
405.87473817069264,4.601738611437316,14.531339931602913,80.86692145695977
405.96291649517525,4.6017307587675855,14.531344101119483,80.86692514011293
406.0510895990092,4.601722909903172,14.531348268559094,80.86692882153773
406.13925748532756,4.601715064815592,14.531352433937961,80.86693250124645
406.2274201572445,4.601707223475905,14.531356597272445,80.86693617925165
406.31557761785376,4.601699385855432,14.531360758578844,80.86693985556572
406.40372987022914,4.6016915519260735,14.531364917873029,80.8669435302009
406.49187691742554,4.601683721659809,14.531369075170966,80.86694720316923
406.5800187624778,4.601675895029183,14.531373230488228,80.8669508744826
406.6681554084026,4.60166807200726,14.531377383840038,80.8669545441527
406.7562868581969,4.601660252567164,14.53138153524173,80.86695821219111
406.84441311483994,4.601652436682724,14.531385684708056,80.86696187860922
406.9325341812927,4.601644624327844,14.531389832253897,80.86696554341826
407.02065006049753,4.6016368154769856,14.531393977893734,80.86696920662928
407.10876075537954,4.601629010104901,14.531398121641898,80.8669728682532
407.19686626884595,4.601621208186843,14.531402263512405,80.86697652830075
407.2849666037875,4.601613409698147,14.531406403519334,80.86698018678253
407.37306176307743,4.601605614614826,14.531410541676243,80.86698384370892
407.46115174957254,4.601597822913066,14.53141467799669,80.86698749909024
407.5492365661126,4.60159003456946,14.53141881249396,80.86699115293658
407.6373162155213,4.6015822495609875,14.531422945181118,80.8669948052579
407.72539070060714,4.601574467864846,14.531427076071166,80.86699845606398
407.8134600241613,4.601566689458763,14.531431205176728,80.8670021053645
407.901524188961,4.6015589143207345,14.531435332510304,80.86700575316897
407.98958319776705,4.601551142429037,14.53143945808427,80.8670093994867
408.07763705332593,4.6015433737624445,14.531443581910658,80.8670130443269
408.16568575836897,4.6015356082999,14.531447704001474,80.86701668769862
408.25372931561253,4.60152784602074,14.531451824368476,80.86702032961078
408.34176772775925,4.601520086904703,14.531455943023172,80.86702397007213
408.4298009974974,4.601512330931747,14.531460059976997,80.86702760909125
408.51782912750116,4.601504578082412,14.531464175240943,80.86703124667665
408.60585212043145,4.60149682833716,14.531468288826227,80.86703488283662
408.6938699789352,4.601489081677099,14.531472400743564,80.86703851757933
408.7818827056459,4.601481338083568,14.531476511003577,80.86704215091285
408.86989030318483,4.6014735975382,14.531480619616739,80.86704578284505
408.9578927741597,4.601465860022986,14.5314847265933,80.86704941338371
409.045890121166,4.601458125520236,14.531488831943337,80.86705304253643
409.1338823467868,4.601450394012557,14.531492935676765,80.86705667031067
409.2218694535932,4.601442665482812,14.531497037803371,80.86706029671382
409.30985144414376,4.601434939914357,14.531501138332603,80.86706392175304
409.39782832098587,4.601427217290614,14.531505237273961,80.86706754543542
409.485800086655,4.601419497596088,14.531509334636294,80.86707116776762
409.57376674367566,4.601411780815503,14.531513430428289,80.86707478875621
409.66172829456167,4.60140406693323,14.531517524658891,80.86707840840788
409.7496847418166,4.6013963559341144,14.53152161733672,80.86708202672916
409.8376360879323,4.601388647803178,14.531525708470344,80.86708564372648
409.92558233539046,4.601380942525692,14.53152979806821,80.8670892594061
410.0135234866621,4.601373240087338,14.531533886138487,80.86709287377418
410.1014595442085,4.601365540474101,14.531537972689168,80.86709648683673
410.18939051048125,4.601357843672227,14.531542057728108,80.86710009859966
410.27731638792125,4.601350149668136,14.53154614126312,80.86710370906874
410.36523717896114,4.601342458448638,14.531550223301753,80.86710731824961
410.4531528860235,4.601334770000913,14.531554303851305,80.86711092614777
410.5410635115215,4.601327084312292,14.531558382919044,80.86711453276867
410.6289690578596,4.601319401370383,14.531562460512104,80.8671181381175
410.71686952743397,4.601311721163123,14.531566536637389,80.86712174219949
410.8047649226313,4.601304043678794,14.531570611301593,80.8671253450196
410.89265524583016,4.60129636890587,14.531574684511325,80.86712894658281
410.9805404994014,4.601288696833007,14.53157875627315,80.86713254689384
411.06842068570717,4.601281027449406,14.531582826593198,80.8671361459574
411.15629580710214,4.601273360744136,14.531586895477844,80.86713974377801
411.2441658659332,4.601265696706966,14.531590962932887,80.86714334036014
411.33203086454,4.6012580353276284,14.531595028964277,80.86714693570809
411.41989080525406,4.601250376596232,14.53159909357771,80.86715052982606
411.50774569040055,4.601242720503186,14.531603156778688,80.86715412271812
411.59559552229706,4.601235067039018,14.531607218572706,80.86715771438828
411.68492980089053,4.6012272270862855,14.53161138239524,80.86716139051848
411.7742587614209,4.601219391682401,14.531615543720623,80.86716506459697
411.863582407587,4.601211560794486,14.531619702560079,80.86716873664544
411.9529007430631,4.601203734377905,14.531623858939069,80.86717240668303
412.04221377149196,4.601195912388941,14.531628012882452,80.8671760747286
412.13152149648664,4.601188094784406,14.531632164414846,80.86717974080075
412.22082392163003,4.601180281521813,14.531636313560467,80.86718340491772
412.31012105047444,4.601172472559374,14.531640460343153,80.86718706709748
412.39941288654387,4.601164667856014,14.531644604786301,80.86719072735768
412.48869943333364,4.601156867371331,14.53164874691294,80.86719438571572
412.57798069431027,4.601149071065509,14.5316528867458,80.86719804218869
412.6672566729128,4.6011412788994335,14.531657024307206,80.86720169679336
412.75652737255376,4.601133490834756,14.531661159619008,80.86720534954624
412.84579279661784,4.601125706833649,14.531665292702826,80.86720900046352
412.9350529484637,4.6011179268601605,14.531669423579174,80.86721264956067
413.0243078314246,4.601110150877776,14.531673552268906,80.86721629685331
413.1135574488088,4.6011023788506575,14.531677678792496,80.86721994235685
413.2028018038999,4.601094610743562,14.531681803170098,80.86722358608634
413.29204089995596,4.601086846521967,14.531685925421417,80.86722722805662
413.3812747402107,4.601079086151898,14.531690045565881,80.86723086828222
413.47050332787524,4.601071329621686,14.53169416360715,80.86723450677115
413.5597266661503,4.601063576932519,14.53169827953964,80.86723814352784
413.6489447582361,4.601055827979549,14.531702393433083,80.86724177858737
413.73815760726313,4.601048082734003,14.531706505303768,80.86724541196223
413.827365216342,4.601040341167449,14.531710615167823,80.86724904366474
413.9165675885634,4.601032603251869,14.531714723041125,80.867252673707
414.0057647269977,4.601024868959529,14.531718828939436,80.86725630210103
414.09495663469653,4.601017138263144,14.531722932878226,80.86725992885863
414.18414331469165,4.60100941113589,14.531727034872677,80.86726355399144
414.2733247699965,4.601001687551176,14.531731134937893,80.86726717751094
414.36250100360536,4.600993967482823,14.53173523308875,80.86727079942843
414.4516720184938,4.600986250905055,14.531739329339857,80.86727441975509
414.54083781761994,4.600978537792416,14.53174342370565,80.86727803850194
414.6299984039238,4.600970828119869,14.53174751620033,80.8672816556798
414.71915378032713,4.600963121862588,14.53175160683804,80.86728527129937
414.808303949735,4.600955418996314,14.531755695632501,80.86728888537118
414.8974489150348,4.600947719496988,14.531759782597407,80.86729249790561
414.986588679097,4.600940023341005,14.53176386774614,80.86729610891285
415.07572324477593,4.6009323305050795,14.531767951091915,80.867299718403
415.1648526149088,4.600924640966139,14.531772032647888,80.86730332638598
415.25397679231685,4.60091695470173,14.531776112426758,80.86730693287151
415.3430957798053,4.600909271689439,14.531780190441312,80.86731053786926
415.43220958016366,4.600901591907494,14.53178426670387,80.86731414138863
415.52131819616613,4.600893915334183,14.53178834122682,80.86731774343899
415.61042163057164,4.6008862419482845,14.531792414022213,80.86732134402949
415.6995198861237,4.600878571728964,14.531796485101864,80.86732494316917
415.78861296555147,4.600870904655541,14.53180055447757,80.8673285408669
415.87770087156866,4.600863240707789,14.531804622160829,80.86733213713137
415.96678360687594,4.600855579865862,14.53180868816289,80.86733573197125
416.0558611741587,4.6008479221100655,14.531812752495,80.86733932539494
416.14493357608944,4.600840267421134,14.531816815168117,80.86734291741075
416.23400081532657,4.600832615780155,14.531820876192983,80.86734650802686
416.32306289451446,4.600824967169063,14.531824935579923,80.867350097251
416.4121198162851,4.600817321570093,14.531828993339001,80.8673536850909
416.5011715832583,4.600809678965131,14.53183304948059,80.86735727155427
416.5902181980405,4.600802039336581,14.531837104014663,80.86736085664876
416.67925966322514,4.6007944026669865,14.531841156951195,80.86736444038182
416.76829598139426,4.600786768939293,14.531845208299881,80.86736802276081
416.85732715511716,4.600779138136637,14.531849258070388,80.86737160379298
416.9463531869516,4.6007715102427325,14.531853306271907,80.86737518348535
417.0353740794427,4.600763885241177,14.531857352913894,80.86737876184493
417.124389835125,4.600756263116197,14.531861398005304,80.8673823388785
417.21340045652096,4.6007486438523,14.531865441554947,80.86738591459275
417.3024059461424,4.600741027434112,14.531869483571624,80.86738948899426
417.3914063064904,4.60073341384664,14.53187352406391,80.86739306208945
417.48040154005434,4.600725803075225,14.531877563040151,80.86739663388462
417.56939164931424,4.600718195105484,14.531881600508559,80.86740020438596
417.6583766367392,4.600710589923152,14.531885636477353,80.86740377359949
417.74735650478806,4.600702987514597,14.531889670954232,80.86740734153118
417.8363312559097,4.6006953878661445,14.531893703947071,80.86741090818678
417.9253008925438,4.600687790964596,14.531897735463392,80.86741447357201
418.01426541711993,4.600680196796987,14.531901765510598,80.86741803769242
418.1032248320591,4.600672605350485,14.531905794096096,80.86742160055343
418.19217913977127,4.6006650166127026,14.531909821226954,80.86742516216034
418.2811283426599,4.60065743057153,14.531913846910093,80.86742872251837
418.3700724431177,4.600649847215042,14.531917871152366,80.86743228163259
418.45901144352973,4.600642266531675,14.531921893960376,80.86743583950795
418.54794534627246,4.600634688510046,14.531925915340672,80.8674393961493
418.63687415371385,4.60062711313908,14.531929935299607,80.86744295156132
418.72579786821416,4.600619540407959,14.53193395384339,80.86744650574865
418.8147164921257,4.600611970306095,14.53193797097813,80.86745005871578
418.9036300277927,4.600604402823239,14.53194198670969,80.86745361046708
418.9925384775525,4.600596837949373,14.531946001043833,80.8674571610068
419.08144184373407,4.600589275674635,14.531950013986272,80.86746071033909
419.1703401286603,4.60058171598966,14.531954025542337,80.867464258468
419.2592333346468,4.600574158885115,14.531958035717437,80.86746780539744
419.3496196165998,4.60056641839732,14.531962146221645,80.86747143538103
419.4400005548377,4.6005586823771365,14.531966254273424,80.86747506334943
419.53037615305703,4.600550950792264,14.531970359883811,80.86747868932392
419.6207464149295,4.6005432235991215,14.531974463077576,80.86748231332331
419.71111134409574,4.600535500754748,14.53197856387916,80.86748593536609
419.8014709441655,4.600527782217602,14.53198266231232,80.86748955547007
419.8918252187197,4.600520067946212,14.531986758400647,80.86749317365314
419.982174171906,4.600512357899571,14.531990852167487,80.86749678993294
420.0725178060543,4.600504652037311,14.53199494363592,80.86750040432678
420.162856125254,4.600496950318251,14.531999032829324,80.86750401685244
420.2531891329691,4.600489252700958,14.532003119771423,80.86750762752762
420.34351683263543,4.600481559145701,14.532007204484836,80.86751123636947
420.4338392276593,4.60047386961552,14.532011286990729,80.86751484339375
420.5241563214212,4.600466184073996,14.532015367309878,80.86751844861612
420.61446811727586,4.600458502485407,14.532019445462591,80.86752205205201
420.70477461855234,4.600450824814056,14.532023521469359,80.86752565371658
420.79507582855507,4.600443151025272,14.532027595349895,80.86752925362484
420.8853717505627,4.60043548108465,14.53203166712387,80.86753285179148
420.9756623878304,4.600427814958367,14.532035736810641,80.867536448231
421.06594774358865,4.600420152613333,14.53203980442907,80.8675400429576
421.1562278210447,4.600412494016778,14.532043869997954,80.86754363598527
421.2465026233829,4.600404839186875,14.532047933499866,80.86754722731327
421.33677215379646,4.60039718806053,14.532051994974934,80.86755081696454
421.427036415436,4.600389540572659,14.532056054465055,80.86755440496228
421.51729541140884,4.6003818966954535,14.532060111986015,80.86755799131853
421.6075491448005,4.60037425640145,14.532064167553397,80.86756157604515
421.69779761867784,4.600366619663606,14.532068221182534,80.86756515915386
421.78804083608895,4.600358986455345,14.532072272888454,80.86756874065621
421.8782788000615,4.6003513567502345,14.532076322686196,80.86757232056357
421.9685115136054,4.6003437305222965,14.532080370590508,80.8675758988872
422.0587389797113,4.600336107745975,14.532084416615893,80.86757947563812
422.1489612013519,4.600328488396042,14.53208846077662,80.86758305082734
422.2391781814818,4.6003208724476,14.532092503086828,80.86758662446557
422.32938992303707,4.600313259876076,14.532096543560472,80.86759019656346
422.41959642893687,4.600305650657286,14.53210058221128,80.86759376713144
422.5097977020826,4.600298044767362,14.532104619052804,80.86759733617983
422.59999374535874,4.600290442182758,14.53210865409844,80.86760090371881
422.69018456163303,4.600282842880476,14.532112687361185,80.86760446975833
422.78037015375645,4.600275246837537,14.532116718854152,80.86760803430832
422.8705505245634,4.600267654031557,14.53212074859001,80.86761159737843
422.9607256768724,4.600260064440342,14.532124776581401,80.86761515897825
423.05089561348564,4.600252478042168,14.53212880284063,80.8676187191172
423.1410603371902,4.600244894815446,14.532132827380014,80.86762227780454
423.2312198507572,4.600237314739715,14.532136850211131,80.86762583504917
423.3213741569431,4.600229737794639,14.532140871345565,80.86762939085979
423.4115232584899,4.600222163959692,14.532144890794996,80.86763294524532
423.5016671581251,4.600214593214816,14.532148908570782,80.8676364982144
423.5918058585609,4.600207025540035,14.532152924684341,80.86764004977563
423.68193936249605,4.600199460915828,14.532156939146768,80.86764359993741
423.77206767261396,4.600191899323026,14.532160951968946,80.86764714870802
423.8621907915856,4.600184340742796,14.53216496316156,80.86765069609565
423.95230872206724,4.600176785156393,14.532168972735352,80.86765424210826
424.04242146670293,4.600169232545666,14.532172980700594,80.86765778675374
424.13252902812184,4.600161682892531,14.532176987067627,80.86766133003984
424.22263140894137,4.600154136179412,14.53218099184643,80.86766487197417
424.3127286117661,4.600146592388973,14.53218499504686,80.86766841256417
424.40282063918755,4.6001390515040725,14.532188996678721,80.86767195181721
424.492907493785,4.6001315135079945,14.532192996751517,80.86767548974049
424.58298917812607,4.600123978384284,14.532196995274626,80.8676790263411
424.6730656947659,4.600116446116764,14.53220099225728,80.86768256162595
424.76313704624783,4.600108916689552,14.532204987708527,80.86768609560193
424.8532032351038,4.600101390087122,14.532208981637215,80.86768962827566
424.9432642638548,4.6000938662940865,14.532212974052161,80.86769315965375
425.03332013501046,4.600086345295601,14.53221696496176,80.86769668974264
425.12337085106947,4.6000788270768025,14.53222095437457,80.86770021854863
425.21341641451954,4.600071311623323,14.532224942298766,80.86770374607791
425.3034568278385,4.600063798921025,14.532228928742422,80.86770727233656
425.39349209349336,4.600056288956008,14.53223291371348,80.8677107973305
425.483522213941,4.600048781714716,14.532236897219688,80.86771432106559
425.5735471916288,4.600041277183831,14.532240879268654,80.86771784354751
425.6635670289937,4.600033775350296,14.532244859867859,80.86772136478184
425.7535817284639,4.6000262762013255,14.53224883902462,80.86772488477405
425.84359129245746,4.600018779724483,14.532252816746036,80.86772840352948
425.93359572338375,4.600011285907536,14.532256793039105,80.86773192105336
426.02359502364294,4.600003794738472,14.53226076791074,80.86773543735079
426.1135891956268,4.599996306205618,14.532264741367612,80.86773895242678
426.20357824171776,4.599988820297626,14.532268713416203,80.86774246628617
426.29356216429056,4.599981337003192,14.532272684063042,80.86774597893377
426.38354096571095,4.599973856311531,14.532276653314275,80.8677494903742
426.47351464833736,4.5999663782119455,14.532280621176055,80.867753000612
426.56348321451975,4.599958902693986,14.532284587654415,80.8677565096516
426.6534466666008,4.599951429747622,14.532288552755066,80.86776001749732
426.7434050069154,4.599943959363697,14.532292516483322,80.86776352415298
426.83335823779134,4.599936491532848,14.532296478844554,80.8677670296226
426.9233063615496,4.599929026245735,14.532300439844125,80.86777053391015
427.01324938050493,4.599921563493179,14.532304399487348,80.86777403701947
427.10469411230946,4.59991392004953,14.532308457995894,80.86777762195459
427.19613347432966,4.599906281003233,14.53231251409059,80.86778120490618
427.2875674702659,4.599898646322818,14.532316567782003,80.86778478589518
427.37899610379355,4.599891015965236,14.532320619094666,80.8677883649401
427.4704193785566,4.599883389888234,14.532324668052631,80.86779194205913
427.5618372981695,4.599875768050126,14.532328714679657,80.86779551727021
427.65324986621636,4.599868150409877,14.53233275899913,80.86779909059099
427.7446570862512,4.599860536927245,14.532336801033955,80.8678026620388
427.8360589617993,4.59985292756245,14.532340840806826,80.86780623163072
427.9274554963571,4.59984532227641,14.532344878340048,80.86780979938354
428.01884669339245,4.5998377210307835,14.53234891365544,80.86781336531378
428.11023255634643,4.599830123787769,14.532352946774576,80.86781692943765
428.2016130886322,4.59982253051021,14.53235697771865,80.86782049177114
428.29298829363626,4.599814941161514,14.532361006508566,80.86782405232992
428.38435817471867,4.599807355705794,14.5323650331648,80.8678276111294
428.4757227352135,4.599799774107801,14.532369057707454,80.86783116818475
428.5670819784291,4.599792196332841,14.532373080156344,80.86783472351081
428.65843590764854,4.599784622346809,14.532377100530958,80.86783827712223
428.74978452613146,4.5997770521162415,14.532381118850418,80.86784182903334
428.8411278371119,4.59976948560829,14.532385135133483,80.86784537925823
428.9324658438009,4.599761922790609,14.53238914939867,80.86784892781071
429.02379854938613,4.599754363631544,14.532393161664073,80.86785247470438
429.11512595703186,4.599746808177135,14.532397171892567,80.8678560199303
429.20644806993164,4.599739256303166,14.532401180167708,80.86785956352914
429.29776489119405,4.599731707981966,14.532405186505201,80.86786310551284
429.3890764239079,4.5997241631864005,14.532409190920484,80.86786664589312
429.4803826711418,4.599716621889975,14.532413193428528,80.8678701846815
429.57168363594513,4.599709084066332,14.532417194044303,80.86787372188937
429.66297932134864,4.599701549689545,14.532421192782524,80.86787725752794
429.75426973036366,4.599694018734081,14.53242518965766,80.86788079160826
429.8455548659834,4.599686491174659,14.532429184684089,80.86788432414124
429.93683473118176,4.599678966986538,14.532433177875781,80.86788785513768
430.02810932951974,4.599671446144882,14.532437169246904,80.86789138460821
430.11937866272683,4.599663928625788,14.532441158810993,80.86789491256322
430.21064273432796,4.599656414405941,14.532445146581253,80.8678984390128
430.3019015472269,4.599648903462432,14.532449132570713,80.86790196396684
430.3931551043109,4.599641395772156,14.532453116792466,80.86790548743538
430.4844034084499,4.599633891312213,14.532457099259533,80.86790900942825
430.57564646249756,4.599626390060146,14.532461079984666,80.86791252995519
430.6668842698943,4.599618891993713,14.532465058980486,80.8679160490258
430.758116832254,4.599611397091272,14.532469036259279,80.86791956664945
430.84934415298403,4.599603905331065,14.532473011833485,80.86792308283545
430.9405662348742,4.599596416692197,14.532476985714846,80.86792659759296
431.03178308069835,4.599588931153585,14.532480957915453,80.86793011093096
431.1229946932145,4.5995814486948134,14.532484928446854,80.86793362285833
431.21420107516605,4.599573969295618,14.532488897320594,80.86793713338378
431.30540222928107,4.599566492936125,14.53249286454796,80.86794064251592
431.3965981582741,4.599559019596758,14.532496830140085,80.86794415026316
431.48778886484394,4.599551549258356,14.53250079410782,80.86794765663383
431.57897435167655,4.5995440819017945,14.532504756462117,80.86795116163609
431.67015462144303,4.599536617508423,14.532508717213577,80.86795466527799
431.76132967680155,4.599529156060022,14.532512676372528,80.86795816756745
431.85249952039646,4.599521697538486,14.532516633949296,80.86796166851222
431.9436641548584,4.5995142419260855,14.532520589953974,80.86796516811994
432.03482358280587,4.599506789205372,14.532524544396496,80.86796866639814
432.12597780684405,4.599499339359249,14.532528497286584,80.86797216335417
432.21712682956553,4.599491892370834,14.532532448633868,80.8679756589953
432.30827065355015,4.5994844482236195,14.532536398447727,80.86797915332865
432.3994092813663,4.599477006901303,14.532540346737477,80.86798264636121
432.4905427155699,4.599469568387831,14.53254429351231,80.86798613809985
432.58167095870516,4.5994621326677265,14.532548238780949,80.86798962855133
432.6727940133043,4.599454699725428,14.532552182552353,80.86799311772222
432.76391188188904,4.599447269545909,14.532556124835045,80.86799660561906
432.8550245669695,4.599439842114284,14.532560065637542,80.86800009224817
432.9461320710446,4.599432417416051,14.532564004968107,80.86800357761584
433.03723439660286,4.599424995436925,14.532567942834895,80.86800706172819
433.1283315461221,4.5994175761628915,14.53257187924592,80.86801054459119
433.2194235220697,4.599410159580266,14.532575814208984,80.86801402621076
433.3105103269022,4.599402745675551,14.53257974773181,80.86801750659264
433.4015919630674,4.599395334435633,14.532583679821881,80.86802098574249
433.49266843300273,4.599387925847517,14.532587610486653,80.86802446366583
433.58373973913604,4.5993805198987046,14.532591539733216,80.86802794036808
433.6748058838856,4.599373116576578,14.532595467568887,80.86803141585453
433.76586686966016,4.599365715869998,14.532599393999945,80.86803489013006
433.8569226988602,4.599358317767251,14.53260331903317,80.86803836319957
433.94797337387854,4.5993509222569156,14.532607242675047,80.86804183506804
434.0390188970976,4.599343529327516,14.532611164932199,80.86804530574028
434.1300592708923,4.599336138968072,14.532615085810882,80.86804877522104
434.2210944976291,4.599328751167652,14.532619005317407,80.86805224351494
434.3121245796662,4.599321365915747,14.53262292345778,80.86805571062648
434.40314951935375,4.599313983202009,14.532626840237949,80.86805917656004
434.49416931903426,4.5993066030163945,14.53263075566367,80.86806264131994
434.5851839810428,4.599299225429846,14.532634669659789,80.86806610491037
434.67619350775504,4.599291850185201,14.53263858247725,80.86806956733754
434.7671979013911,4.599284477525972,14.532642493872986,80.86807302860105
434.8581971643156,4.599277107356939,14.532646403936123,80.86807648870695
434.95070678436093,4.599269559455425,14.532650411245518,80.86808002929907
435.04321100873216,4.599262015875763,14.532654416182512,80.86808356794172
435.13570984112823,4.599254476586865,14.532658418757627,80.8680871046555
435.2282032852234,4.599246941546601,14.53266241899481,80.86809063945859
435.32069134466184,4.599239410713276,14.532666416917841,80.86809417236888
435.4131740230558,4.599231884045952,14.532670412550042,80.868097703404
435.5056513239878,4.599224361504428,14.532674405914264,80.8681012325813
435.5981232510117,4.599216843048872,14.53267839703327,80.86810475991786
435.69058980765124,4.599209328640385,14.53268238592917,80.86810828543044
435.78305099740214,4.599201818240444,14.532686372623974,80.86811180913558
435.875506823731,4.599194311811337,14.532690357139147,80.86811533104952
435.96795729007806,4.599186809315824,14.532694339495954,80.86811885118821
436.0604023998546,4.599179310717418,14.532698319715182,80.8681223695674
436.1528421564461,4.599171815980066,14.532702297817442,80.86812588620249
436.2452765632119,4.599164325068579,14.532706273822754,80.86812940110867
436.337705623484,4.599156837948114,14.532710247751051,80.86813291430084
436.43012934057055,4.599149354584572,14.532714219621784,80.86813642579365
436.5225477177529,4.599141874944319,14.532718189454199,80.86813993560148
436.61496075828904,4.599134398994615,14.532722157266909,80.86814344373848
436.7073684654119,4.599126926702829,14.532726123078662,80.86814695021852
436.7997708423313,4.599119458037349,14.532730086907467,80.86815045505519
436.8921678922332,4.599111992966856,14.532734048771262,80.86815395826189
436.9845596182807,4.5991045314702665,14.532738008680745,80.86815745984899
437.0769460236205,4.599097073571708,14.532741966614507,80.86816095981378
437.169327111414,4.599089619161926,14.532745922645654,80.86816445819242
437.2617028847469,4.599082168214472,14.532749876789264,80.86816795499627
437.35407334668577,4.599074720704345,14.532753829059414,80.86817145023623
437.44643850027734,4.599067276605508,14.532757779470984,80.8681749439235
437.5387983485499,4.599059835892794,14.532761728038142,80.86817843606906
437.63115289451315,4.599052398540991,14.532765674775252,80.86818192668376
437.7235021411577,4.599044964525401,14.532769619696323,80.86818541577827
437.81584609145597,4.599037533821727,14.532773562815112,80.86818890336316
437.9081847483626,4.599030106405855,14.532777504145312,80.86819238944884
438.00051811481393,4.599022682254098,14.532781443700351,80.86819587404554
438.09284619372903,4.599015261343071,14.532785381493518,80.8681993571634
438.18516898800954,4.59900784364968,14.532789317537945,80.86820283881238
438.27748650053996,4.599000429151292,14.532793251846442,80.86820631900227
438.36979873418767,4.598993017825535,14.532797184431725,80.86820979774274
438.46210569180363,4.5989856096503186,14.53280111530634,80.86821327504335
438.55440737622285,4.598978204603968,14.532805044482574,80.86821675091346
438.6467037902632,4.598970802665016,14.53280897197265,80.86822022536234
438.7389949367276,4.598963403812382,14.532812897788535,80.86822369839908
438.83128081840255,4.59895600802534,14.532816821941996,80.86822717003265
438.9235614380592,4.598948615283336,14.532820744444749,80.8682306402719
439.01583679845425,4.598941225566394,14.532824665308075,80.86823410912554
439.10810690232864,4.598933838854518,14.532828584543411,80.86823757660207
439.2003717524083,4.598926455128338,14.532832502161714,80.86824104270995
439.29263135140553,4.598919074368532,14.532836418174,80.86824450745746
439.38488570201724,4.5989116965562165,14.532840332591007,80.86824797085276
439.47713480692727,4.598904321672851,14.532844245423249,80.8682514329039
439.5693786688048,4.598896949700015,14.532848156681249,80.86825489361873
439.6616172903054,4.598889580619776,14.532852066375188,80.86825835300505
439.75385067407177,4.5988822144144175,14.532855974515147,80.86826181107043
439.8460788227328,4.598874851066546,14.532859881111005,80.86826526782245
439.9383017389047,4.598867490558965,14.532863786172598,80.86826872326844
440.0305194251906,4.598860132874899,14.532867689709446,80.86827217741566
440.1227318841815,4.598852777997801,14.53287159173098,80.86827563027121
440.2149391184553,4.598845425911348,14.53287549224652,80.86827908184213
440.307141130578,4.598838076599723,14.532879391265013,80.86828253213525
440.3993379231038,4.598830730047046,14.53288328879559,80.86828598115736
440.4915294985749,4.598823386238015,14.532887184846926,80.86828942891506
440.5837158595225,4.598816045157474,14.532891079427678,80.86829287541485
440.6758970084653,4.598808706790607,14.532894972546284,80.8682963206631
440.7680729479117,4.5988013711228435,14.532898864211042,80.86829976466612
440.86024368035913,4.598794038140291,14.532902754429946,80.86830320742976
440.9524092082941,4.598786707829611,14.532906643210527,80.86830664895986
441.0445695341939,4.598779380176844,14.532910530560825,80.86831008926232
441.13672466052424,4.5987720551686335,14.532914416488419,80.86831352834295
441.2288745897413,4.59876473279168,14.532918301000922,80.8683169662074
441.32101932429055,4.598757413033043,14.532922184105725,80.86832040286123
441.4131588666089,4.598750095879965,14.532926065810138,80.86832383830989
441.50529321912245,4.598742781320006,14.53292994612127,80.86832727255873
441.59742238424843,4.598735469341002,14.532933825046074,80.86833070561292
441.6895463643944,4.598728159931077,14.532937702591322,80.8683341374776
441.78166516196006,4.598720853078416,14.532941578763827,80.86833756815776
441.87377877933505,4.598713548771738,14.532945453570004,80.86834099765827
441.9658872188999,4.598706246999824,14.532949327016292,80.86834442598388
442.0579904830279,4.598698947751705,14.532953199108997,80.8683478531393
442.15008857408304,4.5986916510167415,14.532957069854213,80.86835127912904
442.2421814944221,4.598684356784547,14.53296093925788,80.86835470395756
442.3342692463926,4.59867706504493,14.532964807325854,80.86835812762921
442.42635183233534,4.5986697757879655,14.532968674063826,80.86836155014821
442.51842925458317,4.598662489003939,14.532972539477388,80.86836497151867
442.6105015154616,4.598655204683287,14.532976403572077,80.86836839174464
442.70256861728785,4.598647922816984,14.532980266353016,80.86837181083
442.79463056237364,4.598640643395966,14.532984127825447,80.86837522877859
442.88821151622466,4.598633189133018,14.532988084962389,80.8683787259046
442.9817870483821,4.598625739116402,14.53299203976852,80.86838222111507
443.07535716254216,4.598618293315805,14.532995992253964,80.86838571443023
443.1689218623775,4.598610851689692,14.532999942442398,80.86838920586791
443.26248115152924,4.59860341419726,14.53300389035704,80.8683926954457
443.3560350336084,4.598595980798358,14.53300783602075,80.86839618318089
443.4495835121955,4.5985885514533535,14.533011779456118,80.86839966909054
443.5431265908424,4.598581126123253,14.533015720685377,80.86840315319137
443.63666427307066,4.598573704769867,14.533019659730234,80.8684066354999
443.7301965623746,4.598566287355266,14.533023596612388,80.86841011603234
443.82372346221916,4.598558873842511,14.533027531352824,80.86841359480466
443.91724497604184,4.598551464195006,14.533031463972451,80.86841707183254
444.01076110725273,4.598544058376806,14.533035394491778,80.86842054713142
444.1042718592356,4.598536656352701,14.533039322930849,80.86842402071646
444.19777723534764,4.5985292580878925,14.533043249309557,80.86842749260255
444.29127723891963,4.598521863548204,14.533047173647414,80.86843096280438
444.3847718732576,4.598514472700217,14.533051095963453,80.86843443133634
444.47826114164155,4.598507085511797,14.533055016276087,80.86843789821212
444.57174504732785,4.598499701950788,14.533058934603604,80.86844136344561
444.6652235935493,4.598492321985173,14.533062850964379,80.86844482705044
444.75869678351415,4.598484945583743,14.53306676537623,80.86844828904003
444.85216462040773,4.5984775727159475,14.533070677856557,80.86845174942749
444.94562710739183,4.598470203351488,14.533074588422753,80.86845520822577
445.03908424760624,4.59846283749675,14.533078497066116,80.86845866543713
445.1325360441927,4.598455475116219,14.533082403807615,80.86846212107616
445.2259825002675,4.598448116137242,14.53308630869477,80.86846557516797
445.3194236188941,4.598440760534116,14.533090211742195,80.86846902772369
445.41285940311724,4.598433408281734,14.533094112964065,80.8684724787542
445.5062898559626,4.5984260593550905,14.533098012374596,80.86847592827031
445.5997149804373,4.598418713729592,14.533101909987757,80.86847937628265
445.6931347795292,4.598411371380988,14.533105805817307,80.8684828228017
445.7865492562084,4.598404032285523,14.533109699876674,80.8684862678378
445.87995841342695,4.598396696419484,14.533113592179353,80.86848971140117
445.97336225411885,4.598389363759681,14.533117482738481,80.86849315350184
446.066760781201,4.598382034283182,14.533121371567075,80.86849659414975
446.1601539975723,4.598374707967377,14.533125258677984,80.86850003335464
446.2535419061154,4.598367384790024,14.53312914408382,80.86850347112615
446.3469245096955,4.5983600647291585,14.533133027797057,80.86850690747379
446.4403018111611,4.598352747763088,14.533136909830038,80.86851034240688
446.53367381334516,4.598345433870634,14.533140790194743,80.86851377593463
446.6270405190636,4.598338123030697,14.533144668903184,80.86851720806611
446.7204019311169,4.598330815222623,14.533148545967087,80.8685206388103
446.8137580522898,4.598323510426094,14.533152421397965,80.86852406817594
446.90710888535153,4.598316208620947,14.533156295207322,80.86852749617172
447.0004544330567,4.598308909787459,14.53316016740634,80.8685309228062
447.09379469814394,4.59830161390611,14.533164038006142,80.86853434808775
447.18712968333784,4.59829432095784,14.533167907017521,80.86853777202464
447.2804593913481,4.598287030923785,14.533171774451207,80.86854119462501
447.3737838248709,4.598279743785316,14.533175640317817,80.86854461589687
447.4671029865876,4.598272459524215,14.533179504627695,80.8685480358481
447.56041687916496,4.598265178122433,14.533183367391134,80.86855145448644
447.65372550525785,4.598257899562403,14.533187228618091,80.86855487181951
447.7470288675066,4.598250623826676,14.533191088318508,80.86855828785482
447.84032696853825,4.598243350898187,14.533194946502089,80.86856170259973
447.9336198109672,4.598236080760056,14.533198803178463,80.86856511606149
448.0269073973952,4.598228813396141,14.533202658356812,80.86856852824704
448.1201897304108,4.598221548790842,14.533206512046027,80.86857193916313
448.21346681259223,4.598214286928207,14.533210364255176,80.86857534881662
448.306738646504,4.598207027792521,14.533214214993226,80.86857875721425
448.40000523469945,4.5981997713683604,14.53321806426896,80.86858216436268
448.49326657971966,4.598192517640564,14.53322191209103,80.86858557026841
448.58652268409475,4.598185266594221,14.533225758467951,80.86858897493782
448.67977355034265,4.598178018214896,14.533229603407879,80.86859237837723
448.7730191809708,4.598170772488039,14.533233446919205,80.86859578059276
448.86625957847536,4.598163529399721,14.53323728900982,80.86859918159047
448.959494745342,4.598156288936146,14.533241129687585,80.86860258137627
449.0527246840451,4.598149051083646,14.53324496896036,80.868605979956
449.1459493970499,4.598141815829043,14.533248806835628,80.86860937733533
449.2391688868099,4.598134583159205,14.533252643320937,80.86861277351986
449.33238315577,4.59812735306152,14.533256478423423,80.86861616851506
449.4255922063647,4.5981201255234385,14.533260312150286,80.86861956232627
449.51879604101833,4.5981129005326755,14.533264144508557,80.86862295495877
449.6119946621462,4.598105678077224,14.53326797550511,80.86862634641767
449.70518807215507,4.598098458145368,14.53327180514663,80.86862973670802
449.7983762734419,4.598091240725615,14.533275633439699,80.86863312583469
449.89155926839436,4.598084025806689,14.533279460390775,80.86863651380254
449.98473705939244,4.598076813377551,14.533283286006204,80.86863990061624
450.0779096488068,4.59806960342752,14.53328711029207,80.8686432862804
450.171077039,4.598062395946086,14.533290933254396,80.86864667079952
450.2642392323263,4.598055190922839,14.533294754899204,80.86865005417796
450.35739623113204,4.598047988347911,14.533298575232086,80.86865343642
450.45054803775594,4.598040788211411,14.533302394258762,80.86865681752982
450.5436946545285,4.598033590503784,14.533306211984717,80.8686601975115
450.63683608377386,4.598026395215713,14.533310028415297,80.86866357636899
450.7299723278076,4.598019202338137,14.533313843555696,80.86866695410617
450.82310338893865,4.598012011862139,14.533317657411072,80.86867033072679
450.9177621175929,4.598004649067562,14.533321565558365,80.86867378537409
451.0124153981734,4.5979972904502215,14.533325471413011,80.86867723813677
451.1070632343783,4.597989935980749,14.533329374984474,80.86868068903478
451.20170562988153,4.597982585618248,14.533333276296107,80.86868413808564
451.2963425883265,4.597975239322679,14.533337175370672,80.86868758530666
451.3909741133252,4.5979678970550815,14.533341072229758,80.86869103071517
451.48560020846054,4.597960558774444,14.533344966898534,80.86869447432701
451.5802208772847,4.597953224445012,14.53334885939557,80.86869791615942
451.6748361233218,4.597945894028775,14.533352749743115,80.86870135622812
451.76944595006773,4.597938567488997,14.53335663796212,80.86870479454889
451.86405036099063,4.5979312447892875,14.533360524073291,80.86870823113742
451.95864935952994,4.597923925893599,14.53336440809724,80.86871166600916
452.05324294909855,4.597916610766724,14.533368290053996,80.86871509917928
452.14783113308283,4.597909299373829,14.533372169963465,80.8687185306627
452.2424139148422,4.5979019916808275,14.533376047845065,80.8687219604741
452.3369912977096,4.5978946876541,14.533379923718002,80.86872538862791
452.4315632849931,4.597887387260637,14.533383797601102,80.86872881513827
452.52612987997566,4.597880090467954,14.533387669512937,80.86873224001911
452.6206910859154,4.597872797244255,14.533391539471625,80.86873566328411
452.71524690604656,4.597865507558193,14.533395407495082,80.86873908494672
452.8097973435788,4.597858221378909,14.533399273600969,80.86874250502012
452.90434240169867,4.597850938676242,14.533403137806506,80.86874592351725
452.9988820835697,4.5978436594205805,14.533407000128594,80.86874934045083
453.0934163923329,4.597836383582657,14.533410860584025,80.86875275583331
453.1879453311071,4.597829111194876,14.533414719145723,80.8687561696594
453.2824689030318,4.597821842165244,14.533418575874766,80.86875958195999
453.3769871111802,4.597814576455639,14.533422430794563,80.8687629927498
453.4714999585977,4.597807314041426,14.53342628391902,80.86876640203955
453.56600744830996,4.5978000548980305,14.53343013526212,80.86876980983985
453.66050958332426,4.5977927990014456,14.533433984837426,80.86877321616113
453.7550063666292,4.597785546327671,14.53343783265863,80.86877662101371
453.8494978011952,4.597778296853447,14.533441678738876,80.86878002440767
453.9439838899746,4.59777105055554,14.53344552309134,80.86878342635312
454.0384646359025,4.597763807411105,14.53344936572899,80.8687868268599
454.1329400418959,4.5977565673976315,14.533453206664603,80.86879022593776
454.22741011085463,4.597749330492904,14.533457045910803,80.86879362359629
454.3218748456613,4.597742096675137,14.533460883479904,80.86879701984496
454.41633424918166,4.597734865922569,14.533464719384357,80.86880041469307
454.5107883242654,4.597727638214112,14.533468553636053,80.86880380814983
454.60523707374534,4.597720413528775,14.533472386246931,80.8688072002243
454.6996805004386,4.597713191845973,14.53347621722867,80.86881059092535
454.79411860714583,4.597705973145237,14.533480046592938,80.86881398026182
454.88855139665253,4.597698757406656,14.533483874350999,80.86881736824235
454.9829788717284,4.59769154461047,14.533487700514094,80.86882075487544
455.0774010351287,4.5976843347372265,14.533491525093284,80.8688241401695
455.17181788959255,4.59767712776775,14.533495348099482,80.86882752413277
455.26622943784537,4.597669923683429,14.533499169543212,80.86883090677335
455.3606356825977,4.597662722466514,14.53350298943461,80.86883428809888
455.45503662654664,4.597655524098737,14.533506807784061,80.8688376681172
455.5494322723745,4.597648328562146,14.533510624601773,80.86884104683608
455.64382262275,4.597641135839148,14.533514439897695,80.86884442426316
455.7382076803289,4.597633945912161,14.533518253681924,80.86884780040592
455.8325874477527,4.597626758764206,14.533522065964041,80.86885117527174
455.9269619276506,4.5976195743783235,14.533525876753759,80.86885454886792
456.02133112263755,4.597612392738179,14.533529686060277,80.86885792120154
456.11569503531643,4.597605213827197,14.533533493893147,80.86886129227966
456.2100536682769,4.597598037629512,14.533537300261349,80.86886466210915
456.3044070240978,4.597590864129413,14.533541105173816,80.86886803069677
456.39875510534335,4.59758369331138,14.533544908639415,80.86887139804921
456.49309791456795,4.597576525160282,14.533548710666738,80.86887476417299
456.5874354543129,4.59756935966114,14.533552511264341,80.86887812907452
456.68176772710876,4.597562196799283,14.533556310440598,80.86888149276012
456.7760947354738,4.597555036560425,14.533560108203597,80.86888485523598
456.87041648191587,4.597547878930217,14.53356390456161,80.86888821650817
456.9647329689311,4.597540723895026,14.533567699522324,80.86889157658264
457.05904419900554,4.597533571441055,14.53357149309368,80.86889493546526
457.15335017461416,4.5975264215550595,14.533575285283193,80.86889829316175
457.2476508982215,4.597519274223859,14.533579076098416,80.86890164967772
457.34194637228256,4.597512129434676,14.53358286554662,80.8689050050187
457.4362365992412,4.5975049871748865,14.533586653635023,80.8689083591901
457.5305215815324,4.5974978474321135,14.53359044037071,80.86891171219717
457.6248013215809,4.5974907101943625,14.533594225760499,80.86891506404514
457.71907582180233,4.597483575449647,14.533598009811291,80.86891841473907
457.8133450846026,4.597476443186464,14.533601792529636,80.86892176428391
457.90760911237834,4.597469313393307,14.53360557392216,80.86892511268454
458.00186790751803,4.597462186059267,14.53360935399503,80.86892845994569
458.096121472401,4.597455061173351,14.533613132754585,80.86893180607207
458.1903698093983,4.597447938724847,14.533616910206995,80.86893515106816
458.28461292087167,4.59744081870352,14.533620686358045,80.86893849493843
458.3788508091756,4.5974337010990824,14.533624461213691,80.86894183768723
458.47308347665603,4.597426585901576,14.533628234779645,80.86894517931877
458.56731092565065,4.597419473101432,14.533632007061344,80.86894851983722
458.6615331584911,4.597412362689022,14.533635778064394,80.86895185924658
458.75575017749975,4.5974052546552695,14.533639547793923,80.8689551975508
458.8499619849921,4.597398148990988,14.533643316255281,80.86895853475373
458.94416858327656,4.597391045687665,14.53364708345334,80.868961870859
459.0399115144717,4.597383772805337,14.53365094344492,80.86896528374974
459.13564897126446,4.597376504033974,14.53365480117999,80.86896869478603
459.23138095735527,4.597369239344191,14.533658656668408,80.8689721039874
459.32710747641994,4.597361978696101,14.533662509932793,80.8689755113711
459.42282853210367,4.597354722050051,14.533666360995792,80.86897891695416
459.5185441280207,4.5973474693672305,14.533670209879466,80.8689823207533
459.61425426775605,4.5973402206092935,14.533674056605683,80.86898572278503
459.70995895486413,4.597332975738556,14.533677901195905,80.86898912306553
459.805658192871,4.597325734718019,14.533681743671162,80.86899252161082
459.9013519852739,4.597318497511021,14.533685584052408,80.86899591843657
459.997040335541,4.5973112640816955,14.533689422360052,80.86899931355825
460.092723247114,4.597304034394655,14.533693258614285,80.86900270699105
460.18840072340635,4.597296808415099,14.533697092834952,80.86900609874995
460.28407276780456,4.597289586108863,14.533700925041511,80.86900948884963
460.37973938366946,4.5972823674422605,14.533704755253197,80.86901287730454
460.47540057433554,4.59727515238217,14.533708583488918,80.86901626412892
460.57105634311137,4.597267940896175,14.533712409767125,80.8690196493367
460.66670669328033,4.597260732952112,14.533716234106251,80.86902303294164
460.76235162810116,4.597253528518729,14.53372005652408,80.86902641495719
460.8579911508087,4.597246327565047,14.533723877038321,80.86902979539663
460.95362526461366,4.597239130060691,14.533727695666368,80.86903317427294
461.0492539727029,4.59723193597597,14.533731512425119,80.86903655159891
461.1448772782402,4.597224745281602,14.533735327331332,80.86903992738706
461.24049518436743,4.597217557948758,14.533739140401522,80.86904330164973
461.3361076942032,4.597210373949316,14.533742951651742,80.86904667439893
461.43171481084516,4.597203193324592,14.53374676104875,80.86905004562665
461.52731653741756,4.597196015963364,14.533750568667331,80.86905341536931
461.62291287696456,4.597188841841165,14.53375437452141,80.86905678363743
461.7185038325111,4.597181670934091,14.53375817862449,80.86906015044141
461.81408940706285,4.5971745032183025,14.533761980990148,80.86906351579155
461.9096696036074,4.59716733867052,14.53376578163155,80.86906687969793
462.0052444251149,4.597160177267679,14.5337695805618,80.86907024217052
462.1008138745359,4.597153018987038,14.533773377793793,80.86907360321916
462.1963779548039,4.597145863806164,14.533777173340237,80.8690769628536
462.2919366688355,4.59713871170289,14.533780967213744,80.86908032108336
462.3874900195288,4.597131562655447,14.533784759426652,80.8690836779179
462.4830380097657,4.597124416642343,14.533788549991156,80.8690870333665
462.57858064241134,4.59711727364243,14.533792338919243,80.86909038743832
462.67411792031413,4.597110133635486,14.533796126222462,80.86909374014205
462.76964984630655,4.597102996601256,14.533799911912235,80.86909709148651
462.865176423205,4.597095862519343,14.5338036960002,80.86910044148046
462.9606976538104,4.597088731369859,14.533807478497614,80.86910379013253
463.0562135409077,4.597081603133061,14.533811259415705,80.86910713745124
463.15172408726687,4.597074477789548,14.5338150387655,80.86911048344496
463.24722929564206,4.5970673553201795,14.533818816557881,80.86911382812194
463.3427291687729,4.597060235706215,14.53382259280347,80.86911717149032
463.4382237093842,4.597053118929046,14.533826367512873,80.86912051355807
463.53371292018596,4.597046004970474,14.533830140696418,80.86912385433311
463.6291968038746,4.597038893812592,14.53383391236426,80.86912719382315
463.72467536313167,4.597031785437604,14.533837682526569,80.86913053203583
463.8201486006248,4.597024679828165,14.533841451193188,80.86913386897865
463.9156165190087,4.597017576967204,14.533845218373806,80.869137204659
464.0110791209242,4.597010476837805,14.533848984078073,80.86914053908411
464.10653640899835,4.59700337942341,14.53385274831542,80.86914387226118
464.2019883858462,4.5969962847078385,14.533856511094989,80.86914720419718
464.2974350540695,4.596989192674905,14.533860272426075,80.86915053489902
464.39287641625714,4.596982103308952,14.533864032317547,80.8691538643735
464.48831247498606,4.59697501659449,14.533867790778226,80.86915719262728
464.5837432328202,4.596967932516292,14.53387154781679,80.86916051966692
464.67916869231243,4.59696085105939,14.533875303441764,80.86916384549885
464.77458885600345,4.596953772209086,14.533879057661528,80.86916717012939
464.87000372642217,4.596946695950915,14.53388281048434,80.86917049356475
464.9654133060862,4.59693962227077,14.533886561918209,80.86917381581102
465.0608175975021,4.596932551154685,14.53389031197112,80.8691771368742
465.1562166031653,4.596925482589014,14.533894060650848,80.86918045676013
465.2516103255608,4.596918416560417,14.533897807964971,80.86918377547461
465.3469987671626,4.596911353055549,14.533901553921183,80.86918709302327
465.44238193043384,4.5969042920616685,14.533905298526687,80.86919040941166
465.5377598178279,4.596897233566046,14.533909041788778,80.86919372464519
465.6331324317879,4.596890177556288,14.53391278371452,80.8691970387292
465.7284997747473,4.59688312402016,14.533916524310936,80.86920035166891
465.8238618491302,4.596876072945834,14.53392026358474,80.86920366346942
465.91921865735065,4.596869024321569,14.533924001542676,80.86920697413575
466.01457020181255,4.5968619781359115,14.533927738191279,80.86921028367281
466.10991648491273,4.596854934377707,14.533931473536924,80.86921359208536
466.20525750903755,4.596847893035912,14.53393520758595,80.86921689937813
466.300593276565,4.596840854099901,14.533938940344395,80.8692202055557
466.3959237898644,4.596833817559938,14.533942671817918,80.86922351062215
466.4912490512977,4.596826783405937,14.533946402012216,80.86922681458184
466.58656906321823,4.59681975162774,14.533950130933171,80.86923011743909
466.6818838279711,4.596812722215589,14.533953858586349,80.86923341919807
466.77719334789384,4.596805695159892,14.533957584977253,80.86923671986285
466.8724976253161,4.596798670451319,14.533961310111227,80.86924001943746
466.9677966625603,4.596791648080578,14.533965033993661,80.86924331792575
467.06309046194036,4.596784628038996,14.533968756629445,80.86924661533156
467.1583790257645,4.596777610317655,14.533972478023797,80.86924991165854
467.25521259469565,4.59677042571298,14.53397629073664,80.86925328355038
467.35204066286013,4.596763245149391,14.533980101231418,80.86925665361919
467.4488632339574,4.596756068598157,14.533983909517659,80.86926002188419
467.54568031166156,4.596748896019822,14.533987715617865,80.86926338836231
467.6424918996169,4.596741727375674,14.533991519554041,80.86926675307029
467.73929800143605,4.596734562708554,14.53399532126682,80.86927011602462
467.83609862075576,4.596727401732472,14.533999121023925,80.8692734772436
467.9328937610183,4.596720244663981,14.534002918597237,80.86927683673878
468.0296834258064,4.596713091380377,14.534006714091538,80.86928019452809
468.1264676186151,4.5967059418457215,14.534010507527334,80.86928355062695
468.2232463429124,4.596698796024782,14.534014298924669,80.86928690505056
468.3200196021382,4.596691653882675,14.534018088303466,80.86929025781386
468.4167873997049,4.596684515385302,14.534021875683143,80.86929360893156
468.51354973899845,4.596677380498998,14.534025661082897,80.8692969584181
468.6103066233774,4.596670249190655,14.534029444521629,80.86930030628771
468.7070580561754,4.596663121427783,14.534033226017854,80.86930365255436
468.80380404069973,4.596655997178335,14.534037005589878,80.86930699723179
468.90054458023303,4.596648876410893,14.534040783255628,80.86931034033348
468.9972796780328,4.596641759094572,14.534044559032724,80.8693136818727
469.09400933733235,4.596634645198943,14.534048332938562,80.8693170218625
469.190733561341,4.59662753469419,14.534052104990158,80.86932036031565
469.28745235324516,4.596620427551013,14.534055875204249,80.86932369724474
469.3841657162074,4.596613323740612,14.534059643597299,80.86932703266208
469.4808736533675,4.596606223234661,14.534063410185516,80.86933036657982
469.5775761678435,4.596599126005447,14.534067174984727,80.86933369900983
469.67427326273173,4.5965920320492835,14.534070937993754,80.86933702995695
469.7709649411231,4.596584941354481,14.534074699217003,80.86934035942852
469.8676512060995,4.59657785384226,14.534078458706597,80.86934368745115
469.96433206068286,4.596570769489026,14.534082216475941,80.86934701403503
470.06100750787755,4.59656368827197,14.534085972537966,80.86935033919006
470.1576775506686,4.59655661016877,14.5340897269053,80.86935366292593
470.25434219202396,4.59654953515681,14.534093479590801,80.8693569852524
470.3510014348944,4.596542463213744,14.534097230607133,80.86936030617913
470.4476552822119,4.596535394317565,14.53410097996678,80.86936362571566
470.5443037368907,4.5965283284465,14.534104727682134,80.86936694387137
470.6409468018281,4.596521265579329,14.534108473765162,80.8693702606555
470.73758447990537,4.596514205694815,14.534112218227976,80.86937357607721
470.8342167739858,4.596507148772173,14.53411596108237,80.86937689014546
470.93084368691666,4.596500094790969,14.534119702339918,80.86938020286911
471.027465221529,4.596493043730903,14.534123442012184,80.86938351425691
471.12408138063756,4.596485995572226,14.534127180110318,80.86938682431746
471.22069216704114,4.596478950295202,14.534130916645577,80.86939013305923
471.317297583523,4.596471907880502,14.534134651628932,80.86939344049057
471.4138976328517,4.596464868309113,14.534138385071182,80.8693967466197
471.5104923177794,4.596457831562224,14.534142116983032,80.86940005145475
471.6070816410441,4.596450797621475,14.534145847374866,80.86940335500366
471.7036656053689,4.5964437664685915,14.534149576257107,80.8694066572743
471.8002442134625,4.596436738085623,14.534153303639973,80.8694099582744
471.89681746801944,4.596429712455059,14.534157029533368,80.86941325801158
471.9933853717198,4.596422689559443,14.534160753947253,80.8694165564933
472.0899479272297,4.596415669381789,14.534164476891249,80.86941985372697
472.1865051372021,4.5964086519051435,14.534168198375053,80.86942314971981
472.2830570042764,4.596401637113078,14.53417191840797,80.86942644447895
472.3796035310787,4.596394624989263,14.534175636999308,80.86942973801143
472.47614472022155,4.596387615517779,14.534179354158095,80.86943303032412
472.572680574306,4.596380608682753,14.534183069893409,80.86943632142383
472.6692110959192,4.596373604468789,14.534186784213993,80.86943961131722
472.76573628763657,4.596366602860642,14.534190497128522,80.86944290001084
472.86225615202125,4.596359603843398,14.534194208645484,80.86944618751112
472.9587706916241,4.596352607402257,14.534197918773348,80.86944947382439
473.05527990898463,4.596345613522874,14.534201627520241,80.86945275895688
473.1517838066302,4.596338622191041,14.53420533489427,80.86945604291469
473.24828238707687,4.59633163339279,14.534209040903404,80.8694593257038
473.34477565283026,4.5963246471144785,14.534212745555408,80.8694626073301
473.44126360638444,4.596317663342578,14.534216448858029,80.8694658877994
473.5377462502223,4.596310682063993,14.5342201508187,80.8694691671173
473.63422358681663,4.596303703265717,14.534223851444864,80.86947244528942
473.73069561862934,4.5962967269350985,14.534227550743722,80.86947572232118
473.82716234811244,4.59628975306023,14.534231248722113,80.86947899821766
473.9236237777081,4.596282781629306,14.534234945386729,80.86948227298396
474.02007990984964,4.59627581263033,14.534238640744437,80.86948554662523
474.11653074695903,4.596268846051529,14.534242334801961,80.86948881914651
474.2129762914507,4.5962618818813255,14.534246027565962,80.86949209055273
474.30941654572825,4.596254920108557,14.534249719042764,80.86949536084867
474.4058515121869,4.596247960722138,14.534253409238726,80.86949863003913
474.50228119321247,4.596241003711245,14.53425709816005,80.8695018981287
474.59870559118235,4.596234049065302,14.534260785812778,80.86950516512192
474.6951247084649,4.596227096773923,14.534264472202876,80.8695084310232
474.7915385474202,4.596220146827024,14.5342681573361,80.86951169583688
474.88794711040003,4.596213199214726,14.534271841218096,80.86951495956718
474.98435039974856,4.596206253927301,14.53427552385447,80.86951822221823
475.0807484178016,4.596199310955307,14.534279205250622,80.86952148379407
475.177141166887,4.59619237028948,14.534282885411878,80.86952474429864
475.2735286493256,4.596185431920853,14.534286564343374,80.86952800373577
475.3699108674303,4.596178495840573,14.534290242050204,80.86953126210923
475.46628782350695,4.59617156204005,14.534293918537312,80.86953451942264
475.5642184634493,4.596164463887315,14.534297684960615,80.86953785115207
475.66214357605014,4.5961573697072895,14.53430144920371,80.869541181089
475.76006316500644,4.5961502794721145,14.53430521127556,80.86954450925232
475.8579772339922,4.596143193143239,14.534308971198055,80.86954783565871
475.95588578664984,4.596136110682558,14.534312728992896,80.86955116032455
476.05378882659136,4.596129032052608,14.534316484681401,80.86955448326599
476.1516863573992,4.596121957216373,14.534320238284682,80.86955780449895
476.24957838262594,4.5961148861375145,14.534323989823422,80.86956112403907
476.3474649057954,4.596107818780267,14.534327739317982,80.86956444190176
476.4453459304029,4.596100755109376,14.534331486788446,80.86956775810218
476.543221459915,4.596093695090134,14.534335232254605,80.86957107265526
476.64109149777045,4.596086638688342,14.534338975735976,80.86957438557569
476.73895604738135,4.5960795858705685,14.534342717251548,80.86957769687788
476.83681511213325,4.596072536603591,14.534346456820337,80.86958100657607
476.93466869538423,4.596065490855072,14.534350194460725,80.8695843146842
477.0325168004669,4.596058448592859,14.534353930191116,80.86958762121603
477.1303594306881,4.596051409785687,14.534357664029281,80.86959092618503
477.2281965893299,4.596044374402525,14.534361395992986,80.86959422960449
477.3260282796495,4.596037342413064,14.534365126099496,80.86959753148744
477.4238545048795,4.596030313787423,14.534368854365878,80.8696008318467
477.5216752682289,4.5960232884962195,14.534372580808933,80.86960413069485
477.61949057288285,4.596016266511622,14.534376305444557,80.86960742804382
477.7173004220046,4.596009247805384,14.534380028288846,80.86961072390577
477.8151048187348,4.596002232349535,14.534383749357854,80.86961401829261
477.9129037661909,4.59599522011689,14.534387468667065,80.86961731121605
478.0106972674695,4.595988211080522,14.534391186231943,80.86962060268755
478.10848532564546,4.595981205261033,14.534394902034117,80.86962389270485
478.20626794380627,4.595974202594241,14.534398616115297,80.86962718129045
478.3040451249913,4.595967203033477,14.534402328505175,80.86963046846135
478.4018168728725,4.595960206555988,14.534406039216611,80.8696337542274
478.4995831890965,4.595953213139431,14.534409748262277,80.86963703859828
478.5973440772991,4.595946222761483,14.534413455654892,80.86964032158363
478.6950995404283,4.59593923540037,14.534417161406738,80.86964360319288
478.79284958141545,4.5959322510344975,14.534420865530063,80.86964688343544
478.8905942031739,4.595925269642496,14.534424568037037,80.86965016232045
478.98833340860017,4.595918291203413,14.534428268939536,80.86965343985705
479.0860672005738,4.595911315696529,14.53443196824932,80.86965671605415
479.183795581957,4.595904343101522,14.534435665977902,80.86965999092057
479.28151855559634,4.595897373398171,14.534439362136803,80.86966326446503
479.37923612432064,4.595890406566824,14.534443056737112,80.86966653669606
479.47694829094513,4.595883442587773,14.534446749790082,80.86966980762215
479.57465505826696,4.595876481441806,14.534450441306618,80.86967307725158
479.67235642906854,4.5958695231100295,14.534454131297405,80.86967634559257
479.77005240611714,4.595862567573735,14.534457819773088,80.86967961265317
479.8677429921648,4.595855614814418,14.534461506744211,80.86968287844137
479.9654281899478,4.595848664814053,14.53446519222098,80.86968614296497
480.0631080021894,4.595841717554675,14.53446887621364,80.86968940623169
480.1607824315968,4.5958347730188445,14.534472558732045,80.8696926682491
480.2584514808638,4.595827831189164,14.534476239786112,80.86969592902472
480.3561151526702,4.595820892048599,14.534479919385529,80.86969918856587
480.45377344968153,4.595813955580374,14.534483597539827,80.8697024468798
480.5514263745495,4.595807021767905,14.534487274258467,80.86970570397362
480.64907392991313,4.5958000905950165,14.534490949550621,80.86970895985436
480.7467161183978,4.595793162045743,14.53449462342536,80.8697122145289
480.8443529426159,4.595786236104256,14.534498295891735,80.86971546800402
480.9419844051666,4.59577931275525,14.534501966958388,80.86971872028637
481.0396105086374,4.595772391983423,14.534505636634057,80.86972197138252
481.1372312556027,4.595765473773723,14.534509304927365,80.86972522129892
481.2348466486256,4.595758558111663,14.534512971846459,80.86972847004188
481.3324566902558,4.595751644982832,14.534516637399658,80.86973171761751
481.43006138303264,4.595744734373834,14.534520301594531,80.86973496403164
481.52766072948384,4.595737826270702,14.534523964439028,80.86973820929026
481.6252547321257,4.595730920659706,14.534527625940985,80.86974145339931
481.7228433934637,4.595724017527377,14.534531286108082,80.86974469636455
481.8204267159915,4.595717116860418,14.534534944947932,80.86974793819165
481.91800470219266,4.595710218645981,14.534538602467798,80.86975117888622
482.0155773545397,4.595703322952447,14.534542258593785,80.86975441845377
482.1131446755496,4.595696429518439,14.534545913579771,80.86975765690178
482.2107066675615,4.595689538585866,14.534549567182985,80.86976089423115
482.30826333307607,4.59568265005625,14.534553219494509,80.86976413044924
482.4058146745248,4.595675763998832,14.53455687044,80.86976736556117
482.50336069438447,4.595668880153413,14.534560520272564,80.86977059957403
482.60090139495543,4.595661998762621,14.534564168749121,80.86977383248825
482.69843677869903,4.595655119728859,14.534567815960276,80.86977706431087
482.79596684800987,4.595648243041377,14.534571461912115,80.8697802950465
482.8934916052737,4.595641368689399,14.53457510661086,80.86978352469973
482.99101105286644,4.59563449666262,14.534578750062357,80.86978675327502
483.08852519315616,4.59562762695072,14.534582392272549,80.86978998077673
483.1860340285019,4.595620759543728,14.534586033247143,80.86979320720913
483.28353756125557,4.5956138944319225,14.534589672991682,80.8697964325764
483.3810357937597,4.595607031605684,14.534593311511717,80.8697996568826
483.4785287283491,4.595600171055728,14.534596948812545,80.86980288013173
483.5760163673512,4.59559331277297,14.53460058489936,80.86980610232767
483.6734987130856,4.595586456748418,14.534604219777364,80.86980932347421
483.77097576786497,4.595579602973447,14.53460785345147,80.86981254357508
483.8684475339938,4.595572751439562,14.534611485926577,80.86981576263386
483.96748166893076,4.595565737930931,14.534615207042773,80.8698190550263
484.0665102497165,4.595558728335681,14.534618926011062,80.86982234565325
484.1655332800531,4.595551722626106,14.534622642840574,80.86982563453333
484.26455076361844,4.5955447207641535,14.534626357552968,80.86982892168288
484.36356270405884,4.595537722712304,14.534630070169602,80.8698322071181
484.4625691049908,4.595530728433622,14.534633780711504,80.86983549085487
484.5615699700011,4.595523737891715,14.534637489199396,80.86983877290889
484.6605653026456,4.595516751050801,14.534641195653641,80.86984205329556
484.7595551064529,4.595509767875613,14.534644900094321,80.86984533203007
484.8585393849218,4.5955027883313075,14.534648602541328,80.86984860912736
484.95751814152254,4.595495812383829,14.53465230301402,80.86985188460216
485.0564913796984,4.595488840000043,14.534656001530694,80.86985515846926
485.1554591028655,4.595481871145175,14.534659698113007,80.86985843074181
485.25442131441207,4.595474905789695,14.534663392775956,80.86986170143436
485.3533780177011,4.595467943900597,14.534667085538954,80.86986497056044
485.45232921607004,4.595460985446266,14.534670776420061,80.86986823813366
485.5512749128298,4.595454030395729,14.53467446543694,80.86987150416734
485.65021511126696,4.595447078718511,14.534678152606965,80.86987476867452
485.7491498146429,4.595440130384634,14.53468183794725,80.86987803166812
485.848079026194,4.595433185364593,14.53468552147465,80.86988129316074
485.94700274913293,4.595426243629444,14.534689203205692,80.86988455316487
486.04592098664926,4.595419305150762,14.534692883156595,80.86988781169265
486.14483374190917,4.5954123699005205,14.534696561343399,80.86989106875609
486.24374101805597,4.595405437851403,14.534700237781658,80.86989432436694
486.3426428182108,4.595398508976276,14.534703912486952,80.86989757853678
486.4415391454725,4.595391583248796,14.534707585474285,80.86990083127692
486.5404300029189,4.595384660642869,14.534711256758627,80.86990408259851
486.63931539360607,4.595377741196663,14.534714926309253,80.86990733249408
486.73819532061685,4.5953708248076515,14.534718594195118,80.86991058099723
486.83706978695585,4.595363911453398,14.534722260428945,80.86991382811766
486.9359387956089,4.595357001111657,14.5347259250234,80.86991707386494
487.0348023495443,4.595350093760745,14.534729587990721,80.86992031824853
487.13366045171216,4.595343189379046,14.534733249343217,80.86992356127773
487.23251310504406,4.595336287945272,14.534736909092953,80.86992680296177
487.33136031245596,4.595329389438571,14.534740567251717,80.86993004330971
487.4302020768448,4.595322493838172,14.534744223831353,80.86993328233048
487.5290384010916,4.5953156011237875,14.534747878843326,80.8699365200329
487.62786928806025,4.595308711275213,14.53475153229916,80.86993975642562
487.7266947405978,4.595301824272761,14.534755184209972,80.86994299151726
487.82551476153606,4.595294940096858,14.534758834586897,80.86994622531624
487.92432935368987,4.595288058728291,14.534762483440833,80.86994945783088
488.0231385198585,4.595281180148038,14.5347661307826,80.86995268906935
488.12194226282514,4.595274304337452,14.534769776622772,80.86995591903978
488.2207405853583,4.595267431278091,14.534773420971842,80.86995914775007
488.3195334902115,4.5952605609518296,14.534777063840087,80.86996237520808
488.41832098012225,4.595253693340833,14.534780705237631,80.86996560142154
488.5171030578143,4.595246828427456,14.534784345174517,80.86996882639804
488.61587972599676,4.5952399661944066,14.534787983660557,80.86997205014504
488.7146509873642,4.595233106624506,14.534791620705562,80.86997527266993
488.8134168445968,4.59522624970113,14.5347952563189,80.86997849397997
488.9121773003619,4.595219395407561,14.534798890510153,80.86998171408229
489.0109323573121,4.595212543728452,14.534802523288015,80.86998493298353
489.10968201808765,4.595205694647821,14.534806154661576,80.8699881506906
489.20842628531545,4.595198848149985,14.534809784639735,80.86999136721028
489.30716516160965,4.595192004219338,14.534813413231396,80.86999458254927
489.4058986495719,4.595185162840614,14.53481704044525,80.86999779671413
489.50462675179,4.595178323998866,14.53482066628978,80.87000100971136
489.60334947084027,4.595171487679223,14.534824290773491,80.87000422154729
489.702066809287,4.59516465386731,14.534827913904508,80.87000743222819
489.80077876968153,4.595157822548761,14.534831535691058,80.87001064176019
489.8994853545642,4.595150993709552,14.534835156141126,80.87001385014932
489.99818656646363,4.595144167335982,14.534838775262488,80.87001705740153
490.09688240789626,4.595137343414413,14.534842393062949,80.87002026352263
490.1955728813684,4.59513052193162,14.534846009550021,80.87002346851835
490.29425798937416,4.595123702874501,14.53484962473119,80.87002667239432
490.3929377343974,4.595116886230321,14.534853238613682,80.87002987515599
490.49161211891163,4.595110071986372,14.534856851204783,80.87003307680885
490.5902811453793,4.595103260130384,14.534860462511473,80.87003627735814
490.6889448162526,4.595096450650122,14.534864072540769,80.87003947680911
490.78760313397385,4.595089643533832,14.534867681299325,80.87004267516684
490.88625610097523,4.5950828387697875,14.534871288793868,80.87004587243635
490.98490371967927,4.5950760363465415,14.534874895030928,80.87004906862254
491.0835459924987,4.595069236252858,14.53487850001694,80.8700522637302
491.1821829218374,4.595062438477825,14.53488210375811,80.87005545776407
491.2808145100896,4.5950556430106575,14.534885706260606,80.87005865072874
491.3794407596405,4.595048849840731,14.534889307530536,80.87006184262873
491.47806167286666,4.595042058957819,14.534892907573719,80.87006503346846
491.5766772521358,4.595035270351764,14.534896506395976,80.87006822325226
491.6752874998067,4.595028484012655,14.534900104002999,80.87007141198434
491.77389241823136,4.595021699930888,14.534903700400248,80.87007459966887
491.8724920097518,4.595014918096963,14.534907295593188,80.87007778630985
491.97108627670315,4.595008138501563,14.534910889587186,80.87008097191125
492.06967522141196,4.595001361135805,14.534914482387274,80.87008415647692
492.1682588461975,4.594994585990739,14.534918073998625,80.87008734001063
492.26683715337174,4.594987813057745,14.534921664426195,80.87009052251605
492.3654101452392,4.594981042328433,14.534925253674787,80.87009370399679
492.46555419699513,4.594974112143272,14.534928930186163,80.87009695767057
492.56569266790484,4.594967185807373,14.53493260458489,80.87010020960774
492.6658255616699,4.5949602632935775,14.534936276879861,80.87010345982655
492.7659528819678,4.594953344645609,14.534939947011155,80.87010670834324
492.8660746325014,4.594946429578667,14.53494361524601,80.87010995517532
492.9661908167703,4.5949395183106825,14.534947281355226,80.87011320033409
493.06630143842233,4.594932610719256,14.534950945443558,80.87011644383719
493.1664065010151,4.594925706769271,14.534954607530947,80.87011968569978
493.2665060080763,4.594918806425849,14.534958267637327,80.87012292593683
493.3665999631058,4.594911909654987,14.534961925782,80.87012616456302
493.4666883695743,4.59490501642289,14.534965581984286,80.87012940159283
493.566771230926,4.594898126696566,14.53496923626294,80.8701326370405
493.6668485505771,4.594891240443429,14.53497288863652,80.87013587092005
493.76692033191597,4.59488435763134,14.534976539123395,80.87013910324526
493.86698657830595,4.594877478228839,14.534980187741454,80.87014233402971
493.9670472930838,4.5948706022048,14.53498383450849,80.87014556328671
494.0671024795602,4.5948637295287496,14.534987479441863,80.87014879102938
494.1671521410208,4.594856860170711,14.534991122558658,80.87015201727064
494.2671962807268,4.594849994101155,14.534994763875728,80.87015524202312
494.367234901915,4.594843131290922,14.534998403409785,80.8701584652993
494.4672680077972,4.59483627171169,14.53500204117691,80.87016168711139
494.56729560156265,4.594829415335318,14.535005677193224,80.87016490747145
494.66731768637675,4.594822562134324,14.535009311474406,80.87016812639128
494.76733426538294,4.594815712081584,14.535012944035977,80.87017134388243
494.86734534170114,4.594808865150629,14.535016574893028,80.87017455995634
494.9673509184299,4.594802021315299,14.535020204060544,80.87017777462415
495.06735099864636,4.594795180549991,14.535023831553156,80.87018098789686
495.167345585406,4.594788342842569,14.535027457375996,80.87018419978143
495.26733468175365,4.594781508201594,14.535031081519415,80.87018741027899
495.36731829073904,4.594774676543478,14.535034704039193,80.87019061941733
495.4672964153456,4.594767847846518,14.535038324947639,80.87019382720584
495.5672690585398,4.59476102208936,14.535041944256841,80.8701970336538
495.6672362232697,4.59475419925079,14.53504556197886,80.87020023877035
495.7671979124661,4.5947473793100455,14.535049178125432,80.87020344256453
495.86715412904204,4.594740562246489,14.535052792708292,80.87020664504522
495.9671048758931,4.594733748039822,14.535056405738972,80.87020984622121
496.0670501558983,4.594726936670111,14.535060017228748,80.87021304610114
496.1669899719203,4.594720128117599,14.535063627188865,80.87021624469354
496.2669243268046,4.594713322362833,14.535067235630356,80.87021944200681
496.366853223381,4.594706519386733,14.535070842564025,80.87022263804924
496.46677666446334,4.594699719170279,14.535074448000712,80.87022583282901
496.5666946528485,4.594692921694983,14.535078051950876,80.87022902635414
496.66660719131966,4.594686126942828,14.535081654424772,80.8702322186324
496.7665142826434,4.594679334896256,14.535085255432362,80.87023540967138
496.86641592957204,4.594672545537413,14.535088854983801,80.87023859947878
496.96631213484324,4.594665758848799,14.535092453089016,80.87024178806219
497.06620290117974,4.594658974813152,14.535096049757795,80.87024497542905
497.1660882312899,4.594652193413315,14.535099644999946,80.87024816158674
497.26596812786755,4.5946454146326845,14.535103238824835,80.87025134654249
497.36584259359284,4.594638638454632,14.535106831241961,80.87025453030341
497.4657116311317,4.594631864862948,14.535110422260523,80.87025771287652
497.5655752431367,4.594625093841611,14.535114011889638,80.87026089426875
497.6654334322468,4.594618325374935,14.535117600138204,80.87026407448687
497.7652862010881,4.59461155944734,14.535121187015108,80.87026725353755
497.8651335522729,4.5946047960435745,14.535124772529038,80.87027043142739
497.96497548840125,4.594598035148803,14.535128356688357,80.87027360816283
498.0648120120607,4.594591276748043,14.535131939501692,80.87027678375027
498.16464312582593,4.59458452082702,14.535135520977068,80.87027995819591
498.2644688322598,4.594577767371205,14.535139101122862,80.87028313150593
498.36428913391325,4.594571016366711,14.53514267994693,80.87028630368636
498.46410403332493,4.59456426779978,14.535146257457088,80.87028947474313
498.5639135330217,4.59455752165688,14.535149833661038,80.87029264468208
498.6637176355194,4.594550777924606,14.535153408566458,80.87029581350893
498.7635163433231,4.594544036589952,14.535156982180725,80.87029898122933
498.8633096589257,4.5945372976399845,14.53516055451125,80.87030214784876
498.9630975848103,4.594530561062221,14.535164125565093,80.8703053133727
499.062880123449,4.594523826844173,14.535167695349413,80.8703084778064
499.16265727730274,4.594517094973644,14.535171263871197,80.87031164115515
499.26242904882275,4.594510365438845,14.535174831137093,80.87031480342407
499.3621954404507,4.594503638227903,14.535178397153963,80.87031796461814
499.4619564546166,4.594496913329559,14.535181961928137,80.8703211247423
499.56171209374247,4.594490190732333,14.535185525466252,80.87032428380141
499.66146236024025,4.594483470425333,14.535189087774475,80.8703274418002
499.76120725651197,4.594476752397639,14.535192648859088,80.87033059874327
499.8609467849507,4.594470036638661,14.535196208726136,80.8703337546352
499.9606809479412,4.5944633231380605,14.535199767381506,80.87033690948043
500.0604097478579,4.594456611885666,14.535203324831015,80.87034006328332
500.1601331870676,4.594449902871429,14.53520688108045,80.87034321604811
500.25985126792847,4.59444319608569,14.535210436135305,80.870346367779
500.3595639927901,4.594436491518911,14.53521399000104,80.87034951848004
500.45927136468094,4.594429789161687,14.535217542683037,80.87035266815528
500.55897338456003,4.594423089005386,14.535221094186287,80.87035581680833
500.6586700554408,4.594416391041555,14.535224644515607,80.87035896444283
500.7583613796419,4.594409695261492,14.535228193675973,80.87036211106253
500.85804735947454,4.59440300165659,14.53523174167236,80.87036525667105
500.95772799724193,4.594396310218605,14.53523528850948,80.87036840127192
501.05740329524116,4.594389620939427,14.535238834191983,80.87037154486859
501.15865821208223,4.59438277472381,14.535242465758724,80.87037475951746
501.25990752368915,4.594375932286108,14.535246095252244,80.87037797246165
501.3611512337548,4.594369093599853,14.535249722681165,80.87038118371899
501.4623893459496,4.5943622586285215,14.53525334806624,80.87038439330524
501.563621863912,4.5943554273359375,14.535256971428137,80.87038760123593
501.66484879125056,4.594348599686775,14.53526059278689,80.87039080752633
501.7660701322494,4.594341775645983,14.535264212162469,80.87039401219155
501.86728588904856,4.594334955179188,14.535267829574474,80.87039721524634
501.96849606587284,4.594328138252525,14.535271445042167,80.87040041670531
502.0697006662152,4.594321324832517,14.535275058584645,80.87040361658285
502.17089969354,4.594314514886397,14.535278670220533,80.87040681489307
502.27209315128306,4.594307708381748,14.535282279968342,80.87041001164991
502.3732810428543,4.594300905286822,14.535285887846126,80.87041320686706
502.474463371636,4.594294105570206,14.535289493871831,80.87041640055797
502.5756401409846,4.594287309201154,14.53529309806295,80.8704195927359
502.6768113542301,4.5942805161492695,14.53529670043685,80.87042278341387
502.77797701467813,4.59427372638474,14.535300301010531,80.87042597260474
502.8791371256082,4.594266939878307,14.535303899800661,80.87042916032104
502.98029169027603,4.594260156601048,14.53530749682377,80.87043234657519
503.0814407119118,4.594253376524629,14.53531109209602,80.87043553137934
503.1825841937231,4.594246599621258,14.535314685633258,80.87043871474549
503.2837221388929,4.594239825863382,14.535318277451273,80.87044189668535
503.38485455058276,4.594233055224288,14.535321867565257,80.87044507721046
503.48598143193044,4.5942262876773565,14.535325455990474,80.87044825633217
503.5871027860513,4.594219523196737,14.535329042741662,80.8704514340616
503.68821861603976,4.5942127617568636,14.535332627833458,80.87045461040968
503.7893289249674,4.594206003332768,14.53533621128012,80.8704577853871
503.8904337158859,4.594199247934466,14.535339793071092,80.87046095899444
503.99153299185247,4.5941924955214315,14.53534337323156,80.870464131247
504.0926267558915,4.5941857460396625,14.535346951796594,80.87046730216375
504.1937150109836,4.594178999467902,14.535350528778215,80.87047047175389
504.29479776009146,4.594172255785225,14.535354104188261,80.8704736400265
504.3958750061601,4.594165514970738,14.535357678038677,80.87047680699058
504.4969467521171,4.594158777005024,14.535361250340358,80.87047997265462
504.59801300087327,4.594152041867852,14.535364821104835,80.87048313702732
504.6990737553218,4.5941453095392895,14.53536839034343,80.87048630011728
504.80012901833965,4.594138579999733,14.53537195806726,80.870489461933
504.90117879278705,4.594131853229941,14.535375524287195,80.87049262248287
505.00222308150705,4.594125129210605,14.535379089014292,80.8704957817751
505.10326188732745,4.594118407923108,14.535382652259038,80.87049893981786
505.20429521305925,4.594111689348841,14.53538621403202,80.87050209661915
505.30532306149814,4.594104973469553,14.5353897743436,80.87050525218685
505.40634543542495,4.594098260267213,14.535393333204008,80.87050840652878
505.50736233760364,4.594091549723987,14.53539689062342,80.87051155965258
505.6083737707838,4.594084841822579,14.535400446611568,80.87051471156586
505.7093797377009,4.594078136545606,14.535404001178401,80.87051786227599
505.8103802410745,4.5940714338744195,14.535407554334482,80.8705210117911
505.9113752836085,4.594064733790582,14.535411106090276,80.87052416011915
506.01236486799246,4.594058036276754,14.535414656455705,80.87052730726754
506.1133489969001,4.5940513413174555,14.535418205439573,80.87053045324298
506.21432767299183,4.5940446488973965,14.535421753050523,80.87053359805208
506.3153008989152,4.594037959001222,14.535425299297309,80.87053674170147
506.41626867730463,4.594031271613857,14.535428844188475,80.87053988419767
506.51723101078227,4.594024586720223,14.535432387732644,80.87054302554712
506.61818790195605,4.594017904305633,14.535435929938131,80.87054616575624
506.7191393534225,4.594011224355596,14.535439470813143,80.87054930483126
506.8200853677652,4.594004546855569,14.535443010366029,80.8705524427784
506.9210259475555,4.5939978717914745,14.535446548604764,80.87055557960376
507.02196109535294,4.593991199149362,14.53545008553729,80.87055871531335
507.12289081370454,4.593984528915629,14.53545362117131,80.87056184991306
507.22381510514583,4.593977861076579,14.535457155514713,80.87056498340871
507.32473397220133,4.593971195619106,14.535460688574892,80.870568115806
507.4256474173825,4.593964532530094,14.53546422035934,80.87057124711056
507.5265554431912,4.5939578717967855,14.535467750875316,80.8705743773279
507.62745805211824,4.593951213406513,14.535471280130057,80.87057750646342
507.72835524664305,4.5939445573469895,14.53547480813054,80.87058063452247
507.8292470292344,4.593937903605976,14.535478334883775,80.87058376151025
507.930133402351,4.593931252171542,14.53548186039657,80.8705868874319
508.0310143684405,4.5939246030321135,14.535485384675475,80.87059001229241
508.1318899299412,4.593917956176081,14.53548890772716,80.87059313609676
508.2327600892819,4.593911311592206,14.535492429558023,80.87059625884977
508.33362484888005,4.593904669269445,14.53549595017438,80.87059938055617
508.43448421114516,4.593898029197854,14.53549946958189,80.87060250122026
508.53533817847733,4.593891391366699,14.535502987786723,80.87060562084658
508.63618675326774,4.593884755765638,14.53550650479476,80.8706087394396
508.73702993789806,4.5938781223844325,14.535510020611863,80.87061185700371
508.8378677347416,4.593871491213053,14.535513535243775,80.87061497354317
508.9387001461627,4.5938648622418174,14.535517048695997,80.87061808906219
509.03952717451693,4.5938582354609885,14.535520560974158,80.87062120356485
509.14034882215196,4.593851610861284,14.53552407208353,80.87062431705519
509.24116509140725,4.593844988433557,14.535527582029333,80.87062742953711
509.34197598461435,4.593838368168724,14.535531090816821,80.87063054101445
509.44278150409684,4.593831750057986,14.535534598451047,80.87063365149096
509.54358165217053,4.59382513409299,14.535538104936707,80.8706367609703
509.6443764311432,4.593818520265138,14.535541610278818,80.87063986945604
509.7451658440143,4.593811908566264,14.535545114482035,80.8706429769517
509.8475435800492,4.593805142058342,14.535548703413198,80.87064615452846
509.9499156835354,4.593798379278946,14.535552290298032,80.87064933042302
510.05228215817664,4.593791620201842,14.535555875145107,80.87065250465305
510.15464300765257,4.593784864790955,14.535559457974914,80.87065567723413
510.25699823561104,4.593778113010606,14.535563038807775,80.87065884818162
510.35934784567,4.593771364825623,14.535566617663735,80.87066201751064
510.4616918414174,4.593764620201519,14.53557019456238,80.8706651852361
510.56403022641155,4.593757879104214,14.535573769523122,80.87066835137267
510.66636300418213,4.5937511415001175,14.535577342565098,80.87067151593479
510.7686901782298,4.593744407356153,14.535580913707163,80.87067467893668
510.8710117520265,4.593737676639913,14.535584482967732,80.87067784039236
510.9733277290173,4.593730949319293,14.535588050365112,80.87068100031559
511.0756381126196,4.593724225362739,14.535591615917301,80.87068415871997
511.17794290622385,4.593717504739292,14.535595179641907,80.8706873156188
511.2802421131944,4.593710787418322,14.535598741556443,80.87069047102523
511.38253573686853,4.593704073369844,14.535602301677972,80.87069362495218
511.4848237805583,4.593697362564269,14.53560586002338,80.87069677741235
511.58710624755156,4.593690654972636,14.535609416609137,80.87069992841822
511.6893831411099,4.593683950566203,14.535612971451709,80.87070307798209
511.791654464471,4.593677249316925,14.535616524567066,80.87070622611601
511.8939202208484,4.593670551197117,14.535620075971023,80.87070937283187
511.99618041343206,4.59366385617974,14.535623625678973,80.87071251814129
512.0984350453891,4.593657164237951,14.535627173706295,80.87071566205574
512.2006841198638,4.593650475345525,14.535630720067966,80.87071880458652
512.3029276399767,4.593643789477092,14.535634264778436,80.87072194574448
512.4051656088285,4.593637106607776,14.53563780785198,80.87072508554024
512.5073980294974,4.593630426712743,14.53564134930278,80.87072822398447
512.6096249050402,4.5936237497676435,14.535644889144733,80.87073136108762
512.7118462384933,4.5936170757484875,14.535648427391571,80.87073449685994
512.8140620328727,4.593610404687009,14.535651964017429,80.87073763129557
512.9162722912171,4.593603736496185,14.535655499080619,80.8707407644232
513.0184770164956,4.5935970711510725,14.535659032595822,80.8707438962531
513.1206762116558,4.593590408631298,14.535662564574615,80.87074702679409
513.2228698796281,4.593583748916667,14.535666095028441,80.8707501560549
513.3250580233249,4.5935770919873296,14.535669623968559,80.87075328404411
513.4272406456421,4.593570437823683,14.535673151406117,80.8707564107702
513.5294177494578,4.593563786406453,14.535676677352019,80.87075953624152
513.6315893376344,4.593557137716547,14.535680201817126,80.87076266046634
513.7337554130174,4.593550491735222,14.535683724812056,80.87076578345273
513.8359159784363,4.59354384844399,14.535687246347292,80.87076890520872
513.9380710367045,4.593537207824472,14.535690766433321,80.87077202574221
514.0402205906191,4.593530569858801,14.535694285080226,80.87077514506097
514.142364642963,4.593523934529172,14.53569780229815,80.87077826317268
514.2445031965023,4.5935173018182045,14.535701318096915,80.87078138008488
514.3466362539884,4.593510671708559,14.535704832486424,80.87078449580501
514.4487638181582,4.593504044183269,14.535708345476303,80.87078761034043
514.5508858917336,4.593497419225748,14.535711857075922,80.87079072369832
514.6530024774221,4.593490796819321,14.535715367294841,80.87079383588583
514.755113577917,4.59348417694795,14.53571887614209,80.87079694690996
514.8572191958971,4.593477559595504,14.535722383626904,80.8708000567776
514.9593193340282,4.593470944746383,14.535725889758094,80.87080316549552
515.061413994962,4.593464332385032,14.535729394544534,80.87080627307044
515.1635031813365,4.593457722496225,14.535732897994864,80.87080937950891
515.2655868957771,4.5934511150649335,14.53573640011764,80.87081248481742
515.3676651408953,4.593444510076429,14.535739900921227,80.87081558900235
515.4697379192908,4.593437907516123,14.535743400413939,80.87081869206993
515.57180523355,4.593431307369715,14.535746898603916,80.87082179402637
515.6738670862469,4.5934247096232195,14.535750395499084,80.87082489487769
515.7759234799435,4.5934181142627395,14.535753891107369,80.87082799462989
515.8779744171894,4.593411521274668,14.53575738543653,80.87083109328881
515.9800199005231,4.593404930645626,14.53576087849418,80.8708341908602
516.0820599324705,4.593398342362576,14.5357643702877,80.87083728734973
516.1840945155471,4.593391756412391,14.535767860824647,80.87084038276296
516.2861236522558,4.593385172782972,14.535771350111853,80.87084347710518
516.3881473450898,4.593378591462187,14.535774838156263,80.87084657038154
516.4901655965314,4.593372012437932,14.535778324964701,80.87084966259737
516.5921784090524,4.593365435697932,14.535781810544272,80.87085275375779
516.694185785114,4.593358861230524,14.535785294901551,80.87085584386793
516.7961877271669,4.593352289023998,14.535788778043266,80.87085893293273
516.8981842376512,4.59334571906704,14.535792259975832,80.87086202095712
517.0001753189977,4.593339151348408,14.535795740705703,80.87086510794589
517.1021609736274,4.593332585857244,14.535799220239024,80.87086819390373
517.2041412039515,4.593326022582684,14.535802698582046,80.87087127883528
517.306116012371,4.593319461514254,14.535806175740715,80.87087436274503
517.4080854012792,4.5933129026415775,14.53580965172098,80.87087744563745
517.5100493730595,4.593306345954424,14.535813126528705,80.87088052751687
517.6120079300863,4.59329979144293,14.535816600169507,80.87088360838757
517.7139610747241,4.593293239097441,14.535820072648898,80.87088668825366
517.815908809331,4.5932866889083925,14.535823543972384,80.87088976711922
517.9178511362553,4.593280140866648,14.535827014145115,80.87089284498823
518.0197880578377,4.593273594962947,14.53583048317244,80.8708959218646
518.1217195764102,4.593267051188288,14.535833951059548,80.87089899775216
518.2236456942974,4.593260509534096,14.535837417811287,80.87090207265462
518.3255664138162,4.593253969991829,14.535840883432554,80.87090514657562
518.4274817372753,4.593247432553019,14.535844347928256,80.87090821951872
518.5293916669766,4.593240897209533,14.535847811303057,80.87091129148742
518.6328986311479,4.593234209412894,14.535851358116728,80.87091443247037
518.7363999357522,4.593227525286014,14.535854902916364,80.87091757179762
518.8398955844938,4.593220844803256,14.535858445710229,80.87092070948651
518.9433855810533,4.5932141679289336,14.535861986518652,80.87092384555241
519.0468699290799,4.593207494628004,14.53586552536156,80.87092698001044
519.1503486321923,4.593200824865977,14.535869062258563,80.87093011287546
519.2538216939795,4.593194158608766,14.535872597229057,80.87093324416217
519.3572891180012,4.59318749582277,14.535876130292207,80.87093637388503
519.4607509077873,4.593180836474949,14.535879661466817,80.87093950205823
519.5642070668397,4.59317418053281,14.535883190771374,80.87094262869581
519.6676575986314,4.59316752796429,14.535886718224148,80.87094575381157
519.7711025066081,4.593160878737824,14.53589024384313,80.87094887741905
519.8745417941884,4.593154232822513,14.535893767645849,80.87095199953164
519.9779754647631,4.593147590187492,14.535897289650027,80.87095512016248
520.081403521697,4.593140950802865,14.53590080987262,80.87095823932451
520.1848259683294,4.59313431463902,14.535904328330512,80.87096135703047
520.2882428079729,4.593127681667431,14.535907845039976,80.87096447329259
520.3916540439149,4.593121051859703,14.535911360017206,80.8709675881231
520.4950596794193,4.593114425187612,14.535914873278308,80.87097070153408
520.5984597177257,4.593107801623376,14.535918384839169,80.87097381353745
520.7018541620479,4.593101181139893,14.535921894715184,80.87097692414493
520.805243015578,4.593094563710292,14.535925402921727,80.87098003336799
520.9086262814832,4.5930879493082655,14.535928909473805,80.87098314121792
521.0120039629091,4.593081337907844,14.535932414386279,80.87098624770587
521.1153760629778,4.593074729483664,14.535935917673623,80.87098935284271
521.2187425847902,4.593068124010755,14.535939419350088,80.87099245663916
521.3221035314245,4.59306152146452,14.53594291942977,80.87099555910571
521.4254589059378,4.593054921820904,14.535946417926397,80.8709986602527
521.5288087113673,4.5930483250563325,14.535949914853413,80.87100176009025
521.6321529507285,4.593041731151435,14.535953410221419,80.87100485862715
521.7354916270192,4.593035140131903,14.535956904008874,80.87100795585923
521.838824743258,4.59302855191062,14.53596039627427,80.87101105181512
521.9421523023906,4.593021966467516,14.535963887029016,80.87101414650346
522.045474307346,4.593015383782813,14.535967376284336,80.87101723993285
522.1487907610353,4.59300880383712,14.535970864051166,80.87102033211171
522.2521016663529,4.593002226611094,14.535974350340528,80.87102342304838
522.355407026176,4.592995652085856,14.535977835163095,80.87102651275104
522.4587068433652,4.592989080242583,14.535981318529592,80.87102960122783
522.5620011207651,4.592982511062887,14.535984800450436,80.87103268848668
522.6652898612036,4.59297594452859,14.535988280935936,80.87103577453547
522.7685730674926,4.592969380621741,14.53599175999628,80.87103885938198
522.8718507424287,4.592962819324636,14.535995237641538,80.87104194303383
522.9751228887926,4.592956260619848,14.5359987138816,80.87104502549856
523.0783895093499,4.5929497044902785,14.53600218872614,80.87104810678358
523.1816506068517,4.592943150918962,14.53600566218481,80.87105118689624
523.2849061840321,4.592936599889135,14.536009134267166,80.8710542658437
523.388156243613,4.592930051384468,14.536012604982437,80.87105734363308
523.4914007883008,4.592923505388711,14.536016074339885,80.8710604202714
523.5946398207873,4.592916961886,14.536019542348491,80.87106349576551
523.6978733437505,4.592910420860507,14.536023009017295,80.8710665701222
523.8011013598551,4.592903882296835,14.536026474355024,80.87106964334814
523.9043238717513,4.592897346179823,14.536029938370262,80.87107271544991
524.0075408820768,4.5928908124944225,14.536033401071592,80.87107578643399
524.1107523934559,4.592884281225816,14.536036862467466,80.87107885630672
524.2139584084989,4.592877752359527,14.536040322566091,80.87108192507438
524.3171589298044,4.592871225882121,14.5360437813751,80.87108499274278
524.420353959958,4.5928647017794475,14.53604723890258,80.87108805931797
524.5235435015337,4.592858180037764,14.53605069515632,80.87109112480591
524.6267275570935,4.592851660643538,14.536054150143979,80.87109418921247
524.7299061291875,4.592845143583213,14.536057603873353,80.87109725254344
524.8330792203521,4.5928386288436895,14.536061056351867,80.87110031480445
524.9362468331144,4.592832116412037,14.536064507586884,80.87110337600107
525.0394089699887,4.592825606275574,14.536067957585608,80.87110643613882
525.1425656334782,4.592819098421773,14.536071406355184,80.87110949522305
525.2457168260753,4.592812592838378,14.536074853902587,80.87111255325904
525.348862550261,4.592806089513216,14.536078300234797,80.87111561025199
525.4520028092293,4.5927995884344615,14.536081745358517,80.87111866620702
525.5551376039941,4.59279308959061,14.536085189280307,80.87112172112909
525.6582669377281,4.592786592970168,14.536088632006722,80.8711247750231
525.7613908128714,4.592780098561844,14.536092073544232,80.87112782789391
525.8645092318528,4.59277360635476,14.536095513898989,80.87113087974625
525.9676221970931,4.592767116337973,14.5360989530773,80.87113393058473
526.0707297110016,4.592760628501018,14.53610239108509,80.8711369804139
526.1738317759792,4.5927541428334795,14.536105827928317,80.8711400292382
526.2769283944174,4.592747659325125,14.536109263612834,80.87114307706204
526.3800195686981,4.592741177966013,14.536112698144319,80.87114612388967
526.4831053011953,4.592734698746402,14.536116131528312,80.87114916972529
526.5861855942734,4.592728221656529,14.536119563770477,80.87115221457299
526.6892604502881,4.59272174668728,14.536122994875914,80.8711552584368
526.7923298715873,4.592715273829164,14.53612642485017,80.87115830132066
526.8953938605098,4.592708803073463,14.536129853698135,80.87116134322841
526.998452419387,4.5927023344112765,14.536133281424934,80.87116438416379
527.101505550542,4.592695867833995,14.536136708035505,80.87116742413049
527.2045532562909,4.592689403333143,14.536140133534728,80.87117046313213
527.3075955389406,4.592682940900538,14.536143557927279,80.8711735011722
527.4106324007923,4.592676480528183,14.536146981217726,80.87117653825409
527.5152750133541,4.592669870007497,14.536150486686028,80.87117964330648
527.6199119392413,4.592663263097075,14.53615399017302,80.87118274672991
527.7245431821572,4.592656659771696,14.536157491686838,80.87118584854147
527.8291687457817,4.5926500599964,14.536160991247355,80.87118894875624
527.9337886337635,4.592643463736668,14.536164488874235,80.8711920473891
528.0384028497207,4.5926368709584855,14.53616798458685,80.87119514445466
528.1430113972422,4.592630281628551,14.536171478404093,80.87119823996736
528.2476142798863,4.592623695713761,14.53617497034486,80.87120133394137
528.3522115011833,4.592617113182484,14.536178460427163,80.87120442639035
528.4568030646351,4.592610534002809,14.536181948669135,80.87120751732806
528.561388973715,4.5926039581432,14.536185435088747,80.87121060676805
528.6659692318693,4.5925973855726205,14.53618891970369,80.87121369472369
528.7705438425165,4.592590816260573,14.536192402531311,80.87121678120812
528.875112809048,4.592584250176868,14.536195883588872,80.87121986623426
528.9796761348287,4.592577687292083,14.536199362893063,80.87122294981486
529.0842338231978,4.5925711275769725,14.53620284046061,80.87122603196242
529.1887858774693,4.592564571002951,14.536206316307778,80.87122911268926
529.2933323009303,4.592558017541699,14.536209790450776,80.87123219200753
529.3978730968441,4.592551467165667,14.536213262905234,80.8712352699291
529.5024082684495,4.592544919847537,14.536216733686762,80.8712383464657
529.6069378189609,4.592538375560335,14.536220202810812,80.87124142162885
529.7114617515698,4.592531834277933,14.536223670292198,80.87124449542988
529.815980069443,4.592525295974166,14.536227136145955,80.87124756787988
529.9204927757256,4.5925187606237285,14.536230600386466,80.8712506389898
530.0249998735397,4.59251222820156,14.53623406302805,80.8712537087704
530.1295013659854,4.592505698683052,14.536237524084783,80.87125677723218
530.2339972561408,4.5924991720440085,14.5362409835705,80.87125984438549
530.338487547063,4.592492648260684,14.536244441498786,80.87126291024053
530.442972241788,4.592486127309902,14.536247897882838,80.87126597480726
530.5474513433311,4.592479609168717,14.536251352735816,80.87126903809548
530.6519248546875,4.592473093838817,14.536254806053392,80.87127210010779
530.7563927788522,4.592466581300327,14.536258257846448,80.87127516085322
530.8608551188014,4.592460071494085,14.536261708153889,80.87127822035202
530.9653118774633,4.5924535644005395,14.536265156986833,80.87128127861263
531.0697630577478,4.5924470600006115,14.536268604356085,80.8712843356433
531.1742086625472,4.59244055827538,14.536272050272391,80.87128739145223
531.2786486947384,4.5924340592062585,14.53627549474628,80.87129044604747
531.3830831571803,4.5924275627748266,14.53627893778822,80.87129349943696
531.4875120527158,4.592421068963064,14.536282379408402,80.87129655162853
531.5919353841725,4.592414577752953,14.536285819617111,80.87129960262993
531.6963531543611,4.5924080891270505,14.53628925842419,80.87130265244876
531.8007653660765,4.5924016030678185,14.536292695839645,80.87130570109254
531.9051720220986,4.592395119558274,14.53629613187308,80.87130874856865
532.0095731251919,4.5923886385815225,14.536299566534092,80.87131179488438
532.1139686781063,4.592382160120896,14.53630299983216,80.87131484004695
532.2183586835755,4.592375684160048,14.53630643177655,80.87131788406342
532.3227431450558,4.592369210683033,14.536309862376326,80.87132092694064
532.4271220637806,4.592362739674621,14.536313291640157,80.87132396868522
532.5314954431785,4.5923562711191215,14.53631671957692,80.87132700930397
532.6358632859268,4.592349805000987,14.536320146195497,80.87133004880351
532.74022559469,4.5923433413051225,14.536323571504429,80.87133308719045
532.8445823721179,4.5923368800165765,14.5363269955122,80.87133612447123
532.9489336208482,4.5923304211204625,14.536330418227339,80.8713391606522
533.0532793435046,4.592323964602447,14.53633383965792,80.87134219573964
533.1576195426981,4.592317510448115,14.536337259812196,80.87134522973969
533.2619542210265,4.592311058643504,14.536340678698071,80.87134826265843
533.366283381075,4.592304609174696,14.536344096323498,80.8713512945018
533.470607025417,4.592298162028175,14.536347512696121,80.8713543252757
533.5749251566133,4.59229171719056,14.536350927823571,80.87135735498588
533.6792377772125,4.592285274648597,14.536354341713409,80.87136038363799
533.7835448897514,4.592278834389405,14.536357754372952,80.87136341123764
533.8878464967555,4.592272396400273,14.536361165809424,80.8713664377903
533.9921426007388,4.592265960750134,14.53636457594846,80.8713694633014
534.0964332042632,4.592259527176942,14.536367985044677,80.87137248777839
534.2007183096962,4.592253095923708,14.536371392854285,80.87137551122201
534.3049979195827,4.592246666891739,14.536374799468632,80.87137853363963
534.4092720363927,4.592240240069296,14.53637820489444,80.87138155503627
534.5135406625856,4.592233815445084,14.536381609138079,80.87138457541684
534.6178038006097,4.592227393007717,14.536385012206102,80.87138759478619
534.7220614529049,4.592220972746238,14.536388414104714,80.87139061314905
534.8263136218993,4.59221455464977,14.53639181484015,80.87139363051008
534.9305603100117,4.592208138707746,14.536395214418398,80.87139664687386
535.3748309469747,4.592179101166565,14.536410729501434,80.87141016933201
535.8189997106705,4.592150338231528,14.536425991412145,80.87142367035634
536.2630675004136,4.59212159652546,14.536441242730689,80.87143716074385
536.739110792123,4.592089813974054,14.536458159452648,80.8714520265733
537.2150291205736,4.59205819202053,14.536474985879105,80.87146682210036
537.6908231764619,4.592026721434165,14.536491727519477,80.87148155104636
538.1664936138994,4.591995393966938,14.536508389061684,80.87149621697138
538.6420410540015,4.591964202238664,14.53652497470258,80.87151082305876
539.1174660883373,4.591933138996599,14.536541488561905,80.8715253724415
539.5927692794774,4.591902197443575,14.536557934507988,80.87153986804843
540.0679511628268,4.591871371445265,14.536574315988924,80.8715543125658
540.5430122492112,4.591840654688049,14.536590636680902,80.87156870863105
541.0179530243753,4.591810041795293,14.536606899624513,80.8715830585802
541.4927739525386,4.591779527703455,14.53662310769864,80.8715973645979
541.9674754776792,4.591749107673864,14.536639263598802,80.87161162872734
542.4420580248274,4.591718777279468,14.536655369844864,80.87162585287567
542.9165220013138,4.591688532393082,14.536671428787534,80.87164003881938
543.3908677979687,4.591658369175778,14.536687442614973,80.87165418820925
543.8650957902632,4.591628284065796,14.536703413359112,80.87166830257509
544.3392063394167,4.591598273768266,14.536719342901398,80.87168238333034
544.8131997934582,4.591568335245129,14.53673523297854,80.87169643177633
545.2870764882423,4.5915384657057645,14.536751085187728,80.8717104491065
545.7608367484299,4.591508662597599,14.536766900992065,80.87172443641033
546.2344808884277,4.5914789235975135,14.53678268172538,80.87173839467711
546.708009213294,4.591449246603629,14.536798428596779,80.8717523247996
547.1814220196131,4.591419629616908,14.53681414277532,80.87176622760776
547.6547195959225,4.5913900710750095,14.536829825148947,80.87178010377605
548.1279022243763,4.591360569446463,14.536845476611134,80.8717939539424
548.6009701808991,4.591331123571925,14.536861097820072,80.871807778608
549.0739237366049,4.59130173316773,14.536876688830896,80.87182157800137
549.5467631610477,4.591272395724536,14.536892251336461,80.871835352939
550.0194887141041,4.591243111038172,14.536907785445226,80.8718491035166
550.4921006545246,4.59121387889328,14.536923291272212,80.87186282983451
550.9645992398931,4.591184699064762,14.536938768938235,80.871876531997
551.4369847265964,4.591155571319267,14.53695421856903,80.8718902101117
551.9092573697875,4.591126495416611,14.536969640294348,80.87190386428904
552.3814174233701,4.5910974711106265,14.536985034247554,80.87191749464182
552.853465139973,4.591068498150278,14.537000400564946,80.87193110128477
553.3254007709372,4.591039576280581,14.53701573938516,80.87194468433427
553.7972245663024,4.591010705243215,14.537031050848878,80.8719582439079
554.2689367747984,4.590981884777232,14.537046335098422,80.87197178012435
554.740537643838,4.590953114619629,14.537061592277405,80.87198529310297
555.2120274195112,4.590924394506052,14.53707682253026,80.8719987829637
555.6834063465843,4.590895724171045,14.53709202600216,80.8720122498268
556.1546746684944,4.590867103521794,14.537107202743183,80.87202569373501
556.6258326280197,4.590838532436614,14.537122352812931,80.87203911475045
557.0968804671618,4.590810010638661,14.537137476364926,80.87205251299642
557.5678184265582,4.590781537854377,14.537152573549697,80.87206588859593
558.0386467455003,4.590753113811871,14.537167644516435,80.87207924167168
558.5093656619448,4.59072473824009,14.537182689414022,80.87209257234589
558.9799754125141,4.590696410869359,14.537197708390575,80.87210588074007
559.4504762325093,4.5906681314315465,14.537212701593358,80.8721191669751
559.9208683559133,4.590639899659828,14.537227669169075,80.8721324311711
560.3911520153991,4.5906117152895,14.537242611263116,80.87214567344738
560.8613274423535,4.590583578057281,14.537257528020323,80.8721588939224
561.3313948668643,4.590555487702237,14.537272419584088,80.87217209271368
561.8013545177479,4.590527443965328,14.53728728609684,80.87218526993783
562.2712066258439,4.5904994465894005,14.537302127699988,80.87219842571061
562.7409514108587,4.590471495320317,14.53731694453331,80.87221156014637
563.2105891011347,4.590443589905425,14.537331736735744,80.87222467335883
563.6801199204829,4.590415730094707,14.537346504444754,80.87223776546054
564.1495440914955,4.590387915640389,14.53736124779666,80.87225083656296
564.6188618355487,4.590360146297136,14.537375966926422,80.87226388677644
565.0880733728255,4.590332421822267,14.53739066196742,80.87227691621031
565.5571789223144,4.59030474197529,14.537405333051975,80.87228992497273
566.0261787018335,4.590277106518397,14.537419980310808,80.87230291317078
566.4950729280318,4.590249515216034,14.537434603873537,80.87231588091043
566.9638618164075,4.590221967835414,14.5374492038681,80.87232882829649
567.4325455813203,4.590194464146132,14.537463780421186,80.87234175543267
567.9011244359987,4.59016700392026,14.537478333658127,80.87235466242161
568.3695985925528,4.590139586932397,14.53749286370285,80.87236754936475
568.8379682619902,4.590112212959731,14.5375073706778,80.87238041636246
569.3062336542213,4.590084881781835,14.537521854704147,80.87239326351401
569.7743949780757,4.590057593180846,14.537536315901606,80.87240609091755
570.2424524413111,4.590030346941269,14.53755075438862,80.87241889867012
570.7104062506271,4.590003142850145,14.5375651702822,80.87243168686766
571.1782566116743,4.589975980696969,14.537579563697959,80.87244445560508
571.6460037290655,4.5899488602735286,14.537593934750333,80.87245720497613
572.1136478063904,4.589921781374268,14.537608283552133,80.8724699350736
572.5811890462204,4.589894743795766,14.537622610215104,80.87248264598912
573.048627650126,4.58986774733697,14.537636914849669,80.87249533781335
573.5159638186856,4.58984079179933,14.537651197564788,80.87250801063588
573.9831977514916,4.589813876986438,14.537665458468307,80.87252066454525
574.4503296471693,4.589787002787954,14.537679697620455,80.87253329959158
574.9502792494301,4.589757334246395,14.537695466036876,80.87254719971672
575.4501032108184,4.589727833808812,14.537711139601681,80.87256102658951
575.949802298723,4.589698490921503,14.537726724567229,80.87257478451126
576.4493772355846,4.589669296002317,14.537742226369005,80.87258847762868
576.9488287027451,4.589640239971976,14.537757650159271,80.87260210986875
577.4481573426158,4.589611314239455,14.537773000814951,80.87261568494559
577.9473637608232,4.589582510686522,14.53778828294667,80.87262920636681
578.4464485282417,4.589553821655754,14.537803500902871,80.87264267744138
578.9454121829976,4.589525239936747,14.537818658775228,80.87265610128802
579.4442552323935,4.589496758720521,14.537833760456497,80.87266948082298
579.9429781546736,4.589468371659075,14.537848809548404,80.87268281879251
580.4415814009815,4.589440072790409,14.53786380944672,80.87269611776287
580.9400653970199,4.5894118565451665,14.537878763326157,80.87270938012867
581.4384305447544,4.589383717735033,14.537893674146751,80.87272260811822
581.9366772240355,4.589355651540964,14.53790854466057,80.87273580379846
582.4348057941863,4.589327653501788,14.537923377418224,80.87274896907999
582.9328165955307,4.589299719503458,14.537938174774862,80.87276210572168
583.4307099508767,4.589271845768525,14.537952938896066,80.87277521533541
583.9284861669454,4.58924402884556,14.537967671763985,80.87278829939045
584.4261455357638,4.589216265599486,14.537982375182668,80.87280135921785
584.9236883360034,4.589188553201827,14.537997050783597,80.87281439601458
585.4211148342837,4.58916088912131,14.53801170003102,80.87282741084766
585.9184252864217,4.5891332711148145,14.53802632422704,80.87284040465815
586.4156199386565,4.589105697218478,14.538040924516684,80.87285337826484
586.9126990288198,4.589078165739323,14.538055501892527,80.87286633236815
587.4096627874812,4.589050675246682,14.538070057199686,80.87287926755363
587.906511439045,4.58902322470147,14.538084591040642,80.87289218425788
588.4032452033607,4.5889958135961,14.53809910366957,80.87290508273432
588.8998642978673,4.588968440139528,14.538113596303958,80.87291796355652
589.3963689325835,4.588941104254621,14.538128068984038,80.87293082676135
589.8927593169502,4.58891380586355,14.53814252175041,80.87294367238604
590.3890356598348,4.58888654488765,14.53815695464421,80.87295650046813
590.8851981695241,4.588859321247598,14.538171367706962,80.87296931104544
591.3812470537214,4.588832134863526,14.538185760980477,80.872982104156
591.8771825195486,4.588804985654956,14.538200134506965,80.87299487983807
592.373004773547,4.5887778735408755,14.538214488328949,80.87300763813018
592.8687140216665,4.588750798439826,14.538228822489232,80.87302037907094
593.3643104692784,4.588723760344162,14.538243136989854,80.87303310266599
593.8597943214719,4.588696759386906,14.538257431751822,80.87304580886128
594.3551657836399,4.588669795479493,14.538271706819922,80.87305849770058
594.8504250641246,4.588642868529682,14.538285962244649,80.87307116922567
595.345572359938,4.588615978448584,14.538300198073086,80.87308382347832
595.840607878193,4.588589125146387,14.53831441435281,80.8730964605008
596.3355318218149,4.588562308533358,14.53832861113144,80.8731090803352
596.8303443931146,4.5885355285199605,14.538342788456385,80.87312168302365
597.3250457938001,4.588508785016439,14.53835694637528,80.87313426860828
597.8196362249656,4.588482077933116,14.538371084935687,80.8731468371312
598.3141158870992,4.5884554071801364,14.538385204185367,80.87315938863449
598.808484980082,4.5884287726679895,14.538399304171751,80.87317192316026
599.3027437031889,4.588402174306863,14.538413384942613,80.87318444075052
599.7968922550915,4.5883756120073445,14.538427446545347,80.87319694144732
600.2909308338562,4.5883490856796865,14.538441489027731,80.87320942529259
600.7848596369521,4.588322595234551,14.538455512437173,80.87322189232827
601.2786788612464,4.588296140582517,14.538469516821209,80.87323434259628
601.7723887030094,4.588269721634256,14.538483502227345,80.8732467761384
602.2659893579129,4.588243338300571,14.538497468703005,80.87325919299643
602.7594810210362,4.588216990492441,14.538511416295504,80.87327159321205
603.2528638868662,4.588190678120904,14.538525345052165,80.87328397682694
603.7461381492949,4.588164401097102,14.538539255020257,80.87329634388264
604.2393040016299,4.58813815933233,14.538553146246999,80.87330869442067
604.7323616365859,4.588111952738062,14.538567018779494,80.87332102848244
605.2253112462939,4.588085781225935,14.538580872664749,80.8733333461093
605.7181530222969,4.588059644707771,14.538594707949686,80.87334564734255
606.2108871555628,4.588033543095381,14.538608524681305,80.87335793222331
606.7035138364718,4.58800747630101,14.538622322906274,80.87337020079272
607.1960332548307,4.587981444236919,14.538636102671331,80.87338245309175
607.6884455998663,4.587955446815598,14.538649864023068,80.87339468916134
608.1807510602307,4.58792948394966,14.538663607008068,80.87340690904227
608.6729498240028,4.587903555552094,14.538677331672615,80.8734191127753
609.1650420786898,4.587877661535873,14.538691038063117,80.87343130040101
609.6570280112358,4.587851801814307,14.538704726225749,80.87344347195994
610.148907808009,4.58782597630098,14.53871839620651,80.8734556274925
610.6406816548167,4.5878001849094465,14.53873204805153,80.87346776703902
611.1323497369019,4.5877744275537875,14.538745681806532,80.87347989063969
611.6239122389509,4.587748704148004,14.538759297517412,80.87349199833457
612.1153693450859,4.587723014606637,14.538772895229645,80.87350409016372
612.6067212388731,4.58769735884415,14.538786474988893,80.87351616616697
613.097968103322,4.587671736954775,14.538800036741334,80.87352822630389
613.5891101216225,4.5876461489346125,14.53881358048179,80.8735402705836
614.0801474767304,4.5876205946893505,14.538827106263208,80.87355229904745
614.5710803510166,4.587595074129061,14.538840614133669,80.87356431173727
615.0619089262798,4.587569587164117,14.538854104141135,80.87357630869475
615.5526333837547,4.587544133705243,14.53886757633341,80.87358828996135
616.043253904107,4.587518713663616,14.538881030758006,80.87360025557838
616.5337706674394,4.58749332695088,14.538894467462157,80.87361220558697
617.0241838532975,4.587467973478797,14.538907886493163,80.87362414002803
617.5482138431406,4.587440013683788,14.538922731724252,80.87363725459196
618.0721167388783,4.587412205738699,14.538937491277387,80.87365030298392
618.5958932849094,4.587384540013857,14.538952170870708,80.87366328911543
619.119544181689,4.587357007783878,14.538966775453806,80.87367621676232
619.6430700895451,4.587329600778775,14.538981309719503,80.87368908950172
620.16647163079,4.587302311169807,14.538995778111952,80.87370191071824
620.6897493917825,4.58727513155615,14.539010184834101,80.87371468360975
621.212903924922,4.587248054957898,14.539024533844625,80.87372741119748
621.7359357505952,4.58722107477919,14.539038828900141,80.87374009632067
622.2588453589733,4.587194184822239,14.539053073530233,80.87375274164754
622.7816332118538,4.587167379280098,14.539067271033504,80.8737653496864
623.3042997444495,4.587140652701955,14.53908142451409,80.87377792278396
623.8268453670494,4.587113999992038,14.539095536876237,80.87379046313173
624.3492704666436,4.587087416399189,14.539109610829954,80.87380297277086
624.8715754085189,4.587060897506155,14.539123648897187,80.87381545359666
625.3937605377869,4.587034439219229,14.539137653417743,80.87382790736302
625.9158261808693,4.587008037758614,14.539151626554602,80.8738403356868
626.4377726469334,4.586981689648882,14.539165570299295,80.87385274005182
626.9596002292903,4.586955391709323,14.539179486477522,80.87386512181315
627.4813092067327,4.586929141045282,14.53919337675389,80.87387748220083
628.0028998448425,4.586902935039196,14.539207242637056,80.87388982232375
628.5243723972472,4.586876771342325,14.53922108548433,80.87390214317335
629.0457271068404,4.586850647866343,14.539234906506485,80.87391444562716
629.5669642069696,4.586824562775495,14.539248706772135,80.87392673045237
630.0880839225673,4.586798514478607,14.539262487212362,80.87393899830903
630.6090864712627,4.586772501621962,14.539276248624594,80.87395124975345
631.1299720644514,4.586746523081662,14.539289991677027,80.87396348524132
631.6507409083275,4.5867205783388245,14.539303716635176,80.873975705026
632.1713932065013,4.586694666367173,14.539317424159885,80.87398790947294
632.6919291578938,4.586668786316037,14.539331114833908,80.87400009885005
633.2123489575534,4.586642938434753,14.539344788515068,80.87401227305018
633.7326528052471,4.586617122711663,14.539358445202371,80.87402443208596
634.2528408889294,4.586591339129295,14.539372084906207,80.87403657596451
634.7729134077792,4.5865655876704405,14.539385707632203,80.87404870469736
635.2928705568266,4.5865398683152785,14.539399313389104,80.87406081829562
635.8127125307833,4.586514181043039,14.539412902185777,80.87407291677118
636.3324395240468,4.586488525831417,14.539426474031913,80.87408500013666
636.8520517306828,4.586462902656288,14.539440028938348,80.87409706840536
637.3715493444263,4.586437311492192,14.53945356691663,80.87410912159118
637.8909325586765,4.58641175231224,14.539467087979109,80.87412115970865
638.4102015664838,4.586386225088043,14.53948059213904,80.87413318277292
638.9293565605519,4.586360729789962,14.539494079410364,80.87414519079968
639.4483977332286,4.586335266387107,14.539507549807732,80.87415718380517
639.9673252765043,4.586309834847154,14.539521003346694,80.87416916180615
640.4861393820051,4.5862844351369425,14.53953444004313,80.87418112481993
641.0048402409836,4.586259067221808,14.539547859913943,80.87419307286426
641.5234280443254,4.586233731066207,14.539561262976438,80.87420500595735
642.0419029825372,4.586208426633473,14.539574649248596,80.87421692411793
642.5602652457421,4.5861831538858295,14.53958801874908,80.87422882736509
643.0785150236828,4.5861579127846746,14.53960137149696,80.87424071571836
643.5966525057107,4.586132703290429,14.539614707511861,80.87425258919771
644.1146778807877,4.58610752536244,14.539628026814121,80.87426444782344
644.6325913374802,4.586082378959317,14.539641329424436,80.87427629161625
645.1503930639558,4.586057264038837,14.53965461536397,80.8742881205972
645.6680832479847,4.58603218055791,14.539667884654417,80.87429993478767
646.185662076928,4.586007128472724,14.539681137317842,80.87431173420944
646.7031297377466,4.585982107738541,14.539694373376946,80.87432351888451
647.2204864169913,4.585957118310145,14.539707592854576,80.87433528883527
647.7377323007983,4.5859321601413825,14.539720795774238,80.87434704408439
648.2548675748939,4.585907233185591,14.53973398215965,80.87435878465476
648.7718924245938,4.585882337395354,14.539747152035027,80.87437051056963
649.2888070347869,4.585857472722723,14.53976030542484,80.87438222185244
649.805611589948,4.585832639119161,14.539773442353907,80.87439391852693
650.3223062741342,4.585807836535386,14.539786562847542,80.87440560061707
650.8388912709714,4.58578306492174,14.53979966693122,80.87441726814704
651.3553667636671,4.585758324227963,14.539812754630782,80.87442892114125
651.871732935004,4.585733614467902,14.539825825899774,80.87444055963232
652.3879899675716,4.585708935373805,14.539838880995129,80.87445218363106
652.9041380427275,4.58568428713382,14.539851919699847,80.87446379316633
653.4201773423057,4.585659669729937,14.539864942059202,80.87447538821087
653.9361080479046,4.585635083228555,14.539877948030256,80.8744869687412
654.4519303412086,4.585610527569441,14.539890937645183,80.87449853478537
654.9676444034388,4.585586002757615,14.539903910863178,80.8745100863792
655.4832504155858,4.58556150851765,14.539916867945502,80.87452162353685
655.998748557384,4.585537045030512,14.539929808679231,80.87453314629025
656.5141390090104,4.585512612148903,14.5399427331812,80.8745446546699
657.0294219498546,4.585488209813296,14.539955641482605,80.8745561487041
657.5445975588434,4.585463837964084,14.539968533614658,80.87456762842126
658.0596660144453,4.585439496541442,14.539981409608723,80.87457909384983
658.5746274946749,4.585415185485404,14.539994269496193,80.87459054501839
659.0894821770919,4.585390904735708,14.540007113308773,80.87460198195552
659.6042302387875,4.585366654232172,14.540019941077986,80.87461340468984
660.1188718564107,4.585342433979077,14.540032752762999,80.87462481325792
660.6334072063805,4.585318243698924,14.540045548626345,80.87463620767473
661.1478364638566,4.585294083571205,14.540058328456052,80.87464758797273
661.6621598044503,4.58526995344719,14.54007109236982,80.87465895418299
662.1763774029824,4.585245853266018,14.54008384039967,80.87467030633431
662.7250053516491,4.585219313041883,14.540097923602888,80.87468276335524
663.2735040474042,4.585192913659846,14.54011192734603,80.87469515899413
663.8218742295852,4.5851666462467495,14.540125856905735,80.8747074968475
664.3701165941828,4.585140502770829,14.540139716837785,80.87471978039137
664.9182317976307,4.585114475614683,14.54015351146431,80.87473201292102
665.4662204588699,4.585088557562395,14.540167244881161,80.87474419755645
666.0140831613553,4.585062741787442,14.540180920964652,80.8747563372479
666.5618204549971,4.585037021843033,14.540194543374424,80.87476843478254
667.1094328580402,4.585011391647015,14.540208115563546,80.87478049278944
667.6569208588804,4.584985845455204,14.540221640810739,80.87479251373406
668.2042849177643,4.584960377893121,14.540235122167841,80.87480449993903
668.7515254685899,4.58493498391065,14.54024856250882,80.87481645358052
669.2986429205164,4.5849096587786144,14.540261964528131,80.87482837669326
669.8456376595523,4.584884398081524,14.540275330743368,80.8748402711751
670.3925100501029,4.584859197707507,14.540288663501173,80.87485213879133
670.9392604364601,4.584834053839244,14.54030196498225,80.8748639811785
671.4858891442575,4.584808962945082,14.540315237206364,80.87487579984855
672.03239648186,4.584783921770003,14.540328482037552,80.87488759619245
672.5787827417307,4.584758927327534,14.540341701188547,80.87489937148392
673.1250482017404,4.584733976891237,14.540354896225713,80.87491112688305
673.6711931264283,4.584709067986897,14.540368068573404,80.8749228634397
674.2172177682471,4.584684198490366,14.540381219460077,80.87493458204955
674.763122369246,4.58465936655009,14.540394349956983,80.87494628349292
675.3089071623883,4.584634570396025,14.54040746109204,80.87495796851194
675.8545723760919,4.58460980848064,14.540420553768838,80.87496963775051
676.4001182187919,4.584585079474928,14.540433628767097,80.87498129175798
676.9455449047693,4.5845603822581005,14.540446686749512,80.87499293099239
677.4908526386309,4.584535715912749,14.540459728264318,80.87500455582293
678.0360416204312,4.5845110802961715,14.540472753329675,80.87501616637415
678.5811120492244,4.584486473919404,14.540485762959463,80.87502776312114
679.1260641170045,4.584461896632084,14.540498757255364,80.87503934611256
679.6708980148514,4.584437348440382,14.540511736211242,80.87505091534838
680.2156139336631,4.584412829348196,14.540524699822294,80.87506247082952
680.7602120641326,4.584388339357404,14.540537648084792,80.8750740125578
681.3046925967475,4.584363878467669,14.540550580996353,80.87508554053598
681.8490557217744,4.584339446676787,14.540563498555587,80.87509705476764
682.3933016292576,4.584315043980537,14.540576400762326,80.87510855525714
682.9374305090043,4.584290670372888,14.540589287617411,80.8751200420097
683.4814425505753,4.584266325846189,14.540602159122546,80.87513151503126
684.0253379432831,4.584242010390803,14.54061501528069,80.87514297432851
684.5691168761796,4.5842177239957005,14.54062785609549,80.87515441990881
685.1127795380501,4.584193466648203,14.540640681571565,80.87516585178022
685.6563261174099,4.584169238333964,14.540653491714561,80.87517726995148
686.199756802491,4.58414503903745,14.54066628653066,80.87518867443188
686.7430717812368,4.584120868741416,14.54067906602716,80.87520006523143
687.286271241307,4.5840967274274425,14.540691830211944,80.87521144236062
687.8293553700569,4.584072615075715,14.540704579093727,80.87522280583056
688.3723243545371,4.584048531664308,14.540717312682016,80.87523415565367
688.9151783814903,4.584024477171963,14.540730030987566,80.87524549184046
689.457917637346,4.584000451575642,14.54074273401973,80.87525681440462
690.0005423082206,4.583976454850021,14.54075542179076,80.8752681233592
690.5430525798959,4.583952486969327,14.540768094312797,80.87527941871788
691.0854486378325,4.583928547906773,14.54078075159852,80.8752907004947
691.6277306671575,4.583904637634499,14.54079339366125,80.87530196870425
692.169898852657,4.5838807561236194,14.540806020514898,80.87531322336147
692.7119533787803,4.583856903344318,14.54081863217391,80.87532446448176
693.2538944296285,4.583833079265884,14.54083122865321,80.87533569208091
693.7957221889556,4.583809283856569,14.5408438099684,80.87534690617503
694.3374368401597,4.583785517084005,14.540856376135311,80.87535810678068
694.8790385662934,4.583761778914671,14.540868927170578,80.87536929391474
695.4205275500391,4.583738069314515,14.540881463091038,80.87538046759445
695.9619039737219,4.583714388468818,14.540893983791564,80.87539162773962
696.5031680203418,4.583690736343561,14.540906489284907,80.87540277437154
697.0443198725296,4.5836671128938775,14.540918979596155,80.87541390750997
697.5853597125069,4.583643518077818,14.540931454746664,80.87542502717552
698.1262877220994,4.583619951852816,14.54094391475819,80.87543613338899
698.6671040827334,4.5835964141759336,14.540956359652643,80.87544722617143
699.2078089754408,4.583572905003567,14.540968789452375,80.87545830554406
699.7484025808427,4.583549424291735,14.540981204179918,80.87546937152834
700.2888850791602,4.583525971995924,14.540993603858146,80.87548042414593
700.8292566502128,4.583502548071274,14.541005988510078,80.87549146341864
701.3695174734161,4.583479152472329,14.541018358159164,80.87550248936851
701.9096677277709,4.583455785104742,14.541030712856214,80.87551350203904
702.4497075916479,4.583432445822256,14.541043052681774,80.87552450149597
702.989637242535,4.583409134486459,14.541055377712746,80.8755354878008
703.5294568570934,4.583385851089463,14.541067687954495,80.87554646095604
704.0691666117532,4.583362595640604,14.541079983397873,80.87555742096153
704.6087666827965,4.58333936813427,14.541092264043066,80.87556836782267
705.148257246289,4.583316168554311,14.541104529896682,80.87557930154901
705.6876384780315,4.583292996876977,14.541116780969714,80.87559022215332
706.2269105535248,4.583269853072746,14.541129017276461,80.8756011296508
706.7660736479402,4.583246737107542,14.541141238833863,80.8756120240586
707.3051279361074,4.583223648943948,14.54115344566071,80.87562290539535
707.8440735924919,4.583200588541631,14.541165637777523,80.87563377368085
708.3829107911816,4.583177555858151,14.54117781520603,80.87564462893582
708.9216397058849,4.583154550849385,14.541189977968896,80.87565547118172
709.4602605099196,4.583131573469635,14.541202126089752,80.87566630044061
710.0340887994942,4.583106286140979,14.541215538725627,80.87567817513339
710.6077853367221,4.583081132182121,14.541228876112289,80.87568999170558
711.181350869391,4.583056103283682,14.541242143201371,80.87570175351495
711.7547861018945,4.583031191935107,14.541255344252308,80.87571346381259
712.328091699058,4.583006391006407,14.541268483309992,80.8757251256836
712.9012682881785,4.582981693736745,14.5412815642111,80.87573674205215
713.4743164609916,4.5829570937229525,14.541294590590692,80.87574831568635
714.0472367755792,4.582932584908837,14.541307565887902,80.87575984920325
714.6200297582102,4.5829081615831635,14.541320493337048,80.8757713450798
715.1926959051655,4.582883818324487,14.541333376041122,80.87578280563439
715.7652356843196,4.582859550072743,14.541346216866632,80.87579423306063
716.3376495370055,4.58283535205494,14.541359018529839,80.87580562941523
716.9099378795511,4.582811219795251,14.54137178357946,80.87581699662529
717.482101104851,4.582787149227547,14.541384514334924,80.87582833643752
718.0541395845104,4.582763136550325,14.54139721296177,80.8758396504879
718.6260536702258,4.582739178117894,14.541409881541945,80.87585094034016
719.1978436946382,4.582715270549653,14.541422522007277,80.87586220744308
719.7695099727151,4.582691410718329,14.541435136146921,80.87587345313474
720.3410528030784,4.582667595743943,14.541447725610675,80.87588467864538
720.9124724693022,4.582643822986281,14.541460291913364,80.87589588510036
721.4837692411626,4.582620090037678,14.541472836438786,80.87590707352354
722.0549433758547,4.5825963947158375,14.541485360443787,80.87591824484038
722.6259951191598,4.582572735056569,14.541497865062505,80.87592939988093
723.1969247065919,4.5825491093073705,14.541510351309828,80.87594053938281
723.7677323644774,4.582525515920814,14.541522820085213,80.87595166399397
724.3384183110401,4.582501953548189,14.541535272176292,80.87596277427551
724.9089827574118,4.5824784210333975,14.54154770826229,80.87597387070431
725.4794259086351,4.5824549174070865,14.541560128917345,80.87598495367557
726.0497479646258,4.582431441897899,14.541572534601421,80.87599602350069
726.6199491211843,4.58240799441888,14.541584925306031,80.87600708027509
727.1900295733705,4.58238457355374,14.541597302004222,80.87601812444204
727.7599895090775,4.582361179320406,14.541609664683413,80.87602915599618
728.3298291160786,4.58233781173428,14.541622013332534,80.87604017493318
728.8995485820224,4.582314470808604,14.541634347941676,80.87605118124972
729.469148094415,4.582291156554319,14.541646668502292,80.87606217494339
730.0386278406071,4.582267868980231,14.54165897500707,80.8760731560127
730.6079880077898,4.582244608093279,14.541671267449685,80.87608412445704
731.177228782984,4.582221373898294,14.541683545825066,80.87609508027664
731.7463503530222,4.582198166398213,14.541695810129237,80.87610602347254
732.3153529045541,4.582174985594248,14.541708060359152,80.8761169540466
732.8842366240239,4.582151831485707,14.541720296512937,80.87612787200136
733.4530016976704,4.582128704070418,14.541732518589438,80.87613877734015
734.0216483115115,4.582105603344396,14.54174472658862,80.87614967006698
734.5901766513476,4.582082529302092,14.541756920511348,80.87616055018655
735.1585869027432,4.582059481936441,14.541769100359339,80.87617141770423
735.7268792510234,4.5820364612390145,14.541781266135029,80.87618227262597
736.29505388127,4.58201346719985,14.541793417841792,80.87619311495835
736.8631109783114,4.581990499807567,14.541805555483824,80.8762039447086
737.4310507267154,4.581967559049525,14.541817679066012,80.87621476188447
737.9988733107849,4.581944644911909,14.54182978859386,80.87622556649423
738.5665789145522,4.581921757379383,14.541841884073877,80.87623635854673
739.134167721774,4.581898896435707,14.541853965512935,80.87624713805135
739.7016399159232,4.581876062109141,14.541866032893536,80.87625790499733
740.2689956804157,4.581853254542905,14.54187808613234,80.87626865932475
740.8362351991966,4.5818304737133175,14.541890125238655,80.87627940104802
741.4033586558816,4.581807719592769,14.541902150227173,80.87629013018005
741.9703662337553,4.581784992154979,14.541914161110547,80.87630084673447
742.5372581157694,4.581762291372803,14.54192615790192,80.87631155072528
743.1040344845419,4.581739617218184,14.541938140614977,80.87632224216684
743.6706955223545,4.581716969662324,14.541950109263832,80.87633292107384
744.2372414111459,4.581694348675709,14.541962063862957,80.87634358746134
744.8036723325122,4.581671754227921,14.541974004427427,80.87635424134464
745.3699884677008,4.581649186287983,14.54198593097256,80.87636488273947
745.9361899976054,4.581626644824073,14.541997843514235,80.87637551166169
746.5022771027755,4.5816041298037815,14.542009742068624,80.87638612812759
747.0682499633926,4.581581641194128,14.542021626652188,80.87639673215368
747.6341087592873,4.581559178961305,14.542033497281961,80.87640732375674
748.1998536699307,4.581536743071058,14.542045353975174,80.87641790295376
748.7654848744241,4.581514333488491,14.542057196749441,80.87642846976206
749.3310025515075,4.581491950178233,14.542069025622615,80.87643902419916
749.8964068795517,4.581469593104171,14.542080840613064,80.87644956628277
750.4616980365538,4.581447262229918,14.542092641739213,80.87646009603087
751.0268762001504,4.581424957518345,14.542104429020029,80.87647061346162
751.5919415475943,4.58140267893216,14.542116202474409,80.87648111859342
752.1568942557686,4.581380426433216,14.542127962121931,80.87649161144486
752.7217345011754,4.581358199983199,14.542139707982162,80.87650209203464
753.2864624599434,4.581335999543254,14.542151440075004,80.87651256038174
753.8510783078201,4.581313825074202,14.542163158420527,80.87652301650527
754.4155822201678,4.581291676536328,14.542174863039161,80.87653346042451
754.9799743719708,4.58126955388964,14.542186553951469,80.87654389215889
755.5442549378287,4.581247457093738,14.542198231178254,80.876554311728
756.1084240919566,4.5812253861078664,14.542209894740546,80.87656471915159
756.6724820081848,4.581203340891058,14.542221544659428,80.87657511444951
757.2364288599546,4.581181321401737,14.54223318095647,80.8765854976418
757.8002648203235,4.5811593275984395,14.542244803652995,80.87659586874857
758.363990061958,4.581137359438974,14.542256412770932,80.87660622779009
758.9276047571311,4.5811154168811274,14.542268008332112,80.87661657478677
759.4911090777376,4.5810934998823045,14.542279590358648,80.87662690975905
760.0906089342184,4.5810694115020585,14.542292361081726,80.87663822741622
760.6899747598126,4.581045447934686,14.542305061385072,80.87664949068024
761.2892073013151,4.581021601473546,14.542317695870747,80.87666070265571
761.8883072625658,4.580997865164462,14.542330268482484,80.87667186635305
762.4872753083006,4.58097423246005,14.542342782935174,80.87668298460477
763.0861120664554,4.580950697251179,14.542355242695205,80.87669406005362
763.6848181306409,4.580927253592139,14.542367651135969,80.87670509527189
764.283394061099,4.580903895852379,14.542380011455979,80.87671609269165
764.8818403865032,4.580880618715919,14.542392326669903,80.87672705461418
765.4801576057297,4.580857417153301,14.542404599639871,80.87673798320682
766.0783461894893,4.580834286425319,14.542416833066977,80.8767488805077
766.6764065819872,4.580811222088866,14.542429029473237,80.8767597484379
767.2743392025595,4.580788219962876,14.542441191238945,80.87677058879818
767.8721444471709,4.580765276130232,14.542453320595541,80.87678140327422
768.4698226899,4.58074238699357,14.54246541955786,80.87679219344857
769.0673742846657,4.580719548923214,14.542477490304636,80.87680296077215
769.6647995653223,4.5806967589863055,14.542489534403463,80.87681370661024
770.2620988491542,4.580674014154022,14.542501553621687,80.8768244322243
770.8592724366111,4.580651311711856,14.542513549513195,80.87683513877495
771.4563206130043,4.5806286491642725,14.542525523508512,80.87684582732722
772.0532436497186,4.580606024228075,14.542537476918527,80.8768564988534
772.6500418054056,4.58058343482572,14.542549410938395,80.87686715423588
773.2467153271159,4.580560879079347,14.542561326650699,80.87687779426996
773.8432644514234,4.580538355304258,14.542573225029374,80.87688841966637
774.4396894054834,4.58051586200324,14.542585106942798,80.87689903105397
775.0359904080825,4.580493397861001,14.54259697315684,80.87690962898215
775.632167670632,4.580470961738192,14.542608824338432,80.87692021392337
776.2282213981528,4.580448552666291,14.54262066105832,80.8769307862754
776.8241517902022,4.580426169842234,14.542632483794177,80.87694134636358
777.4199590417945,4.580403812825494,14.542644292786678,80.87695189438783
778.0156433453245,4.5803814811493,14.542656088290663,80.87696243056004
778.6112048904313,4.580359173814326,14.542667871076064,80.87697295510961
779.206643861447,4.580336891084138,14.542679640882863,80.876983468033
779.8019604437593,4.580314632890715,14.542691397783555,80.87699396932572
780.3971548222569,4.580292399252076,14.542703141765866,80.87700445898206
780.9922271817118,4.580270190184386,14.54271487281843,80.87701493699718
781.58717770679,4.580248005701574,14.542726590931219,80.87702540336721
782.1820065820372,4.580225845815462,14.542738296095466,80.87703585808907
782.7767139918598,4.580203710536162,14.542749988303255,80.87704630116058
783.3713001205239,4.580181599871777,14.542761667547902,80.87705673258031
783.9657651521406,4.580159513828613,14.54277333382372,80.87706715234766
784.5601092706605,4.580137452411272,14.542784987126002,80.87707756046272
785.154332659855,4.580115415622691,14.542796627450969,80.87708795692635
785.7484355033203,4.580093403502083,14.542808254774881,80.87709834172303
786.3424179846695,4.580071416204231,14.542819869008294,80.87710871478747
786.9362802881525,4.580049453723968,14.542831470150015,80.87711907612601
787.530022597792,4.580027516051481,14.542843058204832,80.87712942574369
788.1236450973693,4.580005603177974,14.542854633175608,80.87713976364641
788.7171479704175,4.579983715093308,14.54286619506601,80.87715008984068
789.3105314002174,4.5799618517860425,14.542877743880487,80.87716040433347
789.9037955697953,4.579940013243661,14.542889279624077,80.87717070713227
790.4969406619217,4.579918199452666,14.542900802302302,80.87718099824504
791.0899668590919,4.579896410398265,14.542912311921501,80.87719127768023
791.6828743435326,4.579874646064582,14.54292380848867,80.87720154544675
792.2756632971879,4.579852906434879,14.5429352920112,80.87721180155391
792.868333901729,4.579831191491313,14.542946762497195,80.87722204601148
793.4608863385274,4.579809501215161,14.5429582199552,80.87723227882964
794.0533207886726,4.579787835586752,14.542969664394331,80.87724250001892
794.6456374329509,4.579766194585513,14.542981095824226,80.87725270959027
795.237836451849,4.579744578189997,14.54299251425501,80.877262907555
795.8299180255514,4.579722986377855,14.54300391969738,80.87727309392476
796.4218823339289,4.5797014191261445,14.543015312162263,80.8772832687116
797.0137295565493,4.579679876410971,14.543026691661206,80.87729343192782
797.6054598726514,4.579658358207667,14.543038058206214,80.87730358358611
798.1970734611675,4.579636864490966,14.543049411809589,80.87731372369944
798.7885705006963,4.579615395234823,14.543060752484077,80.87732385228111
799.379951169516,4.579593950412432,14.543072080242943,80.87733396934462
799.9712156455751,4.579572529996509,14.543083395099623,80.87734407490387
800.5623641064927,4.579551133959027,14.543094697068026,80.87735416897294
801.1533967295496,4.579529762271354,14.543105986162416,80.87736425156623
801.7443136916868,4.579508414904239,14.543117262397425,80.87737432269833
802.3351151695131,4.579487091828006,14.54312852578786,80.87738438238414
802.9258013392914,4.579465793012185,14.543139776349104,80.8773944306387
803.5163723769381,4.579444518426065,14.543151014096537,80.8774044674774
804.1068284580251,4.579423268038172,14.543162239046104,80.87741449291572
804.6971697577765,4.579402041816744,14.54317345121382,80.87742450696945
805.2873964510585,4.579380839729332,14.543184650616183,80.87743450965448
805.8775087123959,4.579359661743169,14.543195837269836,80.877444500987
806.467506715949,4.579338507825115,14.543207011191589,80.87745448098329
807.0573906355315,4.579317377941446,14.543218172398658,80.8774644496599
807.6471606445933,4.5792962720580865,14.543229320908452,80.87747440703346
808.2368169162211,4.579275190140563,14.543240456738616,80.87748435312082
808.8263596231492,4.579254132154109,14.543251579906908,80.87749428793897
809.4157889377448,4.579233098063486,14.543262690431428,80.87750421150508
810.005105032014,4.5792120880012535,14.54327378823696,80.87751412376178
810.5943080784945,4.579191101937903,14.543284873335056,80.87752402472704
811.1833982493855,4.579170139830527,14.543295945749819,80.87753391441966
811.7723757164858,4.57914920163884,14.543307005502177,80.87754379285899
812.3981396195431,4.579126219357345,14.543319184283742,80.87755459635892
813.0237671386748,4.579103354310407,14.543331296924492,80.8775653487651
813.64925902139,4.579080599334138,14.543343347709337,80.87757605295653
814.2746159726456,4.579057947972216,14.54335534029932,80.87758671172847
814.8998386586852,4.579035394088065,14.5433672781751,80.87759732773682
815.5249277089882,4.579012931854856,14.543379164642777,80.87760790350237
816.1498837181406,4.578990555746484,14.543391002838716,80.8776184414148
816.7747072476724,4.5789682605280015,14.543402795735163,80.87762894373684
817.3993988278061,4.578946041253759,14.543414546133235,80.87763941261301
818.0239589592043,4.5789238932276275,14.543426256714099,80.87764985005828
818.6483881145109,4.578901812042833,14.543437929979847,80.87766025797731
819.2726867400614,4.578879793546665,14.543449568290054,80.87767063816328
819.8968552574261,4.578857833831675,14.543461173868558,80.87768099229977
820.520894064871,4.578835929232274,14.543472748802863,80.87769132196486
821.1448035388313,4.578814076317276,14.543484295048408,80.87770162863431
821.7685840353039,4.578792271882965,14.543495814432362,80.87771191368466
822.3922358912147,4.578770512945915,14.54350730865778,80.87772217839631
823.0157594257354,4.578748796736331,14.543518779307371,80.87773242395629
823.6391549415551,4.578727120691566,14.543530227847109,80.87774265146133
824.2624227261259,4.578705482449774,14.543541655629843,80.87775286192038
824.885563052842,4.578683879843823,14.5435530638987,80.87776305625748
825.5085761822188,4.578662310895162,14.543564453790673,80.87777323531417
826.1314623629951,4.578640773808285,14.543575826339584,80.87778339985213
826.7542218332255,4.5786192669650925,14.543587182479339,80.87779355055557
827.376854821321,4.578597788919233,14.543598523047201,80.87780368803357
827.9993615470846,4.578576338391159,14.543609848786469,80.87781381282238
828.6217422226786,4.57855491426278,14.54362116034956,80.87782392538766
829.2439970535728,4.578533515572752,14.543632458300614,80.87783402612662
829.8661262394838,4.578512141511347,14.543643743118492,80.87784411537015
830.4881299752449,4.578490791416005,14.543655015199242,80.87785419338476
831.1100084516823,4.578469465119241,14.543666274602792,80.87786426027796
831.7317618583875,4.578448161728405,14.543677521930446,80.87787431634115
832.3533903797517,4.578426880984192,14.543688757361844,80.87788436165397
832.9748941985268,4.578405622912636,14.54369998088018,80.87789439620718
833.5962734974232,4.578384387537189,14.54371119247026,80.87790441999255
834.2175284590884,4.578363175049793,14.543722392023186,80.87791443292703
834.8386592670977,4.578341985477308,14.543733579518442,80.87792443500426
835.459666104979,4.578320818830164,14.543744754949817,80.87793442622002
836.080549156141,4.578299675119582,14.543755918309051,80.87794440657137
836.7013086038493,4.5782785543552,14.5437670695887,80.8779543760561
837.3219446312444,4.5782574565447955,14.543778208782443,80.87796433467275
837.9424574213135,4.578236381694579,14.54378933588482,80.87797428242061
838.5628471568943,4.578215329809105,14.543800450891343,80.87798421929955
839.1831140206546,4.578194300891448,14.543811553798323,80.87799414531023
839.8032581950912,4.578173294943195,14.543822644602939,80.87800406045386
840.4232798625188,4.578152311964436,14.543833723303234,80.87801396473233
841.0431792050639,4.578131351953888,14.543844789898037,80.87802385814807
841.6629564046531,4.578110414908955,14.543855844386908,80.87803374070414
842.2826116430157,4.578089500825786,14.543866886770099,80.87804361240411
842.9021451016625,4.578068609699133,14.543877917048723,80.87805347325214
843.5215569618899,4.578047741522622,14.5438889352245,80.87806332325287
844.1408474047664,4.578026896288775,14.543899941299742,80.87807316241148
844.7600166111373,4.578006073988855,14.543910935277543,80.8780829907336
845.3790647615987,4.577985274612998,14.543921917161647,80.87809280822536
845.9979920365156,4.577964498150478,14.5439328869562,80.87810261489332
846.6167986159968,4.577943744589337,14.543943844666153,80.87811241074452
847.2354846799043,4.577923013916827,14.543954790296784,80.87812219578639
847.8540504078359,4.577902306118927,14.543965723854269,80.8781319700268
848.4724959791224,4.577881621180952,14.543976645345033,80.87814173347402
849.090821572831,4.577860959087224,14.543987554776109,80.87815148613666
849.7090273677551,4.5778403198212,14.543998452155027,80.87816122802377
850.327113542408,4.577819703365478,14.544009337489804,80.87817095914471
850.945080275021,4.577799109701929,14.544020210788844,80.87818067950923
851.562927743541,4.577778538811483,14.544031072061136,80.87819038912738
852.1806561256195,4.577757990674316,14.544041921316127,80.87820008800955
852.7982655986178,4.577737465270106,14.544052758563423,80.87820977616647
853.4157563395994,4.577716962577468,14.544063583813397,80.87821945360913
854.033128525325,4.577696482574643,14.544074397076493,80.87822912034886
854.6503823322465,4.577676025238923,14.54408519836383,80.87823877639725
855.267517936514,4.5776555905472005,14.544095987686646,80.87824842176616
855.8845355139645,4.577635178475563,14.544106765056721,80.87825805646771
856.5014352401156,4.577614788999625,14.544117530486059,80.87826768051431
857.118217290178,4.577594422094425,14.544128283986964,80.87827729391861
857.7348818390308,4.577574077734153,14.544139025572383,80.87828689669347
858.3514290612375,4.577553755892943,14.54414975525507,80.87829648885199
858.9678591310385,4.577533456683745,14.544160472970983,80.87830607034527
859.5841722231371,4.577513180102699,14.54417117871745,80.87831564117985
860.2003685120404,4.577492926115904,14.544181872513438,80.87832520137066
860.8164481718899,4.577472694691607,14.54419255437519,80.8783347509332
861.4324113764693,4.5774524857978,14.544203224319052,80.87834428988315
862.0482582992036,4.577432299402032,14.544213882361678,80.87835381823629
862.6639891131615,4.5774121354715716,14.54422452851985,80.87836333600858
863.2796039910561,4.577391993973475,14.544235162810432,80.8783728432161
863.895103105228,4.577371874874226,14.544245785250737,80.87838233987503
864.5104866276732,4.577351778140243,14.54425639585802,80.87839182600175
865.1257547300106,4.577331703737561,14.544266994649801,80.87840130161264
865.7409075835055,4.577311651632063,14.544277581643634,80.8784107667243
866.3559453590515,4.577291621789154,14.54428815685745,80.8784202213534
867.008562892947,4.577269655959486,14.544299792150039,80.87843055189047
867.661041579924,4.577247800881258,14.544311364966056,80.87844083415268
868.3133821714205,4.5772260498685995,14.544322879305117,80.87845107082629
868.9655853765927,4.577204396893624,14.54433433858492,80.87846126452145
869.6176518661059,4.577182836222672,14.544345746057324,80.87847141772
870.2695822740438,4.57716136240791,14.544357104812805,80.87848153277928
870.9213771997532,4.577139970278006,14.544368417786,80.87849161193598
871.5730372096349,4.577118654929895,14.544379687760259,80.87850165730984
872.2245628388652,4.577097411726067,14.544390917363012,80.87851167091092
872.8759545931018,4.577076236263962,14.544402109103391,80.87852165463265
873.5272129500217,4.577055124398301,14.544413265338124,80.87853161026356
874.178338360954,4.577034072225143,14.544424388283513,80.87854153949135
874.8293312524295,4.5770130760641665,14.544435480033451,80.87855144390238
875.4801920276086,4.576992132457896,14.544446542556175,80.87856132498594
876.130921067713,4.576971238164693,14.544457577698322,80.87857118413699
876.7815187334095,4.57695039015266,14.544468587188152,80.87858102265919
877.4319853661367,4.576929585592463,14.54447957263995,80.87859084176759
878.0823212894067,4.576908821851921,14.54449053555674,80.87860064259134
878.7325268100537,4.57688809648948,14.54450147733419,80.87861042617632
879.3826022194443,4.576867407248539,14.544512399263782,80.87862019348768
880.0325477946503,4.576846752051933,14.544523302535836,80.87862994541223
880.682363799593,4.576826128996279,14.5445341882428,80.87863968276092
881.3320504861362,4.576805536346806,14.5445450573821,80.8786494062711
881.9816080951535,4.576784972531935,14.544555910859328,80.87865911660874
882.6310368575528,4.576764436138631,14.54456674949073,80.87866881437064
883.2803369952827,4.576743925907413,14.544577574006048,80.87867850008654
883.9295087222936,4.576723440813189,14.544588385004145,80.87868817418267
884.5785522460046,4.576702979970945,14.544599183001614,80.87869783702743
885.2274677681742,4.576682542548693,14.54460996848802,80.87870748896329
885.8762554852387,4.576662127850909,14.544620741876077,80.87871713027302
886.524915589177,4.57664173531435,14.544631503503606,80.87872676118204
887.173448268323,4.576621364921085,14.544642253333384,80.87873638174553
887.8218537106227,4.5766010156209544,14.544652992088706,80.87874599229035
888.4701320975842,4.576580687440806,14.544663719752545,80.87875559280666
889.1182836106899,4.576560380405326,14.54467443630913,80.87876518328554
889.7663084313942,4.57654009453717,14.544685141743777,80.87877476371905
890.4142067411005,4.576519829856811,14.544695836043125,80.87878433410006
891.0619787211549,4.576499586382857,14.544706519194836,80.8787938944223
891.7096245528284,4.576479364132064,14.544717191187587,80.87880344468034
892.3571444173119,4.576459163119153,14.54472785201133,80.87881298486951
893.0045384957009,4.576438983357335,14.544738501656745,80.87882251498593
893.6518069689911,4.576418824858022,14.54474914011559,80.87883203502639
894.2989500180524,4.5763986876309515,14.544759767380569,80.87884154498848
894.9459678236425,4.5763785716842165,14.544770383445368,80.87885104487042
895.5928605663805,4.576358477024486,14.544780988304423,80.87886053467109
896.2396284267412,4.576338403656904,14.54479158195306,80.87887001439003
896.8862715850472,4.576318351585168,14.544802164387418,80.87887948402741
897.5327902214589,4.576298320811565,14.544812735604465,80.87888894358397
898.1791845159696,4.576278311337069,14.544823295601894,80.87889839306104
898.8254546484001,4.57625832316133,14.544833844378157,80.87890783246051
899.4716007983794,4.576238356282731,14.544844381932442,80.87891726178482
900.1176231453505,4.576218410698436,14.544854908264629,80.87892668103693
900.7635218738325,4.576198486404319,14.544865423375244,80.87893609022044
901.4092971523056,4.576178583395564,14.544875927265391,80.87894548933905
902.0549491648718,4.5761587016657055,14.544886419936978,80.87895487839731
902.7004780901358,4.5761388412075,14.544896901392345,80.87896425740016
903.3458841064796,4.576119002011618,14.5449073716347,80.87897362635368
903.9911673920473,4.576099184069816,14.544917830668213,80.87898298526197
904.6363281247548,4.576079387372245,14.544928278495503,80.87899233413225
905.2813664822805,4.57605961190682,14.54493871512218,80.879001672971
905.9262826420438,4.576039857661518,14.544949140553268,80.87901100178522
906.5710767812183,4.576020124623089,14.544959554794657,80.87902032058226
907.2157490767196,4.576000412777666,14.54496995785247,80.87902962936985
907.8602997052055,4.575980722110462,14.544980349733407,80.87903892815613
908.5047288430573,4.575961052605921,14.544990730444596,80.87904821694949
909.1490366663924,4.575941404247686,14.545001099993618,80.8790574957587
909.7932233510509,4.5759217771026455,14.545011458342156,80.87906676455519
910.4372890731113,4.5759021712217445,14.545021805457637,80.87907602332062
911.0812340087764,4.575882586581417,14.545032141352385,80.87908527206619
911.7250583339395,4.575863023158546,14.54504246603811,80.87909451080334
912.3687622241698,4.575843480930016,14.545052779526221,80.87910373954377
913.0123458547324,4.575823959872059,14.545063081828532,80.87911295829942
913.6558094005668,4.575804459960425,14.545073372957113,80.87912216708246
914.2991530362942,4.575784981170317,14.54508365292438,80.8791313659053
914.9423769362126,4.57576552347642,14.54509392174304,80.87914055478053
915.5854812742948,4.575746086853071,14.545104179425957,80.87914973372096
916.2284662241875,4.575726671274009,14.545114425986391,80.8791589027396
916.8713319591955,4.575707276712637,14.545124661437741,80.87916806184963
917.5140786523101,4.575687903141745,14.545134885793862,80.87917721106439
918.156706476177,4.57566855053393,14.545145099068593,80.87918635039748
918.7992156031054,4.575649218861295,14.545155301276127,80.87919547986257
919.4416062050715,4.5756299080955065,14.54516549243091,80.87920459947358
920.0838784537071,4.575610618207926,14.54517567254754,80.87921370924454
920.7260325203056,4.575591349169455,14.545185841640931,80.87922280918961
921.3680685758171,4.575572100950048,14.545195999726007,80.87923189932394
922.009986790838,4.575552873520788,14.545206146818913,80.87924097966031
922.651787335628,4.575533666852402,14.545216282933268,80.87925005021432
923.2934703801034,4.575514480913691,14.545226408085659,80.87925911100065
923.9735285429772,4.575493458257704,14.545237539183779,80.87926900255852
924.6534453351111,4.575472540538546,14.545248611075065,80.87927884838639
925.3332215131406,4.575451721465225,14.545259627536215,80.87928865099856
926.0128577914109,4.57543099538404,14.54527059177253,80.87929841284343
926.6923548458805,4.575410356913983,14.545281506835448,80.87930813625057
927.371713315986,4.575389800938401,14.545292375627284,80.87931782343432
928.050933806472,4.575369322596724,14.545303200905963,80.87932747649731
928.7300168891431,4.575348917277029,14.545313985289054,80.87933709743392
929.4089631045656,4.575328580610224,14.545324731254805,80.87934668813497
930.0877729637422,4.575308308458715,14.545335441150842,80.87935625039044
930.7664469496743,4.575288096897573,14.545346117218497,80.87936578588393
931.4449855188516,4.575267942246072,14.545356761543115,80.87937529621081
932.1233891028916,4.575247841024071,14.545367376104187,80.87938478287174
932.801658109908,4.575227789957997,14.545377962764588,80.87939424727742
933.4797929259182,4.575207785974095,14.545388523274614,80.87940369075129
934.157793916206,4.575187826192635,14.545399059275105,80.87941311453226
934.8356614266371,4.575167907921596,14.545409572301212,80.8794225197772
935.513395784932,4.575148028651396,14.545420063785155,80.87943190756344
936.1909973018979,4.575128186189272,14.545430534981882,80.87944127882885
936.8684662735561,4.575108378388454,14.545440987116068,80.87945063449547
937.5458029814594,4.57508860324696,14.54545142133542,80.87945997541762
938.2230076936761,4.5750688589262625,14.545461838694132,80.8794693023796
938.9000806658963,4.575049143744327,14.545472240158055,80.87947861609761
939.5770221424781,4.575029456170278,14.545482626607997,80.87948791722172
940.2538323574577,4.575009794820163,14.545492998841928,80.87949720633792
940.93051153554,4.574990158452059,14.545503357577932,80.87950648397
941.607059893056,4.574970545962248,14.54551370345613,80.87951575058162
942.2834776388726,4.574950956380498,14.545524037041568,80.87952500657794
942.9597649752927,4.574931388866272,14.545534358826217,80.87953425230752
943.6359220989193,4.5749118427045845,14.545544669231408,80.87954348806402
944.3119492014868,4.57489231730233,14.545554968609798,80.87955271408786
944.9878464706652,4.574872812279508,14.545565257178627,80.87956193054187
945.6636140914579,4.5748533273909215,14.545575535073873,80.87957113753521
946.3392522470589,4.574833861935919,14.545585802779204,80.87958033528488
947.0147611160506,4.5748144159440605,14.545596060276194,80.87958952377974
947.6901408770332,4.574794989442612,14.545606307547793,80.87959870300959
948.3653917086023,4.5747755824560645,14.54561654457801,80.87960787296593
949.0405137893434,4.574756195008607,14.545626771352813,80.87961703363857
949.7155072978131,4.574736827122117,14.545636987856843,80.87962618502104
950.3903724125354,4.574717478815122,14.545647194078459,80.87963532710643
951.0651093119793,4.574698150105211,14.545657390006037,80.87964445988875
951.7397181745472,4.574678841008143,14.54566757562904,80.87965358336282
952.4141991785688,4.574659551537992,14.545677750937871,80.87966269752414
953.0885525022888,4.574640281707199,14.54568791592385,80.87967180236895
953.762778323855,4.574621031526601,14.545698070579217,80.87968089789418
954.4368768213046,4.574601801005353,14.545708214897246,80.8796899840974
955.1108481725696,4.5745825901513975,14.545718348871766,80.87969906097683
955.7846925554455,4.574563398971048,14.545728472497629,80.87970812853132
956.4584101475959,4.574544227469278,14.545738585770405,80.87971718676033
957.132001126541,4.574525075649655,14.5457486886865,80.87972623566384
957.8054656696518,4.574505943514535,14.545758781242984,80.87973527524248
958.4788039541338,4.574486831064991,14.545768863437655,80.87974430549735
959.1520161570277,4.574467738300828,14.545778935269048,80.87975332643012
959.8251024551994,4.574448665220716,14.545788996736336,80.87976233804295
960.4980630253266,4.574429611822127,14.545799047839386,80.8797713403385
961.1708980439037,4.574410578101481,14.545809088578649,80.87978033331987
961.8436076872189,4.57439156405407,14.545819118955242,80.8797893169907
962.5161921313617,4.574372569685282,14.545829138964669,80.87979829135004
963.1886515522838,4.574353595120118,14.54583914853565,80.87980725634422
963.8609861265827,4.574334640349392,14.545849147669434,80.87981621198116
964.53319603061,4.574315705358975,14.545859136373778,80.87982515826725
965.2052814404608,4.574296790136208,14.545869114654291,80.8798340952095
965.8772425319784,4.57427789466762,14.545879082517033,80.87984302281535
966.5490794807412,4.574259018938883,14.54588903996861,80.87985194109251
967.2207924620642,4.574240162935045,14.545898987015917,80.87986085004903
967.8923816509913,4.574221326640317,14.545908923666397,80.87986974969328
968.5638472222996,4.574202510038351,14.54591884992773,80.87987864003392
969.2351893504873,4.574183713111953,14.545928765808167,80.87988752107988
969.9064082097678,4.574164935843346,14.54593867131626,80.8798963928404
970.5775039740743,4.5741461782142,14.545948566460854,80.87990525532494
971.2484768170514,4.574127440205513,14.54595845125119,80.87991410854329
971.9193269120567,4.57410872179762,14.545968325696926,80.87992295250545
972.5900544321458,4.574090022970425,14.545978189807926,80.87993178722165
973.260659550076,4.574071343703266,14.545988043594358,80.87994061270238
973.9311424383094,4.574052683974824,14.545997887066827,80.87994942895835
974.6015032690008,4.574034043763304,14.546007720236217,80.87995823600048
975.2717422139999,4.574015423046533,14.546017543113557,80.8799670338399
975.9418594448445,4.573996821801788,14.546027355710237,80.87997582248798
976.6118551327661,4.573978240005939,14.546037158037842,80.87998460195622
977.2817294486742,4.573959677635188,14.546046950108444,80.87999337225638
977.9514825631654,4.573941134665584,14.546056731934087,80.88000213340032
978.6211146465223,4.5739226110726126,14.546066503527216,80.88001088540018
979.2906258686985,4.573904106831398,14.546076264900446,80.88001962826816
979.9600163993282,4.5738856219167605,14.546086016066548,80.88002836201669
980.6292864077215,4.573867156302118,14.546095757038731,80.88003708665916
981.2984360628544,4.5738487099625065,14.546105487830971,80.88004580220652
981.9674655333841,4.573830282872229,14.546115208455038,80.88005450867273
982.6363749876344,4.573811875003815,14.546124918925528,80.88006320607066
983.3051645935984,4.573793486330321,14.546134619256238,80.88007189441345
983.9738345189381,4.573775116824417,14.546144309461233,80.88008057371434
984.6816531839291,4.573755012523946,14.546154949818005,80.88009003765805
985.3893282990516,4.5737350067164915,14.54616553459935,80.88009945868416
986.096860617986,4.573715093531107,14.546176067340383,80.88010883912851
986.8042508525432,4.5736952677060385,14.546186551024027,80.88011818126994
987.5114996766116,4.573675524230524,14.546196988491609,80.88012748727786
988.2186077279904,4.573655858337153,14.546207382447157,80.88013675921569
988.9255756101526,4.573636265494442,14.546217735461564,80.88014599904399
989.6324038939894,4.573616741399463,14.546228049976866,80.88015520862368
990.339093119448,4.573597282117539,14.546238328224945,80.88016438965752
991.045643798193,4.573577883779567,14.546248572403897,80.88017354381654
991.7520564140993,4.573558542721212,14.546258784597574,80.88018267268122
992.458331424763,4.5735392554832615,14.54626896677254,80.88019177774419
993.1644692629584,4.573520018804852,14.546279120781211,80.88020086041394
993.8704703380948,4.5735008296119695,14.546289248372545,80.88020992201548
994.5763350375513,4.573481685014955,14.546299351191507,80.88021896379354
995.2820637280115,4.573462582302701,14.546309430782452,80.88022798691485
995.9876567567543,4.573443518937401,14.546319488591974,80.88023699247063
996.6931144529028,4.573424492549125,14.546329525972062,80.88024598147882
997.3984371286264,4.573405500930687,14.546339544182999,80.88025495488631
998.1036250803062,4.5733865420329085,14.546349544395937,80.88026391357116
998.8086785896776,4.573367613959483,14.546359527695937,80.88027285834458
999.5135979249131,4.573348714962598,14.54636949508432,80.88028178995307
1000.2183833417001,4.573329843438115,14.546379447481542,80.88029070908034
1000.9230350842533,4.573310997921541,14.546389385729261,80.88029961634919
1001.6275533863088,4.573292177083445,14.54639931059312,80.88030851232344
1002.3319384721017,4.5732733797255,14.546409222764886,80.88031739750961
1003.0361905572778,4.573254604776408,14.546419122864796,80.88032627235879
1003.7403098498135,4.573235851288169,14.546429011443573,80.88033513726826
1004.4442965508836,4.573217118431991,14.546438888984921,80.88034399258308
1005.1481508556996,4.57319840549507,14.546448755907122,80.8803528385978
1005.8518729543366,4.573179711876647,14.54645861256543,80.88036167555792
1006.5554630325165,4.57316103708481,14.546468459253822,80.88037050366137
1007.2589212723832,4.573142380945101,14.546478296053003,80.88037932300189
1007.9622478546498,4.5731237429295035,14.546488123312463,80.88038813375805
1008.6654429562809,4.57310512273339,14.546497941244027,80.88039693602258
1009.3685067520238,4.5730865203874576,14.54650774982884,80.8804057297837
1010.0714394166686,4.573067935920324,14.546517549049254,80.88041451503042
1010.7742411250326,4.57304936935883,14.546527338888508,80.88042329175266
1011.4769120519521,4.5730308207275385,14.54653711933129,80.88043205994117
1012.1794523722667,4.573012290049384,14.546546890363125,80.88044081958749
1012.8818622607986,4.572993777345458,14.546556651970608,80.88044957068394
1013.5841418923509,4.572975282635145,14.546566404141267,80.88045831322358
1014.2862914416879,4.572956805935941,14.54657614686383,80.88046704720023
1014.9883110835283,4.572938347264104,14.546585880127537,80.88047577260835
1015.69020099254,4.572919906633981,14.546595603922881,80.88048448944313
1016.391961343312,4.572901484058589,14.546605318241026,80.88049319770039
1017.0935923103535,4.572883079549471,14.546615023073977,80.88050189737655
1017.7950940680962,4.572864693169536,14.546624718385504,80.88051058844496
1018.4964667912298,4.572846325008394,14.546634404122472,80.88051927086913
1019.197710654896,4.572827975069855,14.54664408028096,80.88052794464919
1019.8988258340978,4.572809643356036,14.546653746858922,80.88053660978505
1020.5998125036823,4.572791329869016,14.5466634038537,80.88054526627728
1021.3006708383405,4.572773034609532,14.54667305126348,80.88055391412698
1022.0014010126043,4.572754757577286,14.546682689087048,80.88056255333566
1022.7020032008302,4.572736498771079,14.546692317323629,80.88057118390529
1023.4024775772064,4.572718258188591,14.54670193597313,80.88057980583828
1024.0,4.5727041680338605,14.54670928860094,80.8805865433652
