экран;вкладка;подвкладка;вид (переключатель);основная кнопка;кнопка файл:строка;№;вид элемента;подпись;key;умолчание ni;умолчание al;умолчание fe;мин;макс;шаг;условие показа;в раскрывающемся блоке;форма;в одной строке (st.columns);обязательное;через функцию;подсказка (help);прочее;файл:строка
S01;Расчёты;Одна температура;;Рассчитать равновесие;app/ThermoGar_app.py:7499;1;заголовок;Равновесие при одной температуре;;;;;;;;;;;;;;;;app/ThermoGar_app.py:7412
S01;Расчёты;Одна температура;;Рассчитать равновесие;app/ThermoGar_app.py:7499;2;поле (число);Температура, °C;single_temperature_{база};700;500;700;;;10;;;;;нет;;;;app/ThermoGar_app.py:7414
S01;Расчёты;Одна температура;;Рассчитать равновесие;app/ThermoGar_app.py:7499;3;плашка (error);excluded_phase_message(rejected_candidates);;;;;;;;rejected_candidates;;;;;phase_selection_editor (ThermoGar_app.py:2846), вызов ThermoGar_app.py:7441;;;app/ThermoGar_app.py:2865
S01;Расчёты;Одна температура;;Рассчитать равновесие;app/ThermoGar_app.py:7499;4;плашка (info);unbuildable_note;;;;;;;;unbuildable_note;;;;;phase_selection_editor (ThermoGar_app.py:2846), вызов ThermoGar_app.py:7441;;;app/ThermoGar_app.py:2868
S01;Расчёты;Одна температура;;Рассчитать равновесие;app/ThermoGar_app.py:7499;5;раскрывающийся блок;Управление фазами / метастабильный расчёт (expanded=False);;;;;;;;;;;;;phase_selection_editor (ThermoGar_app.py:2846), вызов ThermoGar_app.py:7441;;;app/ThermoGar_app.py:2873
S01;Расчёты;Одна температура;;Рассчитать равновесие;app/ThermoGar_app.py:7499;6;радио;Набор фаз;single_phase_set_{база};все фазы базы (all);все фазы базы (all);все фазы базы (all);;;;len(fast_phases) < len(all_phases);Управление фазами / метастабильный расчёт;;;нет;phase_selection_editor (ThermoGar_app.py:2846), вызов ThermoGar_app.py:7441;;;app/ThermoGar_app.py:2895
S01;Расчёты;Одна температура;;Рассчитать равновесие;app/ThermoGar_app.py:7499;7;подпись;"Быстрый набор — обычные для практики фазы; если сомневаетесь, проверьте результат в режиме ""все фазы"".";;;;;;;;len(fast_phases) < len(all_phases);Управление фазами / метастабильный расчёт;;;;phase_selection_editor (ThermoGar_app.py:2846), вызов ThermoGar_app.py:7441;;;app/ThermoGar_app.py:2906
S01;Расчёты;Одна температура;;Рассчитать равновесие;app/ThermoGar_app.py:7499;8;плашка (warning);dropped_phases_warning(dropped);;;;;;;;len(fast_phases) < len(all_phases) И phase_mode == PHASE_MODE_FAST И dropped;Управление фазами / метастабильный расчёт;;;;phase_selection_editor (ThermoGar_app.py:2846), вызов ThermoGar_app.py:7441;;;app/ThermoGar_app.py:2916
S01;Расчёты;Одна температура;;Рассчитать равновесие;app/ThermoGar_app.py:7499;9;раскрывающийся блок;dropped_phases_expander_label(len(dropped));;;;;;;;len(fast_phases) < len(all_phases) И phase_mode == PHASE_MODE_FAST И dropped И len(dropped) > DROPPED_PHASES_SHOWN;Управление фазами / метастабильный расчёт;;;;phase_selection_editor (ThermoGar_app.py:2846), вызов ThermoGar_app.py:7441;;;app/ThermoGar_app.py:2918
S01;Расчёты;Одна температура;;Рассчитать равновесие;app/ThermoGar_app.py:7499;10;подпись;dropped_phases_full_list(dropped);;;;;;;;len(fast_phases) < len(all_phases) И phase_mode == PHASE_MODE_FAST И dropped И len(dropped) > DROPPED_PHASES_SHOWN;Управление фазами / метастабильный расчёт › dropped_phases_expander_label(len(dropped));;;;phase_selection_editor (ThermoGar_app.py:2846), вызов ThermoGar_app.py:7441;;;app/ThermoGar_app.py:2921
S01;Расчёты;Одна температура;;Рассчитать равновесие;app/ThermoGar_app.py:7499;11;радио;Какие фазы учитывать;single_phase_mode_{база};Автоматически — все совместимые фазы;Автоматически — все совместимые фазы;Автоматически — все совместимые фазы;;;;;Управление фазами / метастабильный расчёт;;;нет;phase_selection_editor (ThermoGar_app.py:2846), вызов ThermoGar_app.py:7441;;;app/ThermoGar_app.py:2931
S01;Расчёты;Одна температура;;Рассчитать равновесие;app/ThermoGar_app.py:7499;12;подпись;f'В расчёте будет учтено фаз: {len(candidate_phases)}. Это обычное равновесие для выбранной базы и состава.';;;;;;;;mode.startswith('Автоматически');Управление фазами / метастабильный расчёт;;;;phase_selection_editor (ThermoGar_app.py:2846), вызов ThermoGar_app.py:7441;;;app/ThermoGar_app.py:2942
S01;Расчёты;Одна температура;;Рассчитать равновесие;app/ThermoGar_app.py:7499;13;плашка (warning);Если отключить устойчивую фазу, получится метастабильное равновесие только среди оставленных фаз.;;;;;;;;не (mode.startswith('Автоматически'));Управление фазами / метастабильный расчёт;;;;phase_selection_editor (ThermoGar_app.py:2846), вызов ThermoGar_app.py:7441;;;app/ThermoGar_app.py:2948
S01;Расчёты;Одна температура;;Рассчитать равновесие;app/ThermoGar_app.py:7499;14;таблица-редактор;phase_table;f'{key_prefix}_phase_editor_{database_key}_{signature}';;;;;;;не (mode.startswith('Автоматически'));Управление фазами / метастабильный расчёт;;;да, ≥1 фаза в ручном режиме — ThermoGar_app.py:3025–3026 (st.error до нажатия);phase_selection_editor (ThermoGar_app.py:2846), вызов ThermoGar_app.py:7441;;disabled=['Фаза', 'Что это', 'Примечание модели'];app/ThermoGar_app.py:2975
S01;Расчёты;Одна температура;;Рассчитать равновесие;app/ThermoGar_app.py:7499;15;плашка (error);excluded_phase_message(rejected_selected);;;;;;;;не (mode.startswith('Автоматически')) И rejected_selected;Управление фазами / метастабильный расчёт;;;;phase_selection_editor (ThermoGar_app.py:2846), вызов ThermoGar_app.py:7441;;;app/ThermoGar_app.py:3018
S01;Расчёты;Одна температура;;Рассчитать равновесие;app/ThermoGar_app.py:7499;16;подпись;f'Выбрано фаз: {len(selected)} из {len(candidate_phases)}.';;;;;;;;не (mode.startswith('Автоматически'));Управление фазами / метастабильный расчёт;;;;phase_selection_editor (ThermoGar_app.py:2846), вызов ThermoGar_app.py:7441;;;app/ThermoGar_app.py:3021
S01;Расчёты;Одна температура;;Рассчитать равновесие;app/ThermoGar_app.py:7499;17;плашка (error);Нужно оставить хотя бы одну фазу.;;;;;;;;не (mode.startswith('Автоматически')) И not selected;Управление фазами / метастабильный расчёт;;;;phase_selection_editor (ThermoGar_app.py:2846), вызов ThermoGar_app.py:7441;;;app/ThermoGar_app.py:3026
S01;Расчёты;Одна температура;;Рассчитать равновесие;app/ThermoGar_app.py:7499;18;плашка (error, текст исключения);Список фаз появится после исправления состава.;;;;;;;;при исключении;;;;;;;;app/ThermoGar_app.py:7449
S01;Расчёты;Одна температура;;Рассчитать равновесие;app/ThermoGar_app.py:7499;19;кнопка;Рассчитать равновесие;single_calculate;;;;;;;type(single_feature_decision) in (verified_loaders.FeatureRequest, verified_loaders.Rejec…;;;;;;;type='primary';app/ThermoGar_app.py:7496
S01;Расчёты;Одна температура;;Рассчитать равновесие;app/ThermoGar_app.py:7499;20;кнопка;Рассчитать равновесие;single_calculate;;;;;;;не (type(single_feature_decision) in (verified_loaders.FeatureRequest, verified_loaders.Rejec…);;;;;;Параметры расчёта некорректны.;"type='primary'; disabled=True";app/ThermoGar_app.py:7503
S02;Расчёты;Температурный диапазон;;Построить график по температуре;app/ThermoGar_app.py:7849;1;заголовок;Изменение фазовых долей с температурой;;;;;;;;;;;;;;;;app/ThermoGar_app.py:7710
S02;Расчёты;Температурный диапазон;;Построить график по температуре;app/ThermoGar_app.py:7849;2;поле (число);От, °C;t_min_{база};500;200;400;;;10;;;;st.columns@ThermoGar_app.py:7712 (колонка 1 из 3);нет;;;;app/ThermoGar_app.py:7715
S02;Расчёты;Температурный диапазон;;Построить график по температуре;app/ThermoGar_app.py:7849;3;поле (число);До, °C;t_max_{база};1200;700;1200;;;10;;;;st.columns@ThermoGar_app.py:7712 (колонка 2 из 3);нет;;;;app/ThermoGar_app.py:7723
S02;Расчёты;Температурный диапазон;;Построить график по температуре;app/ThermoGar_app.py:7849;4;поле (число);Шаг, °C;t_step_{база};25;25;400;0.1;;5;;;;st.columns@ThermoGar_app.py:7712 (колонка 3 из 3);нет;;;;app/ThermoGar_app.py:7731
S02;Расчёты;Температурный диапазон;;Построить график по температуре;app/ThermoGar_app.py:7849;5;поле (число);Показывать на графике фазы с максимумом не менее, %;;0.1;0.1;0.1;0;;0.1;;;;;нет;;;;app/ThermoGar_app.py:7739
S02;Расчёты;Температурный диапазон;;Построить график по температуре;app/ThermoGar_app.py:7849;6;плашка (error);excluded_phase_message(rejected_candidates);;;;;;;;rejected_candidates;;;;;phase_selection_editor (ThermoGar_app.py:2846), вызов ThermoGar_app.py:7768;;;app/ThermoGar_app.py:2865
S02;Расчёты;Температурный диапазон;;Построить график по температуре;app/ThermoGar_app.py:7849;7;плашка (info);unbuildable_note;;;;;;;;unbuildable_note;;;;;phase_selection_editor (ThermoGar_app.py:2846), вызов ThermoGar_app.py:7768;;;app/ThermoGar_app.py:2868
S02;Расчёты;Температурный диапазон;;Построить график по температуре;app/ThermoGar_app.py:7849;8;раскрывающийся блок;Управление фазами / метастабильный расчёт (expanded=False);;;;;;;;;;;;;phase_selection_editor (ThermoGar_app.py:2846), вызов ThermoGar_app.py:7768;;;app/ThermoGar_app.py:2873
S02;Расчёты;Температурный диапазон;;Построить график по температуре;app/ThermoGar_app.py:7849;9;радио;Набор фаз;temperature_phase_set_{база};быстрый набор (fast);быстрый набор (fast);быстрый набор (fast);;;;len(fast_phases) < len(all_phases);Управление фазами / метастабильный расчёт;;;нет;phase_selection_editor (ThermoGar_app.py:2846), вызов ThermoGar_app.py:7768;;;app/ThermoGar_app.py:2895
S02;Расчёты;Температурный диапазон;;Построить график по температуре;app/ThermoGar_app.py:7849;10;подпись;"Быстрый набор — обычные для практики фазы; если сомневаетесь, проверьте результат в режиме ""все фазы"".";;;;;;;;len(fast_phases) < len(all_phases);Управление фазами / метастабильный расчёт;;;;phase_selection_editor (ThermoGar_app.py:2846), вызов ThermoGar_app.py:7768;;;app/ThermoGar_app.py:2906
S02;Расчёты;Температурный диапазон;;Построить график по температуре;app/ThermoGar_app.py:7849;11;плашка (warning);dropped_phases_warning(dropped);;;;;;;;len(fast_phases) < len(all_phases) И phase_mode == PHASE_MODE_FAST И dropped;Управление фазами / метастабильный расчёт;;;;phase_selection_editor (ThermoGar_app.py:2846), вызов ThermoGar_app.py:7768;;;app/ThermoGar_app.py:2916
S02;Расчёты;Температурный диапазон;;Построить график по температуре;app/ThermoGar_app.py:7849;12;раскрывающийся блок;dropped_phases_expander_label(len(dropped));;;;;;;;len(fast_phases) < len(all_phases) И phase_mode == PHASE_MODE_FAST И dropped И len(dropped) > DROPPED_PHASES_SHOWN;Управление фазами / метастабильный расчёт;;;;phase_selection_editor (ThermoGar_app.py:2846), вызов ThermoGar_app.py:7768;;;app/ThermoGar_app.py:2918
S02;Расчёты;Температурный диапазон;;Построить график по температуре;app/ThermoGar_app.py:7849;13;подпись;dropped_phases_full_list(dropped);;;;;;;;len(fast_phases) < len(all_phases) И phase_mode == PHASE_MODE_FAST И dropped И len(dropped) > DROPPED_PHASES_SHOWN;Управление фазами / метастабильный расчёт › dropped_phases_expander_label(len(dropped));;;;phase_selection_editor (ThermoGar_app.py:2846), вызов ThermoGar_app.py:7768;;;app/ThermoGar_app.py:2921
S02;Расчёты;Температурный диапазон;;Построить график по температуре;app/ThermoGar_app.py:7849;14;радио;Какие фазы учитывать;temperature_phase_mode_{база};Автоматически — все совместимые фазы;Автоматически — все совместимые фазы;Автоматически — все совместимые фазы;;;;;Управление фазами / метастабильный расчёт;;;нет;phase_selection_editor (ThermoGar_app.py:2846), вызов ThermoGar_app.py:7768;;;app/ThermoGar_app.py:2931
S02;Расчёты;Температурный диапазон;;Построить график по температуре;app/ThermoGar_app.py:7849;15;подпись;f'В расчёте будет учтено фаз: {len(candidate_phases)}. Это обычное равновесие для выбранной базы и состава.';;;;;;;;mode.startswith('Автоматически');Управление фазами / метастабильный расчёт;;;;phase_selection_editor (ThermoGar_app.py:2846), вызов ThermoGar_app.py:7768;;;app/ThermoGar_app.py:2942
S02;Расчёты;Температурный диапазон;;Построить график по температуре;app/ThermoGar_app.py:7849;16;плашка (warning);Если отключить устойчивую фазу, получится метастабильное равновесие только среди оставленных фаз.;;;;;;;;не (mode.startswith('Автоматически'));Управление фазами / метастабильный расчёт;;;;phase_selection_editor (ThermoGar_app.py:2846), вызов ThermoGar_app.py:7768;;;app/ThermoGar_app.py:2948
S02;Расчёты;Температурный диапазон;;Построить график по температуре;app/ThermoGar_app.py:7849;17;таблица-редактор;phase_table;f'{key_prefix}_phase_editor_{database_key}_{signature}';;;;;;;не (mode.startswith('Автоматически'));Управление фазами / метастабильный расчёт;;;да, ≥1 фаза в ручном режиме — ThermoGar_app.py:3025–3026;phase_selection_editor (ThermoGar_app.py:2846), вызов ThermoGar_app.py:7768;;disabled=['Фаза', 'Что это', 'Примечание модели'];app/ThermoGar_app.py:2975
S02;Расчёты;Температурный диапазон;;Построить график по температуре;app/ThermoGar_app.py:7849;18;плашка (error);excluded_phase_message(rejected_selected);;;;;;;;не (mode.startswith('Автоматически')) И rejected_selected;Управление фазами / метастабильный расчёт;;;;phase_selection_editor (ThermoGar_app.py:2846), вызов ThermoGar_app.py:7768;;;app/ThermoGar_app.py:3018
S02;Расчёты;Температурный диапазон;;Построить график по температуре;app/ThermoGar_app.py:7849;19;подпись;f'Выбрано фаз: {len(selected)} из {len(candidate_phases)}.';;;;;;;;не (mode.startswith('Автоматически'));Управление фазами / метастабильный расчёт;;;;phase_selection_editor (ThermoGar_app.py:2846), вызов ThermoGar_app.py:7768;;;app/ThermoGar_app.py:3021
S02;Расчёты;Температурный диапазон;;Построить график по температуре;app/ThermoGar_app.py:7849;20;плашка (error);Нужно оставить хотя бы одну фазу.;;;;;;;;не (mode.startswith('Автоматически')) И not selected;Управление фазами / метастабильный расчёт;;;;phase_selection_editor (ThermoGar_app.py:2846), вызов ThermoGar_app.py:7768;;;app/ThermoGar_app.py:3026
S02;Расчёты;Температурный диапазон;;Построить график по температуре;app/ThermoGar_app.py:7849;21;плашка (error, текст исключения);Список фаз появится после исправления состава.;;;;;;;;при исключении;;;;;;;;app/ThermoGar_app.py:7776
S02;Расчёты;Температурный диапазон;;Построить график по температуре;app/ThermoGar_app.py:7849;22;кнопка;Построить график по температуре;temperature_calculate;;;;;;;type(temperature_feature_decision) in (verified_loaders.FeatureRequest, verified_loaders.…;;;;;;;type='primary';app/ThermoGar_app.py:7846
S02;Расчёты;Температурный диапазон;;Построить график по температуре;app/ThermoGar_app.py:7849;23;кнопка;Построить график по температуре;temperature_calculate;;;;;;;не (type(temperature_feature_decision) in (verified_loaders.FeatureRequest, verified_loaders.…);;;;;;Параметры температурного скана некорректны.;"type='primary'; disabled=True";app/ThermoGar_app.py:7853
S03;Расчёты;Изменение состава;;Построить график по составу;app/ThermoGar_app.py:8199;1;заголовок;Изменение фазовых долей с концентрацией;;;;;;;;;;;;;;;;app/ThermoGar_app.py:8026
S03;Расчёты;Изменение состава;;Построить график по составу;app/ThermoGar_app.py:8199;2;выбор;Изменяемый элемент;;Al;Cr;Al;;;;;;;;нет;;;;app/ThermoGar_app.py:8034
S03;Расчёты;Изменение состава;;Построить график по составу;app/ThermoGar_app.py:8199;3;подпись;ni: В строке добавок указывайте только постоянные элементы. Al программа будет менять сама. | al: В строке добавок указывайте только постоянные элементы. Cr программа будет менять сама. | fe: В строке добавок указывайте только постоянные элементы. Al программа будет менять сама.;;;;;;;;;;;;;;;;app/ThermoGar_app.py:8040
S03;Расчёты;Изменение состава;;Построить график по составу;app/ThermoGar_app.py:8199;4;поле (текст, многострочное);ni: Постоянные добавки, ат.% | al: Постоянные добавки, ат.% | fe: Постоянные добавки, мас.%;fixed_composition_{база};;;;;;;;;;;нет: пустое — бинарная система основа + изменяемый элемент;;;;app/ThermoGar_app.py:8045
S03;Расчёты;Изменение состава;;Построить график по составу;app/ThermoGar_app.py:8199;5;поле (число);ni: Al: от, ат.% | al: Cr: от, ат.% | fe: Al: от, мас.%;;0;0;0;0;;1;;;;st.columns@ThermoGar_app.py:8052 (колонка 1 из 3);нет;;;;app/ThermoGar_app.py:8055
S03;Расчёты;Изменение состава;;Построить график по составу;app/ThermoGar_app.py:8199;6;поле (число);ni: Al: до, ат.% | al: Cr: до, ат.% | fe: Al: до, мас.%;;20;20;20;0;;1;;;;st.columns@ThermoGar_app.py:8052 (колонка 2 из 3);нет;;;;app/ThermoGar_app.py:8063
S03;Расчёты;Изменение состава;;Построить график по составу;app/ThermoGar_app.py:8199;7;поле (число);ni: Al: шаг, ат.% | al: Cr: шаг, ат.% | fe: Al: шаг, мас.%;;1;1;10;0.01;;0.5;;;;st.columns@ThermoGar_app.py:8052 (колонка 3 из 3);нет;;;;app/ThermoGar_app.py:8071
S03;Расчёты;Изменение состава;;Построить график по составу;app/ThermoGar_app.py:8199;8;поле (число);Температура, °C;concentration_temperature_{база};700;500;700;;;10;;;;;нет;;;;app/ThermoGar_app.py:8078
S03;Расчёты;Изменение состава;;Построить график по составу;app/ThermoGar_app.py:8199;9;поле (число);Показывать на графике фазы с максимумом не менее, %;concentration_threshold;0.1;0.1;0.1;0;;0.1;;;;;нет;;;;app/ThermoGar_app.py:8085
S03;Расчёты;Изменение состава;;Построить график по составу;app/ThermoGar_app.py:8199;10;плашка (error);excluded_phase_message(rejected_candidates);;;;;;;;rejected_candidates;;;;;phase_selection_editor (ThermoGar_app.py:2846), вызов ThermoGar_app.py:8117;;;app/ThermoGar_app.py:2865
S03;Расчёты;Изменение состава;;Построить график по составу;app/ThermoGar_app.py:8199;11;плашка (info);unbuildable_note;;;;;;;;unbuildable_note;;;;;phase_selection_editor (ThermoGar_app.py:2846), вызов ThermoGar_app.py:8117;;;app/ThermoGar_app.py:2868
S03;Расчёты;Изменение состава;;Построить график по составу;app/ThermoGar_app.py:8199;12;раскрывающийся блок;Управление фазами / метастабильный расчёт (expanded=False);;;;;;;;;;;;;phase_selection_editor (ThermoGar_app.py:2846), вызов ThermoGar_app.py:8117;;;app/ThermoGar_app.py:2873
S03;Расчёты;Изменение состава;;Построить график по составу;app/ThermoGar_app.py:8199;13;радио;Набор фаз;concentration_phase_set_{база};быстрый набор (fast);быстрый набор (fast);быстрый набор (fast);;;;len(fast_phases) < len(all_phases);Управление фазами / метастабильный расчёт;;;нет;phase_selection_editor (ThermoGar_app.py:2846), вызов ThermoGar_app.py:8117;;;app/ThermoGar_app.py:2895
S03;Расчёты;Изменение состава;;Построить график по составу;app/ThermoGar_app.py:8199;14;подпись;"Быстрый набор — обычные для практики фазы; если сомневаетесь, проверьте результат в режиме ""все фазы"".";;;;;;;;len(fast_phases) < len(all_phases);Управление фазами / метастабильный расчёт;;;;phase_selection_editor (ThermoGar_app.py:2846), вызов ThermoGar_app.py:8117;;;app/ThermoGar_app.py:2906
S03;Расчёты;Изменение состава;;Построить график по составу;app/ThermoGar_app.py:8199;15;плашка (warning);dropped_phases_warning(dropped);;;;;;;;len(fast_phases) < len(all_phases) И phase_mode == PHASE_MODE_FAST И dropped;Управление фазами / метастабильный расчёт;;;;phase_selection_editor (ThermoGar_app.py:2846), вызов ThermoGar_app.py:8117;;;app/ThermoGar_app.py:2916
S03;Расчёты;Изменение состава;;Построить график по составу;app/ThermoGar_app.py:8199;16;раскрывающийся блок;dropped_phases_expander_label(len(dropped));;;;;;;;len(fast_phases) < len(all_phases) И phase_mode == PHASE_MODE_FAST И dropped И len(dropped) > DROPPED_PHASES_SHOWN;Управление фазами / метастабильный расчёт;;;;phase_selection_editor (ThermoGar_app.py:2846), вызов ThermoGar_app.py:8117;;;app/ThermoGar_app.py:2918
S03;Расчёты;Изменение состава;;Построить график по составу;app/ThermoGar_app.py:8199;17;подпись;dropped_phases_full_list(dropped);;;;;;;;len(fast_phases) < len(all_phases) И phase_mode == PHASE_MODE_FAST И dropped И len(dropped) > DROPPED_PHASES_SHOWN;Управление фазами / метастабильный расчёт › dropped_phases_expander_label(len(dropped));;;;phase_selection_editor (ThermoGar_app.py:2846), вызов ThermoGar_app.py:8117;;;app/ThermoGar_app.py:2921
S03;Расчёты;Изменение состава;;Построить график по составу;app/ThermoGar_app.py:8199;18;радио;Какие фазы учитывать;concentration_phase_mode_{база};Автоматически — все совместимые фазы;Автоматически — все совместимые фазы;Автоматически — все совместимые фазы;;;;;Управление фазами / метастабильный расчёт;;;нет;phase_selection_editor (ThermoGar_app.py:2846), вызов ThermoGar_app.py:8117;;;app/ThermoGar_app.py:2931
S03;Расчёты;Изменение состава;;Построить график по составу;app/ThermoGar_app.py:8199;19;подпись;f'В расчёте будет учтено фаз: {len(candidate_phases)}. Это обычное равновесие для выбранной базы и состава.';;;;;;;;mode.startswith('Автоматически');Управление фазами / метастабильный расчёт;;;;phase_selection_editor (ThermoGar_app.py:2846), вызов ThermoGar_app.py:8117;;;app/ThermoGar_app.py:2942
S03;Расчёты;Изменение состава;;Построить график по составу;app/ThermoGar_app.py:8199;20;плашка (warning);Если отключить устойчивую фазу, получится метастабильное равновесие только среди оставленных фаз.;;;;;;;;не (mode.startswith('Автоматически'));Управление фазами / метастабильный расчёт;;;;phase_selection_editor (ThermoGar_app.py:2846), вызов ThermoGar_app.py:8117;;;app/ThermoGar_app.py:2948
S03;Расчёты;Изменение состава;;Построить график по составу;app/ThermoGar_app.py:8199;21;таблица-редактор;phase_table;f'{key_prefix}_phase_editor_{database_key}_{signature}';;;;;;;не (mode.startswith('Автоматически'));Управление фазами / метастабильный расчёт;;;да, ≥1 фаза в ручном режиме — ThermoGar_app.py:3025–3026;phase_selection_editor (ThermoGar_app.py:2846), вызов ThermoGar_app.py:8117;;disabled=['Фаза', 'Что это', 'Примечание модели'];app/ThermoGar_app.py:2975
S03;Расчёты;Изменение состава;;Построить график по составу;app/ThermoGar_app.py:8199;22;плашка (error);excluded_phase_message(rejected_selected);;;;;;;;не (mode.startswith('Автоматически')) И rejected_selected;Управление фазами / метастабильный расчёт;;;;phase_selection_editor (ThermoGar_app.py:2846), вызов ThermoGar_app.py:8117;;;app/ThermoGar_app.py:3018
S03;Расчёты;Изменение состава;;Построить график по составу;app/ThermoGar_app.py:8199;23;подпись;f'Выбрано фаз: {len(selected)} из {len(candidate_phases)}.';;;;;;;;не (mode.startswith('Автоматически'));Управление фазами / метастабильный расчёт;;;;phase_selection_editor (ThermoGar_app.py:2846), вызов ThermoGar_app.py:8117;;;app/ThermoGar_app.py:3021
S03;Расчёты;Изменение состава;;Построить график по составу;app/ThermoGar_app.py:8199;24;плашка (error);Нужно оставить хотя бы одну фазу.;;;;;;;;не (mode.startswith('Автоматически')) И not selected;Управление фазами / метастабильный расчёт;;;;phase_selection_editor (ThermoGar_app.py:2846), вызов ThermoGar_app.py:8117;;;app/ThermoGar_app.py:3026
S03;Расчёты;Изменение состава;;Построить график по составу;app/ThermoGar_app.py:8199;25;плашка (error, текст исключения);Список фаз появится после исправления постоянного состава.;;;;;;;;при исключении;;;;;;;;app/ThermoGar_app.py:8125
S03;Расчёты;Изменение состава;;Построить график по составу;app/ThermoGar_app.py:8199;26;кнопка;Построить график по составу;concentration_calculate;;;;;;;type(concentration_feature_decision) in (verified_loaders.FeatureRequest, verified_loader…;;;;;;;type='primary';app/ThermoGar_app.py:8196
S03;Расчёты;Изменение состава;;Построить график по составу;app/ThermoGar_app.py:8199;27;кнопка;Построить график по составу;concentration_calculate;;;;;;;не (type(concentration_feature_decision) in (verified_loaders.FeatureRequest, verified_loader…);;;;;;Параметры скана по составу некорректны.;"type='primary'; disabled=True";app/ThermoGar_app.py:8203
S04;Диаграммы;Бинарная T–X;;Построить диаграмму состояния;app/ThermoGar_app.py:8546;1;заголовок;Диаграммы состояния;;;;;;;;;;;;;;;;app/ThermoGar_app.py:8387
S04;Диаграммы;Бинарная T–X;;Построить диаграмму состояния;app/ThermoGar_app.py:8546;2;подпись;Выберите диаграмму границ или карту количества выбранной фазы.;;;;;;;;;;;;;;;;app/ThermoGar_app.py:8388
S04;Диаграммы;Бинарная T–X;;Построить диаграмму состояния;app/ThermoGar_app.py:8546;3;подпись;#### Бинарная система;;;;;;;;;;;;;;;;app/ThermoGar_app.py:8407
S04;Диаграммы;Бинарная T–X;;Построить диаграмму состояния;app/ThermoGar_app.py:8546;4;подпись;Диаграмма для двух элементов без постоянных добавок.;;;;;;;;;;;;;;;;app/ThermoGar_app.py:8408
S04;Диаграммы;Бинарная T–X;;Построить диаграмму состояния;app/ThermoGar_app.py:8546;5;выбор;Первый элемент системы;binary_left_{база};Ni;Al;Fe;;;;;;;;нет;;;;app/ThermoGar_app.py:8414
S04;Диаграммы;Бинарная T–X;;Построить диаграмму состояния;app/ThermoGar_app.py:8546;6;выбор;"Второй элемент; его содержание идёт по горизонтальной оси";ni: binary_right_ni_Ni | al: binary_right_al_Al | fe: binary_right_fe_Fe;Al;Cu;C;;;;;;;;нет;;;;app/ThermoGar_app.py:8436
S04;Диаграммы;Бинарная T–X;;Построить диаграмму состояния;app/ThermoGar_app.py:8546;7;радио;Единицы горизонтальной оси;binary_units_{база};атомные %;массовые %;массовые %;;;;;;;;нет;;;;app/ThermoGar_app.py:8444
S04;Диаграммы;Бинарная T–X;;Построить диаграмму состояния;app/ThermoGar_app.py:8546;8;поле (число);ni: Al: от, ат.% (0–99.999) | al: Cu: от, мас.% (0–99.999) | fe: C: от, мас.% (0–99.999);ni: binary_c_min_ni_Al | al: binary_c_min_al_Cu | fe: binary_c_min_fe_C;0;0;0;0;99.999;ni: 1 | al: 1 | fe: 0.1;;;;;нет;;;;app/ThermoGar_app.py:8453
S04;Диаграммы;Бинарная T–X;;Построить диаграмму состояния;app/ThermoGar_app.py:8546;9;поле (число);ni: Al: до, ат.% (0.001–100) | al: Cu: до, мас.% (0.001–100) | fe: C: до, мас.% (0.001–100);ni: binary_c_max_ni_Al | al: binary_c_max_al_Cu | fe: binary_c_max_fe_C;35;55;6.7;0.001;100;ni: 1 | al: 1 | fe: 0.1;;;;;нет;;;;app/ThermoGar_app.py:8461
S04;Диаграммы;Бинарная T–X;;Построить диаграмму состояния;app/ThermoGar_app.py:8546;10;поле (число);ni: Шаг по составу, ат.% | al: Шаг по составу, мас.% | fe: Шаг по составу, мас.%;ni: binary_c_step_ni_Al | al: binary_c_step_al_Cu | fe: binary_c_step_fe_C;1;1;0.1;0.001;;ni: 1 | al: 1 | fe: 0.1;;;;;нет;;;;app/ThermoGar_app.py:8469
S04;Диаграммы;Бинарная T–X;;Построить диаграмму состояния;app/ThermoGar_app.py:8546;11;поле (число);Температура от, °C;binary_t_min_{база};400;200;400;;;10;;;;;нет;;;;app/ThermoGar_app.py:8477
S04;Диаграммы;Бинарная T–X;;Построить диаграмму состояния;app/ThermoGar_app.py:8546;12;поле (число);Температура до, °C;binary_t_max_{база};1600;800;1600;;;10;;;;;нет;;;;app/ThermoGar_app.py:8483
S04;Диаграммы;Бинарная T–X;;Построить диаграмму состояния;app/ThermoGar_app.py:8546;13;поле (число);Шаг по температуре, °C;binary_t_step_{база};10;10;10;0.1;;5;;;;;нет;;;;app/ThermoGar_app.py:8489
S04;Диаграммы;Бинарная T–X;;Построить диаграмму состояния;app/ThermoGar_app.py:8546;14;галочка;Показывать линии связи в двухфазных областях;binary_tielines_{база};False;False;False;;;;;;;;нет;;;;app/ThermoGar_app.py:8497
S04;Диаграммы;Бинарная T–X;;Построить диаграмму состояния;app/ThermoGar_app.py:8546;15;галочка;Показывать узловые точки;binary_nodes_{база};False;False;False;;;;;;;;нет;;;;app/ThermoGar_app.py:8502
S04;Диаграммы;Бинарная T–X;;Построить диаграмму состояния;app/ThermoGar_app.py:8546;16;плашка (error);excluded_phase_message(rejected_candidates);;;;;;;;rejected_candidates;;;;;phase_selection_editor (ThermoGar_app.py:2846), вызов ThermoGar_app.py:8520;;;app/ThermoGar_app.py:2865
S04;Диаграммы;Бинарная T–X;;Построить диаграмму состояния;app/ThermoGar_app.py:8546;17;плашка (info);unbuildable_note;;;;;;;;unbuildable_note;;;;;phase_selection_editor (ThermoGar_app.py:2846), вызов ThermoGar_app.py:8520;;;app/ThermoGar_app.py:2868
S04;Диаграммы;Бинарная T–X;;Построить диаграмму состояния;app/ThermoGar_app.py:8546;18;раскрывающийся блок;Управление фазами / метастабильный расчёт (expanded=False);;;;;;;;;;;;;phase_selection_editor (ThermoGar_app.py:2846), вызов ThermoGar_app.py:8520;;;app/ThermoGar_app.py:2873
S04;Диаграммы;Бинарная T–X;;Построить диаграмму состояния;app/ThermoGar_app.py:8546;19;радио;Набор фаз;binary_diagram_phase_set_{база};быстрый набор (fast);быстрый набор (fast);быстрый набор (fast);;;;len(fast_phases) < len(all_phases);Управление фазами / метастабильный расчёт;;;нет;phase_selection_editor (ThermoGar_app.py:2846), вызов ThermoGar_app.py:8520;;;app/ThermoGar_app.py:2895
S04;Диаграммы;Бинарная T–X;;Построить диаграмму состояния;app/ThermoGar_app.py:8546;20;подпись;"Быстрый набор — обычные для практики фазы; если сомневаетесь, проверьте результат в режиме ""все фазы"".";;;;;;;;len(fast_phases) < len(all_phases);Управление фазами / метастабильный расчёт;;;;phase_selection_editor (ThermoGar_app.py:2846), вызов ThermoGar_app.py:8520;;;app/ThermoGar_app.py:2906
S04;Диаграммы;Бинарная T–X;;Построить диаграмму состояния;app/ThermoGar_app.py:8546;21;плашка (warning);dropped_phases_warning(dropped);;;;;;;;len(fast_phases) < len(all_phases) И phase_mode == PHASE_MODE_FAST И dropped;Управление фазами / метастабильный расчёт;;;;phase_selection_editor (ThermoGar_app.py:2846), вызов ThermoGar_app.py:8520;;;app/ThermoGar_app.py:2916
S04;Диаграммы;Бинарная T–X;;Построить диаграмму состояния;app/ThermoGar_app.py:8546;22;раскрывающийся блок;dropped_phases_expander_label(len(dropped));;;;;;;;len(fast_phases) < len(all_phases) И phase_mode == PHASE_MODE_FAST И dropped И len(dropped) > DROPPED_PHASES_SHOWN;Управление фазами / метастабильный расчёт;;;;phase_selection_editor (ThermoGar_app.py:2846), вызов ThermoGar_app.py:8520;;;app/ThermoGar_app.py:2918
S04;Диаграммы;Бинарная T–X;;Построить диаграмму состояния;app/ThermoGar_app.py:8546;23;подпись;dropped_phases_full_list(dropped);;;;;;;;len(fast_phases) < len(all_phases) И phase_mode == PHASE_MODE_FAST И dropped И len(dropped) > DROPPED_PHASES_SHOWN;Управление фазами / метастабильный расчёт › dropped_phases_expander_label(len(dropped));;;;phase_selection_editor (ThermoGar_app.py:2846), вызов ThermoGar_app.py:8520;;;app/ThermoGar_app.py:2921
S04;Диаграммы;Бинарная T–X;;Построить диаграмму состояния;app/ThermoGar_app.py:8546;24;радио;Какие фазы учитывать;binary_diagram_phase_mode_{база};Автоматически — все совместимые фазы;Автоматически — все совместимые фазы;Автоматически — все совместимые фазы;;;;;Управление фазами / метастабильный расчёт;;;нет;phase_selection_editor (ThermoGar_app.py:2846), вызов ThermoGar_app.py:8520;;;app/ThermoGar_app.py:2931
S04;Диаграммы;Бинарная T–X;;Построить диаграмму состояния;app/ThermoGar_app.py:8546;25;подпись;f'В расчёте будет учтено фаз: {len(candidate_phases)}. Это обычное равновесие для выбранной базы и состава.';;;;;;;;mode.startswith('Автоматически');Управление фазами / метастабильный расчёт;;;;phase_selection_editor (ThermoGar_app.py:2846), вызов ThermoGar_app.py:8520;;;app/ThermoGar_app.py:2942
S04;Диаграммы;Бинарная T–X;;Построить диаграмму состояния;app/ThermoGar_app.py:8546;26;плашка (warning);Если отключить устойчивую фазу, получится метастабильное равновесие только среди оставленных фаз.;;;;;;;;не (mode.startswith('Автоматически'));Управление фазами / метастабильный расчёт;;;;phase_selection_editor (ThermoGar_app.py:2846), вызов ThermoGar_app.py:8520;;;app/ThermoGar_app.py:2948
S04;Диаграммы;Бинарная T–X;;Построить диаграмму состояния;app/ThermoGar_app.py:8546;27;таблица-редактор;phase_table;f'{key_prefix}_phase_editor_{database_key}_{signature}';;;;;;;не (mode.startswith('Автоматически'));Управление фазами / метастабильный расчёт;;;да, ≥1 фаза — ThermoGar_app.py:3025–3026, отказ :8575–8576;phase_selection_editor (ThermoGar_app.py:2846), вызов ThermoGar_app.py:8520;;disabled=['Фаза', 'Что это', 'Примечание модели'];app/ThermoGar_app.py:2975
S04;Диаграммы;Бинарная T–X;;Построить диаграмму состояния;app/ThermoGar_app.py:8546;28;плашка (error);excluded_phase_message(rejected_selected);;;;;;;;не (mode.startswith('Автоматически')) И rejected_selected;Управление фазами / метастабильный расчёт;;;;phase_selection_editor (ThermoGar_app.py:2846), вызов ThermoGar_app.py:8520;;;app/ThermoGar_app.py:3018
S04;Диаграммы;Бинарная T–X;;Построить диаграмму состояния;app/ThermoGar_app.py:8546;29;подпись;f'Выбрано фаз: {len(selected)} из {len(candidate_phases)}.';;;;;;;;не (mode.startswith('Автоматически'));Управление фазами / метастабильный расчёт;;;;phase_selection_editor (ThermoGar_app.py:2846), вызов ThermoGar_app.py:8520;;;app/ThermoGar_app.py:3021
S04;Диаграммы;Бинарная T–X;;Построить диаграмму состояния;app/ThermoGar_app.py:8546;30;плашка (error);Нужно оставить хотя бы одну фазу.;;;;;;;;не (mode.startswith('Автоматически')) И not selected;Управление фазами / метастабильный расчёт;;;;phase_selection_editor (ThermoGar_app.py:2846), вызов ThermoGar_app.py:8520;;;app/ThermoGar_app.py:3026
S04;Диаграммы;Бинарная T–X;;Построить диаграмму состояния;app/ThermoGar_app.py:8546;31;плашка (error, текст исключения);Список фаз появится после исправления параметров системы.;;;;;;;;при исключении;;;;;;;;app/ThermoGar_app.py:8528
S04;Диаграммы;Бинарная T–X;;Построить диаграмму состояния;app/ThermoGar_app.py:8546;32;плашка (info);На диаграмме выбрано больше семи фаз. Расчёт допустим, но для читаемого графика лучше оставить основные фазы.;;;;;;;;len(binary_selected_phases or []) > 7;;;;;;;;app/ThermoGar_app.py:8539
S04;Диаграммы;Бинарная T–X;;Построить диаграмму состояния;app/ThermoGar_app.py:8546;33;кнопка;Построить диаграмму состояния;binary_calculate;;;;;;;;;;;;;;type='primary';app/ThermoGar_app.py:8544
S05;Диаграммы;Многокомпонентное T–X;;Построить многокомпонентное сечение;app/ThermoGar_app.py:8956;1;заголовок;Диаграммы состояния;;;;;;;;;;;;;;;;app/ThermoGar_app.py:8387
S05;Диаграммы;Многокомпонентное T–X;;Построить многокомпонентное сечение;app/ThermoGar_app.py:8956;2;подпись;Выберите диаграмму границ или карту количества выбранной фазы.;;;;;;;;;;;;;;;;app/ThermoGar_app.py:8388
S05;Диаграммы;Многокомпонентное T–X;;Построить многокомпонентное сечение;app/ThermoGar_app.py:8956;3;подпись;#### Многокомпонентное сечение;;;;;;;;;;;;;;;;app/ThermoGar_app.py:8765
S05;Диаграммы;Многокомпонентное T–X;;Построить многокомпонентное сечение;app/ThermoGar_app.py:8956;4;подпись;Меняется содержание одного элемента, остальные введённые добавки остаются постоянными, а элемент-основа заполняет остаток до 100 %. На этом этапе состав сечения задаётся в атомных процентах.;;;;;;;;;;;;;;;;app/ThermoGar_app.py:8766
S05;Диаграммы;Многокомпонентное T–X;;Построить многокомпонентное сечение;app/ThermoGar_app.py:8956;5;выбор;Изменяемый элемент;ni: isopleth_variable_ni_NI | al: isopleth_variable_al_AL | fe: isopleth_variable_fe_FE;Al;Cu;C;;;;;;;;нет;;;;app/ThermoGar_app.py:8785
S05;Диаграммы;Многокомпонентное T–X;;Построить многокомпонентное сечение;app/ThermoGar_app.py:8956;6;поле (текст, многострочное);Постоянные добавки, ат.%;ni: isopleth_fixed_ni_NI_Al | al: isopleth_fixed_al_AL_Cu | fe: isopleth_fixed_fe_FE_C;;;;;;;;;;;да, ≥1 постоянная добавка — ThermoGar_app.py:8894–8899 (до нажатия), :8974–8979 (после нажатия);;Не указывайте здесь элемент-основу и изменяемый элемент. Остаток состава считается элементом-основой.;;app/ThermoGar_app.py:8806
S05;Диаграммы;Многокомпонентное T–X;;Построить многокомпонентное сечение;app/ThermoGar_app.py:8956;7;поле (число);ni: Al: от, ат.% (0–99.999) | al: Cu: от, ат.% (0–99.999) | fe: C: от, ат.% (0–99.999);ni: isopleth_c_min_ni_NI_Al | al: isopleth_c_min_al_AL_Cu | fe: isopleth_c_min_fe_FE_C;0;0;0;0;99.999;ni: 1 | al: 0.5 | fe: 0.25;;;;;нет;;;;app/ThermoGar_app.py:8820
S05;Диаграммы;Многокомпонентное T–X;;Построить многокомпонентное сечение;app/ThermoGar_app.py:8956;8;поле (число);ni: Al: до, ат.% (0.001–99.999) | al: Cu: до, ат.% (0.001–99.999) | fe: C: до, ат.% (0.001–99.999);ni: isopleth_c_max_ni_NI_Al | al: isopleth_c_max_al_AL_Cu | fe: isopleth_c_max_fe_FE_C;10;6;1.5;0.001;99.999;ni: 1 | al: 0.5 | fe: 0.25;;;;;нет;;;;app/ThermoGar_app.py:8831
S05;Диаграммы;Многокомпонентное T–X;;Построить многокомпонентное сечение;app/ThermoGar_app.py:8956;9;поле (число);Шаг по составу, ат.%;ni: isopleth_c_step_ni_NI_Al | al: isopleth_c_step_al_AL_Cu | fe: isopleth_c_step_fe_FE_C;1;0.5;0.25;0.001;;ni: 1 | al: 0.5 | fe: 0.25;;;;;нет;;;;app/ThermoGar_app.py:8842
S05;Диаграммы;Многокомпонентное T–X;;Построить многокомпонентное сечение;app/ThermoGar_app.py:8956;10;поле (число);Температура от, °C;isopleth_t_min_{база};900;300;600;;;10;;;;;нет;;;;app/ThermoGar_app.py:8853
S05;Диаграммы;Многокомпонентное T–X;;Построить многокомпонентное сечение;app/ThermoGar_app.py:8956;11;поле (число);Температура до, °C;isopleth_t_max_{база};1500;700;1200;;;10;;;;;нет;;;;app/ThermoGar_app.py:8859
S05;Диаграммы;Многокомпонентное T–X;;Построить многокомпонентное сечение;app/ThermoGar_app.py:8956;12;поле (число);Шаг по температуре, °C;isopleth_t_step_{база};25;25;25;0.1;;5;;;;;нет;;;;app/ThermoGar_app.py:8865
S05;Диаграммы;Многокомпонентное T–X;;Построить многокомпонентное сечение;app/ThermoGar_app.py:8956;13;галочка;Показывать узловые точки;isopleth_nodes_{база};False;False;False;;;;;;;;нет;;;;app/ThermoGar_app.py:8873
S05;Диаграммы;Многокомпонентное T–X;;Построить многокомпонентное сечение;app/ThermoGar_app.py:8956;14;плашка (error);excluded_phase_message(rejected_candidates);;;;;;;;rejected_candidates;;;;;phase_selection_editor (ThermoGar_app.py:2846), вызов ThermoGar_app.py:8929;;;app/ThermoGar_app.py:2865
S05;Диаграммы;Многокомпонентное T–X;;Построить многокомпонентное сечение;app/ThermoGar_app.py:8956;15;плашка (info);unbuildable_note;;;;;;;;unbuildable_note;;;;;phase_selection_editor (ThermoGar_app.py:2846), вызов ThermoGar_app.py:8929;;;app/ThermoGar_app.py:2868
S05;Диаграммы;Многокомпонентное T–X;;Построить многокомпонентное сечение;app/ThermoGar_app.py:8956;16;раскрывающийся блок;Управление фазами / метастабильный расчёт (expanded=False);;;;;;;;;;;;;phase_selection_editor (ThermoGar_app.py:2846), вызов ThermoGar_app.py:8929;;;app/ThermoGar_app.py:2873
S05;Диаграммы;Многокомпонентное T–X;;Построить многокомпонентное сечение;app/ThermoGar_app.py:8956;17;радио;Набор фаз;ni: isopleth_NI_Al_phase_set_ni | al: isopleth_AL_Cu_phase_set_al | fe: isopleth_FE_C_phase_set_fe;быстрый набор (fast);быстрый набор (fast);быстрый набор (fast);;;;len(fast_phases) < len(all_phases);Управление фазами / метастабильный расчёт;;;нет;phase_selection_editor (ThermoGar_app.py:2846), вызов ThermoGar_app.py:8929;;;app/ThermoGar_app.py:2895
S05;Диаграммы;Многокомпонентное T–X;;Построить многокомпонентное сечение;app/ThermoGar_app.py:8956;18;подпись;"Быстрый набор — обычные для практики фазы; если сомневаетесь, проверьте результат в режиме ""все фазы"".";;;;;;;;len(fast_phases) < len(all_phases);Управление фазами / метастабильный расчёт;;;;phase_selection_editor (ThermoGar_app.py:2846), вызов ThermoGar_app.py:8929;;;app/ThermoGar_app.py:2906
S05;Диаграммы;Многокомпонентное T–X;;Построить многокомпонентное сечение;app/ThermoGar_app.py:8956;19;плашка (warning);dropped_phases_warning(dropped);;;;;;;;len(fast_phases) < len(all_phases) И phase_mode == PHASE_MODE_FAST И dropped;Управление фазами / метастабильный расчёт;;;;phase_selection_editor (ThermoGar_app.py:2846), вызов ThermoGar_app.py:8929;;;app/ThermoGar_app.py:2916
S05;Диаграммы;Многокомпонентное T–X;;Построить многокомпонентное сечение;app/ThermoGar_app.py:8956;20;раскрывающийся блок;dropped_phases_expander_label(len(dropped));;;;;;;;len(fast_phases) < len(all_phases) И phase_mode == PHASE_MODE_FAST И dropped И len(dropped) > DROPPED_PHASES_SHOWN;Управление фазами / метастабильный расчёт;;;;phase_selection_editor (ThermoGar_app.py:2846), вызов ThermoGar_app.py:8929;;;app/ThermoGar_app.py:2918
S05;Диаграммы;Многокомпонентное T–X;;Построить многокомпонентное сечение;app/ThermoGar_app.py:8956;21;подпись;dropped_phases_full_list(dropped);;;;;;;;len(fast_phases) < len(all_phases) И phase_mode == PHASE_MODE_FAST И dropped И len(dropped) > DROPPED_PHASES_SHOWN;Управление фазами / метастабильный расчёт › dropped_phases_expander_label(len(dropped));;;;phase_selection_editor (ThermoGar_app.py:2846), вызов ThermoGar_app.py:8929;;;app/ThermoGar_app.py:2921
S05;Диаграммы;Многокомпонентное T–X;;Построить многокомпонентное сечение;app/ThermoGar_app.py:8956;22;радио;Какие фазы учитывать;ni: isopleth_NI_Al_phase_mode_ni | al: isopleth_AL_Cu_phase_mode_al | fe: isopleth_FE_C_phase_mode_fe;Автоматически — все совместимые фазы;Автоматически — все совместимые фазы;Автоматически — все совместимые фазы;;;;;Управление фазами / метастабильный расчёт;;;нет;phase_selection_editor (ThermoGar_app.py:2846), вызов ThermoGar_app.py:8929;;;app/ThermoGar_app.py:2931
S05;Диаграммы;Многокомпонентное T–X;;Построить многокомпонентное сечение;app/ThermoGar_app.py:8956;23;подпись;f'В расчёте будет учтено фаз: {len(candidate_phases)}. Это обычное равновесие для выбранной базы и состава.';;;;;;;;mode.startswith('Автоматически');Управление фазами / метастабильный расчёт;;;;phase_selection_editor (ThermoGar_app.py:2846), вызов ThermoGar_app.py:8929;;;app/ThermoGar_app.py:2942
S05;Диаграммы;Многокомпонентное T–X;;Построить многокомпонентное сечение;app/ThermoGar_app.py:8956;24;плашка (warning);Если отключить устойчивую фазу, получится метастабильное равновесие только среди оставленных фаз.;;;;;;;;не (mode.startswith('Автоматически'));Управление фазами / метастабильный расчёт;;;;phase_selection_editor (ThermoGar_app.py:2846), вызов ThermoGar_app.py:8929;;;app/ThermoGar_app.py:2948
S05;Диаграммы;Многокомпонентное T–X;;Построить многокомпонентное сечение;app/ThermoGar_app.py:8956;25;таблица-редактор;phase_table;f'{key_prefix}_phase_editor_{database_key}_{signature}';;;;;;;не (mode.startswith('Автоматически'));Управление фазами / метастабильный расчёт;;;да, ≥1 фаза — ThermoGar_app.py:3025–3026, отказ :9066–9068;phase_selection_editor (ThermoGar_app.py:2846), вызов ThermoGar_app.py:8929;;disabled=['Фаза', 'Что это', 'Примечание модели'];app/ThermoGar_app.py:2975
S05;Диаграммы;Многокомпонентное T–X;;Построить многокомпонентное сечение;app/ThermoGar_app.py:8956;26;плашка (error);excluded_phase_message(rejected_selected);;;;;;;;не (mode.startswith('Автоматически')) И rejected_selected;Управление фазами / метастабильный расчёт;;;;phase_selection_editor (ThermoGar_app.py:2846), вызов ThermoGar_app.py:8929;;;app/ThermoGar_app.py:3018
S05;Диаграммы;Многокомпонентное T–X;;Построить многокомпонентное сечение;app/ThermoGar_app.py:8956;27;подпись;f'Выбрано фаз: {len(selected)} из {len(candidate_phases)}.';;;;;;;;не (mode.startswith('Автоматически'));Управление фазами / метастабильный расчёт;;;;phase_selection_editor (ThermoGar_app.py:2846), вызов ThermoGar_app.py:8929;;;app/ThermoGar_app.py:3021
S05;Диаграммы;Многокомпонентное T–X;;Построить многокомпонентное сечение;app/ThermoGar_app.py:8956;28;плашка (error);Нужно оставить хотя бы одну фазу.;;;;;;;;не (mode.startswith('Автоматически')) И not selected;Управление фазами / метастабильный расчёт;;;;phase_selection_editor (ThermoGar_app.py:2846), вызов ThermoGar_app.py:8929;;;app/ThermoGar_app.py:3026
S05;Диаграммы;Многокомпонентное T–X;;Построить многокомпонентное сечение;app/ThermoGar_app.py:8956;29;плашка (error, текст исключения);Список фаз появится после исправления состава.;;;;;;;;при исключении;;;;;;;;app/ThermoGar_app.py:8937
S05;Диаграммы;Многокомпонентное T–X;;Построить многокомпонентное сечение;app/ThermoGar_app.py:8956;30;плашка (info);На сечении выбрано больше семи фаз. Расчёт допустим, но для читаемого графика лучше оставить основные фазы.;;;;;;;;len(isopleth_selected_phases or []) > 7;;;;;;;;app/ThermoGar_app.py:8949
S05;Диаграммы;Многокомпонентное T–X;;Построить многокомпонентное сечение;app/ThermoGar_app.py:8956;31;кнопка;Построить многокомпонентное сечение;isopleth_calculate;;;;;;;;;;;;;;type='primary';app/ThermoGar_app.py:8954
S06;Диаграммы;Тройная при T = const;;Построить тройную диаграмму;app/ThermoGar_app.py:9407;1;заголовок;Диаграммы состояния;;;;;;;;;;;;;;;;app/ThermoGar_app.py:8387
S06;Диаграммы;Тройная при T = const;;Построить тройную диаграмму;app/ThermoGar_app.py:9407;2;подпись;Выберите диаграмму границ или карту количества выбранной фазы.;;;;;;;;;;;;;;;;app/ThermoGar_app.py:8388
S06;Диаграммы;Тройная при T = const;;Построить тройную диаграмму;app/ThermoGar_app.py:9407;3;подпись;#### Тройная изотермическая диаграмма;;;;;;;;;;;;;;;;app/ThermoGar_app.py:9264
S06;Диаграммы;Тройная при T = const;;Построить тройную диаграмму;app/ThermoGar_app.py:9407;4;подпись;Показывает фазовые области трёхкомпонентной системы при одной температуре. Состав задаётся в атомных процентах.;;;;;;;;;;;;;;;;app/ThermoGar_app.py:9265
S06;Диаграммы;Тройная при T = const;;Построить тройную диаграмму;app/ThermoGar_app.py:9407;5;выбор;Элемент A — нижняя правая вершина;ternary_x_{база};Al;Cu;Cr;;;;;;;;нет;;;;app/ThermoGar_app.py:9272
S06;Диаграммы;Тройная при T = const;;Построить тройную диаграмму;app/ThermoGar_app.py:9407;6;выбор;Элемент B — верхняя вершина;ni: ternary_y_ni_Al | al: ternary_y_al_Cu | fe: ternary_y_fe_Cr;Cr;Mg;Ni;;;;;;;;нет;;;;app/ThermoGar_app.py:9294
S06;Диаграммы;Тройная при T = const;;Построить тройную диаграмму;app/ThermoGar_app.py:9407;7;выбор;"Элемент C — нижняя левая вершина; остаток до 100 %";ni: ternary_dependent_ni_Al_Cr | al: ternary_dependent_al_Cu_Mg | fe: ternary_dependent_fe_Cr_Ni;Ni;Al;Fe;;;;;;;;нет;;;;app/ThermoGar_app.py:9312
S06;Диаграммы;Тройная при T = const;;Построить тройную диаграмму;app/ThermoGar_app.py:9407;8;поле (число);Температура, °C;ternary_temperature_{база};1000;500;800;;;10;;;;;нет;;;;app/ThermoGar_app.py:9323
S06;Диаграммы;Тройная при T = const;;Построить тройную диаграмму;app/ThermoGar_app.py:9407;9;поле (число);Шаг поиска границ, ат.% (0.5–10);ternary_step_{база};5;10;5;0.5;10;0.5;;;;;нет;;Меньший шаг точнее, но расчёт длится дольше. Для первого запуска используйте 2.5–5 ат.%.;;app/ThermoGar_app.py:9329
S06;Диаграммы;Тройная при T = const;;Построить тройную диаграмму;app/ThermoGar_app.py:9407;10;галочка;Показывать линии связи в двухфазных областях;ternary_tielines_{база};True;True;True;;;;;;;;нет;;;;app/ThermoGar_app.py:9341
S06;Диаграммы;Тройная при T = const;;Построить тройную диаграмму;app/ThermoGar_app.py:9407;11;поле (число);Показывать каждую N-ю линию связи (1–50);ternary_tieline_every_{база};5;5;5;1;50;1;;;;;нет;;;disabled=not ternary_show_tielines;app/ThermoGar_app.py:9346
S06;Диаграммы;Тройная при T = const;;Построить тройную диаграмму;app/ThermoGar_app.py:9407;12;галочка;Показывать точки трёхфазного равновесия;ternary_nodes_{база};False;False;False;;;;;;;;нет;;;;app/ThermoGar_app.py:9355
S06;Диаграммы;Тройная при T = const;;Построить тройную диаграмму;app/ThermoGar_app.py:9407;13;плашка (info);Как читать вершины: в нижней левой вершине 100 % элемента C, в нижней правой — 100 % элемента A, в верхней — 100 % элемента B. Внутри треугольника сумма трёх долей равна 100 %.;;;;;;;;;;;;;;;;app/ThermoGar_app.py:9361
S06;Диаграммы;Тройная при T = const;;Построить тройную диаграмму;app/ThermoGar_app.py:9407;14;плашка (error);excluded_phase_message(rejected_candidates);;;;;;;;rejected_candidates;;;;;phase_selection_editor (ThermoGar_app.py:2846), вызов ThermoGar_app.py:9380;;;app/ThermoGar_app.py:2865
S06;Диаграммы;Тройная при T = const;;Построить тройную диаграмму;app/ThermoGar_app.py:9407;15;плашка (info);unbuildable_note;;;;;;;;unbuildable_note;;;;;phase_selection_editor (ThermoGar_app.py:2846), вызов ThermoGar_app.py:9380;;;app/ThermoGar_app.py:2868
S06;Диаграммы;Тройная при T = const;;Построить тройную диаграмму;app/ThermoGar_app.py:9407;16;раскрывающийся блок;Управление фазами / метастабильный расчёт (expanded=False);;;;;;;;;;;;;phase_selection_editor (ThermoGar_app.py:2846), вызов ThermoGar_app.py:9380;;;app/ThermoGar_app.py:2873
S06;Диаграммы;Тройная при T = const;;Построить тройную диаграмму;app/ThermoGar_app.py:9407;17;радио;Набор фаз;ternary_diagram_phase_set_{база};быстрый набор (fast);быстрый набор (fast);быстрый набор (fast);;;;len(fast_phases) < len(all_phases);Управление фазами / метастабильный расчёт;;;нет;phase_selection_editor (ThermoGar_app.py:2846), вызов ThermoGar_app.py:9380;;;app/ThermoGar_app.py:2895
S06;Диаграммы;Тройная при T = const;;Построить тройную диаграмму;app/ThermoGar_app.py:9407;18;подпись;"Быстрый набор — обычные для практики фазы; если сомневаетесь, проверьте результат в режиме ""все фазы"".";;;;;;;;len(fast_phases) < len(all_phases);Управление фазами / метастабильный расчёт;;;;phase_selection_editor (ThermoGar_app.py:2846), вызов ThermoGar_app.py:9380;;;app/ThermoGar_app.py:2906
S06;Диаграммы;Тройная при T = const;;Построить тройную диаграмму;app/ThermoGar_app.py:9407;19;плашка (warning);dropped_phases_warning(dropped);;;;;;;;len(fast_phases) < len(all_phases) И phase_mode == PHASE_MODE_FAST И dropped;Управление фазами / метастабильный расчёт;;;;phase_selection_editor (ThermoGar_app.py:2846), вызов ThermoGar_app.py:9380;;;app/ThermoGar_app.py:2916
S06;Диаграммы;Тройная при T = const;;Построить тройную диаграмму;app/ThermoGar_app.py:9407;20;раскрывающийся блок;dropped_phases_expander_label(len(dropped));;;;;;;;len(fast_phases) < len(all_phases) И phase_mode == PHASE_MODE_FAST И dropped И len(dropped) > DROPPED_PHASES_SHOWN;Управление фазами / метастабильный расчёт;;;;phase_selection_editor (ThermoGar_app.py:2846), вызов ThermoGar_app.py:9380;;;app/ThermoGar_app.py:2918
S06;Диаграммы;Тройная при T = const;;Построить тройную диаграмму;app/ThermoGar_app.py:9407;21;подпись;dropped_phases_full_list(dropped);;;;;;;;len(fast_phases) < len(all_phases) И phase_mode == PHASE_MODE_FAST И dropped И len(dropped) > DROPPED_PHASES_SHOWN;Управление фазами / метастабильный расчёт › dropped_phases_expander_label(len(dropped));;;;phase_selection_editor (ThermoGar_app.py:2846), вызов ThermoGar_app.py:9380;;;app/ThermoGar_app.py:2921
S06;Диаграммы;Тройная при T = const;;Построить тройную диаграмму;app/ThermoGar_app.py:9407;22;радио;Какие фазы учитывать;ternary_diagram_phase_mode_{база};Автоматически — все совместимые фазы;Автоматически — все совместимые фазы;Автоматически — все совместимые фазы;;;;;Управление фазами / метастабильный расчёт;;;нет;phase_selection_editor (ThermoGar_app.py:2846), вызов ThermoGar_app.py:9380;;;app/ThermoGar_app.py:2931
S06;Диаграммы;Тройная при T = const;;Построить тройную диаграмму;app/ThermoGar_app.py:9407;23;подпись;f'В расчёте будет учтено фаз: {len(candidate_phases)}. Это обычное равновесие для выбранной базы и состава.';;;;;;;;mode.startswith('Автоматически');Управление фазами / метастабильный расчёт;;;;phase_selection_editor (ThermoGar_app.py:2846), вызов ThermoGar_app.py:9380;;;app/ThermoGar_app.py:2942
S06;Диаграммы;Тройная при T = const;;Построить тройную диаграмму;app/ThermoGar_app.py:9407;24;плашка (warning);Если отключить устойчивую фазу, получится метастабильное равновесие только среди оставленных фаз.;;;;;;;;не (mode.startswith('Автоматически'));Управление фазами / метастабильный расчёт;;;;phase_selection_editor (ThermoGar_app.py:2846), вызов ThermoGar_app.py:9380;;;app/ThermoGar_app.py:2948
S06;Диаграммы;Тройная при T = const;;Построить тройную диаграмму;app/ThermoGar_app.py:9407;25;таблица-редактор;phase_table;f'{key_prefix}_phase_editor_{database_key}_{signature}';;;;;;;не (mode.startswith('Автоматически'));Управление фазами / метастабильный расчёт;;;да, ≥1 фаза — ThermoGar_app.py:3025–3026, отказ :9435–9437;phase_selection_editor (ThermoGar_app.py:2846), вызов ThermoGar_app.py:9380;;disabled=['Фаза', 'Что это', 'Примечание модели'];app/ThermoGar_app.py:2975
S06;Диаграммы;Тройная при T = const;;Построить тройную диаграмму;app/ThermoGar_app.py:9407;26;плашка (error);excluded_phase_message(rejected_selected);;;;;;;;не (mode.startswith('Автоматически')) И rejected_selected;Управление фазами / метастабильный расчёт;;;;phase_selection_editor (ThermoGar_app.py:2846), вызов ThermoGar_app.py:9380;;;app/ThermoGar_app.py:3018
S06;Диаграммы;Тройная при T = const;;Построить тройную диаграмму;app/ThermoGar_app.py:9407;27;подпись;f'Выбрано фаз: {len(selected)} из {len(candidate_phases)}.';;;;;;;;не (mode.startswith('Автоматически'));Управление фазами / метастабильный расчёт;;;;phase_selection_editor (ThermoGar_app.py:2846), вызов ThermoGar_app.py:9380;;;app/ThermoGar_app.py:3021
S06;Диаграммы;Тройная при T = const;;Построить тройную диаграмму;app/ThermoGar_app.py:9407;28;плашка (error);Нужно оставить хотя бы одну фазу.;;;;;;;;не (mode.startswith('Автоматически')) И not selected;Управление фазами / метастабильный расчёт;;;;phase_selection_editor (ThermoGar_app.py:2846), вызов ThermoGar_app.py:9380;;;app/ThermoGar_app.py:3026
S06;Диаграммы;Тройная при T = const;;Построить тройную диаграмму;app/ThermoGar_app.py:9407;29;плашка (error, текст исключения);Список фаз появится после исправления параметров системы.;;;;;;;;при исключении;;;;;;;;app/ThermoGar_app.py:9388
S06;Диаграммы;Тройная при T = const;;Построить тройную диаграмму;app/ThermoGar_app.py:9407;30;плашка (info);Выбрано больше десяти фаз. Расчёт допустим, но может занять заметно больше времени. Для первого теста можно оставить основные фазы.;;;;;;;;len(ternary_selected_phases or []) > 10;;;;;;;;app/ThermoGar_app.py:9399
S06;Диаграммы;Тройная при T = const;;Построить тройную диаграмму;app/ThermoGar_app.py:9407;31;кнопка;Построить тройную диаграмму;ternary_calculate;;;;;;;;;;;;;;type='primary';app/ThermoGar_app.py:9405
S07;Диаграммы;Карта доли фазы;;Построить карту доли фазы;app/ThermoGar_app.py:9840;1;заголовок;Диаграммы состояния;;;;;;;;;;;;;;;;app/ThermoGar_app.py:8387
S07;Диаграммы;Карта доли фазы;;Построить карту доли фазы;app/ThermoGar_app.py:9840;2;подпись;Выберите диаграмму границ или карту количества выбранной фазы.;;;;;;;;;;;;;;;;app/ThermoGar_app.py:8388
S07;Диаграммы;Карта доли фазы;;Построить карту доли фазы;app/ThermoGar_app.py:9840;3;подпись;#### Карта количества выбранной фазы;;;;;;;;;;;;;;;;app/ThermoGar_app.py:9637
S07;Диаграммы;Карта доли фазы;;Построить карту доли фазы;app/ThermoGar_app.py:9840;4;подпись;Цвет показывает равновесную мольную долю одной фазы во всём треугольнике состава при фиксированной температуре.;;;;;;;;;;;;;;;;app/ThermoGar_app.py:9638
S07;Диаграммы;Карта доли фазы;;Построить карту доли фазы;app/ThermoGar_app.py:9840;5;выбор;Элемент A — нижняя правая вершина;ternary_map_x_{база};Al;Cu;C;;;;;;;;нет;;;;app/ThermoGar_app.py:9645
S07;Диаграммы;Карта доли фазы;;Построить карту доли фазы;app/ThermoGar_app.py:9840;6;выбор;Элемент B — верхняя вершина;ni: ternary_map_y_ni_Al | al: ternary_map_y_al_Cu | fe: ternary_map_y_fe_C;Cr;Mg;Cr;;;;;;;;нет;;;;app/ThermoGar_app.py:9667
S07;Диаграммы;Карта доли фазы;;Построить карту доли фазы;app/ThermoGar_app.py:9840;7;выбор;Элемент C — нижняя левая вершина и остаток до 100 %;ni: ternary_map_dependent_ni_Al_Cr | al: ternary_map_dependent_al_Cu_Mg | fe: ternary_map_dependent_fe_C_Cr;Ni;Al;Fe;;;;;;;;нет;;;;app/ThermoGar_app.py:9685
S07;Диаграммы;Карта доли фазы;;Построить карту доли фазы;app/ThermoGar_app.py:9840;8;радио;Единицы состава на треугольнике;ternary_map_units_{база};атомные %;атомные %;массовые %;;;;;;;;нет;;;;app/ThermoGar_app.py:9696
S07;Диаграммы;Карта доли фазы;;Построить карту доли фазы;app/ThermoGar_app.py:9840;9;поле (число);Температура, °C;ternary_map_temperature_{база};1000;500;800;;;10;;;;;нет;;;;app/ThermoGar_app.py:9705
S07;Диаграммы;Карта доли фазы;;Построить карту доли фазы;app/ThermoGar_app.py:9840;10;поле (число);Желаемый шаг сетки, % (2–20);ternary_map_step_{база};20;20;20;2;20;0.5;;;;;нет;;Число узлов растёт как (100/шаг + 1)(100/шаг + 2)/2: 20 % — 21 узел, 10 % — 66, 5 % — 231, 2 % — 1326. Начните с шага по умолчанию и уменьшайте его только для интересующей области.;;app/ThermoGar_app.py:9712
S07;Диаграммы;Карта доли фазы;;Построить карту доли фазы;app/ThermoGar_app.py:9840;11;поле (число);Провести границу появления фазы при доле, мол.% (0–100);ternary_map_threshold_{база};0.1;0.1;0.1;0;100;0.1;;;;;нет;;;;app/ThermoGar_app.py:9727
S07;Диаграммы;Карта доли фазы;;Построить карту доли фазы;app/ThermoGar_app.py:9840;12;радио;Шкала цвета;ternary_map_color_scale_{база};Фиксированная 0–100 %;Фиксированная 0–100 %;Фиксированная 0–100 %;;;;;;;;нет;;;;app/ThermoGar_app.py:9736
S07;Диаграммы;Карта доли фазы;;Построить карту доли фазы;app/ThermoGar_app.py:9840;13;плашка (info);"f'Будет рассчитано узлов: {map_point_count}. Фактический равномерный шаг: {actual_step:.3g} %. Один узел — это отдельное равновесие: от нескольких секунд на никелевой базе до полутора десятков секунд на алюминиевой. Карта интерполируется между рассчитанными узлами; неопределённость положения границы — примерно половина шага.'";;;;;;;;;;;;;;;;app/ThermoGar_app.py:9749
S07;Диаграммы;Карта доли фазы;;Построить карту доли фазы;app/ThermoGar_app.py:9840;14;подпись;Полный треугольник включает высокие концентрации, которые могут выходить за заявленную область выбранной базы. Используйте карту для поиска тенденций, а ответственные точки проверяйте отдельным расчётом и литературой.;;;;;;;;;;;;;;;;app/ThermoGar_app.py:9758
S07;Диаграммы;Карта доли фазы;;Построить карту доли фазы;app/ThermoGar_app.py:9840;15;плашка (error);excluded_phase_message(rejected_candidates);;;;;;;;rejected_candidates;;;;;phase_selection_editor (ThermoGar_app.py:2846), вызов ThermoGar_app.py:9778;;;app/ThermoGar_app.py:2865
S07;Диаграммы;Карта доли фазы;;Построить карту доли фазы;app/ThermoGar_app.py:9840;16;плашка (info);unbuildable_note;;;;;;;;unbuildable_note;;;;;phase_selection_editor (ThermoGar_app.py:2846), вызов ThermoGar_app.py:9778;;;app/ThermoGar_app.py:2868
S07;Диаграммы;Карта доли фазы;;Построить карту доли фазы;app/ThermoGar_app.py:9840;17;раскрывающийся блок;Управление фазами / метастабильный расчёт (expanded=False);;;;;;;;;;;;;phase_selection_editor (ThermoGar_app.py:2846), вызов ThermoGar_app.py:9778;;;app/ThermoGar_app.py:2873
S07;Диаграммы;Карта доли фазы;;Построить карту доли фазы;app/ThermoGar_app.py:9840;18;радио;Набор фаз;ternary_phase_map_phase_set_{база};быстрый набор (fast);быстрый набор (fast);быстрый набор (fast);;;;len(fast_phases) < len(all_phases);Управление фазами / метастабильный расчёт;;;нет;phase_selection_editor (ThermoGar_app.py:2846), вызов ThermoGar_app.py:9778;;;app/ThermoGar_app.py:2895
S07;Диаграммы;Карта доли фазы;;Построить карту доли фазы;app/ThermoGar_app.py:9840;19;подпись;"Быстрый набор — обычные для практики фазы; если сомневаетесь, проверьте результат в режиме ""все фазы"".";;;;;;;;len(fast_phases) < len(all_phases);Управление фазами / метастабильный расчёт;;;;phase_selection_editor (ThermoGar_app.py:2846), вызов ThermoGar_app.py:9778;;;app/ThermoGar_app.py:2906
S07;Диаграммы;Карта доли фазы;;Построить карту доли фазы;app/ThermoGar_app.py:9840;20;плашка (warning);dropped_phases_warning(dropped);;;;;;;;len(fast_phases) < len(all_phases) И phase_mode == PHASE_MODE_FAST И dropped;Управление фазами / метастабильный расчёт;;;;phase_selection_editor (ThermoGar_app.py:2846), вызов ThermoGar_app.py:9778;;;app/ThermoGar_app.py:2916
S07;Диаграммы;Карта доли фазы;;Построить карту доли фазы;app/ThermoGar_app.py:9840;21;раскрывающийся блок;dropped_phases_expander_label(len(dropped));;;;;;;;len(fast_phases) < len(all_phases) И phase_mode == PHASE_MODE_FAST И dropped И len(dropped) > DROPPED_PHASES_SHOWN;Управление фазами / метастабильный расчёт;;;;phase_selection_editor (ThermoGar_app.py:2846), вызов ThermoGar_app.py:9778;;;app/ThermoGar_app.py:2918
S07;Диаграммы;Карта доли фазы;;Построить карту доли фазы;app/ThermoGar_app.py:9840;22;подпись;dropped_phases_full_list(dropped);;;;;;;;len(fast_phases) < len(all_phases) И phase_mode == PHASE_MODE_FAST И dropped И len(dropped) > DROPPED_PHASES_SHOWN;Управление фазами / метастабильный расчёт › dropped_phases_expander_label(len(dropped));;;;phase_selection_editor (ThermoGar_app.py:2846), вызов ThermoGar_app.py:9778;;;app/ThermoGar_app.py:2921
S07;Диаграммы;Карта доли фазы;;Построить карту доли фазы;app/ThermoGar_app.py:9840;23;радио;Какие фазы учитывать;ternary_phase_map_phase_mode_{база};Автоматически — все совместимые фазы;Автоматически — все совместимые фазы;Автоматически — все совместимые фазы;;;;;Управление фазами / метастабильный расчёт;;;нет;phase_selection_editor (ThermoGar_app.py:2846), вызов ThermoGar_app.py:9778;;;app/ThermoGar_app.py:2931
S07;Диаграммы;Карта доли фазы;;Построить карту доли фазы;app/ThermoGar_app.py:9840;24;подпись;f'В расчёте будет учтено фаз: {len(candidate_phases)}. Это обычное равновесие для выбранной базы и состава.';;;;;;;;mode.startswith('Автоматически');Управление фазами / метастабильный расчёт;;;;phase_selection_editor (ThermoGar_app.py:2846), вызов ThermoGar_app.py:9778;;;app/ThermoGar_app.py:2942
S07;Диаграммы;Карта доли фазы;;Построить карту доли фазы;app/ThermoGar_app.py:9840;25;плашка (warning);Если отключить устойчивую фазу, получится метастабильное равновесие только среди оставленных фаз.;;;;;;;;не (mode.startswith('Автоматически'));Управление фазами / метастабильный расчёт;;;;phase_selection_editor (ThermoGar_app.py:2846), вызов ThermoGar_app.py:9778;;;app/ThermoGar_app.py:2948
S07;Диаграммы;Карта доли фазы;;Построить карту доли фазы;app/ThermoGar_app.py:9840;26;таблица-редактор;phase_table;f'{key_prefix}_phase_editor_{database_key}_{signature}';;;;;;;не (mode.startswith('Автоматически'));Управление фазами / метастабильный расчёт;;;да, ≥1 фаза — ThermoGar_app.py:3025–3026, отказ :9871–9872;phase_selection_editor (ThermoGar_app.py:2846), вызов ThermoGar_app.py:9778;;disabled=['Фаза', 'Что это', 'Примечание модели'];app/ThermoGar_app.py:2975
S07;Диаграммы;Карта доли фазы;;Построить карту доли фазы;app/ThermoGar_app.py:9840;27;плашка (error);excluded_phase_message(rejected_selected);;;;;;;;не (mode.startswith('Автоматически')) И rejected_selected;Управление фазами / метастабильный расчёт;;;;phase_selection_editor (ThermoGar_app.py:2846), вызов ThermoGar_app.py:9778;;;app/ThermoGar_app.py:3018
S07;Диаграммы;Карта доли фазы;;Построить карту доли фазы;app/ThermoGar_app.py:9840;28;подпись;f'Выбрано фаз: {len(selected)} из {len(candidate_phases)}.';;;;;;;;не (mode.startswith('Автоматически'));Управление фазами / метастабильный расчёт;;;;phase_selection_editor (ThermoGar_app.py:2846), вызов ThermoGar_app.py:9778;;;app/ThermoGar_app.py:3021
S07;Диаграммы;Карта доли фазы;;Построить карту доли фазы;app/ThermoGar_app.py:9840;29;плашка (error);Нужно оставить хотя бы одну фазу.;;;;;;;;не (mode.startswith('Автоматически')) И not selected;Управление фазами / метастабильный расчёт;;;;phase_selection_editor (ThermoGar_app.py:2846), вызов ThermoGar_app.py:9778;;;app/ThermoGar_app.py:3026
S07;Диаграммы;Карта доли фазы;;Построить карту доли фазы;app/ThermoGar_app.py:9840;30;плашка (error, текст исключения);Список фаз появится после исправления параметров системы.;;;;;;;;при исключении;;;;;;;;app/ThermoGar_app.py:9786
S07;Диаграммы;Карта доли фазы;;Построить карту доли фазы;app/ThermoGar_app.py:9840;31;выбор;Какую фазу показать цветом;ternary_map_target_{база};GAMMA_PRIME (TERNARY_PHASE_MAP_DEFAULTS.phase);THETA_AL2CU;CEMENTITE;;;;map_target_options;;;;да — ThermoGar_app.py:9826–9828 (st.error до нажатия), :9844–9845;;;;app/ThermoGar_app.py:9810
S07;Диаграммы;Карта доли фазы;;Построить карту доли фазы;app/ThermoGar_app.py:9840;32;плашка (error);Для карты нужно оставить хотя бы одну фазу и выбрать её.;;;;;;;;не (map_target_options);;;;;;;;app/ThermoGar_app.py:9826
S07;Диаграммы;Карта доли фазы;;Построить карту доли фазы;app/ThermoGar_app.py:9840;33;плашка (info);В расчёте оставлено больше 15 фаз. На подробной сетке это может занять много времени. Для обзорной карты сначала оставьте матрицу, выбранную фазу, жидкость и основные конкурирующие фазы.;;;;;;;;len(map_selected_phases or []) > 15;;;;;;;;app/ThermoGar_app.py:9831
S07;Диаграммы;Карта доли фазы;;Построить карту доли фазы;app/ThermoGar_app.py:9840;34;кнопка;Построить карту доли фазы;ternary_map_calculate;;;;;;;;;;;;;;type='primary';app/ThermoGar_app.py:9838
S08;Затвердевание;—;;Рассчитать затвердевание;app/ThermoGar_app.py:10402;1;заголовок;Затвердевание;;;;;;;;;;;;;;;;app/ThermoGar_app.py:10201
S08;Затвердевание;—;;Рассчитать затвердевание;app/ThermoGar_app.py:10402;2;подпись;Сравните равновесное затвердевание с приближением Scheil–Gulliver, определите ликвидус, солидус, последовательность появления фаз и изменение состава остаточного расплава.;;;;;;;;;;;;;;;;app/ThermoGar_app.py:10202
S08;Затвердевание;—;;Рассчитать затвердевание;app/ThermoGar_app.py:10402;3;плашка (error);Модуль Scheil–Gulliver недоступен. Остальные функции работают.;;;;;;;;not scheil_available();;;;;;;;app/ThermoGar_app.py:10209
S08;Затвердевание;—;;Рассчитать затвердевание;app/ThermoGar_app.py:10402;4;раскрывающийся блок;Технические сведения (expanded=False);;;;;;;;not scheil_available();;;;;;;;app/ThermoGar_app.py:10212
S08;Затвердевание;—;;Рассчитать затвердевание;app/ThermoGar_app.py:10402;5;подпись;Установите пакет один раз и перезапустите ThermoGar:;;;;;;;;not scheil_available();Технические сведения;;;;;;;app/ThermoGar_app.py:10213
S08;Затвердевание;—;;Рассчитать затвердевание;app/ThermoGar_app.py:10402;6;подпись (код);"python -m pip install ""scheil==0.3.0""";;;;;;;;not scheil_available();Технические сведения;;;;;;;app/ThermoGar_app.py:10214
S08;Затвердевание;—;;Рассчитать затвердевание;app/ThermoGar_app.py:10402;7;подпись;Причина импорта:;;;;;;;;not scheil_available() И _SCHEIL_STATE['error'];Технические сведения;;;;;;;app/ThermoGar_app.py:10219
S08;Затвердевание;—;;Рассчитать затвердевание;app/ThermoGar_app.py:10402;8;плашка (info);Модуль Scheil–Gulliver доступен.;;;;;;;;не (not scheil_available());;;;;;;;app/ThermoGar_app.py:10221
S08;Затвердевание;—;;Рассчитать затвердевание;app/ThermoGar_app.py:10402;9;плашка (info);Оба метода этого модуля рассчитываются при 101 325 Па. Scheil–Gulliver предполагает полное перемешивание расплава, локальное равновесие на границе и отсутствие диффузии в твёрдом.;;;;;;;;не (not scheil_available());;;;;;;;app/ThermoGar_app.py:10224
S08;Затвердевание;—;;Рассчитать затвердевание;app/ThermoGar_app.py:10402;10;плашка (error);Заданное в боковой панели давление здесь не применяется: модуль затвердевания использует 101 325 Па.;;;;;;;;не (not scheil_available()) И not np.isclose(float(pressure_pa), 101325.0);;;;;;;;app/ThermoGar_app.py:10230
S08;Затвердевание;—;;Рассчитать затвердевание;app/ThermoGar_app.py:10402;11;радио;Метод расчёта;solidification_method_{база};Сравнить равновесное и Scheil–Gulliver;Сравнить равновесное и Scheil–Gulliver;Сравнить равновесное и Scheil–Gulliver;;;;не (not scheil_available());;;;нет;;;;app/ThermoGar_app.py:10236
S08;Затвердевание;—;;Рассчитать затвердевание;app/ThermoGar_app.py:10402;12;поле (число);Начальная температура, °C;ni: solidification_start_13_1_ni | al: solidification_start_13_1_al | fe: solidification_start_13_1_fe_thermogar_patch;1800;850;1500;;fe: 1726.85;25;не (not scheil_available());;;;нет;;ni: Температура должна соответствовать практически однофазному расплаву. ThermoGar может автоматически поднять её. | al: Температура должна соответствовать практически однофазному расплаву. ThermoGar может автоматически поднять её. | fe: Для mc_fe 2.062 расчёт ограничен верхней границей базы 2000 K…;;app/ThermoGar_app.py:10267
S08;Затвердевание;—;;Рассчитать затвердевание;app/ThermoGar_app.py:10402;13;поле (число);Шаг охлаждения, °C;solidification_step_{база};10;5;10;0.1;;1;не (not scheil_available());;;;нет;;;;app/ThermoGar_app.py:10268
S08;Затвердевание;—;;Рассчитать затвердевание;app/ThermoGar_app.py:10402;14;раскрывающийся блок;Точность и критерии (expanded=False);;;;;;;;не (not scheil_available());;;;;;;;app/ThermoGar_app.py:10276
S08;Затвердевание;—;;Рассчитать затвердевание;app/ThermoGar_app.py:10402;15;галочка;Автоматически повысить температуру до однофазного расплава;solidification_auto_start_{база};True;True;True;;;;не (not scheil_available());Точность и критерии;;;нет;;;;app/ThermoGar_app.py:10277
S08;Затвердевание;—;;Рассчитать затвердевание;app/ThermoGar_app.py:10402;16;поле (число);Шаг автоматического повышения, °C;solidification_start_increment_{база};50;50;50;1;;10;не (not scheil_available());Точность и критерии;;;нет;;;;app/ThermoGar_app.py:10282
S08;Затвердевание;—;;Рассчитать затвердевание;app/ThermoGar_app.py:10402;17;поле (число);Максимальная проверяемая температура, °C (-200–1726.85);solidification_max_start_13_1_{база}_thermogar_patch;— (не показывается);— (не показывается);1726.85;-200;1726.85;25;не (not scheil_available()) И database_key == 'fe';Точность и критерии;;;нет;;"Верхняя граница mc_fe 2.062 — 2000 K (1726.85 °C); выше неё ThermoGar не ищет расплав.";;app/ThermoGar_app.py:10290
S08;Затвердевание;—;;Рассчитать затвердевание;app/ThermoGar_app.py:10402;18;поле (число);Максимальная проверяемая температура, °C;solidification_max_start_13_1_{база};3000;3000;— (не показывается);-200;;100;не (not scheil_available()) И не (database_key == 'fe');Точность и критерии;;;нет;;;;app/ThermoGar_app.py:10303
S08;Затвердевание;—;;Рассчитать затвердевание;app/ThermoGar_app.py:10402;19;поле (число);Scheil: остановить при остатке расплава, %;solidification_stop_{база};0.01;0.01;0.01;0.0001;5;0.01;не (not scheil_available());Точность и критерии;;;нет;;;;app/ThermoGar_app.py:10310
S08;Затвердевание;—;;Рассчитать затвердевание;app/ThermoGar_app.py:10402;20;поле (число);Порог появления фазы, %;solidification_appearance_{база};0.01;0.01;0.01;0.0001;5;0.01;не (not scheil_available());Точность и критерии;;;нет;;;;app/ThermoGar_app.py:10319
S08;Затвердевание;—;;Рассчитать затвердевание;app/ThermoGar_app.py:10402;21;поле (число);Показывать на графиках фазы от, %;solidification_display_{база};0.1;0.1;0.1;0;;0.1;не (not scheil_available());Точность и критерии;;;нет;;;;app/ThermoGar_app.py:10328
S08;Затвердевание;—;;Рассчитать затвердевание;app/ThermoGar_app.py:10402;22;ползунок;Плотность начального поиска состояний;solidification_pdens_{база};50;50;50;[25, 50, 100, 200];;;не (not scheil_available());Точность и критерии;;;нет;;"25 — быстрее; 50 — рабочий режим; 100–200 — подробнее, но заметно дольше.";;app/ThermoGar_app.py:10335
S08;Затвердевание;—;;Рассчитать затвердевание;app/ThermoGar_app.py:10402;23;поле (число);Точность поиска равновесного солидуса, °C;solidification_binary_tol_{база};0.1;0.1;0.1;0.01;;0.1;не (not scheil_available());Точность и критерии;;;нет;;;;app/ThermoGar_app.py:10345
S08;Затвердевание;—;;Рассчитать затвердевание;app/ThermoGar_app.py:10402;24;галочка;Адаптивно уточнять состояния рядом с равновесием;solidification_adaptive_{база};True;True;True;;;;не (not scheil_available());Точность и критерии;;;нет;;;;app/ThermoGar_app.py:10353
S08;Затвердевание;—;;Рассчитать затвердевание;app/ThermoGar_app.py:10402;25;плашка (error, текст исключения);Исправьте состав.;;;;;;;;не (not scheil_available()) И при исключении;;;;;;;;app/ThermoGar_app.py:10372
S08;Затвердевание;—;;Рассчитать затвердевание;app/ThermoGar_app.py:10402;26;плашка (error);excluded_phase_message(rejected_candidates);;;;;;;;не (not scheil_available()) И solidification_candidate_phases И rejected_candidates;;;;;phase_selection_editor (ThermoGar_app.py:2846), вызов ThermoGar_app.py:10384;;;app/ThermoGar_app.py:2865
S08;Затвердевание;—;;Рассчитать затвердевание;app/ThermoGar_app.py:10402;27;плашка (info);unbuildable_note;;;;;;;;не (not scheil_available()) И solidification_candidate_phases И unbuildable_note;;;;;phase_selection_editor (ThermoGar_app.py:2846), вызов ThermoGar_app.py:10384;;;app/ThermoGar_app.py:2868
S08;Затвердевание;—;;Рассчитать затвердевание;app/ThermoGar_app.py:10402;28;раскрывающийся блок;Управление фазами / метастабильный расчёт (expanded=False);;;;;;;;не (not scheil_available()) И solidification_candidate_phases;;;;;phase_selection_editor (ThermoGar_app.py:2846), вызов ThermoGar_app.py:10384;;;app/ThermoGar_app.py:2873
S08;Затвердевание;—;;Рассчитать затвердевание;app/ThermoGar_app.py:10402;29;радио;Набор фаз;solidification_phase_set_{база};быстрый набор (fast);быстрый набор (fast);быстрый набор (fast);;;;не (not scheil_available()) И solidification_candidate_phases И len(fast_phases) < len(all_phases);Управление фазами / метастабильный расчёт;;;нет;phase_selection_editor (ThermoGar_app.py:2846), вызов ThermoGar_app.py:10384;;;app/ThermoGar_app.py:2895
S08;Затвердевание;—;;Рассчитать затвердевание;app/ThermoGar_app.py:10402;30;подпись;"Быстрый набор — обычные для практики фазы; если сомневаетесь, проверьте результат в режиме ""все фазы"".";;;;;;;;не (not scheil_available()) И solidification_candidate_phases И len(fast_phases) < len(all_phases);Управление фазами / метастабильный расчёт;;;;phase_selection_editor (ThermoGar_app.py:2846), вызов ThermoGar_app.py:10384;;;app/ThermoGar_app.py:2906
S08;Затвердевание;—;;Рассчитать затвердевание;app/ThermoGar_app.py:10402;31;плашка (warning);dropped_phases_warning(dropped);;;;;;;;не (not scheil_available()) И solidification_candidate_phases И len(fast_phases) < len(all_phases) И phase_mode == PHASE_MODE_FAST И dropped;Управление фазами / метастабильный расчёт;;;;phase_selection_editor (ThermoGar_app.py:2846), вызов ThermoGar_app.py:10384;;;app/ThermoGar_app.py:2916
S08;Затвердевание;—;;Рассчитать затвердевание;app/ThermoGar_app.py:10402;32;раскрывающийся блок;dropped_phases_expander_label(len(dropped));;;;;;;;не (not scheil_available()) И solidification_candidate_phases И len(fast_phases) < len(all_phases) И phase_mode == PHASE_MODE_FAST И dropped И len(dropped) > DROPPED_PHASES_SHOWN;Управление фазами / метастабильный расчёт;;;;phase_selection_editor (ThermoGar_app.py:2846), вызов ThermoGar_app.py:10384;;;app/ThermoGar_app.py:2918
S08;Затвердевание;—;;Рассчитать затвердевание;app/ThermoGar_app.py:10402;33;подпись;dropped_phases_full_list(dropped);;;;;;;;не (not scheil_available()) И solidification_candidate_phases И len(fast_phases) < len(all_phases) И phase_mode == PHASE_MODE_FAST И dropped И len(dropped) > DROPPED_PHASES_SHOWN;Управление фазами / метастабильный расчёт › dropped_phases_expander_label(len(dropped));;;;phase_selection_editor (ThermoGar_app.py:2846), вызов ThermoGar_app.py:10384;;;app/ThermoGar_app.py:2921
S08;Затвердевание;—;;Рассчитать затвердевание;app/ThermoGar_app.py:10402;34;радио;Какие фазы учитывать;solidification_phase_mode_{база};Автоматически — все совместимые фазы;Автоматически — все совместимые фазы;Автоматически — все совместимые фазы;;;;не (not scheil_available()) И solidification_candidate_phases;Управление фазами / метастабильный расчёт;;;нет;phase_selection_editor (ThermoGar_app.py:2846), вызов ThermoGar_app.py:10384;;;app/ThermoGar_app.py:2931
S08;Затвердевание;—;;Рассчитать затвердевание;app/ThermoGar_app.py:10402;35;подпись;f'В расчёте будет учтено фаз: {len(candidate_phases)}. Это обычное равновесие для выбранной базы и состава.';;;;;;;;не (not scheil_available()) И solidification_candidate_phases И mode.startswith('Автоматически');Управление фазами / метастабильный расчёт;;;;phase_selection_editor (ThermoGar_app.py:2846), вызов ThermoGar_app.py:10384;;;app/ThermoGar_app.py:2942
S08;Затвердевание;—;;Рассчитать затвердевание;app/ThermoGar_app.py:10402;36;плашка (warning);Если отключить устойчивую фазу, получится метастабильное равновесие только среди оставленных фаз.;;;;;;;;не (not scheil_available()) И solidification_candidate_phases И не (mode.startswith('Автоматически'));Управление фазами / метастабильный расчёт;;;;phase_selection_editor (ThermoGar_app.py:2846), вызов ThermoGar_app.py:10384;;;app/ThermoGar_app.py:2948
S08;Затвердевание;—;;Рассчитать затвердевание;app/ThermoGar_app.py:10402;37;таблица-редактор;phase_table;f'{key_prefix}_phase_editor_{database_key}_{signature}';;;;;;;не (not scheil_available()) И solidification_candidate_phases И не (mode.startswith('Автоматически'));Управление фазами / метастабильный расчёт;;;да, должна остаться LIQUID — ThermoGar_app.py:10395–10398 (st.error), кнопка выключена :10404–10407;phase_selection_editor (ThermoGar_app.py:2846), вызов ThermoGar_app.py:10384;;disabled=['Фаза', 'Что это', 'Примечание модели'];app/ThermoGar_app.py:2975
S08;Затвердевание;—;;Рассчитать затвердевание;app/ThermoGar_app.py:10402;38;плашка (error);excluded_phase_message(rejected_selected);;;;;;;;не (not scheil_available()) И solidification_candidate_phases И не (mode.startswith('Автоматически')) И rejected_selected;Управление фазами / метастабильный расчёт;;;;phase_selection_editor (ThermoGar_app.py:2846), вызов ThermoGar_app.py:10384;;;app/ThermoGar_app.py:3018
S08;Затвердевание;—;;Рассчитать затвердевание;app/ThermoGar_app.py:10402;39;подпись;f'Выбрано фаз: {len(selected)} из {len(candidate_phases)}.';;;;;;;;не (not scheil_available()) И solidification_candidate_phases И не (mode.startswith('Автоматически'));Управление фазами / метастабильный расчёт;;;;phase_selection_editor (ThermoGar_app.py:2846), вызов ThermoGar_app.py:10384;;;app/ThermoGar_app.py:3021
S08;Затвердевание;—;;Рассчитать затвердевание;app/ThermoGar_app.py:10402;40;плашка (error);Нужно оставить хотя бы одну фазу.;;;;;;;;не (not scheil_available()) И solidification_candidate_phases И не (mode.startswith('Автоматически')) И not selected;Управление фазами / метастабильный расчёт;;;;phase_selection_editor (ThermoGar_app.py:2846), вызов ThermoGar_app.py:10384;;;app/ThermoGar_app.py:3026
S08;Затвердевание;—;;Рассчитать затвердевание;app/ThermoGar_app.py:10402;41;плашка (error);Для расчёта затвердевания нужно оставить фазу LIQUID.;;;;;;;;не (not scheil_available()) И selected_solidification_phases and 'LIQUID' not in selected_solidification_phases;;;;;;;;app/ThermoGar_app.py:10396
S08;Затвердевание;—;;Рассчитать затвердевание;app/ThermoGar_app.py:10402;42;кнопка;Рассчитать затвердевание;solidification_calculate;;;;;;;не (not scheil_available());;;;;;;"type='primary'; disabled=not selected_solidification_phases or 'LIQUID' not in selected_solidification_p…";app/ThermoGar_app.py:10400
S09;Энергии;Энергии фаз;;Рассчитать энергии фаз;app/ThermoGar_app.py:11085;1;заголовок;Энергии и движущие силы;;;;;;;;;;;;;;;;app/ThermoGar_app.py:10997
S09;Энергии;Энергии фаз;;Рассчитать энергии фаз;app/ThermoGar_app.py:11085;2;подпись;Сравните молярные энергии фаз, оцените движущую силу образования фазы и найдите температуру T₀ равенства энергий двух фаз.;;;;;;;;;;;;;;;;app/ThermoGar_app.py:10998
S09;Энергии;Энергии фаз;;Рассчитать энергии фаз;app/ThermoGar_app.py:11085;3;подпись;### Энергия Гиббса фаз при фиксированном составе;;;;;;;;;;;;;;;;app/ThermoGar_app.py:11014
S09;Энергии;Энергии фаз;;Рассчитать энергии фаз;app/ThermoGar_app.py:11085;4;подпись;Каждая кривая — однофазное состояние с тем же общим составом. Это сравнение метастабильности, а не долей фаз в полном равновесии.;;;;;;;;;;;;;;;;app/ThermoGar_app.py:11015
S09;Энергии;Энергии фаз;;Рассчитать энергии фаз;app/ThermoGar_app.py:11085;5;плашка (error, текст исключения);Список фаз появится после исправления состава.;;;;;;;;при исключении;;;;;;;;app/ThermoGar_app.py:11030
S09;Энергии;Энергии фаз;;Рассчитать энергии фаз;app/ThermoGar_app.py:11085;6;мультивыбор;Фазы для сравнения — не более восьми;energy_curve_phases_{база};"FCC_A1, GAMMA_PRIME, LIQUID (ENERGY_DEFAULTS, если фазы есть среди кандидатов; иначе первые три)";"GP_MAT, LIQUID (ENERGY_DEFAULTS; то же правило)";"BCC_B2, FCC_A1, LIQUID (ENERGY_DEFAULTS; то же правило)";;;;;;;;да, 1–8 фаз — ThermoGar_app.py:4009–4012;;;;app/ThermoGar_app.py:11046
S09;Энергии;Энергии фаз;;Рассчитать энергии фаз;app/ThermoGar_app.py:11085;7;поле (число);Температура от, °C;energy_t_min_{база};300;100;300;;;25;;;;;нет;;;;app/ThermoGar_app.py:11054
S09;Энергии;Энергии фаз;;Рассчитать энергии фаз;app/ThermoGar_app.py:11085;8;поле (число);Температура до, °C;energy_t_max_{база};1700;1000;1700;;;25;;;;;нет;;;;app/ThermoGar_app.py:11060
S09;Энергии;Энергии фаз;;Рассчитать энергии фаз;app/ThermoGar_app.py:11085;9;поле (число);Шаг температуры, °C;energy_t_step_{база};25;10;25;0.1;;5;;;;;нет;;;;app/ThermoGar_app.py:11066
S09;Энергии;Энергии фаз;;Рассчитать энергии фаз;app/ThermoGar_app.py:11085;10;радио;Что показать на графике;energy_view_{база};Относительно минимальной энергии выбранных фаз;Относительно минимальной энергии выбранных фаз;Относительно минимальной энергии выбранных фаз;;;;;;;;нет;;;;app/ThermoGar_app.py:11073
S09;Энергии;Энергии фаз;;Рассчитать энергии фаз;app/ThermoGar_app.py:11085;11;кнопка;Рассчитать энергии фаз;energy_curve_calculate;;;;;;;;;;;;;;type='primary';app/ThermoGar_app.py:11083
S10;Энергии;Движущая сила;;Рассчитать движущую силу;app/ThermoGar_app.py:11344;1;заголовок;Энергии и движущие силы;;;;;;;;;;;;;;;;app/ThermoGar_app.py:10997
S10;Энергии;Движущая сила;;Рассчитать движущую силу;app/ThermoGar_app.py:11344;2;подпись;Сравните молярные энергии фаз, оцените движущую силу образования фазы и найдите температуру T₀ равенства энергий двух фаз.;;;;;;;;;;;;;;;;app/ThermoGar_app.py:10998
S10;Энергии;Движущая сила;;Рассчитать движущую силу;app/ThermoGar_app.py:11344;3;подпись;### Движущая сила образования выбранной фазы;;;;;;;;;;;;;;;;app/ThermoGar_app.py:11260
S10;Энергии;Движущая сила;;Рассчитать движущую силу;app/ThermoGar_app.py:11344;4;подпись;"Положительное значение означает, что выбранная подавленная фаза может понизить энергию относительно исходного равновесия; отрицательное — что её образование в этих условиях невыгодно.";;;;;;;;;;;;;;;;app/ThermoGar_app.py:11261
S10;Энергии;Движущая сила;;Рассчитать движущую силу;app/ThermoGar_app.py:11344;5;плашка (error, текст исключения);Список фаз появится после исправления состава.;;;;;;;;при исключении;;;;;;;;app/ThermoGar_app.py:11277
S10;Энергии;Движущая сила;;Рассчитать движущую силу;app/ThermoGar_app.py:11344;6;выбор;Фаза, движущую силу которой рассчитываем;driving_target_{база};"GAMMA_PRIME (ENERGY_DEFAULTS.driving_phase; нет в кандидатах — первая фаза)";LIQUID (то же правило);FCC_A1 (то же правило);;;;driving_candidate_phases;;;;да — ThermoGar_app.py:11348–11349;;;;app/ThermoGar_app.py:11289
S10;Энергии;Движущая сила;;Рассчитать движущую силу;app/ThermoGar_app.py:11344;7;галочка;Исключить выбранную фазу из исходного равновесия;driving_exclude_target_{база};True;True;True;;;;;;;;нет;;Так рассчитывается термодинамический стимул появления фазы, которой ещё нет в исходном наборе.;;app/ThermoGar_app.py:11300
S10;Энергии;Движущая сила;;Рассчитать движущую силу;app/ThermoGar_app.py:11344;8;мультивыбор;Фазы исходного равновесия;driving_reference_phases_{база}_None_True;все кандидаты, кроме выбранной фазы (галочка «Исключить…» стоит);все кандидаты, кроме выбранной фазы (галочка «Исключить…» стоит);все кандидаты, кроме выбранной фазы (галочка «Исключить…» стоит);;;;;;;;да, ≥1 фаза — ThermoGar_app.py:4164–4165;;;;app/ThermoGar_app.py:11315
S10;Энергии;Движущая сила;;Рассчитать движущую силу;app/ThermoGar_app.py:11344;9;поле (число);Температура от, °C;driving_t_min_{база};300;100;300;;;25;;;;;нет;;;;app/ThermoGar_app.py:11322
S10;Энергии;Движущая сила;;Рассчитать движущую силу;app/ThermoGar_app.py:11344;10;поле (число);Температура до, °C;driving_t_max_{база};1700;1000;1700;;;25;;;;;нет;;;;app/ThermoGar_app.py:11328
S10;Энергии;Движущая сила;;Рассчитать движущую силу;app/ThermoGar_app.py:11344;11;поле (число);Шаг температуры, °C;driving_t_step_{база};25;10;25;0.1;;5;;;;;нет;;;;app/ThermoGar_app.py:11334
S10;Энергии;Движущая сила;;Рассчитать движущую силу;app/ThermoGar_app.py:11344;12;кнопка;Рассчитать движущую силу;driving_force_calculate;;;;;;;;;;;;;;type='primary';app/ThermoGar_app.py:11342
S11;Энергии;T₀;;Рассчитать T₀;app/ThermoGar_app.py:11627;1;заголовок;Энергии и движущие силы;;;;;;;;;;;;;;;;app/ThermoGar_app.py:10997
S11;Энергии;T₀;;Рассчитать T₀;app/ThermoGar_app.py:11627;2;подпись;Сравните молярные энергии фаз, оцените движущую силу образования фазы и найдите температуру T₀ равенства энергий двух фаз.;;;;;;;;;;;;;;;;app/ThermoGar_app.py:10998
S11;Энергии;T₀;;Рассчитать T₀;app/ThermoGar_app.py:11627;3;подпись;### Температура T₀ равенства энергий двух фаз;;;;;;;;;;;;;;;;app/ThermoGar_app.py:11479
S11;Энергии;T₀;;Рассчитать T₀;app/ThermoGar_app.py:11627;4;подпись;T₀ — температура, при которой две фазы одного и того же состава имеют одинаковую молярную энергию Гиббса. Это не обычная линия солвуса и не многофазная граница равновесия.;;;;;;;;;;;;;;;;app/ThermoGar_app.py:11480
S11;Энергии;T₀;;Рассчитать T₀;app/ThermoGar_app.py:11627;5;выбор;Изменяемый элемент;ni: tzero_variable_ni_NI | al: tzero_variable_al_AL | fe: tzero_variable_fe_FE;Al;Cu;C;;;;;;;;нет;;;;app/ThermoGar_app.py:11494
S11;Энергии;T₀;;Рассчитать T₀;app/ThermoGar_app.py:11627;6;радио;Единицы горизонтальной оси;tzero_units_{база};атомные %;атомные %;массовые %;;;;;;;;нет;;;;app/ThermoGar_app.py:11501
S11;Энергии;T₀;;Рассчитать T₀;app/ThermoGar_app.py:11627;7;поле (текст, многострочное);ni: Постоянные добавки, ат.% | al: Постоянные добавки, ат.% | fe: Постоянные добавки, мас.%;ni: tzero_fixed_ni_Al | al: tzero_fixed_al_Cu | fe: tzero_fixed_fe_C;;;;;;;;;;;нет: пустое — бинарная система;;ni: Не указывайте Ni и Al. Остаток считается элементом-основой. | al: Не указывайте Al и Cu. Остаток считается элементом-основой. | fe: Не указывайте Fe и C. Остаток считается элементом-основой.;;app/ThermoGar_app.py:11509
S11;Энергии;T₀;;Рассчитать T₀;app/ThermoGar_app.py:11627;8;поле (число);ni: Al: от, ат.% | al: Cu: от, ат.% | fe: C: от, мас.%;ni: tzero_c_min_ni_Al | al: tzero_c_min_al_Cu | fe: tzero_c_min_fe_C;0;0;0;0;;ni: 1 | al: 0.5 | fe: 0.1;;;;;нет;;;;app/ThermoGar_app.py:11521
S11;Энергии;T₀;;Рассчитать T₀;app/ThermoGar_app.py:11627;9;поле (число);ni: Al: до, ат.% | al: Cu: до, ат.% | fe: C: до, мас.%;ni: tzero_c_max_ni_Al | al: tzero_c_max_al_Cu | fe: tzero_c_max_fe_C;25;15;2;0.001;;ni: 1 | al: 0.5 | fe: 0.1;;;;;нет;;;;app/ThermoGar_app.py:11528
S11;Энергии;T₀;;Рассчитать T₀;app/ThermoGar_app.py:11627;10;поле (число);ni: Al: шаг, ат.% | al: Cu: шаг, ат.% | fe: C: шаг, мас.%;ni: tzero_c_step_ni_Al | al: tzero_c_step_al_Cu | fe: tzero_c_step_fe_C;1;0.5;0.1;0.001;;ni: 1 | al: 0.5 | fe: 0.1;;;;;нет;;;;app/ThermoGar_app.py:11535
S11;Энергии;T₀;;Рассчитать T₀;app/ThermoGar_app.py:11627;11;плашка (error, текст исключения);Список фаз появится после исправления постоянных добавок.;;;;;;;;при исключении;;;;;;;;app/ThermoGar_app.py:11555
S11;Энергии;T₀;;Рассчитать T₀;app/ThermoGar_app.py:11627;12;выбор;Фаза 1;ni: tzero_phase_one_ni_Al | al: tzero_phase_one_al_Cu | fe: tzero_phase_one_fe_C;FCC_A1 (ENERGY_DEFAULTS.tzero_phases);GP_MAT;BCC_B2;;;;tzero_candidate_phases;;;;да — ThermoGar_app.py:11631–11632;;;;app/ThermoGar_app.py:11571
S11;Энергии;T₀;;Рассчитать T₀;app/ThermoGar_app.py:11627;13;выбор;Фаза 2;ni: tzero_phase_two_ni_Al_None | al: tzero_phase_two_al_Cu_None | fe: tzero_phase_two_fe_C_None;GAMMA_PRIME (ENERGY_DEFAULTS.tzero_phases);LIQUID;FCC_A1;;;;phase_two_options;;;;да — ThermoGar_app.py:11631–11632;;;;app/ThermoGar_app.py:11592
S11;Энергии;T₀;;Рассчитать T₀;app/ThermoGar_app.py:11627;14;подпись;Границы задают окно, в котором ищется равенство энергий. Окно должно накрывать ожидаемый переход и быть узким: на широком окне разность энергий двух фаз перестаёт быть монотонной, решение не находится, и это выглядит как сбой. Рабочие окна на составах справки: Ni FCC_A1/LIQUID 1230–1630 °C, Al GP_MAT/LIQUID 530–830 °C, Fe BCC_B2/FCC_A1 630–730 °C.;;;;;;;;;;;;;;;;app/ThermoGar_app.py:11603
S11;Энергии;T₀;;Рассчитать T₀;app/ThermoGar_app.py:11627;15;поле (число);Нижняя граница поиска T₀, °C;tzero_t_min_{база};300;100;300;;;25;;;;;нет;;;;app/ThermoGar_app.py:11612
S11;Энергии;T₀;;Рассчитать T₀;app/ThermoGar_app.py:11627;16;поле (число);Верхняя граница поиска T₀, °C;tzero_t_max_{база};1700;1000;1700;;;25;;;;;нет;;;;app/ThermoGar_app.py:11618
S11;Энергии;T₀;;Рассчитать T₀;app/ThermoGar_app.py:11627;17;кнопка;Рассчитать T₀;tzero_calculate;;;;;;;;;;;;;;type='primary';app/ThermoGar_app.py:11625
S12;Свойства;Плотность;;Рассчитать плотность и объёмные доли;app/ThermoGar_app.py:1770;1;заголовок;Физические свойства и механизмы упрочнения;;;;;;;;;;;;;;;;app/ThermoGar_app.py:11765
S12;Свойства;Плотность;;Рассчитать плотность и объёмные доли;app/ThermoGar_app.py:1770;2;подпись;Плотность и объёмные доли считаются по термодинамической и физической базам. Упругость и упрочнение — по тем же базам.;;;;;;;;;;;;;;;;app/ThermoGar_app.py:11766
S12;Свойства;Плотность;;Рассчитать плотность и объёмные доли;app/ThermoGar_app.py:1770;3;плашка (error, текст исключения);Физическая база не подключена: файлы не прошли проверку.;;;;;;;;при исключении;;;;;;;;app/ThermoGar_app.py:11777
S12;Свойства;Плотность;;Рассчитать плотность и объёмные доли;app/ThermoGar_app.py:1770;4;галочка;Применять поправки проекта ThermoGar к физической базе;physical_overrides_enabled_env_locked;False;False;False;;;;not overrides_enabled_by_environment();;;;нет;render_physical_overrides_toggle (ThermoGar_app.py:1458), вызов ThermoGar_app.py:11783;Поправка проекта заменяет в физической базе тепловое расширение хрома коэффициентами из статьи, на которую ссылается сама база: перенос этих чисел в базу сломан. Снимите галочку, чтобы считать плотность строго по данным базы, — у сплавов с хромом она выйдет ниже, до 1 % при 700 °C и до 2 % при 1300…;disabled=True;app/ThermoGar_app.py:1467
S12;Свойства;Плотность;;Рассчитать плотность и объёмные доли;app/ThermoGar_app.py:1770;5;подпись;Поправки выключены при запуске ThermoGar, поэтому галочка сейчас не действует.;;;;;;;;not overrides_enabled_by_environment();;;;;render_physical_overrides_toggle (ThermoGar_app.py:1458), вызов ThermoGar_app.py:11783;;;app/ThermoGar_app.py:1474
S12;Свойства;Плотность;;Рассчитать плотность и объёмные доли;app/ThermoGar_app.py:1770;6;раскрывающийся блок;Технические сведения (expanded=False);;;;;;;;not overrides_enabled_by_environment();;;;;render_physical_overrides_toggle (ThermoGar_app.py:1458), вызов ThermoGar_app.py:11783;;;app/ThermoGar_app.py:1475
S12;Свойства;Плотность;;Рассчитать плотность и объёмные доли;app/ThermoGar_app.py:1770;7;подпись;Переменная окружения THERMOGAR_PHYSICAL_OVERRIDES=off. Чтобы включить поправки, запустите ThermoGar без неё.;;;;;;;;not overrides_enabled_by_environment();Технические сведения;;;;render_physical_overrides_toggle (ThermoGar_app.py:1458), вызов ThermoGar_app.py:11783;;;app/ThermoGar_app.py:1476
S12;Свойства;Плотность;;Рассчитать плотность и объёмные доли;app/ThermoGar_app.py:1770;8;галочка;Применять поправки проекта ThermoGar к физической базе;physical_overrides_enabled;True;True;True;;;;не (not overrides_enabled_by_environment());;;;нет;render_physical_overrides_toggle (ThermoGar_app.py:1458), вызов ThermoGar_app.py:11783;Поправка проекта заменяет в физической базе тепловое расширение хрома коэффициентами из статьи, на которую ссылается сама база: перенос этих чисел в базу сломан. Снимите галочку, чтобы считать плотность строго по данным базы, — у сплавов с хромом она выйдет ниже, до 1 % при 700 °C и до 2 % при 1300…;;app/ThermoGar_app.py:1479
S12;Свойства;Плотность;;Рассчитать плотность и объёмные доли;app/ThermoGar_app.py:1770;9;подпись;### Плотность при одной температуре;;;;;;;;;;;;;;;;app/ThermoGar_app.py:1720
S12;Свойства;Плотность;;Рассчитать плотность и объёмные доли;app/ThermoGar_app.py:1770;10;поле (число);Температура, °C;physical_temperature_{база};700;500;700;;;10;;;;;нет;;;;app/ThermoGar_app.py:1721
S12;Свойства;Плотность;;Рассчитать плотность и объёмные доли;app/ThermoGar_app.py:1770;11;галочка;Выбрать фазы вручную;physical_single_manual;False;False;False;;;;;;;;нет;_b4b_requested_phases (ThermoGar_app.py:1543), вызов ThermoGar_app.py:1727;;;app/ThermoGar_app.py:1552
S12;Свойства;Плотность;;Рассчитать плотность и объёмные доли;app/ThermoGar_app.py:1770;12;подпись;'Автоматические фазы: ' + ', '.join(automatic);;;;;;;;not manual;;;;;_b4b_requested_phases (ThermoGar_app.py:1543), вызов ThermoGar_app.py:1727;;;app/ThermoGar_app.py:1557
S12;Свойства;Плотность;;Рассчитать плотность и объёмные доли;app/ThermoGar_app.py:1770;13;мультивыбор;Фазы;physical_single_tokens;— (не показывается);— (не показывается);— (не показывается);;;;не (not manual);;;;нет;_b4b_requested_phases (ThermoGar_app.py:1543), вызов ThermoGar_app.py:1727;;;app/ThermoGar_app.py:1563
S12;Свойства;Плотность;;Рассчитать плотность и объёмные доли;app/ThermoGar_app.py:1770;14;плашка (error);too_cold;;;;;;;;too_cold is not None;;;;;;;;app/ThermoGar_app.py:1733
S12;Свойства;Плотность;;Рассчитать плотность и объёмные доли;app/ThermoGar_app.py:1770;15;кнопка;Рассчитать плотность и объёмные доли;physical_single_calculate;;;;;;;too_cold is not None;;;;;;;"type='primary'; disabled=True";app/ThermoGar_app.py:1734
S12;Свойства;Плотность;;Рассчитать плотность и объёмные доли;app/ThermoGar_app.py:1770;16;кнопка;Рассчитать плотность и объёмные доли;physical_single_calculate;;;;;;;не (too_cold is not None);;;;;;;type='primary';app/ThermoGar_app.py:1767
S13;Свойства;Плотность по T;;Построить плотность по температуре;app/ThermoGar_app.py:1941;1;заголовок;Физические свойства и механизмы упрочнения;;;;;;;;;;;;;;;;app/ThermoGar_app.py:11765
S13;Свойства;Плотность по T;;Построить плотность по температуре;app/ThermoGar_app.py:1941;2;подпись;Плотность и объёмные доли считаются по термодинамической и физической базам. Упругость и упрочнение — по тем же базам.;;;;;;;;;;;;;;;;app/ThermoGar_app.py:11766
S13;Свойства;Плотность по T;;Построить плотность по температуре;app/ThermoGar_app.py:1941;3;плашка (error, текст исключения);Физическая база не подключена: файлы не прошли проверку.;;;;;;;;при исключении;;;;;;;;app/ThermoGar_app.py:11777
S13;Свойства;Плотность по T;;Построить плотность по температуре;app/ThermoGar_app.py:1941;4;галочка;Применять поправки проекта ThermoGar к физической базе;physical_overrides_enabled_env_locked;False;False;False;;;;not overrides_enabled_by_environment();;;;нет;render_physical_overrides_toggle (ThermoGar_app.py:1458), вызов ThermoGar_app.py:11783;Поправка проекта заменяет в физической базе тепловое расширение хрома коэффициентами из статьи, на которую ссылается сама база: перенос этих чисел в базу сломан. Снимите галочку, чтобы считать плотность строго по данным базы, — у сплавов с хромом она выйдет ниже, до 1 % при 700 °C и до 2 % при 1300…;disabled=True;app/ThermoGar_app.py:1467
S13;Свойства;Плотность по T;;Построить плотность по температуре;app/ThermoGar_app.py:1941;5;подпись;Поправки выключены при запуске ThermoGar, поэтому галочка сейчас не действует.;;;;;;;;not overrides_enabled_by_environment();;;;;render_physical_overrides_toggle (ThermoGar_app.py:1458), вызов ThermoGar_app.py:11783;;;app/ThermoGar_app.py:1474
S13;Свойства;Плотность по T;;Построить плотность по температуре;app/ThermoGar_app.py:1941;6;раскрывающийся блок;Технические сведения (expanded=False);;;;;;;;not overrides_enabled_by_environment();;;;;render_physical_overrides_toggle (ThermoGar_app.py:1458), вызов ThermoGar_app.py:11783;;;app/ThermoGar_app.py:1475
S13;Свойства;Плотность по T;;Построить плотность по температуре;app/ThermoGar_app.py:1941;7;подпись;Переменная окружения THERMOGAR_PHYSICAL_OVERRIDES=off. Чтобы включить поправки, запустите ThermoGar без неё.;;;;;;;;not overrides_enabled_by_environment();Технические сведения;;;;render_physical_overrides_toggle (ThermoGar_app.py:1458), вызов ThermoGar_app.py:11783;;;app/ThermoGar_app.py:1476
S13;Свойства;Плотность по T;;Построить плотность по температуре;app/ThermoGar_app.py:1941;8;галочка;Применять поправки проекта ThermoGar к физической базе;physical_overrides_enabled;True;True;True;;;;не (not overrides_enabled_by_environment());;;;нет;render_physical_overrides_toggle (ThermoGar_app.py:1458), вызов ThermoGar_app.py:11783;Поправка проекта заменяет в физической базе тепловое расширение хрома коэффициентами из статьи, на которую ссылается сама база: перенос этих чисел в базу сломан. Снимите галочку, чтобы считать плотность строго по данным базы, — у сплавов с хромом она выйдет ниже, до 1 % при 700 °C и до 2 % при 1300…;;app/ThermoGar_app.py:1479
S13;Свойства;Плотность по T;;Построить плотность по температуре;app/ThermoGar_app.py:1941;9;подпись;### Плотность и объёмные доли по температуре;;;;;;;;;;;;;;;;app/ThermoGar_app.py:1882
S13;Свойства;Плотность по T;;Построить плотность по температуре;app/ThermoGar_app.py:1941;10;поле (число);Температура от, °C;physical_t_min_{база};500;200;400;;;10;;;;st.columns@ThermoGar_app.py:1883;нет;;;;app/ThermoGar_app.py:1885
S13;Свойства;Плотность по T;;Построить плотность по температуре;app/ThermoGar_app.py:1941;11;поле (число);Температура до, °C;physical_t_max_{база};1200;700;1200;;;10;;;;st.columns@ThermoGar_app.py:1883;нет;;;;app/ThermoGar_app.py:1887
S13;Свойства;Плотность по T;;Построить плотность по температуре;app/ThermoGar_app.py:1941;12;поле (число);Шаг температуры, °C;physical_t_step_{база};25;25;400;0.1;;5;;;;st.columns@ThermoGar_app.py:1883;нет;;;;app/ThermoGar_app.py:1889
S13;Свойства;Плотность по T;;Построить плотность по температуре;app/ThermoGar_app.py:1941;13;галочка;Выбрать фазы вручную;physical_scan_manual;False;False;False;;;;;;;;нет;_b4b_requested_phases (ThermoGar_app.py:1543), вызов ThermoGar_app.py:1890;;;app/ThermoGar_app.py:1552
S13;Свойства;Плотность по T;;Построить плотность по температуре;app/ThermoGar_app.py:1941;14;подпись;'Автоматические фазы: ' + ', '.join(automatic);;;;;;;;not manual;;;;;_b4b_requested_phases (ThermoGar_app.py:1543), вызов ThermoGar_app.py:1890;;;app/ThermoGar_app.py:1557
S13;Свойства;Плотность по T;;Построить плотность по температуре;app/ThermoGar_app.py:1941;15;мультивыбор;Фазы;physical_scan_tokens;— (не показывается);— (не показывается);— (не показывается);;;;не (not manual);;;;нет;_b4b_requested_phases (ThermoGar_app.py:1543), вызов ThermoGar_app.py:1890;;;app/ThermoGar_app.py:1563
S13;Свойства;Плотность по T;;Построить плотность по температуре;app/ThermoGar_app.py:1941;16;плашка (error);too_cold;;;;;;;;too_cold is not None;;;;;;;;app/ThermoGar_app.py:1894
S13;Свойства;Плотность по T;;Построить плотность по температуре;app/ThermoGar_app.py:1941;17;кнопка;Построить плотность по температуре;physical_scan_calculate;;;;;;;too_cold is not None;;;;;;;"type='primary'; disabled=True";app/ThermoGar_app.py:1895
S13;Свойства;Плотность по T;;Построить плотность по температуре;app/ThermoGar_app.py:1941;18;кнопка;Построить плотность по температуре;physical_scan_calculate;;;;;;;не (too_cold is not None);;;;;;;type='primary';app/ThermoGar_app.py:1938
S14;Свойства;Упругие свойства;"шаг 1 — фазовые доли; шаг 2 — Voigt–Reuss–Hill";"Получить фазовые доли (шаг 1); Рассчитать Voigt–Reuss–Hill (шаг 2)";app/ThermoGar_app.py:2232;1;заголовок;Физические свойства и механизмы упрочнения;;;;;;;;;;;;;;;;app/ThermoGar_app.py:11765
S14;Свойства;Упругие свойства;"шаг 1 — фазовые доли; шаг 2 — Voigt–Reuss–Hill";"Получить фазовые доли (шаг 1); Рассчитать Voigt–Reuss–Hill (шаг 2)";app/ThermoGar_app.py:2232;2;подпись;Плотность и объёмные доли считаются по термодинамической и физической базам. Упругость и упрочнение — по тем же базам.;;;;;;;;;;;;;;;;app/ThermoGar_app.py:11766
S14;Свойства;Упругие свойства;"шаг 1 — фазовые доли; шаг 2 — Voigt–Reuss–Hill";"Получить фазовые доли (шаг 1); Рассчитать Voigt–Reuss–Hill (шаг 2)";app/ThermoGar_app.py:2232;3;плашка (error, текст исключения);Физическая база не подключена: файлы не прошли проверку.;;;;;;;;при исключении;;;;;;;;app/ThermoGar_app.py:11777
S14;Свойства;Упругие свойства;"шаг 1 — фазовые доли; шаг 2 — Voigt–Reuss–Hill";"Получить фазовые доли (шаг 1); Рассчитать Voigt–Reuss–Hill (шаг 2)";app/ThermoGar_app.py:2232;4;галочка;Применять поправки проекта ThermoGar к физической базе;physical_overrides_enabled_env_locked;False;False;False;;;;not overrides_enabled_by_environment();;;;нет;render_physical_overrides_toggle (ThermoGar_app.py:1458), вызов ThermoGar_app.py:11783;Поправка проекта заменяет в физической базе тепловое расширение хрома коэффициентами из статьи, на которую ссылается сама база: перенос этих чисел в базу сломан. Снимите галочку, чтобы считать плотность строго по данным базы, — у сплавов с хромом она выйдет ниже, до 1 % при 700 °C и до 2 % при 1300…;disabled=True;app/ThermoGar_app.py:1467
S14;Свойства;Упругие свойства;"шаг 1 — фазовые доли; шаг 2 — Voigt–Reuss–Hill";"Получить фазовые доли (шаг 1); Рассчитать Voigt–Reuss–Hill (шаг 2)";app/ThermoGar_app.py:2232;5;подпись;Поправки выключены при запуске ThermoGar, поэтому галочка сейчас не действует.;;;;;;;;not overrides_enabled_by_environment();;;;;render_physical_overrides_toggle (ThermoGar_app.py:1458), вызов ThermoGar_app.py:11783;;;app/ThermoGar_app.py:1474
S14;Свойства;Упругие свойства;"шаг 1 — фазовые доли; шаг 2 — Voigt–Reuss–Hill";"Получить фазовые доли (шаг 1); Рассчитать Voigt–Reuss–Hill (шаг 2)";app/ThermoGar_app.py:2232;6;раскрывающийся блок;Технические сведения (expanded=False);;;;;;;;not overrides_enabled_by_environment();;;;;render_physical_overrides_toggle (ThermoGar_app.py:1458), вызов ThermoGar_app.py:11783;;;app/ThermoGar_app.py:1475
S14;Свойства;Упругие свойства;"шаг 1 — фазовые доли; шаг 2 — Voigt–Reuss–Hill";"Получить фазовые доли (шаг 1); Рассчитать Voigt–Reuss–Hill (шаг 2)";app/ThermoGar_app.py:2232;7;подпись;Переменная окружения THERMOGAR_PHYSICAL_OVERRIDES=off. Чтобы включить поправки, запустите ThermoGar без неё.;;;;;;;;not overrides_enabled_by_environment();Технические сведения;;;;render_physical_overrides_toggle (ThermoGar_app.py:1458), вызов ThermoGar_app.py:11783;;;app/ThermoGar_app.py:1476
S14;Свойства;Упругие свойства;"шаг 1 — фазовые доли; шаг 2 — Voigt–Reuss–Hill";"Получить фазовые доли (шаг 1); Рассчитать Voigt–Reuss–Hill (шаг 2)";app/ThermoGar_app.py:2232;8;галочка;Применять поправки проекта ThermoGar к физической базе;physical_overrides_enabled;True;True;True;;;;не (not overrides_enabled_by_environment());;;;нет;render_physical_overrides_toggle (ThermoGar_app.py:1458), вызов ThermoGar_app.py:11783;Поправка проекта заменяет в физической базе тепловое расширение хрома коэффициентами из статьи, на которую ссылается сама база: перенос этих чисел в базу сломан. Снимите галочку, чтобы считать плотность строго по данным базы, — у сплавов с хромом она выйдет ниже, до 1 % при 700 °C и до 2 % при 1300…;;app/ThermoGar_app.py:1479
S14;Свойства;Упругие свойства;"шаг 1 — фазовые доли; шаг 2 — Voigt–Reuss–Hill";"Получить фазовые доли (шаг 1); Рассчитать Voigt–Reuss–Hill (шаг 2)";app/ThermoGar_app.py:2232;9;подпись;### Упругие свойства по фазовым долям;;;;;;;;;;;;;;;;app/ThermoGar_app.py:2186
S14;Свойства;Упругие свойства;"шаг 1 — фазовые доли; шаг 2 — Voigt–Reuss–Hill";"Получить фазовые доли (шаг 1); Рассчитать Voigt–Reuss–Hill (шаг 2)";app/ThermoGar_app.py:2232;10;подпись;Сначала получите проверенные фазовые доли, затем укажите E, ν и происхождение значений для расчёта Voigt–Reuss–Hill.;;;;;;;;;;;;;;;;app/ThermoGar_app.py:2187
S14;Свойства;Упругие свойства;"шаг 1 — фазовые доли; шаг 2 — Voigt–Reuss–Hill";"Получить фазовые доли (шаг 1); Рассчитать Voigt–Reuss–Hill (шаг 2)";app/ThermoGar_app.py:2232;11;поле (число);Температура, °C;b4b2_elastic_temperature_{база};700;500;700;;;10;;;;;нет;;;;app/ThermoGar_app.py:2191
S14;Свойства;Упругие свойства;"шаг 1 — фазовые доли; шаг 2 — Voigt–Reuss–Hill";"Получить фазовые доли (шаг 1); Рассчитать Voigt–Reuss–Hill (шаг 2)";app/ThermoGar_app.py:2232;12;галочка;Выбрать фазы вручную;b4b2_elastic_prepare_manual;False;False;False;;;;;;;;нет;_b4b_requested_phases (ThermoGar_app.py:1543), вызов ThermoGar_app.py:2197;;;app/ThermoGar_app.py:1552
S14;Свойства;Упругие свойства;"шаг 1 — фазовые доли; шаг 2 — Voigt–Reuss–Hill";"Получить фазовые доли (шаг 1); Рассчитать Voigt–Reuss–Hill (шаг 2)";app/ThermoGar_app.py:2232;13;подпись;'Автоматические фазы: ' + ', '.join(automatic);;;;;;;;not manual;;;;;_b4b_requested_phases (ThermoGar_app.py:1543), вызов ThermoGar_app.py:2197;;;app/ThermoGar_app.py:1557
S14;Свойства;Упругие свойства;"шаг 1 — фазовые доли; шаг 2 — Voigt–Reuss–Hill";"Получить фазовые доли (шаг 1); Рассчитать Voigt–Reuss–Hill (шаг 2)";app/ThermoGar_app.py:2232;14;мультивыбор;Фазы;b4b2_elastic_prepare_tokens;— (не показывается);— (не показывается);— (не показывается);;;;не (not manual);;;;нет;_b4b_requested_phases (ThermoGar_app.py:1543), вызов ThermoGar_app.py:2197;;;app/ThermoGar_app.py:1563
S14;Свойства;Упругие свойства;"шаг 1 — фазовые доли; шаг 2 — Voigt–Reuss–Hill";"Получить фазовые доли (шаг 1); Рассчитать Voigt–Reuss–Hill (шаг 2)";app/ThermoGar_app.py:2232;15;плашка (error, текст исключения);Исходные данные для упругих свойств не приняты.;;;;;;;;при исключении;;;;;;;;app/ThermoGar_app.py:2216
S14;Свойства;Упругие свойства;"шаг 1 — фазовые доли; шаг 2 — Voigt–Reuss–Hill";"Получить фазовые доли (шаг 1); Рассчитать Voigt–Reuss–Hill (шаг 2)";app/ThermoGar_app.py:2232;16;кнопка;Получить фазовые доли;b4b2_elastic_prepare_calculate;;;;;;;prepare_decision is not None;;;;;;;type='primary';app/ThermoGar_app.py:2229
S14;Свойства;Упругие свойства;"шаг 1 — фазовые доли; шаг 2 — Voigt–Reuss–Hill";"Получить фазовые доли (шаг 1); Рассчитать Voigt–Reuss–Hill (шаг 2)";app/ThermoGar_app.py:2232;17;плашка (error, текст исключения);(текст исключения);;;;;;;;prepare_decision is not None И verified_physical_button(prepare_decision, 'Получить фазовые доли', type='primary', key='… И при исключении;;;;;;;;app/ThermoGar_app.py:2252
S14;Свойства;Упругие свойства;"шаг 1 — фазовые доли; шаг 2 — Voigt–Reuss–Hill";"Получить фазовые доли (шаг 1); Рассчитать Voigt–Reuss–Hill (шаг 2)";app/ThermoGar_app.py:2232;18;подпись;Исправьте входные данные, чтобы подготовить фазовые доли.;;;;;;;;не (prepare_decision is not None) И prepare_error is not None;;;;;;;;app/ThermoGar_app.py:2254
S14;Свойства;Упругие свойства;"шаг 1 — фазовые доли; шаг 2 — Voigt–Reuss–Hill";"Получить фазовые доли (шаг 1); Рассчитать Voigt–Reuss–Hill (шаг 2)";app/ThermoGar_app.py:2232;19;плашка (warning);text;;;;;;;;не (type(prepared) is not dict or prepared.get('database_key') != database_key) И не (type(prepared_digest) is not str) И в цикле prepared.get('projection', {}).get('warnings', ());;;;;;;;app/ThermoGar_app.py:2263
S14;Свойства;Упругие свойства;"шаг 1 — фазовые доли; шаг 2 — Voigt–Reuss–Hill";"Получить фазовые доли (шаг 1); Рассчитать Voigt–Reuss–Hill (шаг 2)";app/ThermoGar_app.py:2232;20;плашка (error, текст исключения);(текст исключения);;;;;;;;не (type(prepared) is not dict or prepared.get('database_key') != database_key) И не (type(prepared_digest) is not str) И при исключении;;;;;;;;app/ThermoGar_app.py:2271
S14;Свойства;Упругие свойства;"шаг 1 — фазовые доли; шаг 2 — Voigt–Reuss–Hill";"Получить фазовые доли (шаг 1); Рассчитать Voigt–Reuss–Hill (шаг 2)";app/ThermoGar_app.py:2232;21;таблица-редактор;editor;f'b4b2_elastic_editor_{prepared_digest}';;;;;;;не (type(prepared) is not dict or prepared.get('database_key') != database_key) И не (type(prepared_digest) is not str);;;;да (шаг 2): E, ν, происхождение, источник, T отсчёта каждой фазы — thermogar_verified_properties.py:953–955;;;disabled=['phase', 'mole_fraction', 'volume_fraction'];app/ThermoGar_app.py:2274
S14;Свойства;Упругие свойства;"шаг 1 — фазовые доли; шаг 2 — Voigt–Reuss–Hill";"Получить фазовые доли (шаг 1); Рассчитать Voigt–Reuss–Hill (шаг 2)";app/ThermoGar_app.py:2232;22;галочка;Обновить локальную библиотеку введёнными значениями;f'b4b2_elastic_update_{prepared_digest}';False;False;False;;;;не (type(prepared) is not dict or prepared.get('database_key') != database_key) И не (type(prepared_digest) is not str);;;;нет;;;;app/ThermoGar_app.py:2290
S14;Свойства;Упругие свойства;"шаг 1 — фазовые доли; шаг 2 — Voigt–Reuss–Hill";"Получить фазовые доли (шаг 1); Рассчитать Voigt–Reuss–Hill (шаг 2)";app/ThermoGar_app.py:2232;23;плашка (error, текст исключения);Таблица упругих свойств не принята. Проверьте E и ν каждой фазы.;;;;;;;;не (type(prepared) is not dict or prepared.get('database_key') != database_key) И не (type(prepared_digest) is not str) И при исключении;;;;;;;;app/ThermoGar_app.py:2317
S14;Свойства;Упругие свойства;"шаг 1 — фазовые доли; шаг 2 — Voigt–Reuss–Hill";"Получить фазовые доли (шаг 1); Рассчитать Voigt–Reuss–Hill (шаг 2)";app/ThermoGar_app.py:2232;24;кнопка;Рассчитать Voigt–Reuss–Hill;b4b2_elastic_vrh_calculate;;;;;;;не (type(prepared) is not dict or prepared.get('database_key') != database_key) И не (type(prepared_digest) is not str);;;;;;;type='primary';app/ThermoGar_app.py:2324
S15;Свойства;Вклады упрочнения;;Рассчитать вклады;app/ThermoGar_app.py:2508;1;заголовок;Физические свойства и механизмы упрочнения;;;;;;;;;;;;;;;;app/ThermoGar_app.py:11765
S15;Свойства;Вклады упрочнения;;Рассчитать вклады;app/ThermoGar_app.py:2508;2;подпись;Плотность и объёмные доли считаются по термодинамической и физической базам. Упругость и упрочнение — по тем же базам.;;;;;;;;;;;;;;;;app/ThermoGar_app.py:11766
S15;Свойства;Вклады упрочнения;;Рассчитать вклады;app/ThermoGar_app.py:2508;3;плашка (error, текст исключения);Физическая база не подключена: файлы не прошли проверку.;;;;;;;;при исключении;;;;;;;;app/ThermoGar_app.py:11777
S15;Свойства;Вклады упрочнения;;Рассчитать вклады;app/ThermoGar_app.py:2508;4;галочка;Применять поправки проекта ThermoGar к физической базе;physical_overrides_enabled_env_locked;False;False;False;;;;not overrides_enabled_by_environment();;;;нет;render_physical_overrides_toggle (ThermoGar_app.py:1458), вызов ThermoGar_app.py:11783;Поправка проекта заменяет в физической базе тепловое расширение хрома коэффициентами из статьи, на которую ссылается сама база: перенос этих чисел в базу сломан. Снимите галочку, чтобы считать плотность строго по данным базы, — у сплавов с хромом она выйдет ниже, до 1 % при 700 °C и до 2 % при 1300…;disabled=True;app/ThermoGar_app.py:1467
S15;Свойства;Вклады упрочнения;;Рассчитать вклады;app/ThermoGar_app.py:2508;5;подпись;Поправки выключены при запуске ThermoGar, поэтому галочка сейчас не действует.;;;;;;;;not overrides_enabled_by_environment();;;;;render_physical_overrides_toggle (ThermoGar_app.py:1458), вызов ThermoGar_app.py:11783;;;app/ThermoGar_app.py:1474
S15;Свойства;Вклады упрочнения;;Рассчитать вклады;app/ThermoGar_app.py:2508;6;раскрывающийся блок;Технические сведения (expanded=False);;;;;;;;not overrides_enabled_by_environment();;;;;render_physical_overrides_toggle (ThermoGar_app.py:1458), вызов ThermoGar_app.py:11783;;;app/ThermoGar_app.py:1475
S15;Свойства;Вклады упрочнения;;Рассчитать вклады;app/ThermoGar_app.py:2508;7;подпись;Переменная окружения THERMOGAR_PHYSICAL_OVERRIDES=off. Чтобы включить поправки, запустите ThermoGar без неё.;;;;;;;;not overrides_enabled_by_environment();Технические сведения;;;;render_physical_overrides_toggle (ThermoGar_app.py:1458), вызов ThermoGar_app.py:11783;;;app/ThermoGar_app.py:1476
S15;Свойства;Вклады упрочнения;;Рассчитать вклады;app/ThermoGar_app.py:2508;8;галочка;Применять поправки проекта ThermoGar к физической базе;physical_overrides_enabled;True;True;True;;;;не (not overrides_enabled_by_environment());;;;нет;render_physical_overrides_toggle (ThermoGar_app.py:1458), вызов ThermoGar_app.py:11783;Поправка проекта заменяет в физической базе тепловое расширение хрома коэффициентами из статьи, на которую ссылается сама база: перенос этих чисел в базу сломан. Снимите галочку, чтобы считать плотность строго по данным базы, — у сплавов с хромом она выйдет ниже, до 1 % при 700 °C и до 2 % при 1300…;;app/ThermoGar_app.py:1479
S15;Свойства;Вклады упрочнения;;Рассчитать вклады;app/ThermoGar_app.py:2508;9;подпись;### Вклады механизмов упрочнения;;;;;;;;;;;;;;;;app/ThermoGar_app.py:2397
S15;Свойства;Вклады упрочнения;;Рассчитать вклады;app/ThermoGar_app.py:2508;10;подпись;"Коэффициенты и область применимости задаются явно; отсутствие экспериментальной квалификации не блокирует расчёт.";;;;;;;;;;;;;;;;app/ThermoGar_app.py:2398
S15;Свойства;Вклады упрочнения;;Рассчитать вклады;app/ThermoGar_app.py:2508;11;поле (текст, многострочное);Источник и область применимости входов;b4b2_strengthening_provenance_{база};;;;;;;;;;;да — thermogar_verified_properties.py:1074–1081 (USER_INPUT_REQUIRED);;;;app/ThermoGar_app.py:2402
S15;Свойства;Вклады упрочнения;;Рассчитать вклады;app/ThermoGar_app.py:2508;12;галочка;Подтверждаю область применимости введённых коэффициентов;b4b2_strengthening_confirmation_{база};False;False;False;;;;;;;;да — thermogar_verified_properties.py:1085–1086 (USER_INPUT_REQUIRED);;;;app/ThermoGar_app.py:2406
S15;Свойства;Вклады упрочнения;;Рассчитать вклады;app/ThermoGar_app.py:2508;13;поле (число);Базовое внутреннее сопротивление, МПа;b4b2_strengthening_sigma_{база};0;0;0;0;;;;;;;нет;;;;app/ThermoGar_app.py:2410
S15;Свойства;Вклады упрочнения;;Рассчитать вклады;app/ThermoGar_app.py:2508;14;выбор;Правило объединения;b4b2_strengthening_rule_{база};Не суммировать;Не суммировать;Не суммировать;;;;;;;;нет;;;;app/ThermoGar_app.py:2416
S15;Свойства;Вклады упрочнения;;Рассчитать вклады;app/ThermoGar_app.py:2508;15;раскрывающийся блок;Hall–Petch;;;;;;;;;;;;;;;;app/ThermoGar_app.py:2425
S15;Свойства;Вклады упрочнения;;Рассчитать вклады;app/ThermoGar_app.py:2508;16;галочка;Учитывать Hall–Petch;b4b2_hall_use_{база};False;False;False;;;;;Hall–Petch;;;нет;;;;app/ThermoGar_app.py:2426
S15;Свойства;Вклады упрочнения;;Рассчитать вклады;app/ThermoGar_app.py:2508;17;поле (число);k_y, МПа·м¹ᐟ²;b4b2_hall_k_{база};0.1;0.1;0.1;0;;;;Hall–Petch;;;нет;;;;app/ThermoGar_app.py:2427
S15;Свойства;Вклады упрочнения;;Рассчитать вклады;app/ThermoGar_app.py:2508;18;поле (число);Размер зерна, мкм;b4b2_hall_grain_{база};10;10;10;1e-12;;;;Hall–Petch;;;нет;;;;app/ThermoGar_app.py:2428
S15;Свойства;Вклады упрочнения;;Рассчитать вклады;app/ThermoGar_app.py:2508;19;галочка;Использовать G и ν из текущего результата Hill;b4b2_strengthening_hill_{база};False;False;False;;;;;;;;нет;;;disabled=type(hill_digest) is not str;app/ThermoGar_app.py:2435
S15;Свойства;Вклады упрочнения;;Рассчитать вклады;app/ThermoGar_app.py:2508;20;раскрывающийся блок;Taylor;;;;;;;;;;;;;;;;app/ThermoGar_app.py:2441
S15;Свойства;Вклады упрочнения;;Рассчитать вклады;app/ThermoGar_app.py:2508;21;галочка;Учитывать Taylor;b4b2_taylor_use_{база};False;False;False;;;;;Taylor;;;нет;;;;app/ThermoGar_app.py:2442
S15;Свойства;Вклады упрочнения;;Рассчитать вклады;app/ThermoGar_app.py:2508;22;поле (число);M (Taylor);b4b2_taylor_m_{база};3;3;3;1e-12;;;;Taylor;;;нет;;;;app/ThermoGar_app.py:2443
S15;Свойства;Вклады упрочнения;;Рассчитать вклады;app/ThermoGar_app.py:2508;23;поле (число);α;b4b2_taylor_alpha_{база};0.3;0.3;0.3;1e-12;;;;Taylor;;;нет;;;;app/ThermoGar_app.py:2444
S15;Свойства;Вклады упрочнения;;Рассчитать вклады;app/ThermoGar_app.py:2508;24;поле (число);G, ГПа (Taylor);b4b2_taylor_g_{база};80;80;80;1e-12;;;;Taylor;;;нет;;;disabled=use_hill;app/ThermoGar_app.py:2445
S15;Свойства;Вклады упрочнения;;Рассчитать вклады;app/ThermoGar_app.py:2508;25;поле (число);b, нм (Taylor);b4b2_taylor_b_{база};0.25;0.25;0.25;1e-12;;;;Taylor;;;нет;;;;app/ThermoGar_app.py:2446
S15;Свойства;Вклады упрочнения;;Рассчитать вклады;app/ThermoGar_app.py:2508;26;поле (число);Плотность дислокаций, м⁻²;b4b2_taylor_rho_{база};1e+12;1e+12;1e+12;1e-12;;;;Taylor;;;нет;;;;app/ThermoGar_app.py:2447
S15;Свойства;Вклады упрочнения;;Рассчитать вклады;app/ThermoGar_app.py:2508;27;галочка;Твёрдорастворный вклад;b4b2_solid_use_{база};False;False;False;;;;;;;;нет;;;;app/ThermoGar_app.py:2448
S15;Свойства;Вклады упрочнения;;Рассчитать вклады;app/ThermoGar_app.py:2508;28;поле (число);Твёрдорастворный вклад, МПа;b4b2_solid_{база};0;0;0;0;;;;;;;нет;;;disabled=not solid_enabled;app/ThermoGar_app.py:2449
S15;Свойства;Вклады упрочнения;;Рассчитать вклады;app/ThermoGar_app.py:2508;29;раскрывающийся блок;Orowan;;;;;;;;;;;;;;;;app/ThermoGar_app.py:2450
S15;Свойства;Вклады упрочнения;;Рассчитать вклады;app/ThermoGar_app.py:2508;30;галочка;Учитывать Orowan;b4b2_orowan_use_{база};False;False;False;;;;;Orowan;;;нет;;;;app/ThermoGar_app.py:2451
S15;Свойства;Вклады упрочнения;;Рассчитать вклады;app/ThermoGar_app.py:2508;31;поле (число);M (Orowan);b4b2_orowan_m_{база};3;3;3;1e-12;;;;Orowan;;;нет;;;;app/ThermoGar_app.py:2452
S15;Свойства;Вклады упрочнения;;Рассчитать вклады;app/ThermoGar_app.py:2508;32;поле (число);G, ГПа (Orowan);b4b2_orowan_g_{база};80;80;80;1e-12;;;;Orowan;;;нет;;;disabled=use_hill;app/ThermoGar_app.py:2453
S15;Свойства;Вклады упрочнения;;Рассчитать вклады;app/ThermoGar_app.py:2508;33;поле (число);b, нм (Orowan);b4b2_orowan_b_{база};0.25;0.25;0.25;1e-12;;;;Orowan;;;нет;;;;app/ThermoGar_app.py:2454
S15;Свойства;Вклады упрочнения;;Рассчитать вклады;app/ThermoGar_app.py:2508;34;поле (число);ν (Orowan) (-0.999–0.499);b4b2_orowan_nu_{база};0.3;0.3;0.3;-0.999;0.499;;;Orowan;;;нет;;;disabled=use_hill;app/ThermoGar_app.py:2455
S15;Свойства;Вклады упрочнения;;Рассчитать вклады;app/ThermoGar_app.py:2508;35;поле (число);Радиус частиц, нм;b4b2_orowan_radius_{база};10;10;10;1e-12;;;;Orowan;;;нет;;;;app/ThermoGar_app.py:2456
S15;Свойства;Вклады упрочнения;;Рассчитать вклады;app/ThermoGar_app.py:2508;36;поле (число);Расстояние между частицами, нм;b4b2_orowan_spacing_{база};100;100;100;1e-12;;;;Orowan;;;нет;;;;app/ThermoGar_app.py:2457
S15;Свойства;Вклады упрочнения;;Рассчитать вклады;app/ThermoGar_app.py:2508;37;галочка;Другой вклад;b4b2_other_use_{база};False;False;False;;;;;;;;нет;;;;app/ThermoGar_app.py:2458
S15;Свойства;Вклады упрочнения;;Рассчитать вклады;app/ThermoGar_app.py:2508;38;поле (число);Другой вклад, МПа;b4b2_other_{база};0;0;0;0;;;;;;;нет;;;disabled=not other_enabled;app/ThermoGar_app.py:2459
S15;Свойства;Вклады упрочнения;;Рассчитать вклады;app/ThermoGar_app.py:2508;39;кнопка;Рассчитать вклады;b4b2_strengthening_calculate;;;;;;;;;;;;;;type='primary';app/ThermoGar_app.py:2505
S16;Кинетика;Диффузия и гомогенизация;Однофазная пара;Рассчитать однофазную диффузию;app/thermogar_diffusion.py:1559;1;заголовок;Диффузия и гомогенизация;;;;;;;;;;;;;;;;app/thermogar_diffusion.py:1476
S16;Кинетика;Диффузия и гомогенизация;Однофазная пара;Рассчитать однофазную диффузию;app/thermogar_diffusion.py:1559;2;подпись;"ThermoGar использует параметры диффузионной подвижности текущей базы и открытую программу Kawin. Исследовательский режим рассчитывает изотермическую одномерную диффузию; это модель, а не экспериментально аттестованная технология.";;;;;;;;;;;;;;;;app/thermogar_diffusion.py:1477
S16;Кинетика;Диффузия и гомогенизация;Однофазная пара;Рассчитать однофазную диффузию;app/thermogar_diffusion.py:1559;3;плашка (error);Модуль диффузии Kawin недоступен. Равновесные функции работают.;;;;;;;;not KAWIN_AVAILABLE;;;;;;;;app/thermogar_diffusion.py:1484
S16;Кинетика;Диффузия и гомогенизация;Однофазная пара;Рассчитать однофазную диффузию;app/thermogar_diffusion.py:1559;4;раскрывающийся блок;Технические сведения (expanded=False);;;;;;;;not KAWIN_AVAILABLE;;;;;;;;app/thermogar_diffusion.py:1487
S16;Кинетика;Диффузия и гомогенизация;Однофазная пара;Рассчитать однофазную диффузию;app/thermogar_diffusion.py:1559;5;подпись (код);./.venv-mac/bin/python -m pip install 'kawin==0.5.0' 'espei==0.9.1' .\.venv-windows\Scripts\python.exe -m pip install kawin==0.5.0 espei==0.9.1;;;;;;;;not KAWIN_AVAILABLE;Технические сведения;;;;;;;app/thermogar_diffusion.py:1488
S16;Кинетика;Диффузия и гомогенизация;Однофазная пара;Рассчитать однофазную диффузию;app/thermogar_diffusion.py:1559;6;подпись;f'Техническая причина: {KAWIN_IMPORT_ERROR}';;;;;;;;not KAWIN_AVAILABLE И KAWIN_IMPORT_ERROR;Технические сведения;;;;;;;app/thermogar_diffusion.py:1494
S16;Кинетика;Диффузия и гомогенизация;Однофазная пара;Рассчитать однофазную диффузию;app/thermogar_diffusion.py:1559;7;подпись;### Однофазная диффузионная пара;;;;;;;;;;;;;;;;app/thermogar_diffusion.py:1508
S16;Кинетика;Диффузия и гомогенизация;Однофазная пара;Рассчитать однофазную диффузию;app/thermogar_diffusion.py:1559;8;подпись;Во всей области принудительно используется одна выбранная фаза. Модель не создаёт новую фазу при пересечении фазовой границы.;;;;;;;;;;;;;;;;app/thermogar_diffusion.py:1509
S16;Кинетика;Диффузия и гомогенизация;Однофазная пара;Рассчитать однофазную диффузию;app/thermogar_diffusion.py:1559;9;выбор;Элемент-основа;kin_single_balance_{база};Ni;Al;Fe;;;;;;;;нет;_common_inputs (thermogar_diffusion.py:1338), вызов thermogar_diffusion.py:1513;;;app/thermogar_diffusion.py:1348
S16;Кинетика;Диффузия и гомогенизация;Однофазная пара;Рассчитать однофазную диффузию;app/thermogar_diffusion.py:1559;10;радио;Единицы исходных составов;kin_single_units_{база};атомные %;атомные %;массовые %;;;;;;;;нет;_common_inputs (thermogar_diffusion.py:1338), вызов thermogar_diffusion.py:1513;;;app/thermogar_diffusion.py:1355
S16;Кинетика;Диффузия и гомогенизация;Однофазная пара;Рассчитать однофазную диффузию;app/thermogar_diffusion.py:1559;11;поле (текст, многострочное);Левая сторона;kin_single_left_{база};Cr=7.7, Al=5.4;Cu=1;C=0.1, Cr=8;;;;;;;st.columns@thermogar_diffusion.py:1364 (колонка 1 из 2);да: стороны различаются хотя бы одной добавкой — thermogar_diffusion.py:421–424, :452–453;_common_inputs (thermogar_diffusion.py:1338), вызов thermogar_diffusion.py:1513;Остаток до 100 % считается элементом-основой.;;app/thermogar_diffusion.py:1366
S16;Кинетика;Диффузия и гомогенизация;Однофазная пара;Рассчитать однофазную диффузию;app/thermogar_diffusion.py:1559;12;поле (текст, многострочное);Правая сторона;kin_single_right_{база};Cr=35.9, Al=6.2;Cu=5;C=0.3, Cr=14;;;;;;;st.columns@thermogar_diffusion.py:1364 (колонка 2 из 2);да: то же — thermogar_diffusion.py:421–424, :452–453;_common_inputs (thermogar_diffusion.py:1338), вызов thermogar_diffusion.py:1513;"Используйте тот же набор элементов; отсутствующий элемент считается равным 0 %.";;app/thermogar_diffusion.py:1373
S16;Кинетика;Диффузия и гомогенизация;Однофазная пара;Рассчитать однофазную диффузию;app/thermogar_diffusion.py:1559;13;поле (число);Температура выдержки, °C;kin_single_temperature_{база};1200;500;900;;;10;;;;;нет;_common_inputs (thermogar_diffusion.py:1338), вызов thermogar_diffusion.py:1513;;;app/thermogar_diffusion.py:1380
S16;Кинетика;Диффузия и гомогенизация;Однофазная пара;Рассчитать однофазную диффузию;app/thermogar_diffusion.py:1559;14;поле (число);Длина области, мкм;kin_single_length_{база};2000;200;100;1;;10;;;;st.columns@thermogar_diffusion.py:1387 (колонка 1 из 4);нет;_common_inputs (thermogar_diffusion.py:1338), вызов thermogar_diffusion.py:1513;;;app/thermogar_diffusion.py:1389
S16;Кинетика;Диффузия и гомогенизация;Однофазная пара;Рассчитать однофазную диффузию;app/thermogar_diffusion.py:1559;15;поле (число);Граница пары, % (1–99);kin_single_interface_{база};50;50;50;1;99;1;;;;st.columns@thermogar_diffusion.py:1387 (колонка 2 из 4);нет;_common_inputs (thermogar_diffusion.py:1338), вызов thermogar_diffusion.py:1513;;;app/thermogar_diffusion.py:1397
S16;Кинетика;Диффузия и гомогенизация;Однофазная пара;Рассчитать однофазную диффузию;app/thermogar_diffusion.py:1559;16;поле (число);Время, ч;kin_single_time_{база};100;24;1;0.001;;1;;;;st.columns@thermogar_diffusion.py:1387 (колонка 3 из 4);нет;_common_inputs (thermogar_diffusion.py:1338), вызов thermogar_diffusion.py:1513;;;app/thermogar_diffusion.py:1406
S16;Кинетика;Диффузия и гомогенизация;Однофазная пара;Рассчитать однофазную диффузию;app/thermogar_diffusion.py:1559;17;поле (число);Ячеек (12–160);kin_single_nodes_{база};80;80;80;12;160;4;;;;st.columns@thermogar_diffusion.py:1387 (колонка 4 из 4);нет;_common_inputs (thermogar_diffusion.py:1338), вызов thermogar_diffusion.py:1513;;;app/thermogar_diffusion.py:1414
S16;Кинетика;Диффузия и гомогенизация;Однофазная пара;Рассчитать однофазную диффузию;app/thermogar_diffusion.py:1559;18;поле (текст, многострочное);Источник и назначение исходных данных диффузии;kin_single_input_provenance_{база};Объявленный сценарий, не данные материала;Объявленный сценарий, не данные материала;Объявленный сценарий, не данные материала;;;;;;;;нет: пустое заменяется строкой по умолчанию — thermogar_diffusion.py:1452–1454;_common_inputs (thermogar_diffusion.py:1338), вызов thermogar_diffusion.py:1513;"Строка попадает в лист «Параметры» Excel, в историю расчётов и в JSON происхождения. Укажите источник состава, температуры и времени; значение по умолчанию помечает их как объявленный сценарий без экспериментальной проверки.";;app/thermogar_diffusion.py:1423
S16;Кинетика;Диффузия и гомогенизация;Однофазная пара;Рассчитать однофазную диффузию;app/thermogar_diffusion.py:1559;19;плашка (error, текст исключения);Исправьте составы пары.;;;;;;;;при исключении;;;;;;;;app/thermogar_diffusion.py:1530
S16;Кинетика;Диффузия и гомогенизация;Однофазная пара;Рассчитать однофазную диффузию;app/thermogar_diffusion.py:1559;20;плашка (error);Для выбранных элементов в базе нет фазы с полным набором параметров подвижности.;;;;;;;;not phase_options;;;;;;;;app/thermogar_diffusion.py:1538
S16;Кинетика;Диффузия и гомогенизация;Однофазная пара;Рассчитать однофазную диффузию;app/thermogar_diffusion.py:1559;21;выбор;Фаза для всего профиля;kin_single_phase_{база};"FCC_A1 (DEFAULTS.single_phase, если есть в списке; иначе первая)";"FCC_A1 (DEFAULTS.single_phase, если есть в списке; иначе первая)";"FCC_A1 (DEFAULTS.single_phase, если есть в списке; иначе первая)";;;;не (not phase_options);;;;нет;;;;app/thermogar_diffusion.py:1545
S16;Кинетика;Диффузия и гомогенизация;Однофазная пара;Рассчитать однофазную диффузию;app/thermogar_diffusion.py:1559;22;плашка (info);Границы закрыты: поток через левый и правый торцы равен нулю. Составы задаются в ат.% или мас.%, в расчёте используются атомные доли.;;;;;;;;не (not phase_options);;;;;;;;app/thermogar_diffusion.py:1552
S16;Кинетика;Диффузия и гомогенизация;Однофазная пара;Рассчитать однофазную диффузию;app/thermogar_diffusion.py:1559;23;кнопка;Рассчитать однофазную диффузию;kin_single_run_{база};;;;;;;не (not phase_options);;;;;;;type='primary';app/thermogar_diffusion.py:1557
S17;Кинетика;Диффузия и гомогенизация;Многофазная гомогенизация;Рассчитать гомогенизацию;app/thermogar_diffusion.py:1712;1;заголовок;Диффузия и гомогенизация;;;;;;;;;;;;;;;;app/thermogar_diffusion.py:1476
S17;Кинетика;Диффузия и гомогенизация;Многофазная гомогенизация;Рассчитать гомогенизацию;app/thermogar_diffusion.py:1712;2;подпись;"ThermoGar использует параметры диффузионной подвижности текущей базы и открытую программу Kawin. Исследовательский режим рассчитывает изотермическую одномерную диффузию; это модель, а не экспериментально аттестованная технология.";;;;;;;;;;;;;;;;app/thermogar_diffusion.py:1477
S17;Кинетика;Диффузия и гомогенизация;Многофазная гомогенизация;Рассчитать гомогенизацию;app/thermogar_diffusion.py:1712;3;плашка (error);Модуль диффузии Kawin недоступен. Равновесные функции работают.;;;;;;;;not KAWIN_AVAILABLE;;;;;;;;app/thermogar_diffusion.py:1484
S17;Кинетика;Диффузия и гомогенизация;Многофазная гомогенизация;Рассчитать гомогенизацию;app/thermogar_diffusion.py:1712;4;раскрывающийся блок;Технические сведения (expanded=False);;;;;;;;not KAWIN_AVAILABLE;;;;;;;;app/thermogar_diffusion.py:1487
S17;Кинетика;Диффузия и гомогенизация;Многофазная гомогенизация;Рассчитать гомогенизацию;app/thermogar_diffusion.py:1712;5;подпись (код);./.venv-mac/bin/python -m pip install 'kawin==0.5.0' 'espei==0.9.1' .\.venv-windows\Scripts\python.exe -m pip install kawin==0.5.0 espei==0.9.1;;;;;;;;not KAWIN_AVAILABLE;Технические сведения;;;;;;;app/thermogar_diffusion.py:1488
S17;Кинетика;Диффузия и гомогенизация;Многофазная гомогенизация;Рассчитать гомогенизацию;app/thermogar_diffusion.py:1712;6;подпись;f'Техническая причина: {KAWIN_IMPORT_ERROR}';;;;;;;;not KAWIN_AVAILABLE И KAWIN_IMPORT_ERROR;Технические сведения;;;;;;;app/thermogar_diffusion.py:1494
S17;Кинетика;Диффузия и гомогенизация;Многофазная гомогенизация;Рассчитать гомогенизацию;app/thermogar_diffusion.py:1712;7;подпись;### Многофазная гомогенизация;;;;;;;;;;;;;;;;app/thermogar_diffusion.py:1615
S17;Кинетика;Диффузия и гомогенизация;Многофазная гомогенизация;Рассчитать гомогенизацию;app/thermogar_diffusion.py:1712;8;подпись;Каждая ячейка считается локально равновесной. Поток определяется градиентом химического потенциала и эффективной подвижностью, зависящей от выбранной геометрической модели фаз.;;;;;;;;;;;;;;;;app/thermogar_diffusion.py:1616
S17;Кинетика;Диффузия и гомогенизация;Многофазная гомогенизация;Рассчитать гомогенизацию;app/thermogar_diffusion.py:1712;9;выбор;Элемент-основа;kin_hom_balance_{база};Ni;Al;Fe;;;;;;;;нет;_common_inputs (thermogar_diffusion.py:1338), вызов thermogar_diffusion.py:1621;;;app/thermogar_diffusion.py:1348
S17;Кинетика;Диффузия и гомогенизация;Многофазная гомогенизация;Рассчитать гомогенизацию;app/thermogar_diffusion.py:1712;10;радио;Единицы исходных составов;kin_hom_units_{база};атомные %;атомные %;массовые %;;;;;;;;нет;_common_inputs (thermogar_diffusion.py:1338), вызов thermogar_diffusion.py:1621;;;app/thermogar_diffusion.py:1355
S17;Кинетика;Диффузия и гомогенизация;Многофазная гомогенизация;Рассчитать гомогенизацию;app/thermogar_diffusion.py:1712;11;поле (текст, многострочное);Левая сторона;kin_hom_left_{база};Cr=7.7, Al=5.4;Cu=1;C=0.1, Cr=8;;;;;;;st.columns@thermogar_diffusion.py:1364 (колонка 1 из 2);да: то же — thermogar_diffusion.py:421–424, :452–453;_common_inputs (thermogar_diffusion.py:1338), вызов thermogar_diffusion.py:1621;Остаток до 100 % считается элементом-основой.;;app/thermogar_diffusion.py:1366
S17;Кинетика;Диффузия и гомогенизация;Многофазная гомогенизация;Рассчитать гомогенизацию;app/thermogar_diffusion.py:1712;12;поле (текст, многострочное);Правая сторона;kin_hom_right_{база};Cr=35.9, Al=6.2;Cu=5;C=0.3, Cr=14;;;;;;;st.columns@thermogar_diffusion.py:1364 (колонка 2 из 2);да: то же — thermogar_diffusion.py:421–424, :452–453;_common_inputs (thermogar_diffusion.py:1338), вызов thermogar_diffusion.py:1621;"Используйте тот же набор элементов; отсутствующий элемент считается равным 0 %.";;app/thermogar_diffusion.py:1373
S17;Кинетика;Диффузия и гомогенизация;Многофазная гомогенизация;Рассчитать гомогенизацию;app/thermogar_diffusion.py:1712;13;поле (число);Температура выдержки, °C;kin_hom_temperature_{база};1200;500;900;;;10;;;;;нет;_common_inputs (thermogar_diffusion.py:1338), вызов thermogar_diffusion.py:1621;;;app/thermogar_diffusion.py:1380
S17;Кинетика;Диффузия и гомогенизация;Многофазная гомогенизация;Рассчитать гомогенизацию;app/thermogar_diffusion.py:1712;14;поле (число);Длина области, мкм;kin_hom_length_{база};2000;200;100;1;;10;;;;st.columns@thermogar_diffusion.py:1387 (колонка 1 из 4);нет;_common_inputs (thermogar_diffusion.py:1338), вызов thermogar_diffusion.py:1621;;;app/thermogar_diffusion.py:1389
S17;Кинетика;Диффузия и гомогенизация;Многофазная гомогенизация;Рассчитать гомогенизацию;app/thermogar_diffusion.py:1712;15;поле (число);Граница пары, % (1–99);kin_hom_interface_{база};50;50;50;1;99;1;;;;st.columns@thermogar_diffusion.py:1387 (колонка 2 из 4);нет;_common_inputs (thermogar_diffusion.py:1338), вызов thermogar_diffusion.py:1621;;;app/thermogar_diffusion.py:1397
S17;Кинетика;Диффузия и гомогенизация;Многофазная гомогенизация;Рассчитать гомогенизацию;app/thermogar_diffusion.py:1712;16;поле (число);Время, ч;kin_hom_time_{база};100;24;1;0.001;;1;;;;st.columns@thermogar_diffusion.py:1387 (колонка 3 из 4);нет;_common_inputs (thermogar_diffusion.py:1338), вызов thermogar_diffusion.py:1621;;;app/thermogar_diffusion.py:1406
S17;Кинетика;Диффузия и гомогенизация;Многофазная гомогенизация;Рассчитать гомогенизацию;app/thermogar_diffusion.py:1712;17;поле (число);Ячеек (12–160);kin_hom_nodes_{база};80;80;80;12;160;4;;;;st.columns@thermogar_diffusion.py:1387 (колонка 4 из 4);нет;_common_inputs (thermogar_diffusion.py:1338), вызов thermogar_diffusion.py:1621;;;app/thermogar_diffusion.py:1414
S17;Кинетика;Диффузия и гомогенизация;Многофазная гомогенизация;Рассчитать гомогенизацию;app/thermogar_diffusion.py:1712;18;поле (текст, многострочное);Источник и назначение исходных данных диффузии;kin_hom_input_provenance_{база};Объявленный сценарий, не данные материала;Объявленный сценарий, не данные материала;Объявленный сценарий, не данные материала;;;;;;;;нет: пустое заменяется строкой по умолчанию — thermogar_diffusion.py:1452–1454;_common_inputs (thermogar_diffusion.py:1338), вызов thermogar_diffusion.py:1621;"Строка попадает в лист «Параметры» Excel, в историю расчётов и в JSON происхождения. Укажите источник состава, температуры и времени; значение по умолчанию помечает их как объявленный сценарий без экспериментальной проверки.";;app/thermogar_diffusion.py:1423
S17;Кинетика;Диффузия и гомогенизация;Многофазная гомогенизация;Рассчитать гомогенизацию;app/thermogar_diffusion.py:1712;19;плашка (error, текст исключения);Исправьте составы пары.;;;;;;;;при исключении;;;;;;;;app/thermogar_diffusion.py:1638
S17;Кинетика;Диффузия и гомогенизация;Многофазная гомогенизация;Рассчитать гомогенизацию;app/thermogar_diffusion.py:1712;20;плашка (warning);'Для элементов ' + element_symbols(preview_couple.elements if preview_couple else []) + ' в этой базе есть параметры подвижности только у фазы ' + phase_options[0] + '. Многофазная гомогенизация требует минимум две такие фазы, поэтому для этого состава доступна только однофазная пара.';;;;;;;;phase_options and (not homogenization_possible);;;;;;;;app/thermogar_diffusion.py:1650
S17;Кинетика;Диффузия и гомогенизация;Многофазная гомогенизация;Рассчитать гомогенизацию;app/thermogar_diffusion.py:1712;21;мультивыбор;Фазы локального равновесия;kin_hom_phases_{база};"FCC_A1, BCC_A2 из DEFAULTS — остаются только те, что есть в списке фаз с подвижностью; кадр 27 (ni): выбрана одна фаза";"FCC_A1 (одна фаза с подвижностью; кнопка выключена, предупреждение до нажатия)";FCC_A1, BCC_A2 (test_ui_g.py:691–711 проверяет именно это умолчание);;;;;;;;да, ≥2 фазы — thermogar_diffusion.py:1717–1718;;Исследовательский режим разрешает только фазы, для которых в объединённой базе найдены параметры подвижности.;;app/thermogar_diffusion.py:1665
S17;Кинетика;Диффузия и гомогенизация;Многофазная гомогенизация;Рассчитать гомогенизацию;app/thermogar_diffusion.py:1712;22;выбор;Модель эффективной подвижности;kin_hom_function_{база};Нижняя граница Хашина—Штрикмана;Нижняя граница Хашина—Штрикмана;Нижняя граница Хашина—Штрикмана;;;;;;;;нет;;;;app/thermogar_diffusion.py:1676
S17;Кинетика;Диффузия и гомогенизация;Многофазная гомогенизация;Рассчитать гомогенизацию;app/thermogar_diffusion.py:1712;23;поле (число);Сглаживающий коэффициент ε (0–0.2);kin_hom_eps_{база};0.01;0.01;0.01;0;0.2;0.01;;;;st.columns@thermogar_diffusion.py:1682 (колонка 1 из 2);нет;;;;app/thermogar_diffusion.py:1684
S17;Кинетика;Диффузия и гомогенизация;Многофазная гомогенизация;Рассчитать гомогенизацию;app/thermogar_diffusion.py:1712;24;поле (число);Лабиринтный фактор (1–2);kin_hom_lab_{база};1.5;1.5;1.5;1;2;0.1;;;;st.columns@thermogar_diffusion.py:1682 (колонка 2 из 2);нет;;;disabled=HOMOGENIZATION_FUNCTIONS[hom_label] != 'lab';app/thermogar_diffusion.py:1694
S17;Кинетика;Диффузия и гомогенизация;Многофазная гомогенизация;Рассчитать гомогенизацию;app/thermogar_diffusion.py:1712;25;плашка (info);Рекомендуемый первый вариант — нижняя граница Хашина—Штрикмана. Разница между верхней и нижней границами показывает чувствительность к неизвестной геометрии фаз.;;;;;;;;;;;;;;;;app/thermogar_diffusion.py:1704
S17;Кинетика;Диффузия и гомогенизация;Многофазная гомогенизация;Рассчитать гомогенизацию;app/thermogar_diffusion.py:1712;26;кнопка;Рассчитать гомогенизацию;kin_hom_run_{база};;;;;;;;;;;;;;"type='primary'; disabled=not homogenization_possible";app/thermogar_diffusion.py:1710
S18;Кинетика;Диффузия и гомогенизация;Покрытие базы подвижностей;— (основной кнопки нет);—;1;заголовок;Диффузия и гомогенизация;;;;;;;;;;;;;;;;app/thermogar_diffusion.py:1476
S18;Кинетика;Диффузия и гомогенизация;Покрытие базы подвижностей;— (основной кнопки нет);—;2;подпись;"ThermoGar использует параметры диффузионной подвижности текущей базы и открытую программу Kawin. Исследовательский режим рассчитывает изотермическую одномерную диффузию; это модель, а не экспериментально аттестованная технология.";;;;;;;;;;;;;;;;app/thermogar_diffusion.py:1477
S18;Кинетика;Диффузия и гомогенизация;Покрытие базы подвижностей;— (основной кнопки нет);—;3;плашка (error);Модуль диффузии Kawin недоступен. Равновесные функции работают.;;;;;;;;not KAWIN_AVAILABLE;;;;;;;;app/thermogar_diffusion.py:1484
S18;Кинетика;Диффузия и гомогенизация;Покрытие базы подвижностей;— (основной кнопки нет);—;4;раскрывающийся блок;Технические сведения (expanded=False);;;;;;;;not KAWIN_AVAILABLE;;;;;;;;app/thermogar_diffusion.py:1487
S18;Кинетика;Диффузия и гомогенизация;Покрытие базы подвижностей;— (основной кнопки нет);—;5;подпись (код);./.venv-mac/bin/python -m pip install 'kawin==0.5.0' 'espei==0.9.1' .\.venv-windows\Scripts\python.exe -m pip install kawin==0.5.0 espei==0.9.1;;;;;;;;not KAWIN_AVAILABLE;Технические сведения;;;;;;;app/thermogar_diffusion.py:1488
S18;Кинетика;Диффузия и гомогенизация;Покрытие базы подвижностей;— (основной кнопки нет);—;6;подпись;f'Техническая причина: {KAWIN_IMPORT_ERROR}';;;;;;;;not KAWIN_AVAILABLE И KAWIN_IMPORT_ERROR;Технические сведения;;;;;;;app/thermogar_diffusion.py:1494
S18;Кинетика;Диффузия и гомогенизация;Покрытие базы подвижностей;— (основной кнопки нет);—;7;подпись;### Что доступно в базе подвижностей;;;;;;;;;;;;;;;;app/thermogar_diffusion.py:1776
S18;Кинетика;Диффузия и гомогенизация;Покрытие базы подвижностей;— (основной кнопки нет);—;8;метрика;Kawin;;;;;;;;;;;st.columns@thermogar_diffusion.py:1777 (колонка 1 из 3);;;;;app/thermogar_diffusion.py:1779
S18;Кинетика;Диффузия и гомогенизация;Покрытие базы подвижностей;— (основной кнопки нет);—;9;метрика;Диффундирующих элементов;;;;;;;;;;;st.columns@thermogar_diffusion.py:1777 (колонка 2 из 3);;;;;app/thermogar_diffusion.py:1781
S18;Кинетика;Диффузия и гомогенизация;Покрытие базы подвижностей;— (основной кнопки нет);—;10;метрика;Фаз с параметрами подвижности;;;;;;;;;;;st.columns@thermogar_diffusion.py:1777 (колонка 3 из 3);;;;;app/thermogar_diffusion.py:1783
S18;Кинетика;Диффузия и гомогенизация;Покрытие базы подвижностей;— (основной кнопки нет);—;11;подпись;#### Элементы;;;;;;;;;;;;;;;;app/thermogar_diffusion.py:1785
S18;Кинетика;Диффузия и гомогенизация;Покрытие базы подвижностей;— (основной кнопки нет);—;12;подпись;element_symbols(diffusing_species) if diffusing_species else 'Нет данных';;;;;;;;;;;;;;;;app/thermogar_diffusion.py:1786
S18;Кинетика;Диффузия и гомогенизация;Покрытие базы подвижностей;— (основной кнопки нет);—;13;подпись;#### Параметры по фазам;;;;;;;;;;;;;;;;app/thermogar_diffusion.py:1787
S18;Кинетика;Диффузия и гомогенизация;Покрытие базы подвижностей;— (основной кнопки нет);—;14;плашка (info);В базе нет параметров подвижности для этих элементов.;;;;;;;;kinetics_table.empty;;;;;;;;app/thermogar_diffusion.py:1789
S18;Кинетика;Диффузия и гомогенизация;Покрытие базы подвижностей;— (основной кнопки нет);—;15;таблица;kinetics_table;;;;;;;;не (kinetics_table.empty);;;;;;;;app/thermogar_diffusion.py:1791
S18;Кинетика;Диффузия и гомогенизация;Покрытие базы подвижностей;— (основной кнопки нет);—;16;подпись;#### Ограничения расчёта диффузии;;;;;;;;;;;;;;;;app/thermogar_diffusion.py:1793
S18;Кинетика;Диффузия и гомогенизация;Покрытие базы подвижностей;— (основной кнопки нет);—;17;подпись;"- только **одномерная декартова область** и постоянная температура; - не более **четырёх элементов** одновременно; - закрытые границы с нулевым потоком; - нет диффузии по границам зёрен, конвекции, напряжений и пористости; - однофазная модель не меняет фазу автоматически; - гомогенизация предполагает локальное равновесие и усреднённую геометрию; - численный результат нужно сверить с опубликованны…";;;;;;;;;;;;;;;;app/thermogar_diffusion.py:1794
S19;Кинетика;Выделения;;Рассчитать кинетику выделений;app/thermogar_precipitation.py:1616;1;заголовок;Кинетика выделений;;;;;;;;;;;;;;;;app/thermogar_precipitation.py:1351
S19;Кинетика;Выделения;;Рассчитать кинетику выделений;app/thermogar_precipitation.py:1616;2;подпись;Зарождение, рост, растворение и укрупнение одной фазы по модели KWN.;;;;;;;;;;;;;;;;app/thermogar_precipitation.py:1352
S19;Кинетика;Выделения;;Рассчитать кинетику выделений;app/thermogar_precipitation.py:1616;3;плашка (error);Модуль кинетики выделений недоступен. Остальные функции работают.;;;;;;;;not PRECIPITATION_AVAILABLE;;;;;;;;app/thermogar_precipitation.py:1354
S19;Кинетика;Выделения;;Рассчитать кинетику выделений;app/thermogar_precipitation.py:1616;4;раскрывающийся блок;Технические сведения (expanded=False);;;;;;;;not PRECIPITATION_AVAILABLE;;;;;;;;app/thermogar_precipitation.py:1355
S19;Кинетика;Выделения;;Рассчитать кинетику выделений;app/thermogar_precipitation.py:1616;5;подпись (код);PRECIPITATION_IMPORT_ERROR or 'kawin не установлен';;;;;;;;not PRECIPITATION_AVAILABLE;Технические сведения;;;;;;;app/thermogar_precipitation.py:1356
S19;Кинетика;Выделения;;Рассчитать кинетику выделений;app/thermogar_precipitation.py:1616;6;плашка (info);Межфазную энергию, молярные объёмы и центры зарождения база не задаёт: введите их ниже по источнику или по калибровке.;;;;;;;;не (not PRECIPITATION_AVAILABLE);;;;;;;;app/thermogar_precipitation.py:1358
S19;Кинетика;Выделения;;Рассчитать кинетику выделений;app/thermogar_precipitation.py:1616;7;выбор;Набор исходных параметров;precipitation_{база}_preset;Параметры пользователя — значения нужно подтвердить;Параметры пользователя — значения нужно подтвердить;Параметры пользователя — значения нужно подтвердить;;;;не (not PRECIPITATION_AVAILABLE);;;;нет;;;;app/thermogar_precipitation.py:1368
S19;Кинетика;Выделения;;Рассчитать кинетику выделений;app/thermogar_precipitation.py:1616;8;плашка (info);Учебный пример автоматически использует Ni–9.8Al–8.3Cr, 800 °C, γ=0.023 Дж/м² и Vm=6.566 см³/моль. Он нужен для проверки программы и не является паспортом материала.;;;;;;;;не (not PRECIPITATION_AVAILABLE) И demo;;;;;;;;app/thermogar_precipitation.py:1381
S19;Кинетика;Выделения;;Рассчитать кинетику выделений;app/thermogar_precipitation.py:1616;9;подпись;Начальные числа в полях — только удобные стартовые значения. Перед интерпретацией укажите их источник.;;;;;;;;не (not PRECIPITATION_AVAILABLE) И не (demo);;;;;;;;app/thermogar_precipitation.py:1387
S19;Кинетика;Выделения;;Рассчитать кинетику выделений;app/thermogar_precipitation.py:1616;10;плашка (error, текст исключения);Состав не принят.;;;;;;;;не (not PRECIPITATION_AVAILABLE) И при исключении;;;;;;;;app/thermogar_precipitation.py:1417
S19;Кинетика;Выделения;;Рассчитать кинетику выделений;app/thermogar_precipitation.py:1616;11;подпись;Состав раздела берётся из поля «Добавки» в боковой панели. KWN-модель принимает не более 10 добавок одновременно. Это предел измеренного, а не физический: больше 10 добавок расчёт не проверялся. Если добавок больше, оставьте в составе только элементы, определяющие выделение (например, C и Cr для карбида M23C6 в стали).;;;;;;;;не (not PRECIPITATION_AVAILABLE) И при исключении;;;;;;;;app/thermogar_precipitation.py:1418
S19;Кинетика;Выделения;;Рассчитать кинетику выделений;app/thermogar_precipitation.py:1616;12;плашка (error);Нет матричной фазы с полным набором параметров подвижности для состава.;;;;;;;;не (not PRECIPITATION_AVAILABLE) И not matrices;;;;;;;;app/thermogar_precipitation.py:1428
S19;Кинетика;Выделения;;Рассчитать кинетику выделений;app/thermogar_precipitation.py:1616;13;подпись;'Матрицей может быть только фаза, у которой в базе есть параметры подвижности для всех элементов состава: ' + element_symbols(elements) + '. Сократите состав в боковой панели до элементов, покрытых параметрами подвижности.';;;;;;;;не (not PRECIPITATION_AVAILABLE) И not matrices;;;;;;;;app/thermogar_precipitation.py:1429
S19;Кинетика;Выделения;;Рассчитать кинетику выделений;app/thermogar_precipitation.py:1616;14;выбор;Матричная фаза;precipitation_{база}_user_matrix;"FCC_A1 (DEFAULTS[0], если есть среди матриц; иначе первая)";"FCC_A1 (DEFAULTS[0], если есть среди матриц; иначе первая)";"BCC_A2 (DEFAULTS[0], если есть среди матриц; иначе первая)";;;;не (not PRECIPITATION_AVAILABLE) И не (not matrices);;;;нет;;;;app/thermogar_precipitation.py:1440
S19;Кинетика;Выделения;;Рассчитать кинетику выделений;app/thermogar_precipitation.py:1616;15;подпись;"f'{matrix_phase} и {matrix_partner} — разупорядоченная и упорядоченная половины одной модели порядок/беспорядок. Kawin принимает матрицей только {matrix_phase}; {matrix_partner} поэтому не предлагается как отдельная фаза-выделение.'";;;;;;;;не (not PRECIPITATION_AVAILABLE) И не (not matrices) И matrix_partner;;;;;;;;app/thermogar_precipitation.py:1448
S19;Кинетика;Выделения;;Рассчитать кинетику выделений;app/thermogar_precipitation.py:1616;16;плашка (error);Для выбранного состава нет совместимых фаз-выделений.;;;;;;;;не (not PRECIPITATION_AVAILABLE) И не (not matrices) И not precipitates;;;;;;;;app/thermogar_precipitation.py:1465
S19;Кинетика;Выделения;;Рассчитать кинетику выделений;app/thermogar_precipitation.py:1616;17;выбор;Фаза-выделение;precipitation_{база}_user_precipitate;"GAMMA_PRIME (DEFAULTS[1], если есть; иначе первая)";"THETA_AL2CU (DEFAULTS[1], если есть; иначе первая)";"M23C6 (DEFAULTS[1], если есть; иначе первая)";;;;не (not PRECIPITATION_AVAILABLE) И не (not matrices) И не (not precipitates);;;;нет;;;;app/thermogar_precipitation.py:1469
S19;Кинетика;Выделения;;Рассчитать кинетику выделений;app/thermogar_precipitation.py:1616;18;радио;Температурный режим;precipitation_{база}_user_temperature_mode;Изотермическая выдержка;Изотермическая выдержка;Изотермическая выдержка;;;;не (not PRECIPITATION_AVAILABLE) И не (not matrices) И не (not precipitates);;;;нет;;;;app/thermogar_precipitation.py:1476
S19;Кинетика;Выделения;;Рассчитать кинетику выделений;app/thermogar_precipitation.py:1616;19;поле (число);Температура, °C;precipitation_{база}_user_temperature_c;800;200;700;;;10;не (not PRECIPITATION_AVAILABLE) И не (not matrices) И не (not precipitates) И schedule_mode == 'isothermal';;;;нет;;;;app/thermogar_precipitation.py:1487
S19;Кинетика;Выделения;;Рассчитать кинетику выделений;app/thermogar_precipitation.py:1616;20;поле (число);Время выдержки, ч;precipitation_{база}_user_duration_h;100;24;0.05;1e-06;;10;не (not PRECIPITATION_AVAILABLE) И не (not matrices) И не (not precipitates) И schedule_mode == 'isothermal';;;;нет;;;;app/thermogar_precipitation.py:1493
S19;Кинетика;Выделения;;Рассчитать кинетику выделений;app/thermogar_precipitation.py:1616;21;поле (текст, многострочное);"Время, ч; температура, °C";precipitation_{база}_user_temperature_profile;— (не показывается);— (не показывается);— (не показывается);;;;не (not PRECIPITATION_AVAILABLE) И не (not matrices) И не (not precipitates) И не (schedule_mode == 'isothermal');;;;нет;;Точки соединяются линейно. Первая точка — 0 ч.;;app/thermogar_precipitation.py:1501
S19;Кинетика;Выделения;;Рассчитать кинетику выделений;app/thermogar_precipitation.py:1616;22;раскрывающийся блок;Параметры модели KWN (expanded=True);;;;;;;;не (not PRECIPITATION_AVAILABLE) И не (not matrices) И не (not precipitates);;;;;;;;app/thermogar_precipitation.py:1509
S19;Кинетика;Выделения;;Рассчитать кинетику выделений;app/thermogar_precipitation.py:1616;23;поле (число);Межфазная энергия, Дж/м²;precipitation_{база}_user_gamma;0.023;0.15;0.3;1e-06;;0.005;не (not PRECIPITATION_AVAILABLE) И не (not matrices) И не (not precipitates);Параметры модели KWN;;;нет;;;;app/thermogar_precipitation.py:1510
S19;Кинетика;Выделения;;Рассчитать кинетику выделений;app/thermogar_precipitation.py:1616;24;поле (число);Молярный объём матрицы, см³/моль;precipitation_{база}_user_matrix_vm;6.57;10;7.09;0.01;;0.1;не (not PRECIPITATION_AVAILABLE) И не (not matrices) И не (not precipitates);Параметры модели KWN;;;нет;;;;app/thermogar_precipitation.py:1518
S19;Кинетика;Выделения;;Рассчитать кинетику выделений;app/thermogar_precipitation.py:1616;25;поле (число);Молярный объём выделения, см³/моль;precipitation_{база}_user_precip_vm;6.57;10;7.09;0.01;;0.1;не (not PRECIPITATION_AVAILABLE) И не (not matrices) И не (not precipitates);Параметры модели KWN;;;нет;;;;app/thermogar_precipitation.py:1525
S19;Кинетика;Выделения;;Рассчитать кинетику выделений;app/thermogar_precipitation.py:1616;26;выбор;Центры зарождения;precipitation_{база}_user_nucleation_type;Объёмные центры;Объёмные центры;Объёмные центры;;;;не (not PRECIPITATION_AVAILABLE) И не (not matrices) И не (not precipitates);Параметры модели KWN;;;нет;;;;app/thermogar_precipitation.py:1532
S19;Кинетика;Выделения;;Рассчитать кинетику выделений;app/thermogar_precipitation.py:1616;27;поле (число);Плотность объёмных центров, 1/м³;precipitation_{база}_user_bulk_n0;1e+28;1e+28;1e+28;1;;;не (not PRECIPITATION_AVAILABLE) И не (not matrices) И не (not precipitates);Параметры модели KWN;;;нет;;;;app/thermogar_precipitation.py:1538
S19;Кинетика;Выделения;;Рассчитать кинетику выделений;app/thermogar_precipitation.py:1616;28;поле (число);Средний размер зерна, мкм;precipitation_{база}_user_grain_size_um;100;100;100;0.01;;10;не (not PRECIPITATION_AVAILABLE) И не (not matrices) И не (not precipitates);Параметры модели KWN;;;нет;;;;app/thermogar_precipitation.py:1545
S19;Кинетика;Выделения;;Рассчитать кинетику выделений;app/thermogar_precipitation.py:1616;29;поле (число);Плотность дислокаций, 1/м²;precipitation_{база}_user_dislocation_density;5e+12;5e+12;5e+12;1;;;не (not PRECIPITATION_AVAILABLE) И не (not matrices) И не (not precipitates);Параметры модели KWN;;;нет;;;;app/thermogar_precipitation.py:1552
S19;Кинетика;Выделения;;Рассчитать кинетику выделений;app/thermogar_precipitation.py:1616;30;поле (число);Энергия границы зерна, Дж/м²;precipitation_{база}_user_gb_energy;0.3;0.3;0.3;0;;0.05;не (not PRECIPITATION_AVAILABLE) И не (not matrices) И не (not precipitates);Параметры модели KWN;;;нет;;;;app/thermogar_precipitation.py:1559
S19;Кинетика;Выделения;;Рассчитать кинетику выделений;app/thermogar_precipitation.py:1616;31;раскрывающийся блок;Численная сетка размеров;;;;;;;;не (not PRECIPITATION_AVAILABLE) И не (not matrices) И не (not precipitates);;;;;;;;app/thermogar_precipitation.py:1567
S19;Кинетика;Выделения;;Рассчитать кинетику выделений;app/thermogar_precipitation.py:1616;32;поле (число);Минимальный радиус, нм;precipitation_{база}_user_cmin_nm;0.2;0.2;0.2;0.01;;0.05;не (not PRECIPITATION_AVAILABLE) И не (not matrices) И не (not precipitates);Численная сетка размеров;;;нет;;;;app/thermogar_precipitation.py:1568
S19;Кинетика;Выделения;;Рассчитать кинетику выделений;app/thermogar_precipitation.py:1616;33;поле (число);Начальный максимальный радиус, нм;precipitation_{база}_user_cmax_nm;10;10;10;0.1;;1;не (not PRECIPITATION_AVAILABLE) И не (not matrices) И не (not precipitates);Численная сетка размеров;;;нет;;;;app/thermogar_precipitation.py:1575
S19;Кинетика;Выделения;;Рассчитать кинетику выделений;app/thermogar_precipitation.py:1616;34;ползунок;Классов размеров;precipitation_{база}_user_bins;80;80;80;20;200;10;не (not PRECIPITATION_AVAILABLE) И не (not matrices) И не (not precipitates);Численная сетка размеров;;;нет;;;;app/thermogar_precipitation.py:1582
S19;Кинетика;Выделения;;Рассчитать кинетику выделений;app/thermogar_precipitation.py:1616;35;подпись;Сетка адаптивная и может расширяться при росте частиц.;;;;;;;;не (not PRECIPITATION_AVAILABLE) И не (not matrices) И не (not precipitates);Численная сетка размеров;;;;;;;app/thermogar_precipitation.py:1590
S19;Кинетика;Выделения;;Рассчитать кинетику выделений;app/thermogar_precipitation.py:1616;36;поле (текст, многострочное);Источник и применимость физических входов;precipitation_{база}_user_input_provenance;Объявленный сценарий, не данные материала;Объявленный сценарий, не данные материала;Объявленный сценарий, не данные материала;;;;не (not PRECIPITATION_AVAILABLE) И не (not matrices) И не (not precipitates) И не (demo);;;;нет: пустое заменяется строкой по умолчанию — thermogar_precipitation.py:1606;;"Строка попадает в Excel, в JSON происхождения и в историю расчётов. Впишите DOI, таблицу или страницу, откуда взяты γ, Vm и параметры зарождения; значение по умолчанию помечает их как объявленный сценарий, не данные материала.";;app/thermogar_precipitation.py:1595
S19;Кинетика;Выделения;;Рассчитать кинетику выделений;app/thermogar_precipitation.py:1616;37;кнопка;Рассчитать кинетику выделений;precipitation_{база}_user_calculate;;;;;;;не (not PRECIPITATION_AVAILABLE) И не (not matrices) И не (not precipitates);;;;;;;type='primary';app/thermogar_precipitation.py:1614
S20;Проекты и данные;Марки и составы;;"Сохранить текущий состав (кнопка формы); Загрузить состав в программу";app/thermogar_workspace.py:1138;1;заголовок;Библиотека марок и составов;;;;;;;;;;;;;;;;app/thermogar_workspace.py:1103
S20;Проекты и данные;Марки и составы;;"Сохранить текущий состав (кнопка формы); Загрузить состав в программу";app/thermogar_workspace.py:1138;2;подпись;Сохранённая запись запоминает базу, основу, единицы и состав. Учебные примеры помечены отдельно и не являются промышленными марками.;;;;;;;;;;;;;;;;app/thermogar_workspace.py:1104
S20;Проекты и данные;Марки и составы;;"Сохранить текущий состав (кнопка формы); Загрузить состав в программу";app/thermogar_workspace.py:1138;3;подпись;### Текущий состав;;;;;;;;;;;;;;;;app/thermogar_workspace.py:1120
S20;Проекты и данные;Марки и составы;;"Сохранить текущий состав (кнопка формы); Загрузить состав в программу";app/thermogar_workspace.py:1138;4;таблица;composition_columns_for_display(current);;;;;;;;;;;;;;;;app/thermogar_workspace.py:1121
S20;Проекты и данные;Марки и составы;;"Сохранить текущий состав (кнопка формы); Загрузить состав в программу";app/thermogar_workspace.py:1138;5;поле (текст);Название марки или состава;;;;;;;;;;alloy_save_form;;да — thermogar_workspace.py:936–937;;;;app/thermogar_workspace.py:1125
S20;Проекты и данные;Марки и составы;;"Сохранить текущий состав (кнопка формы); Загрузить состав в программу";app/thermogar_workspace.py:1138;6;поле (текст, многострочное);Заметка (не обязательно);;;;;;;;;;alloy_save_form;;нет;;;;app/thermogar_workspace.py:1129
S20;Проекты и данные;Марки и составы;;"Сохранить текущий состав (кнопка формы); Загрузить состав в программу";app/thermogar_workspace.py:1138;7;галочка;Разрешить обновить одноимённую пользовательскую запись;;False;False;False;;;;;;alloy_save_form;;нет;;;;app/thermogar_workspace.py:1133
S20;Проекты и данные;Марки и составы;;"Сохранить текущий состав (кнопка формы); Загрузить состав в программу";app/thermogar_workspace.py:1138;8;кнопка формы;Сохранить текущий состав;;;;;;;;;;alloy_save_form;;;;;type='primary';app/thermogar_workspace.py:1136
S20;Проекты и данные;Марки и составы;;"Сохранить текущий состав (кнопка формы); Загрузить состав в программу";app/thermogar_workspace.py:1138;9;плашка (error, текст исключения);Состав не сохранён.;;;;;;;;save_alloy И при исключении;;;;;;;;app/thermogar_workspace.py:1171
S20;Проекты и данные;Марки и составы;;"Сохранить текущий состав (кнопка формы); Загрузить состав в программу";app/thermogar_workspace.py:1138;10;подпись;### Доступные записи;;;;;;;;;;;;;;;;app/thermogar_workspace.py:1181
S20;Проекты и данные;Марки и составы;;"Сохранить текущий состав (кнопка формы); Загрузить состав в программу";app/thermogar_workspace.py:1138;11;плашка (info);Сохранённых составов пока нет.;;;;;;;;not all_alloys;;;;;;;;app/thermogar_workspace.py:1183
S20;Проекты и данные;Марки и составы;;"Сохранить текущий состав (кнопка формы); Загрузить состав в программу";app/thermogar_workspace.py:1138;12;таблица;composition_columns_for_display(alloy_table(all_alloys, database_definitions));;;;;;;;не (not all_alloys);;;;;;;;app/thermogar_workspace.py:1186
S20;Проекты и данные;Марки и составы;;"Сохранить текущий состав (кнопка формы); Загрузить состав в программу";app/thermogar_workspace.py:1138;13;выбор;Выберите запись;alloy_selected_id;;;;;;;не (not all_alloys);;;;нет;;;;app/thermogar_workspace.py:1193
S20;Проекты и данные;Марки и составы;;"Сохранить текущий состав (кнопка формы); Загрузить состав в программу";app/thermogar_workspace.py:1138;14;плашка (warning);"В этой записи не указана допустимая база; она остаётся в библиотеке, но расчёт по ней не запускается.";;;;;;;;не (not all_alloys) И not selected_database_available;;;;;;;;app/thermogar_workspace.py:1206
S20;Проекты и данные;Марки и составы;;"Сохранить текущий состав (кнопка формы); Загрузить состав в программу";app/thermogar_workspace.py:1138;15;кнопка;Загрузить состав в программу;alloy_load_button;;;;;;;не (not all_alloys);;;st.columns@thermogar_workspace.py:1211 (колонка 1 из 2);;;;"type='primary'; disabled=not selected_database_available";app/thermogar_workspace.py:1213
S21;Проекты и данные;Пакетный расчёт;;Рассчитать все составы (после загрузки файла);app/thermogar_workspace.py:2788;1;заголовок;Пакетный расчёт составов;;;;;;;;;;;;;;;;app/thermogar_workspace.py:2677
S21;Проекты и данные;Пакетный расчёт;;Рассчитать все составы (после загрузки файла);app/thermogar_workspace.py:2788;2;подпись;Загрузите Excel или CSV: одна строка — один состав при одной температуре. Ошибка в одной строке не останавливает остальные.;;;;;;;;;;;;;;;;app/thermogar_workspace.py:2678
S21;Проекты и данные;Пакетный расчёт;;Рассчитать все составы (после загрузки файла);app/thermogar_workspace.py:2788;3;кнопка;Скачать шаблон Excel;batch_template_xlsx_prepare;;;;;;;;;;st.columns@thermogar_workspace.py:2683 (колонка 1 из 2);;;;;app/thermogar_workspace.py:2686
S21;Проекты и данные;Пакетный расчёт;;Рассчитать все составы (после загрузки файла);app/thermogar_workspace.py:2788;4;плашка (error, текст исключения);(текст исключения);;;;;;;;verified_batch_export_button(template_xlsx_decision, 'Скачать шаблон Excel', key='batch_t… И не (type(template_xlsx) is VerifiedArtifactRef);;;st.columns@thermogar_workspace.py:2683 (колонка 1 из 2);;;;;app/thermogar_workspace.py:2704
S21;Проекты и данные;Пакетный расчёт;;Рассчитать все составы (после загрузки файла);app/thermogar_workspace.py:2788;5;кнопка;Скачать шаблон CSV;batch_template_csv_prepare;;;;;;;;;;st.columns@thermogar_workspace.py:2683 (колонка 2 из 2);;;;;app/thermogar_workspace.py:2707
S21;Проекты и данные;Пакетный расчёт;;Рассчитать все составы (после загрузки файла);app/thermogar_workspace.py:2788;6;плашка (error, текст исключения);(текст исключения);;;;;;;;verified_batch_export_button(template_csv_decision, 'Скачать шаблон CSV', key='batch_temp… И не (type(template_csv) is VerifiedArtifactRef);;;st.columns@thermogar_workspace.py:2683 (колонка 2 из 2);;;;;app/thermogar_workspace.py:2725
S21;Проекты и данные;Пакетный расчёт;;Рассчитать все составы (после загрузки файла);app/thermogar_workspace.py:2788;7;раскрывающийся блок;Требуемые столбцы (expanded=False);;;;;;;;;;;;;;;;app/thermogar_workspace.py:2727
S21;Проекты и данные;Пакетный расчёт;;Рассчитать все составы (после загрузки файла);app/thermogar_workspace.py:2788;8;подпись;"- **Название** — имя расчёта; - **База** — только `ni`, `al` или `fe`; - **Основа** — элемент, заполняющий остаток до 100 %; - **Единицы** — `ат.%` или `мас.%`; - **Температура, °C** — обязательна; - **Добавки** — строка вида `Cr=18, Ni=8, C=0.1`. Необязательно: давление, режим стали и список фаз. Вместо «Добавки» можно использовать отдельные столбцы `C`, `Cr`, `Ni`.";;;;;;;;;Требуемые столбцы;;;;;;;app/thermogar_workspace.py:2728
S21;Проекты и данные;Пакетный расчёт;;Рассчитать все составы (после загрузки файла);app/thermogar_workspace.py:2788;9;загрузка файла;Файл составов;;;;;;;;;;;;да — кнопка расчёта появляется только после загрузки: thermogar_workspace.py:2765–2792;;;;app/thermogar_workspace.py:2740
S21;Проекты и данные;Пакетный расчёт;;Рассчитать все составы (после загрузки файла);app/thermogar_workspace.py:2788;10;плашка (error, текст исключения);(текст исключения);;;;;;;;type(uploaded) is not VerifiedArtifactRef and getattr(uploaded, 'reason_code', '') != 'US…;;;;;;;;app/thermogar_workspace.py:2758
S21;Проекты и данные;Пакетный расчёт;;Рассчитать все составы (после загрузки файла);app/thermogar_workspace.py:2788;11;подпись;Скачайте шаблон выше и заполните его, не меняя названий столбцов. Разделитель CSV — запятая или точка с запятой, кодировка — UTF-8.;;;;;;;;type(uploaded) is not VerifiedArtifactRef and getattr(uploaded, 'reason_code', '') != 'US…;;;;;;;;app/thermogar_workspace.py:2759
S21;Проекты и данные;Пакетный расчёт;;Рассчитать все составы (после загрузки файла);app/thermogar_workspace.py:2788;12;подпись;### Предварительный просмотр;;;;;;;;type(uploaded) is VerifiedArtifactRef;;;;;;;;app/thermogar_workspace.py:2773
S21;Проекты и данные;Пакетный расчёт;;Рассчитать все составы (после загрузки файла);app/thermogar_workspace.py:2788;13;таблица;batch_preview_dataframe(source.head(25));;;;;;;;type(uploaded) is VerifiedArtifactRef;;;;;;;;app/thermogar_workspace.py:2774
S21;Проекты и данные;Пакетный расчёт;;Рассчитать все составы (после загрузки файла);app/thermogar_workspace.py:2788;14;подпись;f'Строк в файле: {len(source)}. Максимум за один запуск: 100.';;;;;;;;type(uploaded) is VerifiedArtifactRef;;;;;;;;app/thermogar_workspace.py:2779
S21;Проекты и данные;Пакетный расчёт;;Рассчитать все составы (после загрузки файла);app/thermogar_workspace.py:2788;15;кнопка;Рассчитать все составы;batch_calculate_button;;;;;;;type(uploaded) is VerifiedArtifactRef;;;;;;;type='primary';app/thermogar_workspace.py:2785
S22;Проекты и данные;Проекты и история;Что открыть: Проекты / История расчётов;"Сохранить проект в папке ThermoGar (кнопка формы); Открыть проект; Восстановить материал из записи";app/thermogar_workspace.py:1740;1;заголовок;Проекты и история;;;;;;;;;;;;;;;;app/thermogar_workspace.py:1710
S22;Проекты и данные;Проекты и история;Что открыть: Проекты / История расчётов;"Сохранить проект в папке ThermoGar (кнопка формы); Открыть проект; Восстановить материал из записи";app/thermogar_workspace.py:1740;2;подпись;Проект сохраняет материал и числовые настройки расчётных разделов. История хранит версию базы каждого расчёта и позволяет проверить, что записи не менялись после сохранения.;;;;;;;;;;;;;;;;app/thermogar_workspace.py:1711
S22;Проекты и данные;Проекты и история;Что открыть: Проекты / История расчётов;"Сохранить проект в папке ThermoGar (кнопка формы); Открыть проект; Восстановить материал из записи";app/thermogar_workspace.py:1740;3;радио;Что открыть;projects_history_mode;Проекты;Проекты;Проекты;;;;;;;;нет;;;;app/thermogar_workspace.py:1718
S22;Проекты и данные;Проекты и история;Что открыть: Проекты / История расчётов;"Сохранить проект в папке ThermoGar (кнопка формы); Открыть проект; Восстановить материал из записи";app/thermogar_workspace.py:1740;4;поле (текст);Название проекта;;;;;;;;view_mode == 'Проекты';;project_save_form;;да — thermogar_workspace.py:685–686;;;;app/thermogar_workspace.py:1727
S22;Проекты и данные;Проекты и история;Что открыть: Проекты / История расчётов;"Сохранить проект в папке ThermoGar (кнопка формы); Открыть проект; Восстановить материал из записи";app/thermogar_workspace.py:1740;5;поле (текст, многострочное);Описание (не обязательно);;;;;;;;view_mode == 'Проекты';;project_save_form;;нет;;;;app/thermogar_workspace.py:1731
S22;Проекты и данные;Проекты и история;Что открыть: Проекты / История расчётов;"Сохранить проект в папке ThermoGar (кнопка формы); Открыть проект; Восстановить материал из записи";app/thermogar_workspace.py:1740;6;галочка;Разрешить заменить одноимённый локальный проект;;False;False;False;;;;view_mode == 'Проекты';;project_save_form;;нет;;;;app/thermogar_workspace.py:1735
S22;Проекты и данные;Проекты и история;Что открыть: Проекты / История расчётов;"Сохранить проект в папке ThermoGar (кнопка формы); Открыть проект; Восстановить материал из записи";app/thermogar_workspace.py:1740;7;кнопка формы;Сохранить проект в папке ThermoGar;;;;;;;;view_mode == 'Проекты';;project_save_form;;;;;type='primary';app/thermogar_workspace.py:1738
S22;Проекты и данные;Проекты и история;Что открыть: Проекты / История расчётов;"Сохранить проект в папке ThermoGar (кнопка формы); Открыть проект; Восстановить материал из записи";app/thermogar_workspace.py:1740;8;плашка (error, текст исключения);Проект не сохранён.;;;;;;;;view_mode == 'Проекты' И save_project И при исключении;;;;;;;;app/thermogar_workspace.py:1776
S22;Проекты и данные;Проекты и история;Что открыть: Проекты / История расчётов;"Сохранить проект в папке ThermoGar (кнопка формы); Открыть проект; Восстановить материал из записи";app/thermogar_workspace.py:1740;9;плашка (error);'Некоторые файлы проектов не прочитаны: ' + ', '.join((name for name, _error in project_errors)) + '.' + ('\n\n' + '\n\n'.join(dict.fromkeys(own_texts)) if own_texts else '');;;;;;;;view_mode == 'Проекты' И project_errors;;;;;;;;app/thermogar_workspace.py:1790
S22;Проекты и данные;Проекты и история;Что открыть: Проекты / История расчётов;"Сохранить проект в папке ThermoGar (кнопка формы); Открыть проект; Восстановить материал из записи";app/thermogar_workspace.py:1740;10;плашка (info);Сохранённых проектов пока нет.;;;;;;;;view_mode == 'Проекты' И not projects;;;;;;;;app/thermogar_workspace.py:1822
S22;Проекты и данные;Проекты и история;Что открыть: Проекты / История расчётов;"Сохранить проект в папке ThermoGar (кнопка формы); Открыть проект; Восстановить материал из записи";app/thermogar_workspace.py:1740;11;таблица;composition_columns_for_display(table);;;;;;;;view_mode == 'Проекты' И не (not projects);;;;;;;;app/thermogar_workspace.py:1843
S22;Проекты и данные;Проекты и история;Что открыть: Проекты / История расчётов;"Сохранить проект в папке ThermoGar (кнопка формы); Открыть проект; Восстановить материал из записи";app/thermogar_workspace.py:1740;12;выбор;Выберите проект;project_selected_path;;;;;;;view_mode == 'Проекты' И не (not projects);;;;нет;;;;app/thermogar_workspace.py:1853
S22;Проекты и данные;Проекты и история;Что открыть: Проекты / История расчётов;"Сохранить проект в папке ThermoGar (кнопка формы); Открыть проект; Восстановить материал из записи";app/thermogar_workspace.py:1740;13;кнопка;Открыть проект;project_load_button;;;;;;;view_mode == 'Проекты' И не (not projects);;;st.columns@thermogar_workspace.py:1866 (колонка 1 из 2);;;;type='primary';app/thermogar_workspace.py:1868
S22;Проекты и данные;Проекты и история;Что открыть: Проекты / История расчётов;"Сохранить проект в папке ThermoGar (кнопка формы); Открыть проект; Восстановить материал из записи";app/thermogar_workspace.py:1740;14;плашка (success);История расчётов цела: записи не менялись после сохранения.;;;;;;;;не (view_mode == 'Проекты') И chain_ok;;;;;;;;app/thermogar_workspace.py:2041
S22;Проекты и данные;Проекты и история;Что открыть: Проекты / История расчётов;"Сохранить проект в папке ThermoGar (кнопка формы); Открыть проект; Восстановить материал из записи";app/thermogar_workspace.py:1740;15;плашка (error);История расчётов повреждена или изменена вручную. На сами расчёты это не влияет, но происхождение записей не подтверждено.;;;;;;;;не (view_mode == 'Проекты') И не (chain_ok);;;;;;;;app/thermogar_workspace.py:2045
S22;Проекты и данные;Проекты и история;Что открыть: Проекты / История расчётов;"Сохранить проект в папке ThermoGar (кнопка формы); Открыть проект; Восстановить материал из записи";app/thermogar_workspace.py:1740;16;плашка (info);'История пока пуста.' if chain_ok else 'Повреждённые записи не показаны и не доступны для восстановления.';;;;;;;;не (view_mode == 'Проекты') И history_df.empty;;;;;;;;app/thermogar_workspace.py:2053
S22;Проекты и данные;Проекты и история;Что открыть: Проекты / История расчётов;"Сохранить проект в папке ThermoGar (кнопка формы); Открыть проект; Восстановить материал из записи";app/thermogar_workspace.py:1740;17;мультивыбор;Показывать события;;— (не показывается);— (не показывается);— (не показывается);;;;не (view_mode == 'Проекты') И не (history_df.empty);;;;нет;;;;app/thermogar_workspace.py:2060
S22;Проекты и данные;Проекты и история;Что открыть: Проекты / История расчётов;"Сохранить проект в папке ThermoGar (кнопка формы); Открыть проект; Восстановить материал из записи";app/thermogar_workspace.py:1740;18;таблица;history_display_dataframe(filtered);;;;;;;;не (view_mode == 'Проекты') И не (history_df.empty);;;;;;;;app/thermogar_workspace.py:2068
S22;Проекты и данные;Проекты и история;Что открыть: Проекты / История расчётов;"Сохранить проект в папке ThermoGar (кнопка формы); Открыть проект; Восстановить материал из записи";app/thermogar_workspace.py:1740;19;плашка (info);В истории нет записей, из которых можно восстановить материал.;;;;;;;;не (view_mode == 'Проекты') И не (history_df.empty) И not restorable_entries;;;st.columns@thermogar_workspace.py:2082 (колонка 1 из 2);;;;;app/thermogar_workspace.py:2085
S22;Проекты и данные;Проекты и история;Что открыть: Проекты / История расчётов;"Сохранить проект в папке ThermoGar (кнопка формы); Открыть проект; Восстановить материал из записи";app/thermogar_workspace.py:1740;20;выбор;Запись для восстановления материала;history_restore_entry;— (не показывается);— (не показывается);— (не показывается);;;;не (view_mode == 'Проекты') И не (history_df.empty) И не (not restorable_entries);;;st.columns@thermogar_workspace.py:2082 (колонка 1 из 2);нет;;;;app/thermogar_workspace.py:2092
S22;Проекты и данные;Проекты и история;Что открыть: Проекты / История расчётов;"Сохранить проект в папке ThermoGar (кнопка формы); Открыть проект; Восстановить материал из записи";app/thermogar_workspace.py:1740;21;кнопка;Восстановить материал из записи;history_restore_button;;;;;;;не (view_mode == 'Проекты') И не (history_df.empty) И не (not restorable_entries);;;st.columns@thermogar_workspace.py:2082 (колонка 1 из 2);;;;type='primary';app/thermogar_workspace.py:2103
S23;Проекты и данные;Проверка установки;;Проверить базы и запустить три контрольных расчёта;app/thermogar_stage14.py:1337;1;заголовок;Проверка установки и контрольные расчёты;;;;;;;;;;;;;;;;app/thermogar_stage14.py:1287
S23;Проекты и данные;Проверка установки;;Проверить базы и запустить три контрольных расчёта;app/thermogar_stage14.py:1337;2;подпись;Этот раздел проверяет установку и целостность баз и выполняет три контрольных расчёта. Он не заменяет экспериментальную проверку.;;;;;;;;;;;;;;;;app/thermogar_stage14.py:1288
S23;Проекты и данные;Проверка установки;;Проверить базы и запустить три контрольных расчёта;app/thermogar_stage14.py:1337;3;подпись;### Программы и версии;;;;;;;;;;;;;;;;app/thermogar_stage14.py:1293
S23;Проекты и данные;Проверка установки;;Проверить базы и запустить три контрольных расчёта;app/thermogar_stage14.py:1337;4;таблица;env;;;;;;;;;;;;;;;;app/thermogar_stage14.py:1295
S23;Проекты и данные;Проверка установки;;Проверить базы и запустить три контрольных расчёта;app/thermogar_stage14.py:1337;5;плашка (success);Модуль Scheil–Gulliver доступен.;;;;;;;;scheil_available;;;;;;;;app/thermogar_stage14.py:1298
S23;Проекты и данные;Проверка установки;;Проверить базы и запустить три контрольных расчёта;app/thermogar_stage14.py:1337;6;плашка (warning);Модуль Scheil–Gulliver недоступен. Остальные функции работают.;;;;;;;;не (scheil_available);;;;;;;;app/thermogar_stage14.py:1300
S23;Проекты и данные;Проверка установки;;Проверить базы и запустить три контрольных расчёта;app/thermogar_stage14.py:1337;7;раскрывающийся блок;Технические сведения (expanded=False);;;;;;;;не (scheil_available);;;;;;;;app/thermogar_stage14.py:1303
S23;Проекты и данные;Проверка установки;;Проверить базы и запустить три контрольных расчёта;app/thermogar_stage14.py:1337;8;подпись;"f""Причина: {scheil_import_error or 'пакет scheil не установлен'}""";;;;;;;;не (scheil_available);Технические сведения;;;;;;;app/thermogar_stage14.py:1304
S23;Проекты и данные;Проверка установки;;Проверить базы и запустить три контрольных расчёта;app/thermogar_stage14.py:1337;9;плашка (success);Модуль диффузии Kawin доступен.;;;;;;;;kawin_available;;;;;;;;app/thermogar_stage14.py:1309
S23;Проекты и данные;Проверка установки;;Проверить базы и запустить три контрольных расчёта;app/thermogar_stage14.py:1337;10;плашка (warning);Модуль диффузии Kawin недоступен. Равновесные функции работают.;;;;;;;;не (kawin_available);;;;;;;;app/thermogar_stage14.py:1311
S23;Проекты и данные;Проверка установки;;Проверить базы и запустить три контрольных расчёта;app/thermogar_stage14.py:1337;11;раскрывающийся блок;Технические сведения (expanded=False);;;;;;;;не (kawin_available);;;;;;;;app/thermogar_stage14.py:1314
S23;Проекты и данные;Проверка установки;;Проверить базы и запустить три контрольных расчёта;app/thermogar_stage14.py:1337;12;подпись;"f""Причина: {kawin_import_error or 'пакет kawin не установлен'}""";;;;;;;;не (kawin_available);Технические сведения;;;;;;;app/thermogar_stage14.py:1315
S23;Проекты и данные;Проверка установки;;Проверить базы и запустить три контрольных расчёта;app/thermogar_stage14.py:1337;13;плашка (success);Модуль кинетики выделений Kawin доступен.;;;;;;;;precipitation_available;;;;;;;;app/thermogar_stage14.py:1320
S23;Проекты и данные;Проверка установки;;Проверить базы и запустить три контрольных расчёта;app/thermogar_stage14.py:1337;14;плашка (warning);Модуль кинетики выделений недоступен. Остальные функции работают.;;;;;;;;не (precipitation_available);;;;;;;;app/thermogar_stage14.py:1322
S23;Проекты и данные;Проверка установки;;Проверить базы и запустить три контрольных расчёта;app/thermogar_stage14.py:1337;15;раскрывающийся блок;Технические сведения (expanded=False);;;;;;;;не (precipitation_available);;;;;;;;app/thermogar_stage14.py:1325
S23;Проекты и данные;Проверка установки;;Проверить базы и запустить три контрольных расчёта;app/thermogar_stage14.py:1337;16;подпись;"f""Причина: {precipitation_import_error or 'Kawin precipitation не импортирован'}""";;;;;;;;не (precipitation_available);Технические сведения;;;;;;;app/thermogar_stage14.py:1326
S23;Проекты и данные;Проверка установки;;Проверить базы и запустить три контрольных расчёта;app/thermogar_stage14.py:1337;17;подпись;### Файлы баз;;;;;;;;;;;;;;;;app/thermogar_stage14.py:1331
S23;Проекты и данные;Проверка установки;;Проверить базы и запустить три контрольных расчёта;app/thermogar_stage14.py:1337;18;кнопка;Проверить базы и запустить три контрольных расчёта;stage10_run_smoke_tests;;;;;;;;;;;;;;type='primary';app/thermogar_stage14.py:1335
